Time(ns),ComponentType,ComponentID,EventType,Value
34.00,PE,0,RECV_FLIT,0.53
42.00,PE,0,RECV_FLIT,0.53
50.00,PE,0,RECV_FLIT,0.53
58.00,PE,0,RECV_FLIT,0.53
66.00,PE,0,RECV_FLIT,0.53
74.00,PE,0,RECV_FLIT,0.53
82.00,PE,0,RECV_FLIT,0.53
90.00,PE,0,RECV_FLIT,0.53
98.00,PE,0,RECV_FLIT,0.53
106.00,PE,0,RECV_FLIT,0.53
114.00,PE,0,RECV_FLIT,0.53
122.00,PE,0,RECV_FLIT,0.53
130.00,PE,0,RECV_FLIT,0.53
130.00,PE,0,COMPUTE_START,2.00
1000.00,PE,0,COMPUTE_START,2.04
2000.00,PE,0,COMPUTE_START,2.09
3000.00,PE,0,COMPUTE_START,2.13
4000.00,PE,0,COMPUTE_START,2.17
5000.00,PE,0,COMPUTE_START,2.20
6000.00,PE,0,COMPUTE_START,2.22
7000.00,PE,0,COMPUTE_START,2.24
8000.00,PE,0,COMPUTE_START,2.26
9000.00,PE,0,COMPUTE_START,2.27
10000.00,PE,0,COMPUTE_START,2.29
11000.00,PE,0,COMPUTE_START,2.30
12000.00,PE,0,COMPUTE_START,2.30
13000.00,PE,0,COMPUTE_START,2.31
14000.00,PE,0,COMPUTE_START,2.32
15000.00,PE,0,COMPUTE_START,2.32
16000.00,PE,0,COMPUTE_START,2.33
17000.00,PE,0,COMPUTE_START,2.33
18000.00,PE,0,COMPUTE_START,2.33
19000.00,PE,0,COMPUTE_START,2.34
20000.00,PE,0,COMPUTE_START,2.34
20130.00,PE,0,COMPUTE_END,0.50
21000.00,PE,0,IDLE,0.80
22000.00,PE,0,IDLE,0.75
23000.00,PE,0,IDLE,0.72
24000.00,PE,0,IDLE,0.70
25000.00,PE,0,IDLE,0.69
26000.00,PE,0,IDLE,0.69
27000.00,PE,0,IDLE,0.68
28000.00,PE,0,IDLE,0.68
29000.00,PE,0,IDLE,0.68
30000.00,PE,0,IDLE,0.68
31000.00,PE,0,IDLE,0.68
32000.00,PE,0,IDLE,0.68
33000.00,PE,0,IDLE,0.68
34000.00,PE,0,IDLE,0.68
35000.00,PE,0,IDLE,0.68
36000.00,PE,0,IDLE,0.68
37000.00,PE,0,IDLE,0.68
38000.00,PE,0,IDLE,0.68
39000.00,PE,0,IDLE,0.68
40000.00,PE,0,IDLE,0.68
41000.00,PE,0,IDLE,0.68
42000.00,PE,0,IDLE,0.68
43000.00,PE,0,IDLE,0.68
44000.00,PE,0,IDLE,0.68
45000.00,PE,0,IDLE,0.68
46000.00,PE,0,IDLE,0.68
47000.00,PE,0,IDLE,0.68
48000.00,PE,0,IDLE,0.68
49000.00,PE,0,IDLE,0.68
50000.00,PE,0,IDLE,0.68
51000.00,PE,0,IDLE,0.68
52000.00,PE,0,IDLE,0.68
53000.00,PE,0,IDLE,0.68
54000.00,PE,0,IDLE,0.68
55000.00,PE,0,IDLE,0.68
56000.00,PE,0,IDLE,0.69
57000.00,PE,0,IDLE,0.69
58000.00,PE,0,IDLE,0.69
59000.00,PE,0,IDLE,0.69
60000.00,PE,0,IDLE,0.69
61000.00,PE,0,IDLE,0.69
62000.00,PE,0,IDLE,0.69
63000.00,PE,0,IDLE,0.69
64000.00,PE,0,IDLE,0.69
65000.00,PE,0,IDLE,0.69
66000.00,PE,0,IDLE,0.69
67000.00,PE,0,IDLE,0.69
68000.00,PE,0,IDLE,0.69
69000.00,PE,0,IDLE,0.69
70000.00,PE,0,IDLE,0.69
71000.00,PE,0,IDLE,0.69
72000.00,PE,0,IDLE,0.69
73000.00,PE,0,IDLE,0.69
74000.00,PE,0,IDLE,0.69
75000.00,PE,0,IDLE,0.69
76000.00,PE,0,IDLE,0.69
77000.00,PE,0,IDLE,0.69
78000.00,PE,0,IDLE,0.69
79000.00,PE,0,IDLE,0.69
80000.00,PE,0,IDLE,0.69
81000.00,PE,0,IDLE,0.69
82000.00,PE,0,IDLE,0.69
83000.00,PE,0,IDLE,0.69
84000.00,PE,0,IDLE,0.69
85000.00,PE,0,IDLE,0.69
86000.00,PE,0,IDLE,0.69
87000.00,PE,0,IDLE,0.68
88000.00,PE,0,IDLE,0.68
89000.00,PE,0,IDLE,0.67
90000.00,PE,0,IDLE,0.67
91000.00,PE,0,IDLE,0.66
92000.00,PE,0,IDLE,0.65
93000.00,PE,0,IDLE,0.65
94000.00,PE,0,IDLE,0.64
95000.00,PE,0,IDLE,0.64
96000.00,PE,0,IDLE,0.64
97000.00,PE,0,IDLE,0.63
98000.00,PE,0,IDLE,0.63
99000.00,PE,0,IDLE,0.63
100000.00,PE,0,IDLE,0.63
101000.00,PE,0,IDLE,0.63
102000.00,PE,0,IDLE,0.63
103000.00,PE,0,IDLE,0.63
104000.00,PE,0,IDLE,0.63
105000.00,PE,0,IDLE,0.62
106000.00,PE,0,IDLE,0.62
107000.00,PE,0,IDLE,0.62
108000.00,PE,0,IDLE,0.62
109000.00,PE,0,IDLE,0.62
110000.00,PE,0,IDLE,0.62
111000.00,PE,0,IDLE,0.62
112000.00,PE,0,IDLE,0.62
113000.00,PE,0,IDLE,0.62
114000.00,PE,0,IDLE,0.62
115000.00,PE,0,IDLE,0.62
116000.00,PE,0,IDLE,0.62
117000.00,PE,0,IDLE,0.62
118000.00,PE,0,IDLE,0.62
119000.00,PE,0,IDLE,0.62
120000.00,PE,0,IDLE,0.62
121000.00,PE,0,IDLE,0.62
122000.00,PE,0,IDLE,0.62
123000.00,PE,0,IDLE,0.62
124000.00,PE,0,IDLE,0.62
125000.00,PE,0,IDLE,0.62
126000.00,PE,0,IDLE,0.62
127000.00,PE,0,IDLE,0.62
128000.00,PE,0,IDLE,0.62
129000.00,PE,0,IDLE,0.62
130000.00,PE,0,IDLE,0.62
131000.00,PE,0,IDLE,0.62
132000.00,PE,0,IDLE,0.62
133000.00,PE,0,IDLE,0.62
134000.00,PE,0,IDLE,0.62
135000.00,PE,0,IDLE,0.62
136000.00,PE,0,IDLE,0.62
137000.00,PE,0,IDLE,0.62
138000.00,PE,0,IDLE,0.62
139000.00,PE,0,IDLE,0.62
140000.00,PE,0,IDLE,0.62
141000.00,PE,0,IDLE,0.62
142000.00,PE,0,IDLE,0.62
143000.00,PE,0,IDLE,0.62
144000.00,PE,0,IDLE,0.62
145000.00,PE,0,IDLE,0.62
146000.00,PE,0,IDLE,0.62
147000.00,PE,0,IDLE,0.62
148000.00,PE,0,IDLE,0.62
149000.00,PE,0,IDLE,0.62
150000.00,PE,0,IDLE,0.62
151000.00,PE,0,IDLE,0.62
152000.00,PE,0,IDLE,0.62
153000.00,PE,0,IDLE,0.62
154000.00,PE,0,IDLE,0.62
155000.00,PE,0,IDLE,0.62
156000.00,PE,0,IDLE,0.62
157000.00,PE,0,IDLE,0.62
158000.00,PE,0,IDLE,0.62
159000.00,PE,0,IDLE,0.62
160000.00,PE,0,IDLE,0.62
161000.00,PE,0,IDLE,0.62
162000.00,PE,0,IDLE,0.62
163000.00,PE,0,IDLE,0.62
164000.00,PE,0,IDLE,0.62
165000.00,PE,0,IDLE,0.62
166000.00,PE,0,IDLE,0.62
167000.00,PE,0,IDLE,0.62
168000.00,PE,0,IDLE,0.62
169000.00,PE,0,IDLE,0.63
170000.00,PE,0,IDLE,0.63
171000.00,PE,0,IDLE,0.63
172000.00,PE,0,IDLE,0.63
173000.00,PE,0,IDLE,0.63
174000.00,PE,0,IDLE,0.63
175000.00,PE,0,IDLE,0.63
176000.00,PE,0,IDLE,0.63
177000.00,PE,0,IDLE,0.63
178000.00,PE,0,IDLE,0.63
179000.00,PE,0,IDLE,0.63
180000.00,PE,0,IDLE,0.63
181000.00,PE,0,IDLE,0.63
182000.00,PE,0,IDLE,0.63
183000.00,PE,0,IDLE,0.63
184000.00,PE,0,IDLE,0.63
185000.00,PE,0,IDLE,0.63
186000.00,PE,0,IDLE,0.63
187000.00,PE,0,IDLE,0.63
188000.00,PE,0,IDLE,0.63
189000.00,PE,0,IDLE,0.62
190000.00,PE,0,IDLE,0.62
191000.00,PE,0,IDLE,0.62
192000.00,PE,0,IDLE,0.62
193000.00,PE,0,IDLE,0.62
194000.00,PE,0,IDLE,0.62
195000.00,PE,0,IDLE,0.62
196000.00,PE,0,IDLE,0.62
197000.00,PE,0,IDLE,0.62
198000.00,PE,0,IDLE,0.62
199000.00,PE,0,IDLE,0.62
200000.00,PE,0,IDLE,0.62
201000.00,PE,0,IDLE,0.62
202000.00,PE,0,IDLE,0.62
203000.00,PE,0,IDLE,0.62
204000.00,PE,0,IDLE,0.62
205000.00,PE,0,IDLE,0.62
206000.00,PE,0,IDLE,0.62
207000.00,PE,0,IDLE,0.62
208000.00,PE,0,IDLE,0.62
209000.00,PE,0,IDLE,0.62
210000.00,PE,0,IDLE,0.62
211000.00,PE,0,IDLE,0.62
212000.00,PE,0,IDLE,0.62
213000.00,PE,0,IDLE,0.62
214000.00,PE,0,IDLE,0.62
215000.00,PE,0,IDLE,0.62
216000.00,PE,0,IDLE,0.62
217000.00,PE,0,IDLE,0.62
218000.00,PE,0,IDLE,0.62
219000.00,PE,0,IDLE,0.62
220000.00,PE,0,IDLE,0.62
221000.00,PE,0,IDLE,0.62
222000.00,PE,0,IDLE,0.62
223000.00,PE,0,IDLE,0.62
224000.00,PE,0,IDLE,0.62
225000.00,PE,0,IDLE,0.62
226000.00,PE,0,IDLE,0.62
227000.00,PE,0,IDLE,0.62
228000.00,PE,0,IDLE,0.62
229000.00,PE,0,IDLE,0.62
230000.00,PE,0,IDLE,0.62
231000.00,PE,0,IDLE,0.62
232000.00,PE,0,IDLE,0.62
233000.00,PE,0,IDLE,0.62
234000.00,PE,0,IDLE,0.62
235000.00,PE,0,IDLE,0.62
236000.00,PE,0,IDLE,0.62
237000.00,PE,0,IDLE,0.62
238000.00,PE,0,IDLE,0.62
239000.00,PE,0,IDLE,0.62
240000.00,PE,0,IDLE,0.62
241000.00,PE,0,IDLE,0.62
242000.00,PE,0,IDLE,0.62
243000.00,PE,0,IDLE,0.62
244000.00,PE,0,IDLE,0.62
245000.00,PE,0,IDLE,0.62
246000.00,PE,0,IDLE,0.62
247000.00,PE,0,IDLE,0.62
248000.00,PE,0,IDLE,0.62
249000.00,PE,0,IDLE,0.62
250000.00,PE,0,IDLE,0.62
251000.00,PE,0,IDLE,0.62
252000.00,PE,0,IDLE,0.62
253000.00,PE,0,IDLE,0.62
254000.00,PE,0,IDLE,0.62
255000.00,PE,0,IDLE,0.62
256000.00,PE,0,IDLE,0.62
257000.00,PE,0,IDLE,0.62
258000.00,PE,0,IDLE,0.62
259000.00,PE,0,IDLE,0.62
260000.00,PE,0,IDLE,0.62
261000.00,PE,0,IDLE,0.62
262000.00,PE,0,IDLE,0.62
263000.00,PE,0,IDLE,0.62
264000.00,PE,0,IDLE,0.62
265000.00,PE,0,IDLE,0.62
266000.00,PE,0,IDLE,0.62
267000.00,PE,0,IDLE,0.62
268000.00,PE,0,IDLE,0.62
269000.00,PE,0,IDLE,0.62
270000.00,PE,0,IDLE,0.62
271000.00,PE,0,IDLE,0.62
272000.00,PE,0,IDLE,0.62
273000.00,PE,0,IDLE,0.62
274000.00,PE,0,IDLE,0.62
275000.00,PE,0,IDLE,0.62
276000.00,PE,0,IDLE,0.62
277000.00,PE,0,IDLE,0.62
278000.00,PE,0,IDLE,0.62
279000.00,PE,0,IDLE,0.62
280000.00,PE,0,IDLE,0.62
281000.00,PE,0,IDLE,0.62
282000.00,PE,0,IDLE,0.62
283000.00,PE,0,IDLE,0.62
284000.00,PE,0,IDLE,0.62
285000.00,PE,0,IDLE,0.62
286000.00,PE,0,IDLE,0.62
287000.00,PE,0,IDLE,0.62
288000.00,PE,0,IDLE,0.62
289000.00,PE,0,IDLE,0.62
290000.00,PE,0,IDLE,0.62
291000.00,PE,0,IDLE,0.62
292000.00,PE,0,IDLE,0.62
293000.00,PE,0,IDLE,0.62
294000.00,PE,0,IDLE,0.62
295000.00,PE,0,IDLE,0.62
296000.00,PE,0,IDLE,0.62
297000.00,PE,0,IDLE,0.62
298000.00,PE,0,IDLE,0.62
299000.00,PE,0,IDLE,0.62
300000.00,PE,0,IDLE,0.62
301000.00,PE,0,IDLE,0.62
302000.00,PE,0,IDLE,0.62
303000.00,PE,0,IDLE,0.62
304000.00,PE,0,IDLE,0.62
305000.00,PE,0,IDLE,0.62
306000.00,PE,0,IDLE,0.62
307000.00,PE,0,IDLE,0.62
308000.00,PE,0,IDLE,0.62
309000.00,PE,0,IDLE,0.62
310000.00,PE,0,IDLE,0.62
311000.00,PE,0,IDLE,0.62
312000.00,PE,0,IDLE,0.62
313000.00,PE,0,IDLE,0.62
314000.00,PE,0,IDLE,0.62
315000.00,PE,0,IDLE,0.62
316000.00,PE,0,IDLE,0.62
317000.00,PE,0,IDLE,0.62
318000.00,PE,0,IDLE,0.62
319000.00,PE,0,IDLE,0.62
320000.00,PE,0,IDLE,0.62
321000.00,PE,0,IDLE,0.62
322000.00,PE,0,IDLE,0.62
323000.00,PE,0,IDLE,0.62
324000.00,PE,0,IDLE,0.62
325000.00,PE,0,IDLE,0.62
326000.00,PE,0,IDLE,0.62
327000.00,PE,0,IDLE,0.62
328000.00,PE,0,IDLE,0.62
329000.00,PE,0,IDLE,0.62
330000.00,PE,0,IDLE,0.62
331000.00,PE,0,IDLE,0.62
332000.00,PE,0,IDLE,0.62
333000.00,PE,0,IDLE,0.62
334000.00,PE,0,IDLE,0.62
335000.00,PE,0,IDLE,0.62
336000.00,PE,0,IDLE,0.62
337000.00,PE,0,IDLE,0.62
338000.00,PE,0,IDLE,0.62
339000.00,PE,0,IDLE,0.62
340000.00,PE,0,IDLE,0.62
341000.00,PE,0,IDLE,0.62
342000.00,PE,0,IDLE,0.62
343000.00,PE,0,IDLE,0.62
344000.00,PE,0,IDLE,0.62
345000.00,PE,0,IDLE,0.62
346000.00,PE,0,IDLE,0.62
347000.00,PE,0,IDLE,0.62
348000.00,PE,0,IDLE,0.62
349000.00,PE,0,IDLE,0.62
350000.00,PE,0,IDLE,0.62
351000.00,PE,0,IDLE,0.62
352000.00,PE,0,IDLE,0.62
353000.00,PE,0,IDLE,0.62
354000.00,PE,0,IDLE,0.62
355000.00,PE,0,IDLE,0.62
356000.00,PE,0,IDLE,0.62
357000.00,PE,0,IDLE,0.62
358000.00,PE,0,IDLE,0.62
359000.00,PE,0,IDLE,0.62
360000.00,PE,0,IDLE,0.62
361000.00,PE,0,IDLE,0.62
362000.00,PE,0,IDLE,0.62
363000.00,PE,0,IDLE,0.62
364000.00,PE,0,IDLE,0.62
365000.00,PE,0,IDLE,0.62
366000.00,PE,0,IDLE,0.62
367000.00,PE,0,IDLE,0.62
368000.00,PE,0,IDLE,0.62
369000.00,PE,0,IDLE,0.62
370000.00,PE,0,IDLE,0.62
371000.00,PE,0,IDLE,0.62
372000.00,PE,0,IDLE,0.62
373000.00,PE,0,IDLE,0.62
374000.00,PE,0,IDLE,0.62
375000.00,PE,0,IDLE,0.62
376000.00,PE,0,IDLE,0.62
377000.00,PE,0,IDLE,0.62
378000.00,PE,0,IDLE,0.62
379000.00,PE,0,IDLE,0.62
380000.00,PE,0,IDLE,0.62
381000.00,PE,0,IDLE,0.62
382000.00,PE,0,IDLE,0.62
383000.00,PE,0,IDLE,0.62
384000.00,PE,0,IDLE,0.62
385000.00,PE,0,IDLE,0.62
386000.00,PE,0,IDLE,0.62
387000.00,PE,0,IDLE,0.62
388000.00,PE,0,IDLE,0.62
389000.00,PE,0,IDLE,0.62
390000.00,PE,0,IDLE,0.62
391000.00,PE,0,IDLE,0.62
392000.00,PE,0,IDLE,0.62
393000.00,PE,0,IDLE,0.62
394000.00,PE,0,IDLE,0.62
395000.00,PE,0,IDLE,0.62
396000.00,PE,0,IDLE,0.62
397000.00,PE,0,IDLE,0.62
398000.00,PE,0,IDLE,0.62
399000.00,PE,0,IDLE,0.62
400000.00,PE,0,IDLE,0.62
401000.00,PE,0,IDLE,0.62
402000.00,PE,0,IDLE,0.62
403000.00,PE,0,IDLE,0.62
404000.00,PE,0,IDLE,0.62
405000.00,PE,0,IDLE,0.62
406000.00,PE,0,IDLE,0.62
407000.00,PE,0,IDLE,0.62
408000.00,PE,0,IDLE,0.62
409000.00,PE,0,IDLE,0.62
410000.00,PE,0,IDLE,0.62
411000.00,PE,0,IDLE,0.62
412000.00,PE,0,IDLE,0.62
413000.00,PE,0,IDLE,0.62
414000.00,PE,0,IDLE,0.62
415000.00,PE,0,IDLE,0.62
416000.00,PE,0,IDLE,0.62
417000.00,PE,0,IDLE,0.62
418000.00,PE,0,IDLE,0.62
419000.00,PE,0,IDLE,0.62
420000.00,PE,0,IDLE,0.62
421000.00,PE,0,IDLE,0.62
422000.00,PE,0,IDLE,0.62
423000.00,PE,0,IDLE,0.62
424000.00,PE,0,IDLE,0.62
425000.00,PE,0,IDLE,0.62
426000.00,PE,0,IDLE,0.62
427000.00,PE,0,IDLE,0.62
428000.00,PE,0,IDLE,0.62
429000.00,PE,0,IDLE,0.62
430000.00,PE,0,IDLE,0.62
431000.00,PE,0,IDLE,0.62
432000.00,PE,0,IDLE,0.62
433000.00,PE,0,IDLE,0.62
434000.00,PE,0,IDLE,0.62
435000.00,PE,0,IDLE,0.62
436000.00,PE,0,IDLE,0.62
437000.00,PE,0,IDLE,0.62
438000.00,PE,0,IDLE,0.62
439000.00,PE,0,IDLE,0.62
440000.00,PE,0,IDLE,0.62
441000.00,PE,0,IDLE,0.62
442000.00,PE,0,IDLE,0.62
443000.00,PE,0,IDLE,0.62
444000.00,PE,0,IDLE,0.62
445000.00,PE,0,IDLE,0.62
446000.00,PE,0,IDLE,0.62
447000.00,PE,0,IDLE,0.62
448000.00,PE,0,IDLE,0.62
449000.00,PE,0,IDLE,0.62
450000.00,PE,0,IDLE,0.62
451000.00,PE,0,IDLE,0.62
452000.00,PE,0,IDLE,0.62
453000.00,PE,0,IDLE,0.62
454000.00,PE,0,IDLE,0.62
455000.00,PE,0,IDLE,0.62
456000.00,PE,0,IDLE,0.62
457000.00,PE,0,IDLE,0.62
458000.00,PE,0,IDLE,0.62
459000.00,PE,0,IDLE,0.62
460000.00,PE,0,IDLE,0.62
461000.00,PE,0,IDLE,0.62
462000.00,PE,0,IDLE,0.62
463000.00,PE,0,IDLE,0.62
464000.00,PE,0,IDLE,0.62
465000.00,PE,0,IDLE,0.62
466000.00,PE,0,IDLE,0.62
467000.00,PE,0,IDLE,0.62
468000.00,PE,0,IDLE,0.62
469000.00,PE,0,IDLE,0.62
470000.00,PE,0,IDLE,0.62
471000.00,PE,0,IDLE,0.62
472000.00,PE,0,IDLE,0.62
473000.00,PE,0,IDLE,0.62
474000.00,PE,0,IDLE,0.62
475000.00,PE,0,IDLE,0.62
476000.00,PE,0,IDLE,0.62
477000.00,PE,0,IDLE,0.62
478000.00,PE,0,IDLE,0.62
479000.00,PE,0,IDLE,0.62
480000.00,PE,0,IDLE,0.62
481000.00,PE,0,IDLE,0.62
482000.00,PE,0,IDLE,0.62
483000.00,PE,0,IDLE,0.62
484000.00,PE,0,IDLE,0.62
485000.00,PE,0,IDLE,0.62
486000.00,PE,0,IDLE,0.62
487000.00,PE,0,IDLE,0.62
488000.00,PE,0,IDLE,0.62
489000.00,PE,0,IDLE,0.62
490000.00,PE,0,IDLE,0.62
491000.00,PE,0,IDLE,0.62
492000.00,PE,0,IDLE,0.62
493000.00,PE,0,IDLE,0.62
494000.00,PE,0,IDLE,0.62
495000.00,PE,0,IDLE,0.62
496000.00,PE,0,IDLE,0.62
497000.00,PE,0,IDLE,0.62
498000.00,PE,0,IDLE,0.62
499000.00,PE,0,IDLE,0.62
500000.00,PE,0,IDLE,0.62
501000.00,PE,0,IDLE,0.62
502000.00,PE,0,IDLE,0.62
503000.00,PE,0,IDLE,0.62
504000.00,PE,0,IDLE,0.62
505000.00,PE,0,IDLE,0.62
506000.00,PE,0,IDLE,0.62
507000.00,PE,0,IDLE,0.62
508000.00,PE,0,IDLE,0.62
509000.00,PE,0,IDLE,0.62
510000.00,PE,0,IDLE,0.62
511000.00,PE,0,IDLE,0.62
512000.00,PE,0,IDLE,0.62
513000.00,PE,0,IDLE,0.62
514000.00,PE,0,IDLE,0.62
515000.00,PE,0,IDLE,0.62
516000.00,PE,0,IDLE,0.62
517000.00,PE,0,IDLE,0.62
518000.00,PE,0,IDLE,0.62
519000.00,PE,0,IDLE,0.62
520000.00,PE,0,IDLE,0.62
521000.00,PE,0,IDLE,0.62
522000.00,PE,0,IDLE,0.62
523000.00,PE,0,IDLE,0.62
524000.00,PE,0,IDLE,0.62
525000.00,PE,0,IDLE,0.62
526000.00,PE,0,IDLE,0.62
527000.00,PE,0,IDLE,0.62
528000.00,PE,0,IDLE,0.62
529000.00,PE,0,IDLE,0.62
530000.00,PE,0,IDLE,0.62
531000.00,PE,0,IDLE,0.62
532000.00,PE,0,IDLE,0.62
533000.00,PE,0,IDLE,0.62
534000.00,PE,0,IDLE,0.62
535000.00,PE,0,IDLE,0.62
536000.00,PE,0,IDLE,0.62
537000.00,PE,0,IDLE,0.62
538000.00,PE,0,IDLE,0.62
539000.00,PE,0,IDLE,0.62
540000.00,PE,0,IDLE,0.62
541000.00,PE,0,IDLE,0.62
542000.00,PE,0,IDLE,0.62
543000.00,PE,0,IDLE,0.62
544000.00,PE,0,IDLE,0.62
545000.00,PE,0,IDLE,0.62
546000.00,PE,0,IDLE,0.62
547000.00,PE,0,IDLE,0.62
548000.00,PE,0,IDLE,0.62
549000.00,PE,0,IDLE,0.62
550000.00,PE,0,IDLE,0.62
551000.00,PE,0,IDLE,0.62
552000.00,PE,0,IDLE,0.62
553000.00,PE,0,IDLE,0.62
554000.00,PE,0,IDLE,0.62
555000.00,PE,0,IDLE,0.62
556000.00,PE,0,IDLE,0.62
557000.00,PE,0,IDLE,0.62
558000.00,PE,0,IDLE,0.62
559000.00,PE,0,IDLE,0.62
560000.00,PE,0,IDLE,0.62
561000.00,PE,0,IDLE,0.62
562000.00,PE,0,IDLE,0.62
563000.00,PE,0,IDLE,0.62
564000.00,PE,0,IDLE,0.62
565000.00,PE,0,IDLE,0.62
566000.00,PE,0,IDLE,0.62
567000.00,PE,0,IDLE,0.62
568000.00,PE,0,IDLE,0.62
569000.00,PE,0,IDLE,0.62
570000.00,PE,0,IDLE,0.62
571000.00,PE,0,IDLE,0.62
572000.00,PE,0,IDLE,0.62
573000.00,PE,0,IDLE,0.62
574000.00,PE,0,IDLE,0.62
575000.00,PE,0,IDLE,0.62
576000.00,PE,0,IDLE,0.62
577000.00,PE,0,IDLE,0.62
578000.00,PE,0,IDLE,0.62
579000.00,PE,0,IDLE,0.62
580000.00,PE,0,IDLE,0.62
581000.00,PE,0,IDLE,0.62
582000.00,PE,0,IDLE,0.62
583000.00,PE,0,IDLE,0.62
584000.00,PE,0,IDLE,0.62
585000.00,PE,0,IDLE,0.62
586000.00,PE,0,IDLE,0.62
587000.00,PE,0,IDLE,0.62
588000.00,PE,0,IDLE,0.62
589000.00,PE,0,IDLE,0.62
590000.00,PE,0,IDLE,0.62
591000.00,PE,0,IDLE,0.62
592000.00,PE,0,IDLE,0.62
593000.00,PE,0,IDLE,0.62
594000.00,PE,0,IDLE,0.62
595000.00,PE,0,IDLE,0.62
596000.00,PE,0,IDLE,0.62
597000.00,PE,0,IDLE,0.62
598000.00,PE,0,IDLE,0.62
599000.00,PE,0,IDLE,0.62
600000.00,PE,0,IDLE,0.62
601000.00,PE,0,IDLE,0.62
602000.00,PE,0,IDLE,0.62
603000.00,PE,0,IDLE,0.62
604000.00,PE,0,IDLE,0.62
605000.00,PE,0,IDLE,0.62
606000.00,PE,0,IDLE,0.62
607000.00,PE,0,IDLE,0.62
608000.00,PE,0,IDLE,0.62
609000.00,PE,0,IDLE,0.62
610000.00,PE,0,IDLE,0.62
611000.00,PE,0,IDLE,0.62
612000.00,PE,0,IDLE,0.62
613000.00,PE,0,IDLE,0.62
614000.00,PE,0,IDLE,0.62
615000.00,PE,0,IDLE,0.62
616000.00,PE,0,IDLE,0.62
617000.00,PE,0,IDLE,0.62
618000.00,PE,0,IDLE,0.62
619000.00,PE,0,IDLE,0.62
620000.00,PE,0,IDLE,0.62
621000.00,PE,0,IDLE,0.62
622000.00,PE,0,IDLE,0.62
623000.00,PE,0,IDLE,0.62
624000.00,PE,0,IDLE,0.62
625000.00,PE,0,IDLE,0.62
626000.00,PE,0,IDLE,0.62
627000.00,PE,0,IDLE,0.62
628000.00,PE,0,IDLE,0.62
629000.00,PE,0,IDLE,0.62
630000.00,PE,0,IDLE,0.62
631000.00,PE,0,IDLE,0.62
632000.00,PE,0,IDLE,0.62
633000.00,PE,0,IDLE,0.62
634000.00,PE,0,IDLE,0.62
635000.00,PE,0,IDLE,0.62
636000.00,PE,0,IDLE,0.62
637000.00,PE,0,IDLE,0.62
638000.00,PE,0,IDLE,0.62
639000.00,PE,0,IDLE,0.62
640000.00,PE,0,IDLE,0.62
641000.00,PE,0,IDLE,0.62
642000.00,PE,0,IDLE,0.62
643000.00,PE,0,IDLE,0.62
644000.00,PE,0,IDLE,0.62
645000.00,PE,0,IDLE,0.62
646000.00,PE,0,IDLE,0.62
647000.00,PE,0,IDLE,0.62
648000.00,PE,0,IDLE,0.62
649000.00,PE,0,IDLE,0.62
650000.00,PE,0,IDLE,0.62
651000.00,PE,0,IDLE,0.62
652000.00,PE,0,IDLE,0.62
653000.00,PE,0,IDLE,0.62
654000.00,PE,0,IDLE,0.62
655000.00,PE,0,IDLE,0.62
656000.00,PE,0,IDLE,0.62
657000.00,PE,0,IDLE,0.62
658000.00,PE,0,IDLE,0.62
659000.00,PE,0,IDLE,0.62
660000.00,PE,0,IDLE,0.62
661000.00,PE,0,IDLE,0.62
662000.00,PE,0,IDLE,0.62
663000.00,PE,0,IDLE,0.62
664000.00,PE,0,IDLE,0.62
665000.00,PE,0,IDLE,0.62
666000.00,PE,0,IDLE,0.62
667000.00,PE,0,IDLE,0.62
668000.00,PE,0,IDLE,0.62
669000.00,PE,0,IDLE,0.62
670000.00,PE,0,IDLE,0.62
671000.00,PE,0,IDLE,0.62
672000.00,PE,0,IDLE,0.62
673000.00,PE,0,IDLE,0.62
674000.00,PE,0,IDLE,0.62
675000.00,PE,0,IDLE,0.62
676000.00,PE,0,IDLE,0.62
677000.00,PE,0,IDLE,0.62
678000.00,PE,0,IDLE,0.62
679000.00,PE,0,IDLE,0.62
680000.00,PE,0,IDLE,0.62
681000.00,PE,0,IDLE,0.62
682000.00,PE,0,IDLE,0.62
683000.00,PE,0,IDLE,0.62
684000.00,PE,0,IDLE,0.62
685000.00,PE,0,IDLE,0.62
686000.00,PE,0,IDLE,0.62
687000.00,PE,0,IDLE,0.62
688000.00,PE,0,IDLE,0.62
689000.00,PE,0,IDLE,0.62
690000.00,PE,0,IDLE,0.62
691000.00,PE,0,IDLE,0.62
692000.00,PE,0,IDLE,0.62
693000.00,PE,0,IDLE,0.62
694000.00,PE,0,IDLE,0.62
695000.00,PE,0,IDLE,0.62
696000.00,PE,0,IDLE,0.62
697000.00,PE,0,IDLE,0.62
698000.00,PE,0,IDLE,0.62
699000.00,PE,0,IDLE,0.62
700000.00,PE,0,IDLE,0.62
701000.00,PE,0,IDLE,0.62
702000.00,PE,0,IDLE,0.62
703000.00,PE,0,IDLE,0.62
704000.00,PE,0,IDLE,0.62
705000.00,PE,0,IDLE,0.62
706000.00,PE,0,IDLE,0.62
707000.00,PE,0,IDLE,0.62
708000.00,PE,0,IDLE,0.62
709000.00,PE,0,IDLE,0.62
710000.00,PE,0,IDLE,0.62
711000.00,PE,0,IDLE,0.62
712000.00,PE,0,IDLE,0.62
713000.00,PE,0,IDLE,0.62
714000.00,PE,0,IDLE,0.62
715000.00,PE,0,IDLE,0.62
716000.00,PE,0,IDLE,0.62
717000.00,PE,0,IDLE,0.62
718000.00,PE,0,IDLE,0.62
719000.00,PE,0,IDLE,0.62
720000.00,PE,0,IDLE,0.62
721000.00,PE,0,IDLE,0.62
722000.00,PE,0,IDLE,0.62
723000.00,PE,0,IDLE,0.62
724000.00,PE,0,IDLE,0.62
725000.00,PE,0,IDLE,0.62
726000.00,PE,0,IDLE,0.62
727000.00,PE,0,IDLE,0.62
728000.00,PE,0,IDLE,0.62
729000.00,PE,0,IDLE,0.62
730000.00,PE,0,IDLE,0.62
731000.00,PE,0,IDLE,0.62
732000.00,PE,0,IDLE,0.62
733000.00,PE,0,IDLE,0.62
734000.00,PE,0,IDLE,0.62
735000.00,PE,0,IDLE,0.62
736000.00,PE,0,IDLE,0.62
737000.00,PE,0,IDLE,0.62
738000.00,PE,0,IDLE,0.62
739000.00,PE,0,IDLE,0.62
740000.00,PE,0,IDLE,0.62
741000.00,PE,0,IDLE,0.62
742000.00,PE,0,IDLE,0.62
743000.00,PE,0,IDLE,0.62
744000.00,PE,0,IDLE,0.62
745000.00,PE,0,IDLE,0.62
746000.00,PE,0,IDLE,0.62
747000.00,PE,0,IDLE,0.62
748000.00,PE,0,IDLE,0.62
749000.00,PE,0,IDLE,0.62
750000.00,PE,0,IDLE,0.62
751000.00,PE,0,IDLE,0.62
752000.00,PE,0,IDLE,0.62
753000.00,PE,0,IDLE,0.62
754000.00,PE,0,IDLE,0.62
755000.00,PE,0,IDLE,0.62
756000.00,PE,0,IDLE,0.62
757000.00,PE,0,IDLE,0.62
758000.00,PE,0,IDLE,0.62
759000.00,PE,0,IDLE,0.62
760000.00,PE,0,IDLE,0.62
761000.00,PE,0,IDLE,0.62
762000.00,PE,0,IDLE,0.62
763000.00,PE,0,IDLE,0.62
764000.00,PE,0,IDLE,0.62
765000.00,PE,0,IDLE,0.62
766000.00,PE,0,IDLE,0.62
767000.00,PE,0,IDLE,0.62
768000.00,PE,0,IDLE,0.62
769000.00,PE,0,IDLE,0.62
770000.00,PE,0,IDLE,0.62
771000.00,PE,0,IDLE,0.62
772000.00,PE,0,IDLE,0.62
773000.00,PE,0,IDLE,0.62
774000.00,PE,0,IDLE,0.62
775000.00,PE,0,IDLE,0.62
776000.00,PE,0,IDLE,0.62
777000.00,PE,0,IDLE,0.62
778000.00,PE,0,IDLE,0.62
779000.00,PE,0,IDLE,0.62
780000.00,PE,0,IDLE,0.62
781000.00,PE,0,IDLE,0.62
782000.00,PE,0,IDLE,0.62
783000.00,PE,0,IDLE,0.62
784000.00,PE,0,IDLE,0.62
785000.00,PE,0,IDLE,0.62
786000.00,PE,0,IDLE,0.62
787000.00,PE,0,IDLE,0.62
788000.00,PE,0,IDLE,0.62
789000.00,PE,0,IDLE,0.62
790000.00,PE,0,IDLE,0.62
791000.00,PE,0,IDLE,0.62
792000.00,PE,0,IDLE,0.62
793000.00,PE,0,IDLE,0.62
794000.00,PE,0,IDLE,0.62
795000.00,PE,0,IDLE,0.62
796000.00,PE,0,IDLE,0.62
797000.00,PE,0,IDLE,0.62
798000.00,PE,0,IDLE,0.62
799000.00,PE,0,IDLE,0.62
800000.00,PE,0,IDLE,0.62
801000.00,PE,0,IDLE,0.62
802000.00,PE,0,IDLE,0.62
803000.00,PE,0,IDLE,0.62
804000.00,PE,0,IDLE,0.62
805000.00,PE,0,IDLE,0.62
806000.00,PE,0,IDLE,0.62
807000.00,PE,0,IDLE,0.62
808000.00,PE,0,IDLE,0.62
809000.00,PE,0,IDLE,0.62
810000.00,PE,0,IDLE,0.62
811000.00,PE,0,IDLE,0.62
812000.00,PE,0,IDLE,0.62
813000.00,PE,0,IDLE,0.62
814000.00,PE,0,IDLE,0.62
815000.00,PE,0,IDLE,0.62
816000.00,PE,0,IDLE,0.62
817000.00,PE,0,IDLE,0.62
818000.00,PE,0,IDLE,0.62
819000.00,PE,0,IDLE,0.62
820000.00,PE,0,IDLE,0.62
821000.00,PE,0,IDLE,0.62
822000.00,PE,0,IDLE,0.62
823000.00,PE,0,IDLE,0.62
824000.00,PE,0,IDLE,0.62
825000.00,PE,0,IDLE,0.62
826000.00,PE,0,IDLE,0.62
827000.00,PE,0,IDLE,0.62
828000.00,PE,0,IDLE,0.62
829000.00,PE,0,IDLE,0.62
830000.00,PE,0,IDLE,0.62
831000.00,PE,0,IDLE,0.62
832000.00,PE,0,IDLE,0.62
833000.00,PE,0,IDLE,0.62
834000.00,PE,0,IDLE,0.62
835000.00,PE,0,IDLE,0.62
836000.00,PE,0,IDLE,0.62
837000.00,PE,0,IDLE,0.62
838000.00,PE,0,IDLE,0.62
839000.00,PE,0,IDLE,0.62
840000.00,PE,0,IDLE,0.62
841000.00,PE,0,IDLE,0.62
842000.00,PE,0,IDLE,0.62
843000.00,PE,0,IDLE,0.62
844000.00,PE,0,IDLE,0.62
845000.00,PE,0,IDLE,0.62
846000.00,PE,0,IDLE,0.62
847000.00,PE,0,IDLE,0.62
848000.00,PE,0,IDLE,0.62
849000.00,PE,0,IDLE,0.62
850000.00,PE,0,IDLE,0.62
851000.00,PE,0,IDLE,0.62
852000.00,PE,0,IDLE,0.62
853000.00,PE,0,IDLE,0.62
854000.00,PE,0,IDLE,0.62
855000.00,PE,0,IDLE,0.62
856000.00,PE,0,IDLE,0.62
857000.00,PE,0,IDLE,0.62
858000.00,PE,0,IDLE,0.62
859000.00,PE,0,IDLE,0.62
860000.00,PE,0,IDLE,0.62
861000.00,PE,0,IDLE,0.62
862000.00,PE,0,IDLE,0.62
863000.00,PE,0,IDLE,0.62
864000.00,PE,0,IDLE,0.62
865000.00,PE,0,IDLE,0.62
866000.00,PE,0,IDLE,0.62
867000.00,PE,0,IDLE,0.62
868000.00,PE,0,IDLE,0.62
869000.00,PE,0,IDLE,0.62
870000.00,PE,0,IDLE,0.62
871000.00,PE,0,IDLE,0.62
872000.00,PE,0,IDLE,0.62
873000.00,PE,0,IDLE,0.62
874000.00,PE,0,IDLE,0.62
875000.00,PE,0,IDLE,0.62
876000.00,PE,0,IDLE,0.62
877000.00,PE,0,IDLE,0.62
878000.00,PE,0,IDLE,0.62
879000.00,PE,0,IDLE,0.62
880000.00,PE,0,IDLE,0.62
881000.00,PE,0,IDLE,0.62
882000.00,PE,0,IDLE,0.62
883000.00,PE,0,IDLE,0.62
884000.00,PE,0,IDLE,0.62
885000.00,PE,0,IDLE,0.62
886000.00,PE,0,IDLE,0.62
887000.00,PE,0,IDLE,0.62
888000.00,PE,0,IDLE,0.62
889000.00,PE,0,IDLE,0.62
890000.00,PE,0,IDLE,0.62
891000.00,PE,0,IDLE,0.62
892000.00,PE,0,IDLE,0.62
893000.00,PE,0,IDLE,0.62
894000.00,PE,0,IDLE,0.62
895000.00,PE,0,IDLE,0.62
896000.00,PE,0,IDLE,0.62
897000.00,PE,0,IDLE,0.62
898000.00,PE,0,IDLE,0.62
899000.00,PE,0,IDLE,0.62
900000.00,PE,0,IDLE,0.62
901000.00,PE,0,IDLE,0.62
902000.00,PE,0,IDLE,0.62
903000.00,PE,0,IDLE,0.62
904000.00,PE,0,IDLE,0.62
905000.00,PE,0,IDLE,0.62
906000.00,PE,0,IDLE,0.62
907000.00,PE,0,IDLE,0.62
908000.00,PE,0,IDLE,0.62
909000.00,PE,0,IDLE,0.62
910000.00,PE,0,IDLE,0.62
911000.00,PE,0,IDLE,0.62
912000.00,PE,0,IDLE,0.62
913000.00,PE,0,IDLE,0.62
914000.00,PE,0,IDLE,0.62
915000.00,PE,0,IDLE,0.62
916000.00,PE,0,IDLE,0.62
917000.00,PE,0,IDLE,0.62
918000.00,PE,0,IDLE,0.62
919000.00,PE,0,IDLE,0.62
920000.00,PE,0,IDLE,0.62
921000.00,PE,0,IDLE,0.62
922000.00,PE,0,IDLE,0.62
923000.00,PE,0,IDLE,0.62
924000.00,PE,0,IDLE,0.62
925000.00,PE,0,IDLE,0.62
926000.00,PE,0,IDLE,0.62
927000.00,PE,0,IDLE,0.62
928000.00,PE,0,IDLE,0.62
929000.00,PE,0,IDLE,0.62
930000.00,PE,0,IDLE,0.62
931000.00,PE,0,IDLE,0.62
932000.00,PE,0,IDLE,0.62
933000.00,PE,0,IDLE,0.62
934000.00,PE,0,IDLE,0.62
935000.00,PE,0,IDLE,0.62
936000.00,PE,0,IDLE,0.62
937000.00,PE,0,IDLE,0.62
938000.00,PE,0,IDLE,0.62
939000.00,PE,0,IDLE,0.62
940000.00,PE,0,IDLE,0.62
941000.00,PE,0,IDLE,0.62
942000.00,PE,0,IDLE,0.62
943000.00,PE,0,IDLE,0.62
944000.00,PE,0,IDLE,0.62
945000.00,PE,0,IDLE,0.62
946000.00,PE,0,IDLE,0.62
947000.00,PE,0,IDLE,0.62
948000.00,PE,0,IDLE,0.62
949000.00,PE,0,IDLE,0.62
950000.00,PE,0,IDLE,0.62
951000.00,PE,0,IDLE,0.62
952000.00,PE,0,IDLE,0.62
953000.00,PE,0,IDLE,0.62
954000.00,PE,0,IDLE,0.62
955000.00,PE,0,IDLE,0.62
956000.00,PE,0,IDLE,0.62
957000.00,PE,0,IDLE,0.62
958000.00,PE,0,IDLE,0.62
959000.00,PE,0,IDLE,0.62
960000.00,PE,0,IDLE,0.62
961000.00,PE,0,IDLE,0.62
962000.00,PE,0,IDLE,0.62
963000.00,PE,0,IDLE,0.62
964000.00,PE,0,IDLE,0.62
965000.00,PE,0,IDLE,0.62
966000.00,PE,0,IDLE,0.62
967000.00,PE,0,IDLE,0.62
968000.00,PE,0,IDLE,0.62
969000.00,PE,0,IDLE,0.62
970000.00,PE,0,IDLE,0.62
971000.00,PE,0,IDLE,0.62
972000.00,PE,0,IDLE,0.62
973000.00,PE,0,IDLE,0.62
974000.00,PE,0,IDLE,0.62
975000.00,PE,0,IDLE,0.62
976000.00,PE,0,IDLE,0.62
977000.00,PE,0,IDLE,0.62
978000.00,PE,0,IDLE,0.62
979000.00,PE,0,IDLE,0.62
980000.00,PE,0,IDLE,0.62
981000.00,PE,0,IDLE,0.62
982000.00,PE,0,IDLE,0.62
983000.00,PE,0,IDLE,0.62
984000.00,PE,0,IDLE,0.62
985000.00,PE,0,IDLE,0.62
986000.00,PE,0,IDLE,0.62
987000.00,PE,0,IDLE,0.62
988000.00,PE,0,IDLE,0.62
989000.00,PE,0,IDLE,0.62
990000.00,PE,0,IDLE,0.62
991000.00,PE,0,IDLE,0.62
992000.00,PE,0,IDLE,0.62
993000.00,PE,0,IDLE,0.62
994000.00,PE,0,IDLE,0.62
995000.00,PE,0,IDLE,0.62
996000.00,PE,0,IDLE,0.62
997000.00,PE,0,IDLE,0.62
998000.00,PE,0,IDLE,0.62
999000.00,PE,0,IDLE,0.62
1000000.00,PE,0,IDLE,0.62
1001000.00,PE,0,IDLE,0.62
1002000.00,PE,0,IDLE,0.62
1003000.00,PE,0,IDLE,0.62
1004000.00,PE,0,IDLE,0.62
1005000.00,PE,0,IDLE,0.62
1006000.00,PE,0,IDLE,0.62
1007000.00,PE,0,IDLE,0.62
1008000.00,PE,0,IDLE,0.62
1009000.00,PE,0,IDLE,0.62
1010000.00,PE,0,IDLE,0.62
1011000.00,PE,0,IDLE,0.62
1012000.00,PE,0,IDLE,0.62
1013000.00,PE,0,IDLE,0.62
1014000.00,PE,0,IDLE,0.62
1015000.00,PE,0,IDLE,0.62
1016000.00,PE,0,IDLE,0.62
1017000.00,PE,0,IDLE,0.62
1018000.00,PE,0,IDLE,0.62
1019000.00,PE,0,IDLE,0.62
1020000.00,PE,0,IDLE,0.62
1021000.00,PE,0,IDLE,0.62
1022000.00,PE,0,IDLE,0.62
1023000.00,PE,0,IDLE,0.62
1024000.00,PE,0,IDLE,0.62
1025000.00,PE,0,IDLE,0.62
1026000.00,PE,0,IDLE,0.62
1027000.00,PE,0,IDLE,0.62
1028000.00,PE,0,IDLE,0.62
1029000.00,PE,0,IDLE,0.62
1030000.00,PE,0,IDLE,0.62
1031000.00,PE,0,IDLE,0.62
1032000.00,PE,0,IDLE,0.62
1033000.00,PE,0,IDLE,0.62
1034000.00,PE,0,IDLE,0.62
1035000.00,PE,0,IDLE,0.62
1036000.00,PE,0,IDLE,0.62
1037000.00,PE,0,IDLE,0.62
1038000.00,PE,0,IDLE,0.62
1039000.00,PE,0,IDLE,0.62
1040000.00,PE,0,IDLE,0.62
1041000.00,PE,0,IDLE,0.62
1042000.00,PE,0,IDLE,0.62
1043000.00,PE,0,IDLE,0.62
1044000.00,PE,0,IDLE,0.62
1045000.00,PE,0,IDLE,0.62
1046000.00,PE,0,IDLE,0.62
1047000.00,PE,0,IDLE,0.62
1048000.00,PE,0,IDLE,0.62
1049000.00,PE,0,IDLE,0.62
1050000.00,PE,0,IDLE,0.62
1051000.00,PE,0,IDLE,0.62
1052000.00,PE,0,IDLE,0.62
1053000.00,PE,0,IDLE,0.62
1054000.00,PE,0,IDLE,0.62
1055000.00,PE,0,IDLE,0.62
1056000.00,PE,0,IDLE,0.62
1057000.00,PE,0,IDLE,0.62
1058000.00,PE,0,IDLE,0.62
1059000.00,PE,0,IDLE,0.62
1060000.00,PE,0,IDLE,0.62
1061000.00,PE,0,IDLE,0.62
1062000.00,PE,0,IDLE,0.62
1063000.00,PE,0,IDLE,0.62
1064000.00,PE,0,IDLE,0.62
1065000.00,PE,0,IDLE,0.62
1066000.00,PE,0,IDLE,0.62
1067000.00,PE,0,IDLE,0.62
1068000.00,PE,0,IDLE,0.62
1069000.00,PE,0,IDLE,0.62
1070000.00,PE,0,IDLE,0.62
1071000.00,PE,0,IDLE,0.62
1072000.00,PE,0,IDLE,0.62
1073000.00,PE,0,IDLE,0.62
1074000.00,PE,0,IDLE,0.62
1075000.00,PE,0,IDLE,0.62
1076000.00,PE,0,IDLE,0.62
1077000.00,PE,0,IDLE,0.62
1078000.00,PE,0,IDLE,0.62
1079000.00,PE,0,IDLE,0.62
1080000.00,PE,0,IDLE,0.62
1081000.00,PE,0,IDLE,0.62
1082000.00,PE,0,IDLE,0.62
1083000.00,PE,0,IDLE,0.62
1084000.00,PE,0,IDLE,0.62
1085000.00,PE,0,IDLE,0.62
1086000.00,PE,0,IDLE,0.62
1087000.00,PE,0,IDLE,0.62
1088000.00,PE,0,IDLE,0.62
1089000.00,PE,0,IDLE,0.62
1090000.00,PE,0,IDLE,0.62
1091000.00,PE,0,IDLE,0.62
1092000.00,PE,0,IDLE,0.62
1093000.00,PE,0,IDLE,0.62
1094000.00,PE,0,IDLE,0.62
1095000.00,PE,0,IDLE,0.62
1096000.00,PE,0,IDLE,0.62
1097000.00,PE,0,IDLE,0.62
1098000.00,PE,0,IDLE,0.62
1099000.00,PE,0,IDLE,0.62
1100000.00,PE,0,IDLE,0.62
1101000.00,PE,0,IDLE,0.62
1102000.00,PE,0,IDLE,0.62
1103000.00,PE,0,IDLE,0.62
1104000.00,PE,0,IDLE,0.62
1105000.00,PE,0,IDLE,0.62
1106000.00,PE,0,IDLE,0.62
1107000.00,PE,0,IDLE,0.62
1108000.00,PE,0,IDLE,0.62
1109000.00,PE,0,IDLE,0.62
1110000.00,PE,0,IDLE,0.62
1111000.00,PE,0,IDLE,0.62
1112000.00,PE,0,IDLE,0.62
1113000.00,PE,0,IDLE,0.62
1114000.00,PE,0,IDLE,0.62
1115000.00,PE,0,IDLE,0.62
1116000.00,PE,0,IDLE,0.62
1117000.00,PE,0,IDLE,0.62
1118000.00,PE,0,IDLE,0.62
1119000.00,PE,0,IDLE,0.62
1120000.00,PE,0,IDLE,0.62
1121000.00,PE,0,IDLE,0.62
1122000.00,PE,0,IDLE,0.62
1123000.00,PE,0,IDLE,0.62
1124000.00,PE,0,IDLE,0.62
1125000.00,PE,0,IDLE,0.62
1126000.00,PE,0,IDLE,0.62
1127000.00,PE,0,IDLE,0.62
1128000.00,PE,0,IDLE,0.62
1129000.00,PE,0,IDLE,0.62
1130000.00,PE,0,IDLE,0.62
1131000.00,PE,0,IDLE,0.62
1132000.00,PE,0,IDLE,0.62
1133000.00,PE,0,IDLE,0.62
1134000.00,PE,0,IDLE,0.62
1135000.00,PE,0,IDLE,0.62
1136000.00,PE,0,IDLE,0.62
1137000.00,PE,0,IDLE,0.62
1138000.00,PE,0,IDLE,0.62
1139000.00,PE,0,IDLE,0.62
1140000.00,PE,0,IDLE,0.62
1141000.00,PE,0,IDLE,0.62
1142000.00,PE,0,IDLE,0.62
1143000.00,PE,0,IDLE,0.62
1144000.00,PE,0,IDLE,0.62
1145000.00,PE,0,IDLE,0.62
1146000.00,PE,0,IDLE,0.62
1147000.00,PE,0,IDLE,0.62
1148000.00,PE,0,IDLE,0.62
1149000.00,PE,0,IDLE,0.62
1150000.00,PE,0,IDLE,0.62
1151000.00,PE,0,IDLE,0.62
1152000.00,PE,0,IDLE,0.62
1153000.00,PE,0,IDLE,0.62
1154000.00,PE,0,IDLE,0.62
1155000.00,PE,0,IDLE,0.62
1156000.00,PE,0,IDLE,0.62
1157000.00,PE,0,IDLE,0.62
1158000.00,PE,0,IDLE,0.62
1159000.00,PE,0,IDLE,0.62
1160000.00,PE,0,IDLE,0.62
1161000.00,PE,0,IDLE,0.62
1162000.00,PE,0,IDLE,0.62
1163000.00,PE,0,IDLE,0.62
1164000.00,PE,0,IDLE,0.62
1165000.00,PE,0,IDLE,0.62
1166000.00,PE,0,IDLE,0.62
1167000.00,PE,0,IDLE,0.62
1168000.00,PE,0,IDLE,0.62
1169000.00,PE,0,IDLE,0.62
1170000.00,PE,0,IDLE,0.62
1171000.00,PE,0,IDLE,0.62
1172000.00,PE,0,IDLE,0.62
1173000.00,PE,0,IDLE,0.62
1174000.00,PE,0,IDLE,0.62
1175000.00,PE,0,IDLE,0.62
1176000.00,PE,0,IDLE,0.62
1177000.00,PE,0,IDLE,0.62
1178000.00,PE,0,IDLE,0.62
1179000.00,PE,0,IDLE,0.62
1180000.00,PE,0,IDLE,0.62
1181000.00,PE,0,IDLE,0.62
1182000.00,PE,0,IDLE,0.62
1183000.00,PE,0,IDLE,0.62
1184000.00,PE,0,IDLE,0.62
1185000.00,PE,0,IDLE,0.62
1186000.00,PE,0,IDLE,0.62
1187000.00,PE,0,IDLE,0.62
1188000.00,PE,0,IDLE,0.62
1189000.00,PE,0,IDLE,0.62
1190000.00,PE,0,IDLE,0.62
1191000.00,PE,0,IDLE,0.62
1192000.00,PE,0,IDLE,0.62
1193000.00,PE,0,IDLE,0.62
1194000.00,PE,0,IDLE,0.62
1195000.00,PE,0,IDLE,0.62
1196000.00,PE,0,IDLE,0.62
1197000.00,PE,0,IDLE,0.62
1198000.00,PE,0,IDLE,0.62
1199000.00,PE,0,IDLE,0.62
1200000.00,PE,0,IDLE,0.62
1201000.00,PE,0,IDLE,0.62
1202000.00,PE,0,IDLE,0.62
1203000.00,PE,0,IDLE,0.62
1204000.00,PE,0,IDLE,0.62
1205000.00,PE,0,IDLE,0.62
1206000.00,PE,0,IDLE,0.62
1207000.00,PE,0,IDLE,0.62
1208000.00,PE,0,IDLE,0.62
1209000.00,PE,0,IDLE,0.62
1210000.00,PE,0,IDLE,0.62
1211000.00,PE,0,IDLE,0.62
1212000.00,PE,0,IDLE,0.62
1213000.00,PE,0,IDLE,0.62
1214000.00,PE,0,IDLE,0.62
1215000.00,PE,0,IDLE,0.62
1216000.00,PE,0,IDLE,0.62
1217000.00,PE,0,IDLE,0.62
1218000.00,PE,0,IDLE,0.62
1219000.00,PE,0,IDLE,0.62
1220000.00,PE,0,IDLE,0.62
1221000.00,PE,0,IDLE,0.62
1222000.00,PE,0,IDLE,0.62
1223000.00,PE,0,IDLE,0.62
1224000.00,PE,0,IDLE,0.62
1225000.00,PE,0,IDLE,0.62
1226000.00,PE,0,IDLE,0.62
1227000.00,PE,0,IDLE,0.62
1228000.00,PE,0,IDLE,0.62
1229000.00,PE,0,IDLE,0.62
1230000.00,PE,0,IDLE,0.62
1231000.00,PE,0,IDLE,0.62
1232000.00,PE,0,IDLE,0.62
1233000.00,PE,0,IDLE,0.62
1234000.00,PE,0,IDLE,0.62
1235000.00,PE,0,IDLE,0.62
1236000.00,PE,0,IDLE,0.62
1237000.00,PE,0,IDLE,0.62
1238000.00,PE,0,IDLE,0.62
1239000.00,PE,0,IDLE,0.62
1240000.00,PE,0,IDLE,0.62
1241000.00,PE,0,IDLE,0.62
1242000.00,PE,0,IDLE,0.62
1243000.00,PE,0,IDLE,0.62
1244000.00,PE,0,IDLE,0.62
1245000.00,PE,0,IDLE,0.62
1246000.00,PE,0,IDLE,0.62
1247000.00,PE,0,IDLE,0.62
1248000.00,PE,0,IDLE,0.62
1249000.00,PE,0,IDLE,0.62
1250000.00,PE,0,IDLE,0.62
1251000.00,PE,0,IDLE,0.62
1252000.00,PE,0,IDLE,0.62
1253000.00,PE,0,IDLE,0.62
1254000.00,PE,0,IDLE,0.62
1255000.00,PE,0,IDLE,0.62
1256000.00,PE,0,IDLE,0.62
1257000.00,PE,0,IDLE,0.62
1258000.00,PE,0,IDLE,0.62
1259000.00,PE,0,IDLE,0.62
1260000.00,PE,0,IDLE,0.62
1261000.00,PE,0,IDLE,0.62
1262000.00,PE,0,IDLE,0.62
1263000.00,PE,0,IDLE,0.62
1264000.00,PE,0,IDLE,0.62
1265000.00,PE,0,IDLE,0.62
1266000.00,PE,0,IDLE,0.62
1267000.00,PE,0,IDLE,0.62
1268000.00,PE,0,IDLE,0.62
1269000.00,PE,0,IDLE,0.62
1270000.00,PE,0,IDLE,0.62
1271000.00,PE,0,IDLE,0.62
1272000.00,PE,0,IDLE,0.62
1273000.00,PE,0,IDLE,0.62
1274000.00,PE,0,IDLE,0.62
1275000.00,PE,0,IDLE,0.62
1276000.00,PE,0,IDLE,0.62
1277000.00,PE,0,IDLE,0.62
1278000.00,PE,0,IDLE,0.62
1279000.00,PE,0,IDLE,0.62
1280000.00,PE,0,IDLE,0.62
1281000.00,PE,0,IDLE,0.62
1282000.00,PE,0,IDLE,0.62
1283000.00,PE,0,IDLE,0.62
1284000.00,PE,0,IDLE,0.62
1285000.00,PE,0,IDLE,0.62
1286000.00,PE,0,IDLE,0.62
1287000.00,PE,0,IDLE,0.62
1288000.00,PE,0,IDLE,0.62
1289000.00,PE,0,IDLE,0.62
1290000.00,PE,0,IDLE,0.62
1291000.00,PE,0,IDLE,0.62
1292000.00,PE,0,IDLE,0.62
1293000.00,PE,0,IDLE,0.62
1294000.00,PE,0,IDLE,0.62
1295000.00,PE,0,IDLE,0.62
1296000.00,PE,0,IDLE,0.62
1297000.00,PE,0,IDLE,0.62
1298000.00,PE,0,IDLE,0.62
1299000.00,PE,0,IDLE,0.62
1300000.00,PE,0,IDLE,0.62
1301000.00,PE,0,IDLE,0.62
1302000.00,PE,0,IDLE,0.62
1303000.00,PE,0,IDLE,0.62
1304000.00,PE,0,IDLE,0.62
1305000.00,PE,0,IDLE,0.62
1306000.00,PE,0,IDLE,0.62
1307000.00,PE,0,IDLE,0.62
1308000.00,PE,0,IDLE,0.62
1309000.00,PE,0,IDLE,0.62
1310000.00,PE,0,IDLE,0.62
1311000.00,PE,0,IDLE,0.62
1312000.00,PE,0,IDLE,0.62
1313000.00,PE,0,IDLE,0.62
1314000.00,PE,0,IDLE,0.62
1315000.00,PE,0,IDLE,0.62
1316000.00,PE,0,IDLE,0.62
1317000.00,PE,0,IDLE,0.62
1318000.00,PE,0,IDLE,0.62
1319000.00,PE,0,IDLE,0.62
1320000.00,PE,0,IDLE,0.62
1321000.00,PE,0,IDLE,0.62
1322000.00,PE,0,IDLE,0.62
1323000.00,PE,0,IDLE,0.62
1324000.00,PE,0,IDLE,0.62
1325000.00,PE,0,IDLE,0.62
1326000.00,PE,0,IDLE,0.62
1327000.00,PE,0,IDLE,0.62
1328000.00,PE,0,IDLE,0.62
1329000.00,PE,0,IDLE,0.62
1330000.00,PE,0,IDLE,0.62
1331000.00,PE,0,IDLE,0.62
1332000.00,PE,0,IDLE,0.62
1333000.00,PE,0,IDLE,0.62
1334000.00,PE,0,IDLE,0.62
1335000.00,PE,0,IDLE,0.62
1336000.00,PE,0,IDLE,0.62
1337000.00,PE,0,IDLE,0.62
1338000.00,PE,0,IDLE,0.62
1339000.00,PE,0,IDLE,0.62
1340000.00,PE,0,IDLE,0.62
1341000.00,PE,0,IDLE,0.62
1342000.00,PE,0,IDLE,0.62
1343000.00,PE,0,IDLE,0.62
1344000.00,PE,0,IDLE,0.62
1345000.00,PE,0,IDLE,0.62
1346000.00,PE,0,IDLE,0.62
1347000.00,PE,0,IDLE,0.62
1348000.00,PE,0,IDLE,0.62
1349000.00,PE,0,IDLE,0.62
1350000.00,PE,0,IDLE,0.62
1351000.00,PE,0,IDLE,0.62
1352000.00,PE,0,IDLE,0.62
1353000.00,PE,0,IDLE,0.62
1354000.00,PE,0,IDLE,0.62
1355000.00,PE,0,IDLE,0.62
1356000.00,PE,0,IDLE,0.62
1357000.00,PE,0,IDLE,0.62
1358000.00,PE,0,IDLE,0.62
1359000.00,PE,0,IDLE,0.62
1360000.00,PE,0,IDLE,0.62
1361000.00,PE,0,IDLE,0.62
1362000.00,PE,0,IDLE,0.62
1363000.00,PE,0,IDLE,0.62
1364000.00,PE,0,IDLE,0.62
1365000.00,PE,0,IDLE,0.62
1366000.00,PE,0,IDLE,0.62
1367000.00,PE,0,IDLE,0.62
1368000.00,PE,0,IDLE,0.62
1369000.00,PE,0,IDLE,0.62
1370000.00,PE,0,IDLE,0.62
1371000.00,PE,0,IDLE,0.62
1372000.00,PE,0,IDLE,0.62
1373000.00,PE,0,IDLE,0.62
1374000.00,PE,0,IDLE,0.62
1375000.00,PE,0,IDLE,0.62
1376000.00,PE,0,IDLE,0.62
1377000.00,PE,0,IDLE,0.62
1378000.00,PE,0,IDLE,0.62
1379000.00,PE,0,IDLE,0.62
1380000.00,PE,0,IDLE,0.62
1381000.00,PE,0,IDLE,0.62
1382000.00,PE,0,IDLE,0.62
1383000.00,PE,0,IDLE,0.62
1384000.00,PE,0,IDLE,0.62
1385000.00,PE,0,IDLE,0.62
1386000.00,PE,0,IDLE,0.62
1387000.00,PE,0,IDLE,0.62
1388000.00,PE,0,IDLE,0.62
1389000.00,PE,0,IDLE,0.62
1390000.00,PE,0,IDLE,0.62
1391000.00,PE,0,IDLE,0.62
1392000.00,PE,0,IDLE,0.62
1393000.00,PE,0,IDLE,0.62
1394000.00,PE,0,IDLE,0.62
1395000.00,PE,0,IDLE,0.62
1396000.00,PE,0,IDLE,0.62
1397000.00,PE,0,IDLE,0.62
1398000.00,PE,0,IDLE,0.62
1399000.00,PE,0,IDLE,0.62
1400000.00,PE,0,IDLE,0.62
1401000.00,PE,0,IDLE,0.62
1402000.00,PE,0,IDLE,0.62
1403000.00,PE,0,IDLE,0.62
1404000.00,PE,0,IDLE,0.62
1405000.00,PE,0,IDLE,0.62
1406000.00,PE,0,IDLE,0.62
1407000.00,PE,0,IDLE,0.62
1408000.00,PE,0,IDLE,0.62
1409000.00,PE,0,IDLE,0.62
1410000.00,PE,0,IDLE,0.62
1411000.00,PE,0,IDLE,0.62
1412000.00,PE,0,IDLE,0.62
1413000.00,PE,0,IDLE,0.62
1414000.00,PE,0,IDLE,0.62
1415000.00,PE,0,IDLE,0.62
1416000.00,PE,0,IDLE,0.62
1417000.00,PE,0,IDLE,0.62
1418000.00,PE,0,IDLE,0.62
1419000.00,PE,0,IDLE,0.62
1420000.00,PE,0,IDLE,0.62
1421000.00,PE,0,IDLE,0.62
1422000.00,PE,0,IDLE,0.62
1423000.00,PE,0,IDLE,0.62
1424000.00,PE,0,IDLE,0.62
1425000.00,PE,0,IDLE,0.62
1426000.00,PE,0,IDLE,0.62
1427000.00,PE,0,IDLE,0.62
1428000.00,PE,0,IDLE,0.62
1429000.00,PE,0,IDLE,0.62
1430000.00,PE,0,IDLE,0.62
1431000.00,PE,0,IDLE,0.62
1432000.00,PE,0,IDLE,0.62
1433000.00,PE,0,IDLE,0.62
1434000.00,PE,0,IDLE,0.62
1435000.00,PE,0,IDLE,0.62
1436000.00,PE,0,IDLE,0.62
1437000.00,PE,0,IDLE,0.62
1438000.00,PE,0,IDLE,0.62
1439000.00,PE,0,IDLE,0.62
1440000.00,PE,0,IDLE,0.62
1441000.00,PE,0,IDLE,0.62
1442000.00,PE,0,IDLE,0.62
1443000.00,PE,0,IDLE,0.62
1444000.00,PE,0,IDLE,0.62
1445000.00,PE,0,IDLE,0.62
1446000.00,PE,0,IDLE,0.62
1447000.00,PE,0,IDLE,0.62
1448000.00,PE,0,IDLE,0.62
1449000.00,PE,0,IDLE,0.62
1450000.00,PE,0,IDLE,0.62
1451000.00,PE,0,IDLE,0.62
1452000.00,PE,0,IDLE,0.62
1453000.00,PE,0,IDLE,0.62
1454000.00,PE,0,IDLE,0.62
1455000.00,PE,0,IDLE,0.62
1456000.00,PE,0,IDLE,0.62
1457000.00,PE,0,IDLE,0.62
1458000.00,PE,0,IDLE,0.62
1459000.00,PE,0,IDLE,0.62
1460000.00,PE,0,IDLE,0.62
1461000.00,PE,0,IDLE,0.62
1462000.00,PE,0,IDLE,0.62
1463000.00,PE,0,IDLE,0.62
1464000.00,PE,0,IDLE,0.62
1465000.00,PE,0,IDLE,0.62
1466000.00,PE,0,IDLE,0.62
1467000.00,PE,0,IDLE,0.62
1468000.00,PE,0,IDLE,0.62
1469000.00,PE,0,IDLE,0.62
1470000.00,PE,0,IDLE,0.62
1471000.00,PE,0,IDLE,0.62
1472000.00,PE,0,IDLE,0.62
1473000.00,PE,0,IDLE,0.62
1474000.00,PE,0,IDLE,0.62
1475000.00,PE,0,IDLE,0.62
1476000.00,PE,0,IDLE,0.62
1477000.00,PE,0,IDLE,0.62
1478000.00,PE,0,IDLE,0.62
1479000.00,PE,0,IDLE,0.62
1480000.00,PE,0,IDLE,0.62
1481000.00,PE,0,IDLE,0.62
1482000.00,PE,0,IDLE,0.62
1483000.00,PE,0,IDLE,0.62
1484000.00,PE,0,IDLE,0.62
1485000.00,PE,0,IDLE,0.62
1486000.00,PE,0,IDLE,0.62
1487000.00,PE,0,IDLE,0.62
1488000.00,PE,0,IDLE,0.62
1489000.00,PE,0,IDLE,0.62
1490000.00,PE,0,IDLE,0.62
1491000.00,PE,0,IDLE,0.62
1492000.00,PE,0,IDLE,0.62
1493000.00,PE,0,IDLE,0.62
1494000.00,PE,0,IDLE,0.62
1495000.00,PE,0,IDLE,0.62
1496000.00,PE,0,IDLE,0.62
1497000.00,PE,0,IDLE,0.62
1498000.00,PE,0,IDLE,0.62
1499000.00,PE,0,IDLE,0.62
1500000.00,PE,0,IDLE,0.62
1501000.00,PE,0,IDLE,0.62
1502000.00,PE,0,IDLE,0.62
1503000.00,PE,0,IDLE,0.62
1504000.00,PE,0,IDLE,0.62
1505000.00,PE,0,IDLE,0.62
1506000.00,PE,0,IDLE,0.62
1507000.00,PE,0,IDLE,0.62
1508000.00,PE,0,IDLE,0.62
1509000.00,PE,0,IDLE,0.62
1510000.00,PE,0,IDLE,0.62
1511000.00,PE,0,IDLE,0.62
1512000.00,PE,0,IDLE,0.62
1513000.00,PE,0,IDLE,0.62
1514000.00,PE,0,IDLE,0.62
1515000.00,PE,0,IDLE,0.62
1516000.00,PE,0,IDLE,0.62
1517000.00,PE,0,IDLE,0.62
1518000.00,PE,0,IDLE,0.62
1519000.00,PE,0,IDLE,0.62
1520000.00,PE,0,IDLE,0.62
1521000.00,PE,0,IDLE,0.62
1522000.00,PE,0,IDLE,0.62
1523000.00,PE,0,IDLE,0.62
1524000.00,PE,0,IDLE,0.62
1525000.00,PE,0,IDLE,0.62
1526000.00,PE,0,IDLE,0.62
1527000.00,PE,0,IDLE,0.62
1528000.00,PE,0,IDLE,0.62
1529000.00,PE,0,IDLE,0.62
1530000.00,PE,0,IDLE,0.62
1531000.00,PE,0,IDLE,0.62
1532000.00,PE,0,IDLE,0.62
1533000.00,PE,0,IDLE,0.62
1534000.00,PE,0,IDLE,0.62
1535000.00,PE,0,IDLE,0.62
1536000.00,PE,0,IDLE,0.62
1537000.00,PE,0,IDLE,0.62
1538000.00,PE,0,IDLE,0.62
1539000.00,PE,0,IDLE,0.62
1540000.00,PE,0,IDLE,0.62
1541000.00,PE,0,IDLE,0.62
1542000.00,PE,0,IDLE,0.62
1543000.00,PE,0,IDLE,0.62
1544000.00,PE,0,IDLE,0.62
1545000.00,PE,0,IDLE,0.62
1546000.00,PE,0,IDLE,0.62
1547000.00,PE,0,IDLE,0.62
1548000.00,PE,0,IDLE,0.62
1549000.00,PE,0,IDLE,0.62
1550000.00,PE,0,IDLE,0.62
1551000.00,PE,0,IDLE,0.62
1552000.00,PE,0,IDLE,0.62
1553000.00,PE,0,IDLE,0.62
1554000.00,PE,0,IDLE,0.62
1555000.00,PE,0,IDLE,0.62
1556000.00,PE,0,IDLE,0.62
1557000.00,PE,0,IDLE,0.62
1558000.00,PE,0,IDLE,0.62
1559000.00,PE,0,IDLE,0.62
1560000.00,PE,0,IDLE,0.62
1561000.00,PE,0,IDLE,0.62
1562000.00,PE,0,IDLE,0.62
1563000.00,PE,0,IDLE,0.62
1564000.00,PE,0,IDLE,0.62
1565000.00,PE,0,IDLE,0.62
1566000.00,PE,0,IDLE,0.62
1567000.00,PE,0,IDLE,0.62
1568000.00,PE,0,IDLE,0.62
1569000.00,PE,0,IDLE,0.62
1570000.00,PE,0,IDLE,0.62
1571000.00,PE,0,IDLE,0.62
1572000.00,PE,0,IDLE,0.62
1573000.00,PE,0,IDLE,0.62
1574000.00,PE,0,IDLE,0.62
1575000.00,PE,0,IDLE,0.62
1576000.00,PE,0,IDLE,0.62
1577000.00,PE,0,IDLE,0.62
1578000.00,PE,0,IDLE,0.62
1579000.00,PE,0,IDLE,0.62
1580000.00,PE,0,IDLE,0.62
1581000.00,PE,0,IDLE,0.62
1582000.00,PE,0,IDLE,0.62
1583000.00,PE,0,IDLE,0.62
1584000.00,PE,0,IDLE,0.62
1585000.00,PE,0,IDLE,0.62
1586000.00,PE,0,IDLE,0.62
1587000.00,PE,0,IDLE,0.62
1588000.00,PE,0,IDLE,0.62
1589000.00,PE,0,IDLE,0.62
1590000.00,PE,0,IDLE,0.62
1591000.00,PE,0,IDLE,0.62
1592000.00,PE,0,IDLE,0.62
1593000.00,PE,0,IDLE,0.62
1594000.00,PE,0,IDLE,0.62
1595000.00,PE,0,IDLE,0.62
1596000.00,PE,0,IDLE,0.62
1597000.00,PE,0,IDLE,0.62
1598000.00,PE,0,IDLE,0.62
1599000.00,PE,0,IDLE,0.62
1600000.00,PE,0,IDLE,0.62
1601000.00,PE,0,IDLE,0.62
1602000.00,PE,0,IDLE,0.62
1603000.00,PE,0,IDLE,0.62
1604000.00,PE,0,IDLE,0.62
1605000.00,PE,0,IDLE,0.62
1606000.00,PE,0,IDLE,0.62
1607000.00,PE,0,IDLE,0.62
1608000.00,PE,0,IDLE,0.62
1609000.00,PE,0,IDLE,0.62
1610000.00,PE,0,IDLE,0.62
1611000.00,PE,0,IDLE,0.62
1612000.00,PE,0,IDLE,0.62
1613000.00,PE,0,IDLE,0.62
1614000.00,PE,0,IDLE,0.62
1615000.00,PE,0,IDLE,0.62
1616000.00,PE,0,IDLE,0.62
1617000.00,PE,0,IDLE,0.62
1618000.00,PE,0,IDLE,0.62
1619000.00,PE,0,IDLE,0.62
1620000.00,PE,0,IDLE,0.62
1621000.00,PE,0,IDLE,0.62
1622000.00,PE,0,IDLE,0.62
1623000.00,PE,0,IDLE,0.62
1624000.00,PE,0,IDLE,0.62
1625000.00,PE,0,IDLE,0.62
1626000.00,PE,0,IDLE,0.62
1627000.00,PE,0,IDLE,0.62
1628000.00,PE,0,IDLE,0.62
1629000.00,PE,0,IDLE,0.62
1630000.00,PE,0,IDLE,0.62
1631000.00,PE,0,IDLE,0.62
1632000.00,PE,0,IDLE,0.62
1633000.00,PE,0,IDLE,0.62
1634000.00,PE,0,IDLE,0.62
1635000.00,PE,0,IDLE,0.62
1636000.00,PE,0,IDLE,0.62
1637000.00,PE,0,IDLE,0.62
1638000.00,PE,0,IDLE,0.62
1639000.00,PE,0,IDLE,0.62
1640000.00,PE,0,IDLE,0.62
1641000.00,PE,0,IDLE,0.62
1642000.00,PE,0,IDLE,0.62
1643000.00,PE,0,IDLE,0.62
1644000.00,PE,0,IDLE,0.62
1645000.00,PE,0,IDLE,0.62
1646000.00,PE,0,IDLE,0.62
1647000.00,PE,0,IDLE,0.62
1648000.00,PE,0,IDLE,0.62
1649000.00,PE,0,IDLE,0.62
1650000.00,PE,0,IDLE,0.62
1651000.00,PE,0,IDLE,0.62
1652000.00,PE,0,IDLE,0.62
1653000.00,PE,0,IDLE,0.62
1654000.00,PE,0,IDLE,0.62
1655000.00,PE,0,IDLE,0.62
1656000.00,PE,0,IDLE,0.62
1657000.00,PE,0,IDLE,0.62
1658000.00,PE,0,IDLE,0.62
1659000.00,PE,0,IDLE,0.62
1660000.00,PE,0,IDLE,0.62
1661000.00,PE,0,IDLE,0.62
1662000.00,PE,0,IDLE,0.62
1663000.00,PE,0,IDLE,0.62
1664000.00,PE,0,IDLE,0.62
1665000.00,PE,0,IDLE,0.62
1666000.00,PE,0,IDLE,0.62
1667000.00,PE,0,IDLE,0.62
1668000.00,PE,0,IDLE,0.62
1669000.00,PE,0,IDLE,0.62
1670000.00,PE,0,IDLE,0.62
1671000.00,PE,0,IDLE,0.62
1672000.00,PE,0,IDLE,0.62
1673000.00,PE,0,IDLE,0.62
1674000.00,PE,0,IDLE,0.62
1675000.00,PE,0,IDLE,0.62
1676000.00,PE,0,IDLE,0.62
1677000.00,PE,0,IDLE,0.62
1678000.00,PE,0,IDLE,0.62
1679000.00,PE,0,IDLE,0.62
1680000.00,PE,0,IDLE,0.62
1681000.00,PE,0,IDLE,0.62
1682000.00,PE,0,IDLE,0.62
1683000.00,PE,0,IDLE,0.62
1684000.00,PE,0,IDLE,0.62
1685000.00,PE,0,IDLE,0.62
1686000.00,PE,0,IDLE,0.62
1687000.00,PE,0,IDLE,0.62
1688000.00,PE,0,IDLE,0.62
1689000.00,PE,0,IDLE,0.62
1690000.00,PE,0,IDLE,0.62
1691000.00,PE,0,IDLE,0.62
1692000.00,PE,0,IDLE,0.62
1693000.00,PE,0,IDLE,0.62
1694000.00,PE,0,IDLE,0.62
1695000.00,PE,0,IDLE,0.62
1696000.00,PE,0,IDLE,0.62
1697000.00,PE,0,IDLE,0.62
1698000.00,PE,0,IDLE,0.62
1699000.00,PE,0,IDLE,0.62
1700000.00,PE,0,IDLE,0.62
1701000.00,PE,0,IDLE,0.62
1702000.00,PE,0,IDLE,0.62
1703000.00,PE,0,IDLE,0.62
1704000.00,PE,0,IDLE,0.62
1705000.00,PE,0,IDLE,0.62
1706000.00,PE,0,IDLE,0.62
1707000.00,PE,0,IDLE,0.62
1708000.00,PE,0,IDLE,0.62
1709000.00,PE,0,IDLE,0.62
1710000.00,PE,0,IDLE,0.62
1711000.00,PE,0,IDLE,0.62
1712000.00,PE,0,IDLE,0.62
1713000.00,PE,0,IDLE,0.62
1714000.00,PE,0,IDLE,0.62
1715000.00,PE,0,IDLE,0.62
1716000.00,PE,0,IDLE,0.62
1717000.00,PE,0,IDLE,0.62
1718000.00,PE,0,IDLE,0.62
1719000.00,PE,0,IDLE,0.62
1720000.00,PE,0,IDLE,0.62
1721000.00,PE,0,IDLE,0.62
1722000.00,PE,0,IDLE,0.62
1723000.00,PE,0,IDLE,0.62
1724000.00,PE,0,IDLE,0.62
1725000.00,PE,0,IDLE,0.62
1726000.00,PE,0,IDLE,0.62
1727000.00,PE,0,IDLE,0.62
1728000.00,PE,0,IDLE,0.62
1729000.00,PE,0,IDLE,0.62
1730000.00,PE,0,IDLE,0.62
1731000.00,PE,0,IDLE,0.62
1732000.00,PE,0,IDLE,0.62
1733000.00,PE,0,IDLE,0.62
1734000.00,PE,0,IDLE,0.62
1735000.00,PE,0,IDLE,0.62
1736000.00,PE,0,IDLE,0.62
1737000.00,PE,0,IDLE,0.62
1738000.00,PE,0,IDLE,0.62
1739000.00,PE,0,IDLE,0.62
1740000.00,PE,0,IDLE,0.62
1741000.00,PE,0,IDLE,0.62
1742000.00,PE,0,IDLE,0.62
1743000.00,PE,0,IDLE,0.62
1744000.00,PE,0,IDLE,0.62
1745000.00,PE,0,IDLE,0.62
1746000.00,PE,0,IDLE,0.62
1747000.00,PE,0,IDLE,0.62
1748000.00,PE,0,IDLE,0.62
1749000.00,PE,0,IDLE,0.62
1750000.00,PE,0,IDLE,0.62
1751000.00,PE,0,IDLE,0.62
1752000.00,PE,0,IDLE,0.62
1753000.00,PE,0,IDLE,0.62
1754000.00,PE,0,IDLE,0.62
1755000.00,PE,0,IDLE,0.62
1756000.00,PE,0,IDLE,0.62
1757000.00,PE,0,IDLE,0.62
1758000.00,PE,0,IDLE,0.62
1759000.00,PE,0,IDLE,0.62
1760000.00,PE,0,IDLE,0.62
1761000.00,PE,0,IDLE,0.62
1762000.00,PE,0,IDLE,0.62
1763000.00,PE,0,IDLE,0.62
1764000.00,PE,0,IDLE,0.62
1765000.00,PE,0,IDLE,0.62
1766000.00,PE,0,IDLE,0.62
1767000.00,PE,0,IDLE,0.62
1768000.00,PE,0,IDLE,0.62
1769000.00,PE,0,IDLE,0.62
1770000.00,PE,0,IDLE,0.62
1771000.00,PE,0,IDLE,0.62
1772000.00,PE,0,IDLE,0.62
1773000.00,PE,0,IDLE,0.62
1774000.00,PE,0,IDLE,0.62
1775000.00,PE,0,IDLE,0.62
1776000.00,PE,0,IDLE,0.62
1777000.00,PE,0,IDLE,0.62
1778000.00,PE,0,IDLE,0.62
1779000.00,PE,0,IDLE,0.62
1780000.00,PE,0,IDLE,0.62
1781000.00,PE,0,IDLE,0.62
1782000.00,PE,0,IDLE,0.62
1783000.00,PE,0,IDLE,0.62
1784000.00,PE,0,IDLE,0.62
1785000.00,PE,0,IDLE,0.62
1786000.00,PE,0,IDLE,0.62
1787000.00,PE,0,IDLE,0.62
1788000.00,PE,0,IDLE,0.62
1789000.00,PE,0,IDLE,0.62
1790000.00,PE,0,IDLE,0.62
1791000.00,PE,0,IDLE,0.62
1792000.00,PE,0,IDLE,0.62
1793000.00,PE,0,IDLE,0.62
1794000.00,PE,0,IDLE,0.62
1795000.00,PE,0,IDLE,0.62
1796000.00,PE,0,IDLE,0.62
1797000.00,PE,0,IDLE,0.62
1798000.00,PE,0,IDLE,0.62
1799000.00,PE,0,IDLE,0.62
1800000.00,PE,0,IDLE,0.62
1801000.00,PE,0,IDLE,0.62
1802000.00,PE,0,IDLE,0.62
1803000.00,PE,0,IDLE,0.62
1804000.00,PE,0,IDLE,0.62
1805000.00,PE,0,IDLE,0.62
1806000.00,PE,0,IDLE,0.62
1807000.00,PE,0,IDLE,0.62
1808000.00,PE,0,IDLE,0.62
1809000.00,PE,0,IDLE,0.62
1810000.00,PE,0,IDLE,0.62
1811000.00,PE,0,IDLE,0.62
1812000.00,PE,0,IDLE,0.62
1813000.00,PE,0,IDLE,0.62
1814000.00,PE,0,IDLE,0.62
1815000.00,PE,0,IDLE,0.62
1816000.00,PE,0,IDLE,0.62
1817000.00,PE,0,IDLE,0.62
1818000.00,PE,0,IDLE,0.62
1819000.00,PE,0,IDLE,0.62
1820000.00,PE,0,IDLE,0.62
1821000.00,PE,0,IDLE,0.62
1822000.00,PE,0,IDLE,0.62
1823000.00,PE,0,IDLE,0.62
1824000.00,PE,0,IDLE,0.62
1825000.00,PE,0,IDLE,0.62
1826000.00,PE,0,IDLE,0.62
1827000.00,PE,0,IDLE,0.62
1828000.00,PE,0,IDLE,0.62
1829000.00,PE,0,IDLE,0.62
1830000.00,PE,0,IDLE,0.62
1831000.00,PE,0,IDLE,0.62
1832000.00,PE,0,IDLE,0.62
1833000.00,PE,0,IDLE,0.62
1834000.00,PE,0,IDLE,0.62
1835000.00,PE,0,IDLE,0.62
1836000.00,PE,0,IDLE,0.62
1837000.00,PE,0,IDLE,0.62
1838000.00,PE,0,IDLE,0.62
1839000.00,PE,0,IDLE,0.62
1840000.00,PE,0,IDLE,0.62
1841000.00,PE,0,IDLE,0.62
1842000.00,PE,0,IDLE,0.62
1843000.00,PE,0,IDLE,0.62
1844000.00,PE,0,IDLE,0.62
1845000.00,PE,0,IDLE,0.62
1846000.00,PE,0,IDLE,0.62
1847000.00,PE,0,IDLE,0.62
1848000.00,PE,0,IDLE,0.62
1849000.00,PE,0,IDLE,0.62
1850000.00,PE,0,IDLE,0.62
1851000.00,PE,0,IDLE,0.62
1852000.00,PE,0,IDLE,0.62
1853000.00,PE,0,IDLE,0.62
1854000.00,PE,0,IDLE,0.62
1855000.00,PE,0,IDLE,0.62
1856000.00,PE,0,IDLE,0.62
1857000.00,PE,0,IDLE,0.62
1858000.00,PE,0,IDLE,0.62
1859000.00,PE,0,IDLE,0.62
1860000.00,PE,0,IDLE,0.62
1861000.00,PE,0,IDLE,0.62
1862000.00,PE,0,IDLE,0.62
1863000.00,PE,0,IDLE,0.62
1864000.00,PE,0,IDLE,0.62
1865000.00,PE,0,IDLE,0.62
1866000.00,PE,0,IDLE,0.62
1867000.00,PE,0,IDLE,0.62
1868000.00,PE,0,IDLE,0.62
1869000.00,PE,0,IDLE,0.62
1870000.00,PE,0,IDLE,0.62
1871000.00,PE,0,IDLE,0.62
1872000.00,PE,0,IDLE,0.62
1873000.00,PE,0,IDLE,0.62
1874000.00,PE,0,IDLE,0.62
1875000.00,PE,0,IDLE,0.62
1876000.00,PE,0,IDLE,0.62
1877000.00,PE,0,IDLE,0.62
1878000.00,PE,0,IDLE,0.62
1879000.00,PE,0,IDLE,0.62
1880000.00,PE,0,IDLE,0.62
1881000.00,PE,0,IDLE,0.62
1882000.00,PE,0,IDLE,0.62
1883000.00,PE,0,IDLE,0.62
1884000.00,PE,0,IDLE,0.62
1885000.00,PE,0,IDLE,0.62
1886000.00,PE,0,IDLE,0.62
1887000.00,PE,0,IDLE,0.62
1888000.00,PE,0,IDLE,0.62
1889000.00,PE,0,IDLE,0.62
1890000.00,PE,0,IDLE,0.62
1891000.00,PE,0,IDLE,0.62
1892000.00,PE,0,IDLE,0.62
1893000.00,PE,0,IDLE,0.62
1894000.00,PE,0,IDLE,0.62
1895000.00,PE,0,IDLE,0.62
1896000.00,PE,0,IDLE,0.62
1897000.00,PE,0,IDLE,0.62
1898000.00,PE,0,IDLE,0.62
1899000.00,PE,0,IDLE,0.62
1900000.00,PE,0,IDLE,0.62
1901000.00,PE,0,IDLE,0.62
1902000.00,PE,0,IDLE,0.62
1903000.00,PE,0,IDLE,0.62
1904000.00,PE,0,IDLE,0.62
1905000.00,PE,0,IDLE,0.62
1906000.00,PE,0,IDLE,0.62
1907000.00,PE,0,IDLE,0.62
1908000.00,PE,0,IDLE,0.62
1909000.00,PE,0,IDLE,0.62
1910000.00,PE,0,IDLE,0.62
1911000.00,PE,0,IDLE,0.62
1912000.00,PE,0,IDLE,0.62
1913000.00,PE,0,IDLE,0.62
1914000.00,PE,0,IDLE,0.62
1915000.00,PE,0,IDLE,0.62
1916000.00,PE,0,IDLE,0.62
1917000.00,PE,0,IDLE,0.62
1918000.00,PE,0,IDLE,0.62
1919000.00,PE,0,IDLE,0.62
1920000.00,PE,0,IDLE,0.62
1921000.00,PE,0,IDLE,0.62
1922000.00,PE,0,IDLE,0.62
1923000.00,PE,0,IDLE,0.62
1924000.00,PE,0,IDLE,0.62
1925000.00,PE,0,IDLE,0.62
1926000.00,PE,0,IDLE,0.62
1927000.00,PE,0,IDLE,0.62
1928000.00,PE,0,IDLE,0.62
1929000.00,PE,0,IDLE,0.62
1930000.00,PE,0,IDLE,0.62
1931000.00,PE,0,IDLE,0.62
1932000.00,PE,0,IDLE,0.62
1933000.00,PE,0,IDLE,0.62
1934000.00,PE,0,IDLE,0.62
1935000.00,PE,0,IDLE,0.62
1936000.00,PE,0,IDLE,0.62
1937000.00,PE,0,IDLE,0.62
1938000.00,PE,0,IDLE,0.62
1939000.00,PE,0,IDLE,0.62
1940000.00,PE,0,IDLE,0.62
1941000.00,PE,0,IDLE,0.62
1942000.00,PE,0,IDLE,0.62
1943000.00,PE,0,IDLE,0.62
1944000.00,PE,0,IDLE,0.62
1945000.00,PE,0,IDLE,0.62
1946000.00,PE,0,IDLE,0.62
1947000.00,PE,0,IDLE,0.62
1948000.00,PE,0,IDLE,0.62
1949000.00,PE,0,IDLE,0.62
1950000.00,PE,0,IDLE,0.62
1951000.00,PE,0,IDLE,0.62
1952000.00,PE,0,IDLE,0.62
1953000.00,PE,0,IDLE,0.62
1954000.00,PE,0,IDLE,0.62
1955000.00,PE,0,IDLE,0.62
1956000.00,PE,0,IDLE,0.62
1957000.00,PE,0,IDLE,0.62
1958000.00,PE,0,IDLE,0.62
1959000.00,PE,0,IDLE,0.62
1960000.00,PE,0,IDLE,0.62
1961000.00,PE,0,IDLE,0.62
1962000.00,PE,0,IDLE,0.62
1963000.00,PE,0,IDLE,0.62
1964000.00,PE,0,IDLE,0.62
1965000.00,PE,0,IDLE,0.62
1966000.00,PE,0,IDLE,0.62
1967000.00,PE,0,IDLE,0.62
1968000.00,PE,0,IDLE,0.62
1969000.00,PE,0,IDLE,0.62
1970000.00,PE,0,IDLE,0.62
1971000.00,PE,0,IDLE,0.62
1972000.00,PE,0,IDLE,0.62
1973000.00,PE,0,IDLE,0.62
1974000.00,PE,0,IDLE,0.62
1975000.00,PE,0,IDLE,0.62
1976000.00,PE,0,IDLE,0.62
1977000.00,PE,0,IDLE,0.62
1978000.00,PE,0,IDLE,0.62
1979000.00,PE,0,IDLE,0.62
1980000.00,PE,0,IDLE,0.62
1981000.00,PE,0,IDLE,0.62
1982000.00,PE,0,IDLE,0.62
1983000.00,PE,0,IDLE,0.62
1984000.00,PE,0,IDLE,0.62
1985000.00,PE,0,IDLE,0.62
1986000.00,PE,0,IDLE,0.62
1987000.00,PE,0,IDLE,0.62
1988000.00,PE,0,IDLE,0.62
1989000.00,PE,0,IDLE,0.62
1990000.00,PE,0,IDLE,0.62
1991000.00,PE,0,IDLE,0.62
1992000.00,PE,0,IDLE,0.62
1993000.00,PE,0,IDLE,0.62
1994000.00,PE,0,IDLE,0.62
1995000.00,PE,0,IDLE,0.62
1996000.00,PE,0,IDLE,0.62
1997000.00,PE,0,IDLE,0.62
1998000.00,PE,0,IDLE,0.62
1999000.00,PE,0,IDLE,0.62
2000000.00,PE,0,IDLE,0.62
2001000.00,PE,0,IDLE,0.62
2002000.00,PE,0,IDLE,0.62
2003000.00,PE,0,IDLE,0.62
2004000.00,PE,0,IDLE,0.62
2005000.00,PE,0,IDLE,0.62
2006000.00,PE,0,IDLE,0.62
2007000.00,PE,0,IDLE,0.62
2008000.00,PE,0,IDLE,0.62
2009000.00,PE,0,IDLE,0.62
2010000.00,PE,0,IDLE,0.62
2011000.00,PE,0,IDLE,0.62
2012000.00,PE,0,IDLE,0.62
2013000.00,PE,0,IDLE,0.62
2014000.00,PE,0,IDLE,0.62
2015000.00,PE,0,IDLE,0.62
2016000.00,PE,0,IDLE,0.62
2017000.00,PE,0,IDLE,0.62
2018000.00,PE,0,IDLE,0.62
2019000.00,PE,0,IDLE,0.62
2020000.00,PE,0,IDLE,0.62
2021000.00,PE,0,IDLE,0.62
2022000.00,PE,0,IDLE,0.62
2023000.00,PE,0,IDLE,0.62
2024000.00,PE,0,IDLE,0.62
2025000.00,PE,0,IDLE,0.62
2026000.00,PE,0,IDLE,0.62
2027000.00,PE,0,IDLE,0.62
2028000.00,PE,0,IDLE,0.62
2029000.00,PE,0,IDLE,0.62
2030000.00,PE,0,IDLE,0.62
2031000.00,PE,0,IDLE,0.62
2032000.00,PE,0,IDLE,0.62
2033000.00,PE,0,IDLE,0.62
2034000.00,PE,0,IDLE,0.62
2035000.00,PE,0,IDLE,0.62
2036000.00,PE,0,IDLE,0.62
2037000.00,PE,0,IDLE,0.62
2038000.00,PE,0,IDLE,0.62
2039000.00,PE,0,IDLE,0.62
2040000.00,PE,0,IDLE,0.62
2041000.00,PE,0,IDLE,0.62
2042000.00,PE,0,IDLE,0.62
2043000.00,PE,0,IDLE,0.62
2044000.00,PE,0,IDLE,0.62
2045000.00,PE,0,IDLE,0.62
2046000.00,PE,0,IDLE,0.62
2047000.00,PE,0,IDLE,0.62
2048000.00,PE,0,IDLE,0.62
2049000.00,PE,0,IDLE,0.62
2050000.00,PE,0,IDLE,0.62
2051000.00,PE,0,IDLE,0.62
2052000.00,PE,0,IDLE,0.62
2053000.00,PE,0,IDLE,0.62
2054000.00,PE,0,IDLE,0.62
2055000.00,PE,0,IDLE,0.62
2056000.00,PE,0,IDLE,0.62
2057000.00,PE,0,IDLE,0.62
2058000.00,PE,0,IDLE,0.62
2059000.00,PE,0,IDLE,0.62
2060000.00,PE,0,IDLE,0.62
2061000.00,PE,0,IDLE,0.62
2062000.00,PE,0,IDLE,0.62
2063000.00,PE,0,IDLE,0.62
2064000.00,PE,0,IDLE,0.62
2065000.00,PE,0,IDLE,0.62
2066000.00,PE,0,IDLE,0.62
2067000.00,PE,0,IDLE,0.62
2068000.00,PE,0,IDLE,0.62
2069000.00,PE,0,IDLE,0.62
2070000.00,PE,0,IDLE,0.62
2071000.00,PE,0,IDLE,0.62
2072000.00,PE,0,IDLE,0.62
2073000.00,PE,0,IDLE,0.62
2074000.00,PE,0,IDLE,0.62
2075000.00,PE,0,IDLE,0.62
2076000.00,PE,0,IDLE,0.62
2077000.00,PE,0,IDLE,0.62
2078000.00,PE,0,IDLE,0.62
2079000.00,PE,0,IDLE,0.62
2080000.00,PE,0,IDLE,0.62
2081000.00,PE,0,IDLE,0.62
2082000.00,PE,0,IDLE,0.62
2083000.00,PE,0,IDLE,0.62
2084000.00,PE,0,IDLE,0.62
2085000.00,PE,0,IDLE,0.62
2086000.00,PE,0,IDLE,0.62
2087000.00,PE,0,IDLE,0.62
2088000.00,PE,0,IDLE,0.62
2089000.00,PE,0,IDLE,0.62
2090000.00,PE,0,IDLE,0.62
2091000.00,PE,0,IDLE,0.62
2092000.00,PE,0,IDLE,0.62
2093000.00,PE,0,IDLE,0.62
2094000.00,PE,0,IDLE,0.62
2095000.00,PE,0,IDLE,0.62
2096000.00,PE,0,IDLE,0.62
2097000.00,PE,0,IDLE,0.62
2098000.00,PE,0,IDLE,0.62
2099000.00,PE,0,IDLE,0.62
2100000.00,PE,0,IDLE,0.62
2101000.00,PE,0,IDLE,0.62
2102000.00,PE,0,IDLE,0.62
2103000.00,PE,0,IDLE,0.62
2104000.00,PE,0,IDLE,0.62
2105000.00,PE,0,IDLE,0.62
2106000.00,PE,0,IDLE,0.62
2107000.00,PE,0,IDLE,0.62
2108000.00,PE,0,IDLE,0.62
2109000.00,PE,0,IDLE,0.62
2110000.00,PE,0,IDLE,0.62
2111000.00,PE,0,IDLE,0.62
2112000.00,PE,0,IDLE,0.62
2113000.00,PE,0,IDLE,0.62
2114000.00,PE,0,IDLE,0.62
2115000.00,PE,0,IDLE,0.62
2116000.00,PE,0,IDLE,0.62
2117000.00,PE,0,IDLE,0.62
2118000.00,PE,0,IDLE,0.62
2119000.00,PE,0,IDLE,0.62
2120000.00,PE,0,IDLE,0.62
2121000.00,PE,0,IDLE,0.62
2122000.00,PE,0,IDLE,0.62
2123000.00,PE,0,IDLE,0.62
2124000.00,PE,0,IDLE,0.62
2125000.00,PE,0,IDLE,0.62
2126000.00,PE,0,IDLE,0.62
2127000.00,PE,0,IDLE,0.62
2128000.00,PE,0,IDLE,0.62
2129000.00,PE,0,IDLE,0.62
2130000.00,PE,0,IDLE,0.62
2131000.00,PE,0,IDLE,0.62
2132000.00,PE,0,IDLE,0.62
2133000.00,PE,0,IDLE,0.62
2134000.00,PE,0,IDLE,0.62
2135000.00,PE,0,IDLE,0.62
2136000.00,PE,0,IDLE,0.62
2137000.00,PE,0,IDLE,0.62
2138000.00,PE,0,IDLE,0.62
2139000.00,PE,0,IDLE,0.62
2140000.00,PE,0,IDLE,0.62
2141000.00,PE,0,IDLE,0.62
2142000.00,PE,0,IDLE,0.62
2143000.00,PE,0,IDLE,0.62
2144000.00,PE,0,IDLE,0.62
2145000.00,PE,0,IDLE,0.62
2146000.00,PE,0,IDLE,0.62
2147000.00,PE,0,IDLE,0.62
2148000.00,PE,0,IDLE,0.62
2149000.00,PE,0,IDLE,0.62
2150000.00,PE,0,IDLE,0.62
2151000.00,PE,0,IDLE,0.62
2152000.00,PE,0,IDLE,0.62
2153000.00,PE,0,IDLE,0.62
2154000.00,PE,0,IDLE,0.62
2155000.00,PE,0,IDLE,0.62
2156000.00,PE,0,IDLE,0.62
2157000.00,PE,0,IDLE,0.62
2158000.00,PE,0,IDLE,0.62
2159000.00,PE,0,IDLE,0.62
2160000.00,PE,0,IDLE,0.62
2161000.00,PE,0,IDLE,0.62
2162000.00,PE,0,IDLE,0.62
2163000.00,PE,0,IDLE,0.62
2164000.00,PE,0,IDLE,0.62
2165000.00,PE,0,IDLE,0.62
2166000.00,PE,0,IDLE,0.62
2167000.00,PE,0,IDLE,0.62
2168000.00,PE,0,IDLE,0.62
2169000.00,PE,0,IDLE,0.62
2170000.00,PE,0,IDLE,0.62
2171000.00,PE,0,IDLE,0.62
2172000.00,PE,0,IDLE,0.62
2173000.00,PE,0,IDLE,0.62
2174000.00,PE,0,IDLE,0.62
2175000.00,PE,0,IDLE,0.62
2176000.00,PE,0,IDLE,0.62
2177000.00,PE,0,IDLE,0.62
2178000.00,PE,0,IDLE,0.62
2179000.00,PE,0,IDLE,0.62
2180000.00,PE,0,IDLE,0.62
2181000.00,PE,0,IDLE,0.62
2182000.00,PE,0,IDLE,0.62
2183000.00,PE,0,IDLE,0.62
2184000.00,PE,0,IDLE,0.62
2185000.00,PE,0,IDLE,0.62
2186000.00,PE,0,IDLE,0.62
2187000.00,PE,0,IDLE,0.62
2188000.00,PE,0,IDLE,0.62
2189000.00,PE,0,IDLE,0.62
2190000.00,PE,0,IDLE,0.62
2191000.00,PE,0,IDLE,0.62
2192000.00,PE,0,IDLE,0.62
2193000.00,PE,0,IDLE,0.62
2194000.00,PE,0,IDLE,0.62
2195000.00,PE,0,IDLE,0.62
2196000.00,PE,0,IDLE,0.62
2197000.00,PE,0,IDLE,0.62
2198000.00,PE,0,IDLE,0.62
2199000.00,PE,0,IDLE,0.62
2200000.00,PE,0,IDLE,0.62
2201000.00,PE,0,IDLE,0.62
2202000.00,PE,0,IDLE,0.62
2203000.00,PE,0,IDLE,0.62
2204000.00,PE,0,IDLE,0.62
2205000.00,PE,0,IDLE,0.62
2206000.00,PE,0,IDLE,0.62
2207000.00,PE,0,IDLE,0.62
2208000.00,PE,0,IDLE,0.62
2209000.00,PE,0,IDLE,0.62
2210000.00,PE,0,IDLE,0.62
2211000.00,PE,0,IDLE,0.62
2212000.00,PE,0,IDLE,0.62
2213000.00,PE,0,IDLE,0.62
2214000.00,PE,0,IDLE,0.62
2215000.00,PE,0,IDLE,0.62
2216000.00,PE,0,IDLE,0.62
2217000.00,PE,0,IDLE,0.62
2218000.00,PE,0,IDLE,0.62
2219000.00,PE,0,IDLE,0.62
2220000.00,PE,0,IDLE,0.62
2221000.00,PE,0,IDLE,0.62
2222000.00,PE,0,IDLE,0.62
2223000.00,PE,0,IDLE,0.62
2224000.00,PE,0,IDLE,0.62
2225000.00,PE,0,IDLE,0.62
2226000.00,PE,0,IDLE,0.62
2227000.00,PE,0,IDLE,0.62
2228000.00,PE,0,IDLE,0.62
2229000.00,PE,0,IDLE,0.62
2230000.00,PE,0,IDLE,0.62
2231000.00,PE,0,IDLE,0.62
2232000.00,PE,0,IDLE,0.62
2233000.00,PE,0,IDLE,0.62
2234000.00,PE,0,IDLE,0.62
2235000.00,PE,0,IDLE,0.62
2236000.00,PE,0,IDLE,0.62
2237000.00,PE,0,IDLE,0.62
2238000.00,PE,0,IDLE,0.62
2239000.00,PE,0,IDLE,0.62
2240000.00,PE,0,IDLE,0.62
2241000.00,PE,0,IDLE,0.62
2242000.00,PE,0,IDLE,0.62
2243000.00,PE,0,IDLE,0.62
2244000.00,PE,0,IDLE,0.62
2245000.00,PE,0,IDLE,0.62
2246000.00,PE,0,IDLE,0.62
2247000.00,PE,0,IDLE,0.62
2248000.00,PE,0,IDLE,0.62
2249000.00,PE,0,IDLE,0.62
2250000.00,PE,0,IDLE,0.62
2251000.00,PE,0,IDLE,0.62
2252000.00,PE,0,IDLE,0.62
2253000.00,PE,0,IDLE,0.62
2254000.00,PE,0,IDLE,0.62
2255000.00,PE,0,IDLE,0.62
2256000.00,PE,0,IDLE,0.62
2257000.00,PE,0,IDLE,0.62
2258000.00,PE,0,IDLE,0.62
2259000.00,PE,0,IDLE,0.62
2260000.00,PE,0,IDLE,0.62
2261000.00,PE,0,IDLE,0.62
2262000.00,PE,0,IDLE,0.62
2263000.00,PE,0,IDLE,0.62
2264000.00,PE,0,IDLE,0.62
2265000.00,PE,0,IDLE,0.62
2266000.00,PE,0,IDLE,0.62
2267000.00,PE,0,IDLE,0.62
2268000.00,PE,0,IDLE,0.62
2269000.00,PE,0,IDLE,0.62
2270000.00,PE,0,IDLE,0.62
2271000.00,PE,0,IDLE,0.62
2272000.00,PE,0,IDLE,0.62
2273000.00,PE,0,IDLE,0.62
2274000.00,PE,0,IDLE,0.62
2275000.00,PE,0,IDLE,0.62
2276000.00,PE,0,IDLE,0.62
2277000.00,PE,0,IDLE,0.62
2278000.00,PE,0,IDLE,0.62
2279000.00,PE,0,IDLE,0.62
2280000.00,PE,0,IDLE,0.62
2281000.00,PE,0,IDLE,0.62
2282000.00,PE,0,IDLE,0.62
2283000.00,PE,0,IDLE,0.62
2284000.00,PE,0,IDLE,0.62
2285000.00,PE,0,IDLE,0.62
2286000.00,PE,0,IDLE,0.62
2287000.00,PE,0,IDLE,0.62
2288000.00,PE,0,IDLE,0.62
2289000.00,PE,0,IDLE,0.62
2290000.00,PE,0,IDLE,0.62
2291000.00,PE,0,IDLE,0.62
2292000.00,PE,0,IDLE,0.62
2293000.00,PE,0,IDLE,0.62
2294000.00,PE,0,IDLE,0.62
2295000.00,PE,0,IDLE,0.62
2296000.00,PE,0,IDLE,0.62
2297000.00,PE,0,IDLE,0.62
2298000.00,PE,0,IDLE,0.62
2299000.00,PE,0,IDLE,0.62
2300000.00,PE,0,IDLE,0.62
2301000.00,PE,0,IDLE,0.62
2302000.00,PE,0,IDLE,0.62
2303000.00,PE,0,IDLE,0.62
2304000.00,PE,0,IDLE,0.62
2305000.00,PE,0,IDLE,0.62
2306000.00,PE,0,IDLE,0.62
2307000.00,PE,0,IDLE,0.62
2308000.00,PE,0,IDLE,0.62
2309000.00,PE,0,IDLE,0.62
2310000.00,PE,0,IDLE,0.62
2311000.00,PE,0,IDLE,0.62
2312000.00,PE,0,IDLE,0.62
2313000.00,PE,0,IDLE,0.62
2314000.00,PE,0,IDLE,0.62
2315000.00,PE,0,IDLE,0.62
2316000.00,PE,0,IDLE,0.62
2317000.00,PE,0,IDLE,0.62
2318000.00,PE,0,IDLE,0.62
2319000.00,PE,0,IDLE,0.62
2320000.00,PE,0,IDLE,0.62
2321000.00,PE,0,IDLE,0.62
2322000.00,PE,0,IDLE,0.62
2323000.00,PE,0,IDLE,0.62
2324000.00,PE,0,IDLE,0.62
2325000.00,PE,0,IDLE,0.62
2326000.00,PE,0,IDLE,0.62
2327000.00,PE,0,IDLE,0.62
2328000.00,PE,0,IDLE,0.62
2329000.00,PE,0,IDLE,0.62
2330000.00,PE,0,IDLE,0.62
2331000.00,PE,0,IDLE,0.62
2332000.00,PE,0,IDLE,0.62
2333000.00,PE,0,IDLE,0.62
2334000.00,PE,0,IDLE,0.62
2335000.00,PE,0,IDLE,0.62
2336000.00,PE,0,IDLE,0.62
2337000.00,PE,0,IDLE,0.62
2338000.00,PE,0,IDLE,0.62
2339000.00,PE,0,IDLE,0.62
2340000.00,PE,0,IDLE,0.62
2341000.00,PE,0,IDLE,0.62
2342000.00,PE,0,IDLE,0.62
2343000.00,PE,0,IDLE,0.62
2344000.00,PE,0,IDLE,0.62
2345000.00,PE,0,IDLE,0.62
2346000.00,PE,0,IDLE,0.62
2347000.00,PE,0,IDLE,0.62
2348000.00,PE,0,IDLE,0.62
2349000.00,PE,0,IDLE,0.62
2350000.00,PE,0,IDLE,0.62
2351000.00,PE,0,IDLE,0.62
2352000.00,PE,0,IDLE,0.62
2353000.00,PE,0,IDLE,0.62
2354000.00,PE,0,IDLE,0.62
2355000.00,PE,0,IDLE,0.62
2356000.00,PE,0,IDLE,0.62
2357000.00,PE,0,IDLE,0.62
2358000.00,PE,0,IDLE,0.62
2359000.00,PE,0,IDLE,0.62
2360000.00,PE,0,IDLE,0.62
2361000.00,PE,0,IDLE,0.62
2362000.00,PE,0,IDLE,0.62
2363000.00,PE,0,IDLE,0.62
2364000.00,PE,0,IDLE,0.62
2365000.00,PE,0,IDLE,0.62
2366000.00,PE,0,IDLE,0.62
2367000.00,PE,0,IDLE,0.62
2368000.00,PE,0,IDLE,0.62
2369000.00,PE,0,IDLE,0.62
2370000.00,PE,0,IDLE,0.62
2371000.00,PE,0,IDLE,0.62
2372000.00,PE,0,IDLE,0.62
2373000.00,PE,0,IDLE,0.62
2374000.00,PE,0,IDLE,0.62
2375000.00,PE,0,IDLE,0.62
2376000.00,PE,0,IDLE,0.62
2377000.00,PE,0,IDLE,0.62
2378000.00,PE,0,IDLE,0.62
2379000.00,PE,0,IDLE,0.62
2380000.00,PE,0,IDLE,0.62
2381000.00,PE,0,IDLE,0.62
2382000.00,PE,0,IDLE,0.62
2383000.00,PE,0,IDLE,0.62
2384000.00,PE,0,IDLE,0.62
2385000.00,PE,0,IDLE,0.62
2386000.00,PE,0,IDLE,0.62
2387000.00,PE,0,IDLE,0.62
2388000.00,PE,0,IDLE,0.62
2389000.00,PE,0,IDLE,0.62
2390000.00,PE,0,IDLE,0.62
2391000.00,PE,0,IDLE,0.62
2392000.00,PE,0,IDLE,0.62
2393000.00,PE,0,IDLE,0.62
2394000.00,PE,0,IDLE,0.62
2395000.00,PE,0,IDLE,0.62
2396000.00,PE,0,IDLE,0.62
2397000.00,PE,0,IDLE,0.62
2398000.00,PE,0,IDLE,0.62
2399000.00,PE,0,IDLE,0.62
2400000.00,PE,0,IDLE,0.62
2401000.00,PE,0,IDLE,0.62
2402000.00,PE,0,IDLE,0.62
2403000.00,PE,0,IDLE,0.62
2404000.00,PE,0,IDLE,0.62
2405000.00,PE,0,IDLE,0.62
2406000.00,PE,0,IDLE,0.62
2407000.00,PE,0,IDLE,0.62
2408000.00,PE,0,IDLE,0.62
2409000.00,PE,0,IDLE,0.62
2410000.00,PE,0,IDLE,0.62
2411000.00,PE,0,IDLE,0.62
2412000.00,PE,0,IDLE,0.62
2413000.00,PE,0,IDLE,0.62
2414000.00,PE,0,IDLE,0.62
2415000.00,PE,0,IDLE,0.62
2416000.00,PE,0,IDLE,0.62
2417000.00,PE,0,IDLE,0.62
2418000.00,PE,0,IDLE,0.62
2419000.00,PE,0,IDLE,0.62
2420000.00,PE,0,IDLE,0.62
2421000.00,PE,0,IDLE,0.62
2422000.00,PE,0,IDLE,0.62
2423000.00,PE,0,IDLE,0.62
2424000.00,PE,0,IDLE,0.62
2425000.00,PE,0,IDLE,0.62
2426000.00,PE,0,IDLE,0.62
2427000.00,PE,0,IDLE,0.62
2428000.00,PE,0,IDLE,0.62
2429000.00,PE,0,IDLE,0.62
2430000.00,PE,0,IDLE,0.62
2431000.00,PE,0,IDLE,0.62
2432000.00,PE,0,IDLE,0.62
2433000.00,PE,0,IDLE,0.62
2434000.00,PE,0,IDLE,0.62
2435000.00,PE,0,IDLE,0.62
2436000.00,PE,0,IDLE,0.62
2437000.00,PE,0,IDLE,0.62
2438000.00,PE,0,IDLE,0.62
2439000.00,PE,0,IDLE,0.62
2440000.00,PE,0,IDLE,0.62
2441000.00,PE,0,IDLE,0.62
2442000.00,PE,0,IDLE,0.62
2443000.00,PE,0,IDLE,0.62
2444000.00,PE,0,IDLE,0.62
2445000.00,PE,0,IDLE,0.62
2446000.00,PE,0,IDLE,0.62
2447000.00,PE,0,IDLE,0.62
2448000.00,PE,0,IDLE,0.62
2449000.00,PE,0,IDLE,0.62
2450000.00,PE,0,IDLE,0.62
2451000.00,PE,0,IDLE,0.62
2452000.00,PE,0,IDLE,0.62
2453000.00,PE,0,IDLE,0.62
2454000.00,PE,0,IDLE,0.62
2455000.00,PE,0,IDLE,0.62
2456000.00,PE,0,IDLE,0.62
2457000.00,PE,0,IDLE,0.62
2458000.00,PE,0,IDLE,0.62
2459000.00,PE,0,IDLE,0.62
2460000.00,PE,0,IDLE,0.62
2461000.00,PE,0,IDLE,0.62
2462000.00,PE,0,IDLE,0.62
2463000.00,PE,0,IDLE,0.62
2464000.00,PE,0,IDLE,0.62
2465000.00,PE,0,IDLE,0.62
2466000.00,PE,0,IDLE,0.62
2467000.00,PE,0,IDLE,0.62
2468000.00,PE,0,IDLE,0.62
2469000.00,PE,0,IDLE,0.62
2470000.00,PE,0,IDLE,0.62
2471000.00,PE,0,IDLE,0.62
2472000.00,PE,0,IDLE,0.62
2473000.00,PE,0,IDLE,0.62
2474000.00,PE,0,IDLE,0.62
2475000.00,PE,0,IDLE,0.62
2476000.00,PE,0,IDLE,0.62
2477000.00,PE,0,IDLE,0.62
2478000.00,PE,0,IDLE,0.62
2479000.00,PE,0,IDLE,0.62
2480000.00,PE,0,IDLE,0.62
2481000.00,PE,0,IDLE,0.62
2482000.00,PE,0,IDLE,0.62
2483000.00,PE,0,IDLE,0.62
2484000.00,PE,0,IDLE,0.62
2485000.00,PE,0,IDLE,0.62
2486000.00,PE,0,IDLE,0.62
2487000.00,PE,0,IDLE,0.62
2488000.00,PE,0,IDLE,0.62
2489000.00,PE,0,IDLE,0.62
2490000.00,PE,0,IDLE,0.62
2491000.00,PE,0,IDLE,0.62
2492000.00,PE,0,IDLE,0.62
2493000.00,PE,0,IDLE,0.62
2494000.00,PE,0,IDLE,0.62
2495000.00,PE,0,IDLE,0.62
2496000.00,PE,0,IDLE,0.62
2497000.00,PE,0,IDLE,0.62
2498000.00,PE,0,IDLE,0.62
2499000.00,PE,0,IDLE,0.62
2500000.00,PE,0,IDLE,0.62
2501000.00,PE,0,IDLE,0.62
2502000.00,PE,0,IDLE,0.62
2503000.00,PE,0,IDLE,0.62
2504000.00,PE,0,IDLE,0.62
2505000.00,PE,0,IDLE,0.62
2506000.00,PE,0,IDLE,0.62
2507000.00,PE,0,IDLE,0.62
2508000.00,PE,0,IDLE,0.62
2509000.00,PE,0,IDLE,0.62
2510000.00,PE,0,IDLE,0.62
2511000.00,PE,0,IDLE,0.62
2512000.00,PE,0,IDLE,0.62
2513000.00,PE,0,IDLE,0.62
2514000.00,PE,0,IDLE,0.62
2515000.00,PE,0,IDLE,0.62
2516000.00,PE,0,IDLE,0.62
2517000.00,PE,0,IDLE,0.62
2518000.00,PE,0,IDLE,0.62
2519000.00,PE,0,IDLE,0.62
2520000.00,PE,0,IDLE,0.62
2521000.00,PE,0,IDLE,0.62
2522000.00,PE,0,IDLE,0.62
2523000.00,PE,0,IDLE,0.62
2524000.00,PE,0,IDLE,0.62
2525000.00,PE,0,IDLE,0.62
2526000.00,PE,0,IDLE,0.62
2527000.00,PE,0,IDLE,0.62
2528000.00,PE,0,IDLE,0.62
2529000.00,PE,0,IDLE,0.62
2530000.00,PE,0,IDLE,0.62
2531000.00,PE,0,IDLE,0.62
2532000.00,PE,0,IDLE,0.62
2533000.00,PE,0,IDLE,0.62
2534000.00,PE,0,IDLE,0.62
2535000.00,PE,0,IDLE,0.62
2536000.00,PE,0,IDLE,0.62
2537000.00,PE,0,IDLE,0.62
2538000.00,PE,0,IDLE,0.62
2539000.00,PE,0,IDLE,0.62
2540000.00,PE,0,IDLE,0.62
2541000.00,PE,0,IDLE,0.62
2542000.00,PE,0,IDLE,0.62
2543000.00,PE,0,IDLE,0.62
2544000.00,PE,0,IDLE,0.62
2545000.00,PE,0,IDLE,0.62
2546000.00,PE,0,IDLE,0.62
2547000.00,PE,0,IDLE,0.62
2548000.00,PE,0,IDLE,0.62
2549000.00,PE,0,IDLE,0.62
2550000.00,PE,0,IDLE,0.62
2551000.00,PE,0,IDLE,0.62
2552000.00,PE,0,IDLE,0.62
2553000.00,PE,0,IDLE,0.62
2554000.00,PE,0,IDLE,0.62
2555000.00,PE,0,IDLE,0.62
2556000.00,PE,0,IDLE,0.62
2557000.00,PE,0,IDLE,0.62
2558000.00,PE,0,IDLE,0.62
2559000.00,PE,0,IDLE,0.62
2560000.00,PE,0,IDLE,0.62
2561000.00,PE,0,IDLE,0.62
2562000.00,PE,0,IDLE,0.62
2563000.00,PE,0,IDLE,0.62
2564000.00,PE,0,IDLE,0.62
2565000.00,PE,0,IDLE,0.62
2566000.00,PE,0,IDLE,0.62
2567000.00,PE,0,IDLE,0.62
2568000.00,PE,0,IDLE,0.62
2569000.00,PE,0,IDLE,0.62
2570000.00,PE,0,IDLE,0.62
2571000.00,PE,0,IDLE,0.62
2572000.00,PE,0,IDLE,0.62
2573000.00,PE,0,IDLE,0.62
2574000.00,PE,0,IDLE,0.62
2575000.00,PE,0,IDLE,0.62
2576000.00,PE,0,IDLE,0.62
2577000.00,PE,0,IDLE,0.62
2578000.00,PE,0,IDLE,0.62
2579000.00,PE,0,IDLE,0.62
2580000.00,PE,0,IDLE,0.62
2581000.00,PE,0,IDLE,0.62
2582000.00,PE,0,IDLE,0.62
2583000.00,PE,0,IDLE,0.62
2584000.00,PE,0,IDLE,0.62
2585000.00,PE,0,IDLE,0.62
2586000.00,PE,0,IDLE,0.62
2587000.00,PE,0,IDLE,0.62
2588000.00,PE,0,IDLE,0.62
2589000.00,PE,0,IDLE,0.62
2590000.00,PE,0,IDLE,0.62
2591000.00,PE,0,IDLE,0.62
2592000.00,PE,0,IDLE,0.62
2593000.00,PE,0,IDLE,0.62
2594000.00,PE,0,IDLE,0.62
2595000.00,PE,0,IDLE,0.62
2596000.00,PE,0,IDLE,0.62
2597000.00,PE,0,IDLE,0.62
2598000.00,PE,0,IDLE,0.62
2599000.00,PE,0,IDLE,0.62
2600000.00,PE,0,IDLE,0.62
2601000.00,PE,0,IDLE,0.62
2602000.00,PE,0,IDLE,0.62
2603000.00,PE,0,IDLE,0.62
2604000.00,PE,0,IDLE,0.62
2605000.00,PE,0,IDLE,0.62
2606000.00,PE,0,IDLE,0.62
2607000.00,PE,0,IDLE,0.62
2608000.00,PE,0,IDLE,0.62
2609000.00,PE,0,IDLE,0.62
2610000.00,PE,0,IDLE,0.62
2611000.00,PE,0,IDLE,0.62
2612000.00,PE,0,IDLE,0.62
2613000.00,PE,0,IDLE,0.62
2614000.00,PE,0,IDLE,0.62
2615000.00,PE,0,IDLE,0.62
2616000.00,PE,0,IDLE,0.62
2617000.00,PE,0,IDLE,0.62
2618000.00,PE,0,IDLE,0.62
2619000.00,PE,0,IDLE,0.62
2620000.00,PE,0,IDLE,0.62
2621000.00,PE,0,IDLE,0.62
2622000.00,PE,0,IDLE,0.62
2623000.00,PE,0,IDLE,0.62
2624000.00,PE,0,IDLE,0.62
2625000.00,PE,0,IDLE,0.62
2626000.00,PE,0,IDLE,0.62
2627000.00,PE,0,IDLE,0.62
2628000.00,PE,0,IDLE,0.62
2629000.00,PE,0,IDLE,0.62
2630000.00,PE,0,IDLE,0.62
2631000.00,PE,0,IDLE,0.62
2632000.00,PE,0,IDLE,0.62
2633000.00,PE,0,IDLE,0.62
2634000.00,PE,0,IDLE,0.62
2635000.00,PE,0,IDLE,0.62
2636000.00,PE,0,IDLE,0.62
2637000.00,PE,0,IDLE,0.62
2638000.00,PE,0,IDLE,0.62
2639000.00,PE,0,IDLE,0.62
2640000.00,PE,0,IDLE,0.62
2641000.00,PE,0,IDLE,0.62
2642000.00,PE,0,IDLE,0.62
2643000.00,PE,0,IDLE,0.62
2644000.00,PE,0,IDLE,0.62
2645000.00,PE,0,IDLE,0.62
2646000.00,PE,0,IDLE,0.62
2647000.00,PE,0,IDLE,0.62
2648000.00,PE,0,IDLE,0.62
2649000.00,PE,0,IDLE,0.62
2650000.00,PE,0,IDLE,0.62
2651000.00,PE,0,IDLE,0.62
2652000.00,PE,0,IDLE,0.62
2653000.00,PE,0,IDLE,0.62
2654000.00,PE,0,IDLE,0.62
2655000.00,PE,0,IDLE,0.62
2656000.00,PE,0,IDLE,0.62
2657000.00,PE,0,IDLE,0.62
2658000.00,PE,0,IDLE,0.62
2659000.00,PE,0,IDLE,0.62
2660000.00,PE,0,IDLE,0.62
2661000.00,PE,0,IDLE,0.62
2662000.00,PE,0,IDLE,0.62
2663000.00,PE,0,IDLE,0.62
2664000.00,PE,0,IDLE,0.62
2665000.00,PE,0,IDLE,0.62
2666000.00,PE,0,IDLE,0.62
2667000.00,PE,0,IDLE,0.62
2668000.00,PE,0,IDLE,0.62
2669000.00,PE,0,IDLE,0.62
2670000.00,PE,0,IDLE,0.62
2671000.00,PE,0,IDLE,0.62
2672000.00,PE,0,IDLE,0.62
2673000.00,PE,0,IDLE,0.62
2674000.00,PE,0,IDLE,0.62
2675000.00,PE,0,IDLE,0.62
2676000.00,PE,0,IDLE,0.62
2677000.00,PE,0,IDLE,0.62
2678000.00,PE,0,IDLE,0.62
2679000.00,PE,0,IDLE,0.62
2680000.00,PE,0,IDLE,0.62
2681000.00,PE,0,IDLE,0.62
2682000.00,PE,0,IDLE,0.62
2683000.00,PE,0,IDLE,0.62
2684000.00,PE,0,IDLE,0.62
2685000.00,PE,0,IDLE,0.62
2686000.00,PE,0,IDLE,0.62
2687000.00,PE,0,IDLE,0.62
2688000.00,PE,0,IDLE,0.62
2689000.00,PE,0,IDLE,0.62
2690000.00,PE,0,IDLE,0.62
2691000.00,PE,0,IDLE,0.62
2692000.00,PE,0,IDLE,0.62
2693000.00,PE,0,IDLE,0.62
2694000.00,PE,0,IDLE,0.62
2695000.00,PE,0,IDLE,0.62
2696000.00,PE,0,IDLE,0.62
2697000.00,PE,0,IDLE,0.62
2698000.00,PE,0,IDLE,0.62
2699000.00,PE,0,IDLE,0.62
2700000.00,PE,0,IDLE,0.62
2701000.00,PE,0,IDLE,0.62
2702000.00,PE,0,IDLE,0.62
2703000.00,PE,0,IDLE,0.62
2704000.00,PE,0,IDLE,0.62
2705000.00,PE,0,IDLE,0.62
2706000.00,PE,0,IDLE,0.62
2707000.00,PE,0,IDLE,0.62
2708000.00,PE,0,IDLE,0.62
2709000.00,PE,0,IDLE,0.62
2710000.00,PE,0,IDLE,0.62
2711000.00,PE,0,IDLE,0.62
2712000.00,PE,0,IDLE,0.62
2713000.00,PE,0,IDLE,0.62
2714000.00,PE,0,IDLE,0.62
2715000.00,PE,0,IDLE,0.62
2716000.00,PE,0,IDLE,0.62
2717000.00,PE,0,IDLE,0.62
2718000.00,PE,0,IDLE,0.62
2719000.00,PE,0,IDLE,0.62
2720000.00,PE,0,IDLE,0.62
2721000.00,PE,0,IDLE,0.62
2722000.00,PE,0,IDLE,0.62
2723000.00,PE,0,IDLE,0.62
2724000.00,PE,0,IDLE,0.62
2725000.00,PE,0,IDLE,0.62
2726000.00,PE,0,IDLE,0.62
2727000.00,PE,0,IDLE,0.62
2728000.00,PE,0,IDLE,0.62
2729000.00,PE,0,IDLE,0.62
2730000.00,PE,0,IDLE,0.62
2731000.00,PE,0,IDLE,0.62
2732000.00,PE,0,IDLE,0.62
2733000.00,PE,0,IDLE,0.62
2734000.00,PE,0,IDLE,0.62
2735000.00,PE,0,IDLE,0.62
2736000.00,PE,0,IDLE,0.62
2737000.00,PE,0,IDLE,0.62
2738000.00,PE,0,IDLE,0.62
2739000.00,PE,0,IDLE,0.62
2740000.00,PE,0,IDLE,0.62
2741000.00,PE,0,IDLE,0.62
2742000.00,PE,0,IDLE,0.62
2743000.00,PE,0,IDLE,0.62
2744000.00,PE,0,IDLE,0.62
2745000.00,PE,0,IDLE,0.62
2746000.00,PE,0,IDLE,0.62
2747000.00,PE,0,IDLE,0.62
2748000.00,PE,0,IDLE,0.62
2749000.00,PE,0,IDLE,0.62
2750000.00,PE,0,IDLE,0.62
2751000.00,PE,0,IDLE,0.62
2752000.00,PE,0,IDLE,0.62
2753000.00,PE,0,IDLE,0.62
2754000.00,PE,0,IDLE,0.62
2755000.00,PE,0,IDLE,0.62
2756000.00,PE,0,IDLE,0.62
2757000.00,PE,0,IDLE,0.62
2758000.00,PE,0,IDLE,0.62
2759000.00,PE,0,IDLE,0.62
2760000.00,PE,0,IDLE,0.62
2761000.00,PE,0,IDLE,0.62
2762000.00,PE,0,IDLE,0.62
2763000.00,PE,0,IDLE,0.62
2764000.00,PE,0,IDLE,0.62
2765000.00,PE,0,IDLE,0.62
2766000.00,PE,0,IDLE,0.62
2767000.00,PE,0,IDLE,0.62
2768000.00,PE,0,IDLE,0.62
2769000.00,PE,0,IDLE,0.62
2770000.00,PE,0,IDLE,0.62
2771000.00,PE,0,IDLE,0.62
2772000.00,PE,0,IDLE,0.62
2773000.00,PE,0,IDLE,0.62
2774000.00,PE,0,IDLE,0.62
2775000.00,PE,0,IDLE,0.62
2776000.00,PE,0,IDLE,0.62
2777000.00,PE,0,IDLE,0.62
2778000.00,PE,0,IDLE,0.62
2779000.00,PE,0,IDLE,0.62
2780000.00,PE,0,IDLE,0.62
2781000.00,PE,0,IDLE,0.62
2782000.00,PE,0,IDLE,0.62
2783000.00,PE,0,IDLE,0.62
2784000.00,PE,0,IDLE,0.62
2785000.00,PE,0,IDLE,0.62
2786000.00,PE,0,IDLE,0.62
2787000.00,PE,0,IDLE,0.62
2788000.00,PE,0,IDLE,0.62
2789000.00,PE,0,IDLE,0.62
2790000.00,PE,0,IDLE,0.62
2791000.00,PE,0,IDLE,0.62
2792000.00,PE,0,IDLE,0.62
2793000.00,PE,0,IDLE,0.62
2794000.00,PE,0,IDLE,0.62
2795000.00,PE,0,IDLE,0.62
2796000.00,PE,0,IDLE,0.62
2797000.00,PE,0,IDLE,0.62
2798000.00,PE,0,IDLE,0.62
2799000.00,PE,0,IDLE,0.62
2800000.00,PE,0,IDLE,0.62
2801000.00,PE,0,IDLE,0.62
2802000.00,PE,0,IDLE,0.62
2803000.00,PE,0,IDLE,0.62
2804000.00,PE,0,IDLE,0.62
2805000.00,PE,0,IDLE,0.62
2806000.00,PE,0,IDLE,0.62
2807000.00,PE,0,IDLE,0.62
2808000.00,PE,0,IDLE,0.62
2809000.00,PE,0,IDLE,0.62
2810000.00,PE,0,IDLE,0.62
2811000.00,PE,0,IDLE,0.62
2812000.00,PE,0,IDLE,0.62
2813000.00,PE,0,IDLE,0.62
2814000.00,PE,0,IDLE,0.62
2815000.00,PE,0,IDLE,0.62
2816000.00,PE,0,IDLE,0.62
2817000.00,PE,0,IDLE,0.62
2818000.00,PE,0,IDLE,0.62
2819000.00,PE,0,IDLE,0.62
2820000.00,PE,0,IDLE,0.62
2821000.00,PE,0,IDLE,0.62
2822000.00,PE,0,IDLE,0.62
2823000.00,PE,0,IDLE,0.62
2824000.00,PE,0,IDLE,0.62
2825000.00,PE,0,IDLE,0.62
2826000.00,PE,0,IDLE,0.62
2827000.00,PE,0,IDLE,0.62
2828000.00,PE,0,IDLE,0.62
2829000.00,PE,0,IDLE,0.62
2830000.00,PE,0,IDLE,0.62
2831000.00,PE,0,IDLE,0.62
2832000.00,PE,0,IDLE,0.62
2833000.00,PE,0,IDLE,0.62
2834000.00,PE,0,IDLE,0.62
2835000.00,PE,0,IDLE,0.62
2836000.00,PE,0,IDLE,0.62
2837000.00,PE,0,IDLE,0.62
2838000.00,PE,0,IDLE,0.62
2839000.00,PE,0,IDLE,0.62
2840000.00,PE,0,IDLE,0.62
2841000.00,PE,0,IDLE,0.62
2842000.00,PE,0,IDLE,0.62
2843000.00,PE,0,IDLE,0.62
2844000.00,PE,0,IDLE,0.62
2845000.00,PE,0,IDLE,0.62
2846000.00,PE,0,IDLE,0.62
2847000.00,PE,0,IDLE,0.62
2848000.00,PE,0,IDLE,0.62
2849000.00,PE,0,IDLE,0.62
2850000.00,PE,0,IDLE,0.62
2851000.00,PE,0,IDLE,0.62
2852000.00,PE,0,IDLE,0.62
2853000.00,PE,0,IDLE,0.62
2854000.00,PE,0,IDLE,0.62
2855000.00,PE,0,IDLE,0.62
2856000.00,PE,0,IDLE,0.62
2857000.00,PE,0,IDLE,0.62
2858000.00,PE,0,IDLE,0.62
2859000.00,PE,0,IDLE,0.62
2860000.00,PE,0,IDLE,0.62
2861000.00,PE,0,IDLE,0.62
2862000.00,PE,0,IDLE,0.62
2863000.00,PE,0,IDLE,0.62
2864000.00,PE,0,IDLE,0.62
2865000.00,PE,0,IDLE,0.62
2866000.00,PE,0,IDLE,0.62
2867000.00,PE,0,IDLE,0.62
2868000.00,PE,0,IDLE,0.62
2869000.00,PE,0,IDLE,0.62
2870000.00,PE,0,IDLE,0.62
2871000.00,PE,0,IDLE,0.62
2872000.00,PE,0,IDLE,0.62
2873000.00,PE,0,IDLE,0.62
2874000.00,PE,0,IDLE,0.62
2875000.00,PE,0,IDLE,0.62
2876000.00,PE,0,IDLE,0.62
2877000.00,PE,0,IDLE,0.62
2878000.00,PE,0,IDLE,0.62
2879000.00,PE,0,IDLE,0.62
2880000.00,PE,0,IDLE,0.62
2881000.00,PE,0,IDLE,0.62
2882000.00,PE,0,IDLE,0.62
2883000.00,PE,0,IDLE,0.62
2884000.00,PE,0,IDLE,0.62
2885000.00,PE,0,IDLE,0.62
2886000.00,PE,0,IDLE,0.62
2887000.00,PE,0,IDLE,0.62
2888000.00,PE,0,IDLE,0.62
2889000.00,PE,0,IDLE,0.62
2890000.00,PE,0,IDLE,0.62
2891000.00,PE,0,IDLE,0.62
2892000.00,PE,0,IDLE,0.62
2893000.00,PE,0,IDLE,0.62
2894000.00,PE,0,IDLE,0.62
2895000.00,PE,0,IDLE,0.62
2896000.00,PE,0,IDLE,0.62
2897000.00,PE,0,IDLE,0.62
2898000.00,PE,0,IDLE,0.62
2899000.00,PE,0,IDLE,0.62
2900000.00,PE,0,IDLE,0.62
2901000.00,PE,0,IDLE,0.62
2902000.00,PE,0,IDLE,0.62
2903000.00,PE,0,IDLE,0.62
2904000.00,PE,0,IDLE,0.62
2905000.00,PE,0,IDLE,0.62
2906000.00,PE,0,IDLE,0.62
2907000.00,PE,0,IDLE,0.62
2908000.00,PE,0,IDLE,0.62
2909000.00,PE,0,IDLE,0.62
2910000.00,PE,0,IDLE,0.62
2911000.00,PE,0,IDLE,0.62
2912000.00,PE,0,IDLE,0.62
2913000.00,PE,0,IDLE,0.62
2914000.00,PE,0,IDLE,0.62
2915000.00,PE,0,IDLE,0.62
2916000.00,PE,0,IDLE,0.62
2917000.00,PE,0,IDLE,0.62
2918000.00,PE,0,IDLE,0.62
2919000.00,PE,0,IDLE,0.62
2920000.00,PE,0,IDLE,0.62
2921000.00,PE,0,IDLE,0.62
2922000.00,PE,0,IDLE,0.62
2923000.00,PE,0,IDLE,0.62
2924000.00,PE,0,IDLE,0.62
2925000.00,PE,0,IDLE,0.62
2926000.00,PE,0,IDLE,0.62
2927000.00,PE,0,IDLE,0.62
2928000.00,PE,0,IDLE,0.62
2929000.00,PE,0,IDLE,0.62
2930000.00,PE,0,IDLE,0.62
2931000.00,PE,0,IDLE,0.62
2932000.00,PE,0,IDLE,0.62
2933000.00,PE,0,IDLE,0.62
2934000.00,PE,0,IDLE,0.62
2935000.00,PE,0,IDLE,0.62
2936000.00,PE,0,IDLE,0.62
2937000.00,PE,0,IDLE,0.62
2938000.00,PE,0,IDLE,0.62
2939000.00,PE,0,IDLE,0.62
2940000.00,PE,0,IDLE,0.62
2941000.00,PE,0,IDLE,0.62
2942000.00,PE,0,IDLE,0.62
2943000.00,PE,0,IDLE,0.62
2944000.00,PE,0,IDLE,0.62
2945000.00,PE,0,IDLE,0.62
2946000.00,PE,0,IDLE,0.62
2947000.00,PE,0,IDLE,0.62
2948000.00,PE,0,IDLE,0.62
2949000.00,PE,0,IDLE,0.62
2950000.00,PE,0,IDLE,0.62
2951000.00,PE,0,IDLE,0.62
2952000.00,PE,0,IDLE,0.62
2953000.00,PE,0,IDLE,0.62
2954000.00,PE,0,IDLE,0.62
2955000.00,PE,0,IDLE,0.62
2956000.00,PE,0,IDLE,0.62
2957000.00,PE,0,IDLE,0.62
2958000.00,PE,0,IDLE,0.62
2959000.00,PE,0,IDLE,0.62
2960000.00,PE,0,IDLE,0.62
2961000.00,PE,0,IDLE,0.62
2962000.00,PE,0,IDLE,0.62
2963000.00,PE,0,IDLE,0.62
2964000.00,PE,0,IDLE,0.62
2965000.00,PE,0,IDLE,0.62
2966000.00,PE,0,IDLE,0.62
2967000.00,PE,0,IDLE,0.62
2968000.00,PE,0,IDLE,0.62
2969000.00,PE,0,IDLE,0.62
2970000.00,PE,0,IDLE,0.62
2971000.00,PE,0,IDLE,0.62
2972000.00,PE,0,IDLE,0.62
2973000.00,PE,0,IDLE,0.62
2974000.00,PE,0,IDLE,0.62
2975000.00,PE,0,IDLE,0.62
2976000.00,PE,0,IDLE,0.62
2977000.00,PE,0,IDLE,0.62
2978000.00,PE,0,IDLE,0.62
2979000.00,PE,0,IDLE,0.62
2980000.00,PE,0,IDLE,0.62
2981000.00,PE,0,IDLE,0.62
2982000.00,PE,0,IDLE,0.62
2983000.00,PE,0,IDLE,0.62
2984000.00,PE,0,IDLE,0.62
2985000.00,PE,0,IDLE,0.62
2986000.00,PE,0,IDLE,0.62
2987000.00,PE,0,IDLE,0.62
2988000.00,PE,0,IDLE,0.62
2989000.00,PE,0,IDLE,0.62
2990000.00,PE,0,IDLE,0.62
2991000.00,PE,0,IDLE,0.62
2992000.00,PE,0,IDLE,0.62
2993000.00,PE,0,IDLE,0.62
2994000.00,PE,0,IDLE,0.62
2995000.00,PE,0,IDLE,0.62
2996000.00,PE,0,IDLE,0.62
2997000.00,PE,0,IDLE,0.62
2998000.00,PE,0,IDLE,0.62
2999000.00,PE,0,IDLE,0.62
3000000.00,PE,0,IDLE,0.62
3001000.00,PE,0,IDLE,0.62
3002000.00,PE,0,IDLE,0.62
3003000.00,PE,0,IDLE,0.62
3004000.00,PE,0,IDLE,0.62
3005000.00,PE,0,IDLE,0.62
3006000.00,PE,0,IDLE,0.62
3007000.00,PE,0,IDLE,0.62
3008000.00,PE,0,IDLE,0.62
3009000.00,PE,0,IDLE,0.62
3010000.00,PE,0,IDLE,0.62
3011000.00,PE,0,IDLE,0.62
3012000.00,PE,0,IDLE,0.62
3013000.00,PE,0,IDLE,0.62
3014000.00,PE,0,IDLE,0.62
3015000.00,PE,0,IDLE,0.62
3016000.00,PE,0,IDLE,0.62
3017000.00,PE,0,IDLE,0.62
3018000.00,PE,0,IDLE,0.62
3019000.00,PE,0,IDLE,0.62
3020000.00,PE,0,IDLE,0.62
3021000.00,PE,0,IDLE,0.62
3022000.00,PE,0,IDLE,0.62
3023000.00,PE,0,IDLE,0.62
3024000.00,PE,0,IDLE,0.62
3025000.00,PE,0,IDLE,0.62
3026000.00,PE,0,IDLE,0.62
3027000.00,PE,0,IDLE,0.62
3028000.00,PE,0,IDLE,0.62
3029000.00,PE,0,IDLE,0.62
3030000.00,PE,0,IDLE,0.62
3031000.00,PE,0,IDLE,0.62
3032000.00,PE,0,IDLE,0.62
3033000.00,PE,0,IDLE,0.62
3034000.00,PE,0,IDLE,0.62
3035000.00,PE,0,IDLE,0.62
3036000.00,PE,0,IDLE,0.62
3037000.00,PE,0,IDLE,0.62
3038000.00,PE,0,IDLE,0.62
3039000.00,PE,0,IDLE,0.62
3040000.00,PE,0,IDLE,0.62
3041000.00,PE,0,IDLE,0.62
3042000.00,PE,0,IDLE,0.62
3043000.00,PE,0,IDLE,0.62
3044000.00,PE,0,IDLE,0.62
3045000.00,PE,0,IDLE,0.62
3046000.00,PE,0,IDLE,0.62
3047000.00,PE,0,IDLE,0.62
3048000.00,PE,0,IDLE,0.62
3049000.00,PE,0,IDLE,0.62
3050000.00,PE,0,IDLE,0.62
3051000.00,PE,0,IDLE,0.62
3052000.00,PE,0,IDLE,0.62
3053000.00,PE,0,IDLE,0.62
3054000.00,PE,0,IDLE,0.62
3055000.00,PE,0,IDLE,0.62
3056000.00,PE,0,IDLE,0.62
3057000.00,PE,0,IDLE,0.62
3058000.00,PE,0,IDLE,0.62
3059000.00,PE,0,IDLE,0.62
3060000.00,PE,0,IDLE,0.62
3061000.00,PE,0,IDLE,0.62
3062000.00,PE,0,IDLE,0.62
3063000.00,PE,0,IDLE,0.62
3064000.00,PE,0,IDLE,0.62
3065000.00,PE,0,IDLE,0.62
3066000.00,PE,0,IDLE,0.62
3067000.00,PE,0,IDLE,0.62
3068000.00,PE,0,IDLE,0.62
3069000.00,PE,0,IDLE,0.62
3070000.00,PE,0,IDLE,0.62
3071000.00,PE,0,IDLE,0.62
3072000.00,PE,0,IDLE,0.62
3073000.00,PE,0,IDLE,0.62
3074000.00,PE,0,IDLE,0.62
3075000.00,PE,0,IDLE,0.62
3076000.00,PE,0,IDLE,0.62
3077000.00,PE,0,IDLE,0.62
3078000.00,PE,0,IDLE,0.62
3079000.00,PE,0,IDLE,0.62
3080000.00,PE,0,IDLE,0.62
3081000.00,PE,0,IDLE,0.62
3082000.00,PE,0,IDLE,0.62
3083000.00,PE,0,IDLE,0.62
3084000.00,PE,0,IDLE,0.62
3085000.00,PE,0,IDLE,0.62
3086000.00,PE,0,IDLE,0.62
3087000.00,PE,0,IDLE,0.62
3088000.00,PE,0,IDLE,0.62
3089000.00,PE,0,IDLE,0.62
3090000.00,PE,0,IDLE,0.62
3091000.00,PE,0,IDLE,0.62
3092000.00,PE,0,IDLE,0.62
3093000.00,PE,0,IDLE,0.62
3094000.00,PE,0,IDLE,0.62
3095000.00,PE,0,IDLE,0.62
3096000.00,PE,0,IDLE,0.62
3097000.00,PE,0,IDLE,0.62
3098000.00,PE,0,IDLE,0.62
3099000.00,PE,0,IDLE,0.62
3100000.00,PE,0,IDLE,0.62
3101000.00,PE,0,IDLE,0.62
3102000.00,PE,0,IDLE,0.62
3103000.00,PE,0,IDLE,0.62
3104000.00,PE,0,IDLE,0.62
3105000.00,PE,0,IDLE,0.62
3106000.00,PE,0,IDLE,0.62
3107000.00,PE,0,IDLE,0.62
3108000.00,PE,0,IDLE,0.62
3109000.00,PE,0,IDLE,0.62
3110000.00,PE,0,IDLE,0.62
3111000.00,PE,0,IDLE,0.62
3112000.00,PE,0,IDLE,0.62
3113000.00,PE,0,IDLE,0.62
3114000.00,PE,0,IDLE,0.62
3115000.00,PE,0,IDLE,0.62
3116000.00,PE,0,IDLE,0.62
3117000.00,PE,0,IDLE,0.62
3118000.00,PE,0,IDLE,0.62
3119000.00,PE,0,IDLE,0.62
3120000.00,PE,0,IDLE,0.62
3121000.00,PE,0,IDLE,0.62
3122000.00,PE,0,IDLE,0.62
3123000.00,PE,0,IDLE,0.62
3124000.00,PE,0,IDLE,0.62
3125000.00,PE,0,IDLE,0.62
3126000.00,PE,0,IDLE,0.62
3127000.00,PE,0,IDLE,0.62
3128000.00,PE,0,IDLE,0.62
3129000.00,PE,0,IDLE,0.62
3130000.00,PE,0,IDLE,0.62
3131000.00,PE,0,IDLE,0.62
3132000.00,PE,0,IDLE,0.62
3133000.00,PE,0,IDLE,0.62
3134000.00,PE,0,IDLE,0.62
3135000.00,PE,0,IDLE,0.62
3136000.00,PE,0,IDLE,0.62
3137000.00,PE,0,IDLE,0.62
3138000.00,PE,0,IDLE,0.62
3139000.00,PE,0,IDLE,0.62
3140000.00,PE,0,IDLE,0.62
3141000.00,PE,0,IDLE,0.62
3142000.00,PE,0,IDLE,0.62
3143000.00,PE,0,IDLE,0.62
3144000.00,PE,0,IDLE,0.62
3145000.00,PE,0,IDLE,0.62
3146000.00,PE,0,IDLE,0.62
3147000.00,PE,0,IDLE,0.62
3148000.00,PE,0,IDLE,0.62
3149000.00,PE,0,IDLE,0.62
3150000.00,PE,0,IDLE,0.62
3151000.00,PE,0,IDLE,0.62
3152000.00,PE,0,IDLE,0.62
3153000.00,PE,0,IDLE,0.62
3154000.00,PE,0,IDLE,0.62
3155000.00,PE,0,IDLE,0.62
3156000.00,PE,0,IDLE,0.62
3157000.00,PE,0,IDLE,0.62
3158000.00,PE,0,IDLE,0.62
3159000.00,PE,0,IDLE,0.62
3160000.00,PE,0,IDLE,0.62
3161000.00,PE,0,IDLE,0.62
3162000.00,PE,0,IDLE,0.62
3163000.00,PE,0,IDLE,0.62
3164000.00,PE,0,IDLE,0.62
3165000.00,PE,0,IDLE,0.62
3166000.00,PE,0,IDLE,0.62
3167000.00,PE,0,IDLE,0.62
3168000.00,PE,0,IDLE,0.62
3169000.00,PE,0,IDLE,0.62
3170000.00,PE,0,IDLE,0.62
3171000.00,PE,0,IDLE,0.62
3172000.00,PE,0,IDLE,0.62
3173000.00,PE,0,IDLE,0.62
3174000.00,PE,0,IDLE,0.62
3175000.00,PE,0,IDLE,0.62
3176000.00,PE,0,IDLE,0.62
3177000.00,PE,0,IDLE,0.62
3178000.00,PE,0,IDLE,0.62
3179000.00,PE,0,IDLE,0.62
3180000.00,PE,0,IDLE,0.62
3181000.00,PE,0,IDLE,0.62
3182000.00,PE,0,IDLE,0.62
3183000.00,PE,0,IDLE,0.62
3184000.00,PE,0,IDLE,0.62
3185000.00,PE,0,IDLE,0.62
3186000.00,PE,0,IDLE,0.62
3187000.00,PE,0,IDLE,0.62
3188000.00,PE,0,IDLE,0.62
3189000.00,PE,0,IDLE,0.62
3190000.00,PE,0,IDLE,0.62
3191000.00,PE,0,IDLE,0.62
3192000.00,PE,0,IDLE,0.62
3193000.00,PE,0,IDLE,0.62
3194000.00,PE,0,IDLE,0.62
3195000.00,PE,0,IDLE,0.62
3196000.00,PE,0,IDLE,0.62
3197000.00,PE,0,IDLE,0.62
3198000.00,PE,0,IDLE,0.62
3199000.00,PE,0,IDLE,0.62
3200000.00,PE,0,IDLE,0.62
3201000.00,PE,0,IDLE,0.62
3202000.00,PE,0,IDLE,0.62
3203000.00,PE,0,IDLE,0.62
3204000.00,PE,0,IDLE,0.62
3205000.00,PE,0,IDLE,0.62
3206000.00,PE,0,IDLE,0.62
3207000.00,PE,0,IDLE,0.62
3208000.00,PE,0,IDLE,0.62
3209000.00,PE,0,IDLE,0.62
3210000.00,PE,0,IDLE,0.62
3211000.00,PE,0,IDLE,0.62
3212000.00,PE,0,IDLE,0.62
3213000.00,PE,0,IDLE,0.62
3214000.00,PE,0,IDLE,0.62
3215000.00,PE,0,IDLE,0.62
3216000.00,PE,0,IDLE,0.62
3217000.00,PE,0,IDLE,0.62
3218000.00,PE,0,IDLE,0.62
3219000.00,PE,0,IDLE,0.62
3220000.00,PE,0,IDLE,0.62
3221000.00,PE,0,IDLE,0.62
3222000.00,PE,0,IDLE,0.62
3223000.00,PE,0,IDLE,0.62
3224000.00,PE,0,IDLE,0.62
3225000.00,PE,0,IDLE,0.62
3226000.00,PE,0,IDLE,0.62
3227000.00,PE,0,IDLE,0.62
3228000.00,PE,0,IDLE,0.62
3229000.00,PE,0,IDLE,0.62
3230000.00,PE,0,IDLE,0.62
3231000.00,PE,0,IDLE,0.62
3232000.00,PE,0,IDLE,0.62
3233000.00,PE,0,IDLE,0.62
3234000.00,PE,0,IDLE,0.62
3235000.00,PE,0,IDLE,0.62
3236000.00,PE,0,IDLE,0.62
3237000.00,PE,0,IDLE,0.62
3238000.00,PE,0,IDLE,0.62
3239000.00,PE,0,IDLE,0.62
3240000.00,PE,0,IDLE,0.62
3241000.00,PE,0,IDLE,0.62
3242000.00,PE,0,IDLE,0.62
3243000.00,PE,0,IDLE,0.62
3244000.00,PE,0,IDLE,0.62
3245000.00,PE,0,IDLE,0.62
3246000.00,PE,0,IDLE,0.62
3247000.00,PE,0,IDLE,0.62
3248000.00,PE,0,IDLE,0.62
3249000.00,PE,0,IDLE,0.62
3250000.00,PE,0,IDLE,0.62
3251000.00,PE,0,IDLE,0.62
3252000.00,PE,0,IDLE,0.62
3253000.00,PE,0,IDLE,0.62
3254000.00,PE,0,IDLE,0.62
3255000.00,PE,0,IDLE,0.62
3256000.00,PE,0,IDLE,0.62
3257000.00,PE,0,IDLE,0.62
3258000.00,PE,0,IDLE,0.62
3259000.00,PE,0,IDLE,0.62
3260000.00,PE,0,IDLE,0.62
3261000.00,PE,0,IDLE,0.62
3262000.00,PE,0,IDLE,0.62
3263000.00,PE,0,IDLE,0.62
3264000.00,PE,0,IDLE,0.62
3265000.00,PE,0,IDLE,0.62
3266000.00,PE,0,IDLE,0.62
3267000.00,PE,0,IDLE,0.62
3268000.00,PE,0,IDLE,0.62
3269000.00,PE,0,IDLE,0.62
3270000.00,PE,0,IDLE,0.62
3271000.00,PE,0,IDLE,0.62
3272000.00,PE,0,IDLE,0.62
3273000.00,PE,0,IDLE,0.62
3274000.00,PE,0,IDLE,0.62
3275000.00,PE,0,IDLE,0.62
3276000.00,PE,0,IDLE,0.62
3277000.00,PE,0,IDLE,0.62
3278000.00,PE,0,IDLE,0.62
3279000.00,PE,0,IDLE,0.62
3280000.00,PE,0,IDLE,0.62
3281000.00,PE,0,IDLE,0.62
3282000.00,PE,0,IDLE,0.62
3283000.00,PE,0,IDLE,0.62
3284000.00,PE,0,IDLE,0.62
3285000.00,PE,0,IDLE,0.62
3286000.00,PE,0,IDLE,0.62
3287000.00,PE,0,IDLE,0.62
3288000.00,PE,0,IDLE,0.62
3289000.00,PE,0,IDLE,0.62
3290000.00,PE,0,IDLE,0.62
3291000.00,PE,0,IDLE,0.62
3292000.00,PE,0,IDLE,0.62
3293000.00,PE,0,IDLE,0.62
3294000.00,PE,0,IDLE,0.62
3295000.00,PE,0,IDLE,0.62
3296000.00,PE,0,IDLE,0.62
3297000.00,PE,0,IDLE,0.62
3298000.00,PE,0,IDLE,0.62
3299000.00,PE,0,IDLE,0.62
3300000.00,PE,0,IDLE,0.62
3301000.00,PE,0,IDLE,0.62
3302000.00,PE,0,IDLE,0.62
3303000.00,PE,0,IDLE,0.62
3304000.00,PE,0,IDLE,0.62
3305000.00,PE,0,IDLE,0.62
3306000.00,PE,0,IDLE,0.62
3307000.00,PE,0,IDLE,0.62
3308000.00,PE,0,IDLE,0.62
3309000.00,PE,0,IDLE,0.62
3310000.00,PE,0,IDLE,0.62
3311000.00,PE,0,IDLE,0.62
3312000.00,PE,0,IDLE,0.62
3313000.00,PE,0,IDLE,0.62
3314000.00,PE,0,IDLE,0.62
3315000.00,PE,0,IDLE,0.62
3316000.00,PE,0,IDLE,0.62
3317000.00,PE,0,IDLE,0.62
3318000.00,PE,0,IDLE,0.62
3319000.00,PE,0,IDLE,0.62
3320000.00,PE,0,IDLE,0.62
3321000.00,PE,0,IDLE,0.62
3322000.00,PE,0,IDLE,0.62
3323000.00,PE,0,IDLE,0.62
3324000.00,PE,0,IDLE,0.62
3325000.00,PE,0,IDLE,0.62
3326000.00,PE,0,IDLE,0.62
3327000.00,PE,0,IDLE,0.62
3328000.00,PE,0,IDLE,0.62
3329000.00,PE,0,IDLE,0.62
3330000.00,PE,0,IDLE,0.62
3331000.00,PE,0,IDLE,0.62
3332000.00,PE,0,IDLE,0.62
3333000.00,PE,0,IDLE,0.62
3334000.00,PE,0,IDLE,0.62
3335000.00,PE,0,IDLE,0.62
3336000.00,PE,0,IDLE,0.62
3337000.00,PE,0,IDLE,0.62
3338000.00,PE,0,IDLE,0.62
3339000.00,PE,0,IDLE,0.62
3340000.00,PE,0,IDLE,0.62
3341000.00,PE,0,IDLE,0.62
3342000.00,PE,0,IDLE,0.62
3343000.00,PE,0,IDLE,0.62
3344000.00,PE,0,IDLE,0.62
3345000.00,PE,0,IDLE,0.62
3346000.00,PE,0,IDLE,0.62
3347000.00,PE,0,IDLE,0.62
3348000.00,PE,0,IDLE,0.62
3349000.00,PE,0,IDLE,0.62
3350000.00,PE,0,IDLE,0.62
3351000.00,PE,0,IDLE,0.62
3352000.00,PE,0,IDLE,0.62
3353000.00,PE,0,IDLE,0.62
3354000.00,PE,0,IDLE,0.62
3355000.00,PE,0,IDLE,0.62
3356000.00,PE,0,IDLE,0.62
3357000.00,PE,0,IDLE,0.62
3358000.00,PE,0,IDLE,0.62
3359000.00,PE,0,IDLE,0.62
3360000.00,PE,0,IDLE,0.62
3361000.00,PE,0,IDLE,0.62
3362000.00,PE,0,IDLE,0.62
3363000.00,PE,0,IDLE,0.62
3364000.00,PE,0,IDLE,0.62
3365000.00,PE,0,IDLE,0.62
3366000.00,PE,0,IDLE,0.62
3367000.00,PE,0,IDLE,0.62
3368000.00,PE,0,IDLE,0.62
3369000.00,PE,0,IDLE,0.62
3370000.00,PE,0,IDLE,0.62
3371000.00,PE,0,IDLE,0.62
3372000.00,PE,0,IDLE,0.62
3373000.00,PE,0,IDLE,0.62
3374000.00,PE,0,IDLE,0.62
3375000.00,PE,0,IDLE,0.62
3376000.00,PE,0,IDLE,0.62
3377000.00,PE,0,IDLE,0.62
3378000.00,PE,0,IDLE,0.62
3379000.00,PE,0,IDLE,0.62
3380000.00,PE,0,IDLE,0.62
3381000.00,PE,0,IDLE,0.62
3382000.00,PE,0,IDLE,0.62
3383000.00,PE,0,IDLE,0.62
3384000.00,PE,0,IDLE,0.62
3385000.00,PE,0,IDLE,0.62
3386000.00,PE,0,IDLE,0.62
3387000.00,PE,0,IDLE,0.62
3388000.00,PE,0,IDLE,0.62
3389000.00,PE,0,IDLE,0.62
3390000.00,PE,0,IDLE,0.62
3391000.00,PE,0,IDLE,0.62
3392000.00,PE,0,IDLE,0.62
3393000.00,PE,0,IDLE,0.62
3394000.00,PE,0,IDLE,0.62
3395000.00,PE,0,IDLE,0.62
3396000.00,PE,0,IDLE,0.62
3397000.00,PE,0,IDLE,0.62
3398000.00,PE,0,IDLE,0.62
3399000.00,PE,0,IDLE,0.62
3400000.00,PE,0,IDLE,0.62
3401000.00,PE,0,IDLE,0.62
3402000.00,PE,0,IDLE,0.62
3403000.00,PE,0,IDLE,0.62
3404000.00,PE,0,IDLE,0.62
3405000.00,PE,0,IDLE,0.62
3406000.00,PE,0,IDLE,0.62
3407000.00,PE,0,IDLE,0.62
3408000.00,PE,0,IDLE,0.62
3409000.00,PE,0,IDLE,0.62
3410000.00,PE,0,IDLE,0.62
3411000.00,PE,0,IDLE,0.62
3412000.00,PE,0,IDLE,0.62
3413000.00,PE,0,IDLE,0.62
3414000.00,PE,0,IDLE,0.62
3415000.00,PE,0,IDLE,0.62
3416000.00,PE,0,IDLE,0.62
3417000.00,PE,0,IDLE,0.62
3418000.00,PE,0,IDLE,0.62
3419000.00,PE,0,IDLE,0.62
3420000.00,PE,0,IDLE,0.62
3421000.00,PE,0,IDLE,0.62
3422000.00,PE,0,IDLE,0.62
3423000.00,PE,0,IDLE,0.62
3424000.00,PE,0,IDLE,0.62
3425000.00,PE,0,IDLE,0.62
3426000.00,PE,0,IDLE,0.62
3427000.00,PE,0,IDLE,0.62
3428000.00,PE,0,IDLE,0.62
3429000.00,PE,0,IDLE,0.62
3430000.00,PE,0,IDLE,0.62
3431000.00,PE,0,IDLE,0.62
3432000.00,PE,0,IDLE,0.62
3433000.00,PE,0,IDLE,0.62
3434000.00,PE,0,IDLE,0.62
3435000.00,PE,0,IDLE,0.62
3436000.00,PE,0,IDLE,0.62
3437000.00,PE,0,IDLE,0.62
3438000.00,PE,0,IDLE,0.62
3439000.00,PE,0,IDLE,0.62
3440000.00,PE,0,IDLE,0.62
3441000.00,PE,0,IDLE,0.62
3442000.00,PE,0,IDLE,0.62
3443000.00,PE,0,IDLE,0.62
3444000.00,PE,0,IDLE,0.62
3445000.00,PE,0,IDLE,0.62
3446000.00,PE,0,IDLE,0.62
3447000.00,PE,0,IDLE,0.62
3448000.00,PE,0,IDLE,0.62
3449000.00,PE,0,IDLE,0.62
3450000.00,PE,0,IDLE,0.62
3451000.00,PE,0,IDLE,0.62
3452000.00,PE,0,IDLE,0.62
3453000.00,PE,0,IDLE,0.62
3454000.00,PE,0,IDLE,0.62
3455000.00,PE,0,IDLE,0.62
3456000.00,PE,0,IDLE,0.62
3457000.00,PE,0,IDLE,0.62
3458000.00,PE,0,IDLE,0.62
3459000.00,PE,0,IDLE,0.62
3460000.00,PE,0,IDLE,0.62
3461000.00,PE,0,IDLE,0.62
3462000.00,PE,0,IDLE,0.62
3463000.00,PE,0,IDLE,0.62
3464000.00,PE,0,IDLE,0.62
3465000.00,PE,0,IDLE,0.62
3466000.00,PE,0,IDLE,0.62
3467000.00,PE,0,IDLE,0.62
3468000.00,PE,0,IDLE,0.62
3469000.00,PE,0,IDLE,0.62
3470000.00,PE,0,IDLE,0.62
3471000.00,PE,0,IDLE,0.62
3472000.00,PE,0,IDLE,0.62
3473000.00,PE,0,IDLE,0.62
3474000.00,PE,0,IDLE,0.62
3475000.00,PE,0,IDLE,0.62
3476000.00,PE,0,IDLE,0.62
3477000.00,PE,0,IDLE,0.62
3478000.00,PE,0,IDLE,0.62
3479000.00,PE,0,IDLE,0.62
3480000.00,PE,0,IDLE,0.62
3481000.00,PE,0,IDLE,0.62
3482000.00,PE,0,IDLE,0.62
3483000.00,PE,0,IDLE,0.62
3484000.00,PE,0,IDLE,0.62
3485000.00,PE,0,IDLE,0.62
3486000.00,PE,0,IDLE,0.62
3487000.00,PE,0,IDLE,0.62
3488000.00,PE,0,IDLE,0.62
3489000.00,PE,0,IDLE,0.62
3490000.00,PE,0,IDLE,0.62
3491000.00,PE,0,IDLE,0.62
3492000.00,PE,0,IDLE,0.62
3493000.00,PE,0,IDLE,0.62
3494000.00,PE,0,IDLE,0.62
3495000.00,PE,0,IDLE,0.62
3496000.00,PE,0,IDLE,0.62
3497000.00,PE,0,IDLE,0.62
3498000.00,PE,0,IDLE,0.62
3499000.00,PE,0,IDLE,0.62
3500000.00,PE,0,IDLE,0.62
3501000.00,PE,0,IDLE,0.62
3502000.00,PE,0,IDLE,0.62
3503000.00,PE,0,IDLE,0.62
3504000.00,PE,0,IDLE,0.62
3505000.00,PE,0,IDLE,0.62
3506000.00,PE,0,IDLE,0.62
3507000.00,PE,0,IDLE,0.62
3508000.00,PE,0,IDLE,0.62
3509000.00,PE,0,IDLE,0.62
3510000.00,PE,0,IDLE,0.62
3511000.00,PE,0,IDLE,0.62
3512000.00,PE,0,IDLE,0.62
3513000.00,PE,0,IDLE,0.62
3514000.00,PE,0,IDLE,0.62
3515000.00,PE,0,IDLE,0.62
3516000.00,PE,0,IDLE,0.62
3517000.00,PE,0,IDLE,0.62
3518000.00,PE,0,IDLE,0.62
3519000.00,PE,0,IDLE,0.62
3520000.00,PE,0,IDLE,0.62
3521000.00,PE,0,IDLE,0.62
3522000.00,PE,0,IDLE,0.62
3523000.00,PE,0,IDLE,0.62
3524000.00,PE,0,IDLE,0.62
3525000.00,PE,0,IDLE,0.62
3526000.00,PE,0,IDLE,0.62
3527000.00,PE,0,IDLE,0.62
3528000.00,PE,0,IDLE,0.62
3529000.00,PE,0,IDLE,0.62
3530000.00,PE,0,IDLE,0.62
3531000.00,PE,0,IDLE,0.62
3532000.00,PE,0,IDLE,0.62
3533000.00,PE,0,IDLE,0.62
3534000.00,PE,0,IDLE,0.62
3535000.00,PE,0,IDLE,0.62
3536000.00,PE,0,IDLE,0.62
3537000.00,PE,0,IDLE,0.62
3538000.00,PE,0,IDLE,0.62
3539000.00,PE,0,IDLE,0.62
3540000.00,PE,0,IDLE,0.62
3541000.00,PE,0,IDLE,0.62
3542000.00,PE,0,IDLE,0.62
3543000.00,PE,0,IDLE,0.62
3544000.00,PE,0,IDLE,0.62
3545000.00,PE,0,IDLE,0.62
3546000.00,PE,0,IDLE,0.62
3547000.00,PE,0,IDLE,0.62
3548000.00,PE,0,IDLE,0.62
3549000.00,PE,0,IDLE,0.62
3550000.00,PE,0,IDLE,0.62
3551000.00,PE,0,IDLE,0.62
3552000.00,PE,0,IDLE,0.62
3553000.00,PE,0,IDLE,0.62
3554000.00,PE,0,IDLE,0.62
3555000.00,PE,0,IDLE,0.62
3556000.00,PE,0,IDLE,0.62
3557000.00,PE,0,IDLE,0.62
3558000.00,PE,0,IDLE,0.62
3559000.00,PE,0,IDLE,0.62
3560000.00,PE,0,IDLE,0.62
3561000.00,PE,0,IDLE,0.62
3562000.00,PE,0,IDLE,0.62
3563000.00,PE,0,IDLE,0.62
3564000.00,PE,0,IDLE,0.62
3565000.00,PE,0,IDLE,0.62
3566000.00,PE,0,IDLE,0.62
3567000.00,PE,0,IDLE,0.62
3568000.00,PE,0,IDLE,0.62
3569000.00,PE,0,IDLE,0.62
3570000.00,PE,0,IDLE,0.62
3571000.00,PE,0,IDLE,0.62
3572000.00,PE,0,IDLE,0.62
3573000.00,PE,0,IDLE,0.62
3574000.00,PE,0,IDLE,0.62
3575000.00,PE,0,IDLE,0.62
3576000.00,PE,0,IDLE,0.62
3577000.00,PE,0,IDLE,0.62
3578000.00,PE,0,IDLE,0.62
3579000.00,PE,0,IDLE,0.62
3580000.00,PE,0,IDLE,0.62
3581000.00,PE,0,IDLE,0.62
3582000.00,PE,0,IDLE,0.62
3583000.00,PE,0,IDLE,0.62
3584000.00,PE,0,IDLE,0.62
3585000.00,PE,0,IDLE,0.62
3586000.00,PE,0,IDLE,0.62
3587000.00,PE,0,IDLE,0.62
3588000.00,PE,0,IDLE,0.62
3589000.00,PE,0,IDLE,0.62
3590000.00,PE,0,IDLE,0.62
3591000.00,PE,0,IDLE,0.62
3592000.00,PE,0,IDLE,0.62
3593000.00,PE,0,IDLE,0.62
3594000.00,PE,0,IDLE,0.62
3595000.00,PE,0,IDLE,0.62
3596000.00,PE,0,IDLE,0.62
3597000.00,PE,0,IDLE,0.62
3598000.00,PE,0,IDLE,0.62
3599000.00,PE,0,IDLE,0.62
3600000.00,PE,0,IDLE,0.62
3601000.00,PE,0,IDLE,0.62
3602000.00,PE,0,IDLE,0.62
3603000.00,PE,0,IDLE,0.62
3604000.00,PE,0,IDLE,0.62
3605000.00,PE,0,IDLE,0.62
3606000.00,PE,0,IDLE,0.62
3607000.00,PE,0,IDLE,0.62
3608000.00,PE,0,IDLE,0.62
3609000.00,PE,0,IDLE,0.62
3610000.00,PE,0,IDLE,0.62
3611000.00,PE,0,IDLE,0.62
3612000.00,PE,0,IDLE,0.62
3613000.00,PE,0,IDLE,0.62
3614000.00,PE,0,IDLE,0.62
3615000.00,PE,0,IDLE,0.62
3616000.00,PE,0,IDLE,0.62
3617000.00,PE,0,IDLE,0.62
3618000.00,PE,0,IDLE,0.62
3619000.00,PE,0,IDLE,0.62
3620000.00,PE,0,IDLE,0.62
3621000.00,PE,0,IDLE,0.62
3622000.00,PE,0,IDLE,0.62
3623000.00,PE,0,IDLE,0.62
3624000.00,PE,0,IDLE,0.62
3625000.00,PE,0,IDLE,0.62
3626000.00,PE,0,IDLE,0.62
3627000.00,PE,0,IDLE,0.62
3628000.00,PE,0,IDLE,0.62
3629000.00,PE,0,IDLE,0.62
3630000.00,PE,0,IDLE,0.62
3631000.00,PE,0,IDLE,0.62
3632000.00,PE,0,IDLE,0.62
3633000.00,PE,0,IDLE,0.62
3634000.00,PE,0,IDLE,0.62
3635000.00,PE,0,IDLE,0.62
3636000.00,PE,0,IDLE,0.62
3637000.00,PE,0,IDLE,0.62
3638000.00,PE,0,IDLE,0.62
3639000.00,PE,0,IDLE,0.62
3640000.00,PE,0,IDLE,0.62
3641000.00,PE,0,IDLE,0.62
3642000.00,PE,0,IDLE,0.62
3643000.00,PE,0,IDLE,0.62
3644000.00,PE,0,IDLE,0.62
3645000.00,PE,0,IDLE,0.62
3646000.00,PE,0,IDLE,0.62
3647000.00,PE,0,IDLE,0.62
3648000.00,PE,0,IDLE,0.62
3649000.00,PE,0,IDLE,0.62
3650000.00,PE,0,IDLE,0.62
3651000.00,PE,0,IDLE,0.62
3652000.00,PE,0,IDLE,0.62
3653000.00,PE,0,IDLE,0.62
3654000.00,PE,0,IDLE,0.62
3655000.00,PE,0,IDLE,0.62
3656000.00,PE,0,IDLE,0.62
3657000.00,PE,0,IDLE,0.62
3658000.00,PE,0,IDLE,0.62
3659000.00,PE,0,IDLE,0.62
3660000.00,PE,0,IDLE,0.62
3661000.00,PE,0,IDLE,0.62
3662000.00,PE,0,IDLE,0.62
3663000.00,PE,0,IDLE,0.62
3664000.00,PE,0,IDLE,0.62
3665000.00,PE,0,IDLE,0.62
3666000.00,PE,0,IDLE,0.62
3667000.00,PE,0,IDLE,0.62
3668000.00,PE,0,IDLE,0.62
3669000.00,PE,0,IDLE,0.62
3670000.00,PE,0,IDLE,0.62
3671000.00,PE,0,IDLE,0.62
3672000.00,PE,0,IDLE,0.62
3673000.00,PE,0,IDLE,0.62
3674000.00,PE,0,IDLE,0.62
3675000.00,PE,0,IDLE,0.62
3676000.00,PE,0,IDLE,0.62
3677000.00,PE,0,IDLE,0.62
3678000.00,PE,0,IDLE,0.62
3679000.00,PE,0,IDLE,0.62
3680000.00,PE,0,IDLE,0.62
3681000.00,PE,0,IDLE,0.62
3682000.00,PE,0,IDLE,0.62
3683000.00,PE,0,IDLE,0.62
3684000.00,PE,0,IDLE,0.62
3685000.00,PE,0,IDLE,0.62
3686000.00,PE,0,IDLE,0.62
3687000.00,PE,0,IDLE,0.62
3688000.00,PE,0,IDLE,0.62
3689000.00,PE,0,IDLE,0.62
3690000.00,PE,0,IDLE,0.62
3691000.00,PE,0,IDLE,0.62
3692000.00,PE,0,IDLE,0.62
3693000.00,PE,0,IDLE,0.62
3694000.00,PE,0,IDLE,0.62
3695000.00,PE,0,IDLE,0.62
3696000.00,PE,0,IDLE,0.62
3697000.00,PE,0,IDLE,0.62
3698000.00,PE,0,IDLE,0.62
3699000.00,PE,0,IDLE,0.62
3700000.00,PE,0,IDLE,0.62
3701000.00,PE,0,IDLE,0.62
3702000.00,PE,0,IDLE,0.62
3703000.00,PE,0,IDLE,0.62
3704000.00,PE,0,IDLE,0.62
3705000.00,PE,0,IDLE,0.62
3706000.00,PE,0,IDLE,0.62
3707000.00,PE,0,IDLE,0.62
3708000.00,PE,0,IDLE,0.62
3709000.00,PE,0,IDLE,0.62
3710000.00,PE,0,IDLE,0.62
3711000.00,PE,0,IDLE,0.62
3712000.00,PE,0,IDLE,0.62
3713000.00,PE,0,IDLE,0.62
3714000.00,PE,0,IDLE,0.62
3715000.00,PE,0,IDLE,0.62
3716000.00,PE,0,IDLE,0.62
3717000.00,PE,0,IDLE,0.62
3718000.00,PE,0,IDLE,0.62
3719000.00,PE,0,IDLE,0.62
3720000.00,PE,0,IDLE,0.62
3721000.00,PE,0,IDLE,0.62
3722000.00,PE,0,IDLE,0.62
3723000.00,PE,0,IDLE,0.62
3724000.00,PE,0,IDLE,0.62
3725000.00,PE,0,IDLE,0.62
3726000.00,PE,0,IDLE,0.62
3727000.00,PE,0,IDLE,0.62
3728000.00,PE,0,IDLE,0.62
3729000.00,PE,0,IDLE,0.62
3730000.00,PE,0,IDLE,0.62
3731000.00,PE,0,IDLE,0.62
3732000.00,PE,0,IDLE,0.62
3733000.00,PE,0,IDLE,0.62
3734000.00,PE,0,IDLE,0.62
3735000.00,PE,0,IDLE,0.62
3736000.00,PE,0,IDLE,0.62
3737000.00,PE,0,IDLE,0.62
3738000.00,PE,0,IDLE,0.62
3739000.00,PE,0,IDLE,0.62
3740000.00,PE,0,IDLE,0.62
3741000.00,PE,0,IDLE,0.62
3742000.00,PE,0,IDLE,0.62
3743000.00,PE,0,IDLE,0.62
3744000.00,PE,0,IDLE,0.62
3745000.00,PE,0,IDLE,0.62
3746000.00,PE,0,IDLE,0.62
3747000.00,PE,0,IDLE,0.62
3748000.00,PE,0,IDLE,0.62
3749000.00,PE,0,IDLE,0.62
3750000.00,PE,0,IDLE,0.62
3751000.00,PE,0,IDLE,0.62
3752000.00,PE,0,IDLE,0.62
3753000.00,PE,0,IDLE,0.62
3754000.00,PE,0,IDLE,0.62
3755000.00,PE,0,IDLE,0.62
3756000.00,PE,0,IDLE,0.62
3757000.00,PE,0,IDLE,0.62
3758000.00,PE,0,IDLE,0.62
3759000.00,PE,0,IDLE,0.62
3760000.00,PE,0,IDLE,0.62
3761000.00,PE,0,IDLE,0.62
3762000.00,PE,0,IDLE,0.62
3763000.00,PE,0,IDLE,0.62
3764000.00,PE,0,IDLE,0.62
3765000.00,PE,0,IDLE,0.62
3766000.00,PE,0,IDLE,0.62
3767000.00,PE,0,IDLE,0.62
3768000.00,PE,0,IDLE,0.62
3769000.00,PE,0,IDLE,0.62
3770000.00,PE,0,IDLE,0.62
3771000.00,PE,0,IDLE,0.62
3772000.00,PE,0,IDLE,0.62
3773000.00,PE,0,IDLE,0.62
3774000.00,PE,0,IDLE,0.62
3775000.00,PE,0,IDLE,0.62
3776000.00,PE,0,IDLE,0.62
3777000.00,PE,0,IDLE,0.62
3778000.00,PE,0,IDLE,0.62
3779000.00,PE,0,IDLE,0.62
3780000.00,PE,0,IDLE,0.62
3781000.00,PE,0,IDLE,0.62
3782000.00,PE,0,IDLE,0.62
3783000.00,PE,0,IDLE,0.62
3784000.00,PE,0,IDLE,0.62
3785000.00,PE,0,IDLE,0.62
3786000.00,PE,0,IDLE,0.62
3787000.00,PE,0,IDLE,0.62
3788000.00,PE,0,IDLE,0.62
3789000.00,PE,0,IDLE,0.62
3790000.00,PE,0,IDLE,0.62
3791000.00,PE,0,IDLE,0.62
3792000.00,PE,0,IDLE,0.62
3793000.00,PE,0,IDLE,0.62
3794000.00,PE,0,IDLE,0.62
3795000.00,PE,0,IDLE,0.62
3796000.00,PE,0,IDLE,0.62
3797000.00,PE,0,IDLE,0.62
3798000.00,PE,0,IDLE,0.62
3799000.00,PE,0,IDLE,0.62
3800000.00,PE,0,IDLE,0.62
3801000.00,PE,0,IDLE,0.62
3802000.00,PE,0,IDLE,0.62
3803000.00,PE,0,IDLE,0.62
3804000.00,PE,0,IDLE,0.62
3805000.00,PE,0,IDLE,0.62
3806000.00,PE,0,IDLE,0.62
3807000.00,PE,0,IDLE,0.62
3808000.00,PE,0,IDLE,0.62
3809000.00,PE,0,IDLE,0.62
3810000.00,PE,0,IDLE,0.62
3811000.00,PE,0,IDLE,0.62
3812000.00,PE,0,IDLE,0.62
3813000.00,PE,0,IDLE,0.62
3814000.00,PE,0,IDLE,0.62
3815000.00,PE,0,IDLE,0.62
3816000.00,PE,0,IDLE,0.62
3817000.00,PE,0,IDLE,0.62
3818000.00,PE,0,IDLE,0.62
3819000.00,PE,0,IDLE,0.62
3820000.00,PE,0,IDLE,0.62
3821000.00,PE,0,IDLE,0.62
3822000.00,PE,0,IDLE,0.62
3823000.00,PE,0,IDLE,0.62
3824000.00,PE,0,IDLE,0.62
3825000.00,PE,0,IDLE,0.62
3826000.00,PE,0,IDLE,0.62
3827000.00,PE,0,IDLE,0.62
3828000.00,PE,0,IDLE,0.62
3829000.00,PE,0,IDLE,0.62
3830000.00,PE,0,IDLE,0.62
3831000.00,PE,0,IDLE,0.62
3832000.00,PE,0,IDLE,0.62
3833000.00,PE,0,IDLE,0.62
3834000.00,PE,0,IDLE,0.62
3835000.00,PE,0,IDLE,0.62
3836000.00,PE,0,IDLE,0.62
3837000.00,PE,0,IDLE,0.62
3838000.00,PE,0,IDLE,0.62
3839000.00,PE,0,IDLE,0.62
3840000.00,PE,0,IDLE,0.62
3841000.00,PE,0,IDLE,0.62
3842000.00,PE,0,IDLE,0.62
3843000.00,PE,0,IDLE,0.62
3844000.00,PE,0,IDLE,0.62
3845000.00,PE,0,IDLE,0.62
3846000.00,PE,0,IDLE,0.62
3847000.00,PE,0,IDLE,0.62
3848000.00,PE,0,IDLE,0.62
3849000.00,PE,0,IDLE,0.62
3850000.00,PE,0,IDLE,0.62
3851000.00,PE,0,IDLE,0.62
3852000.00,PE,0,IDLE,0.62
3853000.00,PE,0,IDLE,0.62
3854000.00,PE,0,IDLE,0.62
3855000.00,PE,0,IDLE,0.62
3856000.00,PE,0,IDLE,0.62
3857000.00,PE,0,IDLE,0.62
3858000.00,PE,0,IDLE,0.62
3859000.00,PE,0,IDLE,0.62
3860000.00,PE,0,IDLE,0.62
3861000.00,PE,0,IDLE,0.62
3862000.00,PE,0,IDLE,0.62
3863000.00,PE,0,IDLE,0.62
3864000.00,PE,0,IDLE,0.62
3865000.00,PE,0,IDLE,0.62
3866000.00,PE,0,IDLE,0.62
3867000.00,PE,0,IDLE,0.62
3868000.00,PE,0,IDLE,0.62
3869000.00,PE,0,IDLE,0.62
3870000.00,PE,0,IDLE,0.62
3871000.00,PE,0,IDLE,0.62
3872000.00,PE,0,IDLE,0.62
3873000.00,PE,0,IDLE,0.62
3874000.00,PE,0,IDLE,0.62
3875000.00,PE,0,IDLE,0.62
3876000.00,PE,0,IDLE,0.62
3877000.00,PE,0,IDLE,0.62
3878000.00,PE,0,IDLE,0.62
3879000.00,PE,0,IDLE,0.62
3880000.00,PE,0,IDLE,0.62
3881000.00,PE,0,IDLE,0.62
3882000.00,PE,0,IDLE,0.62
3883000.00,PE,0,IDLE,0.62
3884000.00,PE,0,IDLE,0.62
3885000.00,PE,0,IDLE,0.62
3886000.00,PE,0,IDLE,0.62
3887000.00,PE,0,IDLE,0.62
3888000.00,PE,0,IDLE,0.62
3889000.00,PE,0,IDLE,0.62
3890000.00,PE,0,IDLE,0.62
3891000.00,PE,0,IDLE,0.62
3892000.00,PE,0,IDLE,0.62
3893000.00,PE,0,IDLE,0.62
3894000.00,PE,0,IDLE,0.62
3895000.00,PE,0,IDLE,0.62
3896000.00,PE,0,IDLE,0.62
3897000.00,PE,0,IDLE,0.62
3898000.00,PE,0,IDLE,0.62
3899000.00,PE,0,IDLE,0.62
3900000.00,PE,0,IDLE,0.62
3901000.00,PE,0,IDLE,0.62
3902000.00,PE,0,IDLE,0.62
3903000.00,PE,0,IDLE,0.62
3904000.00,PE,0,IDLE,0.62
3905000.00,PE,0,IDLE,0.62
3906000.00,PE,0,IDLE,0.62
3907000.00,PE,0,IDLE,0.62
3908000.00,PE,0,IDLE,0.62
3909000.00,PE,0,IDLE,0.62
3910000.00,PE,0,IDLE,0.62
3911000.00,PE,0,IDLE,0.62
3912000.00,PE,0,IDLE,0.62
3913000.00,PE,0,IDLE,0.62
3914000.00,PE,0,IDLE,0.62
3915000.00,PE,0,IDLE,0.62
3916000.00,PE,0,IDLE,0.62
3917000.00,PE,0,IDLE,0.62
3918000.00,PE,0,IDLE,0.62
3919000.00,PE,0,IDLE,0.62
3920000.00,PE,0,IDLE,0.62
3921000.00,PE,0,IDLE,0.62
3922000.00,PE,0,IDLE,0.62
3923000.00,PE,0,IDLE,0.62
3924000.00,PE,0,IDLE,0.62
3925000.00,PE,0,IDLE,0.62
3926000.00,PE,0,IDLE,0.62
3927000.00,PE,0,IDLE,0.62
3928000.00,PE,0,IDLE,0.62
3929000.00,PE,0,IDLE,0.62
3930000.00,PE,0,IDLE,0.62
3931000.00,PE,0,IDLE,0.62
3932000.00,PE,0,IDLE,0.62
3933000.00,PE,0,IDLE,0.62
3934000.00,PE,0,IDLE,0.62
3935000.00,PE,0,IDLE,0.62
3936000.00,PE,0,IDLE,0.62
3937000.00,PE,0,IDLE,0.62
3938000.00,PE,0,IDLE,0.62
3939000.00,PE,0,IDLE,0.62
3940000.00,PE,0,IDLE,0.62
3941000.00,PE,0,IDLE,0.62
3942000.00,PE,0,IDLE,0.62
3943000.00,PE,0,IDLE,0.62
3944000.00,PE,0,IDLE,0.62
3945000.00,PE,0,IDLE,0.62
3946000.00,PE,0,IDLE,0.62
3947000.00,PE,0,IDLE,0.62
3948000.00,PE,0,IDLE,0.62
3949000.00,PE,0,IDLE,0.62
3950000.00,PE,0,IDLE,0.62
3951000.00,PE,0,IDLE,0.62
3952000.00,PE,0,IDLE,0.62
3953000.00,PE,0,IDLE,0.62
3954000.00,PE,0,IDLE,0.62
3955000.00,PE,0,IDLE,0.62
3956000.00,PE,0,IDLE,0.62
3957000.00,PE,0,IDLE,0.62
3958000.00,PE,0,IDLE,0.62
3959000.00,PE,0,IDLE,0.62
3960000.00,PE,0,IDLE,0.62
3961000.00,PE,0,IDLE,0.62
3962000.00,PE,0,IDLE,0.62
3963000.00,PE,0,IDLE,0.62
3964000.00,PE,0,IDLE,0.62
3965000.00,PE,0,IDLE,0.62
3966000.00,PE,0,IDLE,0.62
3967000.00,PE,0,IDLE,0.62
3968000.00,PE,0,IDLE,0.62
3969000.00,PE,0,IDLE,0.62
3970000.00,PE,0,IDLE,0.62
3971000.00,PE,0,IDLE,0.62
3972000.00,PE,0,IDLE,0.62
3973000.00,PE,0,IDLE,0.62
3974000.00,PE,0,IDLE,0.62
3975000.00,PE,0,IDLE,0.62
3976000.00,PE,0,IDLE,0.62
3977000.00,PE,0,IDLE,0.62
3978000.00,PE,0,IDLE,0.62
3979000.00,PE,0,IDLE,0.62
3980000.00,PE,0,IDLE,0.62
3981000.00,PE,0,IDLE,0.62
3982000.00,PE,0,IDLE,0.62
3983000.00,PE,0,IDLE,0.62
3984000.00,PE,0,IDLE,0.62
3985000.00,PE,0,IDLE,0.62
3986000.00,PE,0,IDLE,0.62
3987000.00,PE,0,IDLE,0.62
3988000.00,PE,0,IDLE,0.62
3989000.00,PE,0,IDLE,0.62
3990000.00,PE,0,IDLE,0.62
3991000.00,PE,0,IDLE,0.62
3992000.00,PE,0,IDLE,0.62
3993000.00,PE,0,IDLE,0.62
3994000.00,PE,0,IDLE,0.62
3995000.00,PE,0,IDLE,0.62
3996000.00,PE,0,IDLE,0.62
3997000.00,PE,0,IDLE,0.62
3998000.00,PE,0,IDLE,0.62
3999000.00,PE,0,IDLE,0.62
4000000.00,PE,0,IDLE,0.62
4001000.00,PE,0,IDLE,0.62
4002000.00,PE,0,IDLE,0.62
4003000.00,PE,0,IDLE,0.62
4004000.00,PE,0,IDLE,0.62
4005000.00,PE,0,IDLE,0.62
4006000.00,PE,0,IDLE,0.62
4007000.00,PE,0,IDLE,0.62
4008000.00,PE,0,IDLE,0.62
4009000.00,PE,0,IDLE,0.62
4010000.00,PE,0,IDLE,0.62
4011000.00,PE,0,IDLE,0.62
4012000.00,PE,0,IDLE,0.62
4013000.00,PE,0,IDLE,0.62
4014000.00,PE,0,IDLE,0.62
4015000.00,PE,0,IDLE,0.62
4016000.00,PE,0,IDLE,0.62
4017000.00,PE,0,IDLE,0.62
4018000.00,PE,0,IDLE,0.62
4019000.00,PE,0,IDLE,0.62
4020000.00,PE,0,IDLE,0.62
4021000.00,PE,0,IDLE,0.62
4022000.00,PE,0,IDLE,0.62
4023000.00,PE,0,IDLE,0.62
4024000.00,PE,0,IDLE,0.62
4025000.00,PE,0,IDLE,0.62
4026000.00,PE,0,IDLE,0.62
4027000.00,PE,0,IDLE,0.62
4028000.00,PE,0,IDLE,0.62
4029000.00,PE,0,IDLE,0.62
4030000.00,PE,0,IDLE,0.62
4031000.00,PE,0,IDLE,0.62
4032000.00,PE,0,IDLE,0.62
4033000.00,PE,0,IDLE,0.62
4034000.00,PE,0,IDLE,0.62
4035000.00,PE,0,IDLE,0.62
4036000.00,PE,0,IDLE,0.62
4037000.00,PE,0,IDLE,0.62
4038000.00,PE,0,IDLE,0.62
4039000.00,PE,0,IDLE,0.62
4040000.00,PE,0,IDLE,0.62
4041000.00,PE,0,IDLE,0.62
4042000.00,PE,0,IDLE,0.62
4043000.00,PE,0,IDLE,0.62
4044000.00,PE,0,IDLE,0.62
4045000.00,PE,0,IDLE,0.62
4046000.00,PE,0,IDLE,0.62
4047000.00,PE,0,IDLE,0.62
4048000.00,PE,0,IDLE,0.62
4049000.00,PE,0,IDLE,0.62
4050000.00,PE,0,IDLE,0.62
4051000.00,PE,0,IDLE,0.62
4052000.00,PE,0,IDLE,0.62
4053000.00,PE,0,IDLE,0.62
4054000.00,PE,0,IDLE,0.62
4055000.00,PE,0,IDLE,0.62
4056000.00,PE,0,IDLE,0.62
4057000.00,PE,0,IDLE,0.62
4058000.00,PE,0,IDLE,0.62
4059000.00,PE,0,IDLE,0.62
4060000.00,PE,0,IDLE,0.62
4061000.00,PE,0,IDLE,0.62
4062000.00,PE,0,IDLE,0.62
4063000.00,PE,0,IDLE,0.62
4064000.00,PE,0,IDLE,0.62
4065000.00,PE,0,IDLE,0.62
4066000.00,PE,0,IDLE,0.62
4067000.00,PE,0,IDLE,0.62
4068000.00,PE,0,IDLE,0.62
4069000.00,PE,0,IDLE,0.62
4070000.00,PE,0,IDLE,0.62
4071000.00,PE,0,IDLE,0.62
4072000.00,PE,0,IDLE,0.62
4073000.00,PE,0,IDLE,0.62
4074000.00,PE,0,IDLE,0.62
4075000.00,PE,0,IDLE,0.62
4076000.00,PE,0,IDLE,0.62
4077000.00,PE,0,IDLE,0.62
4078000.00,PE,0,IDLE,0.62
4079000.00,PE,0,IDLE,0.62
4080000.00,PE,0,IDLE,0.62
4081000.00,PE,0,IDLE,0.62
4082000.00,PE,0,IDLE,0.62
4083000.00,PE,0,IDLE,0.62
4084000.00,PE,0,IDLE,0.62
4085000.00,PE,0,IDLE,0.62
4086000.00,PE,0,IDLE,0.62
4087000.00,PE,0,IDLE,0.62
4088000.00,PE,0,IDLE,0.62
4089000.00,PE,0,IDLE,0.62
4090000.00,PE,0,IDLE,0.62
4091000.00,PE,0,IDLE,0.62
4092000.00,PE,0,IDLE,0.62
4093000.00,PE,0,IDLE,0.62
4094000.00,PE,0,IDLE,0.62
4095000.00,PE,0,IDLE,0.62
4096000.00,PE,0,IDLE,0.62
4097000.00,PE,0,IDLE,0.62
4098000.00,PE,0,IDLE,0.62
4099000.00,PE,0,IDLE,0.62
4100000.00,PE,0,IDLE,0.62
4101000.00,PE,0,IDLE,0.62
4102000.00,PE,0,IDLE,0.62
4103000.00,PE,0,IDLE,0.62
4104000.00,PE,0,IDLE,0.62
4105000.00,PE,0,IDLE,0.62
4106000.00,PE,0,IDLE,0.62
4107000.00,PE,0,IDLE,0.62
4108000.00,PE,0,IDLE,0.62
4109000.00,PE,0,IDLE,0.62
4110000.00,PE,0,IDLE,0.62
4111000.00,PE,0,IDLE,0.62
4112000.00,PE,0,IDLE,0.62
4113000.00,PE,0,IDLE,0.62
4114000.00,PE,0,IDLE,0.62
4115000.00,PE,0,IDLE,0.62
4116000.00,PE,0,IDLE,0.62
4117000.00,PE,0,IDLE,0.62
4118000.00,PE,0,IDLE,0.62
4119000.00,PE,0,IDLE,0.62
4120000.00,PE,0,IDLE,0.62
4121000.00,PE,0,IDLE,0.62
4122000.00,PE,0,IDLE,0.62
4123000.00,PE,0,IDLE,0.62
4124000.00,PE,0,IDLE,0.62
4125000.00,PE,0,IDLE,0.62
4126000.00,PE,0,IDLE,0.62
4127000.00,PE,0,IDLE,0.62
4128000.00,PE,0,IDLE,0.62
4129000.00,PE,0,IDLE,0.62
4130000.00,PE,0,IDLE,0.62
4131000.00,PE,0,IDLE,0.62
4132000.00,PE,0,IDLE,0.62
4133000.00,PE,0,IDLE,0.62
4134000.00,PE,0,IDLE,0.62
4135000.00,PE,0,IDLE,0.62
4136000.00,PE,0,IDLE,0.62
4137000.00,PE,0,IDLE,0.62
4138000.00,PE,0,IDLE,0.62
4139000.00,PE,0,IDLE,0.62
4140000.00,PE,0,IDLE,0.62
4141000.00,PE,0,IDLE,0.62
4142000.00,PE,0,IDLE,0.62
4143000.00,PE,0,IDLE,0.62
4144000.00,PE,0,IDLE,0.62
4145000.00,PE,0,IDLE,0.62
4146000.00,PE,0,IDLE,0.62
4147000.00,PE,0,IDLE,0.62
4148000.00,PE,0,IDLE,0.62
4149000.00,PE,0,IDLE,0.62
4150000.00,PE,0,IDLE,0.62
4151000.00,PE,0,IDLE,0.62
4152000.00,PE,0,IDLE,0.62
4153000.00,PE,0,IDLE,0.62
4154000.00,PE,0,IDLE,0.62
4155000.00,PE,0,IDLE,0.62
4156000.00,PE,0,IDLE,0.62
4157000.00,PE,0,IDLE,0.62
4158000.00,PE,0,IDLE,0.62
4159000.00,PE,0,IDLE,0.62
4160000.00,PE,0,IDLE,0.62
4161000.00,PE,0,IDLE,0.62
4162000.00,PE,0,IDLE,0.62
4163000.00,PE,0,IDLE,0.62
4164000.00,PE,0,IDLE,0.62
4165000.00,PE,0,IDLE,0.62
4166000.00,PE,0,IDLE,0.62
4167000.00,PE,0,IDLE,0.62
4168000.00,PE,0,IDLE,0.62
4169000.00,PE,0,IDLE,0.62
4170000.00,PE,0,IDLE,0.62
4171000.00,PE,0,IDLE,0.62
4172000.00,PE,0,IDLE,0.62
4173000.00,PE,0,IDLE,0.62
4174000.00,PE,0,IDLE,0.62
4175000.00,PE,0,IDLE,0.62
4176000.00,PE,0,IDLE,0.62
4177000.00,PE,0,IDLE,0.62
4178000.00,PE,0,IDLE,0.62
4179000.00,PE,0,IDLE,0.62
4180000.00,PE,0,IDLE,0.62
4181000.00,PE,0,IDLE,0.62
4182000.00,PE,0,IDLE,0.62
4183000.00,PE,0,IDLE,0.62
4184000.00,PE,0,IDLE,0.62
4185000.00,PE,0,IDLE,0.62
4186000.00,PE,0,IDLE,0.62
4187000.00,PE,0,IDLE,0.62
4188000.00,PE,0,IDLE,0.62
4189000.00,PE,0,IDLE,0.62
4190000.00,PE,0,IDLE,0.62
4191000.00,PE,0,IDLE,0.62
4192000.00,PE,0,IDLE,0.62
4193000.00,PE,0,IDLE,0.62
4194000.00,PE,0,IDLE,0.62
4195000.00,PE,0,IDLE,0.62
4196000.00,PE,0,IDLE,0.62
4197000.00,PE,0,IDLE,0.62
4198000.00,PE,0,IDLE,0.62
4199000.00,PE,0,IDLE,0.62
4200000.00,PE,0,IDLE,0.62
4201000.00,PE,0,IDLE,0.62
4202000.00,PE,0,IDLE,0.62
4203000.00,PE,0,IDLE,0.62
4204000.00,PE,0,IDLE,0.62
4205000.00,PE,0,IDLE,0.62
4206000.00,PE,0,IDLE,0.62
4207000.00,PE,0,IDLE,0.62
4208000.00,PE,0,IDLE,0.62
4209000.00,PE,0,IDLE,0.62
4210000.00,PE,0,IDLE,0.62
4211000.00,PE,0,IDLE,0.62
4212000.00,PE,0,IDLE,0.62
4213000.00,PE,0,IDLE,0.62
4214000.00,PE,0,IDLE,0.62
4215000.00,PE,0,IDLE,0.62
4216000.00,PE,0,IDLE,0.62
4217000.00,PE,0,IDLE,0.62
4218000.00,PE,0,IDLE,0.62
4219000.00,PE,0,IDLE,0.62
4220000.00,PE,0,IDLE,0.62
4221000.00,PE,0,IDLE,0.62
4222000.00,PE,0,IDLE,0.62
4223000.00,PE,0,IDLE,0.62
4224000.00,PE,0,IDLE,0.62
4225000.00,PE,0,IDLE,0.62
4226000.00,PE,0,IDLE,0.62
4227000.00,PE,0,IDLE,0.62
4228000.00,PE,0,IDLE,0.62
4229000.00,PE,0,IDLE,0.62
4230000.00,PE,0,IDLE,0.62
4231000.00,PE,0,IDLE,0.62
4232000.00,PE,0,IDLE,0.62
4233000.00,PE,0,IDLE,0.62
4234000.00,PE,0,IDLE,0.62
4235000.00,PE,0,IDLE,0.62
4236000.00,PE,0,IDLE,0.62
4237000.00,PE,0,IDLE,0.62
4238000.00,PE,0,IDLE,0.62
4239000.00,PE,0,IDLE,0.62
4240000.00,PE,0,IDLE,0.62
4241000.00,PE,0,IDLE,0.62
4242000.00,PE,0,IDLE,0.62
4243000.00,PE,0,IDLE,0.62
4244000.00,PE,0,IDLE,0.62
4245000.00,PE,0,IDLE,0.62
4246000.00,PE,0,IDLE,0.62
4247000.00,PE,0,IDLE,0.62
4248000.00,PE,0,IDLE,0.62
4249000.00,PE,0,IDLE,0.62
4250000.00,PE,0,IDLE,0.62
4251000.00,PE,0,IDLE,0.62
4252000.00,PE,0,IDLE,0.62
4253000.00,PE,0,IDLE,0.62
4254000.00,PE,0,IDLE,0.62
4255000.00,PE,0,IDLE,0.62
4256000.00,PE,0,IDLE,0.62
4257000.00,PE,0,IDLE,0.62
4258000.00,PE,0,IDLE,0.62
4259000.00,PE,0,IDLE,0.62
4260000.00,PE,0,IDLE,0.62
4261000.00,PE,0,IDLE,0.62
4262000.00,PE,0,IDLE,0.62
4263000.00,PE,0,IDLE,0.62
4264000.00,PE,0,IDLE,0.62
4265000.00,PE,0,IDLE,0.62
4266000.00,PE,0,IDLE,0.62
4267000.00,PE,0,IDLE,0.62
4268000.00,PE,0,IDLE,0.62
4269000.00,PE,0,IDLE,0.62
4270000.00,PE,0,IDLE,0.62
4271000.00,PE,0,IDLE,0.62
4272000.00,PE,0,IDLE,0.62
4273000.00,PE,0,IDLE,0.62
4274000.00,PE,0,IDLE,0.62
4275000.00,PE,0,IDLE,0.62
4276000.00,PE,0,IDLE,0.62
4277000.00,PE,0,IDLE,0.62
4278000.00,PE,0,IDLE,0.62
4279000.00,PE,0,IDLE,0.62
4280000.00,PE,0,IDLE,0.62
4281000.00,PE,0,IDLE,0.62
4282000.00,PE,0,IDLE,0.62
4283000.00,PE,0,IDLE,0.62
4284000.00,PE,0,IDLE,0.62
4285000.00,PE,0,IDLE,0.62
4286000.00,PE,0,IDLE,0.62
4287000.00,PE,0,IDLE,0.62
4288000.00,PE,0,IDLE,0.62
4289000.00,PE,0,IDLE,0.62
4290000.00,PE,0,IDLE,0.62
4291000.00,PE,0,IDLE,0.62
4292000.00,PE,0,IDLE,0.62
4293000.00,PE,0,IDLE,0.62
4294000.00,PE,0,IDLE,0.62
4295000.00,PE,0,IDLE,0.62
4296000.00,PE,0,IDLE,0.62
4297000.00,PE,0,IDLE,0.62
4298000.00,PE,0,IDLE,0.62
4299000.00,PE,0,IDLE,0.62
4300000.00,PE,0,IDLE,0.62
4301000.00,PE,0,IDLE,0.62
4302000.00,PE,0,IDLE,0.62
4303000.00,PE,0,IDLE,0.62
4304000.00,PE,0,IDLE,0.62
4305000.00,PE,0,IDLE,0.62
4306000.00,PE,0,IDLE,0.62
4307000.00,PE,0,IDLE,0.62
4308000.00,PE,0,IDLE,0.62
4309000.00,PE,0,IDLE,0.62
4310000.00,PE,0,IDLE,0.62
4311000.00,PE,0,IDLE,0.62
4312000.00,PE,0,IDLE,0.62
4313000.00,PE,0,IDLE,0.62
4314000.00,PE,0,IDLE,0.62
4315000.00,PE,0,IDLE,0.62
4316000.00,PE,0,IDLE,0.62
4317000.00,PE,0,IDLE,0.62
4318000.00,PE,0,IDLE,0.62
4319000.00,PE,0,IDLE,0.62
4320000.00,PE,0,IDLE,0.62
4321000.00,PE,0,IDLE,0.62
4322000.00,PE,0,IDLE,0.62
4323000.00,PE,0,IDLE,0.62
4324000.00,PE,0,IDLE,0.62
4325000.00,PE,0,IDLE,0.62
4326000.00,PE,0,IDLE,0.62
4327000.00,PE,0,IDLE,0.62
4328000.00,PE,0,IDLE,0.62
4329000.00,PE,0,IDLE,0.62
4330000.00,PE,0,IDLE,0.62
4331000.00,PE,0,IDLE,0.62
4332000.00,PE,0,IDLE,0.62
4333000.00,PE,0,IDLE,0.62
4334000.00,PE,0,IDLE,0.62
4335000.00,PE,0,IDLE,0.62
4336000.00,PE,0,IDLE,0.62
4337000.00,PE,0,IDLE,0.62
4338000.00,PE,0,IDLE,0.62
4339000.00,PE,0,IDLE,0.62
4340000.00,PE,0,IDLE,0.62
4341000.00,PE,0,IDLE,0.62
4342000.00,PE,0,IDLE,0.62
4343000.00,PE,0,IDLE,0.62
4344000.00,PE,0,IDLE,0.62
4345000.00,PE,0,IDLE,0.62
4346000.00,PE,0,IDLE,0.62
4347000.00,PE,0,IDLE,0.62
4348000.00,PE,0,IDLE,0.62
4349000.00,PE,0,IDLE,0.62
4350000.00,PE,0,IDLE,0.62
4351000.00,PE,0,IDLE,0.62
4352000.00,PE,0,IDLE,0.62
4353000.00,PE,0,IDLE,0.62
4354000.00,PE,0,IDLE,0.62
4355000.00,PE,0,IDLE,0.62
4356000.00,PE,0,IDLE,0.62
4357000.00,PE,0,IDLE,0.62
4358000.00,PE,0,IDLE,0.62
4359000.00,PE,0,IDLE,0.62
4360000.00,PE,0,IDLE,0.62
4361000.00,PE,0,IDLE,0.62
4362000.00,PE,0,IDLE,0.62
4363000.00,PE,0,IDLE,0.62
4364000.00,PE,0,IDLE,0.62
4365000.00,PE,0,IDLE,0.62
4366000.00,PE,0,IDLE,0.62
4367000.00,PE,0,IDLE,0.62
4368000.00,PE,0,IDLE,0.62
4369000.00,PE,0,IDLE,0.62
4370000.00,PE,0,IDLE,0.62
4371000.00,PE,0,IDLE,0.62
4372000.00,PE,0,IDLE,0.62
4373000.00,PE,0,IDLE,0.62
4374000.00,PE,0,IDLE,0.62
4375000.00,PE,0,IDLE,0.62
4376000.00,PE,0,IDLE,0.62
4377000.00,PE,0,IDLE,0.62
4378000.00,PE,0,IDLE,0.62
4379000.00,PE,0,IDLE,0.62
4380000.00,PE,0,IDLE,0.62
4381000.00,PE,0,IDLE,0.62
4382000.00,PE,0,IDLE,0.62
4383000.00,PE,0,IDLE,0.62
4384000.00,PE,0,IDLE,0.62
4385000.00,PE,0,IDLE,0.62
4386000.00,PE,0,IDLE,0.62
4387000.00,PE,0,IDLE,0.62
4388000.00,PE,0,IDLE,0.62
4389000.00,PE,0,IDLE,0.62
4390000.00,PE,0,IDLE,0.62
4391000.00,PE,0,IDLE,0.62
4392000.00,PE,0,IDLE,0.62
4393000.00,PE,0,IDLE,0.62
4394000.00,PE,0,IDLE,0.62
4395000.00,PE,0,IDLE,0.62
4396000.00,PE,0,IDLE,0.62
4397000.00,PE,0,IDLE,0.62
4398000.00,PE,0,IDLE,0.62
4399000.00,PE,0,IDLE,0.62
4400000.00,PE,0,IDLE,0.62
4401000.00,PE,0,IDLE,0.62
4402000.00,PE,0,IDLE,0.62
4403000.00,PE,0,IDLE,0.62
4404000.00,PE,0,IDLE,0.62
4405000.00,PE,0,IDLE,0.62
4406000.00,PE,0,IDLE,0.62
4407000.00,PE,0,IDLE,0.62
4408000.00,PE,0,IDLE,0.62
4409000.00,PE,0,IDLE,0.62
4410000.00,PE,0,IDLE,0.62
4411000.00,PE,0,IDLE,0.62
4412000.00,PE,0,IDLE,0.62
4413000.00,PE,0,IDLE,0.62
4414000.00,PE,0,IDLE,0.62
4415000.00,PE,0,IDLE,0.62
4416000.00,PE,0,IDLE,0.62
4417000.00,PE,0,IDLE,0.62
4418000.00,PE,0,IDLE,0.62
4419000.00,PE,0,IDLE,0.62
4420000.00,PE,0,IDLE,0.62
4421000.00,PE,0,IDLE,0.62
4422000.00,PE,0,IDLE,0.62
4423000.00,PE,0,IDLE,0.62
4424000.00,PE,0,IDLE,0.62
4425000.00,PE,0,IDLE,0.62
4426000.00,PE,0,IDLE,0.62
4427000.00,PE,0,IDLE,0.62
4428000.00,PE,0,IDLE,0.62
4429000.00,PE,0,IDLE,0.62
4430000.00,PE,0,IDLE,0.62
4431000.00,PE,0,IDLE,0.62
4432000.00,PE,0,IDLE,0.62
4433000.00,PE,0,IDLE,0.62
4434000.00,PE,0,IDLE,0.62
4435000.00,PE,0,IDLE,0.62
4436000.00,PE,0,IDLE,0.62
4437000.00,PE,0,IDLE,0.62
4438000.00,PE,0,IDLE,0.62
4439000.00,PE,0,IDLE,0.62
4440000.00,PE,0,IDLE,0.62
4441000.00,PE,0,IDLE,0.62
4442000.00,PE,0,IDLE,0.62
4443000.00,PE,0,IDLE,0.62
4444000.00,PE,0,IDLE,0.62
4445000.00,PE,0,IDLE,0.62
4446000.00,PE,0,IDLE,0.62
4447000.00,PE,0,IDLE,0.62
4448000.00,PE,0,IDLE,0.62
4449000.00,PE,0,IDLE,0.62
4450000.00,PE,0,IDLE,0.62
4451000.00,PE,0,IDLE,0.62
4452000.00,PE,0,IDLE,0.62
4453000.00,PE,0,IDLE,0.62
4454000.00,PE,0,IDLE,0.62
4455000.00,PE,0,IDLE,0.62
4456000.00,PE,0,IDLE,0.62
4457000.00,PE,0,IDLE,0.62
4458000.00,PE,0,IDLE,0.62
4459000.00,PE,0,IDLE,0.62
4460000.00,PE,0,IDLE,0.62
4461000.00,PE,0,IDLE,0.62
4462000.00,PE,0,IDLE,0.62
4463000.00,PE,0,IDLE,0.62
4464000.00,PE,0,IDLE,0.62
4465000.00,PE,0,IDLE,0.62
4466000.00,PE,0,IDLE,0.62
4467000.00,PE,0,IDLE,0.62
4468000.00,PE,0,IDLE,0.62
4469000.00,PE,0,IDLE,0.62
4470000.00,PE,0,IDLE,0.62
4471000.00,PE,0,IDLE,0.62
4472000.00,PE,0,IDLE,0.62
4473000.00,PE,0,IDLE,0.62
4474000.00,PE,0,IDLE,0.62
4475000.00,PE,0,IDLE,0.62
4476000.00,PE,0,IDLE,0.62
4477000.00,PE,0,IDLE,0.62
4478000.00,PE,0,IDLE,0.62
4479000.00,PE,0,IDLE,0.62
4480000.00,PE,0,IDLE,0.62
4481000.00,PE,0,IDLE,0.62
4482000.00,PE,0,IDLE,0.62
4483000.00,PE,0,IDLE,0.62
4484000.00,PE,0,IDLE,0.62
4485000.00,PE,0,IDLE,0.62
4486000.00,PE,0,IDLE,0.62
4487000.00,PE,0,IDLE,0.62
4488000.00,PE,0,IDLE,0.62
4489000.00,PE,0,IDLE,0.62
4490000.00,PE,0,IDLE,0.62
4491000.00,PE,0,IDLE,0.62
4492000.00,PE,0,IDLE,0.62
4493000.00,PE,0,IDLE,0.62
4494000.00,PE,0,IDLE,0.62
4495000.00,PE,0,IDLE,0.62
4496000.00,PE,0,IDLE,0.62
4497000.00,PE,0,IDLE,0.62
4498000.00,PE,0,IDLE,0.62
4499000.00,PE,0,IDLE,0.62
4500000.00,PE,0,IDLE,0.62
4501000.00,PE,0,IDLE,0.62
4502000.00,PE,0,IDLE,0.62
4503000.00,PE,0,IDLE,0.62
4504000.00,PE,0,IDLE,0.62
4505000.00,PE,0,IDLE,0.62
4506000.00,PE,0,IDLE,0.62
4507000.00,PE,0,IDLE,0.62
4508000.00,PE,0,IDLE,0.62
4509000.00,PE,0,IDLE,0.62
4510000.00,PE,0,IDLE,0.62
4511000.00,PE,0,IDLE,0.62
4512000.00,PE,0,IDLE,0.62
4513000.00,PE,0,IDLE,0.62
4514000.00,PE,0,IDLE,0.62
4515000.00,PE,0,IDLE,0.62
4516000.00,PE,0,IDLE,0.62
4517000.00,PE,0,IDLE,0.62
4518000.00,PE,0,IDLE,0.62
4519000.00,PE,0,IDLE,0.62
4520000.00,PE,0,IDLE,0.62
4521000.00,PE,0,IDLE,0.62
4522000.00,PE,0,IDLE,0.62
4523000.00,PE,0,IDLE,0.62
4524000.00,PE,0,IDLE,0.62
4525000.00,PE,0,IDLE,0.62
4526000.00,PE,0,IDLE,0.62
4527000.00,PE,0,IDLE,0.62
4528000.00,PE,0,IDLE,0.62
4529000.00,PE,0,IDLE,0.62
4530000.00,PE,0,IDLE,0.62
4531000.00,PE,0,IDLE,0.62
4532000.00,PE,0,IDLE,0.62
4533000.00,PE,0,IDLE,0.62
4534000.00,PE,0,IDLE,0.62
4535000.00,PE,0,IDLE,0.62
4536000.00,PE,0,IDLE,0.62
4537000.00,PE,0,IDLE,0.62
4538000.00,PE,0,IDLE,0.62
4539000.00,PE,0,IDLE,0.62
4540000.00,PE,0,IDLE,0.62
4541000.00,PE,0,IDLE,0.62
4542000.00,PE,0,IDLE,0.62
4543000.00,PE,0,IDLE,0.62
4544000.00,PE,0,IDLE,0.62
4545000.00,PE,0,IDLE,0.62
4546000.00,PE,0,IDLE,0.62
4547000.00,PE,0,IDLE,0.62
4548000.00,PE,0,IDLE,0.62
4549000.00,PE,0,IDLE,0.62
4550000.00,PE,0,IDLE,0.62
4551000.00,PE,0,IDLE,0.62
4552000.00,PE,0,IDLE,0.62
4553000.00,PE,0,IDLE,0.62
4554000.00,PE,0,IDLE,0.62
4555000.00,PE,0,IDLE,0.62
4556000.00,PE,0,IDLE,0.62
4557000.00,PE,0,IDLE,0.62
4558000.00,PE,0,IDLE,0.62
4559000.00,PE,0,IDLE,0.62
4560000.00,PE,0,IDLE,0.62
4561000.00,PE,0,IDLE,0.62
4562000.00,PE,0,IDLE,0.62
4563000.00,PE,0,IDLE,0.62
4564000.00,PE,0,IDLE,0.62
4565000.00,PE,0,IDLE,0.62
4566000.00,PE,0,IDLE,0.62
4567000.00,PE,0,IDLE,0.62
4568000.00,PE,0,IDLE,0.62
4569000.00,PE,0,IDLE,0.62
4570000.00,PE,0,IDLE,0.62
4571000.00,PE,0,IDLE,0.62
4572000.00,PE,0,IDLE,0.62
4573000.00,PE,0,IDLE,0.62
4574000.00,PE,0,IDLE,0.62
4575000.00,PE,0,IDLE,0.62
4576000.00,PE,0,IDLE,0.62
4577000.00,PE,0,IDLE,0.62
4578000.00,PE,0,IDLE,0.62
4579000.00,PE,0,IDLE,0.62
4580000.00,PE,0,IDLE,0.62
4581000.00,PE,0,IDLE,0.62
4582000.00,PE,0,IDLE,0.62
4583000.00,PE,0,IDLE,0.62
4584000.00,PE,0,IDLE,0.62
4585000.00,PE,0,IDLE,0.62
4586000.00,PE,0,IDLE,0.62
4587000.00,PE,0,IDLE,0.62
4588000.00,PE,0,IDLE,0.62
4589000.00,PE,0,IDLE,0.62
4590000.00,PE,0,IDLE,0.62
4591000.00,PE,0,IDLE,0.62
4592000.00,PE,0,IDLE,0.62
4593000.00,PE,0,IDLE,0.62
4594000.00,PE,0,IDLE,0.62
4595000.00,PE,0,IDLE,0.62
4596000.00,PE,0,IDLE,0.62
4597000.00,PE,0,IDLE,0.62
4598000.00,PE,0,IDLE,0.62
4599000.00,PE,0,IDLE,0.62
4600000.00,PE,0,IDLE,0.62
4601000.00,PE,0,IDLE,0.62
4602000.00,PE,0,IDLE,0.62
4603000.00,PE,0,IDLE,0.62
4604000.00,PE,0,IDLE,0.62
4605000.00,PE,0,IDLE,0.62
4606000.00,PE,0,IDLE,0.62
4607000.00,PE,0,IDLE,0.62
4608000.00,PE,0,IDLE,0.62
4609000.00,PE,0,IDLE,0.62
4610000.00,PE,0,IDLE,0.62
4611000.00,PE,0,IDLE,0.62
4612000.00,PE,0,IDLE,0.62
4613000.00,PE,0,IDLE,0.62
4614000.00,PE,0,IDLE,0.62
4615000.00,PE,0,IDLE,0.62
4616000.00,PE,0,IDLE,0.62
4617000.00,PE,0,IDLE,0.62
4618000.00,PE,0,IDLE,0.62
4619000.00,PE,0,IDLE,0.62
4620000.00,PE,0,IDLE,0.62
4621000.00,PE,0,IDLE,0.62
4622000.00,PE,0,IDLE,0.62
4623000.00,PE,0,IDLE,0.62
4624000.00,PE,0,IDLE,0.62
4625000.00,PE,0,IDLE,0.62
4626000.00,PE,0,IDLE,0.62
4627000.00,PE,0,IDLE,0.62
4628000.00,PE,0,IDLE,0.62
4629000.00,PE,0,IDLE,0.62
4630000.00,PE,0,IDLE,0.62
4631000.00,PE,0,IDLE,0.62
4632000.00,PE,0,IDLE,0.62
4633000.00,PE,0,IDLE,0.62
4634000.00,PE,0,IDLE,0.62
4635000.00,PE,0,IDLE,0.62
4636000.00,PE,0,IDLE,0.62
4637000.00,PE,0,IDLE,0.62
4638000.00,PE,0,IDLE,0.62
4639000.00,PE,0,IDLE,0.62
4640000.00,PE,0,IDLE,0.62
4641000.00,PE,0,IDLE,0.62
4642000.00,PE,0,IDLE,0.62
4643000.00,PE,0,IDLE,0.62
4644000.00,PE,0,IDLE,0.62
4645000.00,PE,0,IDLE,0.62
4646000.00,PE,0,IDLE,0.62
4647000.00,PE,0,IDLE,0.62
4648000.00,PE,0,IDLE,0.62
4649000.00,PE,0,IDLE,0.62
4650000.00,PE,0,IDLE,0.62
4651000.00,PE,0,IDLE,0.62
4652000.00,PE,0,IDLE,0.62
4653000.00,PE,0,IDLE,0.62
4654000.00,PE,0,IDLE,0.62
4655000.00,PE,0,IDLE,0.62
4656000.00,PE,0,IDLE,0.62
4657000.00,PE,0,IDLE,0.62
4658000.00,PE,0,IDLE,0.62
4659000.00,PE,0,IDLE,0.62
4660000.00,PE,0,IDLE,0.62
4661000.00,PE,0,IDLE,0.62
4662000.00,PE,0,IDLE,0.62
4663000.00,PE,0,IDLE,0.62
4664000.00,PE,0,IDLE,0.62
4665000.00,PE,0,IDLE,0.62
4666000.00,PE,0,IDLE,0.62
4667000.00,PE,0,IDLE,0.62
4668000.00,PE,0,IDLE,0.62
4669000.00,PE,0,IDLE,0.62
4670000.00,PE,0,IDLE,0.62
4671000.00,PE,0,IDLE,0.62
4672000.00,PE,0,IDLE,0.62
4673000.00,PE,0,IDLE,0.62
4674000.00,PE,0,IDLE,0.62
4675000.00,PE,0,IDLE,0.62
4676000.00,PE,0,IDLE,0.62
4677000.00,PE,0,IDLE,0.62
4678000.00,PE,0,IDLE,0.62
4679000.00,PE,0,IDLE,0.62
4680000.00,PE,0,IDLE,0.62
4681000.00,PE,0,IDLE,0.62
4682000.00,PE,0,IDLE,0.62
4683000.00,PE,0,IDLE,0.62
4684000.00,PE,0,IDLE,0.62
4685000.00,PE,0,IDLE,0.62
4686000.00,PE,0,IDLE,0.62
4687000.00,PE,0,IDLE,0.62
4688000.00,PE,0,IDLE,0.62
4689000.00,PE,0,IDLE,0.62
4690000.00,PE,0,IDLE,0.62
4691000.00,PE,0,IDLE,0.62
4692000.00,PE,0,IDLE,0.62
4693000.00,PE,0,IDLE,0.62
4694000.00,PE,0,IDLE,0.62
4695000.00,PE,0,IDLE,0.62
4696000.00,PE,0,IDLE,0.62
4697000.00,PE,0,IDLE,0.62
4698000.00,PE,0,IDLE,0.62
4699000.00,PE,0,IDLE,0.62
4700000.00,PE,0,IDLE,0.62
4701000.00,PE,0,IDLE,0.62
4702000.00,PE,0,IDLE,0.62
4703000.00,PE,0,IDLE,0.62
4704000.00,PE,0,IDLE,0.62
4705000.00,PE,0,IDLE,0.62
4706000.00,PE,0,IDLE,0.62
4707000.00,PE,0,IDLE,0.62
4708000.00,PE,0,IDLE,0.62
4709000.00,PE,0,IDLE,0.62
4710000.00,PE,0,IDLE,0.62
4711000.00,PE,0,IDLE,0.62
4712000.00,PE,0,IDLE,0.62
4713000.00,PE,0,IDLE,0.62
4714000.00,PE,0,IDLE,0.62
4715000.00,PE,0,IDLE,0.62
4716000.00,PE,0,IDLE,0.62
4717000.00,PE,0,IDLE,0.62
4718000.00,PE,0,IDLE,0.62
4719000.00,PE,0,IDLE,0.62
4720000.00,PE,0,IDLE,0.62
4721000.00,PE,0,IDLE,0.62
4722000.00,PE,0,IDLE,0.62
4723000.00,PE,0,IDLE,0.62
4724000.00,PE,0,IDLE,0.62
4725000.00,PE,0,IDLE,0.62
4726000.00,PE,0,IDLE,0.62
4727000.00,PE,0,IDLE,0.62
4728000.00,PE,0,IDLE,0.62
4729000.00,PE,0,IDLE,0.62
4730000.00,PE,0,IDLE,0.62
4731000.00,PE,0,IDLE,0.62
4732000.00,PE,0,IDLE,0.62
4733000.00,PE,0,IDLE,0.62
4734000.00,PE,0,IDLE,0.62
4735000.00,PE,0,IDLE,0.62
4736000.00,PE,0,IDLE,0.62
4737000.00,PE,0,IDLE,0.62
4738000.00,PE,0,IDLE,0.62
4739000.00,PE,0,IDLE,0.62
4740000.00,PE,0,IDLE,0.62
4741000.00,PE,0,IDLE,0.62
4742000.00,PE,0,IDLE,0.62
4743000.00,PE,0,IDLE,0.62
4744000.00,PE,0,IDLE,0.62
4745000.00,PE,0,IDLE,0.62
4746000.00,PE,0,IDLE,0.62
4747000.00,PE,0,IDLE,0.62
4748000.00,PE,0,IDLE,0.62
4749000.00,PE,0,IDLE,0.62
4750000.00,PE,0,IDLE,0.62
4751000.00,PE,0,IDLE,0.62
4752000.00,PE,0,IDLE,0.62
4753000.00,PE,0,IDLE,0.62
4754000.00,PE,0,IDLE,0.62
4755000.00,PE,0,IDLE,0.62
4756000.00,PE,0,IDLE,0.62
4757000.00,PE,0,IDLE,0.62
4758000.00,PE,0,IDLE,0.62
4759000.00,PE,0,IDLE,0.62
4760000.00,PE,0,IDLE,0.62
4761000.00,PE,0,IDLE,0.62
4762000.00,PE,0,IDLE,0.62
4763000.00,PE,0,IDLE,0.62
4764000.00,PE,0,IDLE,0.62
4765000.00,PE,0,IDLE,0.62
4766000.00,PE,0,IDLE,0.62
4767000.00,PE,0,IDLE,0.62
4768000.00,PE,0,IDLE,0.62
4769000.00,PE,0,IDLE,0.62
4770000.00,PE,0,IDLE,0.62
4771000.00,PE,0,IDLE,0.62
4772000.00,PE,0,IDLE,0.62
4773000.00,PE,0,IDLE,0.62
4774000.00,PE,0,IDLE,0.62
4775000.00,PE,0,IDLE,0.62
4776000.00,PE,0,IDLE,0.62
4777000.00,PE,0,IDLE,0.62
4778000.00,PE,0,IDLE,0.62
4779000.00,PE,0,IDLE,0.62
4780000.00,PE,0,IDLE,0.62
4781000.00,PE,0,IDLE,0.62
4782000.00,PE,0,IDLE,0.62
4783000.00,PE,0,IDLE,0.62
4784000.00,PE,0,IDLE,0.62
4785000.00,PE,0,IDLE,0.62
4786000.00,PE,0,IDLE,0.62
4787000.00,PE,0,IDLE,0.62
4788000.00,PE,0,IDLE,0.62
4789000.00,PE,0,IDLE,0.62
4790000.00,PE,0,IDLE,0.62
4791000.00,PE,0,IDLE,0.62
4792000.00,PE,0,IDLE,0.62
4793000.00,PE,0,IDLE,0.62
4794000.00,PE,0,IDLE,0.62
4795000.00,PE,0,IDLE,0.62
4796000.00,PE,0,IDLE,0.62
4797000.00,PE,0,IDLE,0.62
4798000.00,PE,0,IDLE,0.62
4799000.00,PE,0,IDLE,0.62
4800000.00,PE,0,IDLE,0.62
4801000.00,PE,0,IDLE,0.62
4802000.00,PE,0,IDLE,0.62
4803000.00,PE,0,IDLE,0.62
4804000.00,PE,0,IDLE,0.62
4805000.00,PE,0,IDLE,0.62
4806000.00,PE,0,IDLE,0.62
4807000.00,PE,0,IDLE,0.62
4808000.00,PE,0,IDLE,0.62
4809000.00,PE,0,IDLE,0.62
4810000.00,PE,0,IDLE,0.62
4811000.00,PE,0,IDLE,0.62
4812000.00,PE,0,IDLE,0.62
4813000.00,PE,0,IDLE,0.62
4814000.00,PE,0,IDLE,0.62
4815000.00,PE,0,IDLE,0.62
4816000.00,PE,0,IDLE,0.62
4817000.00,PE,0,IDLE,0.62
4818000.00,PE,0,IDLE,0.62
4819000.00,PE,0,IDLE,0.62
4820000.00,PE,0,IDLE,0.62
4821000.00,PE,0,IDLE,0.62
4822000.00,PE,0,IDLE,0.62
4823000.00,PE,0,IDLE,0.62
4824000.00,PE,0,IDLE,0.62
4825000.00,PE,0,IDLE,0.62
4826000.00,PE,0,IDLE,0.62
4827000.00,PE,0,IDLE,0.62
4828000.00,PE,0,IDLE,0.62
4829000.00,PE,0,IDLE,0.62
4830000.00,PE,0,IDLE,0.62
4831000.00,PE,0,IDLE,0.62
4832000.00,PE,0,IDLE,0.62
4833000.00,PE,0,IDLE,0.62
4834000.00,PE,0,IDLE,0.62
4835000.00,PE,0,IDLE,0.62
4836000.00,PE,0,IDLE,0.62
4837000.00,PE,0,IDLE,0.62
4838000.00,PE,0,IDLE,0.62
4839000.00,PE,0,IDLE,0.62
4840000.00,PE,0,IDLE,0.62
4841000.00,PE,0,IDLE,0.62
4842000.00,PE,0,IDLE,0.62
4843000.00,PE,0,IDLE,0.62
4844000.00,PE,0,IDLE,0.62
4845000.00,PE,0,IDLE,0.62
4846000.00,PE,0,IDLE,0.62
4847000.00,PE,0,IDLE,0.62
4848000.00,PE,0,IDLE,0.62
4849000.00,PE,0,IDLE,0.62
4850000.00,PE,0,IDLE,0.62
4851000.00,PE,0,IDLE,0.62
4852000.00,PE,0,IDLE,0.62
4853000.00,PE,0,IDLE,0.62
4854000.00,PE,0,IDLE,0.62
4855000.00,PE,0,IDLE,0.62
4856000.00,PE,0,IDLE,0.62
4857000.00,PE,0,IDLE,0.62
4858000.00,PE,0,IDLE,0.62
4859000.00,PE,0,IDLE,0.62
4860000.00,PE,0,IDLE,0.62
4861000.00,PE,0,IDLE,0.62
4862000.00,PE,0,IDLE,0.62
4863000.00,PE,0,IDLE,0.62
4864000.00,PE,0,IDLE,0.62
4865000.00,PE,0,IDLE,0.62
4866000.00,PE,0,IDLE,0.62
4867000.00,PE,0,IDLE,0.62
4868000.00,PE,0,IDLE,0.62
4869000.00,PE,0,IDLE,0.62
4870000.00,PE,0,IDLE,0.62
4871000.00,PE,0,IDLE,0.62
4872000.00,PE,0,IDLE,0.62
4873000.00,PE,0,IDLE,0.62
4874000.00,PE,0,IDLE,0.62
4875000.00,PE,0,IDLE,0.62
4876000.00,PE,0,IDLE,0.62
4877000.00,PE,0,IDLE,0.62
4878000.00,PE,0,IDLE,0.62
4879000.00,PE,0,IDLE,0.62
4880000.00,PE,0,IDLE,0.62
4881000.00,PE,0,IDLE,0.62
4882000.00,PE,0,IDLE,0.62
4883000.00,PE,0,IDLE,0.62
4884000.00,PE,0,IDLE,0.62
4885000.00,PE,0,IDLE,0.62
4886000.00,PE,0,IDLE,0.62
4887000.00,PE,0,IDLE,0.62
4888000.00,PE,0,IDLE,0.62
4889000.00,PE,0,IDLE,0.62
4890000.00,PE,0,IDLE,0.62
4891000.00,PE,0,IDLE,0.62
4892000.00,PE,0,IDLE,0.62
4893000.00,PE,0,IDLE,0.62
4894000.00,PE,0,IDLE,0.62
4895000.00,PE,0,IDLE,0.62
4896000.00,PE,0,IDLE,0.62
4897000.00,PE,0,IDLE,0.62
4898000.00,PE,0,IDLE,0.62
4899000.00,PE,0,IDLE,0.62
4900000.00,PE,0,IDLE,0.62
4901000.00,PE,0,IDLE,0.62
4902000.00,PE,0,IDLE,0.62
4903000.00,PE,0,IDLE,0.62
4904000.00,PE,0,IDLE,0.62
4905000.00,PE,0,IDLE,0.62
4906000.00,PE,0,IDLE,0.62
4907000.00,PE,0,IDLE,0.62
4908000.00,PE,0,IDLE,0.62
4909000.00,PE,0,IDLE,0.62
4910000.00,PE,0,IDLE,0.62
4911000.00,PE,0,IDLE,0.62
4912000.00,PE,0,IDLE,0.62
4913000.00,PE,0,IDLE,0.62
4914000.00,PE,0,IDLE,0.62
4915000.00,PE,0,IDLE,0.62
4916000.00,PE,0,IDLE,0.62
4917000.00,PE,0,IDLE,0.62
4918000.00,PE,0,IDLE,0.62
4919000.00,PE,0,IDLE,0.62
4920000.00,PE,0,IDLE,0.62
4921000.00,PE,0,IDLE,0.62
4922000.00,PE,0,IDLE,0.62
4923000.00,PE,0,IDLE,0.62
4924000.00,PE,0,IDLE,0.62
4925000.00,PE,0,IDLE,0.62
4926000.00,PE,0,IDLE,0.62
4927000.00,PE,0,IDLE,0.62
4928000.00,PE,0,IDLE,0.62
4929000.00,PE,0,IDLE,0.62
4930000.00,PE,0,IDLE,0.62
4931000.00,PE,0,IDLE,0.62
4932000.00,PE,0,IDLE,0.62
4933000.00,PE,0,IDLE,0.62
4934000.00,PE,0,IDLE,0.62
4935000.00,PE,0,IDLE,0.62
4936000.00,PE,0,IDLE,0.62
4937000.00,PE,0,IDLE,0.62
4938000.00,PE,0,IDLE,0.62
4939000.00,PE,0,IDLE,0.62
4940000.00,PE,0,IDLE,0.62
4941000.00,PE,0,IDLE,0.62
4942000.00,PE,0,IDLE,0.62
4943000.00,PE,0,IDLE,0.62
4944000.00,PE,0,IDLE,0.62
4945000.00,PE,0,IDLE,0.62
4946000.00,PE,0,IDLE,0.62
4947000.00,PE,0,IDLE,0.62
4948000.00,PE,0,IDLE,0.62
4949000.00,PE,0,IDLE,0.62
4950000.00,PE,0,IDLE,0.62
4951000.00,PE,0,IDLE,0.62
4952000.00,PE,0,IDLE,0.62
4953000.00,PE,0,IDLE,0.62
4954000.00,PE,0,IDLE,0.62
4955000.00,PE,0,IDLE,0.62
4956000.00,PE,0,IDLE,0.62
4957000.00,PE,0,IDLE,0.62
4958000.00,PE,0,IDLE,0.62
4959000.00,PE,0,IDLE,0.62
4960000.00,PE,0,IDLE,0.62
4961000.00,PE,0,IDLE,0.62
4962000.00,PE,0,IDLE,0.62
4963000.00,PE,0,IDLE,0.62
4964000.00,PE,0,IDLE,0.62
4965000.00,PE,0,IDLE,0.62
4966000.00,PE,0,IDLE,0.62
4967000.00,PE,0,IDLE,0.62
4968000.00,PE,0,IDLE,0.62
4969000.00,PE,0,IDLE,0.62
4970000.00,PE,0,IDLE,0.62
4971000.00,PE,0,IDLE,0.62
4972000.00,PE,0,IDLE,0.62
4973000.00,PE,0,IDLE,0.62
4974000.00,PE,0,IDLE,0.62
4975000.00,PE,0,IDLE,0.62
4976000.00,PE,0,IDLE,0.62
4977000.00,PE,0,IDLE,0.62
4978000.00,PE,0,IDLE,0.62
4979000.00,PE,0,IDLE,0.62
4980000.00,PE,0,IDLE,0.62
4981000.00,PE,0,IDLE,0.62
4982000.00,PE,0,IDLE,0.62
4983000.00,PE,0,IDLE,0.62
4984000.00,PE,0,IDLE,0.62
4985000.00,PE,0,IDLE,0.62
4986000.00,PE,0,IDLE,0.62
4987000.00,PE,0,IDLE,0.62
4988000.00,PE,0,IDLE,0.62
4989000.00,PE,0,IDLE,0.62
4990000.00,PE,0,IDLE,0.62
4991000.00,PE,0,IDLE,0.62
4992000.00,PE,0,IDLE,0.62
4993000.00,PE,0,IDLE,0.62
4994000.00,PE,0,IDLE,0.62
4995000.00,PE,0,IDLE,0.62
4996000.00,PE,0,IDLE,0.62
4997000.00,PE,0,IDLE,0.62
4998000.00,PE,0,IDLE,0.62
4999000.00,PE,0,IDLE,0.62
5000000.00,PE,0,IDLE,0.62
5001000.00,PE,0,IDLE,0.62
5002000.00,PE,0,IDLE,0.62
5003000.00,PE,0,IDLE,0.62
5004000.00,PE,0,IDLE,0.62
5005000.00,PE,0,IDLE,0.62
5006000.00,PE,0,IDLE,0.62
5007000.00,PE,0,IDLE,0.62
5008000.00,PE,0,IDLE,0.62
5009000.00,PE,0,IDLE,0.62
5010000.00,PE,0,IDLE,0.62
5011000.00,PE,0,IDLE,0.62
5012000.00,PE,0,IDLE,0.62
5013000.00,PE,0,IDLE,0.62
5014000.00,PE,0,IDLE,0.62
5015000.00,PE,0,IDLE,0.62
5016000.00,PE,0,IDLE,0.62
5017000.00,PE,0,IDLE,0.62
5018000.00,PE,0,IDLE,0.62
5019000.00,PE,0,IDLE,0.62
5020000.00,PE,0,IDLE,0.62
5021000.00,PE,0,IDLE,0.62
5022000.00,PE,0,IDLE,0.62
5023000.00,PE,0,IDLE,0.62
5024000.00,PE,0,IDLE,0.62
5025000.00,PE,0,IDLE,0.62
5026000.00,PE,0,IDLE,0.62
5027000.00,PE,0,IDLE,0.62
5028000.00,PE,0,IDLE,0.62
5029000.00,PE,0,IDLE,0.62
5030000.00,PE,0,IDLE,0.62
5031000.00,PE,0,IDLE,0.62
5032000.00,PE,0,IDLE,0.62
5033000.00,PE,0,IDLE,0.62
5034000.00,PE,0,IDLE,0.62
5035000.00,PE,0,IDLE,0.62
5036000.00,PE,0,IDLE,0.62
5037000.00,PE,0,IDLE,0.62
5038000.00,PE,0,IDLE,0.62
5039000.00,PE,0,IDLE,0.62
5040000.00,PE,0,IDLE,0.62
5041000.00,PE,0,IDLE,0.62
5042000.00,PE,0,IDLE,0.62
5043000.00,PE,0,IDLE,0.62
5044000.00,PE,0,IDLE,0.62
5045000.00,PE,0,IDLE,0.62
5046000.00,PE,0,IDLE,0.62
5047000.00,PE,0,IDLE,0.62
5048000.00,PE,0,IDLE,0.62
5049000.00,PE,0,IDLE,0.62
5050000.00,PE,0,IDLE,0.62
5051000.00,PE,0,IDLE,0.62
5052000.00,PE,0,IDLE,0.62
5053000.00,PE,0,IDLE,0.62
5054000.00,PE,0,IDLE,0.62
5055000.00,PE,0,IDLE,0.62
5056000.00,PE,0,IDLE,0.62
5057000.00,PE,0,IDLE,0.62
5058000.00,PE,0,IDLE,0.62
5059000.00,PE,0,IDLE,0.62
5060000.00,PE,0,IDLE,0.62
5061000.00,PE,0,IDLE,0.62
5062000.00,PE,0,IDLE,0.62
5063000.00,PE,0,IDLE,0.62
5064000.00,PE,0,IDLE,0.62
5065000.00,PE,0,IDLE,0.62
5066000.00,PE,0,IDLE,0.62
5067000.00,PE,0,IDLE,0.62
5068000.00,PE,0,IDLE,0.62
5069000.00,PE,0,IDLE,0.62
5070000.00,PE,0,IDLE,0.62
5071000.00,PE,0,IDLE,0.62
5072000.00,PE,0,IDLE,0.62
5073000.00,PE,0,IDLE,0.62
5074000.00,PE,0,IDLE,0.62
5075000.00,PE,0,IDLE,0.62
5076000.00,PE,0,IDLE,0.62
5077000.00,PE,0,IDLE,0.62
5078000.00,PE,0,IDLE,0.62
5079000.00,PE,0,IDLE,0.62
5080000.00,PE,0,IDLE,0.62
5081000.00,PE,0,IDLE,0.62
5082000.00,PE,0,IDLE,0.62
5083000.00,PE,0,IDLE,0.62
5084000.00,PE,0,IDLE,0.62
5085000.00,PE,0,IDLE,0.62
5086000.00,PE,0,IDLE,0.62
5087000.00,PE,0,IDLE,0.62
5088000.00,PE,0,IDLE,0.62
5089000.00,PE,0,IDLE,0.62
5090000.00,PE,0,IDLE,0.62
5091000.00,PE,0,IDLE,0.62
5092000.00,PE,0,IDLE,0.62
5093000.00,PE,0,IDLE,0.62
5094000.00,PE,0,IDLE,0.62
5095000.00,PE,0,IDLE,0.62
5096000.00,PE,0,IDLE,0.62
5097000.00,PE,0,IDLE,0.62
5098000.00,PE,0,IDLE,0.62
5099000.00,PE,0,IDLE,0.62
5100000.00,PE,0,IDLE,0.62
5101000.00,PE,0,IDLE,0.62
5102000.00,PE,0,IDLE,0.62
5103000.00,PE,0,IDLE,0.62
5104000.00,PE,0,IDLE,0.62
5105000.00,PE,0,IDLE,0.62
5106000.00,PE,0,IDLE,0.62
5107000.00,PE,0,IDLE,0.62
5108000.00,PE,0,IDLE,0.62
5109000.00,PE,0,IDLE,0.62
5110000.00,PE,0,IDLE,0.62
5111000.00,PE,0,IDLE,0.62
5112000.00,PE,0,IDLE,0.62
5113000.00,PE,0,IDLE,0.62
5114000.00,PE,0,IDLE,0.62
5115000.00,PE,0,IDLE,0.62
5116000.00,PE,0,IDLE,0.62
5117000.00,PE,0,IDLE,0.62
5118000.00,PE,0,IDLE,0.62
5119000.00,PE,0,IDLE,0.62
5120000.00,PE,0,IDLE,0.62
5121000.00,PE,0,IDLE,0.62
5122000.00,PE,0,IDLE,0.62
5123000.00,PE,0,IDLE,0.62
5124000.00,PE,0,IDLE,0.62
5125000.00,PE,0,IDLE,0.62
5126000.00,PE,0,IDLE,0.62
5127000.00,PE,0,IDLE,0.62
5128000.00,PE,0,IDLE,0.62
5129000.00,PE,0,IDLE,0.62
5130000.00,PE,0,IDLE,0.62
5131000.00,PE,0,IDLE,0.62
5132000.00,PE,0,IDLE,0.62
5133000.00,PE,0,IDLE,0.62
5134000.00,PE,0,IDLE,0.62
5135000.00,PE,0,IDLE,0.62
5136000.00,PE,0,IDLE,0.62
5137000.00,PE,0,IDLE,0.62
5138000.00,PE,0,IDLE,0.62
5139000.00,PE,0,IDLE,0.62
5140000.00,PE,0,IDLE,0.62
5141000.00,PE,0,IDLE,0.62
5142000.00,PE,0,IDLE,0.62
5143000.00,PE,0,IDLE,0.62
5144000.00,PE,0,IDLE,0.62
5145000.00,PE,0,IDLE,0.62
5146000.00,PE,0,IDLE,0.62
5147000.00,PE,0,IDLE,0.62
5148000.00,PE,0,IDLE,0.62
5149000.00,PE,0,IDLE,0.62
5150000.00,PE,0,IDLE,0.62
5151000.00,PE,0,IDLE,0.62
5152000.00,PE,0,IDLE,0.62
5153000.00,PE,0,IDLE,0.62
5154000.00,PE,0,IDLE,0.62
5155000.00,PE,0,IDLE,0.62
5156000.00,PE,0,IDLE,0.62
5157000.00,PE,0,IDLE,0.62
5158000.00,PE,0,IDLE,0.62
5159000.00,PE,0,IDLE,0.62
5160000.00,PE,0,IDLE,0.62
5161000.00,PE,0,IDLE,0.62
5162000.00,PE,0,IDLE,0.62
5163000.00,PE,0,IDLE,0.62
5164000.00,PE,0,IDLE,0.62
5165000.00,PE,0,IDLE,0.62
5166000.00,PE,0,IDLE,0.62
5167000.00,PE,0,IDLE,0.62
5168000.00,PE,0,IDLE,0.62
5169000.00,PE,0,IDLE,0.62
5170000.00,PE,0,IDLE,0.62
5171000.00,PE,0,IDLE,0.62
5172000.00,PE,0,IDLE,0.62
5173000.00,PE,0,IDLE,0.62
5174000.00,PE,0,IDLE,0.62
5175000.00,PE,0,IDLE,0.62
5176000.00,PE,0,IDLE,0.62
5177000.00,PE,0,IDLE,0.62
5178000.00,PE,0,IDLE,0.62
5179000.00,PE,0,IDLE,0.62
5180000.00,PE,0,IDLE,0.62
5181000.00,PE,0,IDLE,0.62
5182000.00,PE,0,IDLE,0.62
5183000.00,PE,0,IDLE,0.62
5184000.00,PE,0,IDLE,0.62
5185000.00,PE,0,IDLE,0.62
5186000.00,PE,0,IDLE,0.62
5187000.00,PE,0,IDLE,0.62
5188000.00,PE,0,IDLE,0.62
5189000.00,PE,0,IDLE,0.62
5190000.00,PE,0,IDLE,0.62
5191000.00,PE,0,IDLE,0.62
5192000.00,PE,0,IDLE,0.62
5193000.00,PE,0,IDLE,0.62
5194000.00,PE,0,IDLE,0.62
5195000.00,PE,0,IDLE,0.62
5196000.00,PE,0,IDLE,0.62
5197000.00,PE,0,IDLE,0.62
5198000.00,PE,0,IDLE,0.62
5199000.00,PE,0,IDLE,0.62
5200000.00,PE,0,IDLE,0.62
5201000.00,PE,0,IDLE,0.62
5202000.00,PE,0,IDLE,0.62
5203000.00,PE,0,IDLE,0.62
5204000.00,PE,0,IDLE,0.62
5205000.00,PE,0,IDLE,0.62
5206000.00,PE,0,IDLE,0.62
5207000.00,PE,0,IDLE,0.62
5208000.00,PE,0,IDLE,0.62
5209000.00,PE,0,IDLE,0.62
5210000.00,PE,0,IDLE,0.62
5211000.00,PE,0,IDLE,0.62
5212000.00,PE,0,IDLE,0.62
5213000.00,PE,0,IDLE,0.62
5214000.00,PE,0,IDLE,0.62
5215000.00,PE,0,IDLE,0.62
5216000.00,PE,0,IDLE,0.62
5217000.00,PE,0,IDLE,0.62
5218000.00,PE,0,IDLE,0.62
5219000.00,PE,0,IDLE,0.62
5220000.00,PE,0,IDLE,0.62
5221000.00,PE,0,IDLE,0.62
5222000.00,PE,0,IDLE,0.62
5223000.00,PE,0,IDLE,0.62
5224000.00,PE,0,IDLE,0.62
5225000.00,PE,0,IDLE,0.62
5226000.00,PE,0,IDLE,0.62
5227000.00,PE,0,IDLE,0.62
5228000.00,PE,0,IDLE,0.62
5229000.00,PE,0,IDLE,0.62
5230000.00,PE,0,IDLE,0.62
5231000.00,PE,0,IDLE,0.62
5232000.00,PE,0,IDLE,0.62
5233000.00,PE,0,IDLE,0.62
5234000.00,PE,0,IDLE,0.62
5235000.00,PE,0,IDLE,0.62
5236000.00,PE,0,IDLE,0.62
5237000.00,PE,0,IDLE,0.62
5238000.00,PE,0,IDLE,0.62
5239000.00,PE,0,IDLE,0.62
5240000.00,PE,0,IDLE,0.62
5241000.00,PE,0,IDLE,0.62
5242000.00,PE,0,IDLE,0.62
5243000.00,PE,0,IDLE,0.62
5244000.00,PE,0,IDLE,0.62
5245000.00,PE,0,IDLE,0.62
5246000.00,PE,0,IDLE,0.62
5247000.00,PE,0,IDLE,0.62
5248000.00,PE,0,IDLE,0.62
5249000.00,PE,0,IDLE,0.62
5250000.00,PE,0,IDLE,0.62
5251000.00,PE,0,IDLE,0.62
5252000.00,PE,0,IDLE,0.62
5253000.00,PE,0,IDLE,0.62
5254000.00,PE,0,IDLE,0.62
5255000.00,PE,0,IDLE,0.62
5256000.00,PE,0,IDLE,0.62
5257000.00,PE,0,IDLE,0.62
5258000.00,PE,0,IDLE,0.62
5259000.00,PE,0,IDLE,0.62
5260000.00,PE,0,IDLE,0.62
5261000.00,PE,0,IDLE,0.62
5262000.00,PE,0,IDLE,0.62
5263000.00,PE,0,IDLE,0.62
5264000.00,PE,0,IDLE,0.62
5265000.00,PE,0,IDLE,0.62
5266000.00,PE,0,IDLE,0.62
5267000.00,PE,0,IDLE,0.62
5268000.00,PE,0,IDLE,0.62
5269000.00,PE,0,IDLE,0.62
5270000.00,PE,0,IDLE,0.62
5271000.00,PE,0,IDLE,0.62
5272000.00,PE,0,IDLE,0.62
5273000.00,PE,0,IDLE,0.62
5274000.00,PE,0,IDLE,0.62
5275000.00,PE,0,IDLE,0.62
5276000.00,PE,0,IDLE,0.62
5277000.00,PE,0,IDLE,0.62
5278000.00,PE,0,IDLE,0.62
5279000.00,PE,0,IDLE,0.62
5280000.00,PE,0,IDLE,0.62
5281000.00,PE,0,IDLE,0.62
5282000.00,PE,0,IDLE,0.62
5283000.00,PE,0,IDLE,0.62
5284000.00,PE,0,IDLE,0.62
5285000.00,PE,0,IDLE,0.62
5286000.00,PE,0,IDLE,0.62
5287000.00,PE,0,IDLE,0.62
5288000.00,PE,0,IDLE,0.62
5289000.00,PE,0,IDLE,0.62
5290000.00,PE,0,IDLE,0.62
5291000.00,PE,0,IDLE,0.62
5292000.00,PE,0,IDLE,0.62
5293000.00,PE,0,IDLE,0.62
5294000.00,PE,0,IDLE,0.62
5295000.00,PE,0,IDLE,0.62
5296000.00,PE,0,IDLE,0.62
5297000.00,PE,0,IDLE,0.62
5298000.00,PE,0,IDLE,0.62
5299000.00,PE,0,IDLE,0.62
5300000.00,PE,0,IDLE,0.62
5301000.00,PE,0,IDLE,0.62
5302000.00,PE,0,IDLE,0.62
5303000.00,PE,0,IDLE,0.62
5304000.00,PE,0,IDLE,0.62
5305000.00,PE,0,IDLE,0.62
5306000.00,PE,0,IDLE,0.62
5307000.00,PE,0,IDLE,0.62
5308000.00,PE,0,IDLE,0.62
5309000.00,PE,0,IDLE,0.62
5310000.00,PE,0,IDLE,0.62
5311000.00,PE,0,IDLE,0.62
5312000.00,PE,0,IDLE,0.62
5313000.00,PE,0,IDLE,0.62
5314000.00,PE,0,IDLE,0.62
5315000.00,PE,0,IDLE,0.62
5316000.00,PE,0,IDLE,0.62
5317000.00,PE,0,IDLE,0.62
5318000.00,PE,0,IDLE,0.62
5319000.00,PE,0,IDLE,0.62
5320000.00,PE,0,IDLE,0.62
5321000.00,PE,0,IDLE,0.62
5322000.00,PE,0,IDLE,0.62
5323000.00,PE,0,IDLE,0.62
5324000.00,PE,0,IDLE,0.62
5325000.00,PE,0,IDLE,0.62
5326000.00,PE,0,IDLE,0.62
5327000.00,PE,0,IDLE,0.62
5328000.00,PE,0,IDLE,0.62
5329000.00,PE,0,IDLE,0.62
5330000.00,PE,0,IDLE,0.62
5331000.00,PE,0,IDLE,0.62
5332000.00,PE,0,IDLE,0.62
5333000.00,PE,0,IDLE,0.62
5334000.00,PE,0,IDLE,0.62
5335000.00,PE,0,IDLE,0.62
5336000.00,PE,0,IDLE,0.62
5337000.00,PE,0,IDLE,0.62
5338000.00,PE,0,IDLE,0.62
5339000.00,PE,0,IDLE,0.62
5340000.00,PE,0,IDLE,0.62
5341000.00,PE,0,IDLE,0.62
5342000.00,PE,0,IDLE,0.62
5343000.00,PE,0,IDLE,0.62
5344000.00,PE,0,IDLE,0.62
5345000.00,PE,0,IDLE,0.62
5346000.00,PE,0,IDLE,0.62
5347000.00,PE,0,IDLE,0.62
5348000.00,PE,0,IDLE,0.62
5349000.00,PE,0,IDLE,0.62
5350000.00,PE,0,IDLE,0.62
5351000.00,PE,0,IDLE,0.62
5352000.00,PE,0,IDLE,0.62
5353000.00,PE,0,IDLE,0.62
5354000.00,PE,0,IDLE,0.62
5355000.00,PE,0,IDLE,0.62
5356000.00,PE,0,IDLE,0.62
5357000.00,PE,0,IDLE,0.62
5358000.00,PE,0,IDLE,0.62
5359000.00,PE,0,IDLE,0.62
5360000.00,PE,0,IDLE,0.62
5361000.00,PE,0,IDLE,0.62
5362000.00,PE,0,IDLE,0.62
5363000.00,PE,0,IDLE,0.62
5364000.00,PE,0,IDLE,0.62
5365000.00,PE,0,IDLE,0.62
5366000.00,PE,0,IDLE,0.62
5367000.00,PE,0,IDLE,0.62
5368000.00,PE,0,IDLE,0.62
5369000.00,PE,0,IDLE,0.62
5370000.00,PE,0,IDLE,0.62
5371000.00,PE,0,IDLE,0.62
5372000.00,PE,0,IDLE,0.62
5373000.00,PE,0,IDLE,0.62
5374000.00,PE,0,IDLE,0.62
5375000.00,PE,0,IDLE,0.62
5376000.00,PE,0,IDLE,0.62
5377000.00,PE,0,IDLE,0.62
5378000.00,PE,0,IDLE,0.62
5379000.00,PE,0,IDLE,0.62
5380000.00,PE,0,IDLE,0.62
5381000.00,PE,0,IDLE,0.62
5382000.00,PE,0,IDLE,0.62
5383000.00,PE,0,IDLE,0.62
5384000.00,PE,0,IDLE,0.62
5385000.00,PE,0,IDLE,0.62
5386000.00,PE,0,IDLE,0.62
5387000.00,PE,0,IDLE,0.62
5388000.00,PE,0,IDLE,0.62
5389000.00,PE,0,IDLE,0.62
5390000.00,PE,0,IDLE,0.62
5391000.00,PE,0,IDLE,0.62
5392000.00,PE,0,IDLE,0.62
5393000.00,PE,0,IDLE,0.62
5394000.00,PE,0,IDLE,0.62
5395000.00,PE,0,IDLE,0.62
5396000.00,PE,0,IDLE,0.62
5397000.00,PE,0,IDLE,0.62
5398000.00,PE,0,IDLE,0.62
5399000.00,PE,0,IDLE,0.62
5400000.00,PE,0,IDLE,0.62
5401000.00,PE,0,IDLE,0.62
5402000.00,PE,0,IDLE,0.62
5403000.00,PE,0,IDLE,0.62
5404000.00,PE,0,IDLE,0.62
5405000.00,PE,0,IDLE,0.62
5406000.00,PE,0,IDLE,0.62
5407000.00,PE,0,IDLE,0.62
5408000.00,PE,0,IDLE,0.62
5409000.00,PE,0,IDLE,0.62
5410000.00,PE,0,IDLE,0.62
5411000.00,PE,0,IDLE,0.62
5412000.00,PE,0,IDLE,0.62
5413000.00,PE,0,IDLE,0.62
5414000.00,PE,0,IDLE,0.62
5415000.00,PE,0,IDLE,0.62
5416000.00,PE,0,IDLE,0.62
5417000.00,PE,0,IDLE,0.62
5418000.00,PE,0,IDLE,0.62
5419000.00,PE,0,IDLE,0.62
5420000.00,PE,0,IDLE,0.62
5421000.00,PE,0,IDLE,0.62
5422000.00,PE,0,IDLE,0.62
5423000.00,PE,0,IDLE,0.62
5424000.00,PE,0,IDLE,0.62
5425000.00,PE,0,IDLE,0.62
5426000.00,PE,0,IDLE,0.62
5427000.00,PE,0,IDLE,0.62
5428000.00,PE,0,IDLE,0.62
5429000.00,PE,0,IDLE,0.62
5430000.00,PE,0,IDLE,0.62
5431000.00,PE,0,IDLE,0.62
5432000.00,PE,0,IDLE,0.62
5433000.00,PE,0,IDLE,0.62
5434000.00,PE,0,IDLE,0.62
5435000.00,PE,0,IDLE,0.62
5436000.00,PE,0,IDLE,0.62
5437000.00,PE,0,IDLE,0.62
5438000.00,PE,0,IDLE,0.62
5439000.00,PE,0,IDLE,0.62
5440000.00,PE,0,IDLE,0.62
5441000.00,PE,0,IDLE,0.62
5442000.00,PE,0,IDLE,0.62
5443000.00,PE,0,IDLE,0.62
5444000.00,PE,0,IDLE,0.62
5445000.00,PE,0,IDLE,0.62
5446000.00,PE,0,IDLE,0.62
5447000.00,PE,0,IDLE,0.62
5448000.00,PE,0,IDLE,0.62
5449000.00,PE,0,IDLE,0.62
5450000.00,PE,0,IDLE,0.62
5451000.00,PE,0,IDLE,0.62
5452000.00,PE,0,IDLE,0.62
5453000.00,PE,0,IDLE,0.62
5454000.00,PE,0,IDLE,0.62
5455000.00,PE,0,IDLE,0.62
5456000.00,PE,0,IDLE,0.62
5457000.00,PE,0,IDLE,0.62
5458000.00,PE,0,IDLE,0.62
5459000.00,PE,0,IDLE,0.62
5460000.00,PE,0,IDLE,0.62
5461000.00,PE,0,IDLE,0.62
5462000.00,PE,0,IDLE,0.62
5463000.00,PE,0,IDLE,0.62
5464000.00,PE,0,IDLE,0.62
5465000.00,PE,0,IDLE,0.62
5466000.00,PE,0,IDLE,0.62
5467000.00,PE,0,IDLE,0.62
5468000.00,PE,0,IDLE,0.62
5469000.00,PE,0,IDLE,0.62
5470000.00,PE,0,IDLE,0.62
5471000.00,PE,0,IDLE,0.62
5472000.00,PE,0,IDLE,0.62
5473000.00,PE,0,IDLE,0.62
5474000.00,PE,0,IDLE,0.62
5475000.00,PE,0,IDLE,0.62
5476000.00,PE,0,IDLE,0.62
5477000.00,PE,0,IDLE,0.62
5478000.00,PE,0,IDLE,0.62
5479000.00,PE,0,IDLE,0.62
5480000.00,PE,0,IDLE,0.62
5481000.00,PE,0,IDLE,0.62
5482000.00,PE,0,IDLE,0.62
5483000.00,PE,0,IDLE,0.62
5484000.00,PE,0,IDLE,0.62
5485000.00,PE,0,IDLE,0.62
5486000.00,PE,0,IDLE,0.62
5487000.00,PE,0,IDLE,0.62
5488000.00,PE,0,IDLE,0.62
5489000.00,PE,0,IDLE,0.62
5490000.00,PE,0,IDLE,0.62
5491000.00,PE,0,IDLE,0.62
5492000.00,PE,0,IDLE,0.62
5493000.00,PE,0,IDLE,0.62
5494000.00,PE,0,IDLE,0.62
5495000.00,PE,0,IDLE,0.62
5496000.00,PE,0,IDLE,0.62
5497000.00,PE,0,IDLE,0.62
5498000.00,PE,0,IDLE,0.62
5499000.00,PE,0,IDLE,0.62
5500000.00,PE,0,IDLE,0.62
5501000.00,PE,0,IDLE,0.62
5502000.00,PE,0,IDLE,0.62
5503000.00,PE,0,IDLE,0.62
5504000.00,PE,0,IDLE,0.62
5505000.00,PE,0,IDLE,0.62
5506000.00,PE,0,IDLE,0.62
5507000.00,PE,0,IDLE,0.62
5508000.00,PE,0,IDLE,0.62
5509000.00,PE,0,IDLE,0.62
5510000.00,PE,0,IDLE,0.62
5511000.00,PE,0,IDLE,0.62
5512000.00,PE,0,IDLE,0.62
5513000.00,PE,0,IDLE,0.62
5514000.00,PE,0,IDLE,0.62
5515000.00,PE,0,IDLE,0.62
5516000.00,PE,0,IDLE,0.62
5517000.00,PE,0,IDLE,0.62
5518000.00,PE,0,IDLE,0.62
5519000.00,PE,0,IDLE,0.62
5520000.00,PE,0,IDLE,0.62
5521000.00,PE,0,IDLE,0.62
5522000.00,PE,0,IDLE,0.62
5523000.00,PE,0,IDLE,0.62
5524000.00,PE,0,IDLE,0.62
5525000.00,PE,0,IDLE,0.62
5526000.00,PE,0,IDLE,0.62
5527000.00,PE,0,IDLE,0.62
5528000.00,PE,0,IDLE,0.62
5529000.00,PE,0,IDLE,0.62
5530000.00,PE,0,IDLE,0.62
5531000.00,PE,0,IDLE,0.62
5532000.00,PE,0,IDLE,0.62
5533000.00,PE,0,IDLE,0.62
5534000.00,PE,0,IDLE,0.62
5535000.00,PE,0,IDLE,0.62
5536000.00,PE,0,IDLE,0.62
5537000.00,PE,0,IDLE,0.62
5538000.00,PE,0,IDLE,0.62
5539000.00,PE,0,IDLE,0.62
5540000.00,PE,0,IDLE,0.62
5541000.00,PE,0,IDLE,0.62
5542000.00,PE,0,IDLE,0.62
5543000.00,PE,0,IDLE,0.62
5544000.00,PE,0,IDLE,0.62
5545000.00,PE,0,IDLE,0.62
5546000.00,PE,0,IDLE,0.62
5547000.00,PE,0,IDLE,0.62
5548000.00,PE,0,IDLE,0.62
5549000.00,PE,0,IDLE,0.62
5550000.00,PE,0,IDLE,0.62
5551000.00,PE,0,IDLE,0.62
5552000.00,PE,0,IDLE,0.62
5553000.00,PE,0,IDLE,0.62
5554000.00,PE,0,IDLE,0.62
5555000.00,PE,0,IDLE,0.62
5556000.00,PE,0,IDLE,0.62
5557000.00,PE,0,IDLE,0.62
5558000.00,PE,0,IDLE,0.62
5559000.00,PE,0,IDLE,0.62
5560000.00,PE,0,IDLE,0.62
5561000.00,PE,0,IDLE,0.62
5562000.00,PE,0,IDLE,0.62
5563000.00,PE,0,IDLE,0.62
5564000.00,PE,0,IDLE,0.62
5565000.00,PE,0,IDLE,0.62
5566000.00,PE,0,IDLE,0.62
5567000.00,PE,0,IDLE,0.62
5568000.00,PE,0,IDLE,0.62
5569000.00,PE,0,IDLE,0.62
5570000.00,PE,0,IDLE,0.62
5571000.00,PE,0,IDLE,0.62
5572000.00,PE,0,IDLE,0.62
5573000.00,PE,0,IDLE,0.62
5574000.00,PE,0,IDLE,0.62
5575000.00,PE,0,IDLE,0.62
5576000.00,PE,0,IDLE,0.62
5577000.00,PE,0,IDLE,0.62
5578000.00,PE,0,IDLE,0.62
5579000.00,PE,0,IDLE,0.62
5580000.00,PE,0,IDLE,0.62
5581000.00,PE,0,IDLE,0.62
5582000.00,PE,0,IDLE,0.62
5583000.00,PE,0,IDLE,0.62
5584000.00,PE,0,IDLE,0.62
5585000.00,PE,0,IDLE,0.62
5586000.00,PE,0,IDLE,0.62
5587000.00,PE,0,IDLE,0.62
5588000.00,PE,0,IDLE,0.62
5589000.00,PE,0,IDLE,0.62
5590000.00,PE,0,IDLE,0.62
5591000.00,PE,0,IDLE,0.62
5592000.00,PE,0,IDLE,0.62
5593000.00,PE,0,IDLE,0.62
5594000.00,PE,0,IDLE,0.62
5595000.00,PE,0,IDLE,0.62
5596000.00,PE,0,IDLE,0.62
5597000.00,PE,0,IDLE,0.62
5598000.00,PE,0,IDLE,0.62
5599000.00,PE,0,IDLE,0.62
5600000.00,PE,0,IDLE,0.62
5601000.00,PE,0,IDLE,0.62
5602000.00,PE,0,IDLE,0.62
5603000.00,PE,0,IDLE,0.62
5604000.00,PE,0,IDLE,0.62
5605000.00,PE,0,IDLE,0.62
5606000.00,PE,0,IDLE,0.62
5607000.00,PE,0,IDLE,0.62
5608000.00,PE,0,IDLE,0.62
5609000.00,PE,0,IDLE,0.62
5610000.00,PE,0,IDLE,0.62
5611000.00,PE,0,IDLE,0.62
5612000.00,PE,0,IDLE,0.62
5613000.00,PE,0,IDLE,0.62
5614000.00,PE,0,IDLE,0.62
5615000.00,PE,0,IDLE,0.62
5616000.00,PE,0,IDLE,0.62
5617000.00,PE,0,IDLE,0.62
5618000.00,PE,0,IDLE,0.62
5619000.00,PE,0,IDLE,0.62
5620000.00,PE,0,IDLE,0.62
5621000.00,PE,0,IDLE,0.62
5622000.00,PE,0,IDLE,0.62
5623000.00,PE,0,IDLE,0.62
5624000.00,PE,0,IDLE,0.62
5625000.00,PE,0,IDLE,0.62
5626000.00,PE,0,IDLE,0.62
5627000.00,PE,0,IDLE,0.62
5628000.00,PE,0,IDLE,0.62
5629000.00,PE,0,IDLE,0.62
5630000.00,PE,0,IDLE,0.62
5631000.00,PE,0,IDLE,0.62
5632000.00,PE,0,IDLE,0.62
5633000.00,PE,0,IDLE,0.62
5634000.00,PE,0,IDLE,0.62
5635000.00,PE,0,IDLE,0.62
5636000.00,PE,0,IDLE,0.62
5637000.00,PE,0,IDLE,0.62
5638000.00,PE,0,IDLE,0.62
5639000.00,PE,0,IDLE,0.62
5640000.00,PE,0,IDLE,0.62
5641000.00,PE,0,IDLE,0.62
5642000.00,PE,0,IDLE,0.62
5643000.00,PE,0,IDLE,0.62
5644000.00,PE,0,IDLE,0.62
5645000.00,PE,0,IDLE,0.62
5646000.00,PE,0,IDLE,0.62
5647000.00,PE,0,IDLE,0.62
5648000.00,PE,0,IDLE,0.62
5649000.00,PE,0,IDLE,0.62
5650000.00,PE,0,IDLE,0.62
5651000.00,PE,0,IDLE,0.62
5652000.00,PE,0,IDLE,0.62
5653000.00,PE,0,IDLE,0.62
5654000.00,PE,0,IDLE,0.62
5655000.00,PE,0,IDLE,0.62
5656000.00,PE,0,IDLE,0.62
5657000.00,PE,0,IDLE,0.62
5658000.00,PE,0,IDLE,0.62
5659000.00,PE,0,IDLE,0.62
5660000.00,PE,0,IDLE,0.62
5661000.00,PE,0,IDLE,0.62
5662000.00,PE,0,IDLE,0.62
5663000.00,PE,0,IDLE,0.62
5664000.00,PE,0,IDLE,0.62
5665000.00,PE,0,IDLE,0.62
5666000.00,PE,0,IDLE,0.62
5667000.00,PE,0,IDLE,0.62
5668000.00,PE,0,IDLE,0.62
5669000.00,PE,0,IDLE,0.62
5670000.00,PE,0,IDLE,0.62
5671000.00,PE,0,IDLE,0.62
5672000.00,PE,0,IDLE,0.62
5673000.00,PE,0,IDLE,0.62
5674000.00,PE,0,IDLE,0.62
5675000.00,PE,0,IDLE,0.62
5676000.00,PE,0,IDLE,0.62
5677000.00,PE,0,IDLE,0.62
5678000.00,PE,0,IDLE,0.62
5679000.00,PE,0,IDLE,0.62
5680000.00,PE,0,IDLE,0.62
5681000.00,PE,0,IDLE,0.62
5682000.00,PE,0,IDLE,0.62
5683000.00,PE,0,IDLE,0.62
5684000.00,PE,0,IDLE,0.62
5685000.00,PE,0,IDLE,0.62
5686000.00,PE,0,IDLE,0.62
5687000.00,PE,0,IDLE,0.62
5688000.00,PE,0,IDLE,0.62
5689000.00,PE,0,IDLE,0.62
5690000.00,PE,0,IDLE,0.62
5691000.00,PE,0,IDLE,0.62
5692000.00,PE,0,IDLE,0.62
5693000.00,PE,0,IDLE,0.62
5694000.00,PE,0,IDLE,0.62
5695000.00,PE,0,IDLE,0.62
5696000.00,PE,0,IDLE,0.62
5697000.00,PE,0,IDLE,0.62
5698000.00,PE,0,IDLE,0.62
5699000.00,PE,0,IDLE,0.62
5700000.00,PE,0,IDLE,0.62
5701000.00,PE,0,IDLE,0.62
5702000.00,PE,0,IDLE,0.62
5703000.00,PE,0,IDLE,0.62
5704000.00,PE,0,IDLE,0.62
5705000.00,PE,0,IDLE,0.62
5706000.00,PE,0,IDLE,0.62
5707000.00,PE,0,IDLE,0.62
5708000.00,PE,0,IDLE,0.62
5709000.00,PE,0,IDLE,0.62
5710000.00,PE,0,IDLE,0.62
5711000.00,PE,0,IDLE,0.62
5712000.00,PE,0,IDLE,0.62
5713000.00,PE,0,IDLE,0.62
5714000.00,PE,0,IDLE,0.62
5715000.00,PE,0,IDLE,0.62
5716000.00,PE,0,IDLE,0.62
5717000.00,PE,0,IDLE,0.62
5718000.00,PE,0,IDLE,0.62
5719000.00,PE,0,IDLE,0.62
5720000.00,PE,0,IDLE,0.62
5721000.00,PE,0,IDLE,0.62
5722000.00,PE,0,IDLE,0.62
5723000.00,PE,0,IDLE,0.62
5724000.00,PE,0,IDLE,0.62
5725000.00,PE,0,IDLE,0.62
5726000.00,PE,0,IDLE,0.62
5727000.00,PE,0,IDLE,0.62
5728000.00,PE,0,IDLE,0.62
5729000.00,PE,0,IDLE,0.62
5730000.00,PE,0,IDLE,0.62
5731000.00,PE,0,IDLE,0.62
5732000.00,PE,0,IDLE,0.62
5733000.00,PE,0,IDLE,0.62
5734000.00,PE,0,IDLE,0.62
5735000.00,PE,0,IDLE,0.62
5736000.00,PE,0,IDLE,0.62
5737000.00,PE,0,IDLE,0.62
5738000.00,PE,0,IDLE,0.62
5739000.00,PE,0,IDLE,0.62
5740000.00,PE,0,IDLE,0.62
5741000.00,PE,0,IDLE,0.62
5742000.00,PE,0,IDLE,0.62
5743000.00,PE,0,IDLE,0.62
5744000.00,PE,0,IDLE,0.62
5745000.00,PE,0,IDLE,0.62
5746000.00,PE,0,IDLE,0.62
5747000.00,PE,0,IDLE,0.62
5748000.00,PE,0,IDLE,0.62
5749000.00,PE,0,IDLE,0.62
5750000.00,PE,0,IDLE,0.62
5751000.00,PE,0,IDLE,0.62
5752000.00,PE,0,IDLE,0.62
5753000.00,PE,0,IDLE,0.62
5754000.00,PE,0,IDLE,0.62
5755000.00,PE,0,IDLE,0.62
5756000.00,PE,0,IDLE,0.62
5757000.00,PE,0,IDLE,0.62
5758000.00,PE,0,IDLE,0.62
5759000.00,PE,0,IDLE,0.62
5760000.00,PE,0,IDLE,0.62
5761000.00,PE,0,IDLE,0.62
5762000.00,PE,0,IDLE,0.62
5763000.00,PE,0,IDLE,0.62
5764000.00,PE,0,IDLE,0.62
5765000.00,PE,0,IDLE,0.62
5766000.00,PE,0,IDLE,0.62
5767000.00,PE,0,IDLE,0.62
5768000.00,PE,0,IDLE,0.62
5769000.00,PE,0,IDLE,0.62
5770000.00,PE,0,IDLE,0.62
5771000.00,PE,0,IDLE,0.62
5772000.00,PE,0,IDLE,0.62
5773000.00,PE,0,IDLE,0.62
5774000.00,PE,0,IDLE,0.62
5775000.00,PE,0,IDLE,0.62
5776000.00,PE,0,IDLE,0.62
5777000.00,PE,0,IDLE,0.62
5778000.00,PE,0,IDLE,0.62
5779000.00,PE,0,IDLE,0.62
5780000.00,PE,0,IDLE,0.62
5781000.00,PE,0,IDLE,0.62
5782000.00,PE,0,IDLE,0.62
5783000.00,PE,0,IDLE,0.62
5784000.00,PE,0,IDLE,0.62
5785000.00,PE,0,IDLE,0.62
5786000.00,PE,0,IDLE,0.62
5787000.00,PE,0,IDLE,0.62
5788000.00,PE,0,IDLE,0.62
5789000.00,PE,0,IDLE,0.62
5790000.00,PE,0,IDLE,0.62
5791000.00,PE,0,IDLE,0.62
5792000.00,PE,0,IDLE,0.62
5793000.00,PE,0,IDLE,0.62
5794000.00,PE,0,IDLE,0.62
5795000.00,PE,0,IDLE,0.62
5796000.00,PE,0,IDLE,0.62
5797000.00,PE,0,IDLE,0.62
5798000.00,PE,0,IDLE,0.62
5799000.00,PE,0,IDLE,0.62
5800000.00,PE,0,IDLE,0.62
5801000.00,PE,0,IDLE,0.62
5802000.00,PE,0,IDLE,0.62
5803000.00,PE,0,IDLE,0.62
5804000.00,PE,0,IDLE,0.62
5805000.00,PE,0,IDLE,0.62
5806000.00,PE,0,IDLE,0.62
5807000.00,PE,0,IDLE,0.62
5808000.00,PE,0,IDLE,0.62
5809000.00,PE,0,IDLE,0.62
5810000.00,PE,0,IDLE,0.62
5811000.00,PE,0,IDLE,0.62
5812000.00,PE,0,IDLE,0.62
5813000.00,PE,0,IDLE,0.62
5814000.00,PE,0,IDLE,0.62
5815000.00,PE,0,IDLE,0.62
5816000.00,PE,0,IDLE,0.62
5817000.00,PE,0,IDLE,0.62
5818000.00,PE,0,IDLE,0.62
5819000.00,PE,0,IDLE,0.62
5820000.00,PE,0,IDLE,0.62
5821000.00,PE,0,IDLE,0.62
5822000.00,PE,0,IDLE,0.62
5823000.00,PE,0,IDLE,0.62
5824000.00,PE,0,IDLE,0.62
5825000.00,PE,0,IDLE,0.62
5826000.00,PE,0,IDLE,0.62
5827000.00,PE,0,IDLE,0.62
5828000.00,PE,0,IDLE,0.62
5829000.00,PE,0,IDLE,0.62
5830000.00,PE,0,IDLE,0.62
5831000.00,PE,0,IDLE,0.62
5832000.00,PE,0,IDLE,0.62
5833000.00,PE,0,IDLE,0.62
5834000.00,PE,0,IDLE,0.62
5835000.00,PE,0,IDLE,0.62
5836000.00,PE,0,IDLE,0.62
5837000.00,PE,0,IDLE,0.62
5838000.00,PE,0,IDLE,0.62
5839000.00,PE,0,IDLE,0.62
5840000.00,PE,0,IDLE,0.62
5841000.00,PE,0,IDLE,0.62
5842000.00,PE,0,IDLE,0.62
5843000.00,PE,0,IDLE,0.62
5844000.00,PE,0,IDLE,0.62
5845000.00,PE,0,IDLE,0.62
5846000.00,PE,0,IDLE,0.62
5847000.00,PE,0,IDLE,0.62
5848000.00,PE,0,IDLE,0.62
5849000.00,PE,0,IDLE,0.62
5850000.00,PE,0,IDLE,0.62
5851000.00,PE,0,IDLE,0.62
5852000.00,PE,0,IDLE,0.62
5853000.00,PE,0,IDLE,0.62
5854000.00,PE,0,IDLE,0.62
5855000.00,PE,0,IDLE,0.62
5856000.00,PE,0,IDLE,0.62
5857000.00,PE,0,IDLE,0.62
5858000.00,PE,0,IDLE,0.62
5859000.00,PE,0,IDLE,0.62
5860000.00,PE,0,IDLE,0.62
5861000.00,PE,0,IDLE,0.62
5862000.00,PE,0,IDLE,0.62
5863000.00,PE,0,IDLE,0.62
5864000.00,PE,0,IDLE,0.62
5865000.00,PE,0,IDLE,0.62
5866000.00,PE,0,IDLE,0.62
5867000.00,PE,0,IDLE,0.62
5868000.00,PE,0,IDLE,0.62
5869000.00,PE,0,IDLE,0.62
5870000.00,PE,0,IDLE,0.62
5871000.00,PE,0,IDLE,0.62
5872000.00,PE,0,IDLE,0.62
5873000.00,PE,0,IDLE,0.62
5874000.00,PE,0,IDLE,0.62
5875000.00,PE,0,IDLE,0.62
5876000.00,PE,0,IDLE,0.62
5877000.00,PE,0,IDLE,0.62
5878000.00,PE,0,IDLE,0.62
5879000.00,PE,0,IDLE,0.62
5880000.00,PE,0,IDLE,0.62
5881000.00,PE,0,IDLE,0.62
5882000.00,PE,0,IDLE,0.62
5883000.00,PE,0,IDLE,0.62
5884000.00,PE,0,IDLE,0.62
5885000.00,PE,0,IDLE,0.62
5886000.00,PE,0,IDLE,0.62
5887000.00,PE,0,IDLE,0.62
5888000.00,PE,0,IDLE,0.62
5889000.00,PE,0,IDLE,0.62
5890000.00,PE,0,IDLE,0.62
5891000.00,PE,0,IDLE,0.62
5892000.00,PE,0,IDLE,0.62
5893000.00,PE,0,IDLE,0.62
5894000.00,PE,0,IDLE,0.62
5895000.00,PE,0,IDLE,0.62
5896000.00,PE,0,IDLE,0.62
5897000.00,PE,0,IDLE,0.62
5898000.00,PE,0,IDLE,0.62
5899000.00,PE,0,IDLE,0.62
5900000.00,PE,0,IDLE,0.62
5901000.00,PE,0,IDLE,0.62
5902000.00,PE,0,IDLE,0.62
5903000.00,PE,0,IDLE,0.62
5904000.00,PE,0,IDLE,0.62
5905000.00,PE,0,IDLE,0.62
5906000.00,PE,0,IDLE,0.62
5907000.00,PE,0,IDLE,0.62
5908000.00,PE,0,IDLE,0.62
5909000.00,PE,0,IDLE,0.62
5910000.00,PE,0,IDLE,0.62
5911000.00,PE,0,IDLE,0.62
5912000.00,PE,0,IDLE,0.62
5913000.00,PE,0,IDLE,0.62
5914000.00,PE,0,IDLE,0.62
5915000.00,PE,0,IDLE,0.62
5916000.00,PE,0,IDLE,0.62
5917000.00,PE,0,IDLE,0.62
5918000.00,PE,0,IDLE,0.62
5919000.00,PE,0,IDLE,0.62
5920000.00,PE,0,IDLE,0.62
5921000.00,PE,0,IDLE,0.62
5922000.00,PE,0,IDLE,0.62
5923000.00,PE,0,IDLE,0.62
5924000.00,PE,0,IDLE,0.62
5925000.00,PE,0,IDLE,0.62
5926000.00,PE,0,IDLE,0.62
5927000.00,PE,0,IDLE,0.62
5928000.00,PE,0,IDLE,0.62
5929000.00,PE,0,IDLE,0.62
5930000.00,PE,0,IDLE,0.62
5931000.00,PE,0,IDLE,0.62
5932000.00,PE,0,IDLE,0.62
5933000.00,PE,0,IDLE,0.62
5934000.00,PE,0,IDLE,0.62
5935000.00,PE,0,IDLE,0.62
5936000.00,PE,0,IDLE,0.62
5937000.00,PE,0,IDLE,0.62
5938000.00,PE,0,IDLE,0.62
5939000.00,PE,0,IDLE,0.62
5940000.00,PE,0,IDLE,0.62
5941000.00,PE,0,IDLE,0.62
5942000.00,PE,0,IDLE,0.62
5943000.00,PE,0,IDLE,0.62
5944000.00,PE,0,IDLE,0.62
5945000.00,PE,0,IDLE,0.62
5946000.00,PE,0,IDLE,0.62
5947000.00,PE,0,IDLE,0.62
5948000.00,PE,0,IDLE,0.62
5949000.00,PE,0,IDLE,0.62
5950000.00,PE,0,IDLE,0.62
5951000.00,PE,0,IDLE,0.62
5952000.00,PE,0,IDLE,0.62
5953000.00,PE,0,IDLE,0.62
5954000.00,PE,0,IDLE,0.62
5955000.00,PE,0,IDLE,0.62
5956000.00,PE,0,IDLE,0.62
5957000.00,PE,0,IDLE,0.62
5958000.00,PE,0,IDLE,0.62
5959000.00,PE,0,IDLE,0.62
5960000.00,PE,0,IDLE,0.62
5961000.00,PE,0,IDLE,0.62
5962000.00,PE,0,IDLE,0.62
5963000.00,PE,0,IDLE,0.62
5964000.00,PE,0,IDLE,0.62
5965000.00,PE,0,IDLE,0.62
5966000.00,PE,0,IDLE,0.62
5967000.00,PE,0,IDLE,0.62
5968000.00,PE,0,IDLE,0.62
5969000.00,PE,0,IDLE,0.62
5970000.00,PE,0,IDLE,0.62
5971000.00,PE,0,IDLE,0.62
5972000.00,PE,0,IDLE,0.62
5973000.00,PE,0,IDLE,0.62
5974000.00,PE,0,IDLE,0.62
5975000.00,PE,0,IDLE,0.62
5976000.00,PE,0,IDLE,0.62
5977000.00,PE,0,IDLE,0.62
5978000.00,PE,0,IDLE,0.62
5979000.00,PE,0,IDLE,0.62
5980000.00,PE,0,IDLE,0.62
5981000.00,PE,0,IDLE,0.62
5982000.00,PE,0,IDLE,0.62
5983000.00,PE,0,IDLE,0.62
5984000.00,PE,0,IDLE,0.62
5985000.00,PE,0,IDLE,0.62
5986000.00,PE,0,IDLE,0.62
5987000.00,PE,0,IDLE,0.62
5988000.00,PE,0,IDLE,0.62
5989000.00,PE,0,IDLE,0.62
5990000.00,PE,0,IDLE,0.62
5991000.00,PE,0,IDLE,0.62
5992000.00,PE,0,IDLE,0.62
5993000.00,PE,0,IDLE,0.62
5994000.00,PE,0,IDLE,0.62
5995000.00,PE,0,IDLE,0.62
5996000.00,PE,0,IDLE,0.62
5997000.00,PE,0,IDLE,0.62
5998000.00,PE,0,IDLE,0.62
5999000.00,PE,0,IDLE,0.62
6000000.00,PE,0,IDLE,0.62
6001000.00,PE,0,IDLE,0.62
6002000.00,PE,0,IDLE,0.62
6003000.00,PE,0,IDLE,0.62
6004000.00,PE,0,IDLE,0.62
6005000.00,PE,0,IDLE,0.62
6006000.00,PE,0,IDLE,0.62
6007000.00,PE,0,IDLE,0.62
6008000.00,PE,0,IDLE,0.62
6009000.00,PE,0,IDLE,0.62
6010000.00,PE,0,IDLE,0.62
6011000.00,PE,0,IDLE,0.62
6012000.00,PE,0,IDLE,0.62
6013000.00,PE,0,IDLE,0.62
6014000.00,PE,0,IDLE,0.62
6015000.00,PE,0,IDLE,0.62
6016000.00,PE,0,IDLE,0.62
6017000.00,PE,0,IDLE,0.62
6018000.00,PE,0,IDLE,0.62
6019000.00,PE,0,IDLE,0.62
6020000.00,PE,0,IDLE,0.62
6021000.00,PE,0,IDLE,0.62
6022000.00,PE,0,IDLE,0.62
6023000.00,PE,0,IDLE,0.62
6024000.00,PE,0,IDLE,0.62
6025000.00,PE,0,IDLE,0.62
6026000.00,PE,0,IDLE,0.62
6027000.00,PE,0,IDLE,0.62
6028000.00,PE,0,IDLE,0.62
6029000.00,PE,0,IDLE,0.62
6030000.00,PE,0,IDLE,0.62
6031000.00,PE,0,IDLE,0.62
6032000.00,PE,0,IDLE,0.62
6033000.00,PE,0,IDLE,0.62
6034000.00,PE,0,IDLE,0.62
6035000.00,PE,0,IDLE,0.62
6036000.00,PE,0,IDLE,0.62
6037000.00,PE,0,IDLE,0.62
6038000.00,PE,0,IDLE,0.62
6039000.00,PE,0,IDLE,0.62
6040000.00,PE,0,IDLE,0.62
6041000.00,PE,0,IDLE,0.62
6042000.00,PE,0,IDLE,0.62
6043000.00,PE,0,IDLE,0.62
6044000.00,PE,0,IDLE,0.62
6045000.00,PE,0,IDLE,0.62
6046000.00,PE,0,IDLE,0.62
6047000.00,PE,0,IDLE,0.62
6048000.00,PE,0,IDLE,0.62
6049000.00,PE,0,IDLE,0.62
6050000.00,PE,0,IDLE,0.62
6051000.00,PE,0,IDLE,0.62
6052000.00,PE,0,IDLE,0.62
6053000.00,PE,0,IDLE,0.62
6054000.00,PE,0,IDLE,0.62
6055000.00,PE,0,IDLE,0.62
6056000.00,PE,0,IDLE,0.62
6057000.00,PE,0,IDLE,0.62
6058000.00,PE,0,IDLE,0.62
6059000.00,PE,0,IDLE,0.62
6060000.00,PE,0,IDLE,0.62
6061000.00,PE,0,IDLE,0.62
6062000.00,PE,0,IDLE,0.62
6063000.00,PE,0,IDLE,0.62
6064000.00,PE,0,IDLE,0.62
6065000.00,PE,0,IDLE,0.62
6066000.00,PE,0,IDLE,0.62
6067000.00,PE,0,IDLE,0.62
6068000.00,PE,0,IDLE,0.62
6069000.00,PE,0,IDLE,0.62
6070000.00,PE,0,IDLE,0.62
6071000.00,PE,0,IDLE,0.62
6072000.00,PE,0,IDLE,0.62
6073000.00,PE,0,IDLE,0.62
6074000.00,PE,0,IDLE,0.62
6075000.00,PE,0,IDLE,0.62
6076000.00,PE,0,IDLE,0.62
6077000.00,PE,0,IDLE,0.62
6078000.00,PE,0,IDLE,0.62
6079000.00,PE,0,IDLE,0.62
6080000.00,PE,0,IDLE,0.62
6081000.00,PE,0,IDLE,0.62
6082000.00,PE,0,IDLE,0.62
6083000.00,PE,0,IDLE,0.62
6084000.00,PE,0,IDLE,0.62
6085000.00,PE,0,IDLE,0.62
6086000.00,PE,0,IDLE,0.62
6087000.00,PE,0,IDLE,0.62
6088000.00,PE,0,IDLE,0.62
6089000.00,PE,0,IDLE,0.62
6090000.00,PE,0,IDLE,0.62
6091000.00,PE,0,IDLE,0.62
6092000.00,PE,0,IDLE,0.62
6093000.00,PE,0,IDLE,0.62
6094000.00,PE,0,IDLE,0.62
6095000.00,PE,0,IDLE,0.62
6096000.00,PE,0,IDLE,0.62
6097000.00,PE,0,IDLE,0.62
6098000.00,PE,0,IDLE,0.62
6099000.00,PE,0,IDLE,0.62
6100000.00,PE,0,IDLE,0.62
6101000.00,PE,0,IDLE,0.62
6102000.00,PE,0,IDLE,0.62
6103000.00,PE,0,IDLE,0.62
6104000.00,PE,0,IDLE,0.62
6105000.00,PE,0,IDLE,0.62
6106000.00,PE,0,IDLE,0.62
6107000.00,PE,0,IDLE,0.62
6108000.00,PE,0,IDLE,0.62
6109000.00,PE,0,IDLE,0.62
6110000.00,PE,0,IDLE,0.62
6111000.00,PE,0,IDLE,0.62
6112000.00,PE,0,IDLE,0.62
6113000.00,PE,0,IDLE,0.62
6114000.00,PE,0,IDLE,0.62
6115000.00,PE,0,IDLE,0.62
6116000.00,PE,0,IDLE,0.62
6117000.00,PE,0,IDLE,0.62
6118000.00,PE,0,IDLE,0.62
6119000.00,PE,0,IDLE,0.62
6120000.00,PE,0,IDLE,0.62
6121000.00,PE,0,IDLE,0.62
6122000.00,PE,0,IDLE,0.62
6123000.00,PE,0,IDLE,0.62
6124000.00,PE,0,IDLE,0.62
6125000.00,PE,0,IDLE,0.62
6126000.00,PE,0,IDLE,0.62
6127000.00,PE,0,IDLE,0.62
6128000.00,PE,0,IDLE,0.62
6129000.00,PE,0,IDLE,0.62
6130000.00,PE,0,IDLE,0.62
6131000.00,PE,0,IDLE,0.62
6132000.00,PE,0,IDLE,0.62
6133000.00,PE,0,IDLE,0.62
6134000.00,PE,0,IDLE,0.62
6135000.00,PE,0,IDLE,0.62
6136000.00,PE,0,IDLE,0.62
6137000.00,PE,0,IDLE,0.62
6138000.00,PE,0,IDLE,0.62
6139000.00,PE,0,IDLE,0.62
6140000.00,PE,0,IDLE,0.62
6141000.00,PE,0,IDLE,0.62
6142000.00,PE,0,IDLE,0.62
6143000.00,PE,0,IDLE,0.62
6144000.00,PE,0,IDLE,0.62
6145000.00,PE,0,IDLE,0.62
6146000.00,PE,0,IDLE,0.62
6147000.00,PE,0,IDLE,0.62
6148000.00,PE,0,IDLE,0.62
6149000.00,PE,0,IDLE,0.62
6150000.00,PE,0,IDLE,0.62
6151000.00,PE,0,IDLE,0.62
6152000.00,PE,0,IDLE,0.62
6153000.00,PE,0,IDLE,0.62
6154000.00,PE,0,IDLE,0.62
6155000.00,PE,0,IDLE,0.62
6156000.00,PE,0,IDLE,0.62
6157000.00,PE,0,IDLE,0.62
6158000.00,PE,0,IDLE,0.62
6159000.00,PE,0,IDLE,0.62
6160000.00,PE,0,IDLE,0.62
6161000.00,PE,0,IDLE,0.62
6162000.00,PE,0,IDLE,0.62
6163000.00,PE,0,IDLE,0.62
6164000.00,PE,0,IDLE,0.62
6165000.00,PE,0,IDLE,0.62
6166000.00,PE,0,IDLE,0.62
6167000.00,PE,0,IDLE,0.62
6168000.00,PE,0,IDLE,0.62
6169000.00,PE,0,IDLE,0.62
6170000.00,PE,0,IDLE,0.62
6171000.00,PE,0,IDLE,0.62
6172000.00,PE,0,IDLE,0.62
6173000.00,PE,0,IDLE,0.62
6174000.00,PE,0,IDLE,0.62
6175000.00,PE,0,IDLE,0.62
6176000.00,PE,0,IDLE,0.62
6177000.00,PE,0,IDLE,0.62
6178000.00,PE,0,IDLE,0.62
6179000.00,PE,0,IDLE,0.62
6180000.00,PE,0,IDLE,0.62
6181000.00,PE,0,IDLE,0.62
6182000.00,PE,0,IDLE,0.62
6183000.00,PE,0,IDLE,0.62
6184000.00,PE,0,IDLE,0.62
6185000.00,PE,0,IDLE,0.62
6186000.00,PE,0,IDLE,0.62
6187000.00,PE,0,IDLE,0.62
6188000.00,PE,0,IDLE,0.62
6189000.00,PE,0,IDLE,0.62
6190000.00,PE,0,IDLE,0.62
6191000.00,PE,0,IDLE,0.62
6192000.00,PE,0,IDLE,0.62
6193000.00,PE,0,IDLE,0.62
6194000.00,PE,0,IDLE,0.62
6195000.00,PE,0,IDLE,0.62
6196000.00,PE,0,IDLE,0.62
6197000.00,PE,0,IDLE,0.62
6198000.00,PE,0,IDLE,0.62
6199000.00,PE,0,IDLE,0.62
6200000.00,PE,0,IDLE,0.62
6201000.00,PE,0,IDLE,0.62
6202000.00,PE,0,IDLE,0.62
6203000.00,PE,0,IDLE,0.62
6204000.00,PE,0,IDLE,0.62
6205000.00,PE,0,IDLE,0.62
6206000.00,PE,0,IDLE,0.62
6207000.00,PE,0,IDLE,0.62
6208000.00,PE,0,IDLE,0.62
6209000.00,PE,0,IDLE,0.62
6210000.00,PE,0,IDLE,0.62
6211000.00,PE,0,IDLE,0.62
6212000.00,PE,0,IDLE,0.62
6213000.00,PE,0,IDLE,0.62
6214000.00,PE,0,IDLE,0.62
6215000.00,PE,0,IDLE,0.62
6216000.00,PE,0,IDLE,0.62
6217000.00,PE,0,IDLE,0.62
6218000.00,PE,0,IDLE,0.62
6219000.00,PE,0,IDLE,0.62
6220000.00,PE,0,IDLE,0.62
6221000.00,PE,0,IDLE,0.62
6222000.00,PE,0,IDLE,0.62
6223000.00,PE,0,IDLE,0.62
6224000.00,PE,0,IDLE,0.62
6225000.00,PE,0,IDLE,0.62
6226000.00,PE,0,IDLE,0.62
6227000.00,PE,0,IDLE,0.62
6228000.00,PE,0,IDLE,0.62
6229000.00,PE,0,IDLE,0.62
6230000.00,PE,0,IDLE,0.62
6231000.00,PE,0,IDLE,0.62
6232000.00,PE,0,IDLE,0.62
6233000.00,PE,0,IDLE,0.62
6234000.00,PE,0,IDLE,0.62
6235000.00,PE,0,IDLE,0.62
6236000.00,PE,0,IDLE,0.62
6237000.00,PE,0,IDLE,0.62
6238000.00,PE,0,IDLE,0.62
6239000.00,PE,0,IDLE,0.62
6240000.00,PE,0,IDLE,0.62
6241000.00,PE,0,IDLE,0.62
6242000.00,PE,0,IDLE,0.62
6243000.00,PE,0,IDLE,0.62
6244000.00,PE,0,IDLE,0.62
6245000.00,PE,0,IDLE,0.62
6246000.00,PE,0,IDLE,0.62
6247000.00,PE,0,IDLE,0.62
6248000.00,PE,0,IDLE,0.62
6249000.00,PE,0,IDLE,0.62
6250000.00,PE,0,IDLE,0.62
6251000.00,PE,0,IDLE,0.62
6252000.00,PE,0,IDLE,0.62
6253000.00,PE,0,IDLE,0.62
6254000.00,PE,0,IDLE,0.62
6255000.00,PE,0,IDLE,0.62
6256000.00,PE,0,IDLE,0.62
6257000.00,PE,0,IDLE,0.62
6258000.00,PE,0,IDLE,0.62
6259000.00,PE,0,IDLE,0.62
6260000.00,PE,0,IDLE,0.62
6261000.00,PE,0,IDLE,0.62
6262000.00,PE,0,IDLE,0.62
6263000.00,PE,0,IDLE,0.62
6264000.00,PE,0,IDLE,0.62
6265000.00,PE,0,IDLE,0.62
6266000.00,PE,0,IDLE,0.62
6267000.00,PE,0,IDLE,0.62
6268000.00,PE,0,IDLE,0.62
6269000.00,PE,0,IDLE,0.62
6270000.00,PE,0,IDLE,0.62
6271000.00,PE,0,IDLE,0.62
6272000.00,PE,0,IDLE,0.62
6273000.00,PE,0,IDLE,0.62
6274000.00,PE,0,IDLE,0.62
6275000.00,PE,0,IDLE,0.62
6276000.00,PE,0,IDLE,0.62
6277000.00,PE,0,IDLE,0.62
6278000.00,PE,0,IDLE,0.62
6279000.00,PE,0,IDLE,0.62
6280000.00,PE,0,IDLE,0.62
6281000.00,PE,0,IDLE,0.62
6282000.00,PE,0,IDLE,0.62
6283000.00,PE,0,IDLE,0.62
6284000.00,PE,0,IDLE,0.62
6285000.00,PE,0,IDLE,0.62
6286000.00,PE,0,IDLE,0.62
6287000.00,PE,0,IDLE,0.62
6288000.00,PE,0,IDLE,0.62
6289000.00,PE,0,IDLE,0.62
6290000.00,PE,0,IDLE,0.62
6291000.00,PE,0,IDLE,0.62
6292000.00,PE,0,IDLE,0.62
6293000.00,PE,0,IDLE,0.62
6294000.00,PE,0,IDLE,0.62
6295000.00,PE,0,IDLE,0.62
6296000.00,PE,0,IDLE,0.62
6297000.00,PE,0,IDLE,0.62
6298000.00,PE,0,IDLE,0.62
6299000.00,PE,0,IDLE,0.62
6300000.00,PE,0,IDLE,0.62
6301000.00,PE,0,IDLE,0.62
6302000.00,PE,0,IDLE,0.62
6303000.00,PE,0,IDLE,0.62
6304000.00,PE,0,IDLE,0.62
6305000.00,PE,0,IDLE,0.62
6306000.00,PE,0,IDLE,0.62
6307000.00,PE,0,IDLE,0.62
6308000.00,PE,0,IDLE,0.62
6309000.00,PE,0,IDLE,0.62
6310000.00,PE,0,IDLE,0.62
6311000.00,PE,0,IDLE,0.62
6312000.00,PE,0,IDLE,0.62
6313000.00,PE,0,IDLE,0.62
6314000.00,PE,0,IDLE,0.62
6315000.00,PE,0,IDLE,0.62
6316000.00,PE,0,IDLE,0.62
6317000.00,PE,0,IDLE,0.62
6318000.00,PE,0,IDLE,0.62
6319000.00,PE,0,IDLE,0.62
6320000.00,PE,0,IDLE,0.62
6321000.00,PE,0,IDLE,0.62
6322000.00,PE,0,IDLE,0.62
6323000.00,PE,0,IDLE,0.62
6324000.00,PE,0,IDLE,0.62
6325000.00,PE,0,IDLE,0.62
6326000.00,PE,0,IDLE,0.62
6327000.00,PE,0,IDLE,0.62
6328000.00,PE,0,IDLE,0.62
6329000.00,PE,0,IDLE,0.62
6330000.00,PE,0,IDLE,0.62
6331000.00,PE,0,IDLE,0.62
6332000.00,PE,0,IDLE,0.62
6333000.00,PE,0,IDLE,0.62
6334000.00,PE,0,IDLE,0.62
6335000.00,PE,0,IDLE,0.62
6336000.00,PE,0,IDLE,0.62
6337000.00,PE,0,IDLE,0.62
6338000.00,PE,0,IDLE,0.62
6339000.00,PE,0,IDLE,0.62
6340000.00,PE,0,IDLE,0.62
6341000.00,PE,0,IDLE,0.62
6342000.00,PE,0,IDLE,0.62
6343000.00,PE,0,IDLE,0.62
6344000.00,PE,0,IDLE,0.62
6345000.00,PE,0,IDLE,0.62
6346000.00,PE,0,IDLE,0.62
6347000.00,PE,0,IDLE,0.62
6348000.00,PE,0,IDLE,0.62
6349000.00,PE,0,IDLE,0.62
6350000.00,PE,0,IDLE,0.62
6351000.00,PE,0,IDLE,0.62
6352000.00,PE,0,IDLE,0.62
6353000.00,PE,0,IDLE,0.62
6354000.00,PE,0,IDLE,0.62
6355000.00,PE,0,IDLE,0.62
6356000.00,PE,0,IDLE,0.62
6357000.00,PE,0,IDLE,0.62
6358000.00,PE,0,IDLE,0.62
6359000.00,PE,0,IDLE,0.62
6360000.00,PE,0,IDLE,0.62
6361000.00,PE,0,IDLE,0.62
6362000.00,PE,0,IDLE,0.62
6363000.00,PE,0,IDLE,0.62
6364000.00,PE,0,IDLE,0.62
6365000.00,PE,0,IDLE,0.62
6366000.00,PE,0,IDLE,0.62
6367000.00,PE,0,IDLE,0.62
6368000.00,PE,0,IDLE,0.62
6369000.00,PE,0,IDLE,0.62
6370000.00,PE,0,IDLE,0.62
6371000.00,PE,0,IDLE,0.62
6372000.00,PE,0,IDLE,0.62
6373000.00,PE,0,IDLE,0.62
6374000.00,PE,0,IDLE,0.62
6375000.00,PE,0,IDLE,0.62
6376000.00,PE,0,IDLE,0.62
6377000.00,PE,0,IDLE,0.62
6378000.00,PE,0,IDLE,0.62
6379000.00,PE,0,IDLE,0.62
6380000.00,PE,0,IDLE,0.62
6381000.00,PE,0,IDLE,0.62
6382000.00,PE,0,IDLE,0.62
6383000.00,PE,0,IDLE,0.62
6384000.00,PE,0,IDLE,0.62
6385000.00,PE,0,IDLE,0.62
6386000.00,PE,0,IDLE,0.62
6387000.00,PE,0,IDLE,0.62
6388000.00,PE,0,IDLE,0.62
6389000.00,PE,0,IDLE,0.62
6390000.00,PE,0,IDLE,0.62
6391000.00,PE,0,IDLE,0.62
6392000.00,PE,0,IDLE,0.62
6393000.00,PE,0,IDLE,0.62
6394000.00,PE,0,IDLE,0.62
6395000.00,PE,0,IDLE,0.62
6396000.00,PE,0,IDLE,0.62
6397000.00,PE,0,IDLE,0.62
6398000.00,PE,0,IDLE,0.62
6399000.00,PE,0,IDLE,0.62
6400000.00,PE,0,IDLE,0.62
6401000.00,PE,0,IDLE,0.62
6402000.00,PE,0,IDLE,0.62
6403000.00,PE,0,IDLE,0.62
6404000.00,PE,0,IDLE,0.62
6405000.00,PE,0,IDLE,0.62
6406000.00,PE,0,IDLE,0.62
6407000.00,PE,0,IDLE,0.62
6408000.00,PE,0,IDLE,0.62
6409000.00,PE,0,IDLE,0.62
6410000.00,PE,0,IDLE,0.62
6411000.00,PE,0,IDLE,0.62
6412000.00,PE,0,IDLE,0.62
6413000.00,PE,0,IDLE,0.62
6414000.00,PE,0,IDLE,0.62
6415000.00,PE,0,IDLE,0.62
6416000.00,PE,0,IDLE,0.62
6417000.00,PE,0,IDLE,0.62
6418000.00,PE,0,IDLE,0.62
6419000.00,PE,0,IDLE,0.62
6420000.00,PE,0,IDLE,0.62
6421000.00,PE,0,IDLE,0.62
6422000.00,PE,0,IDLE,0.62
6423000.00,PE,0,IDLE,0.62
6424000.00,PE,0,IDLE,0.62
6425000.00,PE,0,IDLE,0.62
6426000.00,PE,0,IDLE,0.62
6427000.00,PE,0,IDLE,0.62
6428000.00,PE,0,IDLE,0.62
6429000.00,PE,0,IDLE,0.62
6430000.00,PE,0,IDLE,0.62
6431000.00,PE,0,IDLE,0.62
6432000.00,PE,0,IDLE,0.62
6433000.00,PE,0,IDLE,0.62
6434000.00,PE,0,IDLE,0.62
6435000.00,PE,0,IDLE,0.62
6436000.00,PE,0,IDLE,0.62
6437000.00,PE,0,IDLE,0.62
6438000.00,PE,0,IDLE,0.62
6439000.00,PE,0,IDLE,0.62
6440000.00,PE,0,IDLE,0.62
6441000.00,PE,0,IDLE,0.62
6442000.00,PE,0,IDLE,0.62
6443000.00,PE,0,IDLE,0.62
6444000.00,PE,0,IDLE,0.62
6445000.00,PE,0,IDLE,0.62
6446000.00,PE,0,IDLE,0.62
6447000.00,PE,0,IDLE,0.62
6448000.00,PE,0,IDLE,0.62
6449000.00,PE,0,IDLE,0.62
6450000.00,PE,0,IDLE,0.62
6451000.00,PE,0,IDLE,0.62
6452000.00,PE,0,IDLE,0.62
6453000.00,PE,0,IDLE,0.62
6454000.00,PE,0,IDLE,0.62
6455000.00,PE,0,IDLE,0.62
6456000.00,PE,0,IDLE,0.62
6457000.00,PE,0,IDLE,0.62
6458000.00,PE,0,IDLE,0.62
6459000.00,PE,0,IDLE,0.62
6460000.00,PE,0,IDLE,0.62
6461000.00,PE,0,IDLE,0.62
6462000.00,PE,0,IDLE,0.62
6463000.00,PE,0,IDLE,0.62
6464000.00,PE,0,IDLE,0.62
6465000.00,PE,0,IDLE,0.62
6466000.00,PE,0,IDLE,0.62
6467000.00,PE,0,IDLE,0.62
6468000.00,PE,0,IDLE,0.62
6469000.00,PE,0,IDLE,0.62
6470000.00,PE,0,IDLE,0.62
6471000.00,PE,0,IDLE,0.62
6472000.00,PE,0,IDLE,0.62
6473000.00,PE,0,IDLE,0.62
6474000.00,PE,0,IDLE,0.62
6475000.00,PE,0,IDLE,0.62
6476000.00,PE,0,IDLE,0.62
6477000.00,PE,0,IDLE,0.62
6478000.00,PE,0,IDLE,0.62
6479000.00,PE,0,IDLE,0.62
6480000.00,PE,0,IDLE,0.62
6481000.00,PE,0,IDLE,0.62
6482000.00,PE,0,IDLE,0.62
6483000.00,PE,0,IDLE,0.62
6484000.00,PE,0,IDLE,0.62
6485000.00,PE,0,IDLE,0.62
6486000.00,PE,0,IDLE,0.62
6487000.00,PE,0,IDLE,0.62
6488000.00,PE,0,IDLE,0.62
6489000.00,PE,0,IDLE,0.62
6490000.00,PE,0,IDLE,0.62
6491000.00,PE,0,IDLE,0.62
6492000.00,PE,0,IDLE,0.62
6493000.00,PE,0,IDLE,0.62
6494000.00,PE,0,IDLE,0.62
6495000.00,PE,0,IDLE,0.62
6496000.00,PE,0,IDLE,0.62
6497000.00,PE,0,IDLE,0.62
6498000.00,PE,0,IDLE,0.62
6499000.00,PE,0,IDLE,0.62
6500000.00,PE,0,IDLE,0.62
6501000.00,PE,0,IDLE,0.62
6502000.00,PE,0,IDLE,0.62
6503000.00,PE,0,IDLE,0.62
6504000.00,PE,0,IDLE,0.62
6505000.00,PE,0,IDLE,0.62
6506000.00,PE,0,IDLE,0.62
6507000.00,PE,0,IDLE,0.62
6508000.00,PE,0,IDLE,0.62
6509000.00,PE,0,IDLE,0.62
6510000.00,PE,0,IDLE,0.62
6511000.00,PE,0,IDLE,0.62
6512000.00,PE,0,IDLE,0.62
6513000.00,PE,0,IDLE,0.62
6514000.00,PE,0,IDLE,0.62
6515000.00,PE,0,IDLE,0.62
6516000.00,PE,0,IDLE,0.62
6517000.00,PE,0,IDLE,0.62
6518000.00,PE,0,IDLE,0.62
6519000.00,PE,0,IDLE,0.62
6520000.00,PE,0,IDLE,0.62
6521000.00,PE,0,IDLE,0.62
6522000.00,PE,0,IDLE,0.62
6523000.00,PE,0,IDLE,0.62
6524000.00,PE,0,IDLE,0.62
6525000.00,PE,0,IDLE,0.62
6526000.00,PE,0,IDLE,0.62
6527000.00,PE,0,IDLE,0.62
6528000.00,PE,0,IDLE,0.62
6529000.00,PE,0,IDLE,0.62
6530000.00,PE,0,IDLE,0.62
6531000.00,PE,0,IDLE,0.62
6532000.00,PE,0,IDLE,0.62
6533000.00,PE,0,IDLE,0.62
6534000.00,PE,0,IDLE,0.62
6535000.00,PE,0,IDLE,0.62
6536000.00,PE,0,IDLE,0.62
6537000.00,PE,0,IDLE,0.62
6538000.00,PE,0,IDLE,0.62
6539000.00,PE,0,IDLE,0.62
6540000.00,PE,0,IDLE,0.62
6541000.00,PE,0,IDLE,0.62
6542000.00,PE,0,IDLE,0.62
6543000.00,PE,0,IDLE,0.62
6544000.00,PE,0,IDLE,0.62
6545000.00,PE,0,IDLE,0.62
6546000.00,PE,0,IDLE,0.62
6547000.00,PE,0,IDLE,0.62
6548000.00,PE,0,IDLE,0.62
6549000.00,PE,0,IDLE,0.62
6550000.00,PE,0,IDLE,0.62
6551000.00,PE,0,IDLE,0.62
6552000.00,PE,0,IDLE,0.62
6553000.00,PE,0,IDLE,0.62
6554000.00,PE,0,IDLE,0.62
6555000.00,PE,0,IDLE,0.62
6556000.00,PE,0,IDLE,0.62
6557000.00,PE,0,IDLE,0.62
6558000.00,PE,0,IDLE,0.62
6559000.00,PE,0,IDLE,0.62
6560000.00,PE,0,IDLE,0.62
6561000.00,PE,0,IDLE,0.62
6562000.00,PE,0,IDLE,0.62
6563000.00,PE,0,IDLE,0.62
6564000.00,PE,0,IDLE,0.62
6565000.00,PE,0,IDLE,0.62
6566000.00,PE,0,IDLE,0.62
6567000.00,PE,0,IDLE,0.62
6568000.00,PE,0,IDLE,0.62
6569000.00,PE,0,IDLE,0.62
6570000.00,PE,0,IDLE,0.62
6571000.00,PE,0,IDLE,0.62
6572000.00,PE,0,IDLE,0.62
6573000.00,PE,0,IDLE,0.62
6574000.00,PE,0,IDLE,0.62
6575000.00,PE,0,IDLE,0.62
6576000.00,PE,0,IDLE,0.62
6577000.00,PE,0,IDLE,0.62
6578000.00,PE,0,IDLE,0.62
6579000.00,PE,0,IDLE,0.62
6580000.00,PE,0,IDLE,0.62
6581000.00,PE,0,IDLE,0.62
6582000.00,PE,0,IDLE,0.62
6583000.00,PE,0,IDLE,0.62
6584000.00,PE,0,IDLE,0.62
6585000.00,PE,0,IDLE,0.62
6586000.00,PE,0,IDLE,0.62
6587000.00,PE,0,IDLE,0.62
6588000.00,PE,0,IDLE,0.62
6589000.00,PE,0,IDLE,0.62
6590000.00,PE,0,IDLE,0.62
6591000.00,PE,0,IDLE,0.62
6592000.00,PE,0,IDLE,0.62
6593000.00,PE,0,IDLE,0.62
6594000.00,PE,0,IDLE,0.62
6595000.00,PE,0,IDLE,0.62
6596000.00,PE,0,IDLE,0.62
6597000.00,PE,0,IDLE,0.62
6598000.00,PE,0,IDLE,0.62
6599000.00,PE,0,IDLE,0.62
6600000.00,PE,0,IDLE,0.62
6601000.00,PE,0,IDLE,0.62
6602000.00,PE,0,IDLE,0.62
6603000.00,PE,0,IDLE,0.62
6604000.00,PE,0,IDLE,0.62
6605000.00,PE,0,IDLE,0.62
6606000.00,PE,0,IDLE,0.62
6607000.00,PE,0,IDLE,0.62
6608000.00,PE,0,IDLE,0.62
6609000.00,PE,0,IDLE,0.62
6610000.00,PE,0,IDLE,0.62
6611000.00,PE,0,IDLE,0.62
6612000.00,PE,0,IDLE,0.62
6613000.00,PE,0,IDLE,0.62
6614000.00,PE,0,IDLE,0.62
6615000.00,PE,0,IDLE,0.62
6616000.00,PE,0,IDLE,0.62
6617000.00,PE,0,IDLE,0.62
6618000.00,PE,0,IDLE,0.62
6619000.00,PE,0,IDLE,0.62
6620000.00,PE,0,IDLE,0.62
6621000.00,PE,0,IDLE,0.62
6622000.00,PE,0,IDLE,0.62
6623000.00,PE,0,IDLE,0.62
6624000.00,PE,0,IDLE,0.62
6625000.00,PE,0,IDLE,0.62
6626000.00,PE,0,IDLE,0.62
6627000.00,PE,0,IDLE,0.62
6628000.00,PE,0,IDLE,0.62
6629000.00,PE,0,IDLE,0.62
6630000.00,PE,0,IDLE,0.62
6631000.00,PE,0,IDLE,0.62
6632000.00,PE,0,IDLE,0.62
6633000.00,PE,0,IDLE,0.62
6634000.00,PE,0,IDLE,0.62
6635000.00,PE,0,IDLE,0.62
6636000.00,PE,0,IDLE,0.62
6637000.00,PE,0,IDLE,0.62
6638000.00,PE,0,IDLE,0.62
6639000.00,PE,0,IDLE,0.62
6640000.00,PE,0,IDLE,0.62
6641000.00,PE,0,IDLE,0.62
6642000.00,PE,0,IDLE,0.62
6643000.00,PE,0,IDLE,0.62
6644000.00,PE,0,IDLE,0.62
6645000.00,PE,0,IDLE,0.62
6646000.00,PE,0,IDLE,0.62
6647000.00,PE,0,IDLE,0.62
6648000.00,PE,0,IDLE,0.62
6649000.00,PE,0,IDLE,0.62
6650000.00,PE,0,IDLE,0.62
6651000.00,PE,0,IDLE,0.62
6652000.00,PE,0,IDLE,0.62
6653000.00,PE,0,IDLE,0.62
6654000.00,PE,0,IDLE,0.62
6655000.00,PE,0,IDLE,0.62
6656000.00,PE,0,IDLE,0.62
6657000.00,PE,0,IDLE,0.62
6658000.00,PE,0,IDLE,0.62
6659000.00,PE,0,IDLE,0.62
6660000.00,PE,0,IDLE,0.62
6661000.00,PE,0,IDLE,0.62
6662000.00,PE,0,IDLE,0.62
6663000.00,PE,0,IDLE,0.62
6664000.00,PE,0,IDLE,0.62
6665000.00,PE,0,IDLE,0.62
6666000.00,PE,0,IDLE,0.62
6667000.00,PE,0,IDLE,0.62
6668000.00,PE,0,IDLE,0.62
6669000.00,PE,0,IDLE,0.62
6670000.00,PE,0,IDLE,0.62
6671000.00,PE,0,IDLE,0.62
6672000.00,PE,0,IDLE,0.62
6673000.00,PE,0,IDLE,0.62
6674000.00,PE,0,IDLE,0.62
6675000.00,PE,0,IDLE,0.62
6676000.00,PE,0,IDLE,0.62
6677000.00,PE,0,IDLE,0.62
6678000.00,PE,0,IDLE,0.62
6679000.00,PE,0,IDLE,0.62
6680000.00,PE,0,IDLE,0.62
6681000.00,PE,0,IDLE,0.62
6682000.00,PE,0,IDLE,0.62
6683000.00,PE,0,IDLE,0.62
6684000.00,PE,0,IDLE,0.62
6685000.00,PE,0,IDLE,0.62
6686000.00,PE,0,IDLE,0.62
6687000.00,PE,0,IDLE,0.62
6688000.00,PE,0,IDLE,0.62
6689000.00,PE,0,IDLE,0.62
6690000.00,PE,0,IDLE,0.62
6691000.00,PE,0,IDLE,0.62
6692000.00,PE,0,IDLE,0.62
6693000.00,PE,0,IDLE,0.62
6694000.00,PE,0,IDLE,0.62
6695000.00,PE,0,IDLE,0.62
6696000.00,PE,0,IDLE,0.62
6697000.00,PE,0,IDLE,0.62
6698000.00,PE,0,IDLE,0.62
6699000.00,PE,0,IDLE,0.62
6700000.00,PE,0,IDLE,0.62
6701000.00,PE,0,IDLE,0.62
6702000.00,PE,0,IDLE,0.62
6703000.00,PE,0,IDLE,0.62
6704000.00,PE,0,IDLE,0.62
6705000.00,PE,0,IDLE,0.62
6706000.00,PE,0,IDLE,0.62
6707000.00,PE,0,IDLE,0.62
6708000.00,PE,0,IDLE,0.62
6709000.00,PE,0,IDLE,0.62
6710000.00,PE,0,IDLE,0.62
6711000.00,PE,0,IDLE,0.62
6712000.00,PE,0,IDLE,0.62
6713000.00,PE,0,IDLE,0.62
6714000.00,PE,0,IDLE,0.62
6715000.00,PE,0,IDLE,0.62
6716000.00,PE,0,IDLE,0.62
6717000.00,PE,0,IDLE,0.62
6718000.00,PE,0,IDLE,0.62
6719000.00,PE,0,IDLE,0.62
6720000.00,PE,0,IDLE,0.62
6721000.00,PE,0,IDLE,0.62
6722000.00,PE,0,IDLE,0.62
6723000.00,PE,0,IDLE,0.62
6724000.00,PE,0,IDLE,0.62
6725000.00,PE,0,IDLE,0.62
6726000.00,PE,0,IDLE,0.62
6727000.00,PE,0,IDLE,0.62
6728000.00,PE,0,IDLE,0.62
6729000.00,PE,0,IDLE,0.62
6730000.00,PE,0,IDLE,0.62
6731000.00,PE,0,IDLE,0.62
6732000.00,PE,0,IDLE,0.62
6733000.00,PE,0,IDLE,0.62
6734000.00,PE,0,IDLE,0.62
6735000.00,PE,0,IDLE,0.62
6736000.00,PE,0,IDLE,0.62
6737000.00,PE,0,IDLE,0.62
6738000.00,PE,0,IDLE,0.62
6739000.00,PE,0,IDLE,0.62
6740000.00,PE,0,IDLE,0.62
6741000.00,PE,0,IDLE,0.62
6742000.00,PE,0,IDLE,0.62
6743000.00,PE,0,IDLE,0.62
6744000.00,PE,0,IDLE,0.62
6745000.00,PE,0,IDLE,0.62
6746000.00,PE,0,IDLE,0.62
6747000.00,PE,0,IDLE,0.62
6748000.00,PE,0,IDLE,0.62
6749000.00,PE,0,IDLE,0.62
6750000.00,PE,0,IDLE,0.62
6751000.00,PE,0,IDLE,0.62
6752000.00,PE,0,IDLE,0.62
6753000.00,PE,0,IDLE,0.62
6754000.00,PE,0,IDLE,0.62
6755000.00,PE,0,IDLE,0.62
6756000.00,PE,0,IDLE,0.62
6757000.00,PE,0,IDLE,0.62
6758000.00,PE,0,IDLE,0.62
6759000.00,PE,0,IDLE,0.62
6760000.00,PE,0,IDLE,0.62
6761000.00,PE,0,IDLE,0.62
6762000.00,PE,0,IDLE,0.62
6763000.00,PE,0,IDLE,0.62
6764000.00,PE,0,IDLE,0.62
6765000.00,PE,0,IDLE,0.62
6766000.00,PE,0,IDLE,0.62
6767000.00,PE,0,IDLE,0.62
6768000.00,PE,0,IDLE,0.62
6769000.00,PE,0,IDLE,0.62
6770000.00,PE,0,IDLE,0.62
6771000.00,PE,0,IDLE,0.62
6772000.00,PE,0,IDLE,0.62
6773000.00,PE,0,IDLE,0.62
6774000.00,PE,0,IDLE,0.62
6775000.00,PE,0,IDLE,0.62
6776000.00,PE,0,IDLE,0.62
6777000.00,PE,0,IDLE,0.62
6778000.00,PE,0,IDLE,0.62
6779000.00,PE,0,IDLE,0.62
6780000.00,PE,0,IDLE,0.62
6781000.00,PE,0,IDLE,0.62
6782000.00,PE,0,IDLE,0.62
6783000.00,PE,0,IDLE,0.62
6784000.00,PE,0,IDLE,0.62
6785000.00,PE,0,IDLE,0.62
6786000.00,PE,0,IDLE,0.62
6787000.00,PE,0,IDLE,0.62
6788000.00,PE,0,IDLE,0.62
6789000.00,PE,0,IDLE,0.62
6790000.00,PE,0,IDLE,0.62
6791000.00,PE,0,IDLE,0.62
6792000.00,PE,0,IDLE,0.62
6793000.00,PE,0,IDLE,0.62
6794000.00,PE,0,IDLE,0.62
6795000.00,PE,0,IDLE,0.62
6796000.00,PE,0,IDLE,0.62
6797000.00,PE,0,IDLE,0.62
6798000.00,PE,0,IDLE,0.62
6799000.00,PE,0,IDLE,0.62
6800000.00,PE,0,IDLE,0.62
6801000.00,PE,0,IDLE,0.62
6802000.00,PE,0,IDLE,0.62
6803000.00,PE,0,IDLE,0.62
6804000.00,PE,0,IDLE,0.62
6805000.00,PE,0,IDLE,0.62
6806000.00,PE,0,IDLE,0.62
6807000.00,PE,0,IDLE,0.62
6808000.00,PE,0,IDLE,0.62
6809000.00,PE,0,IDLE,0.62
6810000.00,PE,0,IDLE,0.62
6811000.00,PE,0,IDLE,0.62
6812000.00,PE,0,IDLE,0.62
6813000.00,PE,0,IDLE,0.62
6814000.00,PE,0,IDLE,0.62
6815000.00,PE,0,IDLE,0.62
6816000.00,PE,0,IDLE,0.62
6817000.00,PE,0,IDLE,0.62
6818000.00,PE,0,IDLE,0.62
6819000.00,PE,0,IDLE,0.62
6820000.00,PE,0,IDLE,0.62
6821000.00,PE,0,IDLE,0.62
6822000.00,PE,0,IDLE,0.62
6823000.00,PE,0,IDLE,0.62
6824000.00,PE,0,IDLE,0.62
6825000.00,PE,0,IDLE,0.62
6826000.00,PE,0,IDLE,0.62
6827000.00,PE,0,IDLE,0.62
6828000.00,PE,0,IDLE,0.62
6829000.00,PE,0,IDLE,0.62
6830000.00,PE,0,IDLE,0.62
6831000.00,PE,0,IDLE,0.62
6832000.00,PE,0,IDLE,0.62
6833000.00,PE,0,IDLE,0.62
6834000.00,PE,0,IDLE,0.62
6835000.00,PE,0,IDLE,0.62
6836000.00,PE,0,IDLE,0.62
6837000.00,PE,0,IDLE,0.62
6838000.00,PE,0,IDLE,0.62
6839000.00,PE,0,IDLE,0.62
6840000.00,PE,0,IDLE,0.62
6841000.00,PE,0,IDLE,0.62
6842000.00,PE,0,IDLE,0.62
6843000.00,PE,0,IDLE,0.62
6844000.00,PE,0,IDLE,0.62
6845000.00,PE,0,IDLE,0.62
6846000.00,PE,0,IDLE,0.62
6847000.00,PE,0,IDLE,0.62
6848000.00,PE,0,IDLE,0.62
6849000.00,PE,0,IDLE,0.62
6850000.00,PE,0,IDLE,0.62
6851000.00,PE,0,IDLE,0.62
6852000.00,PE,0,IDLE,0.62
6853000.00,PE,0,IDLE,0.62
6854000.00,PE,0,IDLE,0.62
6855000.00,PE,0,IDLE,0.62
6856000.00,PE,0,IDLE,0.62
6857000.00,PE,0,IDLE,0.62
6858000.00,PE,0,IDLE,0.62
6859000.00,PE,0,IDLE,0.62
6860000.00,PE,0,IDLE,0.62
6861000.00,PE,0,IDLE,0.62
6862000.00,PE,0,IDLE,0.62
6863000.00,PE,0,IDLE,0.62
6864000.00,PE,0,IDLE,0.62
6865000.00,PE,0,IDLE,0.62
6866000.00,PE,0,IDLE,0.62
6867000.00,PE,0,IDLE,0.62
6868000.00,PE,0,IDLE,0.62
6869000.00,PE,0,IDLE,0.62
6870000.00,PE,0,IDLE,0.62
6871000.00,PE,0,IDLE,0.62
6872000.00,PE,0,IDLE,0.62
6873000.00,PE,0,IDLE,0.62
6874000.00,PE,0,IDLE,0.62
6875000.00,PE,0,IDLE,0.62
6876000.00,PE,0,IDLE,0.62
6877000.00,PE,0,IDLE,0.62
6878000.00,PE,0,IDLE,0.62
6879000.00,PE,0,IDLE,0.62
6880000.00,PE,0,IDLE,0.62
6881000.00,PE,0,IDLE,0.62
6882000.00,PE,0,IDLE,0.62
6883000.00,PE,0,IDLE,0.62
6884000.00,PE,0,IDLE,0.62
6885000.00,PE,0,IDLE,0.62
6886000.00,PE,0,IDLE,0.62
6887000.00,PE,0,IDLE,0.62
6888000.00,PE,0,IDLE,0.62
6889000.00,PE,0,IDLE,0.62
6890000.00,PE,0,IDLE,0.62
6891000.00,PE,0,IDLE,0.62
6892000.00,PE,0,IDLE,0.62
6893000.00,PE,0,IDLE,0.62
6894000.00,PE,0,IDLE,0.62
6895000.00,PE,0,IDLE,0.62
6896000.00,PE,0,IDLE,0.62
6897000.00,PE,0,IDLE,0.62
6898000.00,PE,0,IDLE,0.62
6899000.00,PE,0,IDLE,0.62
6900000.00,PE,0,IDLE,0.62
6901000.00,PE,0,IDLE,0.62
6902000.00,PE,0,IDLE,0.62
6903000.00,PE,0,IDLE,0.62
6904000.00,PE,0,IDLE,0.62
6905000.00,PE,0,IDLE,0.62
6906000.00,PE,0,IDLE,0.62
6907000.00,PE,0,IDLE,0.62
6908000.00,PE,0,IDLE,0.62
6909000.00,PE,0,IDLE,0.62
6910000.00,PE,0,IDLE,0.62
6911000.00,PE,0,IDLE,0.62
6912000.00,PE,0,IDLE,0.62
6913000.00,PE,0,IDLE,0.62
6914000.00,PE,0,IDLE,0.62
6915000.00,PE,0,IDLE,0.62
6916000.00,PE,0,IDLE,0.62
6917000.00,PE,0,IDLE,0.62
6918000.00,PE,0,IDLE,0.62
6919000.00,PE,0,IDLE,0.62
6920000.00,PE,0,IDLE,0.62
6921000.00,PE,0,IDLE,0.62
6922000.00,PE,0,IDLE,0.62
6923000.00,PE,0,IDLE,0.62
6924000.00,PE,0,IDLE,0.62
6925000.00,PE,0,IDLE,0.62
6926000.00,PE,0,IDLE,0.62
6927000.00,PE,0,IDLE,0.62
6928000.00,PE,0,IDLE,0.62
6929000.00,PE,0,IDLE,0.62
6930000.00,PE,0,IDLE,0.62
6931000.00,PE,0,IDLE,0.62
6932000.00,PE,0,IDLE,0.62
6933000.00,PE,0,IDLE,0.62
6934000.00,PE,0,IDLE,0.62
6935000.00,PE,0,IDLE,0.62
6936000.00,PE,0,IDLE,0.62
6937000.00,PE,0,IDLE,0.62
6938000.00,PE,0,IDLE,0.62
6939000.00,PE,0,IDLE,0.62
6940000.00,PE,0,IDLE,0.62
6941000.00,PE,0,IDLE,0.62
6942000.00,PE,0,IDLE,0.62
6943000.00,PE,0,IDLE,0.62
6944000.00,PE,0,IDLE,0.62
6945000.00,PE,0,IDLE,0.62
6946000.00,PE,0,IDLE,0.62
6947000.00,PE,0,IDLE,0.62
6948000.00,PE,0,IDLE,0.62
6949000.00,PE,0,IDLE,0.62
6950000.00,PE,0,IDLE,0.62
6951000.00,PE,0,IDLE,0.62
6952000.00,PE,0,IDLE,0.62
6953000.00,PE,0,IDLE,0.62
6954000.00,PE,0,IDLE,0.62
6955000.00,PE,0,IDLE,0.62
6956000.00,PE,0,IDLE,0.62
6957000.00,PE,0,IDLE,0.62
6958000.00,PE,0,IDLE,0.62
6959000.00,PE,0,IDLE,0.62
6960000.00,PE,0,IDLE,0.62
6961000.00,PE,0,IDLE,0.62
6962000.00,PE,0,IDLE,0.62
6963000.00,PE,0,IDLE,0.62
6964000.00,PE,0,IDLE,0.62
6965000.00,PE,0,IDLE,0.62
6966000.00,PE,0,IDLE,0.62
6967000.00,PE,0,IDLE,0.62
6968000.00,PE,0,IDLE,0.62
6969000.00,PE,0,IDLE,0.62
6970000.00,PE,0,IDLE,0.62
6971000.00,PE,0,IDLE,0.62
6972000.00,PE,0,IDLE,0.62
6973000.00,PE,0,IDLE,0.62
6974000.00,PE,0,IDLE,0.62
6975000.00,PE,0,IDLE,0.62
6976000.00,PE,0,IDLE,0.62
6977000.00,PE,0,IDLE,0.62
6978000.00,PE,0,IDLE,0.62
6979000.00,PE,0,IDLE,0.62
6980000.00,PE,0,IDLE,0.62
6981000.00,PE,0,IDLE,0.62
6982000.00,PE,0,IDLE,0.62
6983000.00,PE,0,IDLE,0.62
6984000.00,PE,0,IDLE,0.62
6985000.00,PE,0,IDLE,0.62
6986000.00,PE,0,IDLE,0.62
6987000.00,PE,0,IDLE,0.62
6988000.00,PE,0,IDLE,0.62
6989000.00,PE,0,IDLE,0.62
6990000.00,PE,0,IDLE,0.62
6991000.00,PE,0,IDLE,0.62
6992000.00,PE,0,IDLE,0.62
6993000.00,PE,0,IDLE,0.62
6994000.00,PE,0,IDLE,0.62
6995000.00,PE,0,IDLE,0.62
6996000.00,PE,0,IDLE,0.62
6997000.00,PE,0,IDLE,0.62
6998000.00,PE,0,IDLE,0.62
6999000.00,PE,0,IDLE,0.62
7000000.00,PE,0,IDLE,0.62
7001000.00,PE,0,IDLE,0.62
7002000.00,PE,0,IDLE,0.62
7003000.00,PE,0,IDLE,0.62
7004000.00,PE,0,IDLE,0.62
7005000.00,PE,0,IDLE,0.62
7006000.00,PE,0,IDLE,0.62
7007000.00,PE,0,IDLE,0.62
7008000.00,PE,0,IDLE,0.62
7009000.00,PE,0,IDLE,0.62
7010000.00,PE,0,IDLE,0.62
7011000.00,PE,0,IDLE,0.62
7012000.00,PE,0,IDLE,0.62
7013000.00,PE,0,IDLE,0.62
7014000.00,PE,0,IDLE,0.62
7015000.00,PE,0,IDLE,0.62
7016000.00,PE,0,IDLE,0.62
7017000.00,PE,0,IDLE,0.62
7018000.00,PE,0,IDLE,0.62
7019000.00,PE,0,IDLE,0.62
7020000.00,PE,0,IDLE,0.62
7021000.00,PE,0,IDLE,0.62
7022000.00,PE,0,IDLE,0.62
7023000.00,PE,0,IDLE,0.62
7024000.00,PE,0,IDLE,0.62
7025000.00,PE,0,IDLE,0.62
7026000.00,PE,0,IDLE,0.62
7027000.00,PE,0,IDLE,0.62
7028000.00,PE,0,IDLE,0.62
7029000.00,PE,0,IDLE,0.62
7030000.00,PE,0,IDLE,0.62
7031000.00,PE,0,IDLE,0.62
7032000.00,PE,0,IDLE,0.62
7033000.00,PE,0,IDLE,0.62
7034000.00,PE,0,IDLE,0.62
7035000.00,PE,0,IDLE,0.62
7036000.00,PE,0,IDLE,0.62
7037000.00,PE,0,IDLE,0.62
7038000.00,PE,0,IDLE,0.62
7039000.00,PE,0,IDLE,0.62
7040000.00,PE,0,IDLE,0.62
7041000.00,PE,0,IDLE,0.62
7042000.00,PE,0,IDLE,0.62
7043000.00,PE,0,IDLE,0.62
7044000.00,PE,0,IDLE,0.62
7045000.00,PE,0,IDLE,0.62
7046000.00,PE,0,IDLE,0.62
7047000.00,PE,0,IDLE,0.62
7048000.00,PE,0,IDLE,0.62
7049000.00,PE,0,IDLE,0.62
7050000.00,PE,0,IDLE,0.62
7051000.00,PE,0,IDLE,0.62
7052000.00,PE,0,IDLE,0.62
7053000.00,PE,0,IDLE,0.62
7054000.00,PE,0,IDLE,0.62
7055000.00,PE,0,IDLE,0.62
7056000.00,PE,0,IDLE,0.62
7057000.00,PE,0,IDLE,0.62
7058000.00,PE,0,IDLE,0.62
7059000.00,PE,0,IDLE,0.62
7060000.00,PE,0,IDLE,0.62
7061000.00,PE,0,IDLE,0.62
7062000.00,PE,0,IDLE,0.62
7063000.00,PE,0,IDLE,0.62
7064000.00,PE,0,IDLE,0.62
7065000.00,PE,0,IDLE,0.62
7066000.00,PE,0,IDLE,0.62
7067000.00,PE,0,IDLE,0.62
7068000.00,PE,0,IDLE,0.62
7069000.00,PE,0,IDLE,0.62
7070000.00,PE,0,IDLE,0.62
7071000.00,PE,0,IDLE,0.62
7072000.00,PE,0,IDLE,0.62
7073000.00,PE,0,IDLE,0.62
7074000.00,PE,0,IDLE,0.62
7075000.00,PE,0,IDLE,0.62
7076000.00,PE,0,IDLE,0.62
7077000.00,PE,0,IDLE,0.62
7078000.00,PE,0,IDLE,0.62
7079000.00,PE,0,IDLE,0.62
7080000.00,PE,0,IDLE,0.62
7081000.00,PE,0,IDLE,0.62
7082000.00,PE,0,IDLE,0.62
7083000.00,PE,0,IDLE,0.62
7084000.00,PE,0,IDLE,0.62
7085000.00,PE,0,IDLE,0.62
7086000.00,PE,0,IDLE,0.62
7087000.00,PE,0,IDLE,0.62
7088000.00,PE,0,IDLE,0.62
7089000.00,PE,0,IDLE,0.62
7090000.00,PE,0,IDLE,0.62
7091000.00,PE,0,IDLE,0.62
7092000.00,PE,0,IDLE,0.62
7093000.00,PE,0,IDLE,0.62
7094000.00,PE,0,IDLE,0.62
7095000.00,PE,0,IDLE,0.62
7096000.00,PE,0,IDLE,0.62
7097000.00,PE,0,IDLE,0.62
7098000.00,PE,0,IDLE,0.62
7099000.00,PE,0,IDLE,0.62
7100000.00,PE,0,IDLE,0.62
7101000.00,PE,0,IDLE,0.62
7102000.00,PE,0,IDLE,0.62
7103000.00,PE,0,IDLE,0.62
7104000.00,PE,0,IDLE,0.62
7105000.00,PE,0,IDLE,0.62
7106000.00,PE,0,IDLE,0.62
7107000.00,PE,0,IDLE,0.62
7108000.00,PE,0,IDLE,0.62
7109000.00,PE,0,IDLE,0.62
7110000.00,PE,0,IDLE,0.62
7111000.00,PE,0,IDLE,0.62
7112000.00,PE,0,IDLE,0.62
7113000.00,PE,0,IDLE,0.62
7114000.00,PE,0,IDLE,0.62
7115000.00,PE,0,IDLE,0.62
7116000.00,PE,0,IDLE,0.62
7117000.00,PE,0,IDLE,0.62
7118000.00,PE,0,IDLE,0.62
7119000.00,PE,0,IDLE,0.62
7120000.00,PE,0,IDLE,0.62
7121000.00,PE,0,IDLE,0.62
7122000.00,PE,0,IDLE,0.62
7123000.00,PE,0,IDLE,0.62
7124000.00,PE,0,IDLE,0.62
7125000.00,PE,0,IDLE,0.62
7126000.00,PE,0,IDLE,0.62
7127000.00,PE,0,IDLE,0.62
7128000.00,PE,0,IDLE,0.62
7129000.00,PE,0,IDLE,0.62
7130000.00,PE,0,IDLE,0.62
7131000.00,PE,0,IDLE,0.62
7132000.00,PE,0,IDLE,0.62
7133000.00,PE,0,IDLE,0.62
7134000.00,PE,0,IDLE,0.62
7135000.00,PE,0,IDLE,0.62
7136000.00,PE,0,IDLE,0.62
7137000.00,PE,0,IDLE,0.62
7138000.00,PE,0,IDLE,0.62
7139000.00,PE,0,IDLE,0.62
7140000.00,PE,0,IDLE,0.62
7141000.00,PE,0,IDLE,0.62
7142000.00,PE,0,IDLE,0.62
7143000.00,PE,0,IDLE,0.62
7144000.00,PE,0,IDLE,0.62
7145000.00,PE,0,IDLE,0.62
7146000.00,PE,0,IDLE,0.62
7147000.00,PE,0,IDLE,0.62
7148000.00,PE,0,IDLE,0.62
7149000.00,PE,0,IDLE,0.62
7150000.00,PE,0,IDLE,0.62
7151000.00,PE,0,IDLE,0.62
7152000.00,PE,0,IDLE,0.62
7153000.00,PE,0,IDLE,0.62
7154000.00,PE,0,IDLE,0.62
7155000.00,PE,0,IDLE,0.62
7156000.00,PE,0,IDLE,0.62
7157000.00,PE,0,IDLE,0.62
7158000.00,PE,0,IDLE,0.62
7159000.00,PE,0,IDLE,0.62
7160000.00,PE,0,IDLE,0.62
7161000.00,PE,0,IDLE,0.62
7162000.00,PE,0,IDLE,0.62
7163000.00,PE,0,IDLE,0.62
7164000.00,PE,0,IDLE,0.62
7165000.00,PE,0,IDLE,0.62
7166000.00,PE,0,IDLE,0.62
7167000.00,PE,0,IDLE,0.62
7168000.00,PE,0,IDLE,0.62
7169000.00,PE,0,IDLE,0.62
7170000.00,PE,0,IDLE,0.62
7171000.00,PE,0,IDLE,0.62
7172000.00,PE,0,IDLE,0.62
7173000.00,PE,0,IDLE,0.62
7174000.00,PE,0,IDLE,0.62
7175000.00,PE,0,IDLE,0.62
7176000.00,PE,0,IDLE,0.62
7177000.00,PE,0,IDLE,0.62
7178000.00,PE,0,IDLE,0.62
7179000.00,PE,0,IDLE,0.62
7180000.00,PE,0,IDLE,0.62
7181000.00,PE,0,IDLE,0.62
7182000.00,PE,0,IDLE,0.62
7183000.00,PE,0,IDLE,0.62
7184000.00,PE,0,IDLE,0.62
7185000.00,PE,0,IDLE,0.62
7186000.00,PE,0,IDLE,0.62
7187000.00,PE,0,IDLE,0.62
7188000.00,PE,0,IDLE,0.62
7189000.00,PE,0,IDLE,0.62
7190000.00,PE,0,IDLE,0.62
7191000.00,PE,0,IDLE,0.62
7192000.00,PE,0,IDLE,0.62
7193000.00,PE,0,IDLE,0.62
7194000.00,PE,0,IDLE,0.62
7195000.00,PE,0,IDLE,0.62
7196000.00,PE,0,IDLE,0.62
7197000.00,PE,0,IDLE,0.62
7198000.00,PE,0,IDLE,0.62
7199000.00,PE,0,IDLE,0.62
7200000.00,PE,0,IDLE,0.62
7201000.00,PE,0,IDLE,0.62
7202000.00,PE,0,IDLE,0.62
7203000.00,PE,0,IDLE,0.62
7204000.00,PE,0,IDLE,0.62
7205000.00,PE,0,IDLE,0.62
7206000.00,PE,0,IDLE,0.62
7207000.00,PE,0,IDLE,0.62
7208000.00,PE,0,IDLE,0.62
7209000.00,PE,0,IDLE,0.62
7210000.00,PE,0,IDLE,0.62
7211000.00,PE,0,IDLE,0.62
7212000.00,PE,0,IDLE,0.62
7213000.00,PE,0,IDLE,0.62
7214000.00,PE,0,IDLE,0.62
7215000.00,PE,0,IDLE,0.62
7216000.00,PE,0,IDLE,0.62
7217000.00,PE,0,IDLE,0.62
7218000.00,PE,0,IDLE,0.62
7219000.00,PE,0,IDLE,0.62
7220000.00,PE,0,IDLE,0.62
7221000.00,PE,0,IDLE,0.62
7222000.00,PE,0,IDLE,0.62
7223000.00,PE,0,IDLE,0.62
7224000.00,PE,0,IDLE,0.62
7225000.00,PE,0,IDLE,0.62
7226000.00,PE,0,IDLE,0.62
7227000.00,PE,0,IDLE,0.62
7228000.00,PE,0,IDLE,0.62
7229000.00,PE,0,IDLE,0.62
7230000.00,PE,0,IDLE,0.62
7231000.00,PE,0,IDLE,0.62
7232000.00,PE,0,IDLE,0.62
7233000.00,PE,0,IDLE,0.62
7234000.00,PE,0,IDLE,0.62
7235000.00,PE,0,IDLE,0.62
7236000.00,PE,0,IDLE,0.62
7237000.00,PE,0,IDLE,0.62
7238000.00,PE,0,IDLE,0.62
7239000.00,PE,0,IDLE,0.62
7240000.00,PE,0,IDLE,0.62
7241000.00,PE,0,IDLE,0.62
7242000.00,PE,0,IDLE,0.62
7243000.00,PE,0,IDLE,0.62
7244000.00,PE,0,IDLE,0.62
7245000.00,PE,0,IDLE,0.62
7246000.00,PE,0,IDLE,0.62
7247000.00,PE,0,IDLE,0.62
7248000.00,PE,0,IDLE,0.62
7249000.00,PE,0,IDLE,0.62
7250000.00,PE,0,IDLE,0.62
7251000.00,PE,0,IDLE,0.62
7252000.00,PE,0,IDLE,0.62
7253000.00,PE,0,IDLE,0.62
7254000.00,PE,0,IDLE,0.62
7255000.00,PE,0,IDLE,0.62
7256000.00,PE,0,IDLE,0.62
7257000.00,PE,0,IDLE,0.62
7258000.00,PE,0,IDLE,0.62
7259000.00,PE,0,IDLE,0.62
7260000.00,PE,0,IDLE,0.62
7261000.00,PE,0,IDLE,0.62
7262000.00,PE,0,IDLE,0.62
7263000.00,PE,0,IDLE,0.62
7264000.00,PE,0,IDLE,0.62
7265000.00,PE,0,IDLE,0.62
7266000.00,PE,0,IDLE,0.62
7267000.00,PE,0,IDLE,0.62
7268000.00,PE,0,IDLE,0.62
7269000.00,PE,0,IDLE,0.62
7270000.00,PE,0,IDLE,0.62
7271000.00,PE,0,IDLE,0.62
7272000.00,PE,0,IDLE,0.62
7273000.00,PE,0,IDLE,0.62
7274000.00,PE,0,IDLE,0.62
7275000.00,PE,0,IDLE,0.62
7276000.00,PE,0,IDLE,0.62
7277000.00,PE,0,IDLE,0.62
7278000.00,PE,0,IDLE,0.62
7279000.00,PE,0,IDLE,0.62
7280000.00,PE,0,IDLE,0.62
7281000.00,PE,0,IDLE,0.62
7282000.00,PE,0,IDLE,0.62
7283000.00,PE,0,IDLE,0.62
7284000.00,PE,0,IDLE,0.62
7285000.00,PE,0,IDLE,0.62
7286000.00,PE,0,IDLE,0.62
7287000.00,PE,0,IDLE,0.62
7288000.00,PE,0,IDLE,0.62
7289000.00,PE,0,IDLE,0.62
7290000.00,PE,0,IDLE,0.62
7291000.00,PE,0,IDLE,0.62
7292000.00,PE,0,IDLE,0.62
7293000.00,PE,0,IDLE,0.62
7294000.00,PE,0,IDLE,0.62
7295000.00,PE,0,IDLE,0.62
7296000.00,PE,0,IDLE,0.62
7297000.00,PE,0,IDLE,0.62
7298000.00,PE,0,IDLE,0.62
7299000.00,PE,0,IDLE,0.62
7300000.00,PE,0,IDLE,0.62
7301000.00,PE,0,IDLE,0.62
7302000.00,PE,0,IDLE,0.62
7303000.00,PE,0,IDLE,0.62
7304000.00,PE,0,IDLE,0.62
7305000.00,PE,0,IDLE,0.62
7306000.00,PE,0,IDLE,0.62
7307000.00,PE,0,IDLE,0.62
7308000.00,PE,0,IDLE,0.62
7309000.00,PE,0,IDLE,0.62
7310000.00,PE,0,IDLE,0.62
7311000.00,PE,0,IDLE,0.62
7312000.00,PE,0,IDLE,0.62
7313000.00,PE,0,IDLE,0.62
7314000.00,PE,0,IDLE,0.62
7315000.00,PE,0,IDLE,0.62
7316000.00,PE,0,IDLE,0.62
7317000.00,PE,0,IDLE,0.62
7318000.00,PE,0,IDLE,0.62
7319000.00,PE,0,IDLE,0.62
7320000.00,PE,0,IDLE,0.62
7321000.00,PE,0,IDLE,0.62
7322000.00,PE,0,IDLE,0.62
7323000.00,PE,0,IDLE,0.62
7324000.00,PE,0,IDLE,0.62
7325000.00,PE,0,IDLE,0.62
7326000.00,PE,0,IDLE,0.62
7327000.00,PE,0,IDLE,0.62
7328000.00,PE,0,IDLE,0.62
7329000.00,PE,0,IDLE,0.62
7330000.00,PE,0,IDLE,0.62
7331000.00,PE,0,IDLE,0.62
7332000.00,PE,0,IDLE,0.62
7333000.00,PE,0,IDLE,0.62
7334000.00,PE,0,IDLE,0.62
7335000.00,PE,0,IDLE,0.62
7336000.00,PE,0,IDLE,0.62
7337000.00,PE,0,IDLE,0.62
7338000.00,PE,0,IDLE,0.62
7339000.00,PE,0,IDLE,0.62
7340000.00,PE,0,IDLE,0.62
7341000.00,PE,0,IDLE,0.62
7342000.00,PE,0,IDLE,0.62
7343000.00,PE,0,IDLE,0.62
7344000.00,PE,0,IDLE,0.62
7345000.00,PE,0,IDLE,0.62
7346000.00,PE,0,IDLE,0.62
7347000.00,PE,0,IDLE,0.62
7348000.00,PE,0,IDLE,0.62
7349000.00,PE,0,IDLE,0.62
7350000.00,PE,0,IDLE,0.62
7351000.00,PE,0,IDLE,0.62
7352000.00,PE,0,IDLE,0.62
7353000.00,PE,0,IDLE,0.62
7354000.00,PE,0,IDLE,0.62
7355000.00,PE,0,IDLE,0.62
7356000.00,PE,0,IDLE,0.62
7357000.00,PE,0,IDLE,0.62
7358000.00,PE,0,IDLE,0.62
7359000.00,PE,0,IDLE,0.62
7360000.00,PE,0,IDLE,0.62
7361000.00,PE,0,IDLE,0.62
7362000.00,PE,0,IDLE,0.62
7363000.00,PE,0,IDLE,0.62
7364000.00,PE,0,IDLE,0.62
7365000.00,PE,0,IDLE,0.62
7366000.00,PE,0,IDLE,0.62
7367000.00,PE,0,IDLE,0.62
7368000.00,PE,0,IDLE,0.62
7369000.00,PE,0,IDLE,0.62
7370000.00,PE,0,IDLE,0.62
7371000.00,PE,0,IDLE,0.62
7372000.00,PE,0,IDLE,0.62
7373000.00,PE,0,IDLE,0.62
7374000.00,PE,0,IDLE,0.62
7375000.00,PE,0,IDLE,0.62
7376000.00,PE,0,IDLE,0.62
7377000.00,PE,0,IDLE,0.62
7378000.00,PE,0,IDLE,0.62
7379000.00,PE,0,IDLE,0.62
7380000.00,PE,0,IDLE,0.62
7381000.00,PE,0,IDLE,0.62
7382000.00,PE,0,IDLE,0.62
7383000.00,PE,0,IDLE,0.62
7384000.00,PE,0,IDLE,0.62
7385000.00,PE,0,IDLE,0.62
7386000.00,PE,0,IDLE,0.62
7387000.00,PE,0,IDLE,0.62
7388000.00,PE,0,IDLE,0.62
7389000.00,PE,0,IDLE,0.62
7390000.00,PE,0,IDLE,0.62
7391000.00,PE,0,IDLE,0.62
7392000.00,PE,0,IDLE,0.62
7393000.00,PE,0,IDLE,0.62
7394000.00,PE,0,IDLE,0.62
7395000.00,PE,0,IDLE,0.62
7396000.00,PE,0,IDLE,0.62
7397000.00,PE,0,IDLE,0.62
7398000.00,PE,0,IDLE,0.62
7399000.00,PE,0,IDLE,0.62
7400000.00,PE,0,IDLE,0.62
7401000.00,PE,0,IDLE,0.62
7402000.00,PE,0,IDLE,0.62
7403000.00,PE,0,IDLE,0.62
7404000.00,PE,0,IDLE,0.62
7405000.00,PE,0,IDLE,0.62
7406000.00,PE,0,IDLE,0.62
7407000.00,PE,0,IDLE,0.62
7408000.00,PE,0,IDLE,0.62
7409000.00,PE,0,IDLE,0.62
7410000.00,PE,0,IDLE,0.62
7411000.00,PE,0,IDLE,0.62
7412000.00,PE,0,IDLE,0.62
7413000.00,PE,0,IDLE,0.62
7414000.00,PE,0,IDLE,0.62
7415000.00,PE,0,IDLE,0.62
7416000.00,PE,0,IDLE,0.62
7417000.00,PE,0,IDLE,0.62
7418000.00,PE,0,IDLE,0.62
7419000.00,PE,0,IDLE,0.62
7420000.00,PE,0,IDLE,0.62
7421000.00,PE,0,IDLE,0.62
7422000.00,PE,0,IDLE,0.62
7423000.00,PE,0,IDLE,0.62
7424000.00,PE,0,IDLE,0.62
7425000.00,PE,0,IDLE,0.62
7426000.00,PE,0,IDLE,0.62
7427000.00,PE,0,IDLE,0.62
7428000.00,PE,0,IDLE,0.62
7429000.00,PE,0,IDLE,0.62
7430000.00,PE,0,IDLE,0.62
7431000.00,PE,0,IDLE,0.62
7432000.00,PE,0,IDLE,0.62
7433000.00,PE,0,IDLE,0.62
7434000.00,PE,0,IDLE,0.62
7435000.00,PE,0,IDLE,0.62
7436000.00,PE,0,IDLE,0.62
7437000.00,PE,0,IDLE,0.62
7438000.00,PE,0,IDLE,0.62
7439000.00,PE,0,IDLE,0.62
7440000.00,PE,0,IDLE,0.62
7441000.00,PE,0,IDLE,0.62
7442000.00,PE,0,IDLE,0.62
7443000.00,PE,0,IDLE,0.62
7444000.00,PE,0,IDLE,0.62
7445000.00,PE,0,IDLE,0.62
7446000.00,PE,0,IDLE,0.62
7447000.00,PE,0,IDLE,0.62
7448000.00,PE,0,IDLE,0.62
7449000.00,PE,0,IDLE,0.62
7450000.00,PE,0,IDLE,0.62
7451000.00,PE,0,IDLE,0.62
7452000.00,PE,0,IDLE,0.62
7453000.00,PE,0,IDLE,0.62
7454000.00,PE,0,IDLE,0.62
7455000.00,PE,0,IDLE,0.62
7456000.00,PE,0,IDLE,0.62
7457000.00,PE,0,IDLE,0.62
7458000.00,PE,0,IDLE,0.62
7459000.00,PE,0,IDLE,0.62
7460000.00,PE,0,IDLE,0.62
7461000.00,PE,0,IDLE,0.62
7462000.00,PE,0,IDLE,0.62
7463000.00,PE,0,IDLE,0.62
7464000.00,PE,0,IDLE,0.62
7465000.00,PE,0,IDLE,0.62
7466000.00,PE,0,IDLE,0.62
7467000.00,PE,0,IDLE,0.62
7468000.00,PE,0,IDLE,0.62
7469000.00,PE,0,IDLE,0.62
7470000.00,PE,0,IDLE,0.62
7471000.00,PE,0,IDLE,0.62
7472000.00,PE,0,IDLE,0.62
7473000.00,PE,0,IDLE,0.62
7474000.00,PE,0,IDLE,0.62
7475000.00,PE,0,IDLE,0.62
7476000.00,PE,0,IDLE,0.62
7477000.00,PE,0,IDLE,0.62
7478000.00,PE,0,IDLE,0.62
7479000.00,PE,0,IDLE,0.62
7480000.00,PE,0,IDLE,0.62
7481000.00,PE,0,IDLE,0.62
7482000.00,PE,0,IDLE,0.62
7483000.00,PE,0,IDLE,0.62
7484000.00,PE,0,IDLE,0.62
7485000.00,PE,0,IDLE,0.62
7486000.00,PE,0,IDLE,0.62
7487000.00,PE,0,IDLE,0.62
7488000.00,PE,0,IDLE,0.62
7489000.00,PE,0,IDLE,0.62
7490000.00,PE,0,IDLE,0.62
7491000.00,PE,0,IDLE,0.62
7492000.00,PE,0,IDLE,0.62
7493000.00,PE,0,IDLE,0.62
7494000.00,PE,0,IDLE,0.62
7495000.00,PE,0,IDLE,0.62
7496000.00,PE,0,IDLE,0.62
7497000.00,PE,0,IDLE,0.62
7498000.00,PE,0,IDLE,0.62
7499000.00,PE,0,IDLE,0.62
7500000.00,PE,0,IDLE,0.62
7501000.00,PE,0,IDLE,0.62
7502000.00,PE,0,IDLE,0.62
7503000.00,PE,0,IDLE,0.62
7504000.00,PE,0,IDLE,0.62
7505000.00,PE,0,IDLE,0.62
7506000.00,PE,0,IDLE,0.62
7507000.00,PE,0,IDLE,0.62
7508000.00,PE,0,IDLE,0.62
7509000.00,PE,0,IDLE,0.62
7510000.00,PE,0,IDLE,0.62
7511000.00,PE,0,IDLE,0.62
7512000.00,PE,0,IDLE,0.62
7513000.00,PE,0,IDLE,0.62
7514000.00,PE,0,IDLE,0.62
7515000.00,PE,0,IDLE,0.62
7516000.00,PE,0,IDLE,0.62
7517000.00,PE,0,IDLE,0.62
7518000.00,PE,0,IDLE,0.62
7519000.00,PE,0,IDLE,0.62
7520000.00,PE,0,IDLE,0.62
7521000.00,PE,0,IDLE,0.62
7522000.00,PE,0,IDLE,0.62
7523000.00,PE,0,IDLE,0.62
7524000.00,PE,0,IDLE,0.62
7525000.00,PE,0,IDLE,0.62
7526000.00,PE,0,IDLE,0.62
7527000.00,PE,0,IDLE,0.62
7528000.00,PE,0,IDLE,0.62
7529000.00,PE,0,IDLE,0.62
7530000.00,PE,0,IDLE,0.62
7531000.00,PE,0,IDLE,0.62
7532000.00,PE,0,IDLE,0.62
7533000.00,PE,0,IDLE,0.62
7534000.00,PE,0,IDLE,0.62
7535000.00,PE,0,IDLE,0.62
7536000.00,PE,0,IDLE,0.62
7537000.00,PE,0,IDLE,0.62
7538000.00,PE,0,IDLE,0.62
7539000.00,PE,0,IDLE,0.62
7540000.00,PE,0,IDLE,0.62
7541000.00,PE,0,IDLE,0.62
7542000.00,PE,0,IDLE,0.62
7543000.00,PE,0,IDLE,0.62
7544000.00,PE,0,IDLE,0.62
7545000.00,PE,0,IDLE,0.62
7546000.00,PE,0,IDLE,0.62
7547000.00,PE,0,IDLE,0.62
7548000.00,PE,0,IDLE,0.62
7549000.00,PE,0,IDLE,0.62
7550000.00,PE,0,IDLE,0.62
7551000.00,PE,0,IDLE,0.62
7552000.00,PE,0,IDLE,0.62
7553000.00,PE,0,IDLE,0.62
7554000.00,PE,0,IDLE,0.62
7555000.00,PE,0,IDLE,0.62
7556000.00,PE,0,IDLE,0.62
7557000.00,PE,0,IDLE,0.62
7558000.00,PE,0,IDLE,0.62
7559000.00,PE,0,IDLE,0.62
7560000.00,PE,0,IDLE,0.62
7561000.00,PE,0,IDLE,0.62
7562000.00,PE,0,IDLE,0.62
7563000.00,PE,0,IDLE,0.62
7564000.00,PE,0,IDLE,0.62
7565000.00,PE,0,IDLE,0.62
7566000.00,PE,0,IDLE,0.62
7567000.00,PE,0,IDLE,0.62
7568000.00,PE,0,IDLE,0.62
7569000.00,PE,0,IDLE,0.62
7570000.00,PE,0,IDLE,0.62
7571000.00,PE,0,IDLE,0.62
7572000.00,PE,0,IDLE,0.62
7573000.00,PE,0,IDLE,0.62
7574000.00,PE,0,IDLE,0.62
7575000.00,PE,0,IDLE,0.62
7576000.00,PE,0,IDLE,0.62
7577000.00,PE,0,IDLE,0.62
7578000.00,PE,0,IDLE,0.62
7579000.00,PE,0,IDLE,0.62
7580000.00,PE,0,IDLE,0.62
7581000.00,PE,0,IDLE,0.62
7582000.00,PE,0,IDLE,0.62
7583000.00,PE,0,IDLE,0.62
7584000.00,PE,0,IDLE,0.62
7585000.00,PE,0,IDLE,0.62
7586000.00,PE,0,IDLE,0.62
7587000.00,PE,0,IDLE,0.62
7588000.00,PE,0,IDLE,0.62
7589000.00,PE,0,IDLE,0.62
7590000.00,PE,0,IDLE,0.62
7591000.00,PE,0,IDLE,0.62
7592000.00,PE,0,IDLE,0.62
7593000.00,PE,0,IDLE,0.62
7594000.00,PE,0,IDLE,0.62
7595000.00,PE,0,IDLE,0.62
7596000.00,PE,0,IDLE,0.62
7597000.00,PE,0,IDLE,0.62
7598000.00,PE,0,IDLE,0.62
7599000.00,PE,0,IDLE,0.62
7600000.00,PE,0,IDLE,0.62
7601000.00,PE,0,IDLE,0.62
7602000.00,PE,0,IDLE,0.62
7603000.00,PE,0,IDLE,0.62
7604000.00,PE,0,IDLE,0.62
7605000.00,PE,0,IDLE,0.62
7606000.00,PE,0,IDLE,0.62
7607000.00,PE,0,IDLE,0.62
7608000.00,PE,0,IDLE,0.62
7609000.00,PE,0,IDLE,0.62
7610000.00,PE,0,IDLE,0.62
7611000.00,PE,0,IDLE,0.62
7612000.00,PE,0,IDLE,0.62
7613000.00,PE,0,IDLE,0.62
7614000.00,PE,0,IDLE,0.62
7615000.00,PE,0,IDLE,0.62
7616000.00,PE,0,IDLE,0.62
7617000.00,PE,0,IDLE,0.62
7618000.00,PE,0,IDLE,0.62
7619000.00,PE,0,IDLE,0.62
7620000.00,PE,0,IDLE,0.62
7621000.00,PE,0,IDLE,0.62
7622000.00,PE,0,IDLE,0.62
7623000.00,PE,0,IDLE,0.62
7624000.00,PE,0,IDLE,0.62
7625000.00,PE,0,IDLE,0.62
7626000.00,PE,0,IDLE,0.62
7627000.00,PE,0,IDLE,0.62
7628000.00,PE,0,IDLE,0.62
7629000.00,PE,0,IDLE,0.62
7630000.00,PE,0,IDLE,0.62
7631000.00,PE,0,IDLE,0.62
7632000.00,PE,0,IDLE,0.62
7633000.00,PE,0,IDLE,0.62
7634000.00,PE,0,IDLE,0.62
7635000.00,PE,0,IDLE,0.62
7636000.00,PE,0,IDLE,0.62
7637000.00,PE,0,IDLE,0.62
7638000.00,PE,0,IDLE,0.62
7639000.00,PE,0,IDLE,0.62
7640000.00,PE,0,IDLE,0.62
7641000.00,PE,0,IDLE,0.62
7642000.00,PE,0,IDLE,0.62
7643000.00,PE,0,IDLE,0.62
7644000.00,PE,0,IDLE,0.62
7645000.00,PE,0,IDLE,0.62
7646000.00,PE,0,IDLE,0.62
7647000.00,PE,0,IDLE,0.62
7648000.00,PE,0,IDLE,0.62
7649000.00,PE,0,IDLE,0.62
7650000.00,PE,0,IDLE,0.62
7651000.00,PE,0,IDLE,0.62
7652000.00,PE,0,IDLE,0.62
7653000.00,PE,0,IDLE,0.62
7654000.00,PE,0,IDLE,0.62
7655000.00,PE,0,IDLE,0.62
7656000.00,PE,0,IDLE,0.62
7657000.00,PE,0,IDLE,0.62
7658000.00,PE,0,IDLE,0.62
7659000.00,PE,0,IDLE,0.62
7660000.00,PE,0,IDLE,0.62
7661000.00,PE,0,IDLE,0.62
7662000.00,PE,0,IDLE,0.62
7663000.00,PE,0,IDLE,0.62
7664000.00,PE,0,IDLE,0.62
7665000.00,PE,0,IDLE,0.62
7666000.00,PE,0,IDLE,0.62
7667000.00,PE,0,IDLE,0.62
7668000.00,PE,0,IDLE,0.62
7669000.00,PE,0,IDLE,0.62
7670000.00,PE,0,IDLE,0.62
7671000.00,PE,0,IDLE,0.62
7672000.00,PE,0,IDLE,0.62
7673000.00,PE,0,IDLE,0.62
7674000.00,PE,0,IDLE,0.62
7675000.00,PE,0,IDLE,0.62
7676000.00,PE,0,IDLE,0.62
7677000.00,PE,0,IDLE,0.62
7678000.00,PE,0,IDLE,0.62
7679000.00,PE,0,IDLE,0.62
7680000.00,PE,0,IDLE,0.62
7681000.00,PE,0,IDLE,0.62
7682000.00,PE,0,IDLE,0.62
7683000.00,PE,0,IDLE,0.62
7684000.00,PE,0,IDLE,0.62
7685000.00,PE,0,IDLE,0.62
7686000.00,PE,0,IDLE,0.62
7687000.00,PE,0,IDLE,0.62
7688000.00,PE,0,IDLE,0.62
7689000.00,PE,0,IDLE,0.62
7690000.00,PE,0,IDLE,0.62
7691000.00,PE,0,IDLE,0.62
7692000.00,PE,0,IDLE,0.62
7693000.00,PE,0,IDLE,0.62
7694000.00,PE,0,IDLE,0.62
7695000.00,PE,0,IDLE,0.62
7696000.00,PE,0,IDLE,0.62
7697000.00,PE,0,IDLE,0.62
7698000.00,PE,0,IDLE,0.62
7699000.00,PE,0,IDLE,0.62
7700000.00,PE,0,IDLE,0.62
7701000.00,PE,0,IDLE,0.62
7702000.00,PE,0,IDLE,0.62
7703000.00,PE,0,IDLE,0.62
7704000.00,PE,0,IDLE,0.62
7705000.00,PE,0,IDLE,0.62
7706000.00,PE,0,IDLE,0.62
7707000.00,PE,0,IDLE,0.62
7708000.00,PE,0,IDLE,0.62
7709000.00,PE,0,IDLE,0.62
7710000.00,PE,0,IDLE,0.62
7711000.00,PE,0,IDLE,0.62
7712000.00,PE,0,IDLE,0.62
7713000.00,PE,0,IDLE,0.62
7714000.00,PE,0,IDLE,0.62
7715000.00,PE,0,IDLE,0.62
7716000.00,PE,0,IDLE,0.62
7717000.00,PE,0,IDLE,0.62
7718000.00,PE,0,IDLE,0.62
7719000.00,PE,0,IDLE,0.62
7720000.00,PE,0,IDLE,0.62
7721000.00,PE,0,IDLE,0.62
7722000.00,PE,0,IDLE,0.62
7723000.00,PE,0,IDLE,0.62
7724000.00,PE,0,IDLE,0.62
7725000.00,PE,0,IDLE,0.62
7726000.00,PE,0,IDLE,0.62
7727000.00,PE,0,IDLE,0.62
7728000.00,PE,0,IDLE,0.62
7729000.00,PE,0,IDLE,0.62
7730000.00,PE,0,IDLE,0.62
7731000.00,PE,0,IDLE,0.62
7732000.00,PE,0,IDLE,0.62
7733000.00,PE,0,IDLE,0.62
7734000.00,PE,0,IDLE,0.62
7735000.00,PE,0,IDLE,0.62
7736000.00,PE,0,IDLE,0.62
7737000.00,PE,0,IDLE,0.62
7738000.00,PE,0,IDLE,0.62
7739000.00,PE,0,IDLE,0.62
7740000.00,PE,0,IDLE,0.62
7741000.00,PE,0,IDLE,0.62
7742000.00,PE,0,IDLE,0.62
7743000.00,PE,0,IDLE,0.62
7744000.00,PE,0,IDLE,0.62
7745000.00,PE,0,IDLE,0.62
7746000.00,PE,0,IDLE,0.62
7747000.00,PE,0,IDLE,0.62
7748000.00,PE,0,IDLE,0.62
7749000.00,PE,0,IDLE,0.62
7750000.00,PE,0,IDLE,0.62
7751000.00,PE,0,IDLE,0.62
7752000.00,PE,0,IDLE,0.62
7753000.00,PE,0,IDLE,0.62
7754000.00,PE,0,IDLE,0.62
7755000.00,PE,0,IDLE,0.62
7756000.00,PE,0,IDLE,0.62
7757000.00,PE,0,IDLE,0.62
7758000.00,PE,0,IDLE,0.62
7759000.00,PE,0,IDLE,0.62
7760000.00,PE,0,IDLE,0.62
7761000.00,PE,0,IDLE,0.62
7762000.00,PE,0,IDLE,0.62
7763000.00,PE,0,IDLE,0.62
7764000.00,PE,0,IDLE,0.62
7765000.00,PE,0,IDLE,0.62
7766000.00,PE,0,IDLE,0.62
7767000.00,PE,0,IDLE,0.62
7768000.00,PE,0,IDLE,0.62
7769000.00,PE,0,IDLE,0.62
7770000.00,PE,0,IDLE,0.62
7771000.00,PE,0,IDLE,0.62
7772000.00,PE,0,IDLE,0.62
7773000.00,PE,0,IDLE,0.62
7774000.00,PE,0,IDLE,0.62
7775000.00,PE,0,IDLE,0.62
7776000.00,PE,0,IDLE,0.62
7777000.00,PE,0,IDLE,0.62
7778000.00,PE,0,IDLE,0.62
7779000.00,PE,0,IDLE,0.62
7780000.00,PE,0,IDLE,0.62
7781000.00,PE,0,IDLE,0.62
7782000.00,PE,0,IDLE,0.62
7783000.00,PE,0,IDLE,0.62
7784000.00,PE,0,IDLE,0.62
7785000.00,PE,0,IDLE,0.62
7786000.00,PE,0,IDLE,0.62
7787000.00,PE,0,IDLE,0.62
7788000.00,PE,0,IDLE,0.62
7789000.00,PE,0,IDLE,0.62
7790000.00,PE,0,IDLE,0.62
7791000.00,PE,0,IDLE,0.62
7792000.00,PE,0,IDLE,0.62
7793000.00,PE,0,IDLE,0.62
7794000.00,PE,0,IDLE,0.62
7795000.00,PE,0,IDLE,0.62
7796000.00,PE,0,IDLE,0.62
7797000.00,PE,0,IDLE,0.62
7798000.00,PE,0,IDLE,0.62
7799000.00,PE,0,IDLE,0.62
7800000.00,PE,0,IDLE,0.62
7801000.00,PE,0,IDLE,0.62
7802000.00,PE,0,IDLE,0.62
7803000.00,PE,0,IDLE,0.62
7804000.00,PE,0,IDLE,0.62
7805000.00,PE,0,IDLE,0.62
7806000.00,PE,0,IDLE,0.62
7807000.00,PE,0,IDLE,0.62
7808000.00,PE,0,IDLE,0.62
7809000.00,PE,0,IDLE,0.62
7810000.00,PE,0,IDLE,0.62
7811000.00,PE,0,IDLE,0.62
7812000.00,PE,0,IDLE,0.62
7813000.00,PE,0,IDLE,0.62
7814000.00,PE,0,IDLE,0.62
7815000.00,PE,0,IDLE,0.62
7816000.00,PE,0,IDLE,0.62
7817000.00,PE,0,IDLE,0.62
7818000.00,PE,0,IDLE,0.62
7819000.00,PE,0,IDLE,0.62
7820000.00,PE,0,IDLE,0.62
7821000.00,PE,0,IDLE,0.62
7822000.00,PE,0,IDLE,0.62
7823000.00,PE,0,IDLE,0.62
7824000.00,PE,0,IDLE,0.62
7825000.00,PE,0,IDLE,0.62
7826000.00,PE,0,IDLE,0.62
7827000.00,PE,0,IDLE,0.62
7828000.00,PE,0,IDLE,0.62
7829000.00,PE,0,IDLE,0.62
7830000.00,PE,0,IDLE,0.62
7831000.00,PE,0,IDLE,0.62
7832000.00,PE,0,IDLE,0.62
7833000.00,PE,0,IDLE,0.62
7834000.00,PE,0,IDLE,0.62
7835000.00,PE,0,IDLE,0.62
7836000.00,PE,0,IDLE,0.62
7837000.00,PE,0,IDLE,0.62
7838000.00,PE,0,IDLE,0.62
7839000.00,PE,0,IDLE,0.62
7840000.00,PE,0,IDLE,0.62
7841000.00,PE,0,IDLE,0.62
7842000.00,PE,0,IDLE,0.62
7843000.00,PE,0,IDLE,0.62
7844000.00,PE,0,IDLE,0.62
7845000.00,PE,0,IDLE,0.62
7846000.00,PE,0,IDLE,0.62
7847000.00,PE,0,IDLE,0.62
7848000.00,PE,0,IDLE,0.62
7849000.00,PE,0,IDLE,0.62
7850000.00,PE,0,IDLE,0.62
7851000.00,PE,0,IDLE,0.62
7852000.00,PE,0,IDLE,0.62
7853000.00,PE,0,IDLE,0.62
7854000.00,PE,0,IDLE,0.62
7855000.00,PE,0,IDLE,0.62
7856000.00,PE,0,IDLE,0.62
7857000.00,PE,0,IDLE,0.62
7858000.00,PE,0,IDLE,0.62
7859000.00,PE,0,IDLE,0.62
7860000.00,PE,0,IDLE,0.62
7861000.00,PE,0,IDLE,0.62
7862000.00,PE,0,IDLE,0.62
7863000.00,PE,0,IDLE,0.62
7864000.00,PE,0,IDLE,0.62
7865000.00,PE,0,IDLE,0.62
7866000.00,PE,0,IDLE,0.62
7867000.00,PE,0,IDLE,0.62
7868000.00,PE,0,IDLE,0.62
7869000.00,PE,0,IDLE,0.62
7870000.00,PE,0,IDLE,0.62
7871000.00,PE,0,IDLE,0.62
7872000.00,PE,0,IDLE,0.62
7873000.00,PE,0,IDLE,0.62
7874000.00,PE,0,IDLE,0.62
7875000.00,PE,0,IDLE,0.62
7876000.00,PE,0,IDLE,0.62
7877000.00,PE,0,IDLE,0.62
7878000.00,PE,0,IDLE,0.62
7879000.00,PE,0,IDLE,0.62
7880000.00,PE,0,IDLE,0.62
7881000.00,PE,0,IDLE,0.62
7882000.00,PE,0,IDLE,0.62
7883000.00,PE,0,IDLE,0.62
7884000.00,PE,0,IDLE,0.62
7885000.00,PE,0,IDLE,0.62
7886000.00,PE,0,IDLE,0.62
7887000.00,PE,0,IDLE,0.62
7888000.00,PE,0,IDLE,0.62
7889000.00,PE,0,IDLE,0.62
7890000.00,PE,0,IDLE,0.62
7891000.00,PE,0,IDLE,0.62
7892000.00,PE,0,IDLE,0.62
7893000.00,PE,0,IDLE,0.62
7894000.00,PE,0,IDLE,0.62
7895000.00,PE,0,IDLE,0.62
7896000.00,PE,0,IDLE,0.62
7897000.00,PE,0,IDLE,0.62
7898000.00,PE,0,IDLE,0.62
7899000.00,PE,0,IDLE,0.62
7900000.00,PE,0,IDLE,0.62
7901000.00,PE,0,IDLE,0.62
7902000.00,PE,0,IDLE,0.62
7903000.00,PE,0,IDLE,0.62
7904000.00,PE,0,IDLE,0.62
7905000.00,PE,0,IDLE,0.62
7906000.00,PE,0,IDLE,0.62
7907000.00,PE,0,IDLE,0.62
7908000.00,PE,0,IDLE,0.62
7909000.00,PE,0,IDLE,0.62
7910000.00,PE,0,IDLE,0.62
7911000.00,PE,0,IDLE,0.62
7912000.00,PE,0,IDLE,0.62
7913000.00,PE,0,IDLE,0.62
7914000.00,PE,0,IDLE,0.62
7915000.00,PE,0,IDLE,0.62
7916000.00,PE,0,IDLE,0.62
7917000.00,PE,0,IDLE,0.62
7918000.00,PE,0,IDLE,0.62
7919000.00,PE,0,IDLE,0.62
7920000.00,PE,0,IDLE,0.62
7921000.00,PE,0,IDLE,0.62
7922000.00,PE,0,IDLE,0.62
7923000.00,PE,0,IDLE,0.62
7924000.00,PE,0,IDLE,0.62
7925000.00,PE,0,IDLE,0.62
7926000.00,PE,0,IDLE,0.62
7927000.00,PE,0,IDLE,0.62
7928000.00,PE,0,IDLE,0.62
7929000.00,PE,0,IDLE,0.62
7930000.00,PE,0,IDLE,0.62
7931000.00,PE,0,IDLE,0.62
7932000.00,PE,0,IDLE,0.62
7933000.00,PE,0,IDLE,0.62
7934000.00,PE,0,IDLE,0.62
7935000.00,PE,0,IDLE,0.62
7936000.00,PE,0,IDLE,0.62
7937000.00,PE,0,IDLE,0.62
7938000.00,PE,0,IDLE,0.62
7939000.00,PE,0,IDLE,0.62
7940000.00,PE,0,IDLE,0.62
7941000.00,PE,0,IDLE,0.62
7942000.00,PE,0,IDLE,0.62
7943000.00,PE,0,IDLE,0.62
7944000.00,PE,0,IDLE,0.62
7945000.00,PE,0,IDLE,0.62
7946000.00,PE,0,IDLE,0.62
7947000.00,PE,0,IDLE,0.62
7948000.00,PE,0,IDLE,0.62
7949000.00,PE,0,IDLE,0.62
7950000.00,PE,0,IDLE,0.62
7951000.00,PE,0,IDLE,0.62
7952000.00,PE,0,IDLE,0.62
7953000.00,PE,0,IDLE,0.62
7954000.00,PE,0,IDLE,0.62
7955000.00,PE,0,IDLE,0.62
7956000.00,PE,0,IDLE,0.62
7957000.00,PE,0,IDLE,0.62
7958000.00,PE,0,IDLE,0.62
7959000.00,PE,0,IDLE,0.62
7960000.00,PE,0,IDLE,0.62
7961000.00,PE,0,IDLE,0.62
7962000.00,PE,0,IDLE,0.62
7963000.00,PE,0,IDLE,0.62
7964000.00,PE,0,IDLE,0.62
7965000.00,PE,0,IDLE,0.62
7966000.00,PE,0,IDLE,0.62
7967000.00,PE,0,IDLE,0.62
7968000.00,PE,0,IDLE,0.62
7969000.00,PE,0,IDLE,0.62
7970000.00,PE,0,IDLE,0.62
7971000.00,PE,0,IDLE,0.62
7972000.00,PE,0,IDLE,0.62
7973000.00,PE,0,IDLE,0.62
7974000.00,PE,0,IDLE,0.62
7975000.00,PE,0,IDLE,0.62
7976000.00,PE,0,IDLE,0.62
7977000.00,PE,0,IDLE,0.62
7978000.00,PE,0,IDLE,0.62
7979000.00,PE,0,IDLE,0.62
7980000.00,PE,0,IDLE,0.62
7981000.00,PE,0,IDLE,0.62
7982000.00,PE,0,IDLE,0.62
7983000.00,PE,0,IDLE,0.62
7984000.00,PE,0,IDLE,0.62
7985000.00,PE,0,IDLE,0.62
7986000.00,PE,0,IDLE,0.62
7987000.00,PE,0,IDLE,0.62
7988000.00,PE,0,IDLE,0.62
7989000.00,PE,0,IDLE,0.62
7990000.00,PE,0,IDLE,0.62
7991000.00,PE,0,IDLE,0.62
7992000.00,PE,0,IDLE,0.62
7993000.00,PE,0,IDLE,0.62
7994000.00,PE,0,IDLE,0.62
7995000.00,PE,0,IDLE,0.62
7996000.00,PE,0,IDLE,0.62
7997000.00,PE,0,IDLE,0.62
7998000.00,PE,0,IDLE,0.62
7999000.00,PE,0,IDLE,0.62
8000000.00,PE,0,IDLE,0.62
8001000.00,PE,0,IDLE,0.62
8002000.00,PE,0,IDLE,0.62
8003000.00,PE,0,IDLE,0.62
8004000.00,PE,0,IDLE,0.62
8005000.00,PE,0,IDLE,0.62
8006000.00,PE,0,IDLE,0.62
8007000.00,PE,0,IDLE,0.62
8008000.00,PE,0,IDLE,0.62
8009000.00,PE,0,IDLE,0.62
8010000.00,PE,0,IDLE,0.62
8011000.00,PE,0,IDLE,0.62
8012000.00,PE,0,IDLE,0.62
8013000.00,PE,0,IDLE,0.62
8014000.00,PE,0,IDLE,0.62
8015000.00,PE,0,IDLE,0.62
8016000.00,PE,0,IDLE,0.62
8017000.00,PE,0,IDLE,0.62
8018000.00,PE,0,IDLE,0.62
8019000.00,PE,0,IDLE,0.62
8020000.00,PE,0,IDLE,0.62
8021000.00,PE,0,IDLE,0.62
8022000.00,PE,0,IDLE,0.62
8023000.00,PE,0,IDLE,0.62
8024000.00,PE,0,IDLE,0.62
8025000.00,PE,0,IDLE,0.62
8026000.00,PE,0,IDLE,0.62
8027000.00,PE,0,IDLE,0.62
8028000.00,PE,0,IDLE,0.62
8029000.00,PE,0,IDLE,0.62
8030000.00,PE,0,IDLE,0.62
8031000.00,PE,0,IDLE,0.62
8032000.00,PE,0,IDLE,0.62
8033000.00,PE,0,IDLE,0.62
8034000.00,PE,0,IDLE,0.62
8035000.00,PE,0,IDLE,0.62
8036000.00,PE,0,IDLE,0.62
8037000.00,PE,0,IDLE,0.62
8038000.00,PE,0,IDLE,0.62
8039000.00,PE,0,IDLE,0.62
8040000.00,PE,0,IDLE,0.62
8041000.00,PE,0,IDLE,0.62
8042000.00,PE,0,IDLE,0.62
8043000.00,PE,0,IDLE,0.62
8044000.00,PE,0,IDLE,0.62
8045000.00,PE,0,IDLE,0.62
8046000.00,PE,0,IDLE,0.62
8047000.00,PE,0,IDLE,0.62
8048000.00,PE,0,IDLE,0.62
8049000.00,PE,0,IDLE,0.62
8050000.00,PE,0,IDLE,0.62
8051000.00,PE,0,IDLE,0.62
8052000.00,PE,0,IDLE,0.62
8053000.00,PE,0,IDLE,0.62
8054000.00,PE,0,IDLE,0.62
8055000.00,PE,0,IDLE,0.62
8056000.00,PE,0,IDLE,0.62
8057000.00,PE,0,IDLE,0.62
8058000.00,PE,0,IDLE,0.62
8059000.00,PE,0,IDLE,0.62
8060000.00,PE,0,IDLE,0.62
8061000.00,PE,0,IDLE,0.62
8062000.00,PE,0,IDLE,0.62
8063000.00,PE,0,IDLE,0.62
8064000.00,PE,0,IDLE,0.62
8065000.00,PE,0,IDLE,0.62
8066000.00,PE,0,IDLE,0.62
8067000.00,PE,0,IDLE,0.62
8068000.00,PE,0,IDLE,0.62
8069000.00,PE,0,IDLE,0.62
8070000.00,PE,0,IDLE,0.62
8071000.00,PE,0,IDLE,0.62
8072000.00,PE,0,IDLE,0.62
8073000.00,PE,0,IDLE,0.62
8074000.00,PE,0,IDLE,0.62
8075000.00,PE,0,IDLE,0.62
8076000.00,PE,0,IDLE,0.62
8077000.00,PE,0,IDLE,0.62
8078000.00,PE,0,IDLE,0.62
8079000.00,PE,0,IDLE,0.62
8080000.00,PE,0,IDLE,0.62
8081000.00,PE,0,IDLE,0.62
8082000.00,PE,0,IDLE,0.62
8083000.00,PE,0,IDLE,0.62
8084000.00,PE,0,IDLE,0.62
8085000.00,PE,0,IDLE,0.62
8086000.00,PE,0,IDLE,0.62
8087000.00,PE,0,IDLE,0.62
8088000.00,PE,0,IDLE,0.62
8089000.00,PE,0,IDLE,0.62
8090000.00,PE,0,IDLE,0.62
8091000.00,PE,0,IDLE,0.62
8092000.00,PE,0,IDLE,0.62
8093000.00,PE,0,IDLE,0.62
8094000.00,PE,0,IDLE,0.62
8095000.00,PE,0,IDLE,0.62
8096000.00,PE,0,IDLE,0.62
8097000.00,PE,0,IDLE,0.62
8098000.00,PE,0,IDLE,0.62
8099000.00,PE,0,IDLE,0.62
8100000.00,PE,0,IDLE,0.62
8101000.00,PE,0,IDLE,0.62
8102000.00,PE,0,IDLE,0.62
8103000.00,PE,0,IDLE,0.62
8104000.00,PE,0,IDLE,0.62
8105000.00,PE,0,IDLE,0.62
8106000.00,PE,0,IDLE,0.62
8107000.00,PE,0,IDLE,0.62
8108000.00,PE,0,IDLE,0.62
8109000.00,PE,0,IDLE,0.62
8110000.00,PE,0,IDLE,0.62
8111000.00,PE,0,IDLE,0.62
8112000.00,PE,0,IDLE,0.62
8113000.00,PE,0,IDLE,0.62
8114000.00,PE,0,IDLE,0.62
8115000.00,PE,0,IDLE,0.62
8116000.00,PE,0,IDLE,0.62
8117000.00,PE,0,IDLE,0.62
8118000.00,PE,0,IDLE,0.62
8119000.00,PE,0,IDLE,0.62
8120000.00,PE,0,IDLE,0.62
8121000.00,PE,0,IDLE,0.62
8122000.00,PE,0,IDLE,0.62
8123000.00,PE,0,IDLE,0.62
8124000.00,PE,0,IDLE,0.62
8125000.00,PE,0,IDLE,0.62
8126000.00,PE,0,IDLE,0.62
8127000.00,PE,0,IDLE,0.62
8128000.00,PE,0,IDLE,0.62
8129000.00,PE,0,IDLE,0.62
8130000.00,PE,0,IDLE,0.62
8131000.00,PE,0,IDLE,0.62
8132000.00,PE,0,IDLE,0.62
8133000.00,PE,0,IDLE,0.62
8134000.00,PE,0,IDLE,0.62
8135000.00,PE,0,IDLE,0.62
8136000.00,PE,0,IDLE,0.62
8137000.00,PE,0,IDLE,0.62
8138000.00,PE,0,IDLE,0.62
8139000.00,PE,0,IDLE,0.62
8140000.00,PE,0,IDLE,0.62
8141000.00,PE,0,IDLE,0.62
8142000.00,PE,0,IDLE,0.62
8143000.00,PE,0,IDLE,0.62
8144000.00,PE,0,IDLE,0.62
8145000.00,PE,0,IDLE,0.62
8146000.00,PE,0,IDLE,0.62
8147000.00,PE,0,IDLE,0.62
8148000.00,PE,0,IDLE,0.62
8149000.00,PE,0,IDLE,0.62
8150000.00,PE,0,IDLE,0.62
8151000.00,PE,0,IDLE,0.62
8152000.00,PE,0,IDLE,0.62
8153000.00,PE,0,IDLE,0.62
8154000.00,PE,0,IDLE,0.62
8155000.00,PE,0,IDLE,0.62
8156000.00,PE,0,IDLE,0.62
8157000.00,PE,0,IDLE,0.62
8158000.00,PE,0,IDLE,0.62
8159000.00,PE,0,IDLE,0.62
8160000.00,PE,0,IDLE,0.62
8161000.00,PE,0,IDLE,0.62
8162000.00,PE,0,IDLE,0.62
8163000.00,PE,0,IDLE,0.62
8164000.00,PE,0,IDLE,0.62
8165000.00,PE,0,IDLE,0.62
8166000.00,PE,0,IDLE,0.62
8167000.00,PE,0,IDLE,0.62
8168000.00,PE,0,IDLE,0.62
8169000.00,PE,0,IDLE,0.62
8170000.00,PE,0,IDLE,0.62
8171000.00,PE,0,IDLE,0.62
8172000.00,PE,0,IDLE,0.62
8173000.00,PE,0,IDLE,0.62
8174000.00,PE,0,IDLE,0.62
8175000.00,PE,0,IDLE,0.62
8176000.00,PE,0,IDLE,0.62
8177000.00,PE,0,IDLE,0.62
8178000.00,PE,0,IDLE,0.62
8179000.00,PE,0,IDLE,0.62
8180000.00,PE,0,IDLE,0.62
8181000.00,PE,0,IDLE,0.62
8182000.00,PE,0,IDLE,0.62
8183000.00,PE,0,IDLE,0.62
8184000.00,PE,0,IDLE,0.62
8185000.00,PE,0,IDLE,0.62
8186000.00,PE,0,IDLE,0.62
8187000.00,PE,0,IDLE,0.62
8188000.00,PE,0,IDLE,0.62
8189000.00,PE,0,IDLE,0.62
8190000.00,PE,0,IDLE,0.62
8191000.00,PE,0,IDLE,0.62
8192000.00,PE,0,IDLE,0.62
8193000.00,PE,0,IDLE,0.62
8194000.00,PE,0,IDLE,0.62
8195000.00,PE,0,IDLE,0.62
8196000.00,PE,0,IDLE,0.62
8197000.00,PE,0,IDLE,0.62
8198000.00,PE,0,IDLE,0.62
8199000.00,PE,0,IDLE,0.62
8200000.00,PE,0,IDLE,0.62
8201000.00,PE,0,IDLE,0.62
8202000.00,PE,0,IDLE,0.62
8203000.00,PE,0,IDLE,0.62
8204000.00,PE,0,IDLE,0.62
8205000.00,PE,0,IDLE,0.62
8206000.00,PE,0,IDLE,0.62
8207000.00,PE,0,IDLE,0.62
8208000.00,PE,0,IDLE,0.62
8209000.00,PE,0,IDLE,0.62
8210000.00,PE,0,IDLE,0.62
8211000.00,PE,0,IDLE,0.62
8212000.00,PE,0,IDLE,0.62
8213000.00,PE,0,IDLE,0.62
8214000.00,PE,0,IDLE,0.62
8215000.00,PE,0,IDLE,0.62
8216000.00,PE,0,IDLE,0.62
8217000.00,PE,0,IDLE,0.62
8218000.00,PE,0,IDLE,0.62
8219000.00,PE,0,IDLE,0.62
8220000.00,PE,0,IDLE,0.62
8221000.00,PE,0,IDLE,0.62
8222000.00,PE,0,IDLE,0.62
8223000.00,PE,0,IDLE,0.62
8224000.00,PE,0,IDLE,0.62
8225000.00,PE,0,IDLE,0.62
8226000.00,PE,0,IDLE,0.62
8227000.00,PE,0,IDLE,0.62
8228000.00,PE,0,IDLE,0.62
8229000.00,PE,0,IDLE,0.62
8230000.00,PE,0,IDLE,0.62
8231000.00,PE,0,IDLE,0.62
8232000.00,PE,0,IDLE,0.62
8233000.00,PE,0,IDLE,0.62
8234000.00,PE,0,IDLE,0.62
8235000.00,PE,0,IDLE,0.62
8236000.00,PE,0,IDLE,0.62
8237000.00,PE,0,IDLE,0.62
8238000.00,PE,0,IDLE,0.62
8239000.00,PE,0,IDLE,0.62
8240000.00,PE,0,IDLE,0.62
8241000.00,PE,0,IDLE,0.62
8242000.00,PE,0,IDLE,0.62
8243000.00,PE,0,IDLE,0.62
8244000.00,PE,0,IDLE,0.62
8245000.00,PE,0,IDLE,0.62
8246000.00,PE,0,IDLE,0.62
8247000.00,PE,0,IDLE,0.62
8248000.00,PE,0,IDLE,0.62
8249000.00,PE,0,IDLE,0.62
8250000.00,PE,0,IDLE,0.62
8251000.00,PE,0,IDLE,0.62
8252000.00,PE,0,IDLE,0.62
8253000.00,PE,0,IDLE,0.62
8254000.00,PE,0,IDLE,0.62
8255000.00,PE,0,IDLE,0.62
8256000.00,PE,0,IDLE,0.62
8257000.00,PE,0,IDLE,0.62
8258000.00,PE,0,IDLE,0.62
8259000.00,PE,0,IDLE,0.62
8260000.00,PE,0,IDLE,0.62
8261000.00,PE,0,IDLE,0.62
8262000.00,PE,0,IDLE,0.62
8263000.00,PE,0,IDLE,0.62
8264000.00,PE,0,IDLE,0.62
8265000.00,PE,0,IDLE,0.62
8266000.00,PE,0,IDLE,0.62
8267000.00,PE,0,IDLE,0.62
8268000.00,PE,0,IDLE,0.62
8269000.00,PE,0,IDLE,0.62
8270000.00,PE,0,IDLE,0.62
8271000.00,PE,0,IDLE,0.62
8272000.00,PE,0,IDLE,0.62
8273000.00,PE,0,IDLE,0.62
8274000.00,PE,0,IDLE,0.62
8275000.00,PE,0,IDLE,0.62
8276000.00,PE,0,IDLE,0.62
8277000.00,PE,0,IDLE,0.62
8278000.00,PE,0,IDLE,0.62
8279000.00,PE,0,IDLE,0.62
8280000.00,PE,0,IDLE,0.62
8281000.00,PE,0,IDLE,0.62
8282000.00,PE,0,IDLE,0.62
8283000.00,PE,0,IDLE,0.62
8284000.00,PE,0,IDLE,0.62
8285000.00,PE,0,IDLE,0.62
8286000.00,PE,0,IDLE,0.62
8287000.00,PE,0,IDLE,0.62
8288000.00,PE,0,IDLE,0.62
8289000.00,PE,0,IDLE,0.62
8290000.00,PE,0,IDLE,0.62
8291000.00,PE,0,IDLE,0.62
8292000.00,PE,0,IDLE,0.62
8293000.00,PE,0,IDLE,0.62
8294000.00,PE,0,IDLE,0.62
8295000.00,PE,0,IDLE,0.62
8296000.00,PE,0,IDLE,0.62
8297000.00,PE,0,IDLE,0.62
8298000.00,PE,0,IDLE,0.62
8299000.00,PE,0,IDLE,0.62
8300000.00,PE,0,IDLE,0.62
8301000.00,PE,0,IDLE,0.62
8302000.00,PE,0,IDLE,0.62
8303000.00,PE,0,IDLE,0.62
8304000.00,PE,0,IDLE,0.62
8305000.00,PE,0,IDLE,0.62
8306000.00,PE,0,IDLE,0.62
8307000.00,PE,0,IDLE,0.62
8308000.00,PE,0,IDLE,0.62
8309000.00,PE,0,IDLE,0.62
8310000.00,PE,0,IDLE,0.62
8311000.00,PE,0,IDLE,0.62
8312000.00,PE,0,IDLE,0.62
8313000.00,PE,0,IDLE,0.62
8314000.00,PE,0,IDLE,0.62
8315000.00,PE,0,IDLE,0.62
8316000.00,PE,0,IDLE,0.62
8317000.00,PE,0,IDLE,0.62
8318000.00,PE,0,IDLE,0.62
8319000.00,PE,0,IDLE,0.62
8320000.00,PE,0,IDLE,0.62
8321000.00,PE,0,IDLE,0.62
8322000.00,PE,0,IDLE,0.62
8323000.00,PE,0,IDLE,0.62
8324000.00,PE,0,IDLE,0.62
8325000.00,PE,0,IDLE,0.62
8326000.00,PE,0,IDLE,0.62
8327000.00,PE,0,IDLE,0.62
8328000.00,PE,0,IDLE,0.62
8329000.00,PE,0,IDLE,0.62
8330000.00,PE,0,IDLE,0.62
8331000.00,PE,0,IDLE,0.62
8332000.00,PE,0,IDLE,0.62
8333000.00,PE,0,IDLE,0.62
8334000.00,PE,0,IDLE,0.62
8335000.00,PE,0,IDLE,0.62
8336000.00,PE,0,IDLE,0.62
8337000.00,PE,0,IDLE,0.62
8338000.00,PE,0,IDLE,0.62
8339000.00,PE,0,IDLE,0.62
8340000.00,PE,0,IDLE,0.62
8341000.00,PE,0,IDLE,0.62
8342000.00,PE,0,IDLE,0.62
8343000.00,PE,0,IDLE,0.62
8344000.00,PE,0,IDLE,0.62
8345000.00,PE,0,IDLE,0.62
8346000.00,PE,0,IDLE,0.62
8347000.00,PE,0,IDLE,0.62
8348000.00,PE,0,IDLE,0.62
8349000.00,PE,0,IDLE,0.62
8350000.00,PE,0,IDLE,0.62
8351000.00,PE,0,IDLE,0.62
8352000.00,PE,0,IDLE,0.62
8353000.00,PE,0,IDLE,0.62
8354000.00,PE,0,IDLE,0.62
8355000.00,PE,0,IDLE,0.62
8356000.00,PE,0,IDLE,0.62
8357000.00,PE,0,IDLE,0.62
8358000.00,PE,0,IDLE,0.62
8359000.00,PE,0,IDLE,0.62
8360000.00,PE,0,IDLE,0.62
8361000.00,PE,0,IDLE,0.62
8362000.00,PE,0,IDLE,0.62
8363000.00,PE,0,IDLE,0.62
8364000.00,PE,0,IDLE,0.62
8365000.00,PE,0,IDLE,0.62
8366000.00,PE,0,IDLE,0.62
8367000.00,PE,0,IDLE,0.62
8368000.00,PE,0,IDLE,0.62
8369000.00,PE,0,IDLE,0.62
8370000.00,PE,0,IDLE,0.62
8371000.00,PE,0,IDLE,0.62
8372000.00,PE,0,IDLE,0.62
8373000.00,PE,0,IDLE,0.62
8374000.00,PE,0,IDLE,0.62
8375000.00,PE,0,IDLE,0.62
8376000.00,PE,0,IDLE,0.62
8377000.00,PE,0,IDLE,0.62
8378000.00,PE,0,IDLE,0.62
8379000.00,PE,0,IDLE,0.62
8380000.00,PE,0,IDLE,0.62
8381000.00,PE,0,IDLE,0.62
8382000.00,PE,0,IDLE,0.62
8383000.00,PE,0,IDLE,0.62
8384000.00,PE,0,IDLE,0.62
8385000.00,PE,0,IDLE,0.62
8386000.00,PE,0,IDLE,0.62
8387000.00,PE,0,IDLE,0.62
8388000.00,PE,0,IDLE,0.62
8389000.00,PE,0,IDLE,0.62
8390000.00,PE,0,IDLE,0.62
8391000.00,PE,0,IDLE,0.62
8392000.00,PE,0,IDLE,0.62
8393000.00,PE,0,IDLE,0.62
8394000.00,PE,0,IDLE,0.62
8395000.00,PE,0,IDLE,0.62
8396000.00,PE,0,IDLE,0.62
8397000.00,PE,0,IDLE,0.62
8398000.00,PE,0,IDLE,0.62
8399000.00,PE,0,IDLE,0.62
8400000.00,PE,0,IDLE,0.62
8401000.00,PE,0,IDLE,0.62
8402000.00,PE,0,IDLE,0.62
8403000.00,PE,0,IDLE,0.62
8404000.00,PE,0,IDLE,0.62
8405000.00,PE,0,IDLE,0.62
8406000.00,PE,0,IDLE,0.62
8407000.00,PE,0,IDLE,0.62
8408000.00,PE,0,IDLE,0.62
8409000.00,PE,0,IDLE,0.62
8410000.00,PE,0,IDLE,0.62
8411000.00,PE,0,IDLE,0.62
8412000.00,PE,0,IDLE,0.62
8413000.00,PE,0,IDLE,0.62
8414000.00,PE,0,IDLE,0.62
8415000.00,PE,0,IDLE,0.62
8416000.00,PE,0,IDLE,0.62
8417000.00,PE,0,IDLE,0.62
8418000.00,PE,0,IDLE,0.62
8419000.00,PE,0,IDLE,0.62
8420000.00,PE,0,IDLE,0.62
8421000.00,PE,0,IDLE,0.62
8422000.00,PE,0,IDLE,0.62
8423000.00,PE,0,IDLE,0.62
8424000.00,PE,0,IDLE,0.62
8425000.00,PE,0,IDLE,0.62
8426000.00,PE,0,IDLE,0.62
8427000.00,PE,0,IDLE,0.62
8428000.00,PE,0,IDLE,0.62
8429000.00,PE,0,IDLE,0.62
8430000.00,PE,0,IDLE,0.62
8431000.00,PE,0,IDLE,0.62
8432000.00,PE,0,IDLE,0.62
8433000.00,PE,0,IDLE,0.62
8434000.00,PE,0,IDLE,0.62
8435000.00,PE,0,IDLE,0.62
8436000.00,PE,0,IDLE,0.62
8437000.00,PE,0,IDLE,0.62
8438000.00,PE,0,IDLE,0.62
8439000.00,PE,0,IDLE,0.62
8440000.00,PE,0,IDLE,0.62
8441000.00,PE,0,IDLE,0.62
8442000.00,PE,0,IDLE,0.62
8443000.00,PE,0,IDLE,0.62
8444000.00,PE,0,IDLE,0.62
8445000.00,PE,0,IDLE,0.62
8446000.00,PE,0,IDLE,0.62
8447000.00,PE,0,IDLE,0.62
8448000.00,PE,0,IDLE,0.62
8449000.00,PE,0,IDLE,0.62
8450000.00,PE,0,IDLE,0.62
8451000.00,PE,0,IDLE,0.62
8452000.00,PE,0,IDLE,0.62
8453000.00,PE,0,IDLE,0.62
8454000.00,PE,0,IDLE,0.62
8455000.00,PE,0,IDLE,0.62
8456000.00,PE,0,IDLE,0.62
8457000.00,PE,0,IDLE,0.62
8458000.00,PE,0,IDLE,0.62
8459000.00,PE,0,IDLE,0.62
8460000.00,PE,0,IDLE,0.62
8461000.00,PE,0,IDLE,0.62
8462000.00,PE,0,IDLE,0.62
8463000.00,PE,0,IDLE,0.62
8464000.00,PE,0,IDLE,0.62
8465000.00,PE,0,IDLE,0.62
8466000.00,PE,0,IDLE,0.62
8467000.00,PE,0,IDLE,0.62
8468000.00,PE,0,IDLE,0.62
8469000.00,PE,0,IDLE,0.62
8470000.00,PE,0,IDLE,0.62
8471000.00,PE,0,IDLE,0.62
8472000.00,PE,0,IDLE,0.62
8473000.00,PE,0,IDLE,0.62
8474000.00,PE,0,IDLE,0.62
8475000.00,PE,0,IDLE,0.62
8476000.00,PE,0,IDLE,0.62
8477000.00,PE,0,IDLE,0.62
8478000.00,PE,0,IDLE,0.62
8479000.00,PE,0,IDLE,0.62
8480000.00,PE,0,IDLE,0.62
8481000.00,PE,0,IDLE,0.62
8482000.00,PE,0,IDLE,0.62
8483000.00,PE,0,IDLE,0.62
8484000.00,PE,0,IDLE,0.62
8485000.00,PE,0,IDLE,0.62
8486000.00,PE,0,IDLE,0.62
8487000.00,PE,0,IDLE,0.62
8488000.00,PE,0,IDLE,0.62
8489000.00,PE,0,IDLE,0.62
8490000.00,PE,0,IDLE,0.62
8491000.00,PE,0,IDLE,0.62
8492000.00,PE,0,IDLE,0.62
8493000.00,PE,0,IDLE,0.62
8494000.00,PE,0,IDLE,0.62
8495000.00,PE,0,IDLE,0.62
8496000.00,PE,0,IDLE,0.62
8497000.00,PE,0,IDLE,0.62
8498000.00,PE,0,IDLE,0.62
8499000.00,PE,0,IDLE,0.62
8500000.00,PE,0,IDLE,0.62
8501000.00,PE,0,IDLE,0.62
8502000.00,PE,0,IDLE,0.62
8503000.00,PE,0,IDLE,0.62
8504000.00,PE,0,IDLE,0.62
8505000.00,PE,0,IDLE,0.62
8506000.00,PE,0,IDLE,0.62
8507000.00,PE,0,IDLE,0.62
8508000.00,PE,0,IDLE,0.62
8509000.00,PE,0,IDLE,0.62
8510000.00,PE,0,IDLE,0.62
8511000.00,PE,0,IDLE,0.62
8512000.00,PE,0,IDLE,0.62
8513000.00,PE,0,IDLE,0.62
8514000.00,PE,0,IDLE,0.62
8515000.00,PE,0,IDLE,0.62
8516000.00,PE,0,IDLE,0.62
8517000.00,PE,0,IDLE,0.62
8518000.00,PE,0,IDLE,0.62
8519000.00,PE,0,IDLE,0.62
8520000.00,PE,0,IDLE,0.62
8521000.00,PE,0,IDLE,0.62
8522000.00,PE,0,IDLE,0.62
8523000.00,PE,0,IDLE,0.62
8524000.00,PE,0,IDLE,0.62
8525000.00,PE,0,IDLE,0.62
8526000.00,PE,0,IDLE,0.62
8527000.00,PE,0,IDLE,0.62
8528000.00,PE,0,IDLE,0.62
8529000.00,PE,0,IDLE,0.62
8530000.00,PE,0,IDLE,0.62
8531000.00,PE,0,IDLE,0.62
8532000.00,PE,0,IDLE,0.62
8533000.00,PE,0,IDLE,0.62
8534000.00,PE,0,IDLE,0.62
8535000.00,PE,0,IDLE,0.62
8536000.00,PE,0,IDLE,0.62
8537000.00,PE,0,IDLE,0.62
8538000.00,PE,0,IDLE,0.62
8539000.00,PE,0,IDLE,0.62
8540000.00,PE,0,IDLE,0.62
8541000.00,PE,0,IDLE,0.62
8542000.00,PE,0,IDLE,0.62
8543000.00,PE,0,IDLE,0.62
8544000.00,PE,0,IDLE,0.62
8545000.00,PE,0,IDLE,0.62
8546000.00,PE,0,IDLE,0.62
8547000.00,PE,0,IDLE,0.62
8548000.00,PE,0,IDLE,0.62
8549000.00,PE,0,IDLE,0.62
8550000.00,PE,0,IDLE,0.62
8551000.00,PE,0,IDLE,0.62
8552000.00,PE,0,IDLE,0.62
8553000.00,PE,0,IDLE,0.62
8554000.00,PE,0,IDLE,0.62
8555000.00,PE,0,IDLE,0.62
8556000.00,PE,0,IDLE,0.62
8557000.00,PE,0,IDLE,0.62
8558000.00,PE,0,IDLE,0.62
8559000.00,PE,0,IDLE,0.62
8560000.00,PE,0,IDLE,0.62
8561000.00,PE,0,IDLE,0.62
8562000.00,PE,0,IDLE,0.62
8563000.00,PE,0,IDLE,0.62
8564000.00,PE,0,IDLE,0.62
8565000.00,PE,0,IDLE,0.62
8566000.00,PE,0,IDLE,0.62
8567000.00,PE,0,IDLE,0.62
8568000.00,PE,0,IDLE,0.62
8569000.00,PE,0,IDLE,0.62
8570000.00,PE,0,IDLE,0.62
8571000.00,PE,0,IDLE,0.62
8572000.00,PE,0,IDLE,0.62
8573000.00,PE,0,IDLE,0.62
8574000.00,PE,0,IDLE,0.62
8575000.00,PE,0,IDLE,0.62
8576000.00,PE,0,IDLE,0.62
8577000.00,PE,0,IDLE,0.62
8578000.00,PE,0,IDLE,0.62
8579000.00,PE,0,IDLE,0.62
8580000.00,PE,0,IDLE,0.62
8581000.00,PE,0,IDLE,0.62
8582000.00,PE,0,IDLE,0.62
8583000.00,PE,0,IDLE,0.62
8584000.00,PE,0,IDLE,0.62
8585000.00,PE,0,IDLE,0.62
8586000.00,PE,0,IDLE,0.62
8587000.00,PE,0,IDLE,0.62
8588000.00,PE,0,IDLE,0.62
8589000.00,PE,0,IDLE,0.62
8590000.00,PE,0,IDLE,0.62
8591000.00,PE,0,IDLE,0.62
8592000.00,PE,0,IDLE,0.62
8593000.00,PE,0,IDLE,0.62
8594000.00,PE,0,IDLE,0.62
8595000.00,PE,0,IDLE,0.62
8596000.00,PE,0,IDLE,0.62
8597000.00,PE,0,IDLE,0.62
8598000.00,PE,0,IDLE,0.62
8599000.00,PE,0,IDLE,0.62
8600000.00,PE,0,IDLE,0.62
8601000.00,PE,0,IDLE,0.62
8602000.00,PE,0,IDLE,0.62
8603000.00,PE,0,IDLE,0.62
8604000.00,PE,0,IDLE,0.62
8605000.00,PE,0,IDLE,0.62
8606000.00,PE,0,IDLE,0.62
8607000.00,PE,0,IDLE,0.62
8608000.00,PE,0,IDLE,0.62
8609000.00,PE,0,IDLE,0.62
8610000.00,PE,0,IDLE,0.62
8611000.00,PE,0,IDLE,0.62
8612000.00,PE,0,IDLE,0.62
8613000.00,PE,0,IDLE,0.62
8614000.00,PE,0,IDLE,0.62
8615000.00,PE,0,IDLE,0.62
8616000.00,PE,0,IDLE,0.62
8617000.00,PE,0,IDLE,0.62
8618000.00,PE,0,IDLE,0.62
8619000.00,PE,0,IDLE,0.62
8620000.00,PE,0,IDLE,0.62
8621000.00,PE,0,IDLE,0.62
8622000.00,PE,0,IDLE,0.62
8623000.00,PE,0,IDLE,0.62
8624000.00,PE,0,IDLE,0.62
8625000.00,PE,0,IDLE,0.62
8626000.00,PE,0,IDLE,0.62
8627000.00,PE,0,IDLE,0.62
8628000.00,PE,0,IDLE,0.62
8629000.00,PE,0,IDLE,0.62
8630000.00,PE,0,IDLE,0.62
8631000.00,PE,0,IDLE,0.62
8632000.00,PE,0,IDLE,0.62
8633000.00,PE,0,IDLE,0.62
8634000.00,PE,0,IDLE,0.62
8635000.00,PE,0,IDLE,0.62
8636000.00,PE,0,IDLE,0.62
8637000.00,PE,0,IDLE,0.62
8638000.00,PE,0,IDLE,0.62
8639000.00,PE,0,IDLE,0.62
8640000.00,PE,0,IDLE,0.62
8641000.00,PE,0,IDLE,0.62
8642000.00,PE,0,IDLE,0.62
8643000.00,PE,0,IDLE,0.62
8644000.00,PE,0,IDLE,0.62
8645000.00,PE,0,IDLE,0.62
8646000.00,PE,0,IDLE,0.62
8647000.00,PE,0,IDLE,0.62
8648000.00,PE,0,IDLE,0.62
8649000.00,PE,0,IDLE,0.62
8650000.00,PE,0,IDLE,0.62
8651000.00,PE,0,IDLE,0.62
8652000.00,PE,0,IDLE,0.62
8653000.00,PE,0,IDLE,0.62
8654000.00,PE,0,IDLE,0.62
8655000.00,PE,0,IDLE,0.62
8656000.00,PE,0,IDLE,0.62
8657000.00,PE,0,IDLE,0.62
8658000.00,PE,0,IDLE,0.62
8659000.00,PE,0,IDLE,0.62
8660000.00,PE,0,IDLE,0.62
8661000.00,PE,0,IDLE,0.62
8662000.00,PE,0,IDLE,0.62
8663000.00,PE,0,IDLE,0.62
8664000.00,PE,0,IDLE,0.62
8665000.00,PE,0,IDLE,0.62
8666000.00,PE,0,IDLE,0.62
8667000.00,PE,0,IDLE,0.62
8668000.00,PE,0,IDLE,0.62
8669000.00,PE,0,IDLE,0.62
8670000.00,PE,0,IDLE,0.62
8671000.00,PE,0,IDLE,0.62
8672000.00,PE,0,IDLE,0.62
8673000.00,PE,0,IDLE,0.62
8674000.00,PE,0,IDLE,0.62
8675000.00,PE,0,IDLE,0.62
8676000.00,PE,0,IDLE,0.62
8677000.00,PE,0,IDLE,0.62
8678000.00,PE,0,IDLE,0.62
8679000.00,PE,0,IDLE,0.62
8680000.00,PE,0,IDLE,0.62
8681000.00,PE,0,IDLE,0.62
8682000.00,PE,0,IDLE,0.62
8683000.00,PE,0,IDLE,0.62
8684000.00,PE,0,IDLE,0.62
8685000.00,PE,0,IDLE,0.62
8686000.00,PE,0,IDLE,0.62
8687000.00,PE,0,IDLE,0.62
8688000.00,PE,0,IDLE,0.62
8689000.00,PE,0,IDLE,0.62
8690000.00,PE,0,IDLE,0.62
8691000.00,PE,0,IDLE,0.62
8692000.00,PE,0,IDLE,0.62
8693000.00,PE,0,IDLE,0.62
8694000.00,PE,0,IDLE,0.62
8695000.00,PE,0,IDLE,0.62
8696000.00,PE,0,IDLE,0.62
8697000.00,PE,0,IDLE,0.62
8698000.00,PE,0,IDLE,0.62
8699000.00,PE,0,IDLE,0.62
8700000.00,PE,0,IDLE,0.62
8701000.00,PE,0,IDLE,0.62
8702000.00,PE,0,IDLE,0.62
8703000.00,PE,0,IDLE,0.62
8704000.00,PE,0,IDLE,0.62
8705000.00,PE,0,IDLE,0.62
8706000.00,PE,0,IDLE,0.62
8707000.00,PE,0,IDLE,0.62
8708000.00,PE,0,IDLE,0.62
8709000.00,PE,0,IDLE,0.62
8710000.00,PE,0,IDLE,0.62
8711000.00,PE,0,IDLE,0.62
8712000.00,PE,0,IDLE,0.62
8713000.00,PE,0,IDLE,0.62
8714000.00,PE,0,IDLE,0.62
8715000.00,PE,0,IDLE,0.62
8716000.00,PE,0,IDLE,0.62
8717000.00,PE,0,IDLE,0.62
8718000.00,PE,0,IDLE,0.62
8719000.00,PE,0,IDLE,0.62
8720000.00,PE,0,IDLE,0.62
8721000.00,PE,0,IDLE,0.62
8722000.00,PE,0,IDLE,0.62
8723000.00,PE,0,IDLE,0.62
8724000.00,PE,0,IDLE,0.62
8725000.00,PE,0,IDLE,0.62
8726000.00,PE,0,IDLE,0.62
8727000.00,PE,0,IDLE,0.62
8728000.00,PE,0,IDLE,0.62
8729000.00,PE,0,IDLE,0.62
8730000.00,PE,0,IDLE,0.62
8731000.00,PE,0,IDLE,0.62
8732000.00,PE,0,IDLE,0.62
8733000.00,PE,0,IDLE,0.62
8734000.00,PE,0,IDLE,0.62
8735000.00,PE,0,IDLE,0.62
8736000.00,PE,0,IDLE,0.62
8737000.00,PE,0,IDLE,0.62
8738000.00,PE,0,IDLE,0.62
8739000.00,PE,0,IDLE,0.62
8740000.00,PE,0,IDLE,0.62
8741000.00,PE,0,IDLE,0.62
8742000.00,PE,0,IDLE,0.62
8743000.00,PE,0,IDLE,0.62
8744000.00,PE,0,IDLE,0.62
8745000.00,PE,0,IDLE,0.62
8746000.00,PE,0,IDLE,0.62
8747000.00,PE,0,IDLE,0.62
8748000.00,PE,0,IDLE,0.62
8749000.00,PE,0,IDLE,0.62
8750000.00,PE,0,IDLE,0.62
8751000.00,PE,0,IDLE,0.62
8752000.00,PE,0,IDLE,0.62
8753000.00,PE,0,IDLE,0.62
8754000.00,PE,0,IDLE,0.62
8755000.00,PE,0,IDLE,0.62
8756000.00,PE,0,IDLE,0.62
8757000.00,PE,0,IDLE,0.62
8758000.00,PE,0,IDLE,0.62
8759000.00,PE,0,IDLE,0.62
8760000.00,PE,0,IDLE,0.62
8761000.00,PE,0,IDLE,0.62
8762000.00,PE,0,IDLE,0.62
8763000.00,PE,0,IDLE,0.62
8764000.00,PE,0,IDLE,0.62
8765000.00,PE,0,IDLE,0.62
8766000.00,PE,0,IDLE,0.62
8767000.00,PE,0,IDLE,0.62
8768000.00,PE,0,IDLE,0.62
8769000.00,PE,0,IDLE,0.62
8770000.00,PE,0,IDLE,0.62
8771000.00,PE,0,IDLE,0.62
8772000.00,PE,0,IDLE,0.62
8773000.00,PE,0,IDLE,0.62
8774000.00,PE,0,IDLE,0.62
8775000.00,PE,0,IDLE,0.62
8776000.00,PE,0,IDLE,0.62
8777000.00,PE,0,IDLE,0.62
8778000.00,PE,0,IDLE,0.62
8779000.00,PE,0,IDLE,0.62
8780000.00,PE,0,IDLE,0.62
8781000.00,PE,0,IDLE,0.62
8782000.00,PE,0,IDLE,0.62
8783000.00,PE,0,IDLE,0.62
8784000.00,PE,0,IDLE,0.62
8785000.00,PE,0,IDLE,0.62
8786000.00,PE,0,IDLE,0.62
8787000.00,PE,0,IDLE,0.62
8788000.00,PE,0,IDLE,0.62
8789000.00,PE,0,IDLE,0.62
8790000.00,PE,0,IDLE,0.62
8791000.00,PE,0,IDLE,0.62
8792000.00,PE,0,IDLE,0.62
8793000.00,PE,0,IDLE,0.62
8794000.00,PE,0,IDLE,0.62
8795000.00,PE,0,IDLE,0.62
8796000.00,PE,0,IDLE,0.62
8797000.00,PE,0,IDLE,0.62
8798000.00,PE,0,IDLE,0.62
8799000.00,PE,0,IDLE,0.62
8800000.00,PE,0,IDLE,0.62
8801000.00,PE,0,IDLE,0.62
8802000.00,PE,0,IDLE,0.62
8803000.00,PE,0,IDLE,0.62
8804000.00,PE,0,IDLE,0.62
8805000.00,PE,0,IDLE,0.62
8806000.00,PE,0,IDLE,0.62
8807000.00,PE,0,IDLE,0.62
8808000.00,PE,0,IDLE,0.62
8809000.00,PE,0,IDLE,0.62
8810000.00,PE,0,IDLE,0.62
8811000.00,PE,0,IDLE,0.62
8812000.00,PE,0,IDLE,0.62
8813000.00,PE,0,IDLE,0.62
8814000.00,PE,0,IDLE,0.62
8815000.00,PE,0,IDLE,0.62
8816000.00,PE,0,IDLE,0.62
8817000.00,PE,0,IDLE,0.62
8818000.00,PE,0,IDLE,0.62
8819000.00,PE,0,IDLE,0.62
8820000.00,PE,0,IDLE,0.62
8821000.00,PE,0,IDLE,0.62
8822000.00,PE,0,IDLE,0.62
8823000.00,PE,0,IDLE,0.62
8824000.00,PE,0,IDLE,0.62
8825000.00,PE,0,IDLE,0.62
8826000.00,PE,0,IDLE,0.62
8827000.00,PE,0,IDLE,0.62
8828000.00,PE,0,IDLE,0.62
8829000.00,PE,0,IDLE,0.62
8830000.00,PE,0,IDLE,0.62
8831000.00,PE,0,IDLE,0.62
8832000.00,PE,0,IDLE,0.62
8833000.00,PE,0,IDLE,0.62
8834000.00,PE,0,IDLE,0.62
8835000.00,PE,0,IDLE,0.62
8836000.00,PE,0,IDLE,0.62
8837000.00,PE,0,IDLE,0.62
8838000.00,PE,0,IDLE,0.62
8839000.00,PE,0,IDLE,0.62
8840000.00,PE,0,IDLE,0.62
8841000.00,PE,0,IDLE,0.62
8842000.00,PE,0,IDLE,0.62
8843000.00,PE,0,IDLE,0.62
8844000.00,PE,0,IDLE,0.62
8845000.00,PE,0,IDLE,0.62
8846000.00,PE,0,IDLE,0.62
8847000.00,PE,0,IDLE,0.62
8848000.00,PE,0,IDLE,0.62
8849000.00,PE,0,IDLE,0.62
8850000.00,PE,0,IDLE,0.62
8851000.00,PE,0,IDLE,0.62
8852000.00,PE,0,IDLE,0.62
8853000.00,PE,0,IDLE,0.62
8854000.00,PE,0,IDLE,0.62
8855000.00,PE,0,IDLE,0.62
8856000.00,PE,0,IDLE,0.62
8857000.00,PE,0,IDLE,0.62
8858000.00,PE,0,IDLE,0.62
8859000.00,PE,0,IDLE,0.62
8860000.00,PE,0,IDLE,0.62
8861000.00,PE,0,IDLE,0.62
8862000.00,PE,0,IDLE,0.62
8863000.00,PE,0,IDLE,0.62
8864000.00,PE,0,IDLE,0.62
8865000.00,PE,0,IDLE,0.62
8866000.00,PE,0,IDLE,0.62
8867000.00,PE,0,IDLE,0.62
8868000.00,PE,0,IDLE,0.62
8869000.00,PE,0,IDLE,0.62
8870000.00,PE,0,IDLE,0.62
8871000.00,PE,0,IDLE,0.62
8872000.00,PE,0,IDLE,0.62
8873000.00,PE,0,IDLE,0.62
8874000.00,PE,0,IDLE,0.62
8875000.00,PE,0,IDLE,0.62
8876000.00,PE,0,IDLE,0.62
8877000.00,PE,0,IDLE,0.62
8878000.00,PE,0,IDLE,0.62
8879000.00,PE,0,IDLE,0.62
8880000.00,PE,0,IDLE,0.62
8881000.00,PE,0,IDLE,0.62
8882000.00,PE,0,IDLE,0.62
8883000.00,PE,0,IDLE,0.62
8884000.00,PE,0,IDLE,0.62
8885000.00,PE,0,IDLE,0.62
8886000.00,PE,0,IDLE,0.62
8887000.00,PE,0,IDLE,0.62
8888000.00,PE,0,IDLE,0.62
8889000.00,PE,0,IDLE,0.62
8890000.00,PE,0,IDLE,0.62
8891000.00,PE,0,IDLE,0.62
8892000.00,PE,0,IDLE,0.62
8893000.00,PE,0,IDLE,0.62
8894000.00,PE,0,IDLE,0.62
8895000.00,PE,0,IDLE,0.62
8896000.00,PE,0,IDLE,0.62
8897000.00,PE,0,IDLE,0.62
8898000.00,PE,0,IDLE,0.62
8899000.00,PE,0,IDLE,0.62
8900000.00,PE,0,IDLE,0.62
8901000.00,PE,0,IDLE,0.62
8902000.00,PE,0,IDLE,0.62
8903000.00,PE,0,IDLE,0.62
8904000.00,PE,0,IDLE,0.62
8905000.00,PE,0,IDLE,0.62
8906000.00,PE,0,IDLE,0.62
8907000.00,PE,0,IDLE,0.62
8908000.00,PE,0,IDLE,0.62
8909000.00,PE,0,IDLE,0.62
8910000.00,PE,0,IDLE,0.62
8911000.00,PE,0,IDLE,0.62
8912000.00,PE,0,IDLE,0.62
8913000.00,PE,0,IDLE,0.62
8914000.00,PE,0,IDLE,0.62
8915000.00,PE,0,IDLE,0.62
8916000.00,PE,0,IDLE,0.62
8917000.00,PE,0,IDLE,0.62
8918000.00,PE,0,IDLE,0.62
8919000.00,PE,0,IDLE,0.62
8920000.00,PE,0,IDLE,0.62
8921000.00,PE,0,IDLE,0.62
8922000.00,PE,0,IDLE,0.62
8923000.00,PE,0,IDLE,0.62
8924000.00,PE,0,IDLE,0.62
8925000.00,PE,0,IDLE,0.62
8926000.00,PE,0,IDLE,0.62
8927000.00,PE,0,IDLE,0.62
8928000.00,PE,0,IDLE,0.62
8929000.00,PE,0,IDLE,0.62
8930000.00,PE,0,IDLE,0.62
8931000.00,PE,0,IDLE,0.62
8932000.00,PE,0,IDLE,0.62
8933000.00,PE,0,IDLE,0.62
8934000.00,PE,0,IDLE,0.62
8935000.00,PE,0,IDLE,0.62
8936000.00,PE,0,IDLE,0.62
8937000.00,PE,0,IDLE,0.62
8938000.00,PE,0,IDLE,0.62
8939000.00,PE,0,IDLE,0.62
8940000.00,PE,0,IDLE,0.62
8941000.00,PE,0,IDLE,0.62
8942000.00,PE,0,IDLE,0.62
8943000.00,PE,0,IDLE,0.62
8944000.00,PE,0,IDLE,0.62
8945000.00,PE,0,IDLE,0.62
8946000.00,PE,0,IDLE,0.62
8947000.00,PE,0,IDLE,0.62
8948000.00,PE,0,IDLE,0.62
8949000.00,PE,0,IDLE,0.62
8950000.00,PE,0,IDLE,0.62
8951000.00,PE,0,IDLE,0.62
8952000.00,PE,0,IDLE,0.62
8953000.00,PE,0,IDLE,0.62
8954000.00,PE,0,IDLE,0.62
8955000.00,PE,0,IDLE,0.62
8956000.00,PE,0,IDLE,0.62
8957000.00,PE,0,IDLE,0.62
8958000.00,PE,0,IDLE,0.62
8959000.00,PE,0,IDLE,0.62
8960000.00,PE,0,IDLE,0.62
8961000.00,PE,0,IDLE,0.62
8962000.00,PE,0,IDLE,0.62
8963000.00,PE,0,IDLE,0.62
8964000.00,PE,0,IDLE,0.62
8965000.00,PE,0,IDLE,0.62
8966000.00,PE,0,IDLE,0.62
8967000.00,PE,0,IDLE,0.62
8968000.00,PE,0,IDLE,0.62
8969000.00,PE,0,IDLE,0.62
8970000.00,PE,0,IDLE,0.62
8971000.00,PE,0,IDLE,0.62
8972000.00,PE,0,IDLE,0.62
8973000.00,PE,0,IDLE,0.62
8974000.00,PE,0,IDLE,0.62
8975000.00,PE,0,IDLE,0.62
8976000.00,PE,0,IDLE,0.62
8977000.00,PE,0,IDLE,0.62
8978000.00,PE,0,IDLE,0.62
8979000.00,PE,0,IDLE,0.62
8980000.00,PE,0,IDLE,0.62
8981000.00,PE,0,IDLE,0.62
8982000.00,PE,0,IDLE,0.62
8983000.00,PE,0,IDLE,0.62
8984000.00,PE,0,IDLE,0.62
8985000.00,PE,0,IDLE,0.62
8986000.00,PE,0,IDLE,0.62
8987000.00,PE,0,IDLE,0.62
8988000.00,PE,0,IDLE,0.62
8989000.00,PE,0,IDLE,0.62
8990000.00,PE,0,IDLE,0.62
8991000.00,PE,0,IDLE,0.62
8992000.00,PE,0,IDLE,0.62
8993000.00,PE,0,IDLE,0.62
8994000.00,PE,0,IDLE,0.62
8995000.00,PE,0,IDLE,0.62
8996000.00,PE,0,IDLE,0.62
8997000.00,PE,0,IDLE,0.62
8998000.00,PE,0,IDLE,0.62
8999000.00,PE,0,IDLE,0.62
9000000.00,PE,0,IDLE,0.62
9001000.00,PE,0,IDLE,0.62
9002000.00,PE,0,IDLE,0.62
9003000.00,PE,0,IDLE,0.62
9004000.00,PE,0,IDLE,0.62
9005000.00,PE,0,IDLE,0.62
9006000.00,PE,0,IDLE,0.62
9007000.00,PE,0,IDLE,0.62
9008000.00,PE,0,IDLE,0.62
9009000.00,PE,0,IDLE,0.62
9010000.00,PE,0,IDLE,0.62
9011000.00,PE,0,IDLE,0.62
9012000.00,PE,0,IDLE,0.62
9013000.00,PE,0,IDLE,0.62
9014000.00,PE,0,IDLE,0.62
9015000.00,PE,0,IDLE,0.62
9016000.00,PE,0,IDLE,0.62
9017000.00,PE,0,IDLE,0.62
9018000.00,PE,0,IDLE,0.62
9019000.00,PE,0,IDLE,0.62
9020000.00,PE,0,IDLE,0.62
9021000.00,PE,0,IDLE,0.62
9022000.00,PE,0,IDLE,0.62
9023000.00,PE,0,IDLE,0.62
9024000.00,PE,0,IDLE,0.62
9025000.00,PE,0,IDLE,0.62
9026000.00,PE,0,IDLE,0.62
9027000.00,PE,0,IDLE,0.62
9028000.00,PE,0,IDLE,0.62
9029000.00,PE,0,IDLE,0.62
9030000.00,PE,0,IDLE,0.62
9031000.00,PE,0,IDLE,0.62
9032000.00,PE,0,IDLE,0.62
9033000.00,PE,0,IDLE,0.62
9034000.00,PE,0,IDLE,0.62
9035000.00,PE,0,IDLE,0.62
9036000.00,PE,0,IDLE,0.62
9037000.00,PE,0,IDLE,0.62
9038000.00,PE,0,IDLE,0.62
9039000.00,PE,0,IDLE,0.62
9040000.00,PE,0,IDLE,0.62
9041000.00,PE,0,IDLE,0.62
9042000.00,PE,0,IDLE,0.62
9043000.00,PE,0,IDLE,0.62
9044000.00,PE,0,IDLE,0.62
9045000.00,PE,0,IDLE,0.62
9046000.00,PE,0,IDLE,0.62
9047000.00,PE,0,IDLE,0.62
9048000.00,PE,0,IDLE,0.62
9049000.00,PE,0,IDLE,0.62
9050000.00,PE,0,IDLE,0.62
9051000.00,PE,0,IDLE,0.62
9052000.00,PE,0,IDLE,0.62
9053000.00,PE,0,IDLE,0.62
9054000.00,PE,0,IDLE,0.62
9055000.00,PE,0,IDLE,0.62
9056000.00,PE,0,IDLE,0.62
9057000.00,PE,0,IDLE,0.62
9058000.00,PE,0,IDLE,0.62
9059000.00,PE,0,IDLE,0.62
9060000.00,PE,0,IDLE,0.62
9061000.00,PE,0,IDLE,0.62
9062000.00,PE,0,IDLE,0.62
9063000.00,PE,0,IDLE,0.62
9064000.00,PE,0,IDLE,0.62
9065000.00,PE,0,IDLE,0.62
9066000.00,PE,0,IDLE,0.62
9067000.00,PE,0,IDLE,0.62
9068000.00,PE,0,IDLE,0.62
9069000.00,PE,0,IDLE,0.62
9070000.00,PE,0,IDLE,0.62
9071000.00,PE,0,IDLE,0.62
9072000.00,PE,0,IDLE,0.62
9073000.00,PE,0,IDLE,0.62
9074000.00,PE,0,IDLE,0.62
9075000.00,PE,0,IDLE,0.62
9076000.00,PE,0,IDLE,0.62
9077000.00,PE,0,IDLE,0.62
9078000.00,PE,0,IDLE,0.62
9079000.00,PE,0,IDLE,0.62
9080000.00,PE,0,IDLE,0.62
9081000.00,PE,0,IDLE,0.62
9082000.00,PE,0,IDLE,0.62
9083000.00,PE,0,IDLE,0.62
9084000.00,PE,0,IDLE,0.62
9085000.00,PE,0,IDLE,0.62
9086000.00,PE,0,IDLE,0.62
9087000.00,PE,0,IDLE,0.62
9088000.00,PE,0,IDLE,0.62
9089000.00,PE,0,IDLE,0.62
9090000.00,PE,0,IDLE,0.62
9091000.00,PE,0,IDLE,0.62
9092000.00,PE,0,IDLE,0.62
9093000.00,PE,0,IDLE,0.62
9094000.00,PE,0,IDLE,0.62
9095000.00,PE,0,IDLE,0.62
9096000.00,PE,0,IDLE,0.62
9097000.00,PE,0,IDLE,0.62
9098000.00,PE,0,IDLE,0.62
9099000.00,PE,0,IDLE,0.62
9100000.00,PE,0,IDLE,0.62
9101000.00,PE,0,IDLE,0.62
9102000.00,PE,0,IDLE,0.62
9103000.00,PE,0,IDLE,0.62
9104000.00,PE,0,IDLE,0.62
9105000.00,PE,0,IDLE,0.62
9106000.00,PE,0,IDLE,0.62
9107000.00,PE,0,IDLE,0.62
9108000.00,PE,0,IDLE,0.62
9109000.00,PE,0,IDLE,0.62
9110000.00,PE,0,IDLE,0.62
9111000.00,PE,0,IDLE,0.62
9112000.00,PE,0,IDLE,0.62
9113000.00,PE,0,IDLE,0.62
9114000.00,PE,0,IDLE,0.62
9115000.00,PE,0,IDLE,0.62
9116000.00,PE,0,IDLE,0.62
9117000.00,PE,0,IDLE,0.62
9118000.00,PE,0,IDLE,0.62
9119000.00,PE,0,IDLE,0.62
9120000.00,PE,0,IDLE,0.62
9121000.00,PE,0,IDLE,0.62
9122000.00,PE,0,IDLE,0.62
9123000.00,PE,0,IDLE,0.62
9124000.00,PE,0,IDLE,0.62
9125000.00,PE,0,IDLE,0.62
9126000.00,PE,0,IDLE,0.62
9127000.00,PE,0,IDLE,0.62
9128000.00,PE,0,IDLE,0.62
9129000.00,PE,0,IDLE,0.62
9130000.00,PE,0,IDLE,0.62
9131000.00,PE,0,IDLE,0.62
9132000.00,PE,0,IDLE,0.62
9133000.00,PE,0,IDLE,0.62
9134000.00,PE,0,IDLE,0.62
9135000.00,PE,0,IDLE,0.62
9136000.00,PE,0,IDLE,0.62
9137000.00,PE,0,IDLE,0.62
9138000.00,PE,0,IDLE,0.62
9139000.00,PE,0,IDLE,0.62
9140000.00,PE,0,IDLE,0.62
9141000.00,PE,0,IDLE,0.62
9142000.00,PE,0,IDLE,0.62
9143000.00,PE,0,IDLE,0.62
9144000.00,PE,0,IDLE,0.62
9145000.00,PE,0,IDLE,0.62
9146000.00,PE,0,IDLE,0.62
9147000.00,PE,0,IDLE,0.62
9148000.00,PE,0,IDLE,0.62
9149000.00,PE,0,IDLE,0.62
9150000.00,PE,0,IDLE,0.62
9151000.00,PE,0,IDLE,0.62
9152000.00,PE,0,IDLE,0.62
9153000.00,PE,0,IDLE,0.62
9154000.00,PE,0,IDLE,0.62
9155000.00,PE,0,IDLE,0.62
9156000.00,PE,0,IDLE,0.62
9157000.00,PE,0,IDLE,0.62
9158000.00,PE,0,IDLE,0.62
9159000.00,PE,0,IDLE,0.62
9160000.00,PE,0,IDLE,0.62
9161000.00,PE,0,IDLE,0.62
9162000.00,PE,0,IDLE,0.62
9163000.00,PE,0,IDLE,0.62
9164000.00,PE,0,IDLE,0.62
9165000.00,PE,0,IDLE,0.62
9166000.00,PE,0,IDLE,0.62
9167000.00,PE,0,IDLE,0.62
9168000.00,PE,0,IDLE,0.62
9169000.00,PE,0,IDLE,0.62
9170000.00,PE,0,IDLE,0.62
9171000.00,PE,0,IDLE,0.62
9172000.00,PE,0,IDLE,0.62
9173000.00,PE,0,IDLE,0.62
9174000.00,PE,0,IDLE,0.62
9175000.00,PE,0,IDLE,0.62
9176000.00,PE,0,IDLE,0.62
9177000.00,PE,0,IDLE,0.62
9178000.00,PE,0,IDLE,0.62
9179000.00,PE,0,IDLE,0.62
9180000.00,PE,0,IDLE,0.62
9181000.00,PE,0,IDLE,0.62
9182000.00,PE,0,IDLE,0.62
9183000.00,PE,0,IDLE,0.62
9184000.00,PE,0,IDLE,0.62
9185000.00,PE,0,IDLE,0.62
9186000.00,PE,0,IDLE,0.62
9187000.00,PE,0,IDLE,0.62
9188000.00,PE,0,IDLE,0.62
9189000.00,PE,0,IDLE,0.62
9190000.00,PE,0,IDLE,0.62
9191000.00,PE,0,IDLE,0.62
9192000.00,PE,0,IDLE,0.62
9193000.00,PE,0,IDLE,0.62
9194000.00,PE,0,IDLE,0.62
9195000.00,PE,0,IDLE,0.62
9196000.00,PE,0,IDLE,0.62
9197000.00,PE,0,IDLE,0.62
9198000.00,PE,0,IDLE,0.62
9199000.00,PE,0,IDLE,0.62
9200000.00,PE,0,IDLE,0.62
9201000.00,PE,0,IDLE,0.62
9202000.00,PE,0,IDLE,0.62
9203000.00,PE,0,IDLE,0.62
9204000.00,PE,0,IDLE,0.62
9205000.00,PE,0,IDLE,0.62
9206000.00,PE,0,IDLE,0.62
9207000.00,PE,0,IDLE,0.62
9208000.00,PE,0,IDLE,0.62
9209000.00,PE,0,IDLE,0.62
9210000.00,PE,0,IDLE,0.62
9211000.00,PE,0,IDLE,0.62
9212000.00,PE,0,IDLE,0.62
9213000.00,PE,0,IDLE,0.62
9214000.00,PE,0,IDLE,0.62
9215000.00,PE,0,IDLE,0.62
9216000.00,PE,0,IDLE,0.62
9217000.00,PE,0,IDLE,0.62
9218000.00,PE,0,IDLE,0.62
9219000.00,PE,0,IDLE,0.62
9220000.00,PE,0,IDLE,0.62
9221000.00,PE,0,IDLE,0.62
9222000.00,PE,0,IDLE,0.62
9223000.00,PE,0,IDLE,0.62
9224000.00,PE,0,IDLE,0.62
9225000.00,PE,0,IDLE,0.62
9226000.00,PE,0,IDLE,0.62
9227000.00,PE,0,IDLE,0.62
9228000.00,PE,0,IDLE,0.62
9229000.00,PE,0,IDLE,0.62
9230000.00,PE,0,IDLE,0.62
9231000.00,PE,0,IDLE,0.62
9232000.00,PE,0,IDLE,0.62
9233000.00,PE,0,IDLE,0.62
9234000.00,PE,0,IDLE,0.62
9235000.00,PE,0,IDLE,0.62
9236000.00,PE,0,IDLE,0.62
9237000.00,PE,0,IDLE,0.62
9238000.00,PE,0,IDLE,0.62
9239000.00,PE,0,IDLE,0.62
9240000.00,PE,0,IDLE,0.62
9241000.00,PE,0,IDLE,0.62
9242000.00,PE,0,IDLE,0.62
9243000.00,PE,0,IDLE,0.62
9244000.00,PE,0,IDLE,0.62
9245000.00,PE,0,IDLE,0.62
9246000.00,PE,0,IDLE,0.62
9247000.00,PE,0,IDLE,0.62
9248000.00,PE,0,IDLE,0.62
9249000.00,PE,0,IDLE,0.62
9250000.00,PE,0,IDLE,0.62
9251000.00,PE,0,IDLE,0.62
9252000.00,PE,0,IDLE,0.62
9253000.00,PE,0,IDLE,0.62
9254000.00,PE,0,IDLE,0.62
9255000.00,PE,0,IDLE,0.62
9256000.00,PE,0,IDLE,0.62
9257000.00,PE,0,IDLE,0.62
9258000.00,PE,0,IDLE,0.62
9259000.00,PE,0,IDLE,0.62
9260000.00,PE,0,IDLE,0.62
9261000.00,PE,0,IDLE,0.62
9262000.00,PE,0,IDLE,0.62
9263000.00,PE,0,IDLE,0.62
9264000.00,PE,0,IDLE,0.62
9265000.00,PE,0,IDLE,0.62
9266000.00,PE,0,IDLE,0.62
9267000.00,PE,0,IDLE,0.62
9268000.00,PE,0,IDLE,0.62
9269000.00,PE,0,IDLE,0.62
9270000.00,PE,0,IDLE,0.62
9271000.00,PE,0,IDLE,0.62
9272000.00,PE,0,IDLE,0.62
9273000.00,PE,0,IDLE,0.62
9274000.00,PE,0,IDLE,0.62
9275000.00,PE,0,IDLE,0.62
9276000.00,PE,0,IDLE,0.62
9277000.00,PE,0,IDLE,0.62
9278000.00,PE,0,IDLE,0.62
9279000.00,PE,0,IDLE,0.62
9280000.00,PE,0,IDLE,0.62
9281000.00,PE,0,IDLE,0.62
9282000.00,PE,0,IDLE,0.62
9283000.00,PE,0,IDLE,0.62
9284000.00,PE,0,IDLE,0.62
9285000.00,PE,0,IDLE,0.62
9286000.00,PE,0,IDLE,0.62
9287000.00,PE,0,IDLE,0.62
9288000.00,PE,0,IDLE,0.62
9289000.00,PE,0,IDLE,0.62
9290000.00,PE,0,IDLE,0.62
9291000.00,PE,0,IDLE,0.62
9292000.00,PE,0,IDLE,0.62
9293000.00,PE,0,IDLE,0.62
9294000.00,PE,0,IDLE,0.62
9295000.00,PE,0,IDLE,0.62
9296000.00,PE,0,IDLE,0.62
9297000.00,PE,0,IDLE,0.62
9298000.00,PE,0,IDLE,0.62
9299000.00,PE,0,IDLE,0.62
9300000.00,PE,0,IDLE,0.62
9301000.00,PE,0,IDLE,0.62
9302000.00,PE,0,IDLE,0.62
9303000.00,PE,0,IDLE,0.62
9304000.00,PE,0,IDLE,0.62
9305000.00,PE,0,IDLE,0.62
9306000.00,PE,0,IDLE,0.62
9307000.00,PE,0,IDLE,0.62
9308000.00,PE,0,IDLE,0.62
9309000.00,PE,0,IDLE,0.62
9310000.00,PE,0,IDLE,0.62
9311000.00,PE,0,IDLE,0.62
9312000.00,PE,0,IDLE,0.62
9313000.00,PE,0,IDLE,0.62
9314000.00,PE,0,IDLE,0.62
9315000.00,PE,0,IDLE,0.62
9316000.00,PE,0,IDLE,0.62
9317000.00,PE,0,IDLE,0.62
9318000.00,PE,0,IDLE,0.62
9319000.00,PE,0,IDLE,0.62
9320000.00,PE,0,IDLE,0.62
9321000.00,PE,0,IDLE,0.62
9322000.00,PE,0,IDLE,0.62
9323000.00,PE,0,IDLE,0.62
9324000.00,PE,0,IDLE,0.62
9325000.00,PE,0,IDLE,0.62
9326000.00,PE,0,IDLE,0.62
9327000.00,PE,0,IDLE,0.62
9328000.00,PE,0,IDLE,0.62
9329000.00,PE,0,IDLE,0.62
9330000.00,PE,0,IDLE,0.62
9331000.00,PE,0,IDLE,0.62
9332000.00,PE,0,IDLE,0.62
9333000.00,PE,0,IDLE,0.62
9334000.00,PE,0,IDLE,0.62
9335000.00,PE,0,IDLE,0.62
9336000.00,PE,0,IDLE,0.62
9337000.00,PE,0,IDLE,0.62
9338000.00,PE,0,IDLE,0.62
9339000.00,PE,0,IDLE,0.62
9340000.00,PE,0,IDLE,0.62
9341000.00,PE,0,IDLE,0.62
9342000.00,PE,0,IDLE,0.62
9343000.00,PE,0,IDLE,0.62
9344000.00,PE,0,IDLE,0.62
9345000.00,PE,0,IDLE,0.62
9346000.00,PE,0,IDLE,0.62
9347000.00,PE,0,IDLE,0.62
9348000.00,PE,0,IDLE,0.62
9349000.00,PE,0,IDLE,0.62
9350000.00,PE,0,IDLE,0.62
9351000.00,PE,0,IDLE,0.62
9352000.00,PE,0,IDLE,0.62
9353000.00,PE,0,IDLE,0.62
9354000.00,PE,0,IDLE,0.62
9355000.00,PE,0,IDLE,0.62
9356000.00,PE,0,IDLE,0.62
9357000.00,PE,0,IDLE,0.62
9358000.00,PE,0,IDLE,0.62
9359000.00,PE,0,IDLE,0.62
9360000.00,PE,0,IDLE,0.62
9361000.00,PE,0,IDLE,0.62
9362000.00,PE,0,IDLE,0.62
9363000.00,PE,0,IDLE,0.62
9364000.00,PE,0,IDLE,0.62
9365000.00,PE,0,IDLE,0.62
9366000.00,PE,0,IDLE,0.62
9367000.00,PE,0,IDLE,0.62
9368000.00,PE,0,IDLE,0.62
9369000.00,PE,0,IDLE,0.62
9370000.00,PE,0,IDLE,0.62
9371000.00,PE,0,IDLE,0.62
9372000.00,PE,0,IDLE,0.62
9373000.00,PE,0,IDLE,0.62
9374000.00,PE,0,IDLE,0.62
9375000.00,PE,0,IDLE,0.62
9376000.00,PE,0,IDLE,0.62
9377000.00,PE,0,IDLE,0.62
9378000.00,PE,0,IDLE,0.62
9379000.00,PE,0,IDLE,0.62
9380000.00,PE,0,IDLE,0.62
9381000.00,PE,0,IDLE,0.62
9382000.00,PE,0,IDLE,0.62
9383000.00,PE,0,IDLE,0.62
9384000.00,PE,0,IDLE,0.62
9385000.00,PE,0,IDLE,0.62
9386000.00,PE,0,IDLE,0.62
9387000.00,PE,0,IDLE,0.62
9388000.00,PE,0,IDLE,0.62
9389000.00,PE,0,IDLE,0.62
9390000.00,PE,0,IDLE,0.62
9391000.00,PE,0,IDLE,0.62
9392000.00,PE,0,IDLE,0.62
9393000.00,PE,0,IDLE,0.62
9394000.00,PE,0,IDLE,0.62
9395000.00,PE,0,IDLE,0.62
9396000.00,PE,0,IDLE,0.62
9397000.00,PE,0,IDLE,0.62
9398000.00,PE,0,IDLE,0.62
9399000.00,PE,0,IDLE,0.62
9400000.00,PE,0,IDLE,0.62
9401000.00,PE,0,IDLE,0.62
9402000.00,PE,0,IDLE,0.62
9403000.00,PE,0,IDLE,0.62
9404000.00,PE,0,IDLE,0.62
9405000.00,PE,0,IDLE,0.62
9406000.00,PE,0,IDLE,0.62
9407000.00,PE,0,IDLE,0.62
9408000.00,PE,0,IDLE,0.62
9409000.00,PE,0,IDLE,0.62
9410000.00,PE,0,IDLE,0.62
9411000.00,PE,0,IDLE,0.62
9412000.00,PE,0,IDLE,0.62
9413000.00,PE,0,IDLE,0.62
9414000.00,PE,0,IDLE,0.62
9415000.00,PE,0,IDLE,0.62
9416000.00,PE,0,IDLE,0.62
9417000.00,PE,0,IDLE,0.62
9418000.00,PE,0,IDLE,0.62
9419000.00,PE,0,IDLE,0.62
9420000.00,PE,0,IDLE,0.62
9421000.00,PE,0,IDLE,0.62
9422000.00,PE,0,IDLE,0.62
9423000.00,PE,0,IDLE,0.62
9424000.00,PE,0,IDLE,0.62
9425000.00,PE,0,IDLE,0.62
9426000.00,PE,0,IDLE,0.62
9427000.00,PE,0,IDLE,0.62
9428000.00,PE,0,IDLE,0.62
9429000.00,PE,0,IDLE,0.62
9430000.00,PE,0,IDLE,0.62
9431000.00,PE,0,IDLE,0.62
9432000.00,PE,0,IDLE,0.62
9433000.00,PE,0,IDLE,0.62
9434000.00,PE,0,IDLE,0.62
9435000.00,PE,0,IDLE,0.62
9436000.00,PE,0,IDLE,0.62
9437000.00,PE,0,IDLE,0.62
9438000.00,PE,0,IDLE,0.62
9439000.00,PE,0,IDLE,0.62
9440000.00,PE,0,IDLE,0.62
9441000.00,PE,0,IDLE,0.62
9442000.00,PE,0,IDLE,0.62
9443000.00,PE,0,IDLE,0.62
9444000.00,PE,0,IDLE,0.62
9445000.00,PE,0,IDLE,0.62
9446000.00,PE,0,IDLE,0.62
9447000.00,PE,0,IDLE,0.62
9448000.00,PE,0,IDLE,0.62
9449000.00,PE,0,IDLE,0.62
9450000.00,PE,0,IDLE,0.62
9451000.00,PE,0,IDLE,0.62
9452000.00,PE,0,IDLE,0.62
9453000.00,PE,0,IDLE,0.62
9454000.00,PE,0,IDLE,0.62
9455000.00,PE,0,IDLE,0.62
9456000.00,PE,0,IDLE,0.62
9457000.00,PE,0,IDLE,0.62
9458000.00,PE,0,IDLE,0.62
9459000.00,PE,0,IDLE,0.62
9460000.00,PE,0,IDLE,0.62
9461000.00,PE,0,IDLE,0.62
9462000.00,PE,0,IDLE,0.62
9463000.00,PE,0,IDLE,0.62
9464000.00,PE,0,IDLE,0.62
9465000.00,PE,0,IDLE,0.62
9466000.00,PE,0,IDLE,0.62
9467000.00,PE,0,IDLE,0.62
9468000.00,PE,0,IDLE,0.62
9469000.00,PE,0,IDLE,0.62
9470000.00,PE,0,IDLE,0.62
9471000.00,PE,0,IDLE,0.62
9472000.00,PE,0,IDLE,0.62
9473000.00,PE,0,IDLE,0.62
9474000.00,PE,0,IDLE,0.62
9475000.00,PE,0,IDLE,0.62
9476000.00,PE,0,IDLE,0.62
9477000.00,PE,0,IDLE,0.62
9478000.00,PE,0,IDLE,0.62
9479000.00,PE,0,IDLE,0.62
9480000.00,PE,0,IDLE,0.62
9481000.00,PE,0,IDLE,0.62
9482000.00,PE,0,IDLE,0.62
9483000.00,PE,0,IDLE,0.62
9484000.00,PE,0,IDLE,0.62
9485000.00,PE,0,IDLE,0.62
9486000.00,PE,0,IDLE,0.62
9487000.00,PE,0,IDLE,0.62
9488000.00,PE,0,IDLE,0.62
9489000.00,PE,0,IDLE,0.62
9490000.00,PE,0,IDLE,0.62
9491000.00,PE,0,IDLE,0.62
9492000.00,PE,0,IDLE,0.62
9493000.00,PE,0,IDLE,0.62
9494000.00,PE,0,IDLE,0.62
9495000.00,PE,0,IDLE,0.62
9496000.00,PE,0,IDLE,0.62
9497000.00,PE,0,IDLE,0.62
9498000.00,PE,0,IDLE,0.62
9499000.00,PE,0,IDLE,0.62
9500000.00,PE,0,IDLE,0.62
9501000.00,PE,0,IDLE,0.62
9502000.00,PE,0,IDLE,0.62
9503000.00,PE,0,IDLE,0.62
9504000.00,PE,0,IDLE,0.62
9505000.00,PE,0,IDLE,0.62
9506000.00,PE,0,IDLE,0.62
9507000.00,PE,0,IDLE,0.62
9508000.00,PE,0,IDLE,0.62
9509000.00,PE,0,IDLE,0.62
9510000.00,PE,0,IDLE,0.62
9511000.00,PE,0,IDLE,0.62
9512000.00,PE,0,IDLE,0.62
9513000.00,PE,0,IDLE,0.62
9514000.00,PE,0,IDLE,0.62
9515000.00,PE,0,IDLE,0.62
9516000.00,PE,0,IDLE,0.62
9517000.00,PE,0,IDLE,0.62
9518000.00,PE,0,IDLE,0.62
9519000.00,PE,0,IDLE,0.62
9520000.00,PE,0,IDLE,0.62
9521000.00,PE,0,IDLE,0.62
9522000.00,PE,0,IDLE,0.62
9523000.00,PE,0,IDLE,0.62
9524000.00,PE,0,IDLE,0.62
9525000.00,PE,0,IDLE,0.62
9526000.00,PE,0,IDLE,0.62
9527000.00,PE,0,IDLE,0.62
9528000.00,PE,0,IDLE,0.62
9529000.00,PE,0,IDLE,0.62
9530000.00,PE,0,IDLE,0.62
9531000.00,PE,0,IDLE,0.62
9532000.00,PE,0,IDLE,0.62
9533000.00,PE,0,IDLE,0.62
9534000.00,PE,0,IDLE,0.62
9535000.00,PE,0,IDLE,0.62
9536000.00,PE,0,IDLE,0.62
9537000.00,PE,0,IDLE,0.62
9538000.00,PE,0,IDLE,0.62
9539000.00,PE,0,IDLE,0.62
9540000.00,PE,0,IDLE,0.62
9541000.00,PE,0,IDLE,0.62
9542000.00,PE,0,IDLE,0.62
9543000.00,PE,0,IDLE,0.62
9544000.00,PE,0,IDLE,0.62
9545000.00,PE,0,IDLE,0.62
9546000.00,PE,0,IDLE,0.62
9547000.00,PE,0,IDLE,0.62
9548000.00,PE,0,IDLE,0.62
9549000.00,PE,0,IDLE,0.62
9550000.00,PE,0,IDLE,0.62
9551000.00,PE,0,IDLE,0.62
9552000.00,PE,0,IDLE,0.62
9553000.00,PE,0,IDLE,0.62
9554000.00,PE,0,IDLE,0.62
9555000.00,PE,0,IDLE,0.62
9556000.00,PE,0,IDLE,0.62
9557000.00,PE,0,IDLE,0.62
9558000.00,PE,0,IDLE,0.62
9559000.00,PE,0,IDLE,0.62
9560000.00,PE,0,IDLE,0.62
9561000.00,PE,0,IDLE,0.62
9562000.00,PE,0,IDLE,0.62
9563000.00,PE,0,IDLE,0.62
9564000.00,PE,0,IDLE,0.62
9565000.00,PE,0,IDLE,0.62
9566000.00,PE,0,IDLE,0.62
9567000.00,PE,0,IDLE,0.62
9568000.00,PE,0,IDLE,0.62
9569000.00,PE,0,IDLE,0.62
9570000.00,PE,0,IDLE,0.62
9571000.00,PE,0,IDLE,0.62
9572000.00,PE,0,IDLE,0.62
9573000.00,PE,0,IDLE,0.62
9574000.00,PE,0,IDLE,0.62
9575000.00,PE,0,IDLE,0.62
9576000.00,PE,0,IDLE,0.62
9577000.00,PE,0,IDLE,0.62
9578000.00,PE,0,IDLE,0.62
9579000.00,PE,0,IDLE,0.62
9580000.00,PE,0,IDLE,0.62
9581000.00,PE,0,IDLE,0.62
9582000.00,PE,0,IDLE,0.62
9583000.00,PE,0,IDLE,0.62
9584000.00,PE,0,IDLE,0.62
9585000.00,PE,0,IDLE,0.62
9586000.00,PE,0,IDLE,0.62
9587000.00,PE,0,IDLE,0.62
9588000.00,PE,0,IDLE,0.62
9589000.00,PE,0,IDLE,0.62
9590000.00,PE,0,IDLE,0.62
9591000.00,PE,0,IDLE,0.62
9592000.00,PE,0,IDLE,0.62
9593000.00,PE,0,IDLE,0.62
9594000.00,PE,0,IDLE,0.62
9595000.00,PE,0,IDLE,0.62
9596000.00,PE,0,IDLE,0.62
9597000.00,PE,0,IDLE,0.62
9598000.00,PE,0,IDLE,0.62
9599000.00,PE,0,IDLE,0.62
9600000.00,PE,0,IDLE,0.62
9601000.00,PE,0,IDLE,0.62
9602000.00,PE,0,IDLE,0.62
9603000.00,PE,0,IDLE,0.62
9604000.00,PE,0,IDLE,0.62
9605000.00,PE,0,IDLE,0.62
9606000.00,PE,0,IDLE,0.62
9607000.00,PE,0,IDLE,0.62
9608000.00,PE,0,IDLE,0.62
9609000.00,PE,0,IDLE,0.62
9610000.00,PE,0,IDLE,0.62
9611000.00,PE,0,IDLE,0.62
9612000.00,PE,0,IDLE,0.62
9613000.00,PE,0,IDLE,0.62
9614000.00,PE,0,IDLE,0.62
9615000.00,PE,0,IDLE,0.62
9616000.00,PE,0,IDLE,0.62
9617000.00,PE,0,IDLE,0.62
9618000.00,PE,0,IDLE,0.62
9619000.00,PE,0,IDLE,0.62
9620000.00,PE,0,IDLE,0.62
9621000.00,PE,0,IDLE,0.62
9622000.00,PE,0,IDLE,0.62
9623000.00,PE,0,IDLE,0.62
9624000.00,PE,0,IDLE,0.62
9625000.00,PE,0,IDLE,0.62
9626000.00,PE,0,IDLE,0.62
9627000.00,PE,0,IDLE,0.62
9628000.00,PE,0,IDLE,0.62
9629000.00,PE,0,IDLE,0.62
9630000.00,PE,0,IDLE,0.62
9631000.00,PE,0,IDLE,0.62
9632000.00,PE,0,IDLE,0.62
9633000.00,PE,0,IDLE,0.62
9634000.00,PE,0,IDLE,0.62
9635000.00,PE,0,IDLE,0.62
9636000.00,PE,0,IDLE,0.62
9637000.00,PE,0,IDLE,0.62
9638000.00,PE,0,IDLE,0.62
9639000.00,PE,0,IDLE,0.62
9640000.00,PE,0,IDLE,0.62
9641000.00,PE,0,IDLE,0.62
9642000.00,PE,0,IDLE,0.62
9643000.00,PE,0,IDLE,0.62
9644000.00,PE,0,IDLE,0.62
9645000.00,PE,0,IDLE,0.62
9646000.00,PE,0,IDLE,0.62
9647000.00,PE,0,IDLE,0.62
9648000.00,PE,0,IDLE,0.62
9649000.00,PE,0,IDLE,0.62
9650000.00,PE,0,IDLE,0.62
9651000.00,PE,0,IDLE,0.62
9652000.00,PE,0,IDLE,0.62
9653000.00,PE,0,IDLE,0.62
9654000.00,PE,0,IDLE,0.62
9655000.00,PE,0,IDLE,0.62
9656000.00,PE,0,IDLE,0.62
9657000.00,PE,0,IDLE,0.62
9658000.00,PE,0,IDLE,0.62
9659000.00,PE,0,IDLE,0.62
9660000.00,PE,0,IDLE,0.62
9661000.00,PE,0,IDLE,0.62
9662000.00,PE,0,IDLE,0.62
9663000.00,PE,0,IDLE,0.62
9664000.00,PE,0,IDLE,0.62
9665000.00,PE,0,IDLE,0.62
9666000.00,PE,0,IDLE,0.62
9667000.00,PE,0,IDLE,0.62
9668000.00,PE,0,IDLE,0.62
9669000.00,PE,0,IDLE,0.62
9670000.00,PE,0,IDLE,0.62
9671000.00,PE,0,IDLE,0.62
9672000.00,PE,0,IDLE,0.62
9673000.00,PE,0,IDLE,0.62
9674000.00,PE,0,IDLE,0.62
9675000.00,PE,0,IDLE,0.62
9676000.00,PE,0,IDLE,0.62
9677000.00,PE,0,IDLE,0.62
9678000.00,PE,0,IDLE,0.62
9679000.00,PE,0,IDLE,0.62
9680000.00,PE,0,IDLE,0.62
9681000.00,PE,0,IDLE,0.62
9682000.00,PE,0,IDLE,0.62
9683000.00,PE,0,IDLE,0.62
9684000.00,PE,0,IDLE,0.62
9685000.00,PE,0,IDLE,0.62
9686000.00,PE,0,IDLE,0.62
9687000.00,PE,0,IDLE,0.62
9688000.00,PE,0,IDLE,0.62
9689000.00,PE,0,IDLE,0.62
9690000.00,PE,0,IDLE,0.62
9691000.00,PE,0,IDLE,0.62
9692000.00,PE,0,IDLE,0.62
9693000.00,PE,0,IDLE,0.62
9694000.00,PE,0,IDLE,0.62
9695000.00,PE,0,IDLE,0.62
9696000.00,PE,0,IDLE,0.62
9697000.00,PE,0,IDLE,0.62
9698000.00,PE,0,IDLE,0.62
9699000.00,PE,0,IDLE,0.62
9700000.00,PE,0,IDLE,0.62
9701000.00,PE,0,IDLE,0.62
9702000.00,PE,0,IDLE,0.62
9703000.00,PE,0,IDLE,0.62
9704000.00,PE,0,IDLE,0.62
9705000.00,PE,0,IDLE,0.62
9706000.00,PE,0,IDLE,0.62
9707000.00,PE,0,IDLE,0.62
9708000.00,PE,0,IDLE,0.62
9709000.00,PE,0,IDLE,0.62
9710000.00,PE,0,IDLE,0.62
9711000.00,PE,0,IDLE,0.62
9712000.00,PE,0,IDLE,0.62
9713000.00,PE,0,IDLE,0.62
9714000.00,PE,0,IDLE,0.62
9715000.00,PE,0,IDLE,0.62
9716000.00,PE,0,IDLE,0.62
9717000.00,PE,0,IDLE,0.62
9718000.00,PE,0,IDLE,0.62
9719000.00,PE,0,IDLE,0.62
9720000.00,PE,0,IDLE,0.62
9721000.00,PE,0,IDLE,0.62
9722000.00,PE,0,IDLE,0.62
9723000.00,PE,0,IDLE,0.62
9724000.00,PE,0,IDLE,0.62
9725000.00,PE,0,IDLE,0.62
9726000.00,PE,0,IDLE,0.62
9727000.00,PE,0,IDLE,0.62
9728000.00,PE,0,IDLE,0.62
9729000.00,PE,0,IDLE,0.62
9730000.00,PE,0,IDLE,0.62
9731000.00,PE,0,IDLE,0.62
9732000.00,PE,0,IDLE,0.62
9733000.00,PE,0,IDLE,0.62
9734000.00,PE,0,IDLE,0.62
9735000.00,PE,0,IDLE,0.62
9736000.00,PE,0,IDLE,0.62
9737000.00,PE,0,IDLE,0.62
9738000.00,PE,0,IDLE,0.62
9739000.00,PE,0,IDLE,0.62
9740000.00,PE,0,IDLE,0.62
9741000.00,PE,0,IDLE,0.62
9742000.00,PE,0,IDLE,0.62
9743000.00,PE,0,IDLE,0.62
9744000.00,PE,0,IDLE,0.62
9745000.00,PE,0,IDLE,0.62
9746000.00,PE,0,IDLE,0.62
9747000.00,PE,0,IDLE,0.62
9748000.00,PE,0,IDLE,0.62
9749000.00,PE,0,IDLE,0.62
9750000.00,PE,0,IDLE,0.62
9751000.00,PE,0,IDLE,0.62
9752000.00,PE,0,IDLE,0.62
9753000.00,PE,0,IDLE,0.62
9754000.00,PE,0,IDLE,0.62
9755000.00,PE,0,IDLE,0.62
9756000.00,PE,0,IDLE,0.62
9757000.00,PE,0,IDLE,0.62
9758000.00,PE,0,IDLE,0.62
9759000.00,PE,0,IDLE,0.62
9760000.00,PE,0,IDLE,0.62
9761000.00,PE,0,IDLE,0.62
9762000.00,PE,0,IDLE,0.62
9763000.00,PE,0,IDLE,0.62
9764000.00,PE,0,IDLE,0.62
9765000.00,PE,0,IDLE,0.62
9766000.00,PE,0,IDLE,0.62
9767000.00,PE,0,IDLE,0.62
9768000.00,PE,0,IDLE,0.62
9769000.00,PE,0,IDLE,0.62
9770000.00,PE,0,IDLE,0.62
9771000.00,PE,0,IDLE,0.62
9772000.00,PE,0,IDLE,0.62
9773000.00,PE,0,IDLE,0.62
9774000.00,PE,0,IDLE,0.62
9775000.00,PE,0,IDLE,0.62
9776000.00,PE,0,IDLE,0.62
9777000.00,PE,0,IDLE,0.62
9778000.00,PE,0,IDLE,0.62
9779000.00,PE,0,IDLE,0.62
9780000.00,PE,0,IDLE,0.62
9781000.00,PE,0,IDLE,0.62
9782000.00,PE,0,IDLE,0.62
9783000.00,PE,0,IDLE,0.62
9784000.00,PE,0,IDLE,0.62
9785000.00,PE,0,IDLE,0.62
9786000.00,PE,0,IDLE,0.62
9787000.00,PE,0,IDLE,0.62
9788000.00,PE,0,IDLE,0.62
9789000.00,PE,0,IDLE,0.62
9790000.00,PE,0,IDLE,0.62
9791000.00,PE,0,IDLE,0.62
9792000.00,PE,0,IDLE,0.62
9793000.00,PE,0,IDLE,0.62
9794000.00,PE,0,IDLE,0.62
9795000.00,PE,0,IDLE,0.62
9796000.00,PE,0,IDLE,0.62
9797000.00,PE,0,IDLE,0.62
9798000.00,PE,0,IDLE,0.62
9799000.00,PE,0,IDLE,0.62
9800000.00,PE,0,IDLE,0.62
9801000.00,PE,0,IDLE,0.62
9802000.00,PE,0,IDLE,0.62
9803000.00,PE,0,IDLE,0.62
9804000.00,PE,0,IDLE,0.62
9805000.00,PE,0,IDLE,0.62
9806000.00,PE,0,IDLE,0.62
9807000.00,PE,0,IDLE,0.62
9808000.00,PE,0,IDLE,0.62
9809000.00,PE,0,IDLE,0.62
9810000.00,PE,0,IDLE,0.62
9811000.00,PE,0,IDLE,0.62
9812000.00,PE,0,IDLE,0.62
9813000.00,PE,0,IDLE,0.62
9814000.00,PE,0,IDLE,0.62
9815000.00,PE,0,IDLE,0.62
9816000.00,PE,0,IDLE,0.62
9817000.00,PE,0,IDLE,0.62
9818000.00,PE,0,IDLE,0.62
9819000.00,PE,0,IDLE,0.62
9820000.00,PE,0,IDLE,0.62
9821000.00,PE,0,IDLE,0.62
9822000.00,PE,0,IDLE,0.62
9823000.00,PE,0,IDLE,0.62
9824000.00,PE,0,IDLE,0.62
9825000.00,PE,0,IDLE,0.62
9826000.00,PE,0,IDLE,0.62
9827000.00,PE,0,IDLE,0.62
9828000.00,PE,0,IDLE,0.62
9829000.00,PE,0,IDLE,0.62
9830000.00,PE,0,IDLE,0.62
9831000.00,PE,0,IDLE,0.62
9832000.00,PE,0,IDLE,0.62
9833000.00,PE,0,IDLE,0.62
9834000.00,PE,0,IDLE,0.62
9835000.00,PE,0,IDLE,0.62
9836000.00,PE,0,IDLE,0.62
9837000.00,PE,0,IDLE,0.62
9838000.00,PE,0,IDLE,0.62
9839000.00,PE,0,IDLE,0.62
9840000.00,PE,0,IDLE,0.62
9841000.00,PE,0,IDLE,0.62
9842000.00,PE,0,IDLE,0.62
9843000.00,PE,0,IDLE,0.62
9844000.00,PE,0,IDLE,0.62
9845000.00,PE,0,IDLE,0.62
9846000.00,PE,0,IDLE,0.62
9847000.00,PE,0,IDLE,0.62
9848000.00,PE,0,IDLE,0.62
9849000.00,PE,0,IDLE,0.62
9850000.00,PE,0,IDLE,0.62
9851000.00,PE,0,IDLE,0.62
9852000.00,PE,0,IDLE,0.62
9853000.00,PE,0,IDLE,0.62
9854000.00,PE,0,IDLE,0.62
9855000.00,PE,0,IDLE,0.62
9856000.00,PE,0,IDLE,0.62
9857000.00,PE,0,IDLE,0.62
9858000.00,PE,0,IDLE,0.62
9859000.00,PE,0,IDLE,0.62
9860000.00,PE,0,IDLE,0.62
9861000.00,PE,0,IDLE,0.62
9862000.00,PE,0,IDLE,0.62
9863000.00,PE,0,IDLE,0.62
9864000.00,PE,0,IDLE,0.62
9865000.00,PE,0,IDLE,0.62
9866000.00,PE,0,IDLE,0.62
9867000.00,PE,0,IDLE,0.62
9868000.00,PE,0,IDLE,0.62
9869000.00,PE,0,IDLE,0.62
9870000.00,PE,0,IDLE,0.62
9871000.00,PE,0,IDLE,0.62
9872000.00,PE,0,IDLE,0.62
9873000.00,PE,0,IDLE,0.62
9874000.00,PE,0,IDLE,0.62
9875000.00,PE,0,IDLE,0.62
9876000.00,PE,0,IDLE,0.62
9877000.00,PE,0,IDLE,0.62
9878000.00,PE,0,IDLE,0.62
9879000.00,PE,0,IDLE,0.62
9880000.00,PE,0,IDLE,0.62
9881000.00,PE,0,IDLE,0.62
9882000.00,PE,0,IDLE,0.62
9883000.00,PE,0,IDLE,0.62
9884000.00,PE,0,IDLE,0.62
9885000.00,PE,0,IDLE,0.62
9886000.00,PE,0,IDLE,0.62
9887000.00,PE,0,IDLE,0.62
9888000.00,PE,0,IDLE,0.62
9889000.00,PE,0,IDLE,0.62
9890000.00,PE,0,IDLE,0.62
9891000.00,PE,0,IDLE,0.62
9892000.00,PE,0,IDLE,0.62
9893000.00,PE,0,IDLE,0.62
9894000.00,PE,0,IDLE,0.62
9895000.00,PE,0,IDLE,0.62
9896000.00,PE,0,IDLE,0.62
9897000.00,PE,0,IDLE,0.62
9898000.00,PE,0,IDLE,0.62
9899000.00,PE,0,IDLE,0.62
9900000.00,PE,0,IDLE,0.62
9901000.00,PE,0,IDLE,0.62
9902000.00,PE,0,IDLE,0.62
9903000.00,PE,0,IDLE,0.62
9904000.00,PE,0,IDLE,0.62
9905000.00,PE,0,IDLE,0.62
9906000.00,PE,0,IDLE,0.62
9907000.00,PE,0,IDLE,0.62
9908000.00,PE,0,IDLE,0.62
9909000.00,PE,0,IDLE,0.62
9910000.00,PE,0,IDLE,0.62
9911000.00,PE,0,IDLE,0.62
9912000.00,PE,0,IDLE,0.62
9913000.00,PE,0,IDLE,0.62
9914000.00,PE,0,IDLE,0.62
9915000.00,PE,0,IDLE,0.62
9916000.00,PE,0,IDLE,0.62
9917000.00,PE,0,IDLE,0.62
9918000.00,PE,0,IDLE,0.62
9919000.00,PE,0,IDLE,0.62
9920000.00,PE,0,IDLE,0.62
9921000.00,PE,0,IDLE,0.62
9922000.00,PE,0,IDLE,0.62
9923000.00,PE,0,IDLE,0.62
9924000.00,PE,0,IDLE,0.62
9925000.00,PE,0,IDLE,0.62
9926000.00,PE,0,IDLE,0.62
9927000.00,PE,0,IDLE,0.62
9928000.00,PE,0,IDLE,0.62
9929000.00,PE,0,IDLE,0.62
9930000.00,PE,0,IDLE,0.62
9931000.00,PE,0,IDLE,0.62
9932000.00,PE,0,IDLE,0.62
9933000.00,PE,0,IDLE,0.62
9934000.00,PE,0,IDLE,0.62
9935000.00,PE,0,IDLE,0.62
9936000.00,PE,0,IDLE,0.62
9937000.00,PE,0,IDLE,0.62
9938000.00,PE,0,IDLE,0.62
9939000.00,PE,0,IDLE,0.62
9940000.00,PE,0,IDLE,0.62
9941000.00,PE,0,IDLE,0.62
9942000.00,PE,0,IDLE,0.62
9943000.00,PE,0,IDLE,0.62
9944000.00,PE,0,IDLE,0.62
9945000.00,PE,0,IDLE,0.62
9946000.00,PE,0,IDLE,0.62
9947000.00,PE,0,IDLE,0.62
9948000.00,PE,0,IDLE,0.62
9949000.00,PE,0,IDLE,0.62
9950000.00,PE,0,IDLE,0.62
9951000.00,PE,0,IDLE,0.62
9952000.00,PE,0,IDLE,0.62
9953000.00,PE,0,IDLE,0.62
9954000.00,PE,0,IDLE,0.62
9955000.00,PE,0,IDLE,0.62
9956000.00,PE,0,IDLE,0.62
9957000.00,PE,0,IDLE,0.62
9958000.00,PE,0,IDLE,0.62
9959000.00,PE,0,IDLE,0.62
9960000.00,PE,0,IDLE,0.62
9961000.00,PE,0,IDLE,0.62
9962000.00,PE,0,IDLE,0.62
9963000.00,PE,0,IDLE,0.62
9964000.00,PE,0,IDLE,0.62
9965000.00,PE,0,IDLE,0.62
9966000.00,PE,0,IDLE,0.62
9967000.00,PE,0,IDLE,0.62
9968000.00,PE,0,IDLE,0.62
9969000.00,PE,0,IDLE,0.62
9970000.00,PE,0,IDLE,0.62
9971000.00,PE,0,IDLE,0.62
9972000.00,PE,0,IDLE,0.62
9973000.00,PE,0,IDLE,0.62
9974000.00,PE,0,IDLE,0.62
9975000.00,PE,0,IDLE,0.62
9976000.00,PE,0,IDLE,0.62
9977000.00,PE,0,IDLE,0.62
9978000.00,PE,0,IDLE,0.62
9979000.00,PE,0,IDLE,0.62
9980000.00,PE,0,IDLE,0.62
9981000.00,PE,0,IDLE,0.62
9982000.00,PE,0,IDLE,0.62
9983000.00,PE,0,IDLE,0.62
9984000.00,PE,0,IDLE,0.62
9985000.00,PE,0,IDLE,0.62
9986000.00,PE,0,IDLE,0.62
9987000.00,PE,0,IDLE,0.62
9988000.00,PE,0,IDLE,0.62
9989000.00,PE,0,IDLE,0.62
9990000.00,PE,0,IDLE,0.62
9991000.00,PE,0,IDLE,0.62
9992000.00,PE,0,IDLE,0.62
9993000.00,PE,0,IDLE,0.62
9994000.00,PE,0,IDLE,0.62
9995000.00,PE,0,IDLE,0.62
9996000.00,PE,0,IDLE,0.62
9997000.00,PE,0,IDLE,0.62
9998000.00,PE,0,IDLE,0.62
9999000.00,PE,0,IDLE,0.62
10000000.00,PE,0,IDLE,0.62
10001000.00,PE,0,IDLE,0.62
10002000.00,PE,0,IDLE,0.62
10003000.00,PE,0,IDLE,0.62
10004000.00,PE,0,IDLE,0.62
10005000.00,PE,0,IDLE,0.62
10006000.00,PE,0,IDLE,0.62
10007000.00,PE,0,IDLE,0.62
10008000.00,PE,0,IDLE,0.62
10009000.00,PE,0,IDLE,0.62
10010000.00,PE,0,IDLE,0.62
10011000.00,PE,0,IDLE,0.62
10012000.00,PE,0,IDLE,0.62
10013000.00,PE,0,IDLE,0.62
10014000.00,PE,0,IDLE,0.62
10015000.00,PE,0,IDLE,0.62
10016000.00,PE,0,IDLE,0.62
10017000.00,PE,0,IDLE,0.62
10018000.00,PE,0,IDLE,0.62
10019000.00,PE,0,IDLE,0.62
10020000.00,PE,0,IDLE,0.62
10021000.00,PE,0,IDLE,0.62
10022000.00,PE,0,IDLE,0.62
10023000.00,PE,0,IDLE,0.62
10024000.00,PE,0,IDLE,0.62
10025000.00,PE,0,IDLE,0.62
10026000.00,PE,0,IDLE,0.62
10027000.00,PE,0,IDLE,0.62
10028000.00,PE,0,IDLE,0.62
10029000.00,PE,0,IDLE,0.62
10030000.00,PE,0,IDLE,0.62
10031000.00,PE,0,IDLE,0.62
10032000.00,PE,0,IDLE,0.62
10033000.00,PE,0,IDLE,0.62
10034000.00,PE,0,IDLE,0.62
10035000.00,PE,0,IDLE,0.62
10036000.00,PE,0,IDLE,0.62
10037000.00,PE,0,IDLE,0.62
10038000.00,PE,0,IDLE,0.62
10039000.00,PE,0,IDLE,0.62
10040000.00,PE,0,IDLE,0.62
10041000.00,PE,0,IDLE,0.62
10042000.00,PE,0,IDLE,0.62
10043000.00,PE,0,IDLE,0.62
10044000.00,PE,0,IDLE,0.62
10045000.00,PE,0,IDLE,0.62
10046000.00,PE,0,IDLE,0.62
10047000.00,PE,0,IDLE,0.62
10048000.00,PE,0,IDLE,0.62
10049000.00,PE,0,IDLE,0.62
10050000.00,PE,0,IDLE,0.62
10051000.00,PE,0,IDLE,0.62
10052000.00,PE,0,IDLE,0.62
10053000.00,PE,0,IDLE,0.62
10054000.00,PE,0,IDLE,0.62
10055000.00,PE,0,IDLE,0.62
10056000.00,PE,0,IDLE,0.62
10057000.00,PE,0,IDLE,0.62
10058000.00,PE,0,IDLE,0.62
10059000.00,PE,0,IDLE,0.62
10060000.00,PE,0,IDLE,0.62
10061000.00,PE,0,IDLE,0.62
10062000.00,PE,0,IDLE,0.62
10063000.00,PE,0,IDLE,0.62
10064000.00,PE,0,IDLE,0.62
10065000.00,PE,0,IDLE,0.62
10066000.00,PE,0,IDLE,0.62
10067000.00,PE,0,IDLE,0.62
10068000.00,PE,0,IDLE,0.62
10069000.00,PE,0,IDLE,0.62
10070000.00,PE,0,IDLE,0.62
10071000.00,PE,0,IDLE,0.62
10072000.00,PE,0,IDLE,0.62
10073000.00,PE,0,IDLE,0.62
10074000.00,PE,0,IDLE,0.62
10075000.00,PE,0,IDLE,0.62
10076000.00,PE,0,IDLE,0.62
10077000.00,PE,0,IDLE,0.62
10078000.00,PE,0,IDLE,0.62
10079000.00,PE,0,IDLE,0.62
10080000.00,PE,0,IDLE,0.62
10081000.00,PE,0,IDLE,0.62
10082000.00,PE,0,IDLE,0.62
10083000.00,PE,0,IDLE,0.62
10084000.00,PE,0,IDLE,0.62
10085000.00,PE,0,IDLE,0.62
10086000.00,PE,0,IDLE,0.62
10087000.00,PE,0,IDLE,0.62
10088000.00,PE,0,IDLE,0.62
10089000.00,PE,0,IDLE,0.62
10090000.00,PE,0,IDLE,0.62
10091000.00,PE,0,IDLE,0.62
10092000.00,PE,0,IDLE,0.62
10093000.00,PE,0,IDLE,0.62
10094000.00,PE,0,IDLE,0.62
10095000.00,PE,0,IDLE,0.62
10096000.00,PE,0,IDLE,0.62
10097000.00,PE,0,IDLE,0.62
10098000.00,PE,0,IDLE,0.62
10099000.00,PE,0,IDLE,0.62
10100000.00,PE,0,IDLE,0.62
10101000.00,PE,0,IDLE,0.62
10102000.00,PE,0,IDLE,0.62
10103000.00,PE,0,IDLE,0.62
10104000.00,PE,0,IDLE,0.62
10105000.00,PE,0,IDLE,0.62
10106000.00,PE,0,IDLE,0.62
10107000.00,PE,0,IDLE,0.62
10108000.00,PE,0,IDLE,0.62
10109000.00,PE,0,IDLE,0.62
10110000.00,PE,0,IDLE,0.62
10111000.00,PE,0,IDLE,0.62
10112000.00,PE,0,IDLE,0.62
10113000.00,PE,0,IDLE,0.62
10114000.00,PE,0,IDLE,0.62
10115000.00,PE,0,IDLE,0.62
10116000.00,PE,0,IDLE,0.62
10117000.00,PE,0,IDLE,0.62
10118000.00,PE,0,IDLE,0.62
10119000.00,PE,0,IDLE,0.62
10120000.00,PE,0,IDLE,0.62
10121000.00,PE,0,IDLE,0.62
10122000.00,PE,0,IDLE,0.62
10123000.00,PE,0,IDLE,0.62
10124000.00,PE,0,IDLE,0.62
10125000.00,PE,0,IDLE,0.62
10126000.00,PE,0,IDLE,0.62
10127000.00,PE,0,IDLE,0.62
10128000.00,PE,0,IDLE,0.62
10129000.00,PE,0,IDLE,0.62
10130000.00,PE,0,IDLE,0.62
10131000.00,PE,0,IDLE,0.62
10132000.00,PE,0,IDLE,0.62
10133000.00,PE,0,IDLE,0.62
10134000.00,PE,0,IDLE,0.62
10135000.00,PE,0,IDLE,0.62
10136000.00,PE,0,IDLE,0.62
10137000.00,PE,0,IDLE,0.62
10138000.00,PE,0,IDLE,0.62
10139000.00,PE,0,IDLE,0.62
10140000.00,PE,0,IDLE,0.62
10141000.00,PE,0,IDLE,0.62
10142000.00,PE,0,IDLE,0.62
10143000.00,PE,0,IDLE,0.62
10144000.00,PE,0,IDLE,0.62
10145000.00,PE,0,IDLE,0.62
10146000.00,PE,0,IDLE,0.62
10147000.00,PE,0,IDLE,0.62
10148000.00,PE,0,IDLE,0.62
10149000.00,PE,0,IDLE,0.62
10150000.00,PE,0,IDLE,0.62
10151000.00,PE,0,IDLE,0.62
10152000.00,PE,0,IDLE,0.62
10153000.00,PE,0,IDLE,0.62
10154000.00,PE,0,IDLE,0.62
10155000.00,PE,0,IDLE,0.62
10156000.00,PE,0,IDLE,0.62
10157000.00,PE,0,IDLE,0.62
10158000.00,PE,0,IDLE,0.62
10159000.00,PE,0,IDLE,0.62
10160000.00,PE,0,IDLE,0.62
10161000.00,PE,0,IDLE,0.62
10162000.00,PE,0,IDLE,0.62
10163000.00,PE,0,IDLE,0.62
10164000.00,PE,0,IDLE,0.62
10165000.00,PE,0,IDLE,0.62
10166000.00,PE,0,IDLE,0.62
10167000.00,PE,0,IDLE,0.62
10168000.00,PE,0,IDLE,0.62
10169000.00,PE,0,IDLE,0.62
10170000.00,PE,0,IDLE,0.62
10171000.00,PE,0,IDLE,0.62
10172000.00,PE,0,IDLE,0.62
10173000.00,PE,0,IDLE,0.62
10174000.00,PE,0,IDLE,0.62
10175000.00,PE,0,IDLE,0.62
10176000.00,PE,0,IDLE,0.62
10177000.00,PE,0,IDLE,0.62
10178000.00,PE,0,IDLE,0.62
10179000.00,PE,0,IDLE,0.62
10180000.00,PE,0,IDLE,0.62
10181000.00,PE,0,IDLE,0.62
10182000.00,PE,0,IDLE,0.62
10183000.00,PE,0,IDLE,0.62
10184000.00,PE,0,IDLE,0.62
10185000.00,PE,0,IDLE,0.62
10186000.00,PE,0,IDLE,0.62
10187000.00,PE,0,IDLE,0.62
10188000.00,PE,0,IDLE,0.62
10189000.00,PE,0,IDLE,0.62
10190000.00,PE,0,IDLE,0.62
10191000.00,PE,0,IDLE,0.62
10192000.00,PE,0,IDLE,0.62
10193000.00,PE,0,IDLE,0.62
10194000.00,PE,0,IDLE,0.62
10195000.00,PE,0,IDLE,0.62
10196000.00,PE,0,IDLE,0.62
10197000.00,PE,0,IDLE,0.62
10198000.00,PE,0,IDLE,0.62
10199000.00,PE,0,IDLE,0.62
10200000.00,PE,0,IDLE,0.62
10201000.00,PE,0,IDLE,0.62
10202000.00,PE,0,IDLE,0.62
10203000.00,PE,0,IDLE,0.62
10204000.00,PE,0,IDLE,0.62
10205000.00,PE,0,IDLE,0.62
10206000.00,PE,0,IDLE,0.62
10207000.00,PE,0,IDLE,0.62
10208000.00,PE,0,IDLE,0.62
10209000.00,PE,0,IDLE,0.62
10210000.00,PE,0,IDLE,0.62
10211000.00,PE,0,IDLE,0.62
10212000.00,PE,0,IDLE,0.62
10213000.00,PE,0,IDLE,0.62
10214000.00,PE,0,IDLE,0.62
10215000.00,PE,0,IDLE,0.62
10216000.00,PE,0,IDLE,0.62
10217000.00,PE,0,IDLE,0.62
10218000.00,PE,0,IDLE,0.62
10219000.00,PE,0,IDLE,0.62
10220000.00,PE,0,IDLE,0.62
10221000.00,PE,0,IDLE,0.62
10222000.00,PE,0,IDLE,0.62
10223000.00,PE,0,IDLE,0.62
10224000.00,PE,0,IDLE,0.62
10225000.00,PE,0,IDLE,0.62
10226000.00,PE,0,IDLE,0.62
10227000.00,PE,0,IDLE,0.62
10228000.00,PE,0,IDLE,0.62
10229000.00,PE,0,IDLE,0.62
10230000.00,PE,0,IDLE,0.62
10231000.00,PE,0,IDLE,0.62
10232000.00,PE,0,IDLE,0.62
10233000.00,PE,0,IDLE,0.62
10234000.00,PE,0,IDLE,0.62
10235000.00,PE,0,IDLE,0.62
10236000.00,PE,0,IDLE,0.62
10237000.00,PE,0,IDLE,0.62
10238000.00,PE,0,IDLE,0.62
10239000.00,PE,0,IDLE,0.62
10240000.00,PE,0,IDLE,0.62
10241000.00,PE,0,IDLE,0.62
10242000.00,PE,0,IDLE,0.62
10243000.00,PE,0,IDLE,0.62
10244000.00,PE,0,IDLE,0.62
10245000.00,PE,0,IDLE,0.62
10246000.00,PE,0,IDLE,0.62
10247000.00,PE,0,IDLE,0.62
10248000.00,PE,0,IDLE,0.62
10249000.00,PE,0,IDLE,0.62
10250000.00,PE,0,IDLE,0.62
10251000.00,PE,0,IDLE,0.62
10252000.00,PE,0,IDLE,0.62
10253000.00,PE,0,IDLE,0.62
10254000.00,PE,0,IDLE,0.62
10255000.00,PE,0,IDLE,0.62
10256000.00,PE,0,IDLE,0.62
10257000.00,PE,0,IDLE,0.62
10258000.00,PE,0,IDLE,0.62
10259000.00,PE,0,IDLE,0.62
10260000.00,PE,0,IDLE,0.62
10261000.00,PE,0,IDLE,0.62
10262000.00,PE,0,IDLE,0.62
10263000.00,PE,0,IDLE,0.62
10264000.00,PE,0,IDLE,0.62
10265000.00,PE,0,IDLE,0.62
10266000.00,PE,0,IDLE,0.62
10267000.00,PE,0,IDLE,0.62
10268000.00,PE,0,IDLE,0.62
10269000.00,PE,0,IDLE,0.62
10270000.00,PE,0,IDLE,0.62
10271000.00,PE,0,IDLE,0.62
10272000.00,PE,0,IDLE,0.62
10273000.00,PE,0,IDLE,0.62
10274000.00,PE,0,IDLE,0.62
10275000.00,PE,0,IDLE,0.62
10276000.00,PE,0,IDLE,0.62
10277000.00,PE,0,IDLE,0.62
10278000.00,PE,0,IDLE,0.62
10279000.00,PE,0,IDLE,0.62
10280000.00,PE,0,IDLE,0.62
10281000.00,PE,0,IDLE,0.62
10282000.00,PE,0,IDLE,0.62
10283000.00,PE,0,IDLE,0.62
10284000.00,PE,0,IDLE,0.62
10285000.00,PE,0,IDLE,0.62
10286000.00,PE,0,IDLE,0.62
10287000.00,PE,0,IDLE,0.62
10288000.00,PE,0,IDLE,0.62
10289000.00,PE,0,IDLE,0.62
10290000.00,PE,0,IDLE,0.62
10291000.00,PE,0,IDLE,0.62
10292000.00,PE,0,IDLE,0.62
10293000.00,PE,0,IDLE,0.62
10294000.00,PE,0,IDLE,0.62
10295000.00,PE,0,IDLE,0.62
10296000.00,PE,0,IDLE,0.62
10297000.00,PE,0,IDLE,0.62
10298000.00,PE,0,IDLE,0.62
10299000.00,PE,0,IDLE,0.62
10300000.00,PE,0,IDLE,0.62
10301000.00,PE,0,IDLE,0.62
10302000.00,PE,0,IDLE,0.62
10303000.00,PE,0,IDLE,0.62
10304000.00,PE,0,IDLE,0.62
10305000.00,PE,0,IDLE,0.62
10306000.00,PE,0,IDLE,0.62
10307000.00,PE,0,IDLE,0.62
10308000.00,PE,0,IDLE,0.62
10309000.00,PE,0,IDLE,0.62
10310000.00,PE,0,IDLE,0.62
10311000.00,PE,0,IDLE,0.62
10312000.00,PE,0,IDLE,0.62
10313000.00,PE,0,IDLE,0.62
10314000.00,PE,0,IDLE,0.62
10315000.00,PE,0,IDLE,0.62
10316000.00,PE,0,IDLE,0.62
10317000.00,PE,0,IDLE,0.62
10318000.00,PE,0,IDLE,0.62
10319000.00,PE,0,IDLE,0.62
10320000.00,PE,0,IDLE,0.62
10321000.00,PE,0,IDLE,0.62
10322000.00,PE,0,IDLE,0.62
10323000.00,PE,0,IDLE,0.62
10324000.00,PE,0,IDLE,0.62
10325000.00,PE,0,IDLE,0.62
10326000.00,PE,0,IDLE,0.62
10327000.00,PE,0,IDLE,0.62
10328000.00,PE,0,IDLE,0.62
10329000.00,PE,0,IDLE,0.62
10330000.00,PE,0,IDLE,0.62
10331000.00,PE,0,IDLE,0.62
10332000.00,PE,0,IDLE,0.62
10333000.00,PE,0,IDLE,0.62
10334000.00,PE,0,IDLE,0.62
10335000.00,PE,0,IDLE,0.62
10336000.00,PE,0,IDLE,0.62
10337000.00,PE,0,IDLE,0.62
10338000.00,PE,0,IDLE,0.62
10339000.00,PE,0,IDLE,0.62
10340000.00,PE,0,IDLE,0.62
10341000.00,PE,0,IDLE,0.62
10342000.00,PE,0,IDLE,0.62
10343000.00,PE,0,IDLE,0.62
10344000.00,PE,0,IDLE,0.62
10345000.00,PE,0,IDLE,0.62
10346000.00,PE,0,IDLE,0.62
10347000.00,PE,0,IDLE,0.62
10348000.00,PE,0,IDLE,0.62
10349000.00,PE,0,IDLE,0.62
10350000.00,PE,0,IDLE,0.62
10351000.00,PE,0,IDLE,0.62
10352000.00,PE,0,IDLE,0.62
10353000.00,PE,0,IDLE,0.62
10354000.00,PE,0,IDLE,0.62
10355000.00,PE,0,IDLE,0.62
10356000.00,PE,0,IDLE,0.62
10357000.00,PE,0,IDLE,0.62
10358000.00,PE,0,IDLE,0.62
10359000.00,PE,0,IDLE,0.62
10360000.00,PE,0,IDLE,0.62
10361000.00,PE,0,IDLE,0.62
10362000.00,PE,0,IDLE,0.62
10363000.00,PE,0,IDLE,0.62
10364000.00,PE,0,IDLE,0.62
10365000.00,PE,0,IDLE,0.62
10366000.00,PE,0,IDLE,0.62
10367000.00,PE,0,IDLE,0.62
10368000.00,PE,0,IDLE,0.62
10369000.00,PE,0,IDLE,0.62
10370000.00,PE,0,IDLE,0.62
10371000.00,PE,0,IDLE,0.62
10372000.00,PE,0,IDLE,0.62
10373000.00,PE,0,IDLE,0.62
10374000.00,PE,0,IDLE,0.62
10375000.00,PE,0,IDLE,0.62
10376000.00,PE,0,IDLE,0.62
10377000.00,PE,0,IDLE,0.62
10378000.00,PE,0,IDLE,0.62
10379000.00,PE,0,IDLE,0.62
10380000.00,PE,0,IDLE,0.62
10381000.00,PE,0,IDLE,0.62
10382000.00,PE,0,IDLE,0.62
10383000.00,PE,0,IDLE,0.62
10384000.00,PE,0,IDLE,0.62
10385000.00,PE,0,IDLE,0.62
10386000.00,PE,0,IDLE,0.62
10387000.00,PE,0,IDLE,0.62
10388000.00,PE,0,IDLE,0.62
10389000.00,PE,0,IDLE,0.62
10390000.00,PE,0,IDLE,0.62
10391000.00,PE,0,IDLE,0.62
10392000.00,PE,0,IDLE,0.62
10393000.00,PE,0,IDLE,0.62
10394000.00,PE,0,IDLE,0.62
10395000.00,PE,0,IDLE,0.62
10396000.00,PE,0,IDLE,0.62
10397000.00,PE,0,IDLE,0.62
10398000.00,PE,0,IDLE,0.62
10399000.00,PE,0,IDLE,0.62
10400000.00,PE,0,IDLE,0.62
10401000.00,PE,0,IDLE,0.62
10402000.00,PE,0,IDLE,0.62
10403000.00,PE,0,IDLE,0.62
10404000.00,PE,0,IDLE,0.62
10405000.00,PE,0,IDLE,0.62
10406000.00,PE,0,IDLE,0.62
10407000.00,PE,0,IDLE,0.62
10408000.00,PE,0,IDLE,0.62
10409000.00,PE,0,IDLE,0.62
10410000.00,PE,0,IDLE,0.62
10411000.00,PE,0,IDLE,0.62
10412000.00,PE,0,IDLE,0.62
10413000.00,PE,0,IDLE,0.62
10414000.00,PE,0,IDLE,0.62
10415000.00,PE,0,IDLE,0.62
10416000.00,PE,0,IDLE,0.62
10417000.00,PE,0,IDLE,0.62
10418000.00,PE,0,IDLE,0.62
10419000.00,PE,0,IDLE,0.62
10420000.00,PE,0,IDLE,0.62
10421000.00,PE,0,IDLE,0.62
10422000.00,PE,0,IDLE,0.62
10423000.00,PE,0,IDLE,0.62
10424000.00,PE,0,IDLE,0.62
10425000.00,PE,0,IDLE,0.62
10426000.00,PE,0,IDLE,0.62
10427000.00,PE,0,IDLE,0.62
10428000.00,PE,0,IDLE,0.62
10429000.00,PE,0,IDLE,0.62
10430000.00,PE,0,IDLE,0.62
10431000.00,PE,0,IDLE,0.62
10432000.00,PE,0,IDLE,0.62
10433000.00,PE,0,IDLE,0.62
10434000.00,PE,0,IDLE,0.62
10435000.00,PE,0,IDLE,0.62
10436000.00,PE,0,IDLE,0.62
10437000.00,PE,0,IDLE,0.62
10438000.00,PE,0,IDLE,0.62
10439000.00,PE,0,IDLE,0.62
10440000.00,PE,0,IDLE,0.62
10441000.00,PE,0,IDLE,0.62
10442000.00,PE,0,IDLE,0.62
10443000.00,PE,0,IDLE,0.62
10444000.00,PE,0,IDLE,0.62
10445000.00,PE,0,IDLE,0.62
10446000.00,PE,0,IDLE,0.62
10447000.00,PE,0,IDLE,0.62
10448000.00,PE,0,IDLE,0.62
10449000.00,PE,0,IDLE,0.62
10450000.00,PE,0,IDLE,0.62
10451000.00,PE,0,IDLE,0.62
10452000.00,PE,0,IDLE,0.62
10453000.00,PE,0,IDLE,0.62
10454000.00,PE,0,IDLE,0.62
10455000.00,PE,0,IDLE,0.62
10456000.00,PE,0,IDLE,0.62
10457000.00,PE,0,IDLE,0.62
10458000.00,PE,0,IDLE,0.62
10459000.00,PE,0,IDLE,0.62
10460000.00,PE,0,IDLE,0.62
10461000.00,PE,0,IDLE,0.62
10462000.00,PE,0,IDLE,0.62
10463000.00,PE,0,IDLE,0.62
10464000.00,PE,0,IDLE,0.62
10465000.00,PE,0,IDLE,0.62
10466000.00,PE,0,IDLE,0.62
10467000.00,PE,0,IDLE,0.62
10468000.00,PE,0,IDLE,0.62
10469000.00,PE,0,IDLE,0.62
10470000.00,PE,0,IDLE,0.62
10471000.00,PE,0,IDLE,0.62
10472000.00,PE,0,IDLE,0.62
10473000.00,PE,0,IDLE,0.62
10474000.00,PE,0,IDLE,0.62
10475000.00,PE,0,IDLE,0.62
10476000.00,PE,0,IDLE,0.62
10477000.00,PE,0,IDLE,0.62
10478000.00,PE,0,IDLE,0.62
10479000.00,PE,0,IDLE,0.62
10480000.00,PE,0,IDLE,0.62
10481000.00,PE,0,IDLE,0.62
10482000.00,PE,0,IDLE,0.62
10483000.00,PE,0,IDLE,0.62
10484000.00,PE,0,IDLE,0.62
10485000.00,PE,0,IDLE,0.62
10486000.00,PE,0,IDLE,0.62
10487000.00,PE,0,IDLE,0.62
10488000.00,PE,0,IDLE,0.62
10489000.00,PE,0,IDLE,0.62
10490000.00,PE,0,IDLE,0.62
10491000.00,PE,0,IDLE,0.62
10492000.00,PE,0,IDLE,0.62
10493000.00,PE,0,IDLE,0.62
10494000.00,PE,0,IDLE,0.62
10495000.00,PE,0,IDLE,0.62
10496000.00,PE,0,IDLE,0.62
10497000.00,PE,0,IDLE,0.62
10498000.00,PE,0,IDLE,0.62
10499000.00,PE,0,IDLE,0.62
10500000.00,PE,0,IDLE,0.62
10501000.00,PE,0,IDLE,0.62
10502000.00,PE,0,IDLE,0.62
10503000.00,PE,0,IDLE,0.62
10504000.00,PE,0,IDLE,0.62
10505000.00,PE,0,IDLE,0.62
10506000.00,PE,0,IDLE,0.62
10507000.00,PE,0,IDLE,0.62
10508000.00,PE,0,IDLE,0.62
10509000.00,PE,0,IDLE,0.62
10510000.00,PE,0,IDLE,0.62
10511000.00,PE,0,IDLE,0.62
10512000.00,PE,0,IDLE,0.62
10513000.00,PE,0,IDLE,0.62
10514000.00,PE,0,IDLE,0.62
10515000.00,PE,0,IDLE,0.62
10516000.00,PE,0,IDLE,0.62
10517000.00,PE,0,IDLE,0.62
10518000.00,PE,0,IDLE,0.62
10519000.00,PE,0,IDLE,0.62
10520000.00,PE,0,IDLE,0.62
10521000.00,PE,0,IDLE,0.62
10522000.00,PE,0,IDLE,0.62
10523000.00,PE,0,IDLE,0.62
10524000.00,PE,0,IDLE,0.62
10525000.00,PE,0,IDLE,0.62
10526000.00,PE,0,IDLE,0.62
10527000.00,PE,0,IDLE,0.62
10528000.00,PE,0,IDLE,0.62
10529000.00,PE,0,IDLE,0.62
10530000.00,PE,0,IDLE,0.62
10531000.00,PE,0,IDLE,0.62
10532000.00,PE,0,IDLE,0.62
10533000.00,PE,0,IDLE,0.62
10534000.00,PE,0,IDLE,0.62
10535000.00,PE,0,IDLE,0.62
10536000.00,PE,0,IDLE,0.62
10537000.00,PE,0,IDLE,0.62
10538000.00,PE,0,IDLE,0.62
10539000.00,PE,0,IDLE,0.62
10540000.00,PE,0,IDLE,0.62
10541000.00,PE,0,IDLE,0.62
10542000.00,PE,0,IDLE,0.62
10543000.00,PE,0,IDLE,0.62
10544000.00,PE,0,IDLE,0.62
10545000.00,PE,0,IDLE,0.62
10546000.00,PE,0,IDLE,0.62
10547000.00,PE,0,IDLE,0.62
10548000.00,PE,0,IDLE,0.62
10549000.00,PE,0,IDLE,0.62
10550000.00,PE,0,IDLE,0.62
10551000.00,PE,0,IDLE,0.62
10552000.00,PE,0,IDLE,0.62
10553000.00,PE,0,IDLE,0.62
10554000.00,PE,0,IDLE,0.62
10555000.00,PE,0,IDLE,0.62
10556000.00,PE,0,IDLE,0.62
10557000.00,PE,0,IDLE,0.62
10558000.00,PE,0,IDLE,0.62
10559000.00,PE,0,IDLE,0.62
10560000.00,PE,0,IDLE,0.62
10561000.00,PE,0,IDLE,0.62
10562000.00,PE,0,IDLE,0.62
10563000.00,PE,0,IDLE,0.62
10564000.00,PE,0,IDLE,0.62
10565000.00,PE,0,IDLE,0.62
10566000.00,PE,0,IDLE,0.62
10567000.00,PE,0,IDLE,0.62
10568000.00,PE,0,IDLE,0.62
10569000.00,PE,0,IDLE,0.62
10570000.00,PE,0,IDLE,0.62
10571000.00,PE,0,IDLE,0.62
10572000.00,PE,0,IDLE,0.62
10573000.00,PE,0,IDLE,0.62
10574000.00,PE,0,IDLE,0.62
10575000.00,PE,0,IDLE,0.62
10576000.00,PE,0,IDLE,0.62
10577000.00,PE,0,IDLE,0.62
10578000.00,PE,0,IDLE,0.62
10579000.00,PE,0,IDLE,0.62
10580000.00,PE,0,IDLE,0.62
10581000.00,PE,0,IDLE,0.62
10582000.00,PE,0,IDLE,0.62
10583000.00,PE,0,IDLE,0.62
10584000.00,PE,0,IDLE,0.62
10585000.00,PE,0,IDLE,0.62
10586000.00,PE,0,IDLE,0.62
10587000.00,PE,0,IDLE,0.62
10588000.00,PE,0,IDLE,0.62
10589000.00,PE,0,IDLE,0.62
10590000.00,PE,0,IDLE,0.62
10591000.00,PE,0,IDLE,0.62
10592000.00,PE,0,IDLE,0.62
10593000.00,PE,0,IDLE,0.62
10594000.00,PE,0,IDLE,0.62
10595000.00,PE,0,IDLE,0.62
10596000.00,PE,0,IDLE,0.62
10597000.00,PE,0,IDLE,0.62
10598000.00,PE,0,IDLE,0.62
10599000.00,PE,0,IDLE,0.62
10600000.00,PE,0,IDLE,0.62
10601000.00,PE,0,IDLE,0.62
10602000.00,PE,0,IDLE,0.62
10603000.00,PE,0,IDLE,0.62
10604000.00,PE,0,IDLE,0.62
10605000.00,PE,0,IDLE,0.62
10606000.00,PE,0,IDLE,0.62
10607000.00,PE,0,IDLE,0.62
10608000.00,PE,0,IDLE,0.62
10609000.00,PE,0,IDLE,0.62
10610000.00,PE,0,IDLE,0.62
10611000.00,PE,0,IDLE,0.62
10612000.00,PE,0,IDLE,0.62
10613000.00,PE,0,IDLE,0.62
10614000.00,PE,0,IDLE,0.62
10615000.00,PE,0,IDLE,0.62
10616000.00,PE,0,IDLE,0.62
10617000.00,PE,0,IDLE,0.62
10618000.00,PE,0,IDLE,0.62
10619000.00,PE,0,IDLE,0.62
10620000.00,PE,0,IDLE,0.62
10621000.00,PE,0,IDLE,0.62
10622000.00,PE,0,IDLE,0.62
10623000.00,PE,0,IDLE,0.62
10624000.00,PE,0,IDLE,0.62
10625000.00,PE,0,IDLE,0.62
10626000.00,PE,0,IDLE,0.62
10627000.00,PE,0,IDLE,0.62
10628000.00,PE,0,IDLE,0.62
10629000.00,PE,0,IDLE,0.62
10630000.00,PE,0,IDLE,0.62
10631000.00,PE,0,IDLE,0.62
10632000.00,PE,0,IDLE,0.62
10633000.00,PE,0,IDLE,0.62
10634000.00,PE,0,IDLE,0.62
10635000.00,PE,0,IDLE,0.62
10636000.00,PE,0,IDLE,0.62
10637000.00,PE,0,IDLE,0.62
10638000.00,PE,0,IDLE,0.62
10639000.00,PE,0,IDLE,0.62
10640000.00,PE,0,IDLE,0.62
10641000.00,PE,0,IDLE,0.62
10642000.00,PE,0,IDLE,0.62
10643000.00,PE,0,IDLE,0.62
10644000.00,PE,0,IDLE,0.62
10645000.00,PE,0,IDLE,0.62
10646000.00,PE,0,IDLE,0.62
10647000.00,PE,0,IDLE,0.62
10648000.00,PE,0,IDLE,0.62
10649000.00,PE,0,IDLE,0.62
10650000.00,PE,0,IDLE,0.62
10651000.00,PE,0,IDLE,0.62
10652000.00,PE,0,IDLE,0.62
10653000.00,PE,0,IDLE,0.62
10654000.00,PE,0,IDLE,0.62
10655000.00,PE,0,IDLE,0.62
10656000.00,PE,0,IDLE,0.62
10657000.00,PE,0,IDLE,0.62
10658000.00,PE,0,IDLE,0.62
10659000.00,PE,0,IDLE,0.62
10660000.00,PE,0,IDLE,0.62
10661000.00,PE,0,IDLE,0.62
10662000.00,PE,0,IDLE,0.62
10663000.00,PE,0,IDLE,0.62
10664000.00,PE,0,IDLE,0.62
10665000.00,PE,0,IDLE,0.62
10666000.00,PE,0,IDLE,0.62
10667000.00,PE,0,IDLE,0.62
10668000.00,PE,0,IDLE,0.62
10669000.00,PE,0,IDLE,0.62
10670000.00,PE,0,IDLE,0.62
10671000.00,PE,0,IDLE,0.62
10672000.00,PE,0,IDLE,0.62
10673000.00,PE,0,IDLE,0.62
10674000.00,PE,0,IDLE,0.62
10675000.00,PE,0,IDLE,0.62
10676000.00,PE,0,IDLE,0.62
10677000.00,PE,0,IDLE,0.62
10678000.00,PE,0,IDLE,0.62
10679000.00,PE,0,IDLE,0.62
10680000.00,PE,0,IDLE,0.62
10681000.00,PE,0,IDLE,0.62
10682000.00,PE,0,IDLE,0.62
10683000.00,PE,0,IDLE,0.62
10684000.00,PE,0,IDLE,0.62
10685000.00,PE,0,IDLE,0.62
10686000.00,PE,0,IDLE,0.62
10687000.00,PE,0,IDLE,0.62
10688000.00,PE,0,IDLE,0.62
10689000.00,PE,0,IDLE,0.62
10690000.00,PE,0,IDLE,0.62
10691000.00,PE,0,IDLE,0.62
10692000.00,PE,0,IDLE,0.62
10693000.00,PE,0,IDLE,0.62
10694000.00,PE,0,IDLE,0.62
10695000.00,PE,0,IDLE,0.62
10696000.00,PE,0,IDLE,0.62
10697000.00,PE,0,IDLE,0.62
10698000.00,PE,0,IDLE,0.62
10699000.00,PE,0,IDLE,0.62
10700000.00,PE,0,IDLE,0.62
10701000.00,PE,0,IDLE,0.62
10702000.00,PE,0,IDLE,0.62
10703000.00,PE,0,IDLE,0.62
10704000.00,PE,0,IDLE,0.62
10705000.00,PE,0,IDLE,0.62
10706000.00,PE,0,IDLE,0.62
10707000.00,PE,0,IDLE,0.62
10708000.00,PE,0,IDLE,0.62
10709000.00,PE,0,IDLE,0.62
10710000.00,PE,0,IDLE,0.62
10711000.00,PE,0,IDLE,0.62
10712000.00,PE,0,IDLE,0.62
10713000.00,PE,0,IDLE,0.62
10714000.00,PE,0,IDLE,0.62
10715000.00,PE,0,IDLE,0.62
10716000.00,PE,0,IDLE,0.62
10717000.00,PE,0,IDLE,0.62
10718000.00,PE,0,IDLE,0.62
10719000.00,PE,0,IDLE,0.62
10720000.00,PE,0,IDLE,0.62
10721000.00,PE,0,IDLE,0.62
10722000.00,PE,0,IDLE,0.62
10723000.00,PE,0,IDLE,0.62
10724000.00,PE,0,IDLE,0.62
10725000.00,PE,0,IDLE,0.62
10726000.00,PE,0,IDLE,0.62
10727000.00,PE,0,IDLE,0.62
10728000.00,PE,0,IDLE,0.62
10729000.00,PE,0,IDLE,0.62
10730000.00,PE,0,IDLE,0.62
10731000.00,PE,0,IDLE,0.62
10732000.00,PE,0,IDLE,0.62
10733000.00,PE,0,IDLE,0.62
10734000.00,PE,0,IDLE,0.62
10735000.00,PE,0,IDLE,0.62
10736000.00,PE,0,IDLE,0.62
10737000.00,PE,0,IDLE,0.62
10738000.00,PE,0,IDLE,0.62
10739000.00,PE,0,IDLE,0.62
10740000.00,PE,0,IDLE,0.62
10741000.00,PE,0,IDLE,0.62
10742000.00,PE,0,IDLE,0.62
10743000.00,PE,0,IDLE,0.62
10744000.00,PE,0,IDLE,0.62
10745000.00,PE,0,IDLE,0.62
10746000.00,PE,0,IDLE,0.62
10747000.00,PE,0,IDLE,0.62
10748000.00,PE,0,IDLE,0.62
10749000.00,PE,0,IDLE,0.62
10750000.00,PE,0,IDLE,0.62
10751000.00,PE,0,IDLE,0.62
10752000.00,PE,0,IDLE,0.62
10753000.00,PE,0,IDLE,0.62
10754000.00,PE,0,IDLE,0.62
10755000.00,PE,0,IDLE,0.62
10756000.00,PE,0,IDLE,0.62
10757000.00,PE,0,IDLE,0.62
10758000.00,PE,0,IDLE,0.62
10759000.00,PE,0,IDLE,0.62
10760000.00,PE,0,IDLE,0.62
10761000.00,PE,0,IDLE,0.62
10762000.00,PE,0,IDLE,0.62
10763000.00,PE,0,IDLE,0.62
10764000.00,PE,0,IDLE,0.62
10765000.00,PE,0,IDLE,0.62
10766000.00,PE,0,IDLE,0.62
10767000.00,PE,0,IDLE,0.62
10768000.00,PE,0,IDLE,0.62
10769000.00,PE,0,IDLE,0.62
10770000.00,PE,0,IDLE,0.62
10771000.00,PE,0,IDLE,0.62
10772000.00,PE,0,IDLE,0.62
10773000.00,PE,0,IDLE,0.62
10774000.00,PE,0,IDLE,0.62
10775000.00,PE,0,IDLE,0.62
10776000.00,PE,0,IDLE,0.62
10777000.00,PE,0,IDLE,0.62
10778000.00,PE,0,IDLE,0.62
10779000.00,PE,0,IDLE,0.62
10780000.00,PE,0,IDLE,0.62
10781000.00,PE,0,IDLE,0.62
10782000.00,PE,0,IDLE,0.62
10783000.00,PE,0,IDLE,0.62
10784000.00,PE,0,IDLE,0.62
10785000.00,PE,0,IDLE,0.62
10786000.00,PE,0,IDLE,0.62
10787000.00,PE,0,IDLE,0.62
10788000.00,PE,0,IDLE,0.62
10789000.00,PE,0,IDLE,0.62
10790000.00,PE,0,IDLE,0.62
10791000.00,PE,0,IDLE,0.62
10792000.00,PE,0,IDLE,0.62
10793000.00,PE,0,IDLE,0.62
10794000.00,PE,0,IDLE,0.62
10795000.00,PE,0,IDLE,0.62
10796000.00,PE,0,IDLE,0.62
10797000.00,PE,0,IDLE,0.62
10798000.00,PE,0,IDLE,0.62
10799000.00,PE,0,IDLE,0.62
10800000.00,PE,0,IDLE,0.62
10801000.00,PE,0,IDLE,0.62
10802000.00,PE,0,IDLE,0.62
10803000.00,PE,0,IDLE,0.62
10804000.00,PE,0,IDLE,0.62
10805000.00,PE,0,IDLE,0.62
10806000.00,PE,0,IDLE,0.62
10807000.00,PE,0,IDLE,0.62
10808000.00,PE,0,IDLE,0.62
10809000.00,PE,0,IDLE,0.62
10810000.00,PE,0,IDLE,0.62
10811000.00,PE,0,IDLE,0.62
10812000.00,PE,0,IDLE,0.62
10813000.00,PE,0,IDLE,0.62
10814000.00,PE,0,IDLE,0.62
10815000.00,PE,0,IDLE,0.62
10816000.00,PE,0,IDLE,0.62
10817000.00,PE,0,IDLE,0.62
10818000.00,PE,0,IDLE,0.62
10819000.00,PE,0,IDLE,0.62
10820000.00,PE,0,IDLE,0.62
10821000.00,PE,0,IDLE,0.62
10822000.00,PE,0,IDLE,0.62
10823000.00,PE,0,IDLE,0.62
10824000.00,PE,0,IDLE,0.62
10825000.00,PE,0,IDLE,0.62
10826000.00,PE,0,IDLE,0.62
10827000.00,PE,0,IDLE,0.62
10828000.00,PE,0,IDLE,0.62
10829000.00,PE,0,IDLE,0.62
10830000.00,PE,0,IDLE,0.62
10831000.00,PE,0,IDLE,0.62
10832000.00,PE,0,IDLE,0.62
10833000.00,PE,0,IDLE,0.62
10834000.00,PE,0,IDLE,0.62
10835000.00,PE,0,IDLE,0.62
10836000.00,PE,0,IDLE,0.62
10837000.00,PE,0,IDLE,0.62
10838000.00,PE,0,IDLE,0.62
10839000.00,PE,0,IDLE,0.62
10840000.00,PE,0,IDLE,0.62
10841000.00,PE,0,IDLE,0.62
10842000.00,PE,0,IDLE,0.62
10843000.00,PE,0,IDLE,0.62
10844000.00,PE,0,IDLE,0.62
10845000.00,PE,0,IDLE,0.62
10846000.00,PE,0,IDLE,0.62
10847000.00,PE,0,IDLE,0.62
10848000.00,PE,0,IDLE,0.62
10849000.00,PE,0,IDLE,0.62
10850000.00,PE,0,IDLE,0.62
10851000.00,PE,0,IDLE,0.62
10852000.00,PE,0,IDLE,0.62
10853000.00,PE,0,IDLE,0.62
10854000.00,PE,0,IDLE,0.62
10855000.00,PE,0,IDLE,0.62
10856000.00,PE,0,IDLE,0.62
10857000.00,PE,0,IDLE,0.62
10858000.00,PE,0,IDLE,0.62
10859000.00,PE,0,IDLE,0.62
10860000.00,PE,0,IDLE,0.62
10861000.00,PE,0,IDLE,0.62
10862000.00,PE,0,IDLE,0.62
10863000.00,PE,0,IDLE,0.62
10864000.00,PE,0,IDLE,0.62
10865000.00,PE,0,IDLE,0.62
10866000.00,PE,0,IDLE,0.62
10867000.00,PE,0,IDLE,0.62
10868000.00,PE,0,IDLE,0.62
10869000.00,PE,0,IDLE,0.62
10870000.00,PE,0,IDLE,0.62
10871000.00,PE,0,IDLE,0.62
10872000.00,PE,0,IDLE,0.62
10873000.00,PE,0,IDLE,0.62
10874000.00,PE,0,IDLE,0.62
10875000.00,PE,0,IDLE,0.62
10876000.00,PE,0,IDLE,0.62
10877000.00,PE,0,IDLE,0.62
10878000.00,PE,0,IDLE,0.62
10879000.00,PE,0,IDLE,0.62
10880000.00,PE,0,IDLE,0.62
10881000.00,PE,0,IDLE,0.62
10882000.00,PE,0,IDLE,0.62
10883000.00,PE,0,IDLE,0.62
10884000.00,PE,0,IDLE,0.62
10885000.00,PE,0,IDLE,0.62
10886000.00,PE,0,IDLE,0.62
10887000.00,PE,0,IDLE,0.62
10888000.00,PE,0,IDLE,0.62
10889000.00,PE,0,IDLE,0.62
10890000.00,PE,0,IDLE,0.62
10891000.00,PE,0,IDLE,0.62
10892000.00,PE,0,IDLE,0.62
10893000.00,PE,0,IDLE,0.62
10894000.00,PE,0,IDLE,0.62
10895000.00,PE,0,IDLE,0.62
10896000.00,PE,0,IDLE,0.62
10897000.00,PE,0,IDLE,0.62
10898000.00,PE,0,IDLE,0.62
10899000.00,PE,0,IDLE,0.62
10900000.00,PE,0,IDLE,0.62
10901000.00,PE,0,IDLE,0.62
10902000.00,PE,0,IDLE,0.62
10903000.00,PE,0,IDLE,0.62
10904000.00,PE,0,IDLE,0.62
10905000.00,PE,0,IDLE,0.62
10906000.00,PE,0,IDLE,0.62
10907000.00,PE,0,IDLE,0.62
10908000.00,PE,0,IDLE,0.62
10909000.00,PE,0,IDLE,0.62
10910000.00,PE,0,IDLE,0.62
10911000.00,PE,0,IDLE,0.62
10912000.00,PE,0,IDLE,0.62
10913000.00,PE,0,IDLE,0.62
10914000.00,PE,0,IDLE,0.62
10915000.00,PE,0,IDLE,0.62
10916000.00,PE,0,IDLE,0.62
10917000.00,PE,0,IDLE,0.62
10918000.00,PE,0,IDLE,0.62
10919000.00,PE,0,IDLE,0.62
10920000.00,PE,0,IDLE,0.62
10921000.00,PE,0,IDLE,0.62
10922000.00,PE,0,IDLE,0.62
10923000.00,PE,0,IDLE,0.62
10924000.00,PE,0,IDLE,0.62
10925000.00,PE,0,IDLE,0.62
10926000.00,PE,0,IDLE,0.62
10927000.00,PE,0,IDLE,0.62
10928000.00,PE,0,IDLE,0.62
10929000.00,PE,0,IDLE,0.62
10930000.00,PE,0,IDLE,0.62
10931000.00,PE,0,IDLE,0.62
10932000.00,PE,0,IDLE,0.62
10933000.00,PE,0,IDLE,0.62
10934000.00,PE,0,IDLE,0.62
10935000.00,PE,0,IDLE,0.62
10936000.00,PE,0,IDLE,0.62
10937000.00,PE,0,IDLE,0.62
10938000.00,PE,0,IDLE,0.62
10939000.00,PE,0,IDLE,0.62
10940000.00,PE,0,IDLE,0.62
10941000.00,PE,0,IDLE,0.62
10942000.00,PE,0,IDLE,0.62
10943000.00,PE,0,IDLE,0.62
10944000.00,PE,0,IDLE,0.62
10945000.00,PE,0,IDLE,0.62
10946000.00,PE,0,IDLE,0.62
10947000.00,PE,0,IDLE,0.62
10948000.00,PE,0,IDLE,0.62
10949000.00,PE,0,IDLE,0.62
10950000.00,PE,0,IDLE,0.62
10951000.00,PE,0,IDLE,0.62
10952000.00,PE,0,IDLE,0.62
10953000.00,PE,0,IDLE,0.62
10954000.00,PE,0,IDLE,0.62
10955000.00,PE,0,IDLE,0.62
10956000.00,PE,0,IDLE,0.62
10957000.00,PE,0,IDLE,0.62
10958000.00,PE,0,IDLE,0.62
10959000.00,PE,0,IDLE,0.62
10960000.00,PE,0,IDLE,0.62
10961000.00,PE,0,IDLE,0.62
10962000.00,PE,0,IDLE,0.62
10963000.00,PE,0,IDLE,0.62
10964000.00,PE,0,IDLE,0.62
10965000.00,PE,0,IDLE,0.62
10966000.00,PE,0,IDLE,0.62
10967000.00,PE,0,IDLE,0.62
10968000.00,PE,0,IDLE,0.62
10969000.00,PE,0,IDLE,0.62
10970000.00,PE,0,IDLE,0.62
10971000.00,PE,0,IDLE,0.62
10972000.00,PE,0,IDLE,0.62
10973000.00,PE,0,IDLE,0.62
10974000.00,PE,0,IDLE,0.62
10975000.00,PE,0,IDLE,0.62
10976000.00,PE,0,IDLE,0.62
10977000.00,PE,0,IDLE,0.62
10978000.00,PE,0,IDLE,0.62
10979000.00,PE,0,IDLE,0.62
10980000.00,PE,0,IDLE,0.62
10981000.00,PE,0,IDLE,0.62
10982000.00,PE,0,IDLE,0.62
10983000.00,PE,0,IDLE,0.62
10984000.00,PE,0,IDLE,0.62
10985000.00,PE,0,IDLE,0.62
10986000.00,PE,0,IDLE,0.62
10987000.00,PE,0,IDLE,0.62
10988000.00,PE,0,IDLE,0.62
10989000.00,PE,0,IDLE,0.62
10990000.00,PE,0,IDLE,0.62
10991000.00,PE,0,IDLE,0.62
10992000.00,PE,0,IDLE,0.62
10993000.00,PE,0,IDLE,0.62
10994000.00,PE,0,IDLE,0.62
10995000.00,PE,0,IDLE,0.62
10996000.00,PE,0,IDLE,0.62
10997000.00,PE,0,IDLE,0.62
10998000.00,PE,0,IDLE,0.62
10999000.00,PE,0,IDLE,0.62
11000000.00,PE,0,IDLE,0.62
11001000.00,PE,0,IDLE,0.62
11002000.00,PE,0,IDLE,0.62
11003000.00,PE,0,IDLE,0.62
11004000.00,PE,0,IDLE,0.62
11005000.00,PE,0,IDLE,0.62
11006000.00,PE,0,IDLE,0.62
11007000.00,PE,0,IDLE,0.62
11008000.00,PE,0,IDLE,0.62
11009000.00,PE,0,IDLE,0.62
11010000.00,PE,0,IDLE,0.62
11011000.00,PE,0,IDLE,0.62
11012000.00,PE,0,IDLE,0.62
11013000.00,PE,0,IDLE,0.62
11014000.00,PE,0,IDLE,0.62
11015000.00,PE,0,IDLE,0.62
11016000.00,PE,0,IDLE,0.62
11017000.00,PE,0,IDLE,0.62
11018000.00,PE,0,IDLE,0.62
11019000.00,PE,0,IDLE,0.62
11020000.00,PE,0,IDLE,0.62
11021000.00,PE,0,IDLE,0.62
11022000.00,PE,0,IDLE,0.62
11023000.00,PE,0,IDLE,0.62
11024000.00,PE,0,IDLE,0.62
11025000.00,PE,0,IDLE,0.62
11026000.00,PE,0,IDLE,0.62
11027000.00,PE,0,IDLE,0.62
11028000.00,PE,0,IDLE,0.62
11029000.00,PE,0,IDLE,0.62
11030000.00,PE,0,IDLE,0.62
11031000.00,PE,0,IDLE,0.62
11032000.00,PE,0,IDLE,0.62
11033000.00,PE,0,IDLE,0.62
11034000.00,PE,0,IDLE,0.62
11035000.00,PE,0,IDLE,0.62
11036000.00,PE,0,IDLE,0.62
11037000.00,PE,0,IDLE,0.62
11038000.00,PE,0,IDLE,0.62
11039000.00,PE,0,IDLE,0.62
11040000.00,PE,0,IDLE,0.62
11041000.00,PE,0,IDLE,0.62
11042000.00,PE,0,IDLE,0.62
11043000.00,PE,0,IDLE,0.62
11044000.00,PE,0,IDLE,0.62
11045000.00,PE,0,IDLE,0.62
11046000.00,PE,0,IDLE,0.62
11047000.00,PE,0,IDLE,0.62
11048000.00,PE,0,IDLE,0.62
11049000.00,PE,0,IDLE,0.62
11050000.00,PE,0,IDLE,0.62
11051000.00,PE,0,IDLE,0.62
11052000.00,PE,0,IDLE,0.62
11053000.00,PE,0,IDLE,0.62
11054000.00,PE,0,IDLE,0.62
11055000.00,PE,0,IDLE,0.62
11056000.00,PE,0,IDLE,0.62
11057000.00,PE,0,IDLE,0.62
11058000.00,PE,0,IDLE,0.62
11059000.00,PE,0,IDLE,0.62
11060000.00,PE,0,IDLE,0.62
11061000.00,PE,0,IDLE,0.62
11062000.00,PE,0,IDLE,0.62
11063000.00,PE,0,IDLE,0.62
11064000.00,PE,0,IDLE,0.62
11065000.00,PE,0,IDLE,0.62
11066000.00,PE,0,IDLE,0.62
11067000.00,PE,0,IDLE,0.62
11068000.00,PE,0,IDLE,0.62
11069000.00,PE,0,IDLE,0.62
11070000.00,PE,0,IDLE,0.62
11071000.00,PE,0,IDLE,0.62
11072000.00,PE,0,IDLE,0.62
11073000.00,PE,0,IDLE,0.62
11074000.00,PE,0,IDLE,0.62
11075000.00,PE,0,IDLE,0.62
11076000.00,PE,0,IDLE,0.62
11077000.00,PE,0,IDLE,0.62
11078000.00,PE,0,IDLE,0.62
11079000.00,PE,0,IDLE,0.62
11080000.00,PE,0,IDLE,0.62
11081000.00,PE,0,IDLE,0.62
11082000.00,PE,0,IDLE,0.62
11083000.00,PE,0,IDLE,0.62
11084000.00,PE,0,IDLE,0.62
11085000.00,PE,0,IDLE,0.62
11086000.00,PE,0,IDLE,0.62
11087000.00,PE,0,IDLE,0.62
11088000.00,PE,0,IDLE,0.62
11089000.00,PE,0,IDLE,0.62
11090000.00,PE,0,IDLE,0.62
11091000.00,PE,0,IDLE,0.62
11092000.00,PE,0,IDLE,0.62
11093000.00,PE,0,IDLE,0.62
11094000.00,PE,0,IDLE,0.62
11095000.00,PE,0,IDLE,0.62
11096000.00,PE,0,IDLE,0.62
11097000.00,PE,0,IDLE,0.62
11098000.00,PE,0,IDLE,0.62
11099000.00,PE,0,IDLE,0.62
11100000.00,PE,0,IDLE,0.62
11101000.00,PE,0,IDLE,0.62
11102000.00,PE,0,IDLE,0.62
11103000.00,PE,0,IDLE,0.62
11104000.00,PE,0,IDLE,0.62
11105000.00,PE,0,IDLE,0.62
11106000.00,PE,0,IDLE,0.62
11107000.00,PE,0,IDLE,0.62
11108000.00,PE,0,IDLE,0.62
11109000.00,PE,0,IDLE,0.62
11110000.00,PE,0,IDLE,0.62
11111000.00,PE,0,IDLE,0.62
11112000.00,PE,0,IDLE,0.62
11113000.00,PE,0,IDLE,0.62
11114000.00,PE,0,IDLE,0.62
11115000.00,PE,0,IDLE,0.62
11116000.00,PE,0,IDLE,0.62
11117000.00,PE,0,IDLE,0.62
11118000.00,PE,0,IDLE,0.62
11119000.00,PE,0,IDLE,0.62
11120000.00,PE,0,IDLE,0.62
11121000.00,PE,0,IDLE,0.62
11122000.00,PE,0,IDLE,0.62
11123000.00,PE,0,IDLE,0.62
11124000.00,PE,0,IDLE,0.62
11125000.00,PE,0,IDLE,0.62
11126000.00,PE,0,IDLE,0.62
11127000.00,PE,0,IDLE,0.62
11128000.00,PE,0,IDLE,0.62
11129000.00,PE,0,IDLE,0.62
11130000.00,PE,0,IDLE,0.62
11131000.00,PE,0,IDLE,0.62
11132000.00,PE,0,IDLE,0.62
11133000.00,PE,0,IDLE,0.62
11134000.00,PE,0,IDLE,0.62
11135000.00,PE,0,IDLE,0.62
11136000.00,PE,0,IDLE,0.62
11137000.00,PE,0,IDLE,0.62
11138000.00,PE,0,IDLE,0.62
11139000.00,PE,0,IDLE,0.62
11140000.00,PE,0,IDLE,0.62
11141000.00,PE,0,IDLE,0.62
11142000.00,PE,0,IDLE,0.62
11143000.00,PE,0,IDLE,0.62
11144000.00,PE,0,IDLE,0.62
11145000.00,PE,0,IDLE,0.62
11146000.00,PE,0,IDLE,0.62
11147000.00,PE,0,IDLE,0.62
11148000.00,PE,0,IDLE,0.62
11149000.00,PE,0,IDLE,0.62
11150000.00,PE,0,IDLE,0.62
11151000.00,PE,0,IDLE,0.62
11152000.00,PE,0,IDLE,0.62
11153000.00,PE,0,IDLE,0.62
11154000.00,PE,0,IDLE,0.62
11155000.00,PE,0,IDLE,0.62
11156000.00,PE,0,IDLE,0.62
11157000.00,PE,0,IDLE,0.62
11158000.00,PE,0,IDLE,0.62
11159000.00,PE,0,IDLE,0.62
11160000.00,PE,0,IDLE,0.62
11161000.00,PE,0,IDLE,0.62
11162000.00,PE,0,IDLE,0.62
11163000.00,PE,0,IDLE,0.62
11164000.00,PE,0,IDLE,0.62
11165000.00,PE,0,IDLE,0.62
11166000.00,PE,0,IDLE,0.62
11167000.00,PE,0,IDLE,0.62
11168000.00,PE,0,IDLE,0.62
11169000.00,PE,0,IDLE,0.62
11170000.00,PE,0,IDLE,0.62
11171000.00,PE,0,IDLE,0.62
11172000.00,PE,0,IDLE,0.62
11173000.00,PE,0,IDLE,0.62
11174000.00,PE,0,IDLE,0.62
11175000.00,PE,0,IDLE,0.62
11176000.00,PE,0,IDLE,0.62
11177000.00,PE,0,IDLE,0.62
11178000.00,PE,0,IDLE,0.62
11179000.00,PE,0,IDLE,0.62
11180000.00,PE,0,IDLE,0.62
11181000.00,PE,0,IDLE,0.62
11182000.00,PE,0,IDLE,0.62
11183000.00,PE,0,IDLE,0.62
11184000.00,PE,0,IDLE,0.62
11185000.00,PE,0,IDLE,0.62
11186000.00,PE,0,IDLE,0.62
11187000.00,PE,0,IDLE,0.62
11188000.00,PE,0,IDLE,0.62
11189000.00,PE,0,IDLE,0.62
11190000.00,PE,0,IDLE,0.62
11191000.00,PE,0,IDLE,0.62
11192000.00,PE,0,IDLE,0.62
11193000.00,PE,0,IDLE,0.62
11194000.00,PE,0,IDLE,0.62
11195000.00,PE,0,IDLE,0.62
11196000.00,PE,0,IDLE,0.62
11197000.00,PE,0,IDLE,0.62
11198000.00,PE,0,IDLE,0.62
11199000.00,PE,0,IDLE,0.62
11200000.00,PE,0,IDLE,0.62
11201000.00,PE,0,IDLE,0.62
11202000.00,PE,0,IDLE,0.62
11203000.00,PE,0,IDLE,0.62
11204000.00,PE,0,IDLE,0.62
11205000.00,PE,0,IDLE,0.62
11206000.00,PE,0,IDLE,0.62
11207000.00,PE,0,IDLE,0.62
11208000.00,PE,0,IDLE,0.62
11209000.00,PE,0,IDLE,0.62
11210000.00,PE,0,IDLE,0.62
11211000.00,PE,0,IDLE,0.62
11212000.00,PE,0,IDLE,0.62
11213000.00,PE,0,IDLE,0.62
11214000.00,PE,0,IDLE,0.62
11215000.00,PE,0,IDLE,0.62
11216000.00,PE,0,IDLE,0.62
11217000.00,PE,0,IDLE,0.62
11218000.00,PE,0,IDLE,0.62
11219000.00,PE,0,IDLE,0.62
11220000.00,PE,0,IDLE,0.62
11221000.00,PE,0,IDLE,0.62
11222000.00,PE,0,IDLE,0.62
11223000.00,PE,0,IDLE,0.62
11224000.00,PE,0,IDLE,0.62
11225000.00,PE,0,IDLE,0.62
11226000.00,PE,0,IDLE,0.62
11227000.00,PE,0,IDLE,0.62
11228000.00,PE,0,IDLE,0.62
11229000.00,PE,0,IDLE,0.62
11230000.00,PE,0,IDLE,0.62
11231000.00,PE,0,IDLE,0.62
11232000.00,PE,0,IDLE,0.62
11233000.00,PE,0,IDLE,0.62
11234000.00,PE,0,IDLE,0.62
11235000.00,PE,0,IDLE,0.62
11236000.00,PE,0,IDLE,0.62
11237000.00,PE,0,IDLE,0.62
11238000.00,PE,0,IDLE,0.62
11239000.00,PE,0,IDLE,0.62
11240000.00,PE,0,IDLE,0.62
11241000.00,PE,0,IDLE,0.62
11242000.00,PE,0,IDLE,0.62
11243000.00,PE,0,IDLE,0.62
11244000.00,PE,0,IDLE,0.62
11245000.00,PE,0,IDLE,0.62
11246000.00,PE,0,IDLE,0.62
11247000.00,PE,0,IDLE,0.62
11248000.00,PE,0,IDLE,0.62
11249000.00,PE,0,IDLE,0.62
11250000.00,PE,0,IDLE,0.62
11251000.00,PE,0,IDLE,0.62
11252000.00,PE,0,IDLE,0.62
11253000.00,PE,0,IDLE,0.62
11254000.00,PE,0,IDLE,0.62
11255000.00,PE,0,IDLE,0.62
11256000.00,PE,0,IDLE,0.62
11257000.00,PE,0,IDLE,0.62
11258000.00,PE,0,IDLE,0.62
11259000.00,PE,0,IDLE,0.62
11260000.00,PE,0,IDLE,0.62
11261000.00,PE,0,IDLE,0.62
11262000.00,PE,0,IDLE,0.62
11263000.00,PE,0,IDLE,0.62
11264000.00,PE,0,IDLE,0.62
11265000.00,PE,0,IDLE,0.62
11266000.00,PE,0,IDLE,0.62
11267000.00,PE,0,IDLE,0.62
11268000.00,PE,0,IDLE,0.62
11269000.00,PE,0,IDLE,0.62
11270000.00,PE,0,IDLE,0.62
11271000.00,PE,0,IDLE,0.62
11272000.00,PE,0,IDLE,0.62
11273000.00,PE,0,IDLE,0.62
11274000.00,PE,0,IDLE,0.62
11275000.00,PE,0,IDLE,0.62
11276000.00,PE,0,IDLE,0.62
11277000.00,PE,0,IDLE,0.62
11278000.00,PE,0,IDLE,0.62
11279000.00,PE,0,IDLE,0.62
11280000.00,PE,0,IDLE,0.62
11281000.00,PE,0,IDLE,0.62
11282000.00,PE,0,IDLE,0.62
11283000.00,PE,0,IDLE,0.62
11284000.00,PE,0,IDLE,0.62
11285000.00,PE,0,IDLE,0.62
11286000.00,PE,0,IDLE,0.62
11287000.00,PE,0,IDLE,0.62
11288000.00,PE,0,IDLE,0.62
11289000.00,PE,0,IDLE,0.62
11290000.00,PE,0,IDLE,0.62
11291000.00,PE,0,IDLE,0.62
11292000.00,PE,0,IDLE,0.62
11293000.00,PE,0,IDLE,0.62
11294000.00,PE,0,IDLE,0.62
11295000.00,PE,0,IDLE,0.62
11296000.00,PE,0,IDLE,0.62
11297000.00,PE,0,IDLE,0.62
11298000.00,PE,0,IDLE,0.62
11299000.00,PE,0,IDLE,0.62
11300000.00,PE,0,IDLE,0.62
11301000.00,PE,0,IDLE,0.62
11302000.00,PE,0,IDLE,0.62
11303000.00,PE,0,IDLE,0.62
11304000.00,PE,0,IDLE,0.62
11305000.00,PE,0,IDLE,0.62
11306000.00,PE,0,IDLE,0.62
11307000.00,PE,0,IDLE,0.62
11308000.00,PE,0,IDLE,0.62
11309000.00,PE,0,IDLE,0.62
11310000.00,PE,0,IDLE,0.62
11311000.00,PE,0,IDLE,0.62
11312000.00,PE,0,IDLE,0.62
11313000.00,PE,0,IDLE,0.62
11314000.00,PE,0,IDLE,0.62
11315000.00,PE,0,IDLE,0.62
11316000.00,PE,0,IDLE,0.62
11317000.00,PE,0,IDLE,0.62
11318000.00,PE,0,IDLE,0.62
11319000.00,PE,0,IDLE,0.62
11320000.00,PE,0,IDLE,0.62
11321000.00,PE,0,IDLE,0.62
11322000.00,PE,0,IDLE,0.62
11323000.00,PE,0,IDLE,0.62
11324000.00,PE,0,IDLE,0.62
11325000.00,PE,0,IDLE,0.62
11326000.00,PE,0,IDLE,0.62
11327000.00,PE,0,IDLE,0.62
11328000.00,PE,0,IDLE,0.62
11329000.00,PE,0,IDLE,0.62
11330000.00,PE,0,IDLE,0.62
11331000.00,PE,0,IDLE,0.62
11332000.00,PE,0,IDLE,0.62
11333000.00,PE,0,IDLE,0.62
11334000.00,PE,0,IDLE,0.62
11335000.00,PE,0,IDLE,0.62
11336000.00,PE,0,IDLE,0.62
11337000.00,PE,0,IDLE,0.62
11338000.00,PE,0,IDLE,0.62
11339000.00,PE,0,IDLE,0.62
11340000.00,PE,0,IDLE,0.62
11341000.00,PE,0,IDLE,0.62
11342000.00,PE,0,IDLE,0.62
11343000.00,PE,0,IDLE,0.62
11344000.00,PE,0,IDLE,0.62
11345000.00,PE,0,IDLE,0.62
11346000.00,PE,0,IDLE,0.62
11347000.00,PE,0,IDLE,0.62
11348000.00,PE,0,IDLE,0.62
11349000.00,PE,0,IDLE,0.62
11350000.00,PE,0,IDLE,0.62
11351000.00,PE,0,IDLE,0.62
11352000.00,PE,0,IDLE,0.62
11353000.00,PE,0,IDLE,0.62
11354000.00,PE,0,IDLE,0.62
11355000.00,PE,0,IDLE,0.62
11356000.00,PE,0,IDLE,0.62
11357000.00,PE,0,IDLE,0.62
11358000.00,PE,0,IDLE,0.62
11359000.00,PE,0,IDLE,0.62
11360000.00,PE,0,IDLE,0.62
11361000.00,PE,0,IDLE,0.62
11362000.00,PE,0,IDLE,0.62
11363000.00,PE,0,IDLE,0.62
11364000.00,PE,0,IDLE,0.62
11365000.00,PE,0,IDLE,0.62
11366000.00,PE,0,IDLE,0.62
11367000.00,PE,0,IDLE,0.62
11368000.00,PE,0,IDLE,0.62
11369000.00,PE,0,IDLE,0.62
11370000.00,PE,0,IDLE,0.62
11371000.00,PE,0,IDLE,0.62
11372000.00,PE,0,IDLE,0.62
11373000.00,PE,0,IDLE,0.62
11374000.00,PE,0,IDLE,0.62
11375000.00,PE,0,IDLE,0.62
11376000.00,PE,0,IDLE,0.62
11377000.00,PE,0,IDLE,0.62
11378000.00,PE,0,IDLE,0.62
11379000.00,PE,0,IDLE,0.62
11380000.00,PE,0,IDLE,0.62
11381000.00,PE,0,IDLE,0.62
11382000.00,PE,0,IDLE,0.62
11383000.00,PE,0,IDLE,0.62
11384000.00,PE,0,IDLE,0.62
11385000.00,PE,0,IDLE,0.62
11386000.00,PE,0,IDLE,0.62
11387000.00,PE,0,IDLE,0.62
11388000.00,PE,0,IDLE,0.62
11389000.00,PE,0,IDLE,0.62
11390000.00,PE,0,IDLE,0.62
11391000.00,PE,0,IDLE,0.62
11392000.00,PE,0,IDLE,0.62
11393000.00,PE,0,IDLE,0.62
11394000.00,PE,0,IDLE,0.62
11395000.00,PE,0,IDLE,0.62
11396000.00,PE,0,IDLE,0.62
11397000.00,PE,0,IDLE,0.62
11398000.00,PE,0,IDLE,0.62
11399000.00,PE,0,IDLE,0.62
11400000.00,PE,0,IDLE,0.62
11401000.00,PE,0,IDLE,0.62
11402000.00,PE,0,IDLE,0.62
11403000.00,PE,0,IDLE,0.62
11404000.00,PE,0,IDLE,0.62
11405000.00,PE,0,IDLE,0.62
11406000.00,PE,0,IDLE,0.62
11407000.00,PE,0,IDLE,0.62
11408000.00,PE,0,IDLE,0.62
11409000.00,PE,0,IDLE,0.62
11410000.00,PE,0,IDLE,0.62
11411000.00,PE,0,IDLE,0.62
11412000.00,PE,0,IDLE,0.62
11413000.00,PE,0,IDLE,0.62
11414000.00,PE,0,IDLE,0.62
11415000.00,PE,0,IDLE,0.62
11416000.00,PE,0,IDLE,0.62
11417000.00,PE,0,IDLE,0.62
11418000.00,PE,0,IDLE,0.62
11419000.00,PE,0,IDLE,0.62
11420000.00,PE,0,IDLE,0.62
11421000.00,PE,0,IDLE,0.62
11422000.00,PE,0,IDLE,0.62
11423000.00,PE,0,IDLE,0.62
11424000.00,PE,0,IDLE,0.62
11425000.00,PE,0,IDLE,0.62
11426000.00,PE,0,IDLE,0.62
11427000.00,PE,0,IDLE,0.62
11428000.00,PE,0,IDLE,0.62
11429000.00,PE,0,IDLE,0.62
11430000.00,PE,0,IDLE,0.62
11431000.00,PE,0,IDLE,0.62
11432000.00,PE,0,IDLE,0.62
11433000.00,PE,0,IDLE,0.62
11434000.00,PE,0,IDLE,0.62
11435000.00,PE,0,IDLE,0.62
11436000.00,PE,0,IDLE,0.62
11437000.00,PE,0,IDLE,0.62
11438000.00,PE,0,IDLE,0.62
11439000.00,PE,0,IDLE,0.62
11440000.00,PE,0,IDLE,0.62
11441000.00,PE,0,IDLE,0.62
11442000.00,PE,0,IDLE,0.62
11443000.00,PE,0,IDLE,0.62
11444000.00,PE,0,IDLE,0.62
11445000.00,PE,0,IDLE,0.62
11446000.00,PE,0,IDLE,0.62
11447000.00,PE,0,IDLE,0.62
11448000.00,PE,0,IDLE,0.62
11449000.00,PE,0,IDLE,0.62
11450000.00,PE,0,IDLE,0.62
11451000.00,PE,0,IDLE,0.62
11452000.00,PE,0,IDLE,0.62
11453000.00,PE,0,IDLE,0.62
11454000.00,PE,0,IDLE,0.62
11455000.00,PE,0,IDLE,0.62
11456000.00,PE,0,IDLE,0.62
11457000.00,PE,0,IDLE,0.62
11458000.00,PE,0,IDLE,0.62
11459000.00,PE,0,IDLE,0.62
11460000.00,PE,0,IDLE,0.62
11461000.00,PE,0,IDLE,0.62
11462000.00,PE,0,IDLE,0.62
11463000.00,PE,0,IDLE,0.62
11464000.00,PE,0,IDLE,0.62
11465000.00,PE,0,IDLE,0.62
11466000.00,PE,0,IDLE,0.62
11467000.00,PE,0,IDLE,0.62
11468000.00,PE,0,IDLE,0.62
11469000.00,PE,0,IDLE,0.62
11470000.00,PE,0,IDLE,0.62
11471000.00,PE,0,IDLE,0.62
11472000.00,PE,0,IDLE,0.62
11473000.00,PE,0,IDLE,0.62
11474000.00,PE,0,IDLE,0.62
11475000.00,PE,0,IDLE,0.62
11476000.00,PE,0,IDLE,0.62
11477000.00,PE,0,IDLE,0.62
11478000.00,PE,0,IDLE,0.62
11479000.00,PE,0,IDLE,0.62
11480000.00,PE,0,IDLE,0.62
11481000.00,PE,0,IDLE,0.62
11482000.00,PE,0,IDLE,0.62
11483000.00,PE,0,IDLE,0.62
11484000.00,PE,0,IDLE,0.62
11485000.00,PE,0,IDLE,0.62
11486000.00,PE,0,IDLE,0.62
11487000.00,PE,0,IDLE,0.62
11488000.00,PE,0,IDLE,0.62
11489000.00,PE,0,IDLE,0.62
11490000.00,PE,0,IDLE,0.62
11491000.00,PE,0,IDLE,0.62
11492000.00,PE,0,IDLE,0.62
11493000.00,PE,0,IDLE,0.62
11494000.00,PE,0,IDLE,0.62
11495000.00,PE,0,IDLE,0.62
11496000.00,PE,0,IDLE,0.62
11497000.00,PE,0,IDLE,0.62
11498000.00,PE,0,IDLE,0.62
11499000.00,PE,0,IDLE,0.62
11500000.00,PE,0,IDLE,0.62
11501000.00,PE,0,IDLE,0.62
11502000.00,PE,0,IDLE,0.62
11503000.00,PE,0,IDLE,0.62
11504000.00,PE,0,IDLE,0.62
11505000.00,PE,0,IDLE,0.62
11506000.00,PE,0,IDLE,0.62
11507000.00,PE,0,IDLE,0.62
11508000.00,PE,0,IDLE,0.62
11509000.00,PE,0,IDLE,0.62
11510000.00,PE,0,IDLE,0.62
11511000.00,PE,0,IDLE,0.62
11512000.00,PE,0,IDLE,0.62
11513000.00,PE,0,IDLE,0.62
11514000.00,PE,0,IDLE,0.62
11515000.00,PE,0,IDLE,0.62
11516000.00,PE,0,IDLE,0.62
11517000.00,PE,0,IDLE,0.62
11518000.00,PE,0,IDLE,0.62
11519000.00,PE,0,IDLE,0.62
11520000.00,PE,0,IDLE,0.62
11521000.00,PE,0,IDLE,0.62
11522000.00,PE,0,IDLE,0.62
11523000.00,PE,0,IDLE,0.62
11524000.00,PE,0,IDLE,0.62
11525000.00,PE,0,IDLE,0.62
11526000.00,PE,0,IDLE,0.62
11527000.00,PE,0,IDLE,0.62
11528000.00,PE,0,IDLE,0.62
11529000.00,PE,0,IDLE,0.62
11530000.00,PE,0,IDLE,0.62
11531000.00,PE,0,IDLE,0.62
11532000.00,PE,0,IDLE,0.62
11533000.00,PE,0,IDLE,0.62
11534000.00,PE,0,IDLE,0.62
11535000.00,PE,0,IDLE,0.62
11536000.00,PE,0,IDLE,0.62
11537000.00,PE,0,IDLE,0.62
11538000.00,PE,0,IDLE,0.62
11539000.00,PE,0,IDLE,0.62
11540000.00,PE,0,IDLE,0.62
11541000.00,PE,0,IDLE,0.62
11542000.00,PE,0,IDLE,0.62
11543000.00,PE,0,IDLE,0.62
11544000.00,PE,0,IDLE,0.62
11545000.00,PE,0,IDLE,0.62
11546000.00,PE,0,IDLE,0.62
11547000.00,PE,0,IDLE,0.62
11548000.00,PE,0,IDLE,0.62
11549000.00,PE,0,IDLE,0.62
11550000.00,PE,0,IDLE,0.62
11551000.00,PE,0,IDLE,0.62
11552000.00,PE,0,IDLE,0.62
11553000.00,PE,0,IDLE,0.62
11554000.00,PE,0,IDLE,0.62
11555000.00,PE,0,IDLE,0.62
11556000.00,PE,0,IDLE,0.62
11557000.00,PE,0,IDLE,0.62
11558000.00,PE,0,IDLE,0.62
11559000.00,PE,0,IDLE,0.62
11560000.00,PE,0,IDLE,0.62
11561000.00,PE,0,IDLE,0.62
11562000.00,PE,0,IDLE,0.62
11563000.00,PE,0,IDLE,0.62
11564000.00,PE,0,IDLE,0.62
11565000.00,PE,0,IDLE,0.62
11566000.00,PE,0,IDLE,0.62
11567000.00,PE,0,IDLE,0.62
11568000.00,PE,0,IDLE,0.62
11569000.00,PE,0,IDLE,0.62
11570000.00,PE,0,IDLE,0.62
11571000.00,PE,0,IDLE,0.62
11572000.00,PE,0,IDLE,0.62
11573000.00,PE,0,IDLE,0.62
11574000.00,PE,0,IDLE,0.62
11575000.00,PE,0,IDLE,0.62
11576000.00,PE,0,IDLE,0.62
11577000.00,PE,0,IDLE,0.62
11578000.00,PE,0,IDLE,0.62
11579000.00,PE,0,IDLE,0.62
11580000.00,PE,0,IDLE,0.62
11581000.00,PE,0,IDLE,0.62
11582000.00,PE,0,IDLE,0.62
11583000.00,PE,0,IDLE,0.62
11584000.00,PE,0,IDLE,0.62
11585000.00,PE,0,IDLE,0.62
11586000.00,PE,0,IDLE,0.62
11587000.00,PE,0,IDLE,0.62
11588000.00,PE,0,IDLE,0.62
11589000.00,PE,0,IDLE,0.62
11590000.00,PE,0,IDLE,0.62
11591000.00,PE,0,IDLE,0.62
11592000.00,PE,0,IDLE,0.62
11593000.00,PE,0,IDLE,0.62
11594000.00,PE,0,IDLE,0.62
11595000.00,PE,0,IDLE,0.62
11596000.00,PE,0,IDLE,0.62
11597000.00,PE,0,IDLE,0.62
11598000.00,PE,0,IDLE,0.62
11599000.00,PE,0,IDLE,0.62
11600000.00,PE,0,IDLE,0.62
11601000.00,PE,0,IDLE,0.62
11602000.00,PE,0,IDLE,0.62
11603000.00,PE,0,IDLE,0.62
11604000.00,PE,0,IDLE,0.62
11605000.00,PE,0,IDLE,0.62
11606000.00,PE,0,IDLE,0.62
11607000.00,PE,0,IDLE,0.62
11608000.00,PE,0,IDLE,0.62
11609000.00,PE,0,IDLE,0.62
11610000.00,PE,0,IDLE,0.62
11611000.00,PE,0,IDLE,0.62
11612000.00,PE,0,IDLE,0.62
11613000.00,PE,0,IDLE,0.62
11614000.00,PE,0,IDLE,0.62
11615000.00,PE,0,IDLE,0.62
11616000.00,PE,0,IDLE,0.62
11617000.00,PE,0,IDLE,0.62
11618000.00,PE,0,IDLE,0.62
11619000.00,PE,0,IDLE,0.62
11620000.00,PE,0,IDLE,0.62
11621000.00,PE,0,IDLE,0.62
11622000.00,PE,0,IDLE,0.62
11623000.00,PE,0,IDLE,0.62
11624000.00,PE,0,IDLE,0.62
11625000.00,PE,0,IDLE,0.62
11626000.00,PE,0,IDLE,0.62
11627000.00,PE,0,IDLE,0.62
11628000.00,PE,0,IDLE,0.62
11629000.00,PE,0,IDLE,0.62
11630000.00,PE,0,IDLE,0.62
11631000.00,PE,0,IDLE,0.62
11632000.00,PE,0,IDLE,0.62
11633000.00,PE,0,IDLE,0.62
11634000.00,PE,0,IDLE,0.62
11635000.00,PE,0,IDLE,0.62
11636000.00,PE,0,IDLE,0.62
11637000.00,PE,0,IDLE,0.62
11638000.00,PE,0,IDLE,0.62
11639000.00,PE,0,IDLE,0.62
11640000.00,PE,0,IDLE,0.62
11641000.00,PE,0,IDLE,0.62
11642000.00,PE,0,IDLE,0.62
11643000.00,PE,0,IDLE,0.62
11644000.00,PE,0,IDLE,0.62
11645000.00,PE,0,IDLE,0.62
11646000.00,PE,0,IDLE,0.62
11647000.00,PE,0,IDLE,0.62
11648000.00,PE,0,IDLE,0.62
11649000.00,PE,0,IDLE,0.62
11650000.00,PE,0,IDLE,0.62
11651000.00,PE,0,IDLE,0.62
11652000.00,PE,0,IDLE,0.62
11653000.00,PE,0,IDLE,0.62
11654000.00,PE,0,IDLE,0.62
11655000.00,PE,0,IDLE,0.62
11656000.00,PE,0,IDLE,0.62
11657000.00,PE,0,IDLE,0.62
11658000.00,PE,0,IDLE,0.62
11659000.00,PE,0,IDLE,0.62
11660000.00,PE,0,IDLE,0.62
11661000.00,PE,0,IDLE,0.62
11662000.00,PE,0,IDLE,0.62
11663000.00,PE,0,IDLE,0.62
11664000.00,PE,0,IDLE,0.62
11665000.00,PE,0,IDLE,0.62
11666000.00,PE,0,IDLE,0.62
11667000.00,PE,0,IDLE,0.62
11668000.00,PE,0,IDLE,0.62
11669000.00,PE,0,IDLE,0.62
11670000.00,PE,0,IDLE,0.62
11671000.00,PE,0,IDLE,0.62
11672000.00,PE,0,IDLE,0.62
11673000.00,PE,0,IDLE,0.62
11674000.00,PE,0,IDLE,0.62
11675000.00,PE,0,IDLE,0.62
11676000.00,PE,0,IDLE,0.62
11677000.00,PE,0,IDLE,0.62
11678000.00,PE,0,IDLE,0.62
11679000.00,PE,0,IDLE,0.62
11680000.00,PE,0,IDLE,0.62
11681000.00,PE,0,IDLE,0.62
11682000.00,PE,0,IDLE,0.62
11683000.00,PE,0,IDLE,0.62
11684000.00,PE,0,IDLE,0.62
11685000.00,PE,0,IDLE,0.62
11686000.00,PE,0,IDLE,0.62
11687000.00,PE,0,IDLE,0.62
11688000.00,PE,0,IDLE,0.62
11689000.00,PE,0,IDLE,0.62
11690000.00,PE,0,IDLE,0.62
11691000.00,PE,0,IDLE,0.62
11692000.00,PE,0,IDLE,0.62
11693000.00,PE,0,IDLE,0.62
11694000.00,PE,0,IDLE,0.62
11695000.00,PE,0,IDLE,0.62
11696000.00,PE,0,IDLE,0.62
11697000.00,PE,0,IDLE,0.62
11698000.00,PE,0,IDLE,0.62
11699000.00,PE,0,IDLE,0.62
11700000.00,PE,0,IDLE,0.62
11701000.00,PE,0,IDLE,0.62
11702000.00,PE,0,IDLE,0.62
11703000.00,PE,0,IDLE,0.62
11704000.00,PE,0,IDLE,0.62
11705000.00,PE,0,IDLE,0.62
11706000.00,PE,0,IDLE,0.62
11707000.00,PE,0,IDLE,0.62
11708000.00,PE,0,IDLE,0.62
11709000.00,PE,0,IDLE,0.62
11710000.00,PE,0,IDLE,0.62
11711000.00,PE,0,IDLE,0.62
11712000.00,PE,0,IDLE,0.62
11713000.00,PE,0,IDLE,0.62
11714000.00,PE,0,IDLE,0.62
11715000.00,PE,0,IDLE,0.62
11716000.00,PE,0,IDLE,0.62
11717000.00,PE,0,IDLE,0.62
11718000.00,PE,0,IDLE,0.62
11719000.00,PE,0,IDLE,0.62
11720000.00,PE,0,IDLE,0.62
11721000.00,PE,0,IDLE,0.62
11722000.00,PE,0,IDLE,0.62
11723000.00,PE,0,IDLE,0.62
11724000.00,PE,0,IDLE,0.62
11725000.00,PE,0,IDLE,0.62
11726000.00,PE,0,IDLE,0.62
11727000.00,PE,0,IDLE,0.62
11728000.00,PE,0,IDLE,0.62
11729000.00,PE,0,IDLE,0.62
11730000.00,PE,0,IDLE,0.62
11731000.00,PE,0,IDLE,0.62
11732000.00,PE,0,IDLE,0.62
11733000.00,PE,0,IDLE,0.62
11734000.00,PE,0,IDLE,0.62
11735000.00,PE,0,IDLE,0.62
11736000.00,PE,0,IDLE,0.62
11737000.00,PE,0,IDLE,0.62
11738000.00,PE,0,IDLE,0.62
11739000.00,PE,0,IDLE,0.62
11740000.00,PE,0,IDLE,0.62
11741000.00,PE,0,IDLE,0.62
11742000.00,PE,0,IDLE,0.62
11743000.00,PE,0,IDLE,0.62
11744000.00,PE,0,IDLE,0.62
11745000.00,PE,0,IDLE,0.62
11746000.00,PE,0,IDLE,0.62
11747000.00,PE,0,IDLE,0.62
11748000.00,PE,0,IDLE,0.62
11749000.00,PE,0,IDLE,0.62
11750000.00,PE,0,IDLE,0.62
11751000.00,PE,0,IDLE,0.62
11752000.00,PE,0,IDLE,0.62
11753000.00,PE,0,IDLE,0.62
11754000.00,PE,0,IDLE,0.62
11755000.00,PE,0,IDLE,0.62
11756000.00,PE,0,IDLE,0.62
11757000.00,PE,0,IDLE,0.62
11758000.00,PE,0,IDLE,0.62
11759000.00,PE,0,IDLE,0.62
11760000.00,PE,0,IDLE,0.62
11761000.00,PE,0,IDLE,0.62
11762000.00,PE,0,IDLE,0.62
11763000.00,PE,0,IDLE,0.62
11764000.00,PE,0,IDLE,0.62
11765000.00,PE,0,IDLE,0.62
11766000.00,PE,0,IDLE,0.62
11767000.00,PE,0,IDLE,0.62
11768000.00,PE,0,IDLE,0.62
11769000.00,PE,0,IDLE,0.62
11770000.00,PE,0,IDLE,0.62
11771000.00,PE,0,IDLE,0.62
11772000.00,PE,0,IDLE,0.62
11773000.00,PE,0,IDLE,0.62
11774000.00,PE,0,IDLE,0.62
11775000.00,PE,0,IDLE,0.62
11776000.00,PE,0,IDLE,0.62
11777000.00,PE,0,IDLE,0.62
11778000.00,PE,0,IDLE,0.62
11779000.00,PE,0,IDLE,0.62
11780000.00,PE,0,IDLE,0.62
11781000.00,PE,0,IDLE,0.62
11782000.00,PE,0,IDLE,0.62
11783000.00,PE,0,IDLE,0.62
11784000.00,PE,0,IDLE,0.62
11785000.00,PE,0,IDLE,0.62
11786000.00,PE,0,IDLE,0.62
11787000.00,PE,0,IDLE,0.62
11788000.00,PE,0,IDLE,0.62
11789000.00,PE,0,IDLE,0.62
11790000.00,PE,0,IDLE,0.62
11791000.00,PE,0,IDLE,0.62
11792000.00,PE,0,IDLE,0.62
11793000.00,PE,0,IDLE,0.62
11794000.00,PE,0,IDLE,0.62
11795000.00,PE,0,IDLE,0.62
11796000.00,PE,0,IDLE,0.62
11797000.00,PE,0,IDLE,0.62
11798000.00,PE,0,IDLE,0.62
11799000.00,PE,0,IDLE,0.62
11800000.00,PE,0,IDLE,0.62
11801000.00,PE,0,IDLE,0.62
11802000.00,PE,0,IDLE,0.62
11803000.00,PE,0,IDLE,0.62
11804000.00,PE,0,IDLE,0.62
11805000.00,PE,0,IDLE,0.62
11806000.00,PE,0,IDLE,0.62
11807000.00,PE,0,IDLE,0.62
11808000.00,PE,0,IDLE,0.62
11809000.00,PE,0,IDLE,0.62
11810000.00,PE,0,IDLE,0.62
11811000.00,PE,0,IDLE,0.62
11812000.00,PE,0,IDLE,0.62
11813000.00,PE,0,IDLE,0.62
11814000.00,PE,0,IDLE,0.62
11815000.00,PE,0,IDLE,0.62
11816000.00,PE,0,IDLE,0.62
11817000.00,PE,0,IDLE,0.62
11818000.00,PE,0,IDLE,0.62
11819000.00,PE,0,IDLE,0.62
11820000.00,PE,0,IDLE,0.62
11821000.00,PE,0,IDLE,0.62
11822000.00,PE,0,IDLE,0.62
11823000.00,PE,0,IDLE,0.62
11824000.00,PE,0,IDLE,0.62
11825000.00,PE,0,IDLE,0.62
11826000.00,PE,0,IDLE,0.62
11827000.00,PE,0,IDLE,0.62
11828000.00,PE,0,IDLE,0.62
11829000.00,PE,0,IDLE,0.62
11830000.00,PE,0,IDLE,0.62
11831000.00,PE,0,IDLE,0.62
11832000.00,PE,0,IDLE,0.62
11833000.00,PE,0,IDLE,0.62
11834000.00,PE,0,IDLE,0.62
11835000.00,PE,0,IDLE,0.62
11836000.00,PE,0,IDLE,0.62
11837000.00,PE,0,IDLE,0.62
11838000.00,PE,0,IDLE,0.62
11839000.00,PE,0,IDLE,0.62
11840000.00,PE,0,IDLE,0.62
11841000.00,PE,0,IDLE,0.62
11842000.00,PE,0,IDLE,0.62
11843000.00,PE,0,IDLE,0.62
11844000.00,PE,0,IDLE,0.62
11845000.00,PE,0,IDLE,0.62
11846000.00,PE,0,IDLE,0.62
11847000.00,PE,0,IDLE,0.62
11848000.00,PE,0,IDLE,0.62
11849000.00,PE,0,IDLE,0.62
11850000.00,PE,0,IDLE,0.62
11851000.00,PE,0,IDLE,0.62
11852000.00,PE,0,IDLE,0.62
11853000.00,PE,0,IDLE,0.62
11854000.00,PE,0,IDLE,0.62
11855000.00,PE,0,IDLE,0.62
11856000.00,PE,0,IDLE,0.62
11857000.00,PE,0,IDLE,0.62
11858000.00,PE,0,IDLE,0.62
11859000.00,PE,0,IDLE,0.62
11860000.00,PE,0,IDLE,0.62
11861000.00,PE,0,IDLE,0.62
11862000.00,PE,0,IDLE,0.62
11863000.00,PE,0,IDLE,0.62
11864000.00,PE,0,IDLE,0.62
11865000.00,PE,0,IDLE,0.62
11866000.00,PE,0,IDLE,0.62
11867000.00,PE,0,IDLE,0.62
11868000.00,PE,0,IDLE,0.62
11869000.00,PE,0,IDLE,0.62
11870000.00,PE,0,IDLE,0.62
11871000.00,PE,0,IDLE,0.62
11872000.00,PE,0,IDLE,0.62
11873000.00,PE,0,IDLE,0.62
11874000.00,PE,0,IDLE,0.62
11875000.00,PE,0,IDLE,0.62
11876000.00,PE,0,IDLE,0.62
11877000.00,PE,0,IDLE,0.62
11878000.00,PE,0,IDLE,0.62
11879000.00,PE,0,IDLE,0.62
11880000.00,PE,0,IDLE,0.62
11881000.00,PE,0,IDLE,0.62
11882000.00,PE,0,IDLE,0.62
11883000.00,PE,0,IDLE,0.62
11884000.00,PE,0,IDLE,0.62
11885000.00,PE,0,IDLE,0.62
11886000.00,PE,0,IDLE,0.62
11887000.00,PE,0,IDLE,0.62
11888000.00,PE,0,IDLE,0.62
11889000.00,PE,0,IDLE,0.62
11890000.00,PE,0,IDLE,0.62
11891000.00,PE,0,IDLE,0.62
11892000.00,PE,0,IDLE,0.62
11893000.00,PE,0,IDLE,0.62
11894000.00,PE,0,IDLE,0.62
11895000.00,PE,0,IDLE,0.62
11896000.00,PE,0,IDLE,0.62
11897000.00,PE,0,IDLE,0.62
11898000.00,PE,0,IDLE,0.62
11899000.00,PE,0,IDLE,0.62
11900000.00,PE,0,IDLE,0.62
11901000.00,PE,0,IDLE,0.62
11902000.00,PE,0,IDLE,0.62
11903000.00,PE,0,IDLE,0.62
11904000.00,PE,0,IDLE,0.62
11905000.00,PE,0,IDLE,0.62
11906000.00,PE,0,IDLE,0.62
11907000.00,PE,0,IDLE,0.62
11908000.00,PE,0,IDLE,0.62
11909000.00,PE,0,IDLE,0.62
11910000.00,PE,0,IDLE,0.62
11911000.00,PE,0,IDLE,0.62
11912000.00,PE,0,IDLE,0.62
11913000.00,PE,0,IDLE,0.62
11914000.00,PE,0,IDLE,0.62
11915000.00,PE,0,IDLE,0.62
11916000.00,PE,0,IDLE,0.62
11917000.00,PE,0,IDLE,0.62
11918000.00,PE,0,IDLE,0.62
11919000.00,PE,0,IDLE,0.62
11920000.00,PE,0,IDLE,0.62
11921000.00,PE,0,IDLE,0.62
11922000.00,PE,0,IDLE,0.62
11923000.00,PE,0,IDLE,0.62
11924000.00,PE,0,IDLE,0.62
11925000.00,PE,0,IDLE,0.62
11926000.00,PE,0,IDLE,0.62
11927000.00,PE,0,IDLE,0.62
11928000.00,PE,0,IDLE,0.62
11929000.00,PE,0,IDLE,0.62
11930000.00,PE,0,IDLE,0.62
11931000.00,PE,0,IDLE,0.62
11932000.00,PE,0,IDLE,0.62
11933000.00,PE,0,IDLE,0.62
11934000.00,PE,0,IDLE,0.62
11935000.00,PE,0,IDLE,0.62
11936000.00,PE,0,IDLE,0.62
11937000.00,PE,0,IDLE,0.62
11938000.00,PE,0,IDLE,0.62
11939000.00,PE,0,IDLE,0.62
11940000.00,PE,0,IDLE,0.62
11941000.00,PE,0,IDLE,0.62
11942000.00,PE,0,IDLE,0.62
11943000.00,PE,0,IDLE,0.62
11944000.00,PE,0,IDLE,0.62
11945000.00,PE,0,IDLE,0.62
11946000.00,PE,0,IDLE,0.62
11947000.00,PE,0,IDLE,0.62
11948000.00,PE,0,IDLE,0.62
11949000.00,PE,0,IDLE,0.62
11950000.00,PE,0,IDLE,0.62
11951000.00,PE,0,IDLE,0.62
11952000.00,PE,0,IDLE,0.62
11953000.00,PE,0,IDLE,0.62
11954000.00,PE,0,IDLE,0.62
11955000.00,PE,0,IDLE,0.62
11956000.00,PE,0,IDLE,0.62
11957000.00,PE,0,IDLE,0.62
11958000.00,PE,0,IDLE,0.62
11959000.00,PE,0,IDLE,0.62
11960000.00,PE,0,IDLE,0.62
11961000.00,PE,0,IDLE,0.62
11962000.00,PE,0,IDLE,0.62
11963000.00,PE,0,IDLE,0.62
11964000.00,PE,0,IDLE,0.62
11965000.00,PE,0,IDLE,0.62
11966000.00,PE,0,IDLE,0.62
11967000.00,PE,0,IDLE,0.62
11968000.00,PE,0,IDLE,0.62
11969000.00,PE,0,IDLE,0.62
11970000.00,PE,0,IDLE,0.62
11971000.00,PE,0,IDLE,0.62
11972000.00,PE,0,IDLE,0.62
11973000.00,PE,0,IDLE,0.62
11974000.00,PE,0,IDLE,0.62
11975000.00,PE,0,IDLE,0.62
11976000.00,PE,0,IDLE,0.62
11977000.00,PE,0,IDLE,0.62
11978000.00,PE,0,IDLE,0.62
11979000.00,PE,0,IDLE,0.62
11980000.00,PE,0,IDLE,0.62
11981000.00,PE,0,IDLE,0.62
11982000.00,PE,0,IDLE,0.62
11983000.00,PE,0,IDLE,0.62
11984000.00,PE,0,IDLE,0.62
11985000.00,PE,0,IDLE,0.62
11986000.00,PE,0,IDLE,0.62
11987000.00,PE,0,IDLE,0.62
11988000.00,PE,0,IDLE,0.62
11989000.00,PE,0,IDLE,0.62
11990000.00,PE,0,IDLE,0.62
11991000.00,PE,0,IDLE,0.62
11992000.00,PE,0,IDLE,0.62
11993000.00,PE,0,IDLE,0.62
11994000.00,PE,0,IDLE,0.62
11995000.00,PE,0,IDLE,0.62
11996000.00,PE,0,IDLE,0.62
11997000.00,PE,0,IDLE,0.62
11998000.00,PE,0,IDLE,0.62
11999000.00,PE,0,IDLE,0.62
12000000.00,PE,0,IDLE,0.62
12001000.00,PE,0,IDLE,0.62
12002000.00,PE,0,IDLE,0.62
12003000.00,PE,0,IDLE,0.62
12004000.00,PE,0,IDLE,0.62
12005000.00,PE,0,IDLE,0.62
12006000.00,PE,0,IDLE,0.62
12007000.00,PE,0,IDLE,0.62
12008000.00,PE,0,IDLE,0.62
12009000.00,PE,0,IDLE,0.62
12010000.00,PE,0,IDLE,0.62
12011000.00,PE,0,IDLE,0.62
12012000.00,PE,0,IDLE,0.62
12013000.00,PE,0,IDLE,0.62
12014000.00,PE,0,IDLE,0.62
12015000.00,PE,0,IDLE,0.62
12016000.00,PE,0,IDLE,0.62
12017000.00,PE,0,IDLE,0.62
12018000.00,PE,0,IDLE,0.62
12019000.00,PE,0,IDLE,0.62
12020000.00,PE,0,IDLE,0.62
12021000.00,PE,0,IDLE,0.62
12022000.00,PE,0,IDLE,0.62
12023000.00,PE,0,IDLE,0.62
12024000.00,PE,0,IDLE,0.62
12025000.00,PE,0,IDLE,0.62
12026000.00,PE,0,IDLE,0.62
12027000.00,PE,0,IDLE,0.62
12028000.00,PE,0,IDLE,0.62
12029000.00,PE,0,IDLE,0.62
12030000.00,PE,0,IDLE,0.62
12031000.00,PE,0,IDLE,0.62
12032000.00,PE,0,IDLE,0.62
12033000.00,PE,0,IDLE,0.62
12034000.00,PE,0,IDLE,0.62
12035000.00,PE,0,IDLE,0.62
12036000.00,PE,0,IDLE,0.62
12037000.00,PE,0,IDLE,0.62
12038000.00,PE,0,IDLE,0.62
12039000.00,PE,0,IDLE,0.62
12040000.00,PE,0,IDLE,0.62
12041000.00,PE,0,IDLE,0.62
12042000.00,PE,0,IDLE,0.62
12043000.00,PE,0,IDLE,0.62
12044000.00,PE,0,IDLE,0.62
12045000.00,PE,0,IDLE,0.62
12046000.00,PE,0,IDLE,0.62
12047000.00,PE,0,IDLE,0.62
12048000.00,PE,0,IDLE,0.62
12049000.00,PE,0,IDLE,0.62
12050000.00,PE,0,IDLE,0.62
12051000.00,PE,0,IDLE,0.62
12052000.00,PE,0,IDLE,0.62
12053000.00,PE,0,IDLE,0.62
12054000.00,PE,0,IDLE,0.62
12055000.00,PE,0,IDLE,0.62
12056000.00,PE,0,IDLE,0.62
12057000.00,PE,0,IDLE,0.62
12058000.00,PE,0,IDLE,0.62
12059000.00,PE,0,IDLE,0.62
12060000.00,PE,0,IDLE,0.62
12061000.00,PE,0,IDLE,0.62
12062000.00,PE,0,IDLE,0.62
12063000.00,PE,0,IDLE,0.62
12064000.00,PE,0,IDLE,0.62
12065000.00,PE,0,IDLE,0.62
12066000.00,PE,0,IDLE,0.62
12067000.00,PE,0,IDLE,0.62
12068000.00,PE,0,IDLE,0.62
12069000.00,PE,0,IDLE,0.62
12070000.00,PE,0,IDLE,0.62
12071000.00,PE,0,IDLE,0.62
12072000.00,PE,0,IDLE,0.62
12073000.00,PE,0,IDLE,0.62
12074000.00,PE,0,IDLE,0.62
12075000.00,PE,0,IDLE,0.62
12076000.00,PE,0,IDLE,0.62
12077000.00,PE,0,IDLE,0.62
12078000.00,PE,0,IDLE,0.62
12079000.00,PE,0,IDLE,0.62
12080000.00,PE,0,IDLE,0.62
12081000.00,PE,0,IDLE,0.62
12082000.00,PE,0,IDLE,0.62
12083000.00,PE,0,IDLE,0.62
12084000.00,PE,0,IDLE,0.62
12085000.00,PE,0,IDLE,0.62
12086000.00,PE,0,IDLE,0.62
12087000.00,PE,0,IDLE,0.62
12088000.00,PE,0,IDLE,0.62
12089000.00,PE,0,IDLE,0.62
12090000.00,PE,0,IDLE,0.62
12091000.00,PE,0,IDLE,0.62
12092000.00,PE,0,IDLE,0.62
12093000.00,PE,0,IDLE,0.62
12094000.00,PE,0,IDLE,0.62
12095000.00,PE,0,IDLE,0.62
12096000.00,PE,0,IDLE,0.62
12097000.00,PE,0,IDLE,0.62
12098000.00,PE,0,IDLE,0.62
12099000.00,PE,0,IDLE,0.62
12100000.00,PE,0,IDLE,0.62
12101000.00,PE,0,IDLE,0.62
12102000.00,PE,0,IDLE,0.62
12103000.00,PE,0,IDLE,0.62
12104000.00,PE,0,IDLE,0.62
12105000.00,PE,0,IDLE,0.62
12106000.00,PE,0,IDLE,0.62
12107000.00,PE,0,IDLE,0.62
12108000.00,PE,0,IDLE,0.62
12109000.00,PE,0,IDLE,0.62
12110000.00,PE,0,IDLE,0.62
12111000.00,PE,0,IDLE,0.62
12112000.00,PE,0,IDLE,0.62
12113000.00,PE,0,IDLE,0.62
12114000.00,PE,0,IDLE,0.62
12115000.00,PE,0,IDLE,0.62
12116000.00,PE,0,IDLE,0.62
12117000.00,PE,0,IDLE,0.62
12118000.00,PE,0,IDLE,0.62
12119000.00,PE,0,IDLE,0.62
12120000.00,PE,0,IDLE,0.62
12121000.00,PE,0,IDLE,0.62
12122000.00,PE,0,IDLE,0.62
12123000.00,PE,0,IDLE,0.62
12124000.00,PE,0,IDLE,0.62
12125000.00,PE,0,IDLE,0.62
12126000.00,PE,0,IDLE,0.62
12127000.00,PE,0,IDLE,0.62
12128000.00,PE,0,IDLE,0.62
12129000.00,PE,0,IDLE,0.62
12130000.00,PE,0,IDLE,0.62
12131000.00,PE,0,IDLE,0.62
12132000.00,PE,0,IDLE,0.62
12133000.00,PE,0,IDLE,0.62
12134000.00,PE,0,IDLE,0.62
12135000.00,PE,0,IDLE,0.62
12136000.00,PE,0,IDLE,0.62
12137000.00,PE,0,IDLE,0.62
12138000.00,PE,0,IDLE,0.62
12139000.00,PE,0,IDLE,0.62
12140000.00,PE,0,IDLE,0.62
12141000.00,PE,0,IDLE,0.62
12142000.00,PE,0,IDLE,0.62
12143000.00,PE,0,IDLE,0.62
12144000.00,PE,0,IDLE,0.62
12145000.00,PE,0,IDLE,0.62
12146000.00,PE,0,IDLE,0.62
12147000.00,PE,0,IDLE,0.62
12148000.00,PE,0,IDLE,0.62
12149000.00,PE,0,IDLE,0.62
12150000.00,PE,0,IDLE,0.62
12151000.00,PE,0,IDLE,0.62
12152000.00,PE,0,IDLE,0.62
12153000.00,PE,0,IDLE,0.62
12154000.00,PE,0,IDLE,0.62
12155000.00,PE,0,IDLE,0.62
12156000.00,PE,0,IDLE,0.62
12157000.00,PE,0,IDLE,0.62
12158000.00,PE,0,IDLE,0.62
12159000.00,PE,0,IDLE,0.62
12160000.00,PE,0,IDLE,0.62
12161000.00,PE,0,IDLE,0.62
12162000.00,PE,0,IDLE,0.62
12163000.00,PE,0,IDLE,0.62
12164000.00,PE,0,IDLE,0.62
12165000.00,PE,0,IDLE,0.62
12166000.00,PE,0,IDLE,0.62
12167000.00,PE,0,IDLE,0.62
12168000.00,PE,0,IDLE,0.62
12169000.00,PE,0,IDLE,0.62
12170000.00,PE,0,IDLE,0.62
12171000.00,PE,0,IDLE,0.62
12172000.00,PE,0,IDLE,0.62
12173000.00,PE,0,IDLE,0.62
12174000.00,PE,0,IDLE,0.62
12175000.00,PE,0,IDLE,0.62
12176000.00,PE,0,IDLE,0.62
12177000.00,PE,0,IDLE,0.62
12178000.00,PE,0,IDLE,0.62
12179000.00,PE,0,IDLE,0.62
12180000.00,PE,0,IDLE,0.62
12181000.00,PE,0,IDLE,0.62
12182000.00,PE,0,IDLE,0.62
12183000.00,PE,0,IDLE,0.62
12184000.00,PE,0,IDLE,0.62
12185000.00,PE,0,IDLE,0.62
12186000.00,PE,0,IDLE,0.62
12187000.00,PE,0,IDLE,0.62
12188000.00,PE,0,IDLE,0.62
12189000.00,PE,0,IDLE,0.62
12190000.00,PE,0,IDLE,0.62
12191000.00,PE,0,IDLE,0.62
12192000.00,PE,0,IDLE,0.62
12193000.00,PE,0,IDLE,0.62
12194000.00,PE,0,IDLE,0.62
12195000.00,PE,0,IDLE,0.62
12196000.00,PE,0,IDLE,0.62
12197000.00,PE,0,IDLE,0.62
12198000.00,PE,0,IDLE,0.62
12199000.00,PE,0,IDLE,0.62
12200000.00,PE,0,IDLE,0.62
12201000.00,PE,0,IDLE,0.62
12202000.00,PE,0,IDLE,0.62
12203000.00,PE,0,IDLE,0.62
12204000.00,PE,0,IDLE,0.62
12205000.00,PE,0,IDLE,0.62
12206000.00,PE,0,IDLE,0.62
12207000.00,PE,0,IDLE,0.62
12208000.00,PE,0,IDLE,0.62
12209000.00,PE,0,IDLE,0.62
12210000.00,PE,0,IDLE,0.62
12211000.00,PE,0,IDLE,0.62
12212000.00,PE,0,IDLE,0.62
12213000.00,PE,0,IDLE,0.62
12214000.00,PE,0,IDLE,0.62
12215000.00,PE,0,IDLE,0.62
12216000.00,PE,0,IDLE,0.62
12217000.00,PE,0,IDLE,0.62
12218000.00,PE,0,IDLE,0.62
12219000.00,PE,0,IDLE,0.62
12220000.00,PE,0,IDLE,0.62
12221000.00,PE,0,IDLE,0.62
12222000.00,PE,0,IDLE,0.62
12223000.00,PE,0,IDLE,0.62
12224000.00,PE,0,IDLE,0.62
12225000.00,PE,0,IDLE,0.62
12226000.00,PE,0,IDLE,0.62
12227000.00,PE,0,IDLE,0.62
12228000.00,PE,0,IDLE,0.62
12229000.00,PE,0,IDLE,0.62
12230000.00,PE,0,IDLE,0.62
12231000.00,PE,0,IDLE,0.62
12232000.00,PE,0,IDLE,0.62
12233000.00,PE,0,IDLE,0.62
12234000.00,PE,0,IDLE,0.62
12235000.00,PE,0,IDLE,0.62
12236000.00,PE,0,IDLE,0.62
12237000.00,PE,0,IDLE,0.62
12238000.00,PE,0,IDLE,0.62
12239000.00,PE,0,IDLE,0.62
12240000.00,PE,0,IDLE,0.62
12241000.00,PE,0,IDLE,0.62
12242000.00,PE,0,IDLE,0.62
12243000.00,PE,0,IDLE,0.62
12244000.00,PE,0,IDLE,0.62
12245000.00,PE,0,IDLE,0.62
12246000.00,PE,0,IDLE,0.62
12247000.00,PE,0,IDLE,0.62
12248000.00,PE,0,IDLE,0.62
12249000.00,PE,0,IDLE,0.62
12250000.00,PE,0,IDLE,0.62
12251000.00,PE,0,IDLE,0.62
12252000.00,PE,0,IDLE,0.62
12253000.00,PE,0,IDLE,0.62
12254000.00,PE,0,IDLE,0.62
12255000.00,PE,0,IDLE,0.62
12256000.00,PE,0,IDLE,0.62
12257000.00,PE,0,IDLE,0.62
12258000.00,PE,0,IDLE,0.62
12259000.00,PE,0,IDLE,0.62
12260000.00,PE,0,IDLE,0.62
12261000.00,PE,0,IDLE,0.62
12262000.00,PE,0,IDLE,0.62
12263000.00,PE,0,IDLE,0.62
12264000.00,PE,0,IDLE,0.62
12265000.00,PE,0,IDLE,0.62
12266000.00,PE,0,IDLE,0.62
12267000.00,PE,0,IDLE,0.62
12268000.00,PE,0,IDLE,0.62
12269000.00,PE,0,IDLE,0.62
12270000.00,PE,0,IDLE,0.62
12271000.00,PE,0,IDLE,0.62
12272000.00,PE,0,IDLE,0.62
12273000.00,PE,0,IDLE,0.62
12274000.00,PE,0,IDLE,0.62
12275000.00,PE,0,IDLE,0.62
12276000.00,PE,0,IDLE,0.62
12277000.00,PE,0,IDLE,0.62
12278000.00,PE,0,IDLE,0.62
12279000.00,PE,0,IDLE,0.62
12280000.00,PE,0,IDLE,0.62
12281000.00,PE,0,IDLE,0.62
12282000.00,PE,0,IDLE,0.62
12283000.00,PE,0,IDLE,0.62
12284000.00,PE,0,IDLE,0.62
12285000.00,PE,0,IDLE,0.62
12286000.00,PE,0,IDLE,0.62
12287000.00,PE,0,IDLE,0.62
12288000.00,PE,0,IDLE,0.62
12289000.00,PE,0,IDLE,0.62
12290000.00,PE,0,IDLE,0.62
12291000.00,PE,0,IDLE,0.62
12292000.00,PE,0,IDLE,0.62
12293000.00,PE,0,IDLE,0.62
12294000.00,PE,0,IDLE,0.62
12295000.00,PE,0,IDLE,0.62
12296000.00,PE,0,IDLE,0.62
12297000.00,PE,0,IDLE,0.62
12298000.00,PE,0,IDLE,0.62
12299000.00,PE,0,IDLE,0.62
12300000.00,PE,0,IDLE,0.62
12301000.00,PE,0,IDLE,0.62
12302000.00,PE,0,IDLE,0.62
12303000.00,PE,0,IDLE,0.62
12304000.00,PE,0,IDLE,0.62
12305000.00,PE,0,IDLE,0.62
12306000.00,PE,0,IDLE,0.62
12307000.00,PE,0,IDLE,0.62
12308000.00,PE,0,IDLE,0.62
12309000.00,PE,0,IDLE,0.62
12310000.00,PE,0,IDLE,0.62
12311000.00,PE,0,IDLE,0.62
12312000.00,PE,0,IDLE,0.62
12313000.00,PE,0,IDLE,0.62
12314000.00,PE,0,IDLE,0.62
12315000.00,PE,0,IDLE,0.62
12316000.00,PE,0,IDLE,0.62
12317000.00,PE,0,IDLE,0.62
12318000.00,PE,0,IDLE,0.62
12319000.00,PE,0,IDLE,0.62
12320000.00,PE,0,IDLE,0.62
12321000.00,PE,0,IDLE,0.62
12322000.00,PE,0,IDLE,0.62
12323000.00,PE,0,IDLE,0.62
12324000.00,PE,0,IDLE,0.62
12325000.00,PE,0,IDLE,0.62
12326000.00,PE,0,IDLE,0.62
12327000.00,PE,0,IDLE,0.62
12328000.00,PE,0,IDLE,0.62
12329000.00,PE,0,IDLE,0.62
12330000.00,PE,0,IDLE,0.62
12331000.00,PE,0,IDLE,0.62
12332000.00,PE,0,IDLE,0.62
12333000.00,PE,0,IDLE,0.62
12334000.00,PE,0,IDLE,0.62
12335000.00,PE,0,IDLE,0.62
12336000.00,PE,0,IDLE,0.62
12337000.00,PE,0,IDLE,0.62
12338000.00,PE,0,IDLE,0.62
12339000.00,PE,0,IDLE,0.62
12340000.00,PE,0,IDLE,0.62
12341000.00,PE,0,IDLE,0.62
12342000.00,PE,0,IDLE,0.62
12343000.00,PE,0,IDLE,0.62
12344000.00,PE,0,IDLE,0.62
12345000.00,PE,0,IDLE,0.62
12346000.00,PE,0,IDLE,0.62
12347000.00,PE,0,IDLE,0.62
12348000.00,PE,0,IDLE,0.62
12349000.00,PE,0,IDLE,0.62
12350000.00,PE,0,IDLE,0.62
12351000.00,PE,0,IDLE,0.62
12352000.00,PE,0,IDLE,0.62
12353000.00,PE,0,IDLE,0.62
12354000.00,PE,0,IDLE,0.62
12355000.00,PE,0,IDLE,0.62
12356000.00,PE,0,IDLE,0.62
12357000.00,PE,0,IDLE,0.62
12358000.00,PE,0,IDLE,0.62
12359000.00,PE,0,IDLE,0.62
12360000.00,PE,0,IDLE,0.62
12361000.00,PE,0,IDLE,0.62
12362000.00,PE,0,IDLE,0.62
12363000.00,PE,0,IDLE,0.62
12364000.00,PE,0,IDLE,0.62
12365000.00,PE,0,IDLE,0.62
12366000.00,PE,0,IDLE,0.62
12367000.00,PE,0,IDLE,0.62
12368000.00,PE,0,IDLE,0.62
12369000.00,PE,0,IDLE,0.62
12370000.00,PE,0,IDLE,0.62
12371000.00,PE,0,IDLE,0.62
12372000.00,PE,0,IDLE,0.62
12373000.00,PE,0,IDLE,0.62
12374000.00,PE,0,IDLE,0.62
12375000.00,PE,0,IDLE,0.62
12376000.00,PE,0,IDLE,0.62
12377000.00,PE,0,IDLE,0.62
12378000.00,PE,0,IDLE,0.62
12379000.00,PE,0,IDLE,0.62
12380000.00,PE,0,IDLE,0.62
12381000.00,PE,0,IDLE,0.62
12382000.00,PE,0,IDLE,0.62
12383000.00,PE,0,IDLE,0.62
12384000.00,PE,0,IDLE,0.62
12385000.00,PE,0,IDLE,0.62
12386000.00,PE,0,IDLE,0.62
12387000.00,PE,0,IDLE,0.62
12388000.00,PE,0,IDLE,0.62
12389000.00,PE,0,IDLE,0.62
12390000.00,PE,0,IDLE,0.62
12391000.00,PE,0,IDLE,0.62
12392000.00,PE,0,IDLE,0.62
12393000.00,PE,0,IDLE,0.62
12394000.00,PE,0,IDLE,0.62
12395000.00,PE,0,IDLE,0.62
12396000.00,PE,0,IDLE,0.62
12397000.00,PE,0,IDLE,0.62
12398000.00,PE,0,IDLE,0.62
12399000.00,PE,0,IDLE,0.62
12400000.00,PE,0,IDLE,0.62
12401000.00,PE,0,IDLE,0.62
12402000.00,PE,0,IDLE,0.62
12403000.00,PE,0,IDLE,0.62
12404000.00,PE,0,IDLE,0.62
12405000.00,PE,0,IDLE,0.62
12406000.00,PE,0,IDLE,0.62
12407000.00,PE,0,IDLE,0.62
12408000.00,PE,0,IDLE,0.62
12409000.00,PE,0,IDLE,0.62
12410000.00,PE,0,IDLE,0.62
12411000.00,PE,0,IDLE,0.62
12412000.00,PE,0,IDLE,0.62
12413000.00,PE,0,IDLE,0.62
12414000.00,PE,0,IDLE,0.62
12415000.00,PE,0,IDLE,0.62
12416000.00,PE,0,IDLE,0.62
12417000.00,PE,0,IDLE,0.62
12418000.00,PE,0,IDLE,0.62
12419000.00,PE,0,IDLE,0.62
12420000.00,PE,0,IDLE,0.62
12421000.00,PE,0,IDLE,0.62
12422000.00,PE,0,IDLE,0.62
12423000.00,PE,0,IDLE,0.62
12424000.00,PE,0,IDLE,0.62
12425000.00,PE,0,IDLE,0.62
12426000.00,PE,0,IDLE,0.62
12427000.00,PE,0,IDLE,0.62
12428000.00,PE,0,IDLE,0.62
12429000.00,PE,0,IDLE,0.62
12430000.00,PE,0,IDLE,0.62
12431000.00,PE,0,IDLE,0.62
12432000.00,PE,0,IDLE,0.62
12433000.00,PE,0,IDLE,0.62
12434000.00,PE,0,IDLE,0.62
12435000.00,PE,0,IDLE,0.62
12436000.00,PE,0,IDLE,0.62
12437000.00,PE,0,IDLE,0.62
12438000.00,PE,0,IDLE,0.62
12439000.00,PE,0,IDLE,0.62
12440000.00,PE,0,IDLE,0.62
12441000.00,PE,0,IDLE,0.62
12442000.00,PE,0,IDLE,0.62
12443000.00,PE,0,IDLE,0.62
12444000.00,PE,0,IDLE,0.62
12445000.00,PE,0,IDLE,0.62
12446000.00,PE,0,IDLE,0.62
12447000.00,PE,0,IDLE,0.62
12448000.00,PE,0,IDLE,0.62
12449000.00,PE,0,IDLE,0.62
12450000.00,PE,0,IDLE,0.62
12451000.00,PE,0,IDLE,0.62
12452000.00,PE,0,IDLE,0.62
12453000.00,PE,0,IDLE,0.62
12454000.00,PE,0,IDLE,0.62
12455000.00,PE,0,IDLE,0.62
12456000.00,PE,0,IDLE,0.62
12457000.00,PE,0,IDLE,0.62
12458000.00,PE,0,IDLE,0.62
12459000.00,PE,0,IDLE,0.62
12460000.00,PE,0,IDLE,0.62
12461000.00,PE,0,IDLE,0.62
12462000.00,PE,0,IDLE,0.62
12463000.00,PE,0,IDLE,0.62
12464000.00,PE,0,IDLE,0.62
12465000.00,PE,0,IDLE,0.62
12466000.00,PE,0,IDLE,0.62
12467000.00,PE,0,IDLE,0.62
12468000.00,PE,0,IDLE,0.62
12469000.00,PE,0,IDLE,0.62
12470000.00,PE,0,IDLE,0.62
12471000.00,PE,0,IDLE,0.62
12472000.00,PE,0,IDLE,0.62
12473000.00,PE,0,IDLE,0.62
12474000.00,PE,0,IDLE,0.62
12475000.00,PE,0,IDLE,0.62
12476000.00,PE,0,IDLE,0.62
12477000.00,PE,0,IDLE,0.62
12478000.00,PE,0,IDLE,0.62
12479000.00,PE,0,IDLE,0.62
12480000.00,PE,0,IDLE,0.62
12481000.00,PE,0,IDLE,0.62
12482000.00,PE,0,IDLE,0.62
12483000.00,PE,0,IDLE,0.62
12484000.00,PE,0,IDLE,0.62
12485000.00,PE,0,IDLE,0.62
12486000.00,PE,0,IDLE,0.62
12487000.00,PE,0,IDLE,0.62
12488000.00,PE,0,IDLE,0.62
12489000.00,PE,0,IDLE,0.62
12490000.00,PE,0,IDLE,0.62
12491000.00,PE,0,IDLE,0.62
12492000.00,PE,0,IDLE,0.62
12493000.00,PE,0,IDLE,0.62
12494000.00,PE,0,IDLE,0.62
12495000.00,PE,0,IDLE,0.62
12496000.00,PE,0,IDLE,0.62
12497000.00,PE,0,IDLE,0.62
12498000.00,PE,0,IDLE,0.62
12499000.00,PE,0,IDLE,0.62
12500000.00,PE,0,IDLE,0.62
12501000.00,PE,0,IDLE,0.62
12502000.00,PE,0,IDLE,0.62
12503000.00,PE,0,IDLE,0.62
12504000.00,PE,0,IDLE,0.62
12505000.00,PE,0,IDLE,0.62
12506000.00,PE,0,IDLE,0.62
12507000.00,PE,0,IDLE,0.62
12508000.00,PE,0,IDLE,0.62
12509000.00,PE,0,IDLE,0.62
12510000.00,PE,0,IDLE,0.62
12511000.00,PE,0,IDLE,0.62
12512000.00,PE,0,IDLE,0.62
12513000.00,PE,0,IDLE,0.62
12514000.00,PE,0,IDLE,0.62
12515000.00,PE,0,IDLE,0.62
12516000.00,PE,0,IDLE,0.62
12517000.00,PE,0,IDLE,0.62
12518000.00,PE,0,IDLE,0.62
12519000.00,PE,0,IDLE,0.62
12520000.00,PE,0,IDLE,0.62
12521000.00,PE,0,IDLE,0.62
12522000.00,PE,0,IDLE,0.62
12523000.00,PE,0,IDLE,0.62
12524000.00,PE,0,IDLE,0.62
12525000.00,PE,0,IDLE,0.62
12526000.00,PE,0,IDLE,0.62
12527000.00,PE,0,IDLE,0.62
12528000.00,PE,0,IDLE,0.62
12529000.00,PE,0,IDLE,0.62
12530000.00,PE,0,IDLE,0.62
12531000.00,PE,0,IDLE,0.62
12532000.00,PE,0,IDLE,0.62
12533000.00,PE,0,IDLE,0.62
12534000.00,PE,0,IDLE,0.62
12535000.00,PE,0,IDLE,0.62
12536000.00,PE,0,IDLE,0.62
12537000.00,PE,0,IDLE,0.62
12538000.00,PE,0,IDLE,0.62
12539000.00,PE,0,IDLE,0.62
12540000.00,PE,0,IDLE,0.62
12541000.00,PE,0,IDLE,0.62
12542000.00,PE,0,IDLE,0.62
12543000.00,PE,0,IDLE,0.62
12544000.00,PE,0,IDLE,0.62
12545000.00,PE,0,IDLE,0.62
12546000.00,PE,0,IDLE,0.62
12547000.00,PE,0,IDLE,0.62
12548000.00,PE,0,IDLE,0.62
12549000.00,PE,0,IDLE,0.62
12550000.00,PE,0,IDLE,0.62
12551000.00,PE,0,IDLE,0.62
12552000.00,PE,0,IDLE,0.62
12553000.00,PE,0,IDLE,0.62
12554000.00,PE,0,IDLE,0.62
12555000.00,PE,0,IDLE,0.62
12556000.00,PE,0,IDLE,0.62
12557000.00,PE,0,IDLE,0.62
12558000.00,PE,0,IDLE,0.62
12559000.00,PE,0,IDLE,0.62
12560000.00,PE,0,IDLE,0.62
12561000.00,PE,0,IDLE,0.62
12562000.00,PE,0,IDLE,0.62
12563000.00,PE,0,IDLE,0.62
12564000.00,PE,0,IDLE,0.62
12565000.00,PE,0,IDLE,0.62
12566000.00,PE,0,IDLE,0.62
12567000.00,PE,0,IDLE,0.62
12568000.00,PE,0,IDLE,0.62
12569000.00,PE,0,IDLE,0.62
12570000.00,PE,0,IDLE,0.62
12571000.00,PE,0,IDLE,0.62
12572000.00,PE,0,IDLE,0.62
12573000.00,PE,0,IDLE,0.62
12574000.00,PE,0,IDLE,0.62
12575000.00,PE,0,IDLE,0.62
12576000.00,PE,0,IDLE,0.62
12577000.00,PE,0,IDLE,0.62
12578000.00,PE,0,IDLE,0.62
12579000.00,PE,0,IDLE,0.62
12580000.00,PE,0,IDLE,0.62
12581000.00,PE,0,IDLE,0.62
12582000.00,PE,0,IDLE,0.62
12583000.00,PE,0,IDLE,0.62
12584000.00,PE,0,IDLE,0.62
12585000.00,PE,0,IDLE,0.62
12586000.00,PE,0,IDLE,0.62
12587000.00,PE,0,IDLE,0.62
12588000.00,PE,0,IDLE,0.62
12589000.00,PE,0,IDLE,0.62
12590000.00,PE,0,IDLE,0.62
12591000.00,PE,0,IDLE,0.62
12592000.00,PE,0,IDLE,0.62
12593000.00,PE,0,IDLE,0.62
12594000.00,PE,0,IDLE,0.62
12595000.00,PE,0,IDLE,0.62
12596000.00,PE,0,IDLE,0.62
12597000.00,PE,0,IDLE,0.62
12598000.00,PE,0,IDLE,0.62
12599000.00,PE,0,IDLE,0.62
12600000.00,PE,0,IDLE,0.62
12601000.00,PE,0,IDLE,0.62
12602000.00,PE,0,IDLE,0.62
12603000.00,PE,0,IDLE,0.62
12604000.00,PE,0,IDLE,0.62
12605000.00,PE,0,IDLE,0.62
12606000.00,PE,0,IDLE,0.62
12607000.00,PE,0,IDLE,0.62
12608000.00,PE,0,IDLE,0.62
12609000.00,PE,0,IDLE,0.62
12610000.00,PE,0,IDLE,0.62
12611000.00,PE,0,IDLE,0.62
12612000.00,PE,0,IDLE,0.62
12613000.00,PE,0,IDLE,0.62
12614000.00,PE,0,IDLE,0.62
12615000.00,PE,0,IDLE,0.62
12616000.00,PE,0,IDLE,0.62
12617000.00,PE,0,IDLE,0.62
12618000.00,PE,0,IDLE,0.62
12619000.00,PE,0,IDLE,0.62
12620000.00,PE,0,IDLE,0.62
12621000.00,PE,0,IDLE,0.62
12622000.00,PE,0,IDLE,0.62
12623000.00,PE,0,IDLE,0.62
12624000.00,PE,0,IDLE,0.62
12625000.00,PE,0,IDLE,0.62
12626000.00,PE,0,IDLE,0.62
12627000.00,PE,0,IDLE,0.62
12628000.00,PE,0,IDLE,0.62
12629000.00,PE,0,IDLE,0.62
12630000.00,PE,0,IDLE,0.62
12631000.00,PE,0,IDLE,0.62
12632000.00,PE,0,IDLE,0.62
12633000.00,PE,0,IDLE,0.62
12634000.00,PE,0,IDLE,0.62
12635000.00,PE,0,IDLE,0.62
12636000.00,PE,0,IDLE,0.62
12637000.00,PE,0,IDLE,0.62
12638000.00,PE,0,IDLE,0.62
12639000.00,PE,0,IDLE,0.62
12640000.00,PE,0,IDLE,0.62
12641000.00,PE,0,IDLE,0.62
12642000.00,PE,0,IDLE,0.62
12643000.00,PE,0,IDLE,0.62
12644000.00,PE,0,IDLE,0.62
12645000.00,PE,0,IDLE,0.62
12646000.00,PE,0,IDLE,0.62
12647000.00,PE,0,IDLE,0.62
12648000.00,PE,0,IDLE,0.62
12649000.00,PE,0,IDLE,0.62
12650000.00,PE,0,IDLE,0.62
12651000.00,PE,0,IDLE,0.62
12652000.00,PE,0,IDLE,0.62
12653000.00,PE,0,IDLE,0.62
12654000.00,PE,0,IDLE,0.62
12655000.00,PE,0,IDLE,0.62
12656000.00,PE,0,IDLE,0.62
12657000.00,PE,0,IDLE,0.62
12658000.00,PE,0,IDLE,0.62
12659000.00,PE,0,IDLE,0.62
12660000.00,PE,0,IDLE,0.62
12661000.00,PE,0,IDLE,0.62
12662000.00,PE,0,IDLE,0.62
12663000.00,PE,0,IDLE,0.62
12664000.00,PE,0,IDLE,0.62
12665000.00,PE,0,IDLE,0.62
12666000.00,PE,0,IDLE,0.62
12667000.00,PE,0,IDLE,0.62
12668000.00,PE,0,IDLE,0.62
12669000.00,PE,0,IDLE,0.62
12670000.00,PE,0,IDLE,0.62
12671000.00,PE,0,IDLE,0.62
12672000.00,PE,0,IDLE,0.62
12673000.00,PE,0,IDLE,0.62
12674000.00,PE,0,IDLE,0.62
12675000.00,PE,0,IDLE,0.62
12676000.00,PE,0,IDLE,0.62
12677000.00,PE,0,IDLE,0.62
12678000.00,PE,0,IDLE,0.62
12679000.00,PE,0,IDLE,0.62
12680000.00,PE,0,IDLE,0.62
12681000.00,PE,0,IDLE,0.62
12682000.00,PE,0,IDLE,0.62
12683000.00,PE,0,IDLE,0.62
12684000.00,PE,0,IDLE,0.62
12685000.00,PE,0,IDLE,0.62
12686000.00,PE,0,IDLE,0.62
12687000.00,PE,0,IDLE,0.62
12688000.00,PE,0,IDLE,0.62
12689000.00,PE,0,IDLE,0.62
12690000.00,PE,0,IDLE,0.62
12691000.00,PE,0,IDLE,0.62
12692000.00,PE,0,IDLE,0.62
12693000.00,PE,0,IDLE,0.62
12694000.00,PE,0,IDLE,0.62
12695000.00,PE,0,IDLE,0.62
12696000.00,PE,0,IDLE,0.62
12697000.00,PE,0,IDLE,0.62
12698000.00,PE,0,IDLE,0.62
12699000.00,PE,0,IDLE,0.62
12700000.00,PE,0,IDLE,0.62
12701000.00,PE,0,IDLE,0.62
12702000.00,PE,0,IDLE,0.62
12703000.00,PE,0,IDLE,0.62
12704000.00,PE,0,IDLE,0.62
12705000.00,PE,0,IDLE,0.62
12706000.00,PE,0,IDLE,0.62
12707000.00,PE,0,IDLE,0.62
12708000.00,PE,0,IDLE,0.62
12709000.00,PE,0,IDLE,0.62
12710000.00,PE,0,IDLE,0.62
12711000.00,PE,0,IDLE,0.62
12712000.00,PE,0,IDLE,0.62
12713000.00,PE,0,IDLE,0.62
12714000.00,PE,0,IDLE,0.62
12715000.00,PE,0,IDLE,0.62
12716000.00,PE,0,IDLE,0.62
12717000.00,PE,0,IDLE,0.62
12718000.00,PE,0,IDLE,0.62
12719000.00,PE,0,IDLE,0.62
12720000.00,PE,0,IDLE,0.62
12721000.00,PE,0,IDLE,0.62
12722000.00,PE,0,IDLE,0.62
12723000.00,PE,0,IDLE,0.62
12724000.00,PE,0,IDLE,0.62
12725000.00,PE,0,IDLE,0.62
12726000.00,PE,0,IDLE,0.62
12727000.00,PE,0,IDLE,0.62
12728000.00,PE,0,IDLE,0.62
12729000.00,PE,0,IDLE,0.62
12730000.00,PE,0,IDLE,0.62
12731000.00,PE,0,IDLE,0.62
12732000.00,PE,0,IDLE,0.62
12733000.00,PE,0,IDLE,0.62
12734000.00,PE,0,IDLE,0.62
12735000.00,PE,0,IDLE,0.62
12736000.00,PE,0,IDLE,0.62
12737000.00,PE,0,IDLE,0.62
12738000.00,PE,0,IDLE,0.62
12739000.00,PE,0,IDLE,0.62
12740000.00,PE,0,IDLE,0.62
12741000.00,PE,0,IDLE,0.62
12742000.00,PE,0,IDLE,0.62
12743000.00,PE,0,IDLE,0.62
12744000.00,PE,0,IDLE,0.62
12745000.00,PE,0,IDLE,0.62
12746000.00,PE,0,IDLE,0.62
12747000.00,PE,0,IDLE,0.62
12748000.00,PE,0,IDLE,0.62
12749000.00,PE,0,IDLE,0.62
12750000.00,PE,0,IDLE,0.62
12751000.00,PE,0,IDLE,0.62
12752000.00,PE,0,IDLE,0.62
12753000.00,PE,0,IDLE,0.62
12754000.00,PE,0,IDLE,0.62
12755000.00,PE,0,IDLE,0.62
12756000.00,PE,0,IDLE,0.62
12757000.00,PE,0,IDLE,0.62
12758000.00,PE,0,IDLE,0.62
12759000.00,PE,0,IDLE,0.62
12760000.00,PE,0,IDLE,0.62
12761000.00,PE,0,IDLE,0.62
12762000.00,PE,0,IDLE,0.62
12763000.00,PE,0,IDLE,0.62
12764000.00,PE,0,IDLE,0.62
12765000.00,PE,0,IDLE,0.62
12766000.00,PE,0,IDLE,0.62
12767000.00,PE,0,IDLE,0.62
12768000.00,PE,0,IDLE,0.62
12769000.00,PE,0,IDLE,0.62
12770000.00,PE,0,IDLE,0.62
12771000.00,PE,0,IDLE,0.62
12772000.00,PE,0,IDLE,0.62
12773000.00,PE,0,IDLE,0.62
12774000.00,PE,0,IDLE,0.62
12775000.00,PE,0,IDLE,0.62
12776000.00,PE,0,IDLE,0.62
12777000.00,PE,0,IDLE,0.62
12778000.00,PE,0,IDLE,0.62
12779000.00,PE,0,IDLE,0.62
12780000.00,PE,0,IDLE,0.62
12781000.00,PE,0,IDLE,0.62
12782000.00,PE,0,IDLE,0.62
12783000.00,PE,0,IDLE,0.62
12784000.00,PE,0,IDLE,0.62
12785000.00,PE,0,IDLE,0.62
12786000.00,PE,0,IDLE,0.62
12787000.00,PE,0,IDLE,0.62
12788000.00,PE,0,IDLE,0.62
12789000.00,PE,0,IDLE,0.62
12790000.00,PE,0,IDLE,0.62
12791000.00,PE,0,IDLE,0.62
12792000.00,PE,0,IDLE,0.62
12793000.00,PE,0,IDLE,0.62
12794000.00,PE,0,IDLE,0.62
12795000.00,PE,0,IDLE,0.62
12796000.00,PE,0,IDLE,0.62
12797000.00,PE,0,IDLE,0.62
12798000.00,PE,0,IDLE,0.62
12799000.00,PE,0,IDLE,0.62
12800000.00,PE,0,IDLE,0.62
12801000.00,PE,0,IDLE,0.62
12802000.00,PE,0,IDLE,0.62
12803000.00,PE,0,IDLE,0.62
12804000.00,PE,0,IDLE,0.62
12805000.00,PE,0,IDLE,0.62
12806000.00,PE,0,IDLE,0.62
12807000.00,PE,0,IDLE,0.62
12808000.00,PE,0,IDLE,0.62
12809000.00,PE,0,IDLE,0.62
12810000.00,PE,0,IDLE,0.62
12811000.00,PE,0,IDLE,0.62
12812000.00,PE,0,IDLE,0.62
12813000.00,PE,0,IDLE,0.62
12814000.00,PE,0,IDLE,0.62
12815000.00,PE,0,IDLE,0.62
12816000.00,PE,0,IDLE,0.62
12817000.00,PE,0,IDLE,0.62
12818000.00,PE,0,IDLE,0.62
12819000.00,PE,0,IDLE,0.62
12820000.00,PE,0,IDLE,0.62
12821000.00,PE,0,IDLE,0.62
12822000.00,PE,0,IDLE,0.62
12823000.00,PE,0,IDLE,0.62
12824000.00,PE,0,IDLE,0.62
12825000.00,PE,0,IDLE,0.62
12826000.00,PE,0,IDLE,0.62
12827000.00,PE,0,IDLE,0.62
12828000.00,PE,0,IDLE,0.62
12829000.00,PE,0,IDLE,0.62
12830000.00,PE,0,IDLE,0.62
12831000.00,PE,0,IDLE,0.62
12832000.00,PE,0,IDLE,0.62
12833000.00,PE,0,IDLE,0.62
12834000.00,PE,0,IDLE,0.62
12835000.00,PE,0,IDLE,0.62
12836000.00,PE,0,IDLE,0.62
12837000.00,PE,0,IDLE,0.62
12838000.00,PE,0,IDLE,0.62
12839000.00,PE,0,IDLE,0.62
12840000.00,PE,0,IDLE,0.62
12841000.00,PE,0,IDLE,0.62
12842000.00,PE,0,IDLE,0.62
12843000.00,PE,0,IDLE,0.62
12844000.00,PE,0,IDLE,0.62
12845000.00,PE,0,IDLE,0.62
12846000.00,PE,0,IDLE,0.62
12847000.00,PE,0,IDLE,0.62
12848000.00,PE,0,IDLE,0.62
12849000.00,PE,0,IDLE,0.62
12850000.00,PE,0,IDLE,0.62
12851000.00,PE,0,IDLE,0.62
12852000.00,PE,0,IDLE,0.62
12853000.00,PE,0,IDLE,0.62
12854000.00,PE,0,IDLE,0.62
12855000.00,PE,0,IDLE,0.62
12856000.00,PE,0,IDLE,0.62
12857000.00,PE,0,IDLE,0.62
12858000.00,PE,0,IDLE,0.62
12859000.00,PE,0,IDLE,0.62
12860000.00,PE,0,IDLE,0.62
12861000.00,PE,0,IDLE,0.62
12862000.00,PE,0,IDLE,0.62
12863000.00,PE,0,IDLE,0.62
12864000.00,PE,0,IDLE,0.62
12865000.00,PE,0,IDLE,0.62
12866000.00,PE,0,IDLE,0.62
12867000.00,PE,0,IDLE,0.62
12868000.00,PE,0,IDLE,0.62
12869000.00,PE,0,IDLE,0.62
12870000.00,PE,0,IDLE,0.62
12871000.00,PE,0,IDLE,0.62
12872000.00,PE,0,IDLE,0.62
12873000.00,PE,0,IDLE,0.62
12874000.00,PE,0,IDLE,0.62
12875000.00,PE,0,IDLE,0.62
12876000.00,PE,0,IDLE,0.62
12877000.00,PE,0,IDLE,0.62
12878000.00,PE,0,IDLE,0.62
12879000.00,PE,0,IDLE,0.62
12880000.00,PE,0,IDLE,0.62
12881000.00,PE,0,IDLE,0.62
12882000.00,PE,0,IDLE,0.62
12883000.00,PE,0,IDLE,0.62
12884000.00,PE,0,IDLE,0.62
12885000.00,PE,0,IDLE,0.62
12886000.00,PE,0,IDLE,0.62
12887000.00,PE,0,IDLE,0.62
12888000.00,PE,0,IDLE,0.62
12889000.00,PE,0,IDLE,0.62
12890000.00,PE,0,IDLE,0.62
12891000.00,PE,0,IDLE,0.62
12892000.00,PE,0,IDLE,0.62
12893000.00,PE,0,IDLE,0.62
12894000.00,PE,0,IDLE,0.62
12895000.00,PE,0,IDLE,0.62
12896000.00,PE,0,IDLE,0.62
12897000.00,PE,0,IDLE,0.62
12898000.00,PE,0,IDLE,0.62
12899000.00,PE,0,IDLE,0.62
12900000.00,PE,0,IDLE,0.62
12901000.00,PE,0,IDLE,0.62
12902000.00,PE,0,IDLE,0.62
12903000.00,PE,0,IDLE,0.62
12904000.00,PE,0,IDLE,0.62
12905000.00,PE,0,IDLE,0.62
12906000.00,PE,0,IDLE,0.62
12907000.00,PE,0,IDLE,0.62
12908000.00,PE,0,IDLE,0.62
12909000.00,PE,0,IDLE,0.62
12910000.00,PE,0,IDLE,0.62
12911000.00,PE,0,IDLE,0.62
12912000.00,PE,0,IDLE,0.62
12913000.00,PE,0,IDLE,0.62
12914000.00,PE,0,IDLE,0.62
12915000.00,PE,0,IDLE,0.62
12916000.00,PE,0,IDLE,0.62
12917000.00,PE,0,IDLE,0.62
12918000.00,PE,0,IDLE,0.62
12919000.00,PE,0,IDLE,0.62
12920000.00,PE,0,IDLE,0.62
12921000.00,PE,0,IDLE,0.62
12922000.00,PE,0,IDLE,0.62
12923000.00,PE,0,IDLE,0.62
12924000.00,PE,0,IDLE,0.62
12925000.00,PE,0,IDLE,0.62
12926000.00,PE,0,IDLE,0.62
12927000.00,PE,0,IDLE,0.62
12928000.00,PE,0,IDLE,0.62
12929000.00,PE,0,IDLE,0.62
12930000.00,PE,0,IDLE,0.62
12931000.00,PE,0,IDLE,0.62
12932000.00,PE,0,IDLE,0.62
12933000.00,PE,0,IDLE,0.62
12934000.00,PE,0,IDLE,0.62
12935000.00,PE,0,IDLE,0.62
12936000.00,PE,0,IDLE,0.62
12937000.00,PE,0,IDLE,0.62
12938000.00,PE,0,IDLE,0.62
12939000.00,PE,0,IDLE,0.62
12940000.00,PE,0,IDLE,0.62
12941000.00,PE,0,IDLE,0.62
12942000.00,PE,0,IDLE,0.62
12943000.00,PE,0,IDLE,0.62
12944000.00,PE,0,IDLE,0.62
12945000.00,PE,0,IDLE,0.62
12946000.00,PE,0,IDLE,0.62
12947000.00,PE,0,IDLE,0.62
12948000.00,PE,0,IDLE,0.62
12949000.00,PE,0,IDLE,0.62
12950000.00,PE,0,IDLE,0.62
12951000.00,PE,0,IDLE,0.62
12952000.00,PE,0,IDLE,0.62
12953000.00,PE,0,IDLE,0.62
12954000.00,PE,0,IDLE,0.62
12955000.00,PE,0,IDLE,0.62
12956000.00,PE,0,IDLE,0.62
12957000.00,PE,0,IDLE,0.62
12958000.00,PE,0,IDLE,0.62
12959000.00,PE,0,IDLE,0.62
12960000.00,PE,0,IDLE,0.62
12961000.00,PE,0,IDLE,0.62
12962000.00,PE,0,IDLE,0.62
12963000.00,PE,0,IDLE,0.62
12964000.00,PE,0,IDLE,0.62
12965000.00,PE,0,IDLE,0.62
12966000.00,PE,0,IDLE,0.62
12967000.00,PE,0,IDLE,0.62
12968000.00,PE,0,IDLE,0.62
12969000.00,PE,0,IDLE,0.62
12970000.00,PE,0,IDLE,0.62
12971000.00,PE,0,IDLE,0.62
12972000.00,PE,0,IDLE,0.62
12973000.00,PE,0,IDLE,0.62
12974000.00,PE,0,IDLE,0.62
12975000.00,PE,0,IDLE,0.62
12976000.00,PE,0,IDLE,0.62
12977000.00,PE,0,IDLE,0.62
12978000.00,PE,0,IDLE,0.62
12979000.00,PE,0,IDLE,0.62
12980000.00,PE,0,IDLE,0.62
12981000.00,PE,0,IDLE,0.62
12982000.00,PE,0,IDLE,0.62
12983000.00,PE,0,IDLE,0.62
12984000.00,PE,0,IDLE,0.62
12985000.00,PE,0,IDLE,0.62
12986000.00,PE,0,IDLE,0.62
12987000.00,PE,0,IDLE,0.62
12988000.00,PE,0,IDLE,0.62
12989000.00,PE,0,IDLE,0.62
12990000.00,PE,0,IDLE,0.62
12991000.00,PE,0,IDLE,0.62
12992000.00,PE,0,IDLE,0.62
12993000.00,PE,0,IDLE,0.62
12994000.00,PE,0,IDLE,0.62
12995000.00,PE,0,IDLE,0.62
12996000.00,PE,0,IDLE,0.62
12997000.00,PE,0,IDLE,0.62
12998000.00,PE,0,IDLE,0.62
12999000.00,PE,0,IDLE,0.62
13000000.00,PE,0,IDLE,0.62
13001000.00,PE,0,IDLE,0.62
13002000.00,PE,0,IDLE,0.62
13003000.00,PE,0,IDLE,0.62
13004000.00,PE,0,IDLE,0.62
13005000.00,PE,0,IDLE,0.62
13006000.00,PE,0,IDLE,0.62
13007000.00,PE,0,IDLE,0.62
13008000.00,PE,0,IDLE,0.62
13009000.00,PE,0,IDLE,0.62
13010000.00,PE,0,IDLE,0.62
13011000.00,PE,0,IDLE,0.62
13012000.00,PE,0,IDLE,0.62
13013000.00,PE,0,IDLE,0.62
13014000.00,PE,0,IDLE,0.62
13015000.00,PE,0,IDLE,0.62
13016000.00,PE,0,IDLE,0.62
13017000.00,PE,0,IDLE,0.62
13018000.00,PE,0,IDLE,0.62
13019000.00,PE,0,IDLE,0.62
13020000.00,PE,0,IDLE,0.62
13021000.00,PE,0,IDLE,0.62
13022000.00,PE,0,IDLE,0.62
13023000.00,PE,0,IDLE,0.62
13024000.00,PE,0,IDLE,0.62
13025000.00,PE,0,IDLE,0.62
13026000.00,PE,0,IDLE,0.62
13027000.00,PE,0,IDLE,0.62
13028000.00,PE,0,IDLE,0.62
13029000.00,PE,0,IDLE,0.62
13030000.00,PE,0,IDLE,0.62
13031000.00,PE,0,IDLE,0.62
13032000.00,PE,0,IDLE,0.62
13033000.00,PE,0,IDLE,0.62
13034000.00,PE,0,IDLE,0.62
13035000.00,PE,0,IDLE,0.62
13036000.00,PE,0,IDLE,0.62
13037000.00,PE,0,IDLE,0.62
13038000.00,PE,0,IDLE,0.62
13039000.00,PE,0,IDLE,0.62
13040000.00,PE,0,IDLE,0.62
13041000.00,PE,0,IDLE,0.62
13042000.00,PE,0,IDLE,0.62
13043000.00,PE,0,IDLE,0.62
13044000.00,PE,0,IDLE,0.62
13045000.00,PE,0,IDLE,0.62
13046000.00,PE,0,IDLE,0.62
13047000.00,PE,0,IDLE,0.62
13048000.00,PE,0,IDLE,0.62
13049000.00,PE,0,IDLE,0.62
13050000.00,PE,0,IDLE,0.62
13051000.00,PE,0,IDLE,0.62
13052000.00,PE,0,IDLE,0.62
13053000.00,PE,0,IDLE,0.62
13054000.00,PE,0,IDLE,0.62
13055000.00,PE,0,IDLE,0.62
13056000.00,PE,0,IDLE,0.62
13057000.00,PE,0,IDLE,0.62
13058000.00,PE,0,IDLE,0.62
13059000.00,PE,0,IDLE,0.62
13060000.00,PE,0,IDLE,0.62
13061000.00,PE,0,IDLE,0.62
13062000.00,PE,0,IDLE,0.62
13063000.00,PE,0,IDLE,0.62
13064000.00,PE,0,IDLE,0.62
13065000.00,PE,0,IDLE,0.62
13066000.00,PE,0,IDLE,0.62
13067000.00,PE,0,IDLE,0.62
13068000.00,PE,0,IDLE,0.62
13069000.00,PE,0,IDLE,0.62
13070000.00,PE,0,IDLE,0.62
13071000.00,PE,0,IDLE,0.62
13072000.00,PE,0,IDLE,0.62
13073000.00,PE,0,IDLE,0.62
13074000.00,PE,0,IDLE,0.62
13075000.00,PE,0,IDLE,0.62
13076000.00,PE,0,IDLE,0.62
13077000.00,PE,0,IDLE,0.62
13078000.00,PE,0,IDLE,0.62
13079000.00,PE,0,IDLE,0.62
13080000.00,PE,0,IDLE,0.62
13081000.00,PE,0,IDLE,0.62
13082000.00,PE,0,IDLE,0.62
13083000.00,PE,0,IDLE,0.62
13084000.00,PE,0,IDLE,0.62
13085000.00,PE,0,IDLE,0.62
13086000.00,PE,0,IDLE,0.62
13087000.00,PE,0,IDLE,0.62
13088000.00,PE,0,IDLE,0.62
13089000.00,PE,0,IDLE,0.62
13090000.00,PE,0,IDLE,0.62
13091000.00,PE,0,IDLE,0.62
13092000.00,PE,0,IDLE,0.62
13093000.00,PE,0,IDLE,0.62
13094000.00,PE,0,IDLE,0.62
13095000.00,PE,0,IDLE,0.62
13096000.00,PE,0,IDLE,0.62
13097000.00,PE,0,IDLE,0.62
13098000.00,PE,0,IDLE,0.62
13099000.00,PE,0,IDLE,0.62
13100000.00,PE,0,IDLE,0.62
13101000.00,PE,0,IDLE,0.62
13102000.00,PE,0,IDLE,0.62
13103000.00,PE,0,IDLE,0.62
13104000.00,PE,0,IDLE,0.62
13105000.00,PE,0,IDLE,0.62
13106000.00,PE,0,IDLE,0.62
13107000.00,PE,0,IDLE,0.62
13108000.00,PE,0,IDLE,0.62
13109000.00,PE,0,IDLE,0.62
13110000.00,PE,0,IDLE,0.62
13111000.00,PE,0,IDLE,0.62
13112000.00,PE,0,IDLE,0.62
13113000.00,PE,0,IDLE,0.62
13114000.00,PE,0,IDLE,0.62
13115000.00,PE,0,IDLE,0.62
13116000.00,PE,0,IDLE,0.62
13117000.00,PE,0,IDLE,0.62
13118000.00,PE,0,IDLE,0.62
13119000.00,PE,0,IDLE,0.62
13120000.00,PE,0,IDLE,0.62
13121000.00,PE,0,IDLE,0.62
13122000.00,PE,0,IDLE,0.62
13123000.00,PE,0,IDLE,0.62
13124000.00,PE,0,IDLE,0.62
13125000.00,PE,0,IDLE,0.62
13126000.00,PE,0,IDLE,0.62
13127000.00,PE,0,IDLE,0.62
13128000.00,PE,0,IDLE,0.62
13129000.00,PE,0,IDLE,0.62
13130000.00,PE,0,IDLE,0.62
13131000.00,PE,0,IDLE,0.62
13132000.00,PE,0,IDLE,0.62
13133000.00,PE,0,IDLE,0.62
13134000.00,PE,0,IDLE,0.62
13135000.00,PE,0,IDLE,0.62
13136000.00,PE,0,IDLE,0.62
13137000.00,PE,0,IDLE,0.62
13138000.00,PE,0,IDLE,0.62
13139000.00,PE,0,IDLE,0.62
13140000.00,PE,0,IDLE,0.62
13141000.00,PE,0,IDLE,0.62
13142000.00,PE,0,IDLE,0.62
13143000.00,PE,0,IDLE,0.62
13144000.00,PE,0,IDLE,0.62
13145000.00,PE,0,IDLE,0.62
13146000.00,PE,0,IDLE,0.62
13147000.00,PE,0,IDLE,0.62
13148000.00,PE,0,IDLE,0.62
13149000.00,PE,0,IDLE,0.62
13150000.00,PE,0,IDLE,0.62
13151000.00,PE,0,IDLE,0.62
13152000.00,PE,0,IDLE,0.62
13153000.00,PE,0,IDLE,0.62
13154000.00,PE,0,IDLE,0.62
13155000.00,PE,0,IDLE,0.62
13156000.00,PE,0,IDLE,0.62
13157000.00,PE,0,IDLE,0.62
13158000.00,PE,0,IDLE,0.62
13159000.00,PE,0,IDLE,0.62
13160000.00,PE,0,IDLE,0.62
13161000.00,PE,0,IDLE,0.62
13162000.00,PE,0,IDLE,0.62
13163000.00,PE,0,IDLE,0.62
13164000.00,PE,0,IDLE,0.62
13165000.00,PE,0,IDLE,0.62
13166000.00,PE,0,IDLE,0.62
13167000.00,PE,0,IDLE,0.62
13168000.00,PE,0,IDLE,0.62
13169000.00,PE,0,IDLE,0.62
13170000.00,PE,0,IDLE,0.62
13171000.00,PE,0,IDLE,0.62
13172000.00,PE,0,IDLE,0.62
13173000.00,PE,0,IDLE,0.62
13174000.00,PE,0,IDLE,0.62
13175000.00,PE,0,IDLE,0.62
13176000.00,PE,0,IDLE,0.62
13177000.00,PE,0,IDLE,0.62
13178000.00,PE,0,IDLE,0.62
13179000.00,PE,0,IDLE,0.62
13180000.00,PE,0,IDLE,0.62
13181000.00,PE,0,IDLE,0.62
13182000.00,PE,0,IDLE,0.62
13183000.00,PE,0,IDLE,0.62
13184000.00,PE,0,IDLE,0.62
13185000.00,PE,0,IDLE,0.62
13186000.00,PE,0,IDLE,0.62
13187000.00,PE,0,IDLE,0.62
13188000.00,PE,0,IDLE,0.62
13189000.00,PE,0,IDLE,0.62
13190000.00,PE,0,IDLE,0.62
13191000.00,PE,0,IDLE,0.62
13192000.00,PE,0,IDLE,0.62
13193000.00,PE,0,IDLE,0.62
13194000.00,PE,0,IDLE,0.62
13195000.00,PE,0,IDLE,0.62
13196000.00,PE,0,IDLE,0.62
13197000.00,PE,0,IDLE,0.62
13198000.00,PE,0,IDLE,0.62
13199000.00,PE,0,IDLE,0.62
13200000.00,PE,0,IDLE,0.62
13201000.00,PE,0,IDLE,0.62
13202000.00,PE,0,IDLE,0.62
13203000.00,PE,0,IDLE,0.62
13204000.00,PE,0,IDLE,0.62
13205000.00,PE,0,IDLE,0.62
13206000.00,PE,0,IDLE,0.62
13207000.00,PE,0,IDLE,0.62
13208000.00,PE,0,IDLE,0.62
13209000.00,PE,0,IDLE,0.62
13210000.00,PE,0,IDLE,0.62
13211000.00,PE,0,IDLE,0.62
13212000.00,PE,0,IDLE,0.62
13213000.00,PE,0,IDLE,0.62
13214000.00,PE,0,IDLE,0.62
13215000.00,PE,0,IDLE,0.62
13216000.00,PE,0,IDLE,0.62
13217000.00,PE,0,IDLE,0.62
13218000.00,PE,0,IDLE,0.62
13219000.00,PE,0,IDLE,0.62
13220000.00,PE,0,IDLE,0.62
13221000.00,PE,0,IDLE,0.62
13222000.00,PE,0,IDLE,0.62
13223000.00,PE,0,IDLE,0.62
13224000.00,PE,0,IDLE,0.62
13225000.00,PE,0,IDLE,0.62
13226000.00,PE,0,IDLE,0.62
13227000.00,PE,0,IDLE,0.62
13228000.00,PE,0,IDLE,0.62
13229000.00,PE,0,IDLE,0.62
13230000.00,PE,0,IDLE,0.62
13231000.00,PE,0,IDLE,0.62
13232000.00,PE,0,IDLE,0.62
13233000.00,PE,0,IDLE,0.62
13234000.00,PE,0,IDLE,0.62
13235000.00,PE,0,IDLE,0.62
13236000.00,PE,0,IDLE,0.62
13237000.00,PE,0,IDLE,0.62
13238000.00,PE,0,IDLE,0.62
13239000.00,PE,0,IDLE,0.62
13240000.00,PE,0,IDLE,0.62
13241000.00,PE,0,IDLE,0.62
13242000.00,PE,0,IDLE,0.62
13243000.00,PE,0,IDLE,0.62
13244000.00,PE,0,IDLE,0.62
13245000.00,PE,0,IDLE,0.62
13246000.00,PE,0,IDLE,0.62
13247000.00,PE,0,IDLE,0.62
13248000.00,PE,0,IDLE,0.62
13249000.00,PE,0,IDLE,0.62
13250000.00,PE,0,IDLE,0.62
13251000.00,PE,0,IDLE,0.62
13252000.00,PE,0,IDLE,0.62
13253000.00,PE,0,IDLE,0.62
13254000.00,PE,0,IDLE,0.62
13255000.00,PE,0,IDLE,0.62
13256000.00,PE,0,IDLE,0.62
13257000.00,PE,0,IDLE,0.62
13258000.00,PE,0,IDLE,0.62
13259000.00,PE,0,IDLE,0.62
13260000.00,PE,0,IDLE,0.62
13261000.00,PE,0,IDLE,0.62
13262000.00,PE,0,IDLE,0.62
13263000.00,PE,0,IDLE,0.62
13264000.00,PE,0,IDLE,0.62
13265000.00,PE,0,IDLE,0.62
13266000.00,PE,0,IDLE,0.62
13267000.00,PE,0,IDLE,0.62
13268000.00,PE,0,IDLE,0.62
13269000.00,PE,0,IDLE,0.62
13270000.00,PE,0,IDLE,0.62
13271000.00,PE,0,IDLE,0.62
13272000.00,PE,0,IDLE,0.62
13273000.00,PE,0,IDLE,0.62
13274000.00,PE,0,IDLE,0.62
13275000.00,PE,0,IDLE,0.62
13276000.00,PE,0,IDLE,0.62
13277000.00,PE,0,IDLE,0.62
13278000.00,PE,0,IDLE,0.62
13279000.00,PE,0,IDLE,0.62
13280000.00,PE,0,IDLE,0.62
13281000.00,PE,0,IDLE,0.62
13282000.00,PE,0,IDLE,0.62
13283000.00,PE,0,IDLE,0.62
13284000.00,PE,0,IDLE,0.62
13285000.00,PE,0,IDLE,0.62
13286000.00,PE,0,IDLE,0.62
13287000.00,PE,0,IDLE,0.62
13288000.00,PE,0,IDLE,0.62
13289000.00,PE,0,IDLE,0.62
13290000.00,PE,0,IDLE,0.62
13291000.00,PE,0,IDLE,0.62
13292000.00,PE,0,IDLE,0.62
13293000.00,PE,0,IDLE,0.62
13294000.00,PE,0,IDLE,0.62
13295000.00,PE,0,IDLE,0.62
13296000.00,PE,0,IDLE,0.62
13297000.00,PE,0,IDLE,0.62
13298000.00,PE,0,IDLE,0.62
13299000.00,PE,0,IDLE,0.62
13300000.00,PE,0,IDLE,0.62
13301000.00,PE,0,IDLE,0.62
13302000.00,PE,0,IDLE,0.62
13303000.00,PE,0,IDLE,0.62
13304000.00,PE,0,IDLE,0.62
13305000.00,PE,0,IDLE,0.62
13306000.00,PE,0,IDLE,0.62
13307000.00,PE,0,IDLE,0.62
13308000.00,PE,0,IDLE,0.62
13309000.00,PE,0,IDLE,0.62
13310000.00,PE,0,IDLE,0.62
13311000.00,PE,0,IDLE,0.62
13312000.00,PE,0,IDLE,0.62
13313000.00,PE,0,IDLE,0.62
13314000.00,PE,0,IDLE,0.62
13315000.00,PE,0,IDLE,0.62
13316000.00,PE,0,IDLE,0.62
13317000.00,PE,0,IDLE,0.62
13318000.00,PE,0,IDLE,0.62
13319000.00,PE,0,IDLE,0.62
13320000.00,PE,0,IDLE,0.62
13321000.00,PE,0,IDLE,0.62
13322000.00,PE,0,IDLE,0.62
13323000.00,PE,0,IDLE,0.62
13324000.00,PE,0,IDLE,0.62
13325000.00,PE,0,IDLE,0.62
13326000.00,PE,0,IDLE,0.62
13327000.00,PE,0,IDLE,0.62
13328000.00,PE,0,IDLE,0.62
13329000.00,PE,0,IDLE,0.62
13330000.00,PE,0,IDLE,0.62
13331000.00,PE,0,IDLE,0.62
13332000.00,PE,0,IDLE,0.62
13333000.00,PE,0,IDLE,0.62
13334000.00,PE,0,IDLE,0.62
13335000.00,PE,0,IDLE,0.62
13336000.00,PE,0,IDLE,0.62
13337000.00,PE,0,IDLE,0.62
13338000.00,PE,0,IDLE,0.62
13339000.00,PE,0,IDLE,0.62
13340000.00,PE,0,IDLE,0.62
13341000.00,PE,0,IDLE,0.62
13342000.00,PE,0,IDLE,0.62
13343000.00,PE,0,IDLE,0.62
13344000.00,PE,0,IDLE,0.62
13345000.00,PE,0,IDLE,0.62
13346000.00,PE,0,IDLE,0.62
13347000.00,PE,0,IDLE,0.62
13348000.00,PE,0,IDLE,0.62
13349000.00,PE,0,IDLE,0.62
13350000.00,PE,0,IDLE,0.62
13351000.00,PE,0,IDLE,0.62
13352000.00,PE,0,IDLE,0.62
13353000.00,PE,0,IDLE,0.62
13354000.00,PE,0,IDLE,0.62
13355000.00,PE,0,IDLE,0.62
13356000.00,PE,0,IDLE,0.62
13357000.00,PE,0,IDLE,0.62
13358000.00,PE,0,IDLE,0.62
13359000.00,PE,0,IDLE,0.62
13360000.00,PE,0,IDLE,0.62
13361000.00,PE,0,IDLE,0.62
13362000.00,PE,0,IDLE,0.62
13363000.00,PE,0,IDLE,0.62
13364000.00,PE,0,IDLE,0.62
13365000.00,PE,0,IDLE,0.62
13366000.00,PE,0,IDLE,0.62
13367000.00,PE,0,IDLE,0.62
13368000.00,PE,0,IDLE,0.62
13369000.00,PE,0,IDLE,0.62
13370000.00,PE,0,IDLE,0.62
13371000.00,PE,0,IDLE,0.62
13372000.00,PE,0,IDLE,0.62
13373000.00,PE,0,IDLE,0.62
13374000.00,PE,0,IDLE,0.62
13375000.00,PE,0,IDLE,0.62
13376000.00,PE,0,IDLE,0.62
13377000.00,PE,0,IDLE,0.62
13378000.00,PE,0,IDLE,0.62
13379000.00,PE,0,IDLE,0.62
13380000.00,PE,0,IDLE,0.62
13381000.00,PE,0,IDLE,0.62
13382000.00,PE,0,IDLE,0.62
13383000.00,PE,0,IDLE,0.62
13384000.00,PE,0,IDLE,0.62
13385000.00,PE,0,IDLE,0.62
13386000.00,PE,0,IDLE,0.62
13387000.00,PE,0,IDLE,0.62
13388000.00,PE,0,IDLE,0.62
13389000.00,PE,0,IDLE,0.62
13390000.00,PE,0,IDLE,0.62
13391000.00,PE,0,IDLE,0.62
13392000.00,PE,0,IDLE,0.62
13393000.00,PE,0,IDLE,0.62
13394000.00,PE,0,IDLE,0.62
13395000.00,PE,0,IDLE,0.62
13396000.00,PE,0,IDLE,0.62
13397000.00,PE,0,IDLE,0.62
13398000.00,PE,0,IDLE,0.62
13399000.00,PE,0,IDLE,0.62
13400000.00,PE,0,IDLE,0.62
13401000.00,PE,0,IDLE,0.62
13402000.00,PE,0,IDLE,0.62
13403000.00,PE,0,IDLE,0.62
13404000.00,PE,0,IDLE,0.62
13405000.00,PE,0,IDLE,0.62
13406000.00,PE,0,IDLE,0.62
13407000.00,PE,0,IDLE,0.62
13408000.00,PE,0,IDLE,0.62
13409000.00,PE,0,IDLE,0.62
13410000.00,PE,0,IDLE,0.62
13411000.00,PE,0,IDLE,0.62
13412000.00,PE,0,IDLE,0.62
13413000.00,PE,0,IDLE,0.62
13414000.00,PE,0,IDLE,0.62
13415000.00,PE,0,IDLE,0.62
13416000.00,PE,0,IDLE,0.62
13417000.00,PE,0,IDLE,0.62
13418000.00,PE,0,IDLE,0.62
13419000.00,PE,0,IDLE,0.62
13420000.00,PE,0,IDLE,0.62
13421000.00,PE,0,IDLE,0.62
13422000.00,PE,0,IDLE,0.62
13423000.00,PE,0,IDLE,0.62
13424000.00,PE,0,IDLE,0.62
13425000.00,PE,0,IDLE,0.62
13426000.00,PE,0,IDLE,0.62
13427000.00,PE,0,IDLE,0.62
13428000.00,PE,0,IDLE,0.62
13429000.00,PE,0,IDLE,0.62
13430000.00,PE,0,IDLE,0.62
13431000.00,PE,0,IDLE,0.62
13432000.00,PE,0,IDLE,0.62
13433000.00,PE,0,IDLE,0.62
13434000.00,PE,0,IDLE,0.62
13435000.00,PE,0,IDLE,0.62
13436000.00,PE,0,IDLE,0.62
13437000.00,PE,0,IDLE,0.62
13438000.00,PE,0,IDLE,0.62
13439000.00,PE,0,IDLE,0.62
13440000.00,PE,0,IDLE,0.62
13441000.00,PE,0,IDLE,0.62
13442000.00,PE,0,IDLE,0.62
13443000.00,PE,0,IDLE,0.62
13444000.00,PE,0,IDLE,0.62
13445000.00,PE,0,IDLE,0.62
13446000.00,PE,0,IDLE,0.62
13447000.00,PE,0,IDLE,0.62
13448000.00,PE,0,IDLE,0.62
13449000.00,PE,0,IDLE,0.62
13450000.00,PE,0,IDLE,0.62
13451000.00,PE,0,IDLE,0.62
13452000.00,PE,0,IDLE,0.62
13453000.00,PE,0,IDLE,0.62
13454000.00,PE,0,IDLE,0.62
13455000.00,PE,0,IDLE,0.62
13456000.00,PE,0,IDLE,0.62
13457000.00,PE,0,IDLE,0.62
13458000.00,PE,0,IDLE,0.62
13459000.00,PE,0,IDLE,0.62
13460000.00,PE,0,IDLE,0.62
13461000.00,PE,0,IDLE,0.62
13462000.00,PE,0,IDLE,0.62
13463000.00,PE,0,IDLE,0.62
13464000.00,PE,0,IDLE,0.62
13465000.00,PE,0,IDLE,0.62
13466000.00,PE,0,IDLE,0.62
13467000.00,PE,0,IDLE,0.62
13468000.00,PE,0,IDLE,0.62
13469000.00,PE,0,IDLE,0.62
13470000.00,PE,0,IDLE,0.62
13471000.00,PE,0,IDLE,0.62
13472000.00,PE,0,IDLE,0.62
13473000.00,PE,0,IDLE,0.62
13474000.00,PE,0,IDLE,0.62
13475000.00,PE,0,IDLE,0.62
13476000.00,PE,0,IDLE,0.62
13477000.00,PE,0,IDLE,0.62
13478000.00,PE,0,IDLE,0.62
13479000.00,PE,0,IDLE,0.62
13480000.00,PE,0,IDLE,0.62
13481000.00,PE,0,IDLE,0.62
13482000.00,PE,0,IDLE,0.62
13483000.00,PE,0,IDLE,0.62
13484000.00,PE,0,IDLE,0.62
13485000.00,PE,0,IDLE,0.62
13486000.00,PE,0,IDLE,0.62
13487000.00,PE,0,IDLE,0.62
13488000.00,PE,0,IDLE,0.62
13489000.00,PE,0,IDLE,0.62
13490000.00,PE,0,IDLE,0.62
13491000.00,PE,0,IDLE,0.62
13492000.00,PE,0,IDLE,0.62
13493000.00,PE,0,IDLE,0.62
13494000.00,PE,0,IDLE,0.62
13495000.00,PE,0,IDLE,0.62
13496000.00,PE,0,IDLE,0.62
13497000.00,PE,0,IDLE,0.62
13498000.00,PE,0,IDLE,0.62
13499000.00,PE,0,IDLE,0.62
13500000.00,PE,0,IDLE,0.62
13501000.00,PE,0,IDLE,0.62
13502000.00,PE,0,IDLE,0.62
13503000.00,PE,0,IDLE,0.62
13504000.00,PE,0,IDLE,0.62
13505000.00,PE,0,IDLE,0.62
13506000.00,PE,0,IDLE,0.62
13507000.00,PE,0,IDLE,0.62
13508000.00,PE,0,IDLE,0.62
13509000.00,PE,0,IDLE,0.62
13510000.00,PE,0,IDLE,0.62
13511000.00,PE,0,IDLE,0.62
13512000.00,PE,0,IDLE,0.62
13513000.00,PE,0,IDLE,0.62
13514000.00,PE,0,IDLE,0.62
13515000.00,PE,0,IDLE,0.62
13516000.00,PE,0,IDLE,0.62
13517000.00,PE,0,IDLE,0.62
13518000.00,PE,0,IDLE,0.62
13519000.00,PE,0,IDLE,0.62
13520000.00,PE,0,IDLE,0.62
13521000.00,PE,0,IDLE,0.62
13522000.00,PE,0,IDLE,0.62
13523000.00,PE,0,IDLE,0.62
13524000.00,PE,0,IDLE,0.62
13525000.00,PE,0,IDLE,0.62
13526000.00,PE,0,IDLE,0.62
13527000.00,PE,0,IDLE,0.62
13528000.00,PE,0,IDLE,0.62
13529000.00,PE,0,IDLE,0.62
13530000.00,PE,0,IDLE,0.62
13531000.00,PE,0,IDLE,0.62
13532000.00,PE,0,IDLE,0.62
13533000.00,PE,0,IDLE,0.62
13534000.00,PE,0,IDLE,0.62
13535000.00,PE,0,IDLE,0.62
13536000.00,PE,0,IDLE,0.62
13537000.00,PE,0,IDLE,0.62
13538000.00,PE,0,IDLE,0.62
13539000.00,PE,0,IDLE,0.62
13540000.00,PE,0,IDLE,0.62
13541000.00,PE,0,IDLE,0.62
13542000.00,PE,0,IDLE,0.62
13543000.00,PE,0,IDLE,0.62
13544000.00,PE,0,IDLE,0.62
13545000.00,PE,0,IDLE,0.62
13546000.00,PE,0,IDLE,0.62
13547000.00,PE,0,IDLE,0.62
13548000.00,PE,0,IDLE,0.62
13549000.00,PE,0,IDLE,0.62
13550000.00,PE,0,IDLE,0.62
13551000.00,PE,0,IDLE,0.62
13552000.00,PE,0,IDLE,0.62
13553000.00,PE,0,IDLE,0.62
13554000.00,PE,0,IDLE,0.62
13555000.00,PE,0,IDLE,0.62
13556000.00,PE,0,IDLE,0.62
13557000.00,PE,0,IDLE,0.62
13558000.00,PE,0,IDLE,0.62
13559000.00,PE,0,IDLE,0.62
13560000.00,PE,0,IDLE,0.62
13561000.00,PE,0,IDLE,0.62
13562000.00,PE,0,IDLE,0.62
13563000.00,PE,0,IDLE,0.62
13564000.00,PE,0,IDLE,0.62
13565000.00,PE,0,IDLE,0.62
13566000.00,PE,0,IDLE,0.62
13567000.00,PE,0,IDLE,0.62
13568000.00,PE,0,IDLE,0.62
13569000.00,PE,0,IDLE,0.62
13570000.00,PE,0,IDLE,0.62
13571000.00,PE,0,IDLE,0.62
13572000.00,PE,0,IDLE,0.62
13573000.00,PE,0,IDLE,0.62
13574000.00,PE,0,IDLE,0.62
13575000.00,PE,0,IDLE,0.62
13576000.00,PE,0,IDLE,0.62
13577000.00,PE,0,IDLE,0.62
13578000.00,PE,0,IDLE,0.62
13579000.00,PE,0,IDLE,0.62
13580000.00,PE,0,IDLE,0.62
13581000.00,PE,0,IDLE,0.62
13582000.00,PE,0,IDLE,0.62
13583000.00,PE,0,IDLE,0.62
13584000.00,PE,0,IDLE,0.62
13585000.00,PE,0,IDLE,0.62
13586000.00,PE,0,IDLE,0.62
13587000.00,PE,0,IDLE,0.62
13588000.00,PE,0,IDLE,0.62
13589000.00,PE,0,IDLE,0.62
13590000.00,PE,0,IDLE,0.62
13591000.00,PE,0,IDLE,0.62
13592000.00,PE,0,IDLE,0.62
13593000.00,PE,0,IDLE,0.62
13594000.00,PE,0,IDLE,0.62
13595000.00,PE,0,IDLE,0.62
13596000.00,PE,0,IDLE,0.62
13597000.00,PE,0,IDLE,0.62
13598000.00,PE,0,IDLE,0.62
13599000.00,PE,0,IDLE,0.62
13600000.00,PE,0,IDLE,0.62
13601000.00,PE,0,IDLE,0.62
13602000.00,PE,0,IDLE,0.62
13603000.00,PE,0,IDLE,0.62
13604000.00,PE,0,IDLE,0.62
13605000.00,PE,0,IDLE,0.62
13606000.00,PE,0,IDLE,0.62
13607000.00,PE,0,IDLE,0.62
13608000.00,PE,0,IDLE,0.62
13609000.00,PE,0,IDLE,0.62
13610000.00,PE,0,IDLE,0.62
13611000.00,PE,0,IDLE,0.62
13612000.00,PE,0,IDLE,0.62
13613000.00,PE,0,IDLE,0.62
13614000.00,PE,0,IDLE,0.62
13615000.00,PE,0,IDLE,0.62
13616000.00,PE,0,IDLE,0.62
13617000.00,PE,0,IDLE,0.62
13618000.00,PE,0,IDLE,0.62
13619000.00,PE,0,IDLE,0.62
13620000.00,PE,0,IDLE,0.62
13621000.00,PE,0,IDLE,0.62
13622000.00,PE,0,IDLE,0.62
13623000.00,PE,0,IDLE,0.62
13624000.00,PE,0,IDLE,0.62
13625000.00,PE,0,IDLE,0.62
13626000.00,PE,0,IDLE,0.62
13627000.00,PE,0,IDLE,0.62
13628000.00,PE,0,IDLE,0.62
13629000.00,PE,0,IDLE,0.62
13630000.00,PE,0,IDLE,0.62
13631000.00,PE,0,IDLE,0.62
13632000.00,PE,0,IDLE,0.62
13633000.00,PE,0,IDLE,0.62
13634000.00,PE,0,IDLE,0.62
13635000.00,PE,0,IDLE,0.62
13636000.00,PE,0,IDLE,0.62
13637000.00,PE,0,IDLE,0.62
13638000.00,PE,0,IDLE,0.62
13639000.00,PE,0,IDLE,0.62
13640000.00,PE,0,IDLE,0.62
13641000.00,PE,0,IDLE,0.62
13642000.00,PE,0,IDLE,0.62
13643000.00,PE,0,IDLE,0.62
13644000.00,PE,0,IDLE,0.62
13645000.00,PE,0,IDLE,0.62
13646000.00,PE,0,IDLE,0.62
13647000.00,PE,0,IDLE,0.62
13648000.00,PE,0,IDLE,0.62
13649000.00,PE,0,IDLE,0.62
13650000.00,PE,0,IDLE,0.62
13651000.00,PE,0,IDLE,0.62
13652000.00,PE,0,IDLE,0.62
13653000.00,PE,0,IDLE,0.62
13654000.00,PE,0,IDLE,0.62
13655000.00,PE,0,IDLE,0.62
13656000.00,PE,0,IDLE,0.62
13657000.00,PE,0,IDLE,0.62
13658000.00,PE,0,IDLE,0.62
13659000.00,PE,0,IDLE,0.62
13660000.00,PE,0,IDLE,0.62
13661000.00,PE,0,IDLE,0.62
13662000.00,PE,0,IDLE,0.62
13663000.00,PE,0,IDLE,0.62
13664000.00,PE,0,IDLE,0.62
13665000.00,PE,0,IDLE,0.62
13666000.00,PE,0,IDLE,0.62
13667000.00,PE,0,IDLE,0.62
13668000.00,PE,0,IDLE,0.62
13669000.00,PE,0,IDLE,0.62
13670000.00,PE,0,IDLE,0.62
13671000.00,PE,0,IDLE,0.62
13672000.00,PE,0,IDLE,0.62
13673000.00,PE,0,IDLE,0.62
13674000.00,PE,0,IDLE,0.62
13675000.00,PE,0,IDLE,0.62
13676000.00,PE,0,IDLE,0.62
13677000.00,PE,0,IDLE,0.62
13678000.00,PE,0,IDLE,0.62
13679000.00,PE,0,IDLE,0.62
13680000.00,PE,0,IDLE,0.62
13681000.00,PE,0,IDLE,0.62
13682000.00,PE,0,IDLE,0.62
13683000.00,PE,0,IDLE,0.62
13684000.00,PE,0,IDLE,0.62
13685000.00,PE,0,IDLE,0.62
13686000.00,PE,0,IDLE,0.62
13687000.00,PE,0,IDLE,0.62
13688000.00,PE,0,IDLE,0.62
13689000.00,PE,0,IDLE,0.62
13690000.00,PE,0,IDLE,0.62
13691000.00,PE,0,IDLE,0.62
13692000.00,PE,0,IDLE,0.62
13693000.00,PE,0,IDLE,0.62
13694000.00,PE,0,IDLE,0.62
13695000.00,PE,0,IDLE,0.62
13696000.00,PE,0,IDLE,0.62
13697000.00,PE,0,IDLE,0.62
13698000.00,PE,0,IDLE,0.62
13699000.00,PE,0,IDLE,0.62
13700000.00,PE,0,IDLE,0.62
13701000.00,PE,0,IDLE,0.62
13702000.00,PE,0,IDLE,0.62
13703000.00,PE,0,IDLE,0.62
13704000.00,PE,0,IDLE,0.62
13705000.00,PE,0,IDLE,0.62
13706000.00,PE,0,IDLE,0.62
13707000.00,PE,0,IDLE,0.62
13708000.00,PE,0,IDLE,0.62
13709000.00,PE,0,IDLE,0.62
13710000.00,PE,0,IDLE,0.62
13711000.00,PE,0,IDLE,0.62
13712000.00,PE,0,IDLE,0.62
13713000.00,PE,0,IDLE,0.62
13714000.00,PE,0,IDLE,0.62
13715000.00,PE,0,IDLE,0.62
13716000.00,PE,0,IDLE,0.62
13717000.00,PE,0,IDLE,0.62
13718000.00,PE,0,IDLE,0.62
13719000.00,PE,0,IDLE,0.62
13720000.00,PE,0,IDLE,0.62
13721000.00,PE,0,IDLE,0.62
13722000.00,PE,0,IDLE,0.62
13723000.00,PE,0,IDLE,0.62
13724000.00,PE,0,IDLE,0.62
13725000.00,PE,0,IDLE,0.62
13726000.00,PE,0,IDLE,0.62
13727000.00,PE,0,IDLE,0.62
13728000.00,PE,0,IDLE,0.62
13729000.00,PE,0,IDLE,0.62
13730000.00,PE,0,IDLE,0.62
13731000.00,PE,0,IDLE,0.62
13732000.00,PE,0,IDLE,0.62
13733000.00,PE,0,IDLE,0.62
13734000.00,PE,0,IDLE,0.62
13735000.00,PE,0,IDLE,0.62
13736000.00,PE,0,IDLE,0.62
13737000.00,PE,0,IDLE,0.62
13738000.00,PE,0,IDLE,0.62
13739000.00,PE,0,IDLE,0.62
13740000.00,PE,0,IDLE,0.62
13741000.00,PE,0,IDLE,0.62
13742000.00,PE,0,IDLE,0.62
13743000.00,PE,0,IDLE,0.62
13744000.00,PE,0,IDLE,0.62
13745000.00,PE,0,IDLE,0.62
13746000.00,PE,0,IDLE,0.62
13747000.00,PE,0,IDLE,0.62
13748000.00,PE,0,IDLE,0.62
13749000.00,PE,0,IDLE,0.62
13750000.00,PE,0,IDLE,0.62
13751000.00,PE,0,IDLE,0.62
13752000.00,PE,0,IDLE,0.62
13753000.00,PE,0,IDLE,0.62
13754000.00,PE,0,IDLE,0.62
13755000.00,PE,0,IDLE,0.62
13756000.00,PE,0,IDLE,0.62
13757000.00,PE,0,IDLE,0.62
13758000.00,PE,0,IDLE,0.62
13759000.00,PE,0,IDLE,0.62
13760000.00,PE,0,IDLE,0.62
13761000.00,PE,0,IDLE,0.62
13762000.00,PE,0,IDLE,0.62
13763000.00,PE,0,IDLE,0.62
13764000.00,PE,0,IDLE,0.62
13765000.00,PE,0,IDLE,0.62
13766000.00,PE,0,IDLE,0.62
13767000.00,PE,0,IDLE,0.62
13768000.00,PE,0,IDLE,0.62
13769000.00,PE,0,IDLE,0.62
13770000.00,PE,0,IDLE,0.62
13771000.00,PE,0,IDLE,0.62
13772000.00,PE,0,IDLE,0.62
13773000.00,PE,0,IDLE,0.62
13774000.00,PE,0,IDLE,0.62
13775000.00,PE,0,IDLE,0.62
13776000.00,PE,0,IDLE,0.62
13777000.00,PE,0,IDLE,0.62
13778000.00,PE,0,IDLE,0.62
13779000.00,PE,0,IDLE,0.62
13780000.00,PE,0,IDLE,0.62
13781000.00,PE,0,IDLE,0.62
13782000.00,PE,0,IDLE,0.62
13783000.00,PE,0,IDLE,0.62
13784000.00,PE,0,IDLE,0.62
13785000.00,PE,0,IDLE,0.62
13786000.00,PE,0,IDLE,0.62
13787000.00,PE,0,IDLE,0.62
13788000.00,PE,0,IDLE,0.62
13789000.00,PE,0,IDLE,0.62
13790000.00,PE,0,IDLE,0.62
13791000.00,PE,0,IDLE,0.62
13792000.00,PE,0,IDLE,0.62
13793000.00,PE,0,IDLE,0.62
13794000.00,PE,0,IDLE,0.62
13795000.00,PE,0,IDLE,0.62
13796000.00,PE,0,IDLE,0.62
13797000.00,PE,0,IDLE,0.62
13798000.00,PE,0,IDLE,0.62
13799000.00,PE,0,IDLE,0.62
13800000.00,PE,0,IDLE,0.62
13801000.00,PE,0,IDLE,0.62
13802000.00,PE,0,IDLE,0.62
13803000.00,PE,0,IDLE,0.62
13804000.00,PE,0,IDLE,0.62
13805000.00,PE,0,IDLE,0.62
13806000.00,PE,0,IDLE,0.62
13807000.00,PE,0,IDLE,0.62
13808000.00,PE,0,IDLE,0.62
13809000.00,PE,0,IDLE,0.62
13810000.00,PE,0,IDLE,0.62
13811000.00,PE,0,IDLE,0.62
13812000.00,PE,0,IDLE,0.62
13813000.00,PE,0,IDLE,0.62
13814000.00,PE,0,IDLE,0.62
13815000.00,PE,0,IDLE,0.62
13816000.00,PE,0,IDLE,0.62
13817000.00,PE,0,IDLE,0.62
13818000.00,PE,0,IDLE,0.62
13819000.00,PE,0,IDLE,0.62
13820000.00,PE,0,IDLE,0.62
13821000.00,PE,0,IDLE,0.62
13822000.00,PE,0,IDLE,0.62
13823000.00,PE,0,IDLE,0.62
13824000.00,PE,0,IDLE,0.62
13825000.00,PE,0,IDLE,0.62
13826000.00,PE,0,IDLE,0.62
13827000.00,PE,0,IDLE,0.62
13828000.00,PE,0,IDLE,0.62
13829000.00,PE,0,IDLE,0.62
13830000.00,PE,0,IDLE,0.62
13831000.00,PE,0,IDLE,0.62
13832000.00,PE,0,IDLE,0.62
13833000.00,PE,0,IDLE,0.62
13834000.00,PE,0,IDLE,0.62
13835000.00,PE,0,IDLE,0.62
13836000.00,PE,0,IDLE,0.62
13837000.00,PE,0,IDLE,0.62
13838000.00,PE,0,IDLE,0.62
13839000.00,PE,0,IDLE,0.62
13840000.00,PE,0,IDLE,0.62
13841000.00,PE,0,IDLE,0.62
13842000.00,PE,0,IDLE,0.62
13843000.00,PE,0,IDLE,0.62
13844000.00,PE,0,IDLE,0.62
13845000.00,PE,0,IDLE,0.62
13846000.00,PE,0,IDLE,0.62
13847000.00,PE,0,IDLE,0.62
13848000.00,PE,0,IDLE,0.62
13849000.00,PE,0,IDLE,0.62
13850000.00,PE,0,IDLE,0.62
13851000.00,PE,0,IDLE,0.62
13852000.00,PE,0,IDLE,0.62
13853000.00,PE,0,IDLE,0.62
13854000.00,PE,0,IDLE,0.62
13855000.00,PE,0,IDLE,0.62
13856000.00,PE,0,IDLE,0.62
13857000.00,PE,0,IDLE,0.62
13858000.00,PE,0,IDLE,0.62
13859000.00,PE,0,IDLE,0.62
13860000.00,PE,0,IDLE,0.62
13861000.00,PE,0,IDLE,0.62
13862000.00,PE,0,IDLE,0.62
13863000.00,PE,0,IDLE,0.62
13864000.00,PE,0,IDLE,0.62
13865000.00,PE,0,IDLE,0.62
13866000.00,PE,0,IDLE,0.62
13867000.00,PE,0,IDLE,0.62
13868000.00,PE,0,IDLE,0.62
13869000.00,PE,0,IDLE,0.62
13870000.00,PE,0,IDLE,0.62
13871000.00,PE,0,IDLE,0.62
13872000.00,PE,0,IDLE,0.62
13873000.00,PE,0,IDLE,0.62
13874000.00,PE,0,IDLE,0.62
13875000.00,PE,0,IDLE,0.62
13876000.00,PE,0,IDLE,0.62
13877000.00,PE,0,IDLE,0.62
13878000.00,PE,0,IDLE,0.62
13879000.00,PE,0,IDLE,0.62
13880000.00,PE,0,IDLE,0.62
13881000.00,PE,0,IDLE,0.62
13882000.00,PE,0,IDLE,0.62
13883000.00,PE,0,IDLE,0.62
13884000.00,PE,0,IDLE,0.62
13885000.00,PE,0,IDLE,0.62
13886000.00,PE,0,IDLE,0.62
13887000.00,PE,0,IDLE,0.62
13888000.00,PE,0,IDLE,0.62
13889000.00,PE,0,IDLE,0.62
13890000.00,PE,0,IDLE,0.62
13891000.00,PE,0,IDLE,0.62
13892000.00,PE,0,IDLE,0.62
13893000.00,PE,0,IDLE,0.62
13894000.00,PE,0,IDLE,0.62
13895000.00,PE,0,IDLE,0.62
13896000.00,PE,0,IDLE,0.62
13897000.00,PE,0,IDLE,0.62
13898000.00,PE,0,IDLE,0.62
13899000.00,PE,0,IDLE,0.62
13900000.00,PE,0,IDLE,0.62
13901000.00,PE,0,IDLE,0.62
13902000.00,PE,0,IDLE,0.62
13903000.00,PE,0,IDLE,0.62
13904000.00,PE,0,IDLE,0.62
13905000.00,PE,0,IDLE,0.62
13906000.00,PE,0,IDLE,0.62
13907000.00,PE,0,IDLE,0.62
13908000.00,PE,0,IDLE,0.62
13909000.00,PE,0,IDLE,0.62
13910000.00,PE,0,IDLE,0.62
13911000.00,PE,0,IDLE,0.62
13912000.00,PE,0,IDLE,0.62
13913000.00,PE,0,IDLE,0.62
13914000.00,PE,0,IDLE,0.62
13915000.00,PE,0,IDLE,0.62
13916000.00,PE,0,IDLE,0.62
13917000.00,PE,0,IDLE,0.62
13918000.00,PE,0,IDLE,0.62
13919000.00,PE,0,IDLE,0.62
13920000.00,PE,0,IDLE,0.62
13921000.00,PE,0,IDLE,0.62
13922000.00,PE,0,IDLE,0.62
13923000.00,PE,0,IDLE,0.62
13924000.00,PE,0,IDLE,0.62
13925000.00,PE,0,IDLE,0.62
13926000.00,PE,0,IDLE,0.62
13927000.00,PE,0,IDLE,0.62
13928000.00,PE,0,IDLE,0.62
13929000.00,PE,0,IDLE,0.62
13930000.00,PE,0,IDLE,0.62
13931000.00,PE,0,IDLE,0.62
13932000.00,PE,0,IDLE,0.62
13933000.00,PE,0,IDLE,0.62
13934000.00,PE,0,IDLE,0.62
13935000.00,PE,0,IDLE,0.62
13936000.00,PE,0,IDLE,0.62
13937000.00,PE,0,IDLE,0.62
13938000.00,PE,0,IDLE,0.62
13939000.00,PE,0,IDLE,0.62
13940000.00,PE,0,IDLE,0.62
13941000.00,PE,0,IDLE,0.62
13942000.00,PE,0,IDLE,0.62
13943000.00,PE,0,IDLE,0.62
13944000.00,PE,0,IDLE,0.62
13945000.00,PE,0,IDLE,0.62
13946000.00,PE,0,IDLE,0.62
13947000.00,PE,0,IDLE,0.62
13948000.00,PE,0,IDLE,0.62
13949000.00,PE,0,IDLE,0.62
13950000.00,PE,0,IDLE,0.62
13951000.00,PE,0,IDLE,0.62
13952000.00,PE,0,IDLE,0.62
13953000.00,PE,0,IDLE,0.62
13954000.00,PE,0,IDLE,0.62
13955000.00,PE,0,IDLE,0.62
13956000.00,PE,0,IDLE,0.62
13957000.00,PE,0,IDLE,0.62
13958000.00,PE,0,IDLE,0.62
13959000.00,PE,0,IDLE,0.62
13960000.00,PE,0,IDLE,0.62
13961000.00,PE,0,IDLE,0.62
13962000.00,PE,0,IDLE,0.62
13963000.00,PE,0,IDLE,0.62
13964000.00,PE,0,IDLE,0.62
13965000.00,PE,0,IDLE,0.62
13966000.00,PE,0,IDLE,0.62
13967000.00,PE,0,IDLE,0.62
13968000.00,PE,0,IDLE,0.62
13969000.00,PE,0,IDLE,0.62
13970000.00,PE,0,IDLE,0.62
13971000.00,PE,0,IDLE,0.62
13972000.00,PE,0,IDLE,0.62
13973000.00,PE,0,IDLE,0.62
13974000.00,PE,0,IDLE,0.62
13975000.00,PE,0,IDLE,0.62
13976000.00,PE,0,IDLE,0.62
13977000.00,PE,0,IDLE,0.62
13978000.00,PE,0,IDLE,0.62
13979000.00,PE,0,IDLE,0.62
13980000.00,PE,0,IDLE,0.62
13981000.00,PE,0,IDLE,0.62
13982000.00,PE,0,IDLE,0.62
13983000.00,PE,0,IDLE,0.62
13984000.00,PE,0,IDLE,0.62
13985000.00,PE,0,IDLE,0.62
13986000.00,PE,0,IDLE,0.62
13987000.00,PE,0,IDLE,0.62
13988000.00,PE,0,IDLE,0.62
13989000.00,PE,0,IDLE,0.62
13990000.00,PE,0,IDLE,0.62
13991000.00,PE,0,IDLE,0.62
13992000.00,PE,0,IDLE,0.62
13993000.00,PE,0,IDLE,0.62
13994000.00,PE,0,IDLE,0.62
13995000.00,PE,0,IDLE,0.62
13996000.00,PE,0,IDLE,0.62
13997000.00,PE,0,IDLE,0.62
13998000.00,PE,0,IDLE,0.62
13999000.00,PE,0,IDLE,0.62
14000000.00,PE,0,IDLE,0.62
14001000.00,PE,0,IDLE,0.62
14002000.00,PE,0,IDLE,0.62
14003000.00,PE,0,IDLE,0.62
14004000.00,PE,0,IDLE,0.62
14005000.00,PE,0,IDLE,0.62
14006000.00,PE,0,IDLE,0.62
14007000.00,PE,0,IDLE,0.62
14008000.00,PE,0,IDLE,0.62
14009000.00,PE,0,IDLE,0.62
14010000.00,PE,0,IDLE,0.62
14011000.00,PE,0,IDLE,0.62
14012000.00,PE,0,IDLE,0.62
14013000.00,PE,0,IDLE,0.62
14014000.00,PE,0,IDLE,0.62
14015000.00,PE,0,IDLE,0.62
14016000.00,PE,0,IDLE,0.62
14017000.00,PE,0,IDLE,0.62
14018000.00,PE,0,IDLE,0.62
14019000.00,PE,0,IDLE,0.62
14020000.00,PE,0,IDLE,0.62
14021000.00,PE,0,IDLE,0.62
14022000.00,PE,0,IDLE,0.62
14023000.00,PE,0,IDLE,0.62
14024000.00,PE,0,IDLE,0.62
14025000.00,PE,0,IDLE,0.62
14026000.00,PE,0,IDLE,0.62
14027000.00,PE,0,IDLE,0.62
14028000.00,PE,0,IDLE,0.62
14029000.00,PE,0,IDLE,0.62
14030000.00,PE,0,IDLE,0.62
14031000.00,PE,0,IDLE,0.62
14032000.00,PE,0,IDLE,0.62
14033000.00,PE,0,IDLE,0.62
14034000.00,PE,0,IDLE,0.62
14035000.00,PE,0,IDLE,0.62
14036000.00,PE,0,IDLE,0.62
14037000.00,PE,0,IDLE,0.62
14038000.00,PE,0,IDLE,0.62
14039000.00,PE,0,IDLE,0.62
14040000.00,PE,0,IDLE,0.62
14041000.00,PE,0,IDLE,0.62
14042000.00,PE,0,IDLE,0.62
14043000.00,PE,0,IDLE,0.62
14044000.00,PE,0,IDLE,0.62
14045000.00,PE,0,IDLE,0.62
14046000.00,PE,0,IDLE,0.62
14047000.00,PE,0,IDLE,0.62
14048000.00,PE,0,IDLE,0.62
14049000.00,PE,0,IDLE,0.62
14050000.00,PE,0,IDLE,0.62
14051000.00,PE,0,IDLE,0.62
14052000.00,PE,0,IDLE,0.62
14053000.00,PE,0,IDLE,0.62
14054000.00,PE,0,IDLE,0.62
14055000.00,PE,0,IDLE,0.62
14056000.00,PE,0,IDLE,0.62
14057000.00,PE,0,IDLE,0.62
14058000.00,PE,0,IDLE,0.62
14059000.00,PE,0,IDLE,0.62
14060000.00,PE,0,IDLE,0.62
14061000.00,PE,0,IDLE,0.62
14062000.00,PE,0,IDLE,0.62
14063000.00,PE,0,IDLE,0.62
14064000.00,PE,0,IDLE,0.62
14065000.00,PE,0,IDLE,0.62
14066000.00,PE,0,IDLE,0.62
14067000.00,PE,0,IDLE,0.62
14068000.00,PE,0,IDLE,0.62
14069000.00,PE,0,IDLE,0.62
14070000.00,PE,0,IDLE,0.62
14071000.00,PE,0,IDLE,0.62
14072000.00,PE,0,IDLE,0.62
14073000.00,PE,0,IDLE,0.62
14074000.00,PE,0,IDLE,0.62
14075000.00,PE,0,IDLE,0.62
14076000.00,PE,0,IDLE,0.62
14077000.00,PE,0,IDLE,0.62
14078000.00,PE,0,IDLE,0.62
14079000.00,PE,0,IDLE,0.62
14080000.00,PE,0,IDLE,0.62
14081000.00,PE,0,IDLE,0.62
14082000.00,PE,0,IDLE,0.62
14083000.00,PE,0,IDLE,0.62
14084000.00,PE,0,IDLE,0.62
14085000.00,PE,0,IDLE,0.62
14086000.00,PE,0,IDLE,0.62
14087000.00,PE,0,IDLE,0.62
14088000.00,PE,0,IDLE,0.62
14089000.00,PE,0,IDLE,0.62
14090000.00,PE,0,IDLE,0.62
14091000.00,PE,0,IDLE,0.62
14092000.00,PE,0,IDLE,0.62
14093000.00,PE,0,IDLE,0.62
14094000.00,PE,0,IDLE,0.62
14095000.00,PE,0,IDLE,0.62
14096000.00,PE,0,IDLE,0.62
14097000.00,PE,0,IDLE,0.62
14098000.00,PE,0,IDLE,0.62
14099000.00,PE,0,IDLE,0.62
14100000.00,PE,0,IDLE,0.62
14101000.00,PE,0,IDLE,0.62
14102000.00,PE,0,IDLE,0.62
14103000.00,PE,0,IDLE,0.62
14104000.00,PE,0,IDLE,0.62
14105000.00,PE,0,IDLE,0.62
14106000.00,PE,0,IDLE,0.62
14107000.00,PE,0,IDLE,0.62
14108000.00,PE,0,IDLE,0.62
14109000.00,PE,0,IDLE,0.62
14110000.00,PE,0,IDLE,0.62
14111000.00,PE,0,IDLE,0.62
14112000.00,PE,0,IDLE,0.62
14113000.00,PE,0,IDLE,0.62
14114000.00,PE,0,IDLE,0.62
14115000.00,PE,0,IDLE,0.62
14116000.00,PE,0,IDLE,0.62
14117000.00,PE,0,IDLE,0.62
14118000.00,PE,0,IDLE,0.62
14119000.00,PE,0,IDLE,0.62
14120000.00,PE,0,IDLE,0.62
14121000.00,PE,0,IDLE,0.62
14122000.00,PE,0,IDLE,0.62
14123000.00,PE,0,IDLE,0.62
14124000.00,PE,0,IDLE,0.62
14125000.00,PE,0,IDLE,0.62
14126000.00,PE,0,IDLE,0.62
14127000.00,PE,0,IDLE,0.62
14128000.00,PE,0,IDLE,0.62
14129000.00,PE,0,IDLE,0.62
14130000.00,PE,0,IDLE,0.62
14131000.00,PE,0,IDLE,0.62
14132000.00,PE,0,IDLE,0.62
14133000.00,PE,0,IDLE,0.62
14134000.00,PE,0,IDLE,0.62
14135000.00,PE,0,IDLE,0.62
14136000.00,PE,0,IDLE,0.62
14137000.00,PE,0,IDLE,0.62
14138000.00,PE,0,IDLE,0.62
14139000.00,PE,0,IDLE,0.62
14140000.00,PE,0,IDLE,0.62
14141000.00,PE,0,IDLE,0.62
14142000.00,PE,0,IDLE,0.62
14143000.00,PE,0,IDLE,0.62
14144000.00,PE,0,IDLE,0.62
14145000.00,PE,0,IDLE,0.62
14146000.00,PE,0,IDLE,0.62
14147000.00,PE,0,IDLE,0.62
14148000.00,PE,0,IDLE,0.62
14149000.00,PE,0,IDLE,0.62
14150000.00,PE,0,IDLE,0.62
14151000.00,PE,0,IDLE,0.62
14152000.00,PE,0,IDLE,0.62
14153000.00,PE,0,IDLE,0.62
14154000.00,PE,0,IDLE,0.62
14155000.00,PE,0,IDLE,0.62
14156000.00,PE,0,IDLE,0.62
14157000.00,PE,0,IDLE,0.62
14158000.00,PE,0,IDLE,0.62
14159000.00,PE,0,IDLE,0.62
14160000.00,PE,0,IDLE,0.62
14161000.00,PE,0,IDLE,0.62
14162000.00,PE,0,IDLE,0.62
14163000.00,PE,0,IDLE,0.62
14164000.00,PE,0,IDLE,0.62
14165000.00,PE,0,IDLE,0.62
14166000.00,PE,0,IDLE,0.62
14167000.00,PE,0,IDLE,0.62
14168000.00,PE,0,IDLE,0.62
14169000.00,PE,0,IDLE,0.62
14170000.00,PE,0,IDLE,0.62
14171000.00,PE,0,IDLE,0.62
14172000.00,PE,0,IDLE,0.62
14173000.00,PE,0,IDLE,0.62
14174000.00,PE,0,IDLE,0.62
14175000.00,PE,0,IDLE,0.62
14176000.00,PE,0,IDLE,0.62
14177000.00,PE,0,IDLE,0.62
14178000.00,PE,0,IDLE,0.62
14179000.00,PE,0,IDLE,0.62
14180000.00,PE,0,IDLE,0.62
14181000.00,PE,0,IDLE,0.62
14182000.00,PE,0,IDLE,0.62
14183000.00,PE,0,IDLE,0.62
14184000.00,PE,0,IDLE,0.62
14185000.00,PE,0,IDLE,0.62
14186000.00,PE,0,IDLE,0.62
14187000.00,PE,0,IDLE,0.62
14188000.00,PE,0,IDLE,0.62
14189000.00,PE,0,IDLE,0.62
14190000.00,PE,0,IDLE,0.62
14191000.00,PE,0,IDLE,0.62
14192000.00,PE,0,IDLE,0.62
14193000.00,PE,0,IDLE,0.62
14194000.00,PE,0,IDLE,0.62
14195000.00,PE,0,IDLE,0.62
14196000.00,PE,0,IDLE,0.62
14197000.00,PE,0,IDLE,0.62
14198000.00,PE,0,IDLE,0.62
14199000.00,PE,0,IDLE,0.62
14200000.00,PE,0,IDLE,0.62
14201000.00,PE,0,IDLE,0.62
14202000.00,PE,0,IDLE,0.62
14203000.00,PE,0,IDLE,0.62
14204000.00,PE,0,IDLE,0.62
14205000.00,PE,0,IDLE,0.62
14206000.00,PE,0,IDLE,0.62
14207000.00,PE,0,IDLE,0.62
14208000.00,PE,0,IDLE,0.62
14209000.00,PE,0,IDLE,0.62
14210000.00,PE,0,IDLE,0.62
14211000.00,PE,0,IDLE,0.62
14212000.00,PE,0,IDLE,0.62
14213000.00,PE,0,IDLE,0.62
14214000.00,PE,0,IDLE,0.62
14215000.00,PE,0,IDLE,0.62
14216000.00,PE,0,IDLE,0.62
14217000.00,PE,0,IDLE,0.62
14218000.00,PE,0,IDLE,0.62
14219000.00,PE,0,IDLE,0.62
14220000.00,PE,0,IDLE,0.62
14221000.00,PE,0,IDLE,0.62
14222000.00,PE,0,IDLE,0.62
14223000.00,PE,0,IDLE,0.62
14224000.00,PE,0,IDLE,0.62
14225000.00,PE,0,IDLE,0.62
14226000.00,PE,0,IDLE,0.62
14227000.00,PE,0,IDLE,0.62
14228000.00,PE,0,IDLE,0.62
14229000.00,PE,0,IDLE,0.62
14230000.00,PE,0,IDLE,0.62
14231000.00,PE,0,IDLE,0.62
14232000.00,PE,0,IDLE,0.62
14233000.00,PE,0,IDLE,0.62
14234000.00,PE,0,IDLE,0.62
14235000.00,PE,0,IDLE,0.62
14236000.00,PE,0,IDLE,0.62
14237000.00,PE,0,IDLE,0.62
14238000.00,PE,0,IDLE,0.62
14239000.00,PE,0,IDLE,0.62
14240000.00,PE,0,IDLE,0.62
14241000.00,PE,0,IDLE,0.62
14242000.00,PE,0,IDLE,0.62
14243000.00,PE,0,IDLE,0.62
14244000.00,PE,0,IDLE,0.62
14245000.00,PE,0,IDLE,0.62
14246000.00,PE,0,IDLE,0.62
14247000.00,PE,0,IDLE,0.62
14248000.00,PE,0,IDLE,0.62
14249000.00,PE,0,IDLE,0.62
14250000.00,PE,0,IDLE,0.62
14251000.00,PE,0,IDLE,0.62
14252000.00,PE,0,IDLE,0.62
14253000.00,PE,0,IDLE,0.62
14254000.00,PE,0,IDLE,0.62
14255000.00,PE,0,IDLE,0.62
14256000.00,PE,0,IDLE,0.62
14257000.00,PE,0,IDLE,0.62
14258000.00,PE,0,IDLE,0.62
14259000.00,PE,0,IDLE,0.62
14260000.00,PE,0,IDLE,0.62
14261000.00,PE,0,IDLE,0.62
14262000.00,PE,0,IDLE,0.62
14263000.00,PE,0,IDLE,0.62
14264000.00,PE,0,IDLE,0.62
14265000.00,PE,0,IDLE,0.62
14266000.00,PE,0,IDLE,0.62
14267000.00,PE,0,IDLE,0.62
14268000.00,PE,0,IDLE,0.62
14269000.00,PE,0,IDLE,0.62
14270000.00,PE,0,IDLE,0.62
14271000.00,PE,0,IDLE,0.62
14272000.00,PE,0,IDLE,0.62
14273000.00,PE,0,IDLE,0.62
14274000.00,PE,0,IDLE,0.62
14275000.00,PE,0,IDLE,0.62
14276000.00,PE,0,IDLE,0.62
14277000.00,PE,0,IDLE,0.62
14278000.00,PE,0,IDLE,0.62
14279000.00,PE,0,IDLE,0.62
14280000.00,PE,0,IDLE,0.62
14281000.00,PE,0,IDLE,0.62
14282000.00,PE,0,IDLE,0.62
14283000.00,PE,0,IDLE,0.62
14284000.00,PE,0,IDLE,0.62
14285000.00,PE,0,IDLE,0.62
14286000.00,PE,0,IDLE,0.62
14287000.00,PE,0,IDLE,0.62
14288000.00,PE,0,IDLE,0.62
14289000.00,PE,0,IDLE,0.62
14290000.00,PE,0,IDLE,0.62
14291000.00,PE,0,IDLE,0.62
14292000.00,PE,0,IDLE,0.62
14293000.00,PE,0,IDLE,0.62
14294000.00,PE,0,IDLE,0.62
14295000.00,PE,0,IDLE,0.62
14296000.00,PE,0,IDLE,0.62
14297000.00,PE,0,IDLE,0.62
14298000.00,PE,0,IDLE,0.62
14299000.00,PE,0,IDLE,0.62
14300000.00,PE,0,IDLE,0.62
14301000.00,PE,0,IDLE,0.62
14302000.00,PE,0,IDLE,0.62
14303000.00,PE,0,IDLE,0.62
14304000.00,PE,0,IDLE,0.62
14305000.00,PE,0,IDLE,0.62
14306000.00,PE,0,IDLE,0.62
14307000.00,PE,0,IDLE,0.62
14308000.00,PE,0,IDLE,0.62
14309000.00,PE,0,IDLE,0.62
14310000.00,PE,0,IDLE,0.62
14311000.00,PE,0,IDLE,0.62
14312000.00,PE,0,IDLE,0.62
14313000.00,PE,0,IDLE,0.62
14314000.00,PE,0,IDLE,0.62
14315000.00,PE,0,IDLE,0.62
14316000.00,PE,0,IDLE,0.62
14317000.00,PE,0,IDLE,0.62
14318000.00,PE,0,IDLE,0.62
14319000.00,PE,0,IDLE,0.62
14320000.00,PE,0,IDLE,0.62
14321000.00,PE,0,IDLE,0.62
14322000.00,PE,0,IDLE,0.62
14323000.00,PE,0,IDLE,0.62
14324000.00,PE,0,IDLE,0.62
14325000.00,PE,0,IDLE,0.62
14326000.00,PE,0,IDLE,0.62
14327000.00,PE,0,IDLE,0.62
14328000.00,PE,0,IDLE,0.62
14329000.00,PE,0,IDLE,0.62
14330000.00,PE,0,IDLE,0.62
14331000.00,PE,0,IDLE,0.62
14332000.00,PE,0,IDLE,0.62
14333000.00,PE,0,IDLE,0.62
14334000.00,PE,0,IDLE,0.62
14335000.00,PE,0,IDLE,0.62
14336000.00,PE,0,IDLE,0.62
14337000.00,PE,0,IDLE,0.62
14338000.00,PE,0,IDLE,0.62
14339000.00,PE,0,IDLE,0.62
14340000.00,PE,0,IDLE,0.62
14341000.00,PE,0,IDLE,0.62
14342000.00,PE,0,IDLE,0.62
14343000.00,PE,0,IDLE,0.62
14344000.00,PE,0,IDLE,0.62
14345000.00,PE,0,IDLE,0.62
14346000.00,PE,0,IDLE,0.62
14347000.00,PE,0,IDLE,0.62
14348000.00,PE,0,IDLE,0.62
14349000.00,PE,0,IDLE,0.62
14350000.00,PE,0,IDLE,0.62
14351000.00,PE,0,IDLE,0.62
14352000.00,PE,0,IDLE,0.62
14353000.00,PE,0,IDLE,0.62
14354000.00,PE,0,IDLE,0.62
14355000.00,PE,0,IDLE,0.62
14356000.00,PE,0,IDLE,0.62
14357000.00,PE,0,IDLE,0.62
14358000.00,PE,0,IDLE,0.62
14359000.00,PE,0,IDLE,0.62
14360000.00,PE,0,IDLE,0.62
14361000.00,PE,0,IDLE,0.62
14362000.00,PE,0,IDLE,0.62
14363000.00,PE,0,IDLE,0.62
14364000.00,PE,0,IDLE,0.62
14365000.00,PE,0,IDLE,0.62
14366000.00,PE,0,IDLE,0.62
14367000.00,PE,0,IDLE,0.62
14368000.00,PE,0,IDLE,0.62
14369000.00,PE,0,IDLE,0.62
14370000.00,PE,0,IDLE,0.62
14371000.00,PE,0,IDLE,0.62
14372000.00,PE,0,IDLE,0.62
14373000.00,PE,0,IDLE,0.62
14374000.00,PE,0,IDLE,0.62
14375000.00,PE,0,IDLE,0.62
14376000.00,PE,0,IDLE,0.62
14377000.00,PE,0,IDLE,0.62
14378000.00,PE,0,IDLE,0.62
14379000.00,PE,0,IDLE,0.62
14380000.00,PE,0,IDLE,0.62
14381000.00,PE,0,IDLE,0.62
14382000.00,PE,0,IDLE,0.62
14383000.00,PE,0,IDLE,0.62
14384000.00,PE,0,IDLE,0.62
14385000.00,PE,0,IDLE,0.62
14386000.00,PE,0,IDLE,0.62
14387000.00,PE,0,IDLE,0.62
14388000.00,PE,0,IDLE,0.62
14389000.00,PE,0,IDLE,0.62
14390000.00,PE,0,IDLE,0.62
14391000.00,PE,0,IDLE,0.62
14392000.00,PE,0,IDLE,0.62
14393000.00,PE,0,IDLE,0.62
14394000.00,PE,0,IDLE,0.62
14395000.00,PE,0,IDLE,0.62
14396000.00,PE,0,IDLE,0.62
14397000.00,PE,0,IDLE,0.62
14398000.00,PE,0,IDLE,0.62
14399000.00,PE,0,IDLE,0.62
14400000.00,PE,0,IDLE,0.62
14401000.00,PE,0,IDLE,0.62
14402000.00,PE,0,IDLE,0.62
14403000.00,PE,0,IDLE,0.62
14404000.00,PE,0,IDLE,0.62
14405000.00,PE,0,IDLE,0.62
14406000.00,PE,0,IDLE,0.62
14407000.00,PE,0,IDLE,0.62
14408000.00,PE,0,IDLE,0.62
14409000.00,PE,0,IDLE,0.62
14410000.00,PE,0,IDLE,0.62
14411000.00,PE,0,IDLE,0.62
14412000.00,PE,0,IDLE,0.62
14413000.00,PE,0,IDLE,0.62
14414000.00,PE,0,IDLE,0.62
14415000.00,PE,0,IDLE,0.62
14416000.00,PE,0,IDLE,0.62
14417000.00,PE,0,IDLE,0.62
14418000.00,PE,0,IDLE,0.62
14419000.00,PE,0,IDLE,0.62
14420000.00,PE,0,IDLE,0.62
14421000.00,PE,0,IDLE,0.62
14422000.00,PE,0,IDLE,0.62
14423000.00,PE,0,IDLE,0.62
14424000.00,PE,0,IDLE,0.62
14425000.00,PE,0,IDLE,0.62
14426000.00,PE,0,IDLE,0.62
14427000.00,PE,0,IDLE,0.62
14428000.00,PE,0,IDLE,0.62
14429000.00,PE,0,IDLE,0.62
14430000.00,PE,0,IDLE,0.62
14431000.00,PE,0,IDLE,0.62
14432000.00,PE,0,IDLE,0.62
14433000.00,PE,0,IDLE,0.62
14434000.00,PE,0,IDLE,0.62
14435000.00,PE,0,IDLE,0.62
14436000.00,PE,0,IDLE,0.62
14437000.00,PE,0,IDLE,0.62
14438000.00,PE,0,IDLE,0.62
14439000.00,PE,0,IDLE,0.62
14440000.00,PE,0,IDLE,0.62
14441000.00,PE,0,IDLE,0.62
14442000.00,PE,0,IDLE,0.62
14443000.00,PE,0,IDLE,0.62
14444000.00,PE,0,IDLE,0.62
14445000.00,PE,0,IDLE,0.62
14446000.00,PE,0,IDLE,0.62
14447000.00,PE,0,IDLE,0.62
14448000.00,PE,0,IDLE,0.62
14449000.00,PE,0,IDLE,0.62
14450000.00,PE,0,IDLE,0.62
14451000.00,PE,0,IDLE,0.62
14452000.00,PE,0,IDLE,0.62
14453000.00,PE,0,IDLE,0.62
14454000.00,PE,0,IDLE,0.62
14455000.00,PE,0,IDLE,0.62
14456000.00,PE,0,IDLE,0.62
14457000.00,PE,0,IDLE,0.62
14458000.00,PE,0,IDLE,0.62
14459000.00,PE,0,IDLE,0.62
14460000.00,PE,0,IDLE,0.62
14461000.00,PE,0,IDLE,0.62
14462000.00,PE,0,IDLE,0.62
14463000.00,PE,0,IDLE,0.62
14464000.00,PE,0,IDLE,0.62
14465000.00,PE,0,IDLE,0.62
14466000.00,PE,0,IDLE,0.62
14467000.00,PE,0,IDLE,0.62
14468000.00,PE,0,IDLE,0.62
14469000.00,PE,0,IDLE,0.62
14470000.00,PE,0,IDLE,0.62
14471000.00,PE,0,IDLE,0.62
14472000.00,PE,0,IDLE,0.62
14473000.00,PE,0,IDLE,0.62
14474000.00,PE,0,IDLE,0.62
14475000.00,PE,0,IDLE,0.62
14476000.00,PE,0,IDLE,0.62
14477000.00,PE,0,IDLE,0.62
14478000.00,PE,0,IDLE,0.62
14479000.00,PE,0,IDLE,0.62
14480000.00,PE,0,IDLE,0.62
14481000.00,PE,0,IDLE,0.62
14482000.00,PE,0,IDLE,0.62
14483000.00,PE,0,IDLE,0.62
14484000.00,PE,0,IDLE,0.62
14485000.00,PE,0,IDLE,0.62
14486000.00,PE,0,IDLE,0.62
14487000.00,PE,0,IDLE,0.62
14488000.00,PE,0,IDLE,0.62
14489000.00,PE,0,IDLE,0.62
14490000.00,PE,0,IDLE,0.62
14491000.00,PE,0,IDLE,0.62
14492000.00,PE,0,IDLE,0.62
14493000.00,PE,0,IDLE,0.62
14494000.00,PE,0,IDLE,0.62
14495000.00,PE,0,IDLE,0.62
14496000.00,PE,0,IDLE,0.62
14497000.00,PE,0,IDLE,0.62
14498000.00,PE,0,IDLE,0.62
14499000.00,PE,0,IDLE,0.62
14500000.00,PE,0,IDLE,0.62
14501000.00,PE,0,IDLE,0.62
14502000.00,PE,0,IDLE,0.62
14503000.00,PE,0,IDLE,0.62
14504000.00,PE,0,IDLE,0.62
14505000.00,PE,0,IDLE,0.62
14506000.00,PE,0,IDLE,0.62
14507000.00,PE,0,IDLE,0.62
14508000.00,PE,0,IDLE,0.62
14509000.00,PE,0,IDLE,0.62
14510000.00,PE,0,IDLE,0.62
14511000.00,PE,0,IDLE,0.62
14512000.00,PE,0,IDLE,0.62
14513000.00,PE,0,IDLE,0.62
14514000.00,PE,0,IDLE,0.62
14515000.00,PE,0,IDLE,0.62
14516000.00,PE,0,IDLE,0.62
14517000.00,PE,0,IDLE,0.62
14518000.00,PE,0,IDLE,0.62
14519000.00,PE,0,IDLE,0.62
14520000.00,PE,0,IDLE,0.62
14521000.00,PE,0,IDLE,0.62
14522000.00,PE,0,IDLE,0.62
14523000.00,PE,0,IDLE,0.62
14524000.00,PE,0,IDLE,0.62
14525000.00,PE,0,IDLE,0.62
14526000.00,PE,0,IDLE,0.62
14527000.00,PE,0,IDLE,0.62
14528000.00,PE,0,IDLE,0.62
14529000.00,PE,0,IDLE,0.62
14530000.00,PE,0,IDLE,0.62
14531000.00,PE,0,IDLE,0.62
14532000.00,PE,0,IDLE,0.62
14533000.00,PE,0,IDLE,0.62
14534000.00,PE,0,IDLE,0.62
14535000.00,PE,0,IDLE,0.62
14536000.00,PE,0,IDLE,0.62
14537000.00,PE,0,IDLE,0.62
14538000.00,PE,0,IDLE,0.62
14539000.00,PE,0,IDLE,0.62
14540000.00,PE,0,IDLE,0.62
14541000.00,PE,0,IDLE,0.62
14542000.00,PE,0,IDLE,0.62
14543000.00,PE,0,IDLE,0.62
14544000.00,PE,0,IDLE,0.62
14545000.00,PE,0,IDLE,0.62
14546000.00,PE,0,IDLE,0.62
14547000.00,PE,0,IDLE,0.62
14548000.00,PE,0,IDLE,0.62
14549000.00,PE,0,IDLE,0.62
14550000.00,PE,0,IDLE,0.62
14551000.00,PE,0,IDLE,0.62
14552000.00,PE,0,IDLE,0.62
14553000.00,PE,0,IDLE,0.62
14554000.00,PE,0,IDLE,0.62
14555000.00,PE,0,IDLE,0.62
14556000.00,PE,0,IDLE,0.62
14557000.00,PE,0,IDLE,0.62
14558000.00,PE,0,IDLE,0.62
14559000.00,PE,0,IDLE,0.62
14560000.00,PE,0,IDLE,0.62
14561000.00,PE,0,IDLE,0.62
14562000.00,PE,0,IDLE,0.62
14563000.00,PE,0,IDLE,0.62
14564000.00,PE,0,IDLE,0.62
14565000.00,PE,0,IDLE,0.62
14566000.00,PE,0,IDLE,0.62
14567000.00,PE,0,IDLE,0.62
14568000.00,PE,0,IDLE,0.62
14569000.00,PE,0,IDLE,0.62
14570000.00,PE,0,IDLE,0.62
14571000.00,PE,0,IDLE,0.62
14572000.00,PE,0,IDLE,0.62
14573000.00,PE,0,IDLE,0.62
14574000.00,PE,0,IDLE,0.62
14575000.00,PE,0,IDLE,0.62
14576000.00,PE,0,IDLE,0.62
14577000.00,PE,0,IDLE,0.62
14578000.00,PE,0,IDLE,0.62
14579000.00,PE,0,IDLE,0.62
14580000.00,PE,0,IDLE,0.62
14581000.00,PE,0,IDLE,0.62
14582000.00,PE,0,IDLE,0.62
14583000.00,PE,0,IDLE,0.62
14584000.00,PE,0,IDLE,0.62
14585000.00,PE,0,IDLE,0.62
14586000.00,PE,0,IDLE,0.62
14587000.00,PE,0,IDLE,0.62
14588000.00,PE,0,IDLE,0.62
14589000.00,PE,0,IDLE,0.62
14590000.00,PE,0,IDLE,0.62
14591000.00,PE,0,IDLE,0.62
14592000.00,PE,0,IDLE,0.62
14593000.00,PE,0,IDLE,0.62
14594000.00,PE,0,IDLE,0.62
14595000.00,PE,0,IDLE,0.62
14596000.00,PE,0,IDLE,0.62
14597000.00,PE,0,IDLE,0.62
14598000.00,PE,0,IDLE,0.62
14599000.00,PE,0,IDLE,0.62
14600000.00,PE,0,IDLE,0.62
14601000.00,PE,0,IDLE,0.62
14602000.00,PE,0,IDLE,0.62
14603000.00,PE,0,IDLE,0.62
14604000.00,PE,0,IDLE,0.62
14605000.00,PE,0,IDLE,0.62
14606000.00,PE,0,IDLE,0.62
14607000.00,PE,0,IDLE,0.62
14608000.00,PE,0,IDLE,0.62
14609000.00,PE,0,IDLE,0.62
14610000.00,PE,0,IDLE,0.62
14611000.00,PE,0,IDLE,0.62
14612000.00,PE,0,IDLE,0.62
14613000.00,PE,0,IDLE,0.62
14614000.00,PE,0,IDLE,0.62
14615000.00,PE,0,IDLE,0.62
14616000.00,PE,0,IDLE,0.62
14617000.00,PE,0,IDLE,0.62
14618000.00,PE,0,IDLE,0.62
14619000.00,PE,0,IDLE,0.62
14620000.00,PE,0,IDLE,0.62
14621000.00,PE,0,IDLE,0.62
14622000.00,PE,0,IDLE,0.62
14623000.00,PE,0,IDLE,0.62
14624000.00,PE,0,IDLE,0.62
14625000.00,PE,0,IDLE,0.62
14626000.00,PE,0,IDLE,0.62
14627000.00,PE,0,IDLE,0.62
14628000.00,PE,0,IDLE,0.62
14629000.00,PE,0,IDLE,0.62
14630000.00,PE,0,IDLE,0.62
14631000.00,PE,0,IDLE,0.62
14632000.00,PE,0,IDLE,0.62
14633000.00,PE,0,IDLE,0.62
14634000.00,PE,0,IDLE,0.62
14635000.00,PE,0,IDLE,0.62
14636000.00,PE,0,IDLE,0.62
14637000.00,PE,0,IDLE,0.62
14638000.00,PE,0,IDLE,0.62
14639000.00,PE,0,IDLE,0.62
14640000.00,PE,0,IDLE,0.62
14641000.00,PE,0,IDLE,0.62
14642000.00,PE,0,IDLE,0.62
14643000.00,PE,0,IDLE,0.62
14644000.00,PE,0,IDLE,0.62
14645000.00,PE,0,IDLE,0.62
14646000.00,PE,0,IDLE,0.62
14647000.00,PE,0,IDLE,0.62
14648000.00,PE,0,IDLE,0.62
14649000.00,PE,0,IDLE,0.62
14650000.00,PE,0,IDLE,0.62
14651000.00,PE,0,IDLE,0.62
14652000.00,PE,0,IDLE,0.62
14653000.00,PE,0,IDLE,0.62
14654000.00,PE,0,IDLE,0.62
14655000.00,PE,0,IDLE,0.62
14656000.00,PE,0,IDLE,0.62
14657000.00,PE,0,IDLE,0.62
14658000.00,PE,0,IDLE,0.62
14659000.00,PE,0,IDLE,0.62
14660000.00,PE,0,IDLE,0.62
14661000.00,PE,0,IDLE,0.62
14662000.00,PE,0,IDLE,0.62
14663000.00,PE,0,IDLE,0.62
14664000.00,PE,0,IDLE,0.62
14665000.00,PE,0,IDLE,0.62
14666000.00,PE,0,IDLE,0.62
14667000.00,PE,0,IDLE,0.62
14668000.00,PE,0,IDLE,0.62
14669000.00,PE,0,IDLE,0.62
14670000.00,PE,0,IDLE,0.62
14671000.00,PE,0,IDLE,0.62
14672000.00,PE,0,IDLE,0.62
14673000.00,PE,0,IDLE,0.62
14674000.00,PE,0,IDLE,0.62
14675000.00,PE,0,IDLE,0.62
14676000.00,PE,0,IDLE,0.62
14677000.00,PE,0,IDLE,0.62
14678000.00,PE,0,IDLE,0.62
14679000.00,PE,0,IDLE,0.62
14680000.00,PE,0,IDLE,0.62
14681000.00,PE,0,IDLE,0.62
14682000.00,PE,0,IDLE,0.62
14683000.00,PE,0,IDLE,0.62
14684000.00,PE,0,IDLE,0.62
14685000.00,PE,0,IDLE,0.62
14686000.00,PE,0,IDLE,0.62
14687000.00,PE,0,IDLE,0.62
14688000.00,PE,0,IDLE,0.62
14689000.00,PE,0,IDLE,0.62
14690000.00,PE,0,IDLE,0.62
14691000.00,PE,0,IDLE,0.62
14692000.00,PE,0,IDLE,0.62
14693000.00,PE,0,IDLE,0.62
14694000.00,PE,0,IDLE,0.62
14695000.00,PE,0,IDLE,0.62
14696000.00,PE,0,IDLE,0.62
14697000.00,PE,0,IDLE,0.62
14698000.00,PE,0,IDLE,0.62
14699000.00,PE,0,IDLE,0.62
14700000.00,PE,0,IDLE,0.62
14701000.00,PE,0,IDLE,0.62
14702000.00,PE,0,IDLE,0.62
14703000.00,PE,0,IDLE,0.62
14704000.00,PE,0,IDLE,0.62
14705000.00,PE,0,IDLE,0.62
14706000.00,PE,0,IDLE,0.62
14707000.00,PE,0,IDLE,0.62
14708000.00,PE,0,IDLE,0.62
14709000.00,PE,0,IDLE,0.62
14710000.00,PE,0,IDLE,0.62
14711000.00,PE,0,IDLE,0.62
14712000.00,PE,0,IDLE,0.62
14713000.00,PE,0,IDLE,0.62
14714000.00,PE,0,IDLE,0.62
14715000.00,PE,0,IDLE,0.62
14716000.00,PE,0,IDLE,0.62
14717000.00,PE,0,IDLE,0.62
14718000.00,PE,0,IDLE,0.62
14719000.00,PE,0,IDLE,0.62
14720000.00,PE,0,IDLE,0.62
14721000.00,PE,0,IDLE,0.62
14722000.00,PE,0,IDLE,0.62
14723000.00,PE,0,IDLE,0.62
14724000.00,PE,0,IDLE,0.62
14725000.00,PE,0,IDLE,0.62
14726000.00,PE,0,IDLE,0.62
14727000.00,PE,0,IDLE,0.62
14728000.00,PE,0,IDLE,0.62
14729000.00,PE,0,IDLE,0.62
14730000.00,PE,0,IDLE,0.62
14731000.00,PE,0,IDLE,0.62
14732000.00,PE,0,IDLE,0.62
14733000.00,PE,0,IDLE,0.62
14734000.00,PE,0,IDLE,0.62
14735000.00,PE,0,IDLE,0.62
14736000.00,PE,0,IDLE,0.62
14737000.00,PE,0,IDLE,0.62
14738000.00,PE,0,IDLE,0.62
14739000.00,PE,0,IDLE,0.62
14740000.00,PE,0,IDLE,0.62
14741000.00,PE,0,IDLE,0.62
14742000.00,PE,0,IDLE,0.62
14743000.00,PE,0,IDLE,0.62
14744000.00,PE,0,IDLE,0.62
14745000.00,PE,0,IDLE,0.62
14746000.00,PE,0,IDLE,0.62
14747000.00,PE,0,IDLE,0.62
14748000.00,PE,0,IDLE,0.62
14749000.00,PE,0,IDLE,0.62
14750000.00,PE,0,IDLE,0.62
14751000.00,PE,0,IDLE,0.62
14752000.00,PE,0,IDLE,0.62
14753000.00,PE,0,IDLE,0.62
14754000.00,PE,0,IDLE,0.62
14755000.00,PE,0,IDLE,0.62
14756000.00,PE,0,IDLE,0.62
14757000.00,PE,0,IDLE,0.62
14758000.00,PE,0,IDLE,0.62
14759000.00,PE,0,IDLE,0.62
14760000.00,PE,0,IDLE,0.62
14761000.00,PE,0,IDLE,0.62
14762000.00,PE,0,IDLE,0.62
14763000.00,PE,0,IDLE,0.62
14764000.00,PE,0,IDLE,0.62
14765000.00,PE,0,IDLE,0.62
14766000.00,PE,0,IDLE,0.62
14767000.00,PE,0,IDLE,0.62
14768000.00,PE,0,IDLE,0.62
14769000.00,PE,0,IDLE,0.62
14770000.00,PE,0,IDLE,0.62
14771000.00,PE,0,IDLE,0.62
14772000.00,PE,0,IDLE,0.62
14773000.00,PE,0,IDLE,0.62
14774000.00,PE,0,IDLE,0.62
14775000.00,PE,0,IDLE,0.62
14776000.00,PE,0,IDLE,0.62
14777000.00,PE,0,IDLE,0.62
14778000.00,PE,0,IDLE,0.62
14779000.00,PE,0,IDLE,0.62
14780000.00,PE,0,IDLE,0.62
14781000.00,PE,0,IDLE,0.62
14782000.00,PE,0,IDLE,0.62
14783000.00,PE,0,IDLE,0.62
14784000.00,PE,0,IDLE,0.62
14785000.00,PE,0,IDLE,0.62
14786000.00,PE,0,IDLE,0.62
14787000.00,PE,0,IDLE,0.62
14788000.00,PE,0,IDLE,0.62
14789000.00,PE,0,IDLE,0.62
14790000.00,PE,0,IDLE,0.62
14791000.00,PE,0,IDLE,0.62
14792000.00,PE,0,IDLE,0.62
14793000.00,PE,0,IDLE,0.62
14794000.00,PE,0,IDLE,0.62
14795000.00,PE,0,IDLE,0.62
14796000.00,PE,0,IDLE,0.62
14797000.00,PE,0,IDLE,0.62
14798000.00,PE,0,IDLE,0.62
14799000.00,PE,0,IDLE,0.62
14800000.00,PE,0,IDLE,0.62
14801000.00,PE,0,IDLE,0.62
14802000.00,PE,0,IDLE,0.62
14803000.00,PE,0,IDLE,0.62
14804000.00,PE,0,IDLE,0.62
14805000.00,PE,0,IDLE,0.62
14806000.00,PE,0,IDLE,0.62
14807000.00,PE,0,IDLE,0.62
14808000.00,PE,0,IDLE,0.62
14809000.00,PE,0,IDLE,0.62
14810000.00,PE,0,IDLE,0.62
14811000.00,PE,0,IDLE,0.62
14812000.00,PE,0,IDLE,0.62
14813000.00,PE,0,IDLE,0.62
14814000.00,PE,0,IDLE,0.62
14815000.00,PE,0,IDLE,0.62
14816000.00,PE,0,IDLE,0.62
14817000.00,PE,0,IDLE,0.62
14818000.00,PE,0,IDLE,0.62
14819000.00,PE,0,IDLE,0.62
14820000.00,PE,0,IDLE,0.62
14821000.00,PE,0,IDLE,0.62
14822000.00,PE,0,IDLE,0.62
14823000.00,PE,0,IDLE,0.62
14824000.00,PE,0,IDLE,0.62
14825000.00,PE,0,IDLE,0.62
14826000.00,PE,0,IDLE,0.62
14827000.00,PE,0,IDLE,0.62
14828000.00,PE,0,IDLE,0.62
14829000.00,PE,0,IDLE,0.62
14830000.00,PE,0,IDLE,0.62
14831000.00,PE,0,IDLE,0.62
14832000.00,PE,0,IDLE,0.62
14833000.00,PE,0,IDLE,0.62
14834000.00,PE,0,IDLE,0.62
14835000.00,PE,0,IDLE,0.62
14836000.00,PE,0,IDLE,0.62
14837000.00,PE,0,IDLE,0.62
14838000.00,PE,0,IDLE,0.62
14839000.00,PE,0,IDLE,0.62
14840000.00,PE,0,IDLE,0.62
14841000.00,PE,0,IDLE,0.62
14842000.00,PE,0,IDLE,0.62
14843000.00,PE,0,IDLE,0.62
14844000.00,PE,0,IDLE,0.62
14845000.00,PE,0,IDLE,0.62
14846000.00,PE,0,IDLE,0.62
14847000.00,PE,0,IDLE,0.62
14848000.00,PE,0,IDLE,0.62
14849000.00,PE,0,IDLE,0.62
14850000.00,PE,0,IDLE,0.62
14851000.00,PE,0,IDLE,0.62
14852000.00,PE,0,IDLE,0.62
14853000.00,PE,0,IDLE,0.62
14854000.00,PE,0,IDLE,0.62
14855000.00,PE,0,IDLE,0.62
14856000.00,PE,0,IDLE,0.62
14857000.00,PE,0,IDLE,0.62
14858000.00,PE,0,IDLE,0.62
14859000.00,PE,0,IDLE,0.62
14860000.00,PE,0,IDLE,0.62
14861000.00,PE,0,IDLE,0.62
14862000.00,PE,0,IDLE,0.62
14863000.00,PE,0,IDLE,0.62
14864000.00,PE,0,IDLE,0.62
14865000.00,PE,0,IDLE,0.62
14866000.00,PE,0,IDLE,0.62
14867000.00,PE,0,IDLE,0.62
14868000.00,PE,0,IDLE,0.62
14869000.00,PE,0,IDLE,0.62
14870000.00,PE,0,IDLE,0.62
14871000.00,PE,0,IDLE,0.62
14872000.00,PE,0,IDLE,0.62
14873000.00,PE,0,IDLE,0.62
14874000.00,PE,0,IDLE,0.62
14875000.00,PE,0,IDLE,0.62
14876000.00,PE,0,IDLE,0.62
14877000.00,PE,0,IDLE,0.62
14878000.00,PE,0,IDLE,0.62
14879000.00,PE,0,IDLE,0.62
14880000.00,PE,0,IDLE,0.62
14881000.00,PE,0,IDLE,0.62
14882000.00,PE,0,IDLE,0.62
14883000.00,PE,0,IDLE,0.62
14884000.00,PE,0,IDLE,0.62
14885000.00,PE,0,IDLE,0.62
14886000.00,PE,0,IDLE,0.62
14887000.00,PE,0,IDLE,0.62
14888000.00,PE,0,IDLE,0.62
14889000.00,PE,0,IDLE,0.62
14890000.00,PE,0,IDLE,0.62
14891000.00,PE,0,IDLE,0.62
14892000.00,PE,0,IDLE,0.62
14893000.00,PE,0,IDLE,0.62
14894000.00,PE,0,IDLE,0.62
14895000.00,PE,0,IDLE,0.62
14896000.00,PE,0,IDLE,0.62
14897000.00,PE,0,IDLE,0.62
14898000.00,PE,0,IDLE,0.62
14899000.00,PE,0,IDLE,0.62
14900000.00,PE,0,IDLE,0.62
14901000.00,PE,0,IDLE,0.62
14902000.00,PE,0,IDLE,0.62
14903000.00,PE,0,IDLE,0.62
14904000.00,PE,0,IDLE,0.62
14905000.00,PE,0,IDLE,0.62
14906000.00,PE,0,IDLE,0.62
14907000.00,PE,0,IDLE,0.62
14908000.00,PE,0,IDLE,0.62
14909000.00,PE,0,IDLE,0.62
14910000.00,PE,0,IDLE,0.62
14911000.00,PE,0,IDLE,0.62
14912000.00,PE,0,IDLE,0.62
14913000.00,PE,0,IDLE,0.62
14914000.00,PE,0,IDLE,0.62
14915000.00,PE,0,IDLE,0.62
14916000.00,PE,0,IDLE,0.62
14917000.00,PE,0,IDLE,0.62
14918000.00,PE,0,IDLE,0.62
14919000.00,PE,0,IDLE,0.62
14920000.00,PE,0,IDLE,0.62
14921000.00,PE,0,IDLE,0.62
14922000.00,PE,0,IDLE,0.62
14923000.00,PE,0,IDLE,0.62
14924000.00,PE,0,IDLE,0.62
14925000.00,PE,0,IDLE,0.62
14926000.00,PE,0,IDLE,0.62
14927000.00,PE,0,IDLE,0.62
14928000.00,PE,0,IDLE,0.62
14929000.00,PE,0,IDLE,0.62
14930000.00,PE,0,IDLE,0.62
14931000.00,PE,0,IDLE,0.62
14932000.00,PE,0,IDLE,0.62
14933000.00,PE,0,IDLE,0.62
14934000.00,PE,0,IDLE,0.62
14935000.00,PE,0,IDLE,0.62
14936000.00,PE,0,IDLE,0.62
14937000.00,PE,0,IDLE,0.62
14938000.00,PE,0,IDLE,0.62
14939000.00,PE,0,IDLE,0.62
14940000.00,PE,0,IDLE,0.62
14941000.00,PE,0,IDLE,0.62
14942000.00,PE,0,IDLE,0.62
14943000.00,PE,0,IDLE,0.62
14944000.00,PE,0,IDLE,0.62
14945000.00,PE,0,IDLE,0.62
14946000.00,PE,0,IDLE,0.62
14947000.00,PE,0,IDLE,0.62
14948000.00,PE,0,IDLE,0.62
14949000.00,PE,0,IDLE,0.62
14950000.00,PE,0,IDLE,0.62
14951000.00,PE,0,IDLE,0.62
14952000.00,PE,0,IDLE,0.62
14953000.00,PE,0,IDLE,0.62
14954000.00,PE,0,IDLE,0.62
14955000.00,PE,0,IDLE,0.62
14956000.00,PE,0,IDLE,0.62
14957000.00,PE,0,IDLE,0.62
14958000.00,PE,0,IDLE,0.62
14959000.00,PE,0,IDLE,0.62
14960000.00,PE,0,IDLE,0.62
14961000.00,PE,0,IDLE,0.62
14962000.00,PE,0,IDLE,0.62
14963000.00,PE,0,IDLE,0.62
14964000.00,PE,0,IDLE,0.62
14965000.00,PE,0,IDLE,0.62
14966000.00,PE,0,IDLE,0.62
14967000.00,PE,0,IDLE,0.62
14968000.00,PE,0,IDLE,0.62
14969000.00,PE,0,IDLE,0.62
14970000.00,PE,0,IDLE,0.62
14971000.00,PE,0,IDLE,0.62
14972000.00,PE,0,IDLE,0.62
14973000.00,PE,0,IDLE,0.62
14974000.00,PE,0,IDLE,0.62
14975000.00,PE,0,IDLE,0.62
14976000.00,PE,0,IDLE,0.62
14977000.00,PE,0,IDLE,0.62
14978000.00,PE,0,IDLE,0.62
14979000.00,PE,0,IDLE,0.62
14980000.00,PE,0,IDLE,0.62
14981000.00,PE,0,IDLE,0.62
14982000.00,PE,0,IDLE,0.62
14983000.00,PE,0,IDLE,0.62
14984000.00,PE,0,IDLE,0.62
14985000.00,PE,0,IDLE,0.62
14986000.00,PE,0,IDLE,0.62
14987000.00,PE,0,IDLE,0.62
14988000.00,PE,0,IDLE,0.62
14989000.00,PE,0,IDLE,0.62
14990000.00,PE,0,IDLE,0.62
14991000.00,PE,0,IDLE,0.62
14992000.00,PE,0,IDLE,0.62
14993000.00,PE,0,IDLE,0.62
14994000.00,PE,0,IDLE,0.62
14995000.00,PE,0,IDLE,0.62
14996000.00,PE,0,IDLE,0.62
14997000.00,PE,0,IDLE,0.62
14998000.00,PE,0,IDLE,0.62
14999000.00,PE,0,IDLE,0.62
15000000.00,PE,0,IDLE,0.62
15001000.00,PE,0,IDLE,0.62
15002000.00,PE,0,IDLE,0.62
15003000.00,PE,0,IDLE,0.62
15004000.00,PE,0,IDLE,0.62
15005000.00,PE,0,IDLE,0.62
15006000.00,PE,0,IDLE,0.62
15007000.00,PE,0,IDLE,0.62
15008000.00,PE,0,IDLE,0.62
15009000.00,PE,0,IDLE,0.62
15010000.00,PE,0,IDLE,0.62
15011000.00,PE,0,IDLE,0.62
15012000.00,PE,0,IDLE,0.62
15013000.00,PE,0,IDLE,0.62
15014000.00,PE,0,IDLE,0.62
15015000.00,PE,0,IDLE,0.62
15016000.00,PE,0,IDLE,0.62
15017000.00,PE,0,IDLE,0.62
15018000.00,PE,0,IDLE,0.62
15019000.00,PE,0,IDLE,0.62
15020000.00,PE,0,IDLE,0.62
15021000.00,PE,0,IDLE,0.62
15022000.00,PE,0,IDLE,0.62
15023000.00,PE,0,IDLE,0.62
15024000.00,PE,0,IDLE,0.62
15025000.00,PE,0,IDLE,0.62
15026000.00,PE,0,IDLE,0.62
15027000.00,PE,0,IDLE,0.62
15028000.00,PE,0,IDLE,0.62
15029000.00,PE,0,IDLE,0.62
15030000.00,PE,0,IDLE,0.62
15031000.00,PE,0,IDLE,0.62
15032000.00,PE,0,IDLE,0.62
15033000.00,PE,0,IDLE,0.62
15034000.00,PE,0,IDLE,0.62
15035000.00,PE,0,IDLE,0.62
15036000.00,PE,0,IDLE,0.62
15037000.00,PE,0,IDLE,0.62
15038000.00,PE,0,IDLE,0.62
15039000.00,PE,0,IDLE,0.62
15040000.00,PE,0,IDLE,0.62
15041000.00,PE,0,IDLE,0.62
15042000.00,PE,0,IDLE,0.62
15043000.00,PE,0,IDLE,0.62
15044000.00,PE,0,IDLE,0.62
15045000.00,PE,0,IDLE,0.62
15046000.00,PE,0,IDLE,0.62
15047000.00,PE,0,IDLE,0.62
15048000.00,PE,0,IDLE,0.62
15049000.00,PE,0,IDLE,0.62
15050000.00,PE,0,IDLE,0.62
15051000.00,PE,0,IDLE,0.62
15052000.00,PE,0,IDLE,0.62
15053000.00,PE,0,IDLE,0.62
15054000.00,PE,0,IDLE,0.62
15055000.00,PE,0,IDLE,0.62
15056000.00,PE,0,IDLE,0.62
15057000.00,PE,0,IDLE,0.62
15058000.00,PE,0,IDLE,0.62
15059000.00,PE,0,IDLE,0.62
15060000.00,PE,0,IDLE,0.62
15061000.00,PE,0,IDLE,0.62
15062000.00,PE,0,IDLE,0.62
15063000.00,PE,0,IDLE,0.62
15064000.00,PE,0,IDLE,0.62
15065000.00,PE,0,IDLE,0.62
15066000.00,PE,0,IDLE,0.62
15067000.00,PE,0,IDLE,0.62
15068000.00,PE,0,IDLE,0.62
15069000.00,PE,0,IDLE,0.62
15070000.00,PE,0,IDLE,0.62
15071000.00,PE,0,IDLE,0.62
15072000.00,PE,0,IDLE,0.62
15073000.00,PE,0,IDLE,0.62
15074000.00,PE,0,IDLE,0.62
15075000.00,PE,0,IDLE,0.62
15076000.00,PE,0,IDLE,0.62
15077000.00,PE,0,IDLE,0.62
15078000.00,PE,0,IDLE,0.62
15079000.00,PE,0,IDLE,0.62
15080000.00,PE,0,IDLE,0.62
15081000.00,PE,0,IDLE,0.62
15082000.00,PE,0,IDLE,0.62
15083000.00,PE,0,IDLE,0.62
15084000.00,PE,0,IDLE,0.62
15085000.00,PE,0,IDLE,0.62
15086000.00,PE,0,IDLE,0.62
15087000.00,PE,0,IDLE,0.62
15088000.00,PE,0,IDLE,0.62
15089000.00,PE,0,IDLE,0.62
15090000.00,PE,0,IDLE,0.62
15091000.00,PE,0,IDLE,0.62
15092000.00,PE,0,IDLE,0.62
15093000.00,PE,0,IDLE,0.62
15094000.00,PE,0,IDLE,0.62
15095000.00,PE,0,IDLE,0.62
15096000.00,PE,0,IDLE,0.62
15097000.00,PE,0,IDLE,0.62
15098000.00,PE,0,IDLE,0.62
15099000.00,PE,0,IDLE,0.62
15100000.00,PE,0,IDLE,0.62
15101000.00,PE,0,IDLE,0.62
15102000.00,PE,0,IDLE,0.62
15103000.00,PE,0,IDLE,0.62
15104000.00,PE,0,IDLE,0.62
15105000.00,PE,0,IDLE,0.62
15106000.00,PE,0,IDLE,0.62
15107000.00,PE,0,IDLE,0.62
15108000.00,PE,0,IDLE,0.62
15109000.00,PE,0,IDLE,0.62
15110000.00,PE,0,IDLE,0.62
15111000.00,PE,0,IDLE,0.62
15112000.00,PE,0,IDLE,0.62
15113000.00,PE,0,IDLE,0.62
15114000.00,PE,0,IDLE,0.62
15115000.00,PE,0,IDLE,0.62
15116000.00,PE,0,IDLE,0.62
15117000.00,PE,0,IDLE,0.62
15118000.00,PE,0,IDLE,0.62
15119000.00,PE,0,IDLE,0.62
15120000.00,PE,0,IDLE,0.62
15121000.00,PE,0,IDLE,0.62
15122000.00,PE,0,IDLE,0.62
15123000.00,PE,0,IDLE,0.62
15124000.00,PE,0,IDLE,0.62
15125000.00,PE,0,IDLE,0.62
15126000.00,PE,0,IDLE,0.62
15127000.00,PE,0,IDLE,0.62
15128000.00,PE,0,IDLE,0.62
15129000.00,PE,0,IDLE,0.62
15130000.00,PE,0,IDLE,0.62
15131000.00,PE,0,IDLE,0.62
15132000.00,PE,0,IDLE,0.62
15133000.00,PE,0,IDLE,0.62
15134000.00,PE,0,IDLE,0.62
15135000.00,PE,0,IDLE,0.62
15136000.00,PE,0,IDLE,0.62
15137000.00,PE,0,IDLE,0.62
15138000.00,PE,0,IDLE,0.62
15139000.00,PE,0,IDLE,0.62
15140000.00,PE,0,IDLE,0.62
15141000.00,PE,0,IDLE,0.62
15142000.00,PE,0,IDLE,0.62
15143000.00,PE,0,IDLE,0.62
15144000.00,PE,0,IDLE,0.62
15145000.00,PE,0,IDLE,0.62
15146000.00,PE,0,IDLE,0.62
15147000.00,PE,0,IDLE,0.62
15148000.00,PE,0,IDLE,0.62
15149000.00,PE,0,IDLE,0.62
15150000.00,PE,0,IDLE,0.62
15151000.00,PE,0,IDLE,0.62
15152000.00,PE,0,IDLE,0.62
15153000.00,PE,0,IDLE,0.62
15154000.00,PE,0,IDLE,0.62
15155000.00,PE,0,IDLE,0.62
15156000.00,PE,0,IDLE,0.62
15157000.00,PE,0,IDLE,0.62
15158000.00,PE,0,IDLE,0.62
15159000.00,PE,0,IDLE,0.62
15160000.00,PE,0,IDLE,0.62
15161000.00,PE,0,IDLE,0.62
15162000.00,PE,0,IDLE,0.62
15163000.00,PE,0,IDLE,0.62
15164000.00,PE,0,IDLE,0.62
15165000.00,PE,0,IDLE,0.62
15166000.00,PE,0,IDLE,0.62
15167000.00,PE,0,IDLE,0.62
15168000.00,PE,0,IDLE,0.62
15169000.00,PE,0,IDLE,0.62
15170000.00,PE,0,IDLE,0.62
15171000.00,PE,0,IDLE,0.62
15172000.00,PE,0,IDLE,0.62
15173000.00,PE,0,IDLE,0.62
15174000.00,PE,0,IDLE,0.62
15175000.00,PE,0,IDLE,0.62
15176000.00,PE,0,IDLE,0.62
15177000.00,PE,0,IDLE,0.62
15178000.00,PE,0,IDLE,0.62
15179000.00,PE,0,IDLE,0.62
15180000.00,PE,0,IDLE,0.62
15181000.00,PE,0,IDLE,0.62
15182000.00,PE,0,IDLE,0.62
15183000.00,PE,0,IDLE,0.62
15184000.00,PE,0,IDLE,0.62
15185000.00,PE,0,IDLE,0.62
15186000.00,PE,0,IDLE,0.62
15187000.00,PE,0,IDLE,0.62
15188000.00,PE,0,IDLE,0.62
15189000.00,PE,0,IDLE,0.62
15190000.00,PE,0,IDLE,0.62
15191000.00,PE,0,IDLE,0.62
15192000.00,PE,0,IDLE,0.62
15193000.00,PE,0,IDLE,0.62
15194000.00,PE,0,IDLE,0.62
15195000.00,PE,0,IDLE,0.62
15196000.00,PE,0,IDLE,0.62
15197000.00,PE,0,IDLE,0.62
15198000.00,PE,0,IDLE,0.62
15199000.00,PE,0,IDLE,0.62
15200000.00,PE,0,IDLE,0.62
15201000.00,PE,0,IDLE,0.62
15202000.00,PE,0,IDLE,0.62
15203000.00,PE,0,IDLE,0.62
15204000.00,PE,0,IDLE,0.62
15205000.00,PE,0,IDLE,0.62
15206000.00,PE,0,IDLE,0.62
15207000.00,PE,0,IDLE,0.62
15208000.00,PE,0,IDLE,0.62
15209000.00,PE,0,IDLE,0.62
15210000.00,PE,0,IDLE,0.62
15211000.00,PE,0,IDLE,0.62
15212000.00,PE,0,IDLE,0.62
15213000.00,PE,0,IDLE,0.62
15214000.00,PE,0,IDLE,0.62
15215000.00,PE,0,IDLE,0.62
15216000.00,PE,0,IDLE,0.62
15217000.00,PE,0,IDLE,0.62
15218000.00,PE,0,IDLE,0.62
15219000.00,PE,0,IDLE,0.62
15220000.00,PE,0,IDLE,0.62
15221000.00,PE,0,IDLE,0.62
15222000.00,PE,0,IDLE,0.62
15223000.00,PE,0,IDLE,0.62
15224000.00,PE,0,IDLE,0.62
15225000.00,PE,0,IDLE,0.62
15226000.00,PE,0,IDLE,0.62
15227000.00,PE,0,IDLE,0.62
15228000.00,PE,0,IDLE,0.62
15229000.00,PE,0,IDLE,0.62
15230000.00,PE,0,IDLE,0.62
15231000.00,PE,0,IDLE,0.62
15232000.00,PE,0,IDLE,0.62
15233000.00,PE,0,IDLE,0.62
15234000.00,PE,0,IDLE,0.62
15235000.00,PE,0,IDLE,0.62
15236000.00,PE,0,IDLE,0.62
15237000.00,PE,0,IDLE,0.62
15238000.00,PE,0,IDLE,0.62
15239000.00,PE,0,IDLE,0.62
15240000.00,PE,0,IDLE,0.62
15241000.00,PE,0,IDLE,0.62
15242000.00,PE,0,IDLE,0.62
15243000.00,PE,0,IDLE,0.62
15244000.00,PE,0,IDLE,0.62
15245000.00,PE,0,IDLE,0.62
15246000.00,PE,0,IDLE,0.62
15247000.00,PE,0,IDLE,0.62
15248000.00,PE,0,IDLE,0.62
15249000.00,PE,0,IDLE,0.62
15250000.00,PE,0,IDLE,0.62
15251000.00,PE,0,IDLE,0.62
15252000.00,PE,0,IDLE,0.62
15253000.00,PE,0,IDLE,0.62
15254000.00,PE,0,IDLE,0.62
15255000.00,PE,0,IDLE,0.62
15256000.00,PE,0,IDLE,0.62
15257000.00,PE,0,IDLE,0.62
15258000.00,PE,0,IDLE,0.62
15259000.00,PE,0,IDLE,0.62
15260000.00,PE,0,IDLE,0.62
15261000.00,PE,0,IDLE,0.62
15262000.00,PE,0,IDLE,0.62
15263000.00,PE,0,IDLE,0.62
15264000.00,PE,0,IDLE,0.62
15265000.00,PE,0,IDLE,0.62
15266000.00,PE,0,IDLE,0.62
15267000.00,PE,0,IDLE,0.62
15268000.00,PE,0,IDLE,0.62
15269000.00,PE,0,IDLE,0.62
15270000.00,PE,0,IDLE,0.62
15271000.00,PE,0,IDLE,0.62
15272000.00,PE,0,IDLE,0.62
15273000.00,PE,0,IDLE,0.62
15274000.00,PE,0,IDLE,0.62
15275000.00,PE,0,IDLE,0.62
15276000.00,PE,0,IDLE,0.62
15277000.00,PE,0,IDLE,0.62
15278000.00,PE,0,IDLE,0.62
15279000.00,PE,0,IDLE,0.62
15280000.00,PE,0,IDLE,0.62
15281000.00,PE,0,IDLE,0.62
15282000.00,PE,0,IDLE,0.62
15283000.00,PE,0,IDLE,0.62
15284000.00,PE,0,IDLE,0.62
15285000.00,PE,0,IDLE,0.62
15286000.00,PE,0,IDLE,0.62
15287000.00,PE,0,IDLE,0.62
15288000.00,PE,0,IDLE,0.62
15289000.00,PE,0,IDLE,0.62
15290000.00,PE,0,IDLE,0.62
15291000.00,PE,0,IDLE,0.62
15292000.00,PE,0,IDLE,0.62
15293000.00,PE,0,IDLE,0.62
15294000.00,PE,0,IDLE,0.62
15295000.00,PE,0,IDLE,0.62
15296000.00,PE,0,IDLE,0.62
15297000.00,PE,0,IDLE,0.62
15298000.00,PE,0,IDLE,0.62
15299000.00,PE,0,IDLE,0.62
15300000.00,PE,0,IDLE,0.62
15301000.00,PE,0,IDLE,0.62
15302000.00,PE,0,IDLE,0.62
15303000.00,PE,0,IDLE,0.62
15304000.00,PE,0,IDLE,0.62
15305000.00,PE,0,IDLE,0.62
15306000.00,PE,0,IDLE,0.62
15307000.00,PE,0,IDLE,0.62
15308000.00,PE,0,IDLE,0.62
15309000.00,PE,0,IDLE,0.62
15310000.00,PE,0,IDLE,0.62
15311000.00,PE,0,IDLE,0.62
15312000.00,PE,0,IDLE,0.62
15313000.00,PE,0,IDLE,0.62
15314000.00,PE,0,IDLE,0.62
15315000.00,PE,0,IDLE,0.62
15316000.00,PE,0,IDLE,0.62
15317000.00,PE,0,IDLE,0.62
15318000.00,PE,0,IDLE,0.62
15319000.00,PE,0,IDLE,0.62
15320000.00,PE,0,IDLE,0.62
15321000.00,PE,0,IDLE,0.62
15322000.00,PE,0,IDLE,0.62
15323000.00,PE,0,IDLE,0.62
15324000.00,PE,0,IDLE,0.62
15325000.00,PE,0,IDLE,0.62
15326000.00,PE,0,IDLE,0.62
15327000.00,PE,0,IDLE,0.62
15328000.00,PE,0,IDLE,0.62
15329000.00,PE,0,IDLE,0.62
15330000.00,PE,0,IDLE,0.62
15331000.00,PE,0,IDLE,0.62
15332000.00,PE,0,IDLE,0.62
15333000.00,PE,0,IDLE,0.62
15334000.00,PE,0,IDLE,0.62
15335000.00,PE,0,IDLE,0.62
15336000.00,PE,0,IDLE,0.62
15337000.00,PE,0,IDLE,0.62
15338000.00,PE,0,IDLE,0.62
15339000.00,PE,0,IDLE,0.62
15340000.00,PE,0,IDLE,0.62
15341000.00,PE,0,IDLE,0.62
15342000.00,PE,0,IDLE,0.62
15343000.00,PE,0,IDLE,0.62
15344000.00,PE,0,IDLE,0.62
15345000.00,PE,0,IDLE,0.62
15346000.00,PE,0,IDLE,0.62
15347000.00,PE,0,IDLE,0.62
15348000.00,PE,0,IDLE,0.62
15349000.00,PE,0,IDLE,0.62
15350000.00,PE,0,IDLE,0.62
15351000.00,PE,0,IDLE,0.62
15352000.00,PE,0,IDLE,0.62
15353000.00,PE,0,IDLE,0.62
15354000.00,PE,0,IDLE,0.62
15355000.00,PE,0,IDLE,0.62
15356000.00,PE,0,IDLE,0.62
15357000.00,PE,0,IDLE,0.62
15358000.00,PE,0,IDLE,0.62
15359000.00,PE,0,IDLE,0.62
15360000.00,PE,0,IDLE,0.62
15361000.00,PE,0,IDLE,0.62
15362000.00,PE,0,IDLE,0.62
15363000.00,PE,0,IDLE,0.62
15364000.00,PE,0,IDLE,0.62
15365000.00,PE,0,IDLE,0.62
15366000.00,PE,0,IDLE,0.62
15367000.00,PE,0,IDLE,0.62
15368000.00,PE,0,IDLE,0.62
15369000.00,PE,0,IDLE,0.62
15370000.00,PE,0,IDLE,0.62
15371000.00,PE,0,IDLE,0.62
15372000.00,PE,0,IDLE,0.62
15373000.00,PE,0,IDLE,0.62
15374000.00,PE,0,IDLE,0.62
15375000.00,PE,0,IDLE,0.62
15376000.00,PE,0,IDLE,0.62
15377000.00,PE,0,IDLE,0.62
15378000.00,PE,0,IDLE,0.62
15379000.00,PE,0,IDLE,0.62
15380000.00,PE,0,IDLE,0.62
15381000.00,PE,0,IDLE,0.62
15382000.00,PE,0,IDLE,0.62
15383000.00,PE,0,IDLE,0.62
15384000.00,PE,0,IDLE,0.62
15385000.00,PE,0,IDLE,0.62
15386000.00,PE,0,IDLE,0.62
15387000.00,PE,0,IDLE,0.62
15388000.00,PE,0,IDLE,0.62
15389000.00,PE,0,IDLE,0.62
15390000.00,PE,0,IDLE,0.62
15391000.00,PE,0,IDLE,0.62
15392000.00,PE,0,IDLE,0.62
15393000.00,PE,0,IDLE,0.62
15394000.00,PE,0,IDLE,0.62
15395000.00,PE,0,IDLE,0.62
15396000.00,PE,0,IDLE,0.62
15397000.00,PE,0,IDLE,0.62
15398000.00,PE,0,IDLE,0.62
15399000.00,PE,0,IDLE,0.62
15400000.00,PE,0,IDLE,0.62
15401000.00,PE,0,IDLE,0.62
15402000.00,PE,0,IDLE,0.62
15403000.00,PE,0,IDLE,0.62
15404000.00,PE,0,IDLE,0.62
15405000.00,PE,0,IDLE,0.62
15406000.00,PE,0,IDLE,0.62
15407000.00,PE,0,IDLE,0.62
15408000.00,PE,0,IDLE,0.62
15409000.00,PE,0,IDLE,0.62
15410000.00,PE,0,IDLE,0.62
15411000.00,PE,0,IDLE,0.62
15412000.00,PE,0,IDLE,0.62
15413000.00,PE,0,IDLE,0.62
15414000.00,PE,0,IDLE,0.62
15415000.00,PE,0,IDLE,0.62
15416000.00,PE,0,IDLE,0.62
15417000.00,PE,0,IDLE,0.62
15418000.00,PE,0,IDLE,0.62
15419000.00,PE,0,IDLE,0.62
15420000.00,PE,0,IDLE,0.62
15421000.00,PE,0,IDLE,0.62
15422000.00,PE,0,IDLE,0.62
15423000.00,PE,0,IDLE,0.62
15424000.00,PE,0,IDLE,0.62
15425000.00,PE,0,IDLE,0.62
15426000.00,PE,0,IDLE,0.62
15427000.00,PE,0,IDLE,0.62
15428000.00,PE,0,IDLE,0.62
15429000.00,PE,0,IDLE,0.62
15430000.00,PE,0,IDLE,0.62
15431000.00,PE,0,IDLE,0.62
15432000.00,PE,0,IDLE,0.62
15433000.00,PE,0,IDLE,0.62
15434000.00,PE,0,IDLE,0.62
15435000.00,PE,0,IDLE,0.62
15436000.00,PE,0,IDLE,0.62
15437000.00,PE,0,IDLE,0.62
15438000.00,PE,0,IDLE,0.62
15439000.00,PE,0,IDLE,0.62
15440000.00,PE,0,IDLE,0.62
15441000.00,PE,0,IDLE,0.62
15442000.00,PE,0,IDLE,0.62
15443000.00,PE,0,IDLE,0.62
15444000.00,PE,0,IDLE,0.62
15445000.00,PE,0,IDLE,0.62
15446000.00,PE,0,IDLE,0.62
15447000.00,PE,0,IDLE,0.62
15448000.00,PE,0,IDLE,0.62
15449000.00,PE,0,IDLE,0.62
15450000.00,PE,0,IDLE,0.62
15451000.00,PE,0,IDLE,0.62
15452000.00,PE,0,IDLE,0.62
15453000.00,PE,0,IDLE,0.62
15454000.00,PE,0,IDLE,0.62
15455000.00,PE,0,IDLE,0.62
15456000.00,PE,0,IDLE,0.62
15457000.00,PE,0,IDLE,0.62
15458000.00,PE,0,IDLE,0.62
15459000.00,PE,0,IDLE,0.62
15460000.00,PE,0,IDLE,0.62
15461000.00,PE,0,IDLE,0.62
15462000.00,PE,0,IDLE,0.62
15463000.00,PE,0,IDLE,0.62
15464000.00,PE,0,IDLE,0.62
15465000.00,PE,0,IDLE,0.62
15466000.00,PE,0,IDLE,0.62
15467000.00,PE,0,IDLE,0.62
15468000.00,PE,0,IDLE,0.62
15469000.00,PE,0,IDLE,0.62
15470000.00,PE,0,IDLE,0.62
15471000.00,PE,0,IDLE,0.62
15472000.00,PE,0,IDLE,0.62
15473000.00,PE,0,IDLE,0.62
15474000.00,PE,0,IDLE,0.62
15475000.00,PE,0,IDLE,0.62
15476000.00,PE,0,IDLE,0.62
15477000.00,PE,0,IDLE,0.62
15478000.00,PE,0,IDLE,0.62
15479000.00,PE,0,IDLE,0.62
15480000.00,PE,0,IDLE,0.62
15481000.00,PE,0,IDLE,0.62
15482000.00,PE,0,IDLE,0.62
15483000.00,PE,0,IDLE,0.62
15484000.00,PE,0,IDLE,0.62
15485000.00,PE,0,IDLE,0.62
15486000.00,PE,0,IDLE,0.62
15487000.00,PE,0,IDLE,0.62
15488000.00,PE,0,IDLE,0.62
15489000.00,PE,0,IDLE,0.62
15490000.00,PE,0,IDLE,0.62
15491000.00,PE,0,IDLE,0.62
15492000.00,PE,0,IDLE,0.62
15493000.00,PE,0,IDLE,0.62
15494000.00,PE,0,IDLE,0.62
15495000.00,PE,0,IDLE,0.62
15496000.00,PE,0,IDLE,0.62
15497000.00,PE,0,IDLE,0.62
15498000.00,PE,0,IDLE,0.62
15499000.00,PE,0,IDLE,0.62
15500000.00,PE,0,IDLE,0.62
15501000.00,PE,0,IDLE,0.62
15502000.00,PE,0,IDLE,0.62
15503000.00,PE,0,IDLE,0.62
15504000.00,PE,0,IDLE,0.62
15505000.00,PE,0,IDLE,0.62
15506000.00,PE,0,IDLE,0.62
15507000.00,PE,0,IDLE,0.62
15508000.00,PE,0,IDLE,0.62
15509000.00,PE,0,IDLE,0.62
15510000.00,PE,0,IDLE,0.62
15511000.00,PE,0,IDLE,0.62
15512000.00,PE,0,IDLE,0.62
15513000.00,PE,0,IDLE,0.62
15514000.00,PE,0,IDLE,0.62
15515000.00,PE,0,IDLE,0.62
15516000.00,PE,0,IDLE,0.62
15517000.00,PE,0,IDLE,0.62
15518000.00,PE,0,IDLE,0.62
15519000.00,PE,0,IDLE,0.62
15520000.00,PE,0,IDLE,0.62
15521000.00,PE,0,IDLE,0.62
15522000.00,PE,0,IDLE,0.62
15523000.00,PE,0,IDLE,0.62
15524000.00,PE,0,IDLE,0.62
15525000.00,PE,0,IDLE,0.62
15526000.00,PE,0,IDLE,0.62
15527000.00,PE,0,IDLE,0.62
15528000.00,PE,0,IDLE,0.62
15529000.00,PE,0,IDLE,0.62
15530000.00,PE,0,IDLE,0.62
15531000.00,PE,0,IDLE,0.62
15532000.00,PE,0,IDLE,0.62
15533000.00,PE,0,IDLE,0.62
15534000.00,PE,0,IDLE,0.62
15535000.00,PE,0,IDLE,0.62
15536000.00,PE,0,IDLE,0.62
15537000.00,PE,0,IDLE,0.62
15538000.00,PE,0,IDLE,0.62
15539000.00,PE,0,IDLE,0.62
15540000.00,PE,0,IDLE,0.62
15541000.00,PE,0,IDLE,0.62
15542000.00,PE,0,IDLE,0.62
15543000.00,PE,0,IDLE,0.62
15544000.00,PE,0,IDLE,0.62
15545000.00,PE,0,IDLE,0.62
15546000.00,PE,0,IDLE,0.62
15547000.00,PE,0,IDLE,0.62
15548000.00,PE,0,IDLE,0.62
15549000.00,PE,0,IDLE,0.62
15550000.00,PE,0,IDLE,0.62
15551000.00,PE,0,IDLE,0.62
15552000.00,PE,0,IDLE,0.62
15553000.00,PE,0,IDLE,0.62
15554000.00,PE,0,IDLE,0.62
15555000.00,PE,0,IDLE,0.62
15556000.00,PE,0,IDLE,0.62
15557000.00,PE,0,IDLE,0.62
15558000.00,PE,0,IDLE,0.62
15559000.00,PE,0,IDLE,0.62
15560000.00,PE,0,IDLE,0.62
15561000.00,PE,0,IDLE,0.62
15562000.00,PE,0,IDLE,0.62
15563000.00,PE,0,IDLE,0.62
15564000.00,PE,0,IDLE,0.62
15565000.00,PE,0,IDLE,0.62
15566000.00,PE,0,IDLE,0.62
15567000.00,PE,0,IDLE,0.62
15568000.00,PE,0,IDLE,0.62
15569000.00,PE,0,IDLE,0.62
15570000.00,PE,0,IDLE,0.62
15571000.00,PE,0,IDLE,0.62
15572000.00,PE,0,IDLE,0.62
15573000.00,PE,0,IDLE,0.62
15574000.00,PE,0,IDLE,0.62
15575000.00,PE,0,IDLE,0.62
15576000.00,PE,0,IDLE,0.62
15577000.00,PE,0,IDLE,0.62
15578000.00,PE,0,IDLE,0.62
15579000.00,PE,0,IDLE,0.62
15580000.00,PE,0,IDLE,0.62
15581000.00,PE,0,IDLE,0.62
15582000.00,PE,0,IDLE,0.62
15583000.00,PE,0,IDLE,0.62
15584000.00,PE,0,IDLE,0.62
15585000.00,PE,0,IDLE,0.62
15586000.00,PE,0,IDLE,0.62
15587000.00,PE,0,IDLE,0.62
15588000.00,PE,0,IDLE,0.62
15589000.00,PE,0,IDLE,0.62
15590000.00,PE,0,IDLE,0.62
15591000.00,PE,0,IDLE,0.62
15592000.00,PE,0,IDLE,0.62
15593000.00,PE,0,IDLE,0.62
15594000.00,PE,0,IDLE,0.62
15595000.00,PE,0,IDLE,0.62
15596000.00,PE,0,IDLE,0.62
15597000.00,PE,0,IDLE,0.62
15598000.00,PE,0,IDLE,0.62
15599000.00,PE,0,IDLE,0.62
15600000.00,PE,0,IDLE,0.62
15601000.00,PE,0,IDLE,0.62
15602000.00,PE,0,IDLE,0.62
15603000.00,PE,0,IDLE,0.62
15604000.00,PE,0,IDLE,0.62
15605000.00,PE,0,IDLE,0.62
15606000.00,PE,0,IDLE,0.62
15607000.00,PE,0,IDLE,0.62
15608000.00,PE,0,IDLE,0.62
15609000.00,PE,0,IDLE,0.62
15610000.00,PE,0,IDLE,0.62
15611000.00,PE,0,IDLE,0.62
15612000.00,PE,0,IDLE,0.62
15613000.00,PE,0,IDLE,0.62
15614000.00,PE,0,IDLE,0.62
15615000.00,PE,0,IDLE,0.62
15616000.00,PE,0,IDLE,0.62
15617000.00,PE,0,IDLE,0.62
15618000.00,PE,0,IDLE,0.62
15619000.00,PE,0,IDLE,0.62
15620000.00,PE,0,IDLE,0.62
15621000.00,PE,0,IDLE,0.62
15622000.00,PE,0,IDLE,0.62
15623000.00,PE,0,IDLE,0.62
15624000.00,PE,0,IDLE,0.62
15625000.00,PE,0,IDLE,0.62
15626000.00,PE,0,IDLE,0.62
15627000.00,PE,0,IDLE,0.62
15628000.00,PE,0,IDLE,0.62
15629000.00,PE,0,IDLE,0.62
15630000.00,PE,0,IDLE,0.62
15631000.00,PE,0,IDLE,0.62
15632000.00,PE,0,IDLE,0.62
15633000.00,PE,0,IDLE,0.62
15634000.00,PE,0,IDLE,0.62
15635000.00,PE,0,IDLE,0.62
15636000.00,PE,0,IDLE,0.62
15637000.00,PE,0,IDLE,0.62
15638000.00,PE,0,IDLE,0.62
15639000.00,PE,0,IDLE,0.62
15640000.00,PE,0,IDLE,0.62
15641000.00,PE,0,IDLE,0.62
15642000.00,PE,0,IDLE,0.62
15643000.00,PE,0,IDLE,0.62
15644000.00,PE,0,IDLE,0.62
15645000.00,PE,0,IDLE,0.62
15646000.00,PE,0,IDLE,0.62
15647000.00,PE,0,IDLE,0.62
15648000.00,PE,0,IDLE,0.62
15649000.00,PE,0,IDLE,0.62
15650000.00,PE,0,IDLE,0.62
15651000.00,PE,0,IDLE,0.62
15652000.00,PE,0,IDLE,0.62
15653000.00,PE,0,IDLE,0.62
15654000.00,PE,0,IDLE,0.62
15655000.00,PE,0,IDLE,0.62
15656000.00,PE,0,IDLE,0.62
15657000.00,PE,0,IDLE,0.62
15658000.00,PE,0,IDLE,0.62
15659000.00,PE,0,IDLE,0.62
15660000.00,PE,0,IDLE,0.62
15661000.00,PE,0,IDLE,0.62
15662000.00,PE,0,IDLE,0.62
15663000.00,PE,0,IDLE,0.62
15664000.00,PE,0,IDLE,0.62
15665000.00,PE,0,IDLE,0.62
15666000.00,PE,0,IDLE,0.62
15667000.00,PE,0,IDLE,0.62
15668000.00,PE,0,IDLE,0.62
15669000.00,PE,0,IDLE,0.62
15670000.00,PE,0,IDLE,0.62
15671000.00,PE,0,IDLE,0.62
15672000.00,PE,0,IDLE,0.62
15673000.00,PE,0,IDLE,0.62
15674000.00,PE,0,IDLE,0.62
15675000.00,PE,0,IDLE,0.62
15676000.00,PE,0,IDLE,0.62
15677000.00,PE,0,IDLE,0.62
15678000.00,PE,0,IDLE,0.62
15679000.00,PE,0,IDLE,0.62
15680000.00,PE,0,IDLE,0.62
15681000.00,PE,0,IDLE,0.62
15682000.00,PE,0,IDLE,0.62
15683000.00,PE,0,IDLE,0.62
15684000.00,PE,0,IDLE,0.62
15685000.00,PE,0,IDLE,0.62
15686000.00,PE,0,IDLE,0.62
15687000.00,PE,0,IDLE,0.62
15688000.00,PE,0,IDLE,0.62
15689000.00,PE,0,IDLE,0.62
15690000.00,PE,0,IDLE,0.62
15691000.00,PE,0,IDLE,0.62
15692000.00,PE,0,IDLE,0.62
15693000.00,PE,0,IDLE,0.62
15694000.00,PE,0,IDLE,0.62
15695000.00,PE,0,IDLE,0.62
15696000.00,PE,0,IDLE,0.62
15697000.00,PE,0,IDLE,0.62
15698000.00,PE,0,IDLE,0.62
15699000.00,PE,0,IDLE,0.62
15700000.00,PE,0,IDLE,0.62
15701000.00,PE,0,IDLE,0.62
15702000.00,PE,0,IDLE,0.62
15703000.00,PE,0,IDLE,0.62
15704000.00,PE,0,IDLE,0.62
15705000.00,PE,0,IDLE,0.62
15706000.00,PE,0,IDLE,0.62
15707000.00,PE,0,IDLE,0.62
15708000.00,PE,0,IDLE,0.62
15709000.00,PE,0,IDLE,0.62
15710000.00,PE,0,IDLE,0.62
15711000.00,PE,0,IDLE,0.62
15712000.00,PE,0,IDLE,0.62
15713000.00,PE,0,IDLE,0.62
15714000.00,PE,0,IDLE,0.62
15715000.00,PE,0,IDLE,0.62
15716000.00,PE,0,IDLE,0.62
15717000.00,PE,0,IDLE,0.62
15718000.00,PE,0,IDLE,0.62
15719000.00,PE,0,IDLE,0.62
15720000.00,PE,0,IDLE,0.62
15721000.00,PE,0,IDLE,0.62
15722000.00,PE,0,IDLE,0.62
15723000.00,PE,0,IDLE,0.62
15724000.00,PE,0,IDLE,0.62
15725000.00,PE,0,IDLE,0.62
15726000.00,PE,0,IDLE,0.62
15727000.00,PE,0,IDLE,0.62
15728000.00,PE,0,IDLE,0.62
15729000.00,PE,0,IDLE,0.62
15730000.00,PE,0,IDLE,0.62
15731000.00,PE,0,IDLE,0.62
15732000.00,PE,0,IDLE,0.62
15733000.00,PE,0,IDLE,0.62
15734000.00,PE,0,IDLE,0.62
15735000.00,PE,0,IDLE,0.62
15736000.00,PE,0,IDLE,0.62
15737000.00,PE,0,IDLE,0.62
15738000.00,PE,0,IDLE,0.62
15739000.00,PE,0,IDLE,0.62
15740000.00,PE,0,IDLE,0.62
15741000.00,PE,0,IDLE,0.62
15742000.00,PE,0,IDLE,0.62
15743000.00,PE,0,IDLE,0.62
15744000.00,PE,0,IDLE,0.62
15745000.00,PE,0,IDLE,0.62
15746000.00,PE,0,IDLE,0.62
15747000.00,PE,0,IDLE,0.62
15748000.00,PE,0,IDLE,0.62
15749000.00,PE,0,IDLE,0.62
15750000.00,PE,0,IDLE,0.62
15751000.00,PE,0,IDLE,0.62
15752000.00,PE,0,IDLE,0.62
15753000.00,PE,0,IDLE,0.62
15754000.00,PE,0,IDLE,0.62
15755000.00,PE,0,IDLE,0.62
15756000.00,PE,0,IDLE,0.62
15757000.00,PE,0,IDLE,0.62
15758000.00,PE,0,IDLE,0.62
15759000.00,PE,0,IDLE,0.62
15760000.00,PE,0,IDLE,0.62
15761000.00,PE,0,IDLE,0.62
15762000.00,PE,0,IDLE,0.62
15763000.00,PE,0,IDLE,0.62
15764000.00,PE,0,IDLE,0.62
15765000.00,PE,0,IDLE,0.62
15766000.00,PE,0,IDLE,0.62
15767000.00,PE,0,IDLE,0.62
15768000.00,PE,0,IDLE,0.62
15769000.00,PE,0,IDLE,0.62
15770000.00,PE,0,IDLE,0.62
15771000.00,PE,0,IDLE,0.62
15772000.00,PE,0,IDLE,0.62
15773000.00,PE,0,IDLE,0.62
15774000.00,PE,0,IDLE,0.62
15775000.00,PE,0,IDLE,0.62
15776000.00,PE,0,IDLE,0.62
15777000.00,PE,0,IDLE,0.62
15778000.00,PE,0,IDLE,0.62
15779000.00,PE,0,IDLE,0.62
15780000.00,PE,0,IDLE,0.62
15781000.00,PE,0,IDLE,0.62
15782000.00,PE,0,IDLE,0.62
15783000.00,PE,0,IDLE,0.62
15784000.00,PE,0,IDLE,0.62
15785000.00,PE,0,IDLE,0.62
15786000.00,PE,0,IDLE,0.62
15787000.00,PE,0,IDLE,0.62
15788000.00,PE,0,IDLE,0.62
15789000.00,PE,0,IDLE,0.62
15790000.00,PE,0,IDLE,0.62
15791000.00,PE,0,IDLE,0.62
15792000.00,PE,0,IDLE,0.62
15793000.00,PE,0,IDLE,0.62
15794000.00,PE,0,IDLE,0.62
15795000.00,PE,0,IDLE,0.62
15796000.00,PE,0,IDLE,0.62
15797000.00,PE,0,IDLE,0.62
15798000.00,PE,0,IDLE,0.62
15799000.00,PE,0,IDLE,0.62
15800000.00,PE,0,IDLE,0.62
15801000.00,PE,0,IDLE,0.62
15802000.00,PE,0,IDLE,0.62
15803000.00,PE,0,IDLE,0.62
15804000.00,PE,0,IDLE,0.62
15805000.00,PE,0,IDLE,0.62
15806000.00,PE,0,IDLE,0.62
15807000.00,PE,0,IDLE,0.62
15808000.00,PE,0,IDLE,0.62
15809000.00,PE,0,IDLE,0.62
15810000.00,PE,0,IDLE,0.62
15811000.00,PE,0,IDLE,0.62
15812000.00,PE,0,IDLE,0.62
15813000.00,PE,0,IDLE,0.62
15814000.00,PE,0,IDLE,0.62
15815000.00,PE,0,IDLE,0.62
15816000.00,PE,0,IDLE,0.62
15817000.00,PE,0,IDLE,0.62
15818000.00,PE,0,IDLE,0.62
15819000.00,PE,0,IDLE,0.62
15820000.00,PE,0,IDLE,0.62
15821000.00,PE,0,IDLE,0.62
15822000.00,PE,0,IDLE,0.62
15823000.00,PE,0,IDLE,0.62
15824000.00,PE,0,IDLE,0.62
15825000.00,PE,0,IDLE,0.62
15826000.00,PE,0,IDLE,0.62
15827000.00,PE,0,IDLE,0.62
15828000.00,PE,0,IDLE,0.62
15829000.00,PE,0,IDLE,0.62
15830000.00,PE,0,IDLE,0.62
15831000.00,PE,0,IDLE,0.62
15832000.00,PE,0,IDLE,0.62
15833000.00,PE,0,IDLE,0.62
15834000.00,PE,0,IDLE,0.62
15835000.00,PE,0,IDLE,0.62
15836000.00,PE,0,IDLE,0.62
15837000.00,PE,0,IDLE,0.62
15838000.00,PE,0,IDLE,0.62
15839000.00,PE,0,IDLE,0.62
15840000.00,PE,0,IDLE,0.62
15841000.00,PE,0,IDLE,0.62
15842000.00,PE,0,IDLE,0.62
15843000.00,PE,0,IDLE,0.62
15844000.00,PE,0,IDLE,0.62
15845000.00,PE,0,IDLE,0.62
15846000.00,PE,0,IDLE,0.62
15847000.00,PE,0,IDLE,0.62
15848000.00,PE,0,IDLE,0.62
15849000.00,PE,0,IDLE,0.62
15850000.00,PE,0,IDLE,0.62
15851000.00,PE,0,IDLE,0.62
15852000.00,PE,0,IDLE,0.62
15853000.00,PE,0,IDLE,0.62
15854000.00,PE,0,IDLE,0.62
15855000.00,PE,0,IDLE,0.62
15856000.00,PE,0,IDLE,0.62
15857000.00,PE,0,IDLE,0.62
15858000.00,PE,0,IDLE,0.62
15859000.00,PE,0,IDLE,0.62
15860000.00,PE,0,IDLE,0.62
15861000.00,PE,0,IDLE,0.62
15862000.00,PE,0,IDLE,0.62
15863000.00,PE,0,IDLE,0.62
15864000.00,PE,0,IDLE,0.62
15865000.00,PE,0,IDLE,0.62
15866000.00,PE,0,IDLE,0.62
15867000.00,PE,0,IDLE,0.62
15868000.00,PE,0,IDLE,0.62
15869000.00,PE,0,IDLE,0.62
15870000.00,PE,0,IDLE,0.62
15871000.00,PE,0,IDLE,0.62
15872000.00,PE,0,IDLE,0.62
15873000.00,PE,0,IDLE,0.62
15874000.00,PE,0,IDLE,0.62
15875000.00,PE,0,IDLE,0.62
15876000.00,PE,0,IDLE,0.62
15877000.00,PE,0,IDLE,0.62
15878000.00,PE,0,IDLE,0.62
15879000.00,PE,0,IDLE,0.62
15880000.00,PE,0,IDLE,0.62
15881000.00,PE,0,IDLE,0.62
15882000.00,PE,0,IDLE,0.62
15883000.00,PE,0,IDLE,0.62
15884000.00,PE,0,IDLE,0.62
15885000.00,PE,0,IDLE,0.62
15886000.00,PE,0,IDLE,0.62
15887000.00,PE,0,IDLE,0.62
15888000.00,PE,0,IDLE,0.62
15889000.00,PE,0,IDLE,0.62
15890000.00,PE,0,IDLE,0.62
15891000.00,PE,0,IDLE,0.62
15892000.00,PE,0,IDLE,0.62
15893000.00,PE,0,IDLE,0.62
15894000.00,PE,0,IDLE,0.62
15895000.00,PE,0,IDLE,0.62
15896000.00,PE,0,IDLE,0.62
15897000.00,PE,0,IDLE,0.62
15898000.00,PE,0,IDLE,0.62
15899000.00,PE,0,IDLE,0.62
15900000.00,PE,0,IDLE,0.62
15901000.00,PE,0,IDLE,0.62
15902000.00,PE,0,IDLE,0.62
15903000.00,PE,0,IDLE,0.62
15904000.00,PE,0,IDLE,0.62
15905000.00,PE,0,IDLE,0.62
15906000.00,PE,0,IDLE,0.62
15907000.00,PE,0,IDLE,0.62
15908000.00,PE,0,IDLE,0.62
15909000.00,PE,0,IDLE,0.62
15910000.00,PE,0,IDLE,0.62
15911000.00,PE,0,IDLE,0.62
15912000.00,PE,0,IDLE,0.62
15913000.00,PE,0,IDLE,0.62
15914000.00,PE,0,IDLE,0.62
15915000.00,PE,0,IDLE,0.62
15916000.00,PE,0,IDLE,0.62
15917000.00,PE,0,IDLE,0.62
15918000.00,PE,0,IDLE,0.62
15919000.00,PE,0,IDLE,0.62
15920000.00,PE,0,IDLE,0.62
15921000.00,PE,0,IDLE,0.62
15922000.00,PE,0,IDLE,0.62
15923000.00,PE,0,IDLE,0.62
15924000.00,PE,0,IDLE,0.62
15925000.00,PE,0,IDLE,0.62
15926000.00,PE,0,IDLE,0.62
15927000.00,PE,0,IDLE,0.62
15928000.00,PE,0,IDLE,0.62
15929000.00,PE,0,IDLE,0.62
15930000.00,PE,0,IDLE,0.62
15931000.00,PE,0,IDLE,0.62
15932000.00,PE,0,IDLE,0.62
15933000.00,PE,0,IDLE,0.62
15934000.00,PE,0,IDLE,0.62
15935000.00,PE,0,IDLE,0.62
15936000.00,PE,0,IDLE,0.62
15937000.00,PE,0,IDLE,0.62
15938000.00,PE,0,IDLE,0.62
15939000.00,PE,0,IDLE,0.62
15940000.00,PE,0,IDLE,0.62
15941000.00,PE,0,IDLE,0.62
15942000.00,PE,0,IDLE,0.62
15943000.00,PE,0,IDLE,0.62
15944000.00,PE,0,IDLE,0.62
15945000.00,PE,0,IDLE,0.62
15946000.00,PE,0,IDLE,0.62
15947000.00,PE,0,IDLE,0.62
15948000.00,PE,0,IDLE,0.62
15949000.00,PE,0,IDLE,0.62
15950000.00,PE,0,IDLE,0.62
15951000.00,PE,0,IDLE,0.62
15952000.00,PE,0,IDLE,0.62
15953000.00,PE,0,IDLE,0.62
15954000.00,PE,0,IDLE,0.62
15955000.00,PE,0,IDLE,0.62
15956000.00,PE,0,IDLE,0.62
15957000.00,PE,0,IDLE,0.62
15958000.00,PE,0,IDLE,0.62
15959000.00,PE,0,IDLE,0.62
15960000.00,PE,0,IDLE,0.62
15961000.00,PE,0,IDLE,0.62
15962000.00,PE,0,IDLE,0.62
15963000.00,PE,0,IDLE,0.62
15964000.00,PE,0,IDLE,0.62
15965000.00,PE,0,IDLE,0.62
15966000.00,PE,0,IDLE,0.62
15967000.00,PE,0,IDLE,0.62
15968000.00,PE,0,IDLE,0.62
15969000.00,PE,0,IDLE,0.62
15970000.00,PE,0,IDLE,0.62
15971000.00,PE,0,IDLE,0.62
15972000.00,PE,0,IDLE,0.62
15973000.00,PE,0,IDLE,0.62
15974000.00,PE,0,IDLE,0.62
15975000.00,PE,0,IDLE,0.62
15976000.00,PE,0,IDLE,0.62
15977000.00,PE,0,IDLE,0.62
15978000.00,PE,0,IDLE,0.62
15979000.00,PE,0,IDLE,0.62
15980000.00,PE,0,IDLE,0.62
15981000.00,PE,0,IDLE,0.62
15982000.00,PE,0,IDLE,0.62
15983000.00,PE,0,IDLE,0.62
15984000.00,PE,0,IDLE,0.62
15985000.00,PE,0,IDLE,0.62
15986000.00,PE,0,IDLE,0.62
15987000.00,PE,0,IDLE,0.62
15988000.00,PE,0,IDLE,0.62
15989000.00,PE,0,IDLE,0.62
15990000.00,PE,0,IDLE,0.62
15991000.00,PE,0,IDLE,0.62
15992000.00,PE,0,IDLE,0.62
15993000.00,PE,0,IDLE,0.62
15994000.00,PE,0,IDLE,0.62
15995000.00,PE,0,IDLE,0.62
15996000.00,PE,0,IDLE,0.62
15997000.00,PE,0,IDLE,0.62
15998000.00,PE,0,IDLE,0.62
15999000.00,PE,0,IDLE,0.62
16000000.00,PE,0,IDLE,0.62
16001000.00,PE,0,IDLE,0.62
16002000.00,PE,0,IDLE,0.62
16003000.00,PE,0,IDLE,0.62
16004000.00,PE,0,IDLE,0.62
16005000.00,PE,0,IDLE,0.62
16006000.00,PE,0,IDLE,0.62
16007000.00,PE,0,IDLE,0.62
16008000.00,PE,0,IDLE,0.62
16009000.00,PE,0,IDLE,0.62
16010000.00,PE,0,IDLE,0.62
16011000.00,PE,0,IDLE,0.62
16012000.00,PE,0,IDLE,0.62
16013000.00,PE,0,IDLE,0.62
16014000.00,PE,0,IDLE,0.62
16015000.00,PE,0,IDLE,0.62
16016000.00,PE,0,IDLE,0.62
16017000.00,PE,0,IDLE,0.62
16018000.00,PE,0,IDLE,0.62
16019000.00,PE,0,IDLE,0.62
16020000.00,PE,0,IDLE,0.62
16021000.00,PE,0,IDLE,0.62
16022000.00,PE,0,IDLE,0.62
16023000.00,PE,0,IDLE,0.62
16024000.00,PE,0,IDLE,0.62
16025000.00,PE,0,IDLE,0.62
16026000.00,PE,0,IDLE,0.62
16027000.00,PE,0,IDLE,0.62
16028000.00,PE,0,IDLE,0.62
16029000.00,PE,0,IDLE,0.62
16030000.00,PE,0,IDLE,0.62
16031000.00,PE,0,IDLE,0.62
16032000.00,PE,0,IDLE,0.62
16033000.00,PE,0,IDLE,0.62
16034000.00,PE,0,IDLE,0.62
16035000.00,PE,0,IDLE,0.62
16036000.00,PE,0,IDLE,0.62
16037000.00,PE,0,IDLE,0.62
16038000.00,PE,0,IDLE,0.62
16039000.00,PE,0,IDLE,0.62
16040000.00,PE,0,IDLE,0.62
16041000.00,PE,0,IDLE,0.62
16042000.00,PE,0,IDLE,0.62
16043000.00,PE,0,IDLE,0.62
16044000.00,PE,0,IDLE,0.62
16045000.00,PE,0,IDLE,0.62
16046000.00,PE,0,IDLE,0.62
16047000.00,PE,0,IDLE,0.62
16048000.00,PE,0,IDLE,0.62
16049000.00,PE,0,IDLE,0.62
16050000.00,PE,0,IDLE,0.62
16051000.00,PE,0,IDLE,0.62
16052000.00,PE,0,IDLE,0.62
16053000.00,PE,0,IDLE,0.62
16054000.00,PE,0,IDLE,0.62
16055000.00,PE,0,IDLE,0.62
16056000.00,PE,0,IDLE,0.62
16057000.00,PE,0,IDLE,0.62
16058000.00,PE,0,IDLE,0.62
16059000.00,PE,0,IDLE,0.62
16060000.00,PE,0,IDLE,0.62
16061000.00,PE,0,IDLE,0.62
16062000.00,PE,0,IDLE,0.62
16063000.00,PE,0,IDLE,0.62
16064000.00,PE,0,IDLE,0.62
16065000.00,PE,0,IDLE,0.62
16066000.00,PE,0,IDLE,0.62
16067000.00,PE,0,IDLE,0.62
16068000.00,PE,0,IDLE,0.62
16069000.00,PE,0,IDLE,0.62
16070000.00,PE,0,IDLE,0.62
16071000.00,PE,0,IDLE,0.62
16072000.00,PE,0,IDLE,0.62
16073000.00,PE,0,IDLE,0.62
16074000.00,PE,0,IDLE,0.62
16075000.00,PE,0,IDLE,0.62
16076000.00,PE,0,IDLE,0.62
16077000.00,PE,0,IDLE,0.62
16078000.00,PE,0,IDLE,0.62
16079000.00,PE,0,IDLE,0.62
16080000.00,PE,0,IDLE,0.62
16081000.00,PE,0,IDLE,0.62
16082000.00,PE,0,IDLE,0.62
16083000.00,PE,0,IDLE,0.62
16084000.00,PE,0,IDLE,0.62
16085000.00,PE,0,IDLE,0.62
16086000.00,PE,0,IDLE,0.62
16087000.00,PE,0,IDLE,0.62
16088000.00,PE,0,IDLE,0.62
16089000.00,PE,0,IDLE,0.62
16090000.00,PE,0,IDLE,0.62
16091000.00,PE,0,IDLE,0.62
16092000.00,PE,0,IDLE,0.62
16093000.00,PE,0,IDLE,0.62
16094000.00,PE,0,IDLE,0.62
16095000.00,PE,0,IDLE,0.62
16096000.00,PE,0,IDLE,0.62
16097000.00,PE,0,IDLE,0.62
16098000.00,PE,0,IDLE,0.62
16099000.00,PE,0,IDLE,0.62
16100000.00,PE,0,IDLE,0.62
16101000.00,PE,0,IDLE,0.62
16102000.00,PE,0,IDLE,0.62
16103000.00,PE,0,IDLE,0.62
16104000.00,PE,0,IDLE,0.62
16105000.00,PE,0,IDLE,0.62
16106000.00,PE,0,IDLE,0.62
16107000.00,PE,0,IDLE,0.62
16108000.00,PE,0,IDLE,0.62
16109000.00,PE,0,IDLE,0.62
16110000.00,PE,0,IDLE,0.62
16111000.00,PE,0,IDLE,0.62
16112000.00,PE,0,IDLE,0.62
16113000.00,PE,0,IDLE,0.62
16114000.00,PE,0,IDLE,0.62
16115000.00,PE,0,IDLE,0.62
16116000.00,PE,0,IDLE,0.62
16117000.00,PE,0,IDLE,0.62
16118000.00,PE,0,IDLE,0.62
16119000.00,PE,0,IDLE,0.62
16120000.00,PE,0,IDLE,0.62
16121000.00,PE,0,IDLE,0.62
16122000.00,PE,0,IDLE,0.62
16123000.00,PE,0,IDLE,0.62
16124000.00,PE,0,IDLE,0.62
16125000.00,PE,0,IDLE,0.62
16126000.00,PE,0,IDLE,0.62
16127000.00,PE,0,IDLE,0.62
16128000.00,PE,0,IDLE,0.62
16129000.00,PE,0,IDLE,0.62
16130000.00,PE,0,IDLE,0.62
16131000.00,PE,0,IDLE,0.62
16132000.00,PE,0,IDLE,0.62
16133000.00,PE,0,IDLE,0.62
16134000.00,PE,0,IDLE,0.62
16135000.00,PE,0,IDLE,0.62
16136000.00,PE,0,IDLE,0.62
16137000.00,PE,0,IDLE,0.62
16138000.00,PE,0,IDLE,0.62
16139000.00,PE,0,IDLE,0.62
16140000.00,PE,0,IDLE,0.62
16141000.00,PE,0,IDLE,0.62
16142000.00,PE,0,IDLE,0.62
16143000.00,PE,0,IDLE,0.62
16144000.00,PE,0,IDLE,0.62
16145000.00,PE,0,IDLE,0.62
16146000.00,PE,0,IDLE,0.62
16147000.00,PE,0,IDLE,0.62
16148000.00,PE,0,IDLE,0.62
16149000.00,PE,0,IDLE,0.62
16150000.00,PE,0,IDLE,0.62
16151000.00,PE,0,IDLE,0.62
16152000.00,PE,0,IDLE,0.62
16153000.00,PE,0,IDLE,0.62
16154000.00,PE,0,IDLE,0.62
16155000.00,PE,0,IDLE,0.62
16156000.00,PE,0,IDLE,0.62
16157000.00,PE,0,IDLE,0.62
16158000.00,PE,0,IDLE,0.62
16159000.00,PE,0,IDLE,0.62
16160000.00,PE,0,IDLE,0.62
16161000.00,PE,0,IDLE,0.62
16162000.00,PE,0,IDLE,0.62
16163000.00,PE,0,IDLE,0.62
16164000.00,PE,0,IDLE,0.62
16165000.00,PE,0,IDLE,0.62
16166000.00,PE,0,IDLE,0.62
16167000.00,PE,0,IDLE,0.62
16168000.00,PE,0,IDLE,0.62
16169000.00,PE,0,IDLE,0.62
16170000.00,PE,0,IDLE,0.62
16171000.00,PE,0,IDLE,0.62
16172000.00,PE,0,IDLE,0.62
16173000.00,PE,0,IDLE,0.62
16174000.00,PE,0,IDLE,0.62
16175000.00,PE,0,IDLE,0.62
16176000.00,PE,0,IDLE,0.62
16177000.00,PE,0,IDLE,0.62
16178000.00,PE,0,IDLE,0.62
16179000.00,PE,0,IDLE,0.62
16180000.00,PE,0,IDLE,0.62
16181000.00,PE,0,IDLE,0.62
16182000.00,PE,0,IDLE,0.62
16183000.00,PE,0,IDLE,0.62
16184000.00,PE,0,IDLE,0.62
16185000.00,PE,0,IDLE,0.62
16186000.00,PE,0,IDLE,0.62
16187000.00,PE,0,IDLE,0.62
16188000.00,PE,0,IDLE,0.62
16189000.00,PE,0,IDLE,0.62
16190000.00,PE,0,IDLE,0.62
16191000.00,PE,0,IDLE,0.62
16192000.00,PE,0,IDLE,0.62
16193000.00,PE,0,IDLE,0.62
16194000.00,PE,0,IDLE,0.62
16195000.00,PE,0,IDLE,0.62
16196000.00,PE,0,IDLE,0.62
16197000.00,PE,0,IDLE,0.62
16198000.00,PE,0,IDLE,0.62
16199000.00,PE,0,IDLE,0.62
16200000.00,PE,0,IDLE,0.62
16201000.00,PE,0,IDLE,0.62
16202000.00,PE,0,IDLE,0.62
16203000.00,PE,0,IDLE,0.62
16204000.00,PE,0,IDLE,0.62
16205000.00,PE,0,IDLE,0.62
16206000.00,PE,0,IDLE,0.62
16207000.00,PE,0,IDLE,0.62
16208000.00,PE,0,IDLE,0.62
16209000.00,PE,0,IDLE,0.62
16210000.00,PE,0,IDLE,0.62
16211000.00,PE,0,IDLE,0.62
16212000.00,PE,0,IDLE,0.62
16213000.00,PE,0,IDLE,0.62
16214000.00,PE,0,IDLE,0.62
16215000.00,PE,0,IDLE,0.62
16216000.00,PE,0,IDLE,0.62
16217000.00,PE,0,IDLE,0.62
16218000.00,PE,0,IDLE,0.62
16219000.00,PE,0,IDLE,0.62
16220000.00,PE,0,IDLE,0.62
16221000.00,PE,0,IDLE,0.62
16222000.00,PE,0,IDLE,0.62
16223000.00,PE,0,IDLE,0.62
16224000.00,PE,0,IDLE,0.62
16225000.00,PE,0,IDLE,0.62
16226000.00,PE,0,IDLE,0.62
16227000.00,PE,0,IDLE,0.62
16228000.00,PE,0,IDLE,0.62
16229000.00,PE,0,IDLE,0.62
16230000.00,PE,0,IDLE,0.62
16231000.00,PE,0,IDLE,0.62
16232000.00,PE,0,IDLE,0.62
16233000.00,PE,0,IDLE,0.62
16234000.00,PE,0,IDLE,0.62
16235000.00,PE,0,IDLE,0.62
16236000.00,PE,0,IDLE,0.62
16237000.00,PE,0,IDLE,0.62
16238000.00,PE,0,IDLE,0.62
16239000.00,PE,0,IDLE,0.62
16240000.00,PE,0,IDLE,0.62
16241000.00,PE,0,IDLE,0.62
16242000.00,PE,0,IDLE,0.62
16243000.00,PE,0,IDLE,0.62
16244000.00,PE,0,IDLE,0.62
16245000.00,PE,0,IDLE,0.62
16246000.00,PE,0,IDLE,0.62
16247000.00,PE,0,IDLE,0.62
16248000.00,PE,0,IDLE,0.62
16249000.00,PE,0,IDLE,0.62
16250000.00,PE,0,IDLE,0.62
16251000.00,PE,0,IDLE,0.62
16252000.00,PE,0,IDLE,0.62
16253000.00,PE,0,IDLE,0.62
16254000.00,PE,0,IDLE,0.62
16255000.00,PE,0,IDLE,0.62
16256000.00,PE,0,IDLE,0.62
16257000.00,PE,0,IDLE,0.62
16258000.00,PE,0,IDLE,0.62
16259000.00,PE,0,IDLE,0.62
16260000.00,PE,0,IDLE,0.62
16261000.00,PE,0,IDLE,0.62
16262000.00,PE,0,IDLE,0.62
16263000.00,PE,0,IDLE,0.62
16264000.00,PE,0,IDLE,0.62
16265000.00,PE,0,IDLE,0.62
16266000.00,PE,0,IDLE,0.62
16267000.00,PE,0,IDLE,0.62
16268000.00,PE,0,IDLE,0.62
16269000.00,PE,0,IDLE,0.62
16270000.00,PE,0,IDLE,0.62
16271000.00,PE,0,IDLE,0.62
16272000.00,PE,0,IDLE,0.62
16273000.00,PE,0,IDLE,0.62
16274000.00,PE,0,IDLE,0.62
16275000.00,PE,0,IDLE,0.62
16276000.00,PE,0,IDLE,0.62
16277000.00,PE,0,IDLE,0.62
16278000.00,PE,0,IDLE,0.62
16279000.00,PE,0,IDLE,0.62
16280000.00,PE,0,IDLE,0.62
16281000.00,PE,0,IDLE,0.62
16282000.00,PE,0,IDLE,0.62
16283000.00,PE,0,IDLE,0.62
16284000.00,PE,0,IDLE,0.62
16285000.00,PE,0,IDLE,0.62
16286000.00,PE,0,IDLE,0.62
16287000.00,PE,0,IDLE,0.62
16288000.00,PE,0,IDLE,0.62
16289000.00,PE,0,IDLE,0.62
16290000.00,PE,0,IDLE,0.62
16291000.00,PE,0,IDLE,0.62
16292000.00,PE,0,IDLE,0.62
16293000.00,PE,0,IDLE,0.62
16294000.00,PE,0,IDLE,0.62
16295000.00,PE,0,IDLE,0.62
16296000.00,PE,0,IDLE,0.62
16297000.00,PE,0,IDLE,0.62
16298000.00,PE,0,IDLE,0.62
16299000.00,PE,0,IDLE,0.62
16300000.00,PE,0,IDLE,0.62
16301000.00,PE,0,IDLE,0.62
16302000.00,PE,0,IDLE,0.62
16303000.00,PE,0,IDLE,0.62
16304000.00,PE,0,IDLE,0.62
16305000.00,PE,0,IDLE,0.62
16306000.00,PE,0,IDLE,0.62
16307000.00,PE,0,IDLE,0.62
16308000.00,PE,0,IDLE,0.62
16309000.00,PE,0,IDLE,0.62
16310000.00,PE,0,IDLE,0.62
16311000.00,PE,0,IDLE,0.62
16312000.00,PE,0,IDLE,0.62
16313000.00,PE,0,IDLE,0.62
16314000.00,PE,0,IDLE,0.62
16315000.00,PE,0,IDLE,0.62
16316000.00,PE,0,IDLE,0.62
16317000.00,PE,0,IDLE,0.62
16318000.00,PE,0,IDLE,0.62
16319000.00,PE,0,IDLE,0.62
16320000.00,PE,0,IDLE,0.62
16321000.00,PE,0,IDLE,0.62
16322000.00,PE,0,IDLE,0.62
16323000.00,PE,0,IDLE,0.62
16324000.00,PE,0,IDLE,0.62
16325000.00,PE,0,IDLE,0.62
16326000.00,PE,0,IDLE,0.62
16327000.00,PE,0,IDLE,0.62
16328000.00,PE,0,IDLE,0.62
16329000.00,PE,0,IDLE,0.62
16330000.00,PE,0,IDLE,0.62
16331000.00,PE,0,IDLE,0.62
16332000.00,PE,0,IDLE,0.62
16333000.00,PE,0,IDLE,0.62
16334000.00,PE,0,IDLE,0.62
16335000.00,PE,0,IDLE,0.62
16336000.00,PE,0,IDLE,0.62
16337000.00,PE,0,IDLE,0.62
16338000.00,PE,0,IDLE,0.62
16339000.00,PE,0,IDLE,0.62
16340000.00,PE,0,IDLE,0.62
16341000.00,PE,0,IDLE,0.62
16342000.00,PE,0,IDLE,0.62
16343000.00,PE,0,IDLE,0.62
16344000.00,PE,0,IDLE,0.62
16345000.00,PE,0,IDLE,0.62
16346000.00,PE,0,IDLE,0.62
16347000.00,PE,0,IDLE,0.62
16348000.00,PE,0,IDLE,0.62
16349000.00,PE,0,IDLE,0.62
16350000.00,PE,0,IDLE,0.62
16351000.00,PE,0,IDLE,0.62
16352000.00,PE,0,IDLE,0.62
16353000.00,PE,0,IDLE,0.62
16354000.00,PE,0,IDLE,0.62
16355000.00,PE,0,IDLE,0.62
16356000.00,PE,0,IDLE,0.62
16357000.00,PE,0,IDLE,0.62
16358000.00,PE,0,IDLE,0.62
16359000.00,PE,0,IDLE,0.62
16360000.00,PE,0,IDLE,0.62
16361000.00,PE,0,IDLE,0.62
16362000.00,PE,0,IDLE,0.62
16363000.00,PE,0,IDLE,0.62
16364000.00,PE,0,IDLE,0.62
16365000.00,PE,0,IDLE,0.62
16366000.00,PE,0,IDLE,0.62
16367000.00,PE,0,IDLE,0.62
16368000.00,PE,0,IDLE,0.62
16369000.00,PE,0,IDLE,0.62
16370000.00,PE,0,IDLE,0.62
16371000.00,PE,0,IDLE,0.62
16372000.00,PE,0,IDLE,0.62
16373000.00,PE,0,IDLE,0.62
16374000.00,PE,0,IDLE,0.62
16375000.00,PE,0,IDLE,0.62
16376000.00,PE,0,IDLE,0.62
16377000.00,PE,0,IDLE,0.62
16378000.00,PE,0,IDLE,0.62
16379000.00,PE,0,IDLE,0.62
16380000.00,PE,0,IDLE,0.62
16381000.00,PE,0,IDLE,0.62
16382000.00,PE,0,IDLE,0.62
16383000.00,PE,0,IDLE,0.62
16384000.00,PE,0,IDLE,0.62
16385000.00,PE,0,IDLE,0.62
16386000.00,PE,0,IDLE,0.62
16387000.00,PE,0,IDLE,0.62
16388000.00,PE,0,IDLE,0.62
16389000.00,PE,0,IDLE,0.62
16390000.00,PE,0,IDLE,0.62
16391000.00,PE,0,IDLE,0.62
16392000.00,PE,0,IDLE,0.62
16393000.00,PE,0,IDLE,0.62
16394000.00,PE,0,IDLE,0.62
16395000.00,PE,0,IDLE,0.62
16396000.00,PE,0,IDLE,0.62
16397000.00,PE,0,IDLE,0.62
16398000.00,PE,0,IDLE,0.62
16399000.00,PE,0,IDLE,0.62
16400000.00,PE,0,IDLE,0.62
16401000.00,PE,0,IDLE,0.62
16402000.00,PE,0,IDLE,0.62
16403000.00,PE,0,IDLE,0.62
16404000.00,PE,0,IDLE,0.62
16405000.00,PE,0,IDLE,0.62
16406000.00,PE,0,IDLE,0.62
16407000.00,PE,0,IDLE,0.62
16408000.00,PE,0,IDLE,0.62
16409000.00,PE,0,IDLE,0.62
16410000.00,PE,0,IDLE,0.62
16411000.00,PE,0,IDLE,0.62
16412000.00,PE,0,IDLE,0.62
16413000.00,PE,0,IDLE,0.62
16414000.00,PE,0,IDLE,0.62
16415000.00,PE,0,IDLE,0.62
16416000.00,PE,0,IDLE,0.62
16417000.00,PE,0,IDLE,0.62
16418000.00,PE,0,IDLE,0.62
16419000.00,PE,0,IDLE,0.62
16420000.00,PE,0,IDLE,0.62
16421000.00,PE,0,IDLE,0.62
16422000.00,PE,0,IDLE,0.62
16423000.00,PE,0,IDLE,0.62
16424000.00,PE,0,IDLE,0.62
16425000.00,PE,0,IDLE,0.62
16426000.00,PE,0,IDLE,0.62
16427000.00,PE,0,IDLE,0.62
16428000.00,PE,0,IDLE,0.62
16429000.00,PE,0,IDLE,0.62
16430000.00,PE,0,IDLE,0.62
16431000.00,PE,0,IDLE,0.62
16432000.00,PE,0,IDLE,0.62
16433000.00,PE,0,IDLE,0.62
16434000.00,PE,0,IDLE,0.62
16435000.00,PE,0,IDLE,0.62
16436000.00,PE,0,IDLE,0.62
16437000.00,PE,0,IDLE,0.62
16438000.00,PE,0,IDLE,0.62
16439000.00,PE,0,IDLE,0.62
16440000.00,PE,0,IDLE,0.62
16441000.00,PE,0,IDLE,0.62
16442000.00,PE,0,IDLE,0.62
16443000.00,PE,0,IDLE,0.62
16444000.00,PE,0,IDLE,0.62
16445000.00,PE,0,IDLE,0.62
16446000.00,PE,0,IDLE,0.62
16447000.00,PE,0,IDLE,0.62
16448000.00,PE,0,IDLE,0.62
16449000.00,PE,0,IDLE,0.62
16450000.00,PE,0,IDLE,0.62
16451000.00,PE,0,IDLE,0.62
16452000.00,PE,0,IDLE,0.62
16453000.00,PE,0,IDLE,0.62
16454000.00,PE,0,IDLE,0.62
16455000.00,PE,0,IDLE,0.62
16456000.00,PE,0,IDLE,0.62
16457000.00,PE,0,IDLE,0.62
16458000.00,PE,0,IDLE,0.62
16459000.00,PE,0,IDLE,0.62
16460000.00,PE,0,IDLE,0.62
16461000.00,PE,0,IDLE,0.62
16462000.00,PE,0,IDLE,0.62
16463000.00,PE,0,IDLE,0.62
16464000.00,PE,0,IDLE,0.62
16465000.00,PE,0,IDLE,0.62
16466000.00,PE,0,IDLE,0.62
16467000.00,PE,0,IDLE,0.62
16468000.00,PE,0,IDLE,0.62
16469000.00,PE,0,IDLE,0.62
16470000.00,PE,0,IDLE,0.62
16471000.00,PE,0,IDLE,0.62
16472000.00,PE,0,IDLE,0.62
16473000.00,PE,0,IDLE,0.62
16474000.00,PE,0,IDLE,0.62
16475000.00,PE,0,IDLE,0.62
16476000.00,PE,0,IDLE,0.62
16477000.00,PE,0,IDLE,0.62
16478000.00,PE,0,IDLE,0.62
16479000.00,PE,0,IDLE,0.62
16480000.00,PE,0,IDLE,0.62
16481000.00,PE,0,IDLE,0.62
16482000.00,PE,0,IDLE,0.62
16483000.00,PE,0,IDLE,0.62
16484000.00,PE,0,IDLE,0.62
16485000.00,PE,0,IDLE,0.62
16486000.00,PE,0,IDLE,0.62
16487000.00,PE,0,IDLE,0.62
16488000.00,PE,0,IDLE,0.62
16489000.00,PE,0,IDLE,0.62
16490000.00,PE,0,IDLE,0.62
16491000.00,PE,0,IDLE,0.62
16492000.00,PE,0,IDLE,0.62
16493000.00,PE,0,IDLE,0.62
16494000.00,PE,0,IDLE,0.62
16495000.00,PE,0,IDLE,0.62
16496000.00,PE,0,IDLE,0.62
16497000.00,PE,0,IDLE,0.62
16498000.00,PE,0,IDLE,0.62
16499000.00,PE,0,IDLE,0.62
16500000.00,PE,0,IDLE,0.62
16501000.00,PE,0,IDLE,0.62
16502000.00,PE,0,IDLE,0.62
16503000.00,PE,0,IDLE,0.62
16504000.00,PE,0,IDLE,0.62
16505000.00,PE,0,IDLE,0.62
16506000.00,PE,0,IDLE,0.62
16507000.00,PE,0,IDLE,0.62
16508000.00,PE,0,IDLE,0.62
16509000.00,PE,0,IDLE,0.62
16510000.00,PE,0,IDLE,0.62
16511000.00,PE,0,IDLE,0.62
16512000.00,PE,0,IDLE,0.62
16513000.00,PE,0,IDLE,0.62
16514000.00,PE,0,IDLE,0.62
16515000.00,PE,0,IDLE,0.62
16516000.00,PE,0,IDLE,0.62
16517000.00,PE,0,IDLE,0.62
16518000.00,PE,0,IDLE,0.62
16519000.00,PE,0,IDLE,0.62
16520000.00,PE,0,IDLE,0.62
16521000.00,PE,0,IDLE,0.62
16522000.00,PE,0,IDLE,0.62
16523000.00,PE,0,IDLE,0.62
16524000.00,PE,0,IDLE,0.62
16525000.00,PE,0,IDLE,0.62
16526000.00,PE,0,IDLE,0.62
16527000.00,PE,0,IDLE,0.62
16528000.00,PE,0,IDLE,0.62
16529000.00,PE,0,IDLE,0.62
16530000.00,PE,0,IDLE,0.62
16531000.00,PE,0,IDLE,0.62
16532000.00,PE,0,IDLE,0.62
16533000.00,PE,0,IDLE,0.62
16534000.00,PE,0,IDLE,0.62
16535000.00,PE,0,IDLE,0.62
16536000.00,PE,0,IDLE,0.62
16537000.00,PE,0,IDLE,0.62
16538000.00,PE,0,IDLE,0.62
16539000.00,PE,0,IDLE,0.62
16540000.00,PE,0,IDLE,0.62
16541000.00,PE,0,IDLE,0.62
16542000.00,PE,0,IDLE,0.62
16543000.00,PE,0,IDLE,0.62
16544000.00,PE,0,IDLE,0.62
16545000.00,PE,0,IDLE,0.62
16546000.00,PE,0,IDLE,0.62
16547000.00,PE,0,IDLE,0.62
16548000.00,PE,0,IDLE,0.62
16549000.00,PE,0,IDLE,0.62
16550000.00,PE,0,IDLE,0.62
16551000.00,PE,0,IDLE,0.62
16552000.00,PE,0,IDLE,0.62
16553000.00,PE,0,IDLE,0.62
16554000.00,PE,0,IDLE,0.62
16555000.00,PE,0,IDLE,0.62
16556000.00,PE,0,IDLE,0.62
16557000.00,PE,0,IDLE,0.62
16558000.00,PE,0,IDLE,0.62
16559000.00,PE,0,IDLE,0.62
16560000.00,PE,0,IDLE,0.62
16561000.00,PE,0,IDLE,0.62
16562000.00,PE,0,IDLE,0.62
16563000.00,PE,0,IDLE,0.62
16564000.00,PE,0,IDLE,0.62
16565000.00,PE,0,IDLE,0.62
16566000.00,PE,0,IDLE,0.62
16567000.00,PE,0,IDLE,0.62
16568000.00,PE,0,IDLE,0.62
16569000.00,PE,0,IDLE,0.62
16570000.00,PE,0,IDLE,0.62
16571000.00,PE,0,IDLE,0.62
16572000.00,PE,0,IDLE,0.62
16573000.00,PE,0,IDLE,0.62
16574000.00,PE,0,IDLE,0.62
16575000.00,PE,0,IDLE,0.62
16576000.00,PE,0,IDLE,0.62
16577000.00,PE,0,IDLE,0.62
16578000.00,PE,0,IDLE,0.62
16579000.00,PE,0,IDLE,0.62
16580000.00,PE,0,IDLE,0.62
16581000.00,PE,0,IDLE,0.62
16582000.00,PE,0,IDLE,0.62
16583000.00,PE,0,IDLE,0.62
16584000.00,PE,0,IDLE,0.62
16585000.00,PE,0,IDLE,0.62
16586000.00,PE,0,IDLE,0.62
16587000.00,PE,0,IDLE,0.62
16588000.00,PE,0,IDLE,0.62
16589000.00,PE,0,IDLE,0.62
16590000.00,PE,0,IDLE,0.62
16591000.00,PE,0,IDLE,0.62
16592000.00,PE,0,IDLE,0.62
16593000.00,PE,0,IDLE,0.62
16594000.00,PE,0,IDLE,0.62
16595000.00,PE,0,IDLE,0.62
16596000.00,PE,0,IDLE,0.62
16597000.00,PE,0,IDLE,0.62
16598000.00,PE,0,IDLE,0.62
16599000.00,PE,0,IDLE,0.62
16600000.00,PE,0,IDLE,0.62
16601000.00,PE,0,IDLE,0.62
16602000.00,PE,0,IDLE,0.62
16603000.00,PE,0,IDLE,0.62
16604000.00,PE,0,IDLE,0.62
16605000.00,PE,0,IDLE,0.62
16606000.00,PE,0,IDLE,0.62
16607000.00,PE,0,IDLE,0.62
16608000.00,PE,0,IDLE,0.62
16609000.00,PE,0,IDLE,0.62
16610000.00,PE,0,IDLE,0.62
16611000.00,PE,0,IDLE,0.62
16612000.00,PE,0,IDLE,0.62
16613000.00,PE,0,IDLE,0.62
16614000.00,PE,0,IDLE,0.62
16615000.00,PE,0,IDLE,0.62
16616000.00,PE,0,IDLE,0.62
16617000.00,PE,0,IDLE,0.62
16618000.00,PE,0,IDLE,0.62
16619000.00,PE,0,IDLE,0.62
16620000.00,PE,0,IDLE,0.62
16621000.00,PE,0,IDLE,0.62
16622000.00,PE,0,IDLE,0.62
16623000.00,PE,0,IDLE,0.62
16624000.00,PE,0,IDLE,0.62
16625000.00,PE,0,IDLE,0.62
16626000.00,PE,0,IDLE,0.62
16627000.00,PE,0,IDLE,0.62
16628000.00,PE,0,IDLE,0.62
16629000.00,PE,0,IDLE,0.62
16630000.00,PE,0,IDLE,0.62
16631000.00,PE,0,IDLE,0.62
16632000.00,PE,0,IDLE,0.62
16633000.00,PE,0,IDLE,0.62
16634000.00,PE,0,IDLE,0.62
16635000.00,PE,0,IDLE,0.62
16636000.00,PE,0,IDLE,0.62
16637000.00,PE,0,IDLE,0.62
16638000.00,PE,0,IDLE,0.62
16639000.00,PE,0,IDLE,0.62
16640000.00,PE,0,IDLE,0.62
16641000.00,PE,0,IDLE,0.62
16642000.00,PE,0,IDLE,0.62
16643000.00,PE,0,IDLE,0.62
16644000.00,PE,0,IDLE,0.62
16645000.00,PE,0,IDLE,0.62
16646000.00,PE,0,IDLE,0.62
16647000.00,PE,0,IDLE,0.62
16648000.00,PE,0,IDLE,0.62
16649000.00,PE,0,IDLE,0.62
16650000.00,PE,0,IDLE,0.62
16651000.00,PE,0,IDLE,0.62
16652000.00,PE,0,IDLE,0.62
16653000.00,PE,0,IDLE,0.62
16654000.00,PE,0,IDLE,0.62
16655000.00,PE,0,IDLE,0.62
16656000.00,PE,0,IDLE,0.62
16657000.00,PE,0,IDLE,0.62
16658000.00,PE,0,IDLE,0.62
16659000.00,PE,0,IDLE,0.62
16660000.00,PE,0,IDLE,0.62
16661000.00,PE,0,IDLE,0.62
16662000.00,PE,0,IDLE,0.62
16663000.00,PE,0,IDLE,0.62
16664000.00,PE,0,IDLE,0.62
16665000.00,PE,0,IDLE,0.62
16666000.00,PE,0,IDLE,0.62
16667000.00,PE,0,IDLE,0.62
16668000.00,PE,0,IDLE,0.62
16669000.00,PE,0,IDLE,0.62
16670000.00,PE,0,IDLE,0.62
16671000.00,PE,0,IDLE,0.62
16672000.00,PE,0,IDLE,0.62
16673000.00,PE,0,IDLE,0.62
16674000.00,PE,0,IDLE,0.62
16675000.00,PE,0,IDLE,0.62
16676000.00,PE,0,IDLE,0.62
16677000.00,PE,0,IDLE,0.62
16678000.00,PE,0,IDLE,0.62
16679000.00,PE,0,IDLE,0.62
16680000.00,PE,0,IDLE,0.62
16681000.00,PE,0,IDLE,0.62
16682000.00,PE,0,IDLE,0.62
16683000.00,PE,0,IDLE,0.62
16684000.00,PE,0,IDLE,0.62
16685000.00,PE,0,IDLE,0.62
16686000.00,PE,0,IDLE,0.62
16687000.00,PE,0,IDLE,0.62
16688000.00,PE,0,IDLE,0.62
16689000.00,PE,0,IDLE,0.62
16690000.00,PE,0,IDLE,0.62
16691000.00,PE,0,IDLE,0.62
16692000.00,PE,0,IDLE,0.62
16693000.00,PE,0,IDLE,0.62
16694000.00,PE,0,IDLE,0.62
16695000.00,PE,0,IDLE,0.62
16696000.00,PE,0,IDLE,0.62
16697000.00,PE,0,IDLE,0.62
16698000.00,PE,0,IDLE,0.62
16699000.00,PE,0,IDLE,0.62
16700000.00,PE,0,IDLE,0.62
16701000.00,PE,0,IDLE,0.62
16702000.00,PE,0,IDLE,0.62
16703000.00,PE,0,IDLE,0.62
16704000.00,PE,0,IDLE,0.62
16705000.00,PE,0,IDLE,0.62
16706000.00,PE,0,IDLE,0.62
16707000.00,PE,0,IDLE,0.62
16708000.00,PE,0,IDLE,0.62
16709000.00,PE,0,IDLE,0.62
16710000.00,PE,0,IDLE,0.62
16711000.00,PE,0,IDLE,0.62
16712000.00,PE,0,IDLE,0.62
16713000.00,PE,0,IDLE,0.62
16714000.00,PE,0,IDLE,0.62
16715000.00,PE,0,IDLE,0.62
16716000.00,PE,0,IDLE,0.62
16717000.00,PE,0,IDLE,0.62
16718000.00,PE,0,IDLE,0.62
16719000.00,PE,0,IDLE,0.62
16720000.00,PE,0,IDLE,0.62
16721000.00,PE,0,IDLE,0.62
16722000.00,PE,0,IDLE,0.62
16723000.00,PE,0,IDLE,0.62
16724000.00,PE,0,IDLE,0.62
16725000.00,PE,0,IDLE,0.62
16726000.00,PE,0,IDLE,0.62
16727000.00,PE,0,IDLE,0.62
16728000.00,PE,0,IDLE,0.62
16729000.00,PE,0,IDLE,0.62
16730000.00,PE,0,IDLE,0.62
16731000.00,PE,0,IDLE,0.62
16732000.00,PE,0,IDLE,0.62
16733000.00,PE,0,IDLE,0.62
16734000.00,PE,0,IDLE,0.62
16735000.00,PE,0,IDLE,0.62
16736000.00,PE,0,IDLE,0.62
16737000.00,PE,0,IDLE,0.62
16738000.00,PE,0,IDLE,0.62
16739000.00,PE,0,IDLE,0.62
16740000.00,PE,0,IDLE,0.62
16741000.00,PE,0,IDLE,0.62
16742000.00,PE,0,IDLE,0.62
16743000.00,PE,0,IDLE,0.62
16744000.00,PE,0,IDLE,0.62
16745000.00,PE,0,IDLE,0.62
16746000.00,PE,0,IDLE,0.62
16747000.00,PE,0,IDLE,0.62
16748000.00,PE,0,IDLE,0.62
16749000.00,PE,0,IDLE,0.62
16750000.00,PE,0,IDLE,0.62
16751000.00,PE,0,IDLE,0.62
16752000.00,PE,0,IDLE,0.62
16753000.00,PE,0,IDLE,0.62
16754000.00,PE,0,IDLE,0.62
16755000.00,PE,0,IDLE,0.62
16756000.00,PE,0,IDLE,0.62
16757000.00,PE,0,IDLE,0.62
16758000.00,PE,0,IDLE,0.62
16759000.00,PE,0,IDLE,0.62
16760000.00,PE,0,IDLE,0.62
16761000.00,PE,0,IDLE,0.62
16762000.00,PE,0,IDLE,0.62
16763000.00,PE,0,IDLE,0.62
16764000.00,PE,0,IDLE,0.62
16765000.00,PE,0,IDLE,0.62
16766000.00,PE,0,IDLE,0.62
16767000.00,PE,0,IDLE,0.62
16768000.00,PE,0,IDLE,0.62
16769000.00,PE,0,IDLE,0.62
16770000.00,PE,0,IDLE,0.62
16771000.00,PE,0,IDLE,0.62
16772000.00,PE,0,IDLE,0.62
16773000.00,PE,0,IDLE,0.62
16774000.00,PE,0,IDLE,0.62
16775000.00,PE,0,IDLE,0.62
16776000.00,PE,0,IDLE,0.62
16777000.00,PE,0,IDLE,0.62
16778000.00,PE,0,IDLE,0.62
16779000.00,PE,0,IDLE,0.62
16780000.00,PE,0,IDLE,0.62
16781000.00,PE,0,IDLE,0.62
16782000.00,PE,0,IDLE,0.62
16783000.00,PE,0,IDLE,0.62
16784000.00,PE,0,IDLE,0.62
16785000.00,PE,0,IDLE,0.62
16786000.00,PE,0,IDLE,0.62
16787000.00,PE,0,IDLE,0.62
16788000.00,PE,0,IDLE,0.62
16789000.00,PE,0,IDLE,0.62
16790000.00,PE,0,IDLE,0.62
16791000.00,PE,0,IDLE,0.62
16792000.00,PE,0,IDLE,0.62
16793000.00,PE,0,IDLE,0.62
16794000.00,PE,0,IDLE,0.62
16795000.00,PE,0,IDLE,0.62
16796000.00,PE,0,IDLE,0.62
16797000.00,PE,0,IDLE,0.62
16798000.00,PE,0,IDLE,0.62
16799000.00,PE,0,IDLE,0.62
16800000.00,PE,0,IDLE,0.62
16801000.00,PE,0,IDLE,0.62
16802000.00,PE,0,IDLE,0.62
16803000.00,PE,0,IDLE,0.62
16804000.00,PE,0,IDLE,0.62
16805000.00,PE,0,IDLE,0.62
16806000.00,PE,0,IDLE,0.62
16807000.00,PE,0,IDLE,0.62
16808000.00,PE,0,IDLE,0.62
16809000.00,PE,0,IDLE,0.62
16810000.00,PE,0,IDLE,0.62
16811000.00,PE,0,IDLE,0.62
16812000.00,PE,0,IDLE,0.62
16813000.00,PE,0,IDLE,0.62
16814000.00,PE,0,IDLE,0.62
16815000.00,PE,0,IDLE,0.62
16816000.00,PE,0,IDLE,0.62
16817000.00,PE,0,IDLE,0.62
16818000.00,PE,0,IDLE,0.62
16819000.00,PE,0,IDLE,0.62
16820000.00,PE,0,IDLE,0.62
16821000.00,PE,0,IDLE,0.62
16822000.00,PE,0,IDLE,0.62
16823000.00,PE,0,IDLE,0.62
16824000.00,PE,0,IDLE,0.62
16825000.00,PE,0,IDLE,0.62
16826000.00,PE,0,IDLE,0.62
16827000.00,PE,0,IDLE,0.62
16828000.00,PE,0,IDLE,0.62
16829000.00,PE,0,IDLE,0.62
16830000.00,PE,0,IDLE,0.62
16831000.00,PE,0,IDLE,0.62
16832000.00,PE,0,IDLE,0.62
16833000.00,PE,0,IDLE,0.62
16834000.00,PE,0,IDLE,0.62
16835000.00,PE,0,IDLE,0.62
16836000.00,PE,0,IDLE,0.62
16837000.00,PE,0,IDLE,0.62
16838000.00,PE,0,IDLE,0.62
16839000.00,PE,0,IDLE,0.62
16840000.00,PE,0,IDLE,0.62
16841000.00,PE,0,IDLE,0.62
16842000.00,PE,0,IDLE,0.62
16843000.00,PE,0,IDLE,0.62
16844000.00,PE,0,IDLE,0.62
16845000.00,PE,0,IDLE,0.62
16846000.00,PE,0,IDLE,0.62
16847000.00,PE,0,IDLE,0.62
16848000.00,PE,0,IDLE,0.62
16849000.00,PE,0,IDLE,0.62
16850000.00,PE,0,IDLE,0.62
16851000.00,PE,0,IDLE,0.62
16852000.00,PE,0,IDLE,0.62
16853000.00,PE,0,IDLE,0.62
16854000.00,PE,0,IDLE,0.62
16855000.00,PE,0,IDLE,0.62
16856000.00,PE,0,IDLE,0.62
16857000.00,PE,0,IDLE,0.62
16858000.00,PE,0,IDLE,0.62
16859000.00,PE,0,IDLE,0.62
16860000.00,PE,0,IDLE,0.62
16861000.00,PE,0,IDLE,0.62
16862000.00,PE,0,IDLE,0.62
16863000.00,PE,0,IDLE,0.62
16864000.00,PE,0,IDLE,0.62
16865000.00,PE,0,IDLE,0.62
16866000.00,PE,0,IDLE,0.62
16867000.00,PE,0,IDLE,0.62
16868000.00,PE,0,IDLE,0.62
16869000.00,PE,0,IDLE,0.62
16870000.00,PE,0,IDLE,0.62
16871000.00,PE,0,IDLE,0.62
16872000.00,PE,0,IDLE,0.62
16873000.00,PE,0,IDLE,0.62
16874000.00,PE,0,IDLE,0.62
16875000.00,PE,0,IDLE,0.62
16876000.00,PE,0,IDLE,0.62
16877000.00,PE,0,IDLE,0.62
16878000.00,PE,0,IDLE,0.62
16879000.00,PE,0,IDLE,0.62
16880000.00,PE,0,IDLE,0.62
16881000.00,PE,0,IDLE,0.62
16882000.00,PE,0,IDLE,0.62
16883000.00,PE,0,IDLE,0.62
16884000.00,PE,0,IDLE,0.62
16885000.00,PE,0,IDLE,0.62
16886000.00,PE,0,IDLE,0.62
16887000.00,PE,0,IDLE,0.62
16888000.00,PE,0,IDLE,0.62
16889000.00,PE,0,IDLE,0.62
16890000.00,PE,0,IDLE,0.62
16891000.00,PE,0,IDLE,0.62
16892000.00,PE,0,IDLE,0.62
16893000.00,PE,0,IDLE,0.62
16894000.00,PE,0,IDLE,0.62
16895000.00,PE,0,IDLE,0.62
16896000.00,PE,0,IDLE,0.62
16897000.00,PE,0,IDLE,0.62
16898000.00,PE,0,IDLE,0.62
16899000.00,PE,0,IDLE,0.62
16900000.00,PE,0,IDLE,0.62
16901000.00,PE,0,IDLE,0.62
16902000.00,PE,0,IDLE,0.62
16903000.00,PE,0,IDLE,0.62
16904000.00,PE,0,IDLE,0.62
16905000.00,PE,0,IDLE,0.62
16906000.00,PE,0,IDLE,0.62
16907000.00,PE,0,IDLE,0.62
16908000.00,PE,0,IDLE,0.62
16909000.00,PE,0,IDLE,0.62
16910000.00,PE,0,IDLE,0.62
16911000.00,PE,0,IDLE,0.62
16912000.00,PE,0,IDLE,0.62
16913000.00,PE,0,IDLE,0.62
16914000.00,PE,0,IDLE,0.62
16915000.00,PE,0,IDLE,0.62
16916000.00,PE,0,IDLE,0.62
16917000.00,PE,0,IDLE,0.62
16918000.00,PE,0,IDLE,0.62
16919000.00,PE,0,IDLE,0.62
16920000.00,PE,0,IDLE,0.62
16921000.00,PE,0,IDLE,0.62
16922000.00,PE,0,IDLE,0.62
16923000.00,PE,0,IDLE,0.62
16924000.00,PE,0,IDLE,0.62
16925000.00,PE,0,IDLE,0.62
16926000.00,PE,0,IDLE,0.62
16927000.00,PE,0,IDLE,0.62
16928000.00,PE,0,IDLE,0.62
16929000.00,PE,0,IDLE,0.62
16930000.00,PE,0,IDLE,0.62
16931000.00,PE,0,IDLE,0.62
16932000.00,PE,0,IDLE,0.62
16933000.00,PE,0,IDLE,0.62
16934000.00,PE,0,IDLE,0.62
16935000.00,PE,0,IDLE,0.62
16936000.00,PE,0,IDLE,0.62
16937000.00,PE,0,IDLE,0.62
16938000.00,PE,0,IDLE,0.62
16939000.00,PE,0,IDLE,0.62
16940000.00,PE,0,IDLE,0.62
16941000.00,PE,0,IDLE,0.62
16942000.00,PE,0,IDLE,0.62
16943000.00,PE,0,IDLE,0.62
16944000.00,PE,0,IDLE,0.62
16945000.00,PE,0,IDLE,0.62
16946000.00,PE,0,IDLE,0.62
16947000.00,PE,0,IDLE,0.62
16948000.00,PE,0,IDLE,0.62
16949000.00,PE,0,IDLE,0.62
16950000.00,PE,0,IDLE,0.62
16951000.00,PE,0,IDLE,0.62
16952000.00,PE,0,IDLE,0.62
16953000.00,PE,0,IDLE,0.62
16954000.00,PE,0,IDLE,0.62
16955000.00,PE,0,IDLE,0.62
16956000.00,PE,0,IDLE,0.62
16957000.00,PE,0,IDLE,0.62
16958000.00,PE,0,IDLE,0.62
16959000.00,PE,0,IDLE,0.62
16960000.00,PE,0,IDLE,0.62
16961000.00,PE,0,IDLE,0.62
16962000.00,PE,0,IDLE,0.62
16963000.00,PE,0,IDLE,0.62
16964000.00,PE,0,IDLE,0.62
16965000.00,PE,0,IDLE,0.62
16966000.00,PE,0,IDLE,0.62
16967000.00,PE,0,IDLE,0.62
16968000.00,PE,0,IDLE,0.62
16969000.00,PE,0,IDLE,0.62
16970000.00,PE,0,IDLE,0.62
16971000.00,PE,0,IDLE,0.62
16972000.00,PE,0,IDLE,0.62
16973000.00,PE,0,IDLE,0.62
16974000.00,PE,0,IDLE,0.62
16975000.00,PE,0,IDLE,0.62
16976000.00,PE,0,IDLE,0.62
16977000.00,PE,0,IDLE,0.62
16978000.00,PE,0,IDLE,0.62
16979000.00,PE,0,IDLE,0.62
16980000.00,PE,0,IDLE,0.62
16981000.00,PE,0,IDLE,0.62
16982000.00,PE,0,IDLE,0.62
16983000.00,PE,0,IDLE,0.62
16984000.00,PE,0,IDLE,0.62
16985000.00,PE,0,IDLE,0.62
16986000.00,PE,0,IDLE,0.62
16987000.00,PE,0,IDLE,0.62
16988000.00,PE,0,IDLE,0.62
16989000.00,PE,0,IDLE,0.62
16990000.00,PE,0,IDLE,0.62
16991000.00,PE,0,IDLE,0.62
16992000.00,PE,0,IDLE,0.62
16993000.00,PE,0,IDLE,0.62
16994000.00,PE,0,IDLE,0.62
16995000.00,PE,0,IDLE,0.62
16996000.00,PE,0,IDLE,0.62
16997000.00,PE,0,IDLE,0.62
16998000.00,PE,0,IDLE,0.62
16999000.00,PE,0,IDLE,0.62
17000000.00,PE,0,IDLE,0.62
17001000.00,PE,0,IDLE,0.62
17002000.00,PE,0,IDLE,0.62
17003000.00,PE,0,IDLE,0.62
17004000.00,PE,0,IDLE,0.62
17005000.00,PE,0,IDLE,0.62
17006000.00,PE,0,IDLE,0.62
17007000.00,PE,0,IDLE,0.62
17008000.00,PE,0,IDLE,0.62
17009000.00,PE,0,IDLE,0.62
17010000.00,PE,0,IDLE,0.62
17011000.00,PE,0,IDLE,0.62
17012000.00,PE,0,IDLE,0.62
17013000.00,PE,0,IDLE,0.62
17014000.00,PE,0,IDLE,0.62
17015000.00,PE,0,IDLE,0.62
17016000.00,PE,0,IDLE,0.62
17017000.00,PE,0,IDLE,0.62
17018000.00,PE,0,IDLE,0.62
17019000.00,PE,0,IDLE,0.62
17020000.00,PE,0,IDLE,0.62
17021000.00,PE,0,IDLE,0.62
17022000.00,PE,0,IDLE,0.62
17023000.00,PE,0,IDLE,0.62
17024000.00,PE,0,IDLE,0.62
17025000.00,PE,0,IDLE,0.62
17026000.00,PE,0,IDLE,0.62
17027000.00,PE,0,IDLE,0.62
17028000.00,PE,0,IDLE,0.62
17029000.00,PE,0,IDLE,0.62
17030000.00,PE,0,IDLE,0.62
17031000.00,PE,0,IDLE,0.62
17032000.00,PE,0,IDLE,0.62
17033000.00,PE,0,IDLE,0.62
17034000.00,PE,0,IDLE,0.62
17035000.00,PE,0,IDLE,0.62
17036000.00,PE,0,IDLE,0.62
17037000.00,PE,0,IDLE,0.62
17038000.00,PE,0,IDLE,0.62
17039000.00,PE,0,IDLE,0.62
17040000.00,PE,0,IDLE,0.62
17041000.00,PE,0,IDLE,0.62
17042000.00,PE,0,IDLE,0.62
17043000.00,PE,0,IDLE,0.62
17044000.00,PE,0,IDLE,0.62
17045000.00,PE,0,IDLE,0.62
17046000.00,PE,0,IDLE,0.62
17047000.00,PE,0,IDLE,0.62
17048000.00,PE,0,IDLE,0.62
17049000.00,PE,0,IDLE,0.62
17050000.00,PE,0,IDLE,0.62
17051000.00,PE,0,IDLE,0.62
17052000.00,PE,0,IDLE,0.62
17053000.00,PE,0,IDLE,0.62
17054000.00,PE,0,IDLE,0.62
17055000.00,PE,0,IDLE,0.62
17056000.00,PE,0,IDLE,0.62
17057000.00,PE,0,IDLE,0.62
17058000.00,PE,0,IDLE,0.62
17059000.00,PE,0,IDLE,0.62
17060000.00,PE,0,IDLE,0.62
17061000.00,PE,0,IDLE,0.62
17062000.00,PE,0,IDLE,0.62
17063000.00,PE,0,IDLE,0.62
17064000.00,PE,0,IDLE,0.62
17065000.00,PE,0,IDLE,0.62
17066000.00,PE,0,IDLE,0.62
17067000.00,PE,0,IDLE,0.62
17068000.00,PE,0,IDLE,0.62
17069000.00,PE,0,IDLE,0.62
17070000.00,PE,0,IDLE,0.62
17071000.00,PE,0,IDLE,0.62
17072000.00,PE,0,IDLE,0.62
17073000.00,PE,0,IDLE,0.62
17074000.00,PE,0,IDLE,0.62
17075000.00,PE,0,IDLE,0.62
17076000.00,PE,0,IDLE,0.62
17077000.00,PE,0,IDLE,0.62
17078000.00,PE,0,IDLE,0.62
17079000.00,PE,0,IDLE,0.62
17080000.00,PE,0,IDLE,0.62
17081000.00,PE,0,IDLE,0.62
17082000.00,PE,0,IDLE,0.62
17083000.00,PE,0,IDLE,0.62
17084000.00,PE,0,IDLE,0.62
17085000.00,PE,0,IDLE,0.62
17086000.00,PE,0,IDLE,0.62
17087000.00,PE,0,IDLE,0.62
17088000.00,PE,0,IDLE,0.62
17089000.00,PE,0,IDLE,0.62
17090000.00,PE,0,IDLE,0.62
17091000.00,PE,0,IDLE,0.62
17092000.00,PE,0,IDLE,0.62
17093000.00,PE,0,IDLE,0.62
17094000.00,PE,0,IDLE,0.62
17095000.00,PE,0,IDLE,0.62
17096000.00,PE,0,IDLE,0.62
17097000.00,PE,0,IDLE,0.62
17098000.00,PE,0,IDLE,0.62
17099000.00,PE,0,IDLE,0.62
17100000.00,PE,0,IDLE,0.62
17101000.00,PE,0,IDLE,0.62
17102000.00,PE,0,IDLE,0.62
17103000.00,PE,0,IDLE,0.62
17104000.00,PE,0,IDLE,0.62
17105000.00,PE,0,IDLE,0.62
17106000.00,PE,0,IDLE,0.62
17107000.00,PE,0,IDLE,0.62
17108000.00,PE,0,IDLE,0.62
17109000.00,PE,0,IDLE,0.62
17110000.00,PE,0,IDLE,0.62
17111000.00,PE,0,IDLE,0.62
17112000.00,PE,0,IDLE,0.62
17113000.00,PE,0,IDLE,0.62
17114000.00,PE,0,IDLE,0.62
17115000.00,PE,0,IDLE,0.62
17116000.00,PE,0,IDLE,0.62
17117000.00,PE,0,IDLE,0.62
17118000.00,PE,0,IDLE,0.62
17119000.00,PE,0,IDLE,0.62
17120000.00,PE,0,IDLE,0.62
17121000.00,PE,0,IDLE,0.62
17122000.00,PE,0,IDLE,0.62
17123000.00,PE,0,IDLE,0.62
17124000.00,PE,0,IDLE,0.62
17125000.00,PE,0,IDLE,0.62
17126000.00,PE,0,IDLE,0.62
17127000.00,PE,0,IDLE,0.62
17128000.00,PE,0,IDLE,0.62
17129000.00,PE,0,IDLE,0.62
17130000.00,PE,0,IDLE,0.62
17131000.00,PE,0,IDLE,0.62
17132000.00,PE,0,IDLE,0.62
17133000.00,PE,0,IDLE,0.62
17134000.00,PE,0,IDLE,0.62
17135000.00,PE,0,IDLE,0.62
17136000.00,PE,0,IDLE,0.62
17137000.00,PE,0,IDLE,0.62
17138000.00,PE,0,IDLE,0.62
17139000.00,PE,0,IDLE,0.62
17140000.00,PE,0,IDLE,0.62
17141000.00,PE,0,IDLE,0.62
17142000.00,PE,0,IDLE,0.62
17143000.00,PE,0,IDLE,0.62
17144000.00,PE,0,IDLE,0.62
17145000.00,PE,0,IDLE,0.62
17146000.00,PE,0,IDLE,0.62
17147000.00,PE,0,IDLE,0.62
17148000.00,PE,0,IDLE,0.62
17149000.00,PE,0,IDLE,0.62
17150000.00,PE,0,IDLE,0.62
17151000.00,PE,0,IDLE,0.62
17152000.00,PE,0,IDLE,0.62
17153000.00,PE,0,IDLE,0.62
17154000.00,PE,0,IDLE,0.62
17155000.00,PE,0,IDLE,0.62
17156000.00,PE,0,IDLE,0.62
17157000.00,PE,0,IDLE,0.62
17158000.00,PE,0,IDLE,0.62
17159000.00,PE,0,IDLE,0.62
17160000.00,PE,0,IDLE,0.62
17161000.00,PE,0,IDLE,0.62
17162000.00,PE,0,IDLE,0.62
17163000.00,PE,0,IDLE,0.62
17164000.00,PE,0,IDLE,0.62
17165000.00,PE,0,IDLE,0.62
17166000.00,PE,0,IDLE,0.62
17167000.00,PE,0,IDLE,0.62
17168000.00,PE,0,IDLE,0.62
17169000.00,PE,0,IDLE,0.62
17170000.00,PE,0,IDLE,0.62
17171000.00,PE,0,IDLE,0.62
17172000.00,PE,0,IDLE,0.62
17173000.00,PE,0,IDLE,0.62
17174000.00,PE,0,IDLE,0.62
17175000.00,PE,0,IDLE,0.62
17176000.00,PE,0,IDLE,0.62
17177000.00,PE,0,IDLE,0.62
17178000.00,PE,0,IDLE,0.62
17179000.00,PE,0,IDLE,0.62
17180000.00,PE,0,IDLE,0.62
17181000.00,PE,0,IDLE,0.62
17182000.00,PE,0,IDLE,0.62
17183000.00,PE,0,IDLE,0.62
17184000.00,PE,0,IDLE,0.62
17185000.00,PE,0,IDLE,0.62
17186000.00,PE,0,IDLE,0.62
17187000.00,PE,0,IDLE,0.62
17188000.00,PE,0,IDLE,0.62
17189000.00,PE,0,IDLE,0.62
17190000.00,PE,0,IDLE,0.62
17191000.00,PE,0,IDLE,0.62
17192000.00,PE,0,IDLE,0.62
17193000.00,PE,0,IDLE,0.62
17194000.00,PE,0,IDLE,0.62
17195000.00,PE,0,IDLE,0.62
17196000.00,PE,0,IDLE,0.62
17197000.00,PE,0,IDLE,0.62
17198000.00,PE,0,IDLE,0.62
17199000.00,PE,0,IDLE,0.62
17200000.00,PE,0,IDLE,0.62
17201000.00,PE,0,IDLE,0.62
17202000.00,PE,0,IDLE,0.62
17203000.00,PE,0,IDLE,0.62
17204000.00,PE,0,IDLE,0.62
17205000.00,PE,0,IDLE,0.62
17206000.00,PE,0,IDLE,0.62
17207000.00,PE,0,IDLE,0.62
17208000.00,PE,0,IDLE,0.62
17209000.00,PE,0,IDLE,0.62
17210000.00,PE,0,IDLE,0.62
17211000.00,PE,0,IDLE,0.62
17212000.00,PE,0,IDLE,0.62
17213000.00,PE,0,IDLE,0.62
17214000.00,PE,0,IDLE,0.62
17215000.00,PE,0,IDLE,0.62
17216000.00,PE,0,IDLE,0.62
17217000.00,PE,0,IDLE,0.62
17218000.00,PE,0,IDLE,0.62
17219000.00,PE,0,IDLE,0.62
17220000.00,PE,0,IDLE,0.62
17221000.00,PE,0,IDLE,0.62
17222000.00,PE,0,IDLE,0.62
17223000.00,PE,0,IDLE,0.62
17224000.00,PE,0,IDLE,0.62
17225000.00,PE,0,IDLE,0.62
17226000.00,PE,0,IDLE,0.62
17227000.00,PE,0,IDLE,0.62
17228000.00,PE,0,IDLE,0.62
17229000.00,PE,0,IDLE,0.62
17230000.00,PE,0,IDLE,0.62
17231000.00,PE,0,IDLE,0.62
17232000.00,PE,0,IDLE,0.62
17233000.00,PE,0,IDLE,0.62
17234000.00,PE,0,IDLE,0.62
17235000.00,PE,0,IDLE,0.62
17236000.00,PE,0,IDLE,0.62
17237000.00,PE,0,IDLE,0.62
17238000.00,PE,0,IDLE,0.62
17239000.00,PE,0,IDLE,0.62
17240000.00,PE,0,IDLE,0.62
17241000.00,PE,0,IDLE,0.62
17242000.00,PE,0,IDLE,0.62
17243000.00,PE,0,IDLE,0.62
17244000.00,PE,0,IDLE,0.62
17245000.00,PE,0,IDLE,0.62
17246000.00,PE,0,IDLE,0.62
17247000.00,PE,0,IDLE,0.62
17248000.00,PE,0,IDLE,0.62
17249000.00,PE,0,IDLE,0.62
17250000.00,PE,0,IDLE,0.62
17251000.00,PE,0,IDLE,0.62
17252000.00,PE,0,IDLE,0.62
17253000.00,PE,0,IDLE,0.62
17254000.00,PE,0,IDLE,0.62
17255000.00,PE,0,IDLE,0.62
17256000.00,PE,0,IDLE,0.62
17257000.00,PE,0,IDLE,0.62
17258000.00,PE,0,IDLE,0.62
17259000.00,PE,0,IDLE,0.62
17260000.00,PE,0,IDLE,0.62
17261000.00,PE,0,IDLE,0.62
17262000.00,PE,0,IDLE,0.62
17263000.00,PE,0,IDLE,0.62
17264000.00,PE,0,IDLE,0.62
17265000.00,PE,0,IDLE,0.62
17266000.00,PE,0,IDLE,0.62
17267000.00,PE,0,IDLE,0.62
17268000.00,PE,0,IDLE,0.62
17269000.00,PE,0,IDLE,0.62
17270000.00,PE,0,IDLE,0.62
17271000.00,PE,0,IDLE,0.62
17272000.00,PE,0,IDLE,0.62
17273000.00,PE,0,IDLE,0.62
17274000.00,PE,0,IDLE,0.62
17275000.00,PE,0,IDLE,0.62
17276000.00,PE,0,IDLE,0.62
17277000.00,PE,0,IDLE,0.62
17278000.00,PE,0,IDLE,0.62
17279000.00,PE,0,IDLE,0.62
17280000.00,PE,0,IDLE,0.62
17281000.00,PE,0,IDLE,0.62
17282000.00,PE,0,IDLE,0.62
17283000.00,PE,0,IDLE,0.62
17284000.00,PE,0,IDLE,0.62
17285000.00,PE,0,IDLE,0.62
17286000.00,PE,0,IDLE,0.62
17287000.00,PE,0,IDLE,0.62
17288000.00,PE,0,IDLE,0.62
17289000.00,PE,0,IDLE,0.62
17290000.00,PE,0,IDLE,0.62
17291000.00,PE,0,IDLE,0.62
17292000.00,PE,0,IDLE,0.62
17293000.00,PE,0,IDLE,0.62
17294000.00,PE,0,IDLE,0.62
17295000.00,PE,0,IDLE,0.62
17296000.00,PE,0,IDLE,0.62
17297000.00,PE,0,IDLE,0.62
17298000.00,PE,0,IDLE,0.62
17299000.00,PE,0,IDLE,0.62
17300000.00,PE,0,IDLE,0.62
17301000.00,PE,0,IDLE,0.62
17302000.00,PE,0,IDLE,0.62
17303000.00,PE,0,IDLE,0.62
17304000.00,PE,0,IDLE,0.62
17305000.00,PE,0,IDLE,0.62
17306000.00,PE,0,IDLE,0.62
17307000.00,PE,0,IDLE,0.62
17308000.00,PE,0,IDLE,0.62
17309000.00,PE,0,IDLE,0.62
17310000.00,PE,0,IDLE,0.62
17311000.00,PE,0,IDLE,0.62
17312000.00,PE,0,IDLE,0.62
17313000.00,PE,0,IDLE,0.62
17314000.00,PE,0,IDLE,0.62
17315000.00,PE,0,IDLE,0.62
17316000.00,PE,0,IDLE,0.62
17317000.00,PE,0,IDLE,0.62
17318000.00,PE,0,IDLE,0.62
17319000.00,PE,0,IDLE,0.62
17320000.00,PE,0,IDLE,0.62
17321000.00,PE,0,IDLE,0.62
17322000.00,PE,0,IDLE,0.62
17323000.00,PE,0,IDLE,0.62
17324000.00,PE,0,IDLE,0.62
17325000.00,PE,0,IDLE,0.62
17326000.00,PE,0,IDLE,0.62
17327000.00,PE,0,IDLE,0.62
17328000.00,PE,0,IDLE,0.62
17329000.00,PE,0,IDLE,0.62
17330000.00,PE,0,IDLE,0.62
17331000.00,PE,0,IDLE,0.62
17332000.00,PE,0,IDLE,0.62
17333000.00,PE,0,IDLE,0.62
17334000.00,PE,0,IDLE,0.62
17335000.00,PE,0,IDLE,0.62
17336000.00,PE,0,IDLE,0.62
17337000.00,PE,0,IDLE,0.62
17338000.00,PE,0,IDLE,0.62
17339000.00,PE,0,IDLE,0.62
17340000.00,PE,0,IDLE,0.62
17341000.00,PE,0,IDLE,0.62
17342000.00,PE,0,IDLE,0.62
17343000.00,PE,0,IDLE,0.62
17344000.00,PE,0,IDLE,0.62
17345000.00,PE,0,IDLE,0.62
17346000.00,PE,0,IDLE,0.62
17347000.00,PE,0,IDLE,0.62
17348000.00,PE,0,IDLE,0.62
17349000.00,PE,0,IDLE,0.62
17350000.00,PE,0,IDLE,0.62
17351000.00,PE,0,IDLE,0.62
17352000.00,PE,0,IDLE,0.62
17353000.00,PE,0,IDLE,0.62
17354000.00,PE,0,IDLE,0.62
17355000.00,PE,0,IDLE,0.62
17356000.00,PE,0,IDLE,0.62
17357000.00,PE,0,IDLE,0.62
17358000.00,PE,0,IDLE,0.62
17359000.00,PE,0,IDLE,0.62
17360000.00,PE,0,IDLE,0.62
17361000.00,PE,0,IDLE,0.62
17362000.00,PE,0,IDLE,0.62
17363000.00,PE,0,IDLE,0.62
17364000.00,PE,0,IDLE,0.62
17365000.00,PE,0,IDLE,0.62
17366000.00,PE,0,IDLE,0.62
17367000.00,PE,0,IDLE,0.62
17368000.00,PE,0,IDLE,0.62
17369000.00,PE,0,IDLE,0.62
17370000.00,PE,0,IDLE,0.62
17371000.00,PE,0,IDLE,0.62
17372000.00,PE,0,IDLE,0.62
17373000.00,PE,0,IDLE,0.62
17374000.00,PE,0,IDLE,0.62
17375000.00,PE,0,IDLE,0.62
17376000.00,PE,0,IDLE,0.62
17377000.00,PE,0,IDLE,0.62
17378000.00,PE,0,IDLE,0.62
17379000.00,PE,0,IDLE,0.62
17380000.00,PE,0,IDLE,0.62
17381000.00,PE,0,IDLE,0.62
17382000.00,PE,0,IDLE,0.62
17383000.00,PE,0,IDLE,0.62
17384000.00,PE,0,IDLE,0.62
17385000.00,PE,0,IDLE,0.62
17386000.00,PE,0,IDLE,0.62
17387000.00,PE,0,IDLE,0.62
17388000.00,PE,0,IDLE,0.62
17389000.00,PE,0,IDLE,0.62
17390000.00,PE,0,IDLE,0.62
17391000.00,PE,0,IDLE,0.62
17392000.00,PE,0,IDLE,0.62
17393000.00,PE,0,IDLE,0.62
17394000.00,PE,0,IDLE,0.62
17395000.00,PE,0,IDLE,0.62
17396000.00,PE,0,IDLE,0.62
17397000.00,PE,0,IDLE,0.62
17398000.00,PE,0,IDLE,0.62
17399000.00,PE,0,IDLE,0.62
17400000.00,PE,0,IDLE,0.62
17401000.00,PE,0,IDLE,0.62
17402000.00,PE,0,IDLE,0.62
17403000.00,PE,0,IDLE,0.62
17404000.00,PE,0,IDLE,0.62
17405000.00,PE,0,IDLE,0.62
17406000.00,PE,0,IDLE,0.62
17407000.00,PE,0,IDLE,0.62
17408000.00,PE,0,IDLE,0.62
17409000.00,PE,0,IDLE,0.62
17410000.00,PE,0,IDLE,0.62
17411000.00,PE,0,IDLE,0.62
17412000.00,PE,0,IDLE,0.62
17413000.00,PE,0,IDLE,0.62
17414000.00,PE,0,IDLE,0.62
17415000.00,PE,0,IDLE,0.62
17416000.00,PE,0,IDLE,0.62
17417000.00,PE,0,IDLE,0.62
17418000.00,PE,0,IDLE,0.62
17419000.00,PE,0,IDLE,0.62
17420000.00,PE,0,IDLE,0.62
17421000.00,PE,0,IDLE,0.62
17422000.00,PE,0,IDLE,0.62
17423000.00,PE,0,IDLE,0.62
17424000.00,PE,0,IDLE,0.62
17425000.00,PE,0,IDLE,0.62
17426000.00,PE,0,IDLE,0.62
17427000.00,PE,0,IDLE,0.62
17428000.00,PE,0,IDLE,0.62
17429000.00,PE,0,IDLE,0.62
17430000.00,PE,0,IDLE,0.62
17431000.00,PE,0,IDLE,0.62
17432000.00,PE,0,IDLE,0.62
17433000.00,PE,0,IDLE,0.62
17434000.00,PE,0,IDLE,0.62
17435000.00,PE,0,IDLE,0.62
17436000.00,PE,0,IDLE,0.62
17437000.00,PE,0,IDLE,0.62
17438000.00,PE,0,IDLE,0.62
17439000.00,PE,0,IDLE,0.62
17440000.00,PE,0,IDLE,0.62
17441000.00,PE,0,IDLE,0.62
17442000.00,PE,0,IDLE,0.62
17443000.00,PE,0,IDLE,0.62
17444000.00,PE,0,IDLE,0.62
17445000.00,PE,0,IDLE,0.62
17446000.00,PE,0,IDLE,0.62
17447000.00,PE,0,IDLE,0.62
17448000.00,PE,0,IDLE,0.62
17449000.00,PE,0,IDLE,0.62
17450000.00,PE,0,IDLE,0.62
17451000.00,PE,0,IDLE,0.62
17452000.00,PE,0,IDLE,0.62
17453000.00,PE,0,IDLE,0.62
17454000.00,PE,0,IDLE,0.62
17455000.00,PE,0,IDLE,0.62
17456000.00,PE,0,IDLE,0.62
17457000.00,PE,0,IDLE,0.62
17458000.00,PE,0,IDLE,0.62
17459000.00,PE,0,IDLE,0.62
17460000.00,PE,0,IDLE,0.62
17461000.00,PE,0,IDLE,0.62
17462000.00,PE,0,IDLE,0.62
17463000.00,PE,0,IDLE,0.62
17464000.00,PE,0,IDLE,0.62
17465000.00,PE,0,IDLE,0.62
17466000.00,PE,0,IDLE,0.62
17467000.00,PE,0,IDLE,0.62
17468000.00,PE,0,IDLE,0.62
17469000.00,PE,0,IDLE,0.62
17470000.00,PE,0,IDLE,0.62
17471000.00,PE,0,IDLE,0.62
17472000.00,PE,0,IDLE,0.62
17473000.00,PE,0,IDLE,0.62
17474000.00,PE,0,IDLE,0.62
17475000.00,PE,0,IDLE,0.62
17476000.00,PE,0,IDLE,0.62
17477000.00,PE,0,IDLE,0.62
17478000.00,PE,0,IDLE,0.62
17479000.00,PE,0,IDLE,0.62
17480000.00,PE,0,IDLE,0.62
17481000.00,PE,0,IDLE,0.62
17482000.00,PE,0,IDLE,0.62
17483000.00,PE,0,IDLE,0.62
17484000.00,PE,0,IDLE,0.62
17485000.00,PE,0,IDLE,0.62
17486000.00,PE,0,IDLE,0.62
17487000.00,PE,0,IDLE,0.62
17488000.00,PE,0,IDLE,0.62
17489000.00,PE,0,IDLE,0.62
17490000.00,PE,0,IDLE,0.62
17491000.00,PE,0,IDLE,0.62
17492000.00,PE,0,IDLE,0.62
17493000.00,PE,0,IDLE,0.62
17494000.00,PE,0,IDLE,0.62
17495000.00,PE,0,IDLE,0.62
17496000.00,PE,0,IDLE,0.62
17497000.00,PE,0,IDLE,0.62
17498000.00,PE,0,IDLE,0.62
17499000.00,PE,0,IDLE,0.62
17500000.00,PE,0,IDLE,0.62
17501000.00,PE,0,IDLE,0.62
17502000.00,PE,0,IDLE,0.62
17503000.00,PE,0,IDLE,0.62
17504000.00,PE,0,IDLE,0.62
17505000.00,PE,0,IDLE,0.62
17506000.00,PE,0,IDLE,0.62
17507000.00,PE,0,IDLE,0.62
17508000.00,PE,0,IDLE,0.62
17509000.00,PE,0,IDLE,0.62
17510000.00,PE,0,IDLE,0.62
17511000.00,PE,0,IDLE,0.62
17512000.00,PE,0,IDLE,0.62
17513000.00,PE,0,IDLE,0.62
17514000.00,PE,0,IDLE,0.62
17515000.00,PE,0,IDLE,0.62
17516000.00,PE,0,IDLE,0.62
17517000.00,PE,0,IDLE,0.62
17518000.00,PE,0,IDLE,0.62
17519000.00,PE,0,IDLE,0.62
17520000.00,PE,0,IDLE,0.62
17521000.00,PE,0,IDLE,0.62
17522000.00,PE,0,IDLE,0.62
17523000.00,PE,0,IDLE,0.62
17524000.00,PE,0,IDLE,0.62
17525000.00,PE,0,IDLE,0.62
17526000.00,PE,0,IDLE,0.62
17527000.00,PE,0,IDLE,0.62
17528000.00,PE,0,IDLE,0.62
17529000.00,PE,0,IDLE,0.62
17530000.00,PE,0,IDLE,0.62
17531000.00,PE,0,IDLE,0.62
17532000.00,PE,0,IDLE,0.62
17533000.00,PE,0,IDLE,0.62
17534000.00,PE,0,IDLE,0.62
17535000.00,PE,0,IDLE,0.62
17536000.00,PE,0,IDLE,0.62
17537000.00,PE,0,IDLE,0.62
17538000.00,PE,0,IDLE,0.62
17539000.00,PE,0,IDLE,0.62
17540000.00,PE,0,IDLE,0.62
17541000.00,PE,0,IDLE,0.62
17542000.00,PE,0,IDLE,0.62
17543000.00,PE,0,IDLE,0.62
17544000.00,PE,0,IDLE,0.62
17545000.00,PE,0,IDLE,0.62
17546000.00,PE,0,IDLE,0.62
17547000.00,PE,0,IDLE,0.62
17548000.00,PE,0,IDLE,0.62
17549000.00,PE,0,IDLE,0.62
17550000.00,PE,0,IDLE,0.62
17551000.00,PE,0,IDLE,0.62
17552000.00,PE,0,IDLE,0.62
17553000.00,PE,0,IDLE,0.62
17554000.00,PE,0,IDLE,0.62
17555000.00,PE,0,IDLE,0.62
17556000.00,PE,0,IDLE,0.62
17557000.00,PE,0,IDLE,0.62
17558000.00,PE,0,IDLE,0.62
17559000.00,PE,0,IDLE,0.62
17560000.00,PE,0,IDLE,0.62
17561000.00,PE,0,IDLE,0.62
17562000.00,PE,0,IDLE,0.62
17563000.00,PE,0,IDLE,0.62
17564000.00,PE,0,IDLE,0.62
17565000.00,PE,0,IDLE,0.62
17566000.00,PE,0,IDLE,0.62
17567000.00,PE,0,IDLE,0.62
17568000.00,PE,0,IDLE,0.62
17569000.00,PE,0,IDLE,0.62
17570000.00,PE,0,IDLE,0.62
17571000.00,PE,0,IDLE,0.62
17572000.00,PE,0,IDLE,0.62
17573000.00,PE,0,IDLE,0.62
17574000.00,PE,0,IDLE,0.62
17575000.00,PE,0,IDLE,0.62
17576000.00,PE,0,IDLE,0.62
17577000.00,PE,0,IDLE,0.62
17578000.00,PE,0,IDLE,0.62
17579000.00,PE,0,IDLE,0.62
17580000.00,PE,0,IDLE,0.62
17581000.00,PE,0,IDLE,0.62
17582000.00,PE,0,IDLE,0.62
17583000.00,PE,0,IDLE,0.62
17584000.00,PE,0,IDLE,0.62
17585000.00,PE,0,IDLE,0.62
17586000.00,PE,0,IDLE,0.62
17587000.00,PE,0,IDLE,0.62
17588000.00,PE,0,IDLE,0.62
17589000.00,PE,0,IDLE,0.62
17590000.00,PE,0,IDLE,0.62
17591000.00,PE,0,IDLE,0.62
17592000.00,PE,0,IDLE,0.62
17593000.00,PE,0,IDLE,0.62
17594000.00,PE,0,IDLE,0.62
17595000.00,PE,0,IDLE,0.62
17596000.00,PE,0,IDLE,0.62
17597000.00,PE,0,IDLE,0.62
17598000.00,PE,0,IDLE,0.62
17599000.00,PE,0,IDLE,0.62
17600000.00,PE,0,IDLE,0.62
17601000.00,PE,0,IDLE,0.62
17602000.00,PE,0,IDLE,0.62
17603000.00,PE,0,IDLE,0.62
17604000.00,PE,0,IDLE,0.62
17605000.00,PE,0,IDLE,0.62
17606000.00,PE,0,IDLE,0.62
17607000.00,PE,0,IDLE,0.62
17608000.00,PE,0,IDLE,0.62
17609000.00,PE,0,IDLE,0.62
17610000.00,PE,0,IDLE,0.62
17611000.00,PE,0,IDLE,0.62
17612000.00,PE,0,IDLE,0.62
17613000.00,PE,0,IDLE,0.62
17614000.00,PE,0,IDLE,0.62
17615000.00,PE,0,IDLE,0.62
17616000.00,PE,0,IDLE,0.62
17617000.00,PE,0,IDLE,0.62
17618000.00,PE,0,IDLE,0.62
17619000.00,PE,0,IDLE,0.62
17620000.00,PE,0,IDLE,0.62
17621000.00,PE,0,IDLE,0.62
17622000.00,PE,0,IDLE,0.62
17623000.00,PE,0,IDLE,0.62
17624000.00,PE,0,IDLE,0.62
17625000.00,PE,0,IDLE,0.62
17626000.00,PE,0,IDLE,0.62
17627000.00,PE,0,IDLE,0.62
17628000.00,PE,0,IDLE,0.62
17629000.00,PE,0,IDLE,0.62
17630000.00,PE,0,IDLE,0.62
17631000.00,PE,0,IDLE,0.62
17632000.00,PE,0,IDLE,0.62
17633000.00,PE,0,IDLE,0.62
17634000.00,PE,0,IDLE,0.62
17635000.00,PE,0,IDLE,0.62
17636000.00,PE,0,IDLE,0.62
17637000.00,PE,0,IDLE,0.62
17638000.00,PE,0,IDLE,0.62
17639000.00,PE,0,IDLE,0.62
17640000.00,PE,0,IDLE,0.62
17641000.00,PE,0,IDLE,0.62
17642000.00,PE,0,IDLE,0.62
17643000.00,PE,0,IDLE,0.62
17644000.00,PE,0,IDLE,0.62
17645000.00,PE,0,IDLE,0.62
17646000.00,PE,0,IDLE,0.62
17647000.00,PE,0,IDLE,0.62
17648000.00,PE,0,IDLE,0.62
17649000.00,PE,0,IDLE,0.62
17650000.00,PE,0,IDLE,0.62
17651000.00,PE,0,IDLE,0.62
17652000.00,PE,0,IDLE,0.62
17653000.00,PE,0,IDLE,0.62
17654000.00,PE,0,IDLE,0.62
17655000.00,PE,0,IDLE,0.62
17656000.00,PE,0,IDLE,0.62
17657000.00,PE,0,IDLE,0.62
17658000.00,PE,0,IDLE,0.62
17659000.00,PE,0,IDLE,0.62
17660000.00,PE,0,IDLE,0.62
17661000.00,PE,0,IDLE,0.62
17662000.00,PE,0,IDLE,0.62
17663000.00,PE,0,IDLE,0.62
17664000.00,PE,0,IDLE,0.62
17665000.00,PE,0,IDLE,0.62
17666000.00,PE,0,IDLE,0.62
17667000.00,PE,0,IDLE,0.62
17668000.00,PE,0,IDLE,0.62
17669000.00,PE,0,IDLE,0.62
17670000.00,PE,0,IDLE,0.62
17671000.00,PE,0,IDLE,0.62
17672000.00,PE,0,IDLE,0.62
17673000.00,PE,0,IDLE,0.62
17674000.00,PE,0,IDLE,0.62
17675000.00,PE,0,IDLE,0.62
17676000.00,PE,0,IDLE,0.62
17677000.00,PE,0,IDLE,0.62
17678000.00,PE,0,IDLE,0.62
17679000.00,PE,0,IDLE,0.62
17680000.00,PE,0,IDLE,0.62
17681000.00,PE,0,IDLE,0.62
17682000.00,PE,0,IDLE,0.62
17683000.00,PE,0,IDLE,0.62
17684000.00,PE,0,IDLE,0.62
17685000.00,PE,0,IDLE,0.62
17686000.00,PE,0,IDLE,0.62
17687000.00,PE,0,IDLE,0.62
17688000.00,PE,0,IDLE,0.62
17689000.00,PE,0,IDLE,0.62
17690000.00,PE,0,IDLE,0.62
17691000.00,PE,0,IDLE,0.62
17692000.00,PE,0,IDLE,0.62
17693000.00,PE,0,IDLE,0.62
17694000.00,PE,0,IDLE,0.62
17695000.00,PE,0,IDLE,0.62
17696000.00,PE,0,IDLE,0.62
17697000.00,PE,0,IDLE,0.62
17698000.00,PE,0,IDLE,0.62
17699000.00,PE,0,IDLE,0.62
17700000.00,PE,0,IDLE,0.62
17701000.00,PE,0,IDLE,0.62
17702000.00,PE,0,IDLE,0.62
17703000.00,PE,0,IDLE,0.62
17704000.00,PE,0,IDLE,0.62
17705000.00,PE,0,IDLE,0.62
17706000.00,PE,0,IDLE,0.62
17707000.00,PE,0,IDLE,0.62
17708000.00,PE,0,IDLE,0.62
17709000.00,PE,0,IDLE,0.62
17710000.00,PE,0,IDLE,0.62
17711000.00,PE,0,IDLE,0.62
17712000.00,PE,0,IDLE,0.62
17713000.00,PE,0,IDLE,0.62
17714000.00,PE,0,IDLE,0.62
17715000.00,PE,0,IDLE,0.62
17716000.00,PE,0,IDLE,0.62
17717000.00,PE,0,IDLE,0.62
17718000.00,PE,0,IDLE,0.62
17719000.00,PE,0,IDLE,0.62
17720000.00,PE,0,IDLE,0.62
17721000.00,PE,0,IDLE,0.62
17722000.00,PE,0,IDLE,0.62
17723000.00,PE,0,IDLE,0.62
17724000.00,PE,0,IDLE,0.62
17725000.00,PE,0,IDLE,0.62
17726000.00,PE,0,IDLE,0.62
17727000.00,PE,0,IDLE,0.62
17728000.00,PE,0,IDLE,0.62
17729000.00,PE,0,IDLE,0.62
17730000.00,PE,0,IDLE,0.62
17731000.00,PE,0,IDLE,0.62
17732000.00,PE,0,IDLE,0.62
17733000.00,PE,0,IDLE,0.62
17734000.00,PE,0,IDLE,0.62
17735000.00,PE,0,IDLE,0.62
17736000.00,PE,0,IDLE,0.62
17737000.00,PE,0,IDLE,0.62
17738000.00,PE,0,IDLE,0.62
17739000.00,PE,0,IDLE,0.62
17740000.00,PE,0,IDLE,0.62
17741000.00,PE,0,IDLE,0.62
17742000.00,PE,0,IDLE,0.62
17743000.00,PE,0,IDLE,0.62
17744000.00,PE,0,IDLE,0.62
17745000.00,PE,0,IDLE,0.62
17746000.00,PE,0,IDLE,0.62
17747000.00,PE,0,IDLE,0.62
17748000.00,PE,0,IDLE,0.62
17749000.00,PE,0,IDLE,0.62
17750000.00,PE,0,IDLE,0.62
17751000.00,PE,0,IDLE,0.62
17752000.00,PE,0,IDLE,0.62
17753000.00,PE,0,IDLE,0.62
17754000.00,PE,0,IDLE,0.62
17755000.00,PE,0,IDLE,0.62
17756000.00,PE,0,IDLE,0.62
17757000.00,PE,0,IDLE,0.62
17758000.00,PE,0,IDLE,0.62
17759000.00,PE,0,IDLE,0.62
17760000.00,PE,0,IDLE,0.62
17761000.00,PE,0,IDLE,0.62
17762000.00,PE,0,IDLE,0.62
17763000.00,PE,0,IDLE,0.62
17764000.00,PE,0,IDLE,0.62
17765000.00,PE,0,IDLE,0.62
17766000.00,PE,0,IDLE,0.62
17767000.00,PE,0,IDLE,0.62
17768000.00,PE,0,IDLE,0.62
17769000.00,PE,0,IDLE,0.62
17770000.00,PE,0,IDLE,0.62
17771000.00,PE,0,IDLE,0.62
17772000.00,PE,0,IDLE,0.62
17773000.00,PE,0,IDLE,0.62
17774000.00,PE,0,IDLE,0.62
17775000.00,PE,0,IDLE,0.62
17776000.00,PE,0,IDLE,0.62
17777000.00,PE,0,IDLE,0.62
17778000.00,PE,0,IDLE,0.62
17779000.00,PE,0,IDLE,0.62
17780000.00,PE,0,IDLE,0.62
17781000.00,PE,0,IDLE,0.62
17782000.00,PE,0,IDLE,0.62
17783000.00,PE,0,IDLE,0.62
17784000.00,PE,0,IDLE,0.62
17785000.00,PE,0,IDLE,0.62
17786000.00,PE,0,IDLE,0.62
17787000.00,PE,0,IDLE,0.62
17788000.00,PE,0,IDLE,0.62
17789000.00,PE,0,IDLE,0.62
17790000.00,PE,0,IDLE,0.62
17791000.00,PE,0,IDLE,0.62
17792000.00,PE,0,IDLE,0.62
17793000.00,PE,0,IDLE,0.62
17794000.00,PE,0,IDLE,0.62
17795000.00,PE,0,IDLE,0.62
17796000.00,PE,0,IDLE,0.62
17797000.00,PE,0,IDLE,0.62
17798000.00,PE,0,IDLE,0.62
17799000.00,PE,0,IDLE,0.62
17800000.00,PE,0,IDLE,0.62
17801000.00,PE,0,IDLE,0.62
17802000.00,PE,0,IDLE,0.62
17803000.00,PE,0,IDLE,0.62
17804000.00,PE,0,IDLE,0.62
17805000.00,PE,0,IDLE,0.62
17806000.00,PE,0,IDLE,0.62
17807000.00,PE,0,IDLE,0.62
17808000.00,PE,0,IDLE,0.62
17809000.00,PE,0,IDLE,0.62
17810000.00,PE,0,IDLE,0.62
17811000.00,PE,0,IDLE,0.62
17812000.00,PE,0,IDLE,0.62
17813000.00,PE,0,IDLE,0.62
17814000.00,PE,0,IDLE,0.62
17815000.00,PE,0,IDLE,0.62
17816000.00,PE,0,IDLE,0.62
17817000.00,PE,0,IDLE,0.62
17818000.00,PE,0,IDLE,0.62
17819000.00,PE,0,IDLE,0.62
17820000.00,PE,0,IDLE,0.62
17821000.00,PE,0,IDLE,0.62
17822000.00,PE,0,IDLE,0.62
17823000.00,PE,0,IDLE,0.62
17824000.00,PE,0,IDLE,0.62
17825000.00,PE,0,IDLE,0.62
17826000.00,PE,0,IDLE,0.62
17827000.00,PE,0,IDLE,0.62
17828000.00,PE,0,IDLE,0.62
17829000.00,PE,0,IDLE,0.62
17830000.00,PE,0,IDLE,0.62
17831000.00,PE,0,IDLE,0.62
17832000.00,PE,0,IDLE,0.62
17833000.00,PE,0,IDLE,0.62
17834000.00,PE,0,IDLE,0.62
17835000.00,PE,0,IDLE,0.62
17836000.00,PE,0,IDLE,0.62
17837000.00,PE,0,IDLE,0.62
17838000.00,PE,0,IDLE,0.62
17839000.00,PE,0,IDLE,0.62
17840000.00,PE,0,IDLE,0.62
17841000.00,PE,0,IDLE,0.62
17842000.00,PE,0,IDLE,0.62
17843000.00,PE,0,IDLE,0.62
17844000.00,PE,0,IDLE,0.62
17845000.00,PE,0,IDLE,0.62
17846000.00,PE,0,IDLE,0.62
17847000.00,PE,0,IDLE,0.62
17848000.00,PE,0,IDLE,0.62
17849000.00,PE,0,IDLE,0.62
17850000.00,PE,0,IDLE,0.62
17851000.00,PE,0,IDLE,0.62
17852000.00,PE,0,IDLE,0.62
17853000.00,PE,0,IDLE,0.62
17854000.00,PE,0,IDLE,0.62
17855000.00,PE,0,IDLE,0.62
17856000.00,PE,0,IDLE,0.62
17857000.00,PE,0,IDLE,0.62
17858000.00,PE,0,IDLE,0.62
17859000.00,PE,0,IDLE,0.62
17860000.00,PE,0,IDLE,0.62
17861000.00,PE,0,IDLE,0.62
17862000.00,PE,0,IDLE,0.62
17863000.00,PE,0,IDLE,0.62
17864000.00,PE,0,IDLE,0.62
17865000.00,PE,0,IDLE,0.62
17866000.00,PE,0,IDLE,0.62
17867000.00,PE,0,IDLE,0.62
17868000.00,PE,0,IDLE,0.62
17869000.00,PE,0,IDLE,0.62
17870000.00,PE,0,IDLE,0.62
17871000.00,PE,0,IDLE,0.62
17872000.00,PE,0,IDLE,0.62
17873000.00,PE,0,IDLE,0.62
17874000.00,PE,0,IDLE,0.62
17875000.00,PE,0,IDLE,0.62
17876000.00,PE,0,IDLE,0.62
17877000.00,PE,0,IDLE,0.62
17878000.00,PE,0,IDLE,0.62
17879000.00,PE,0,IDLE,0.62
17880000.00,PE,0,IDLE,0.62
17881000.00,PE,0,IDLE,0.62
17882000.00,PE,0,IDLE,0.62
17883000.00,PE,0,IDLE,0.62
17884000.00,PE,0,IDLE,0.62
17885000.00,PE,0,IDLE,0.62
17886000.00,PE,0,IDLE,0.62
17887000.00,PE,0,IDLE,0.62
17888000.00,PE,0,IDLE,0.62
17889000.00,PE,0,IDLE,0.62
17890000.00,PE,0,IDLE,0.62
17891000.00,PE,0,IDLE,0.62
17892000.00,PE,0,IDLE,0.62
17893000.00,PE,0,IDLE,0.62
17894000.00,PE,0,IDLE,0.62
17895000.00,PE,0,IDLE,0.62
17896000.00,PE,0,IDLE,0.62
17897000.00,PE,0,IDLE,0.62
17898000.00,PE,0,IDLE,0.62
17899000.00,PE,0,IDLE,0.62
17900000.00,PE,0,IDLE,0.62
17901000.00,PE,0,IDLE,0.62
17902000.00,PE,0,IDLE,0.62
17903000.00,PE,0,IDLE,0.62
17904000.00,PE,0,IDLE,0.62
17905000.00,PE,0,IDLE,0.62
17906000.00,PE,0,IDLE,0.62
17907000.00,PE,0,IDLE,0.62
17908000.00,PE,0,IDLE,0.62
17909000.00,PE,0,IDLE,0.62
17910000.00,PE,0,IDLE,0.62
17911000.00,PE,0,IDLE,0.62
17912000.00,PE,0,IDLE,0.62
17913000.00,PE,0,IDLE,0.62
17914000.00,PE,0,IDLE,0.62
17915000.00,PE,0,IDLE,0.62
17916000.00,PE,0,IDLE,0.62
17917000.00,PE,0,IDLE,0.62
17918000.00,PE,0,IDLE,0.62
17919000.00,PE,0,IDLE,0.62
17920000.00,PE,0,IDLE,0.62
17921000.00,PE,0,IDLE,0.62
17922000.00,PE,0,IDLE,0.62
17923000.00,PE,0,IDLE,0.62
17924000.00,PE,0,IDLE,0.62
17925000.00,PE,0,IDLE,0.62
17926000.00,PE,0,IDLE,0.62
17927000.00,PE,0,IDLE,0.62
17928000.00,PE,0,IDLE,0.62
17929000.00,PE,0,IDLE,0.62
17930000.00,PE,0,IDLE,0.62
17931000.00,PE,0,IDLE,0.62
17932000.00,PE,0,IDLE,0.62
17933000.00,PE,0,IDLE,0.62
17934000.00,PE,0,IDLE,0.62
17935000.00,PE,0,IDLE,0.62
17936000.00,PE,0,IDLE,0.62
17937000.00,PE,0,IDLE,0.62
17938000.00,PE,0,IDLE,0.62
17939000.00,PE,0,IDLE,0.62
17940000.00,PE,0,IDLE,0.62
17941000.00,PE,0,IDLE,0.62
17942000.00,PE,0,IDLE,0.62
17943000.00,PE,0,IDLE,0.62
17944000.00,PE,0,IDLE,0.62
17945000.00,PE,0,IDLE,0.62
17946000.00,PE,0,IDLE,0.62
17947000.00,PE,0,IDLE,0.62
17948000.00,PE,0,IDLE,0.62
17949000.00,PE,0,IDLE,0.62
17950000.00,PE,0,IDLE,0.62
17951000.00,PE,0,IDLE,0.62
17952000.00,PE,0,IDLE,0.62
17953000.00,PE,0,IDLE,0.62
17954000.00,PE,0,IDLE,0.62
17955000.00,PE,0,IDLE,0.62
17956000.00,PE,0,IDLE,0.62
17957000.00,PE,0,IDLE,0.62
17958000.00,PE,0,IDLE,0.62
17959000.00,PE,0,IDLE,0.62
17960000.00,PE,0,IDLE,0.62
17961000.00,PE,0,IDLE,0.62
17962000.00,PE,0,IDLE,0.62
17963000.00,PE,0,IDLE,0.62
17964000.00,PE,0,IDLE,0.62
17965000.00,PE,0,IDLE,0.62
17966000.00,PE,0,IDLE,0.62
17967000.00,PE,0,IDLE,0.62
17968000.00,PE,0,IDLE,0.62
17969000.00,PE,0,IDLE,0.62
17970000.00,PE,0,IDLE,0.62
17971000.00,PE,0,IDLE,0.62
17972000.00,PE,0,IDLE,0.62
17973000.00,PE,0,IDLE,0.62
17974000.00,PE,0,IDLE,0.62
17975000.00,PE,0,IDLE,0.62
17976000.00,PE,0,IDLE,0.62
17977000.00,PE,0,IDLE,0.62
17978000.00,PE,0,IDLE,0.62
17979000.00,PE,0,IDLE,0.62
17980000.00,PE,0,IDLE,0.62
17981000.00,PE,0,IDLE,0.62
17982000.00,PE,0,IDLE,0.62
17983000.00,PE,0,IDLE,0.62
17984000.00,PE,0,IDLE,0.62
17985000.00,PE,0,IDLE,0.62
17986000.00,PE,0,IDLE,0.62
17987000.00,PE,0,IDLE,0.62
17988000.00,PE,0,IDLE,0.62
17989000.00,PE,0,IDLE,0.62
17990000.00,PE,0,IDLE,0.62
17991000.00,PE,0,IDLE,0.62
17992000.00,PE,0,IDLE,0.62
17993000.00,PE,0,IDLE,0.62
17994000.00,PE,0,IDLE,0.62
17995000.00,PE,0,IDLE,0.62
17996000.00,PE,0,IDLE,0.62
17997000.00,PE,0,IDLE,0.62
17998000.00,PE,0,IDLE,0.62
17999000.00,PE,0,IDLE,0.62
18000000.00,PE,0,IDLE,0.62
18001000.00,PE,0,IDLE,0.62
18002000.00,PE,0,IDLE,0.62
18003000.00,PE,0,IDLE,0.62
18004000.00,PE,0,IDLE,0.62
18005000.00,PE,0,IDLE,0.62
18006000.00,PE,0,IDLE,0.62
18007000.00,PE,0,IDLE,0.62
18008000.00,PE,0,IDLE,0.62
18009000.00,PE,0,IDLE,0.62
18010000.00,PE,0,IDLE,0.62
18011000.00,PE,0,IDLE,0.62
18012000.00,PE,0,IDLE,0.62
18013000.00,PE,0,IDLE,0.62
18014000.00,PE,0,IDLE,0.62
18015000.00,PE,0,IDLE,0.62
18016000.00,PE,0,IDLE,0.62
18017000.00,PE,0,IDLE,0.62
18018000.00,PE,0,IDLE,0.62
18019000.00,PE,0,IDLE,0.62
18020000.00,PE,0,IDLE,0.62
18021000.00,PE,0,IDLE,0.62
18022000.00,PE,0,IDLE,0.62
18023000.00,PE,0,IDLE,0.62
18024000.00,PE,0,IDLE,0.62
18025000.00,PE,0,IDLE,0.62
18026000.00,PE,0,IDLE,0.62
18027000.00,PE,0,IDLE,0.62
18028000.00,PE,0,IDLE,0.62
18029000.00,PE,0,IDLE,0.62
18030000.00,PE,0,IDLE,0.62
18031000.00,PE,0,IDLE,0.62
18032000.00,PE,0,IDLE,0.62
18033000.00,PE,0,IDLE,0.62
18034000.00,PE,0,IDLE,0.62
18035000.00,PE,0,IDLE,0.62
18036000.00,PE,0,IDLE,0.62
18037000.00,PE,0,IDLE,0.62
18038000.00,PE,0,IDLE,0.62
18039000.00,PE,0,IDLE,0.62
18040000.00,PE,0,IDLE,0.62
18041000.00,PE,0,IDLE,0.62
18042000.00,PE,0,IDLE,0.62
18043000.00,PE,0,IDLE,0.62
18044000.00,PE,0,IDLE,0.62
18045000.00,PE,0,IDLE,0.62
18046000.00,PE,0,IDLE,0.62
18047000.00,PE,0,IDLE,0.62
18048000.00,PE,0,IDLE,0.62
18049000.00,PE,0,IDLE,0.62
18050000.00,PE,0,IDLE,0.62
18051000.00,PE,0,IDLE,0.62
18052000.00,PE,0,IDLE,0.62
18053000.00,PE,0,IDLE,0.62
18054000.00,PE,0,IDLE,0.62
18055000.00,PE,0,IDLE,0.62
18056000.00,PE,0,IDLE,0.62
18057000.00,PE,0,IDLE,0.62
18058000.00,PE,0,IDLE,0.62
18059000.00,PE,0,IDLE,0.62
18060000.00,PE,0,IDLE,0.62
18061000.00,PE,0,IDLE,0.62
18062000.00,PE,0,IDLE,0.62
18063000.00,PE,0,IDLE,0.62
18064000.00,PE,0,IDLE,0.62
18065000.00,PE,0,IDLE,0.62
18066000.00,PE,0,IDLE,0.62
18067000.00,PE,0,IDLE,0.62
18068000.00,PE,0,IDLE,0.62
18069000.00,PE,0,IDLE,0.62
18070000.00,PE,0,IDLE,0.62
18071000.00,PE,0,IDLE,0.62
18072000.00,PE,0,IDLE,0.62
18073000.00,PE,0,IDLE,0.62
18074000.00,PE,0,IDLE,0.62
18075000.00,PE,0,IDLE,0.62
18076000.00,PE,0,IDLE,0.62
18077000.00,PE,0,IDLE,0.62
18078000.00,PE,0,IDLE,0.62
18079000.00,PE,0,IDLE,0.62
18080000.00,PE,0,IDLE,0.62
18081000.00,PE,0,IDLE,0.62
18082000.00,PE,0,IDLE,0.62
18083000.00,PE,0,IDLE,0.62
18084000.00,PE,0,IDLE,0.62
18085000.00,PE,0,IDLE,0.62
18086000.00,PE,0,IDLE,0.62
18087000.00,PE,0,IDLE,0.62
18088000.00,PE,0,IDLE,0.62
18089000.00,PE,0,IDLE,0.62
18090000.00,PE,0,IDLE,0.62
18091000.00,PE,0,IDLE,0.62
18092000.00,PE,0,IDLE,0.62
18093000.00,PE,0,IDLE,0.62
18094000.00,PE,0,IDLE,0.62
18095000.00,PE,0,IDLE,0.62
18096000.00,PE,0,IDLE,0.62
18097000.00,PE,0,IDLE,0.62
18098000.00,PE,0,IDLE,0.62
18099000.00,PE,0,IDLE,0.62
18100000.00,PE,0,IDLE,0.62
18101000.00,PE,0,IDLE,0.62
18102000.00,PE,0,IDLE,0.62
18103000.00,PE,0,IDLE,0.62
18104000.00,PE,0,IDLE,0.62
18105000.00,PE,0,IDLE,0.62
18106000.00,PE,0,IDLE,0.62
18107000.00,PE,0,IDLE,0.62
18108000.00,PE,0,IDLE,0.62
18109000.00,PE,0,IDLE,0.62
18110000.00,PE,0,IDLE,0.62
18111000.00,PE,0,IDLE,0.62
18112000.00,PE,0,IDLE,0.62
18113000.00,PE,0,IDLE,0.62
18114000.00,PE,0,IDLE,0.62
18115000.00,PE,0,IDLE,0.62
18116000.00,PE,0,IDLE,0.62
18117000.00,PE,0,IDLE,0.62
18118000.00,PE,0,IDLE,0.62
18119000.00,PE,0,IDLE,0.62
18120000.00,PE,0,IDLE,0.62
18121000.00,PE,0,IDLE,0.62
18122000.00,PE,0,IDLE,0.62
18123000.00,PE,0,IDLE,0.62
18124000.00,PE,0,IDLE,0.62
18125000.00,PE,0,IDLE,0.62
18126000.00,PE,0,IDLE,0.62
18127000.00,PE,0,IDLE,0.62
18128000.00,PE,0,IDLE,0.62
18129000.00,PE,0,IDLE,0.62
18130000.00,PE,0,IDLE,0.62
18131000.00,PE,0,IDLE,0.62
18132000.00,PE,0,IDLE,0.62
18133000.00,PE,0,IDLE,0.62
18134000.00,PE,0,IDLE,0.62
18135000.00,PE,0,IDLE,0.62
18136000.00,PE,0,IDLE,0.62
18137000.00,PE,0,IDLE,0.62
18138000.00,PE,0,IDLE,0.62
18139000.00,PE,0,IDLE,0.62
18140000.00,PE,0,IDLE,0.62
18141000.00,PE,0,IDLE,0.62
18142000.00,PE,0,IDLE,0.62
18143000.00,PE,0,IDLE,0.62
18144000.00,PE,0,IDLE,0.62
18145000.00,PE,0,IDLE,0.62
18146000.00,PE,0,IDLE,0.62
18147000.00,PE,0,IDLE,0.62
18148000.00,PE,0,IDLE,0.62
18149000.00,PE,0,IDLE,0.62
18150000.00,PE,0,IDLE,0.62
18151000.00,PE,0,IDLE,0.62
18152000.00,PE,0,IDLE,0.62
18153000.00,PE,0,IDLE,0.62
18154000.00,PE,0,IDLE,0.62
18155000.00,PE,0,IDLE,0.62
18156000.00,PE,0,IDLE,0.62
18157000.00,PE,0,IDLE,0.62
18158000.00,PE,0,IDLE,0.62
18159000.00,PE,0,IDLE,0.62
18160000.00,PE,0,IDLE,0.62
18161000.00,PE,0,IDLE,0.62
18162000.00,PE,0,IDLE,0.62
18163000.00,PE,0,IDLE,0.62
18164000.00,PE,0,IDLE,0.62
18165000.00,PE,0,IDLE,0.62
18166000.00,PE,0,IDLE,0.62
18167000.00,PE,0,IDLE,0.62
18168000.00,PE,0,IDLE,0.62
18169000.00,PE,0,IDLE,0.62
18170000.00,PE,0,IDLE,0.62
18171000.00,PE,0,IDLE,0.62
18172000.00,PE,0,IDLE,0.62
18173000.00,PE,0,IDLE,0.62
18174000.00,PE,0,IDLE,0.62
18175000.00,PE,0,IDLE,0.62
18176000.00,PE,0,IDLE,0.62
18177000.00,PE,0,IDLE,0.62
18178000.00,PE,0,IDLE,0.62
18179000.00,PE,0,IDLE,0.62
18180000.00,PE,0,IDLE,0.62
18181000.00,PE,0,IDLE,0.62
18182000.00,PE,0,IDLE,0.62
18183000.00,PE,0,IDLE,0.62
18184000.00,PE,0,IDLE,0.62
18185000.00,PE,0,IDLE,0.62
18186000.00,PE,0,IDLE,0.62
18187000.00,PE,0,IDLE,0.62
18188000.00,PE,0,IDLE,0.62
18189000.00,PE,0,IDLE,0.62
18190000.00,PE,0,IDLE,0.62
18191000.00,PE,0,IDLE,0.62
18192000.00,PE,0,IDLE,0.62
18193000.00,PE,0,IDLE,0.62
18194000.00,PE,0,IDLE,0.62
18195000.00,PE,0,IDLE,0.62
18196000.00,PE,0,IDLE,0.62
18197000.00,PE,0,IDLE,0.62
18198000.00,PE,0,IDLE,0.62
18199000.00,PE,0,IDLE,0.62
18200000.00,PE,0,IDLE,0.62
18201000.00,PE,0,IDLE,0.62
18202000.00,PE,0,IDLE,0.62
18203000.00,PE,0,IDLE,0.62
18204000.00,PE,0,IDLE,0.62
18205000.00,PE,0,IDLE,0.62
18206000.00,PE,0,IDLE,0.62
18207000.00,PE,0,IDLE,0.62
18208000.00,PE,0,IDLE,0.62
18209000.00,PE,0,IDLE,0.62
18210000.00,PE,0,IDLE,0.62
18211000.00,PE,0,IDLE,0.62
18212000.00,PE,0,IDLE,0.62
18213000.00,PE,0,IDLE,0.62
18214000.00,PE,0,IDLE,0.62
18215000.00,PE,0,IDLE,0.62
18216000.00,PE,0,IDLE,0.62
18217000.00,PE,0,IDLE,0.62
18218000.00,PE,0,IDLE,0.62
18219000.00,PE,0,IDLE,0.62
18220000.00,PE,0,IDLE,0.62
18221000.00,PE,0,IDLE,0.62
18222000.00,PE,0,IDLE,0.62
18223000.00,PE,0,IDLE,0.62
18224000.00,PE,0,IDLE,0.62
18225000.00,PE,0,IDLE,0.62
18226000.00,PE,0,IDLE,0.62
18227000.00,PE,0,IDLE,0.62
18228000.00,PE,0,IDLE,0.62
18229000.00,PE,0,IDLE,0.62
18230000.00,PE,0,IDLE,0.62
18231000.00,PE,0,IDLE,0.62
18232000.00,PE,0,IDLE,0.62
18233000.00,PE,0,IDLE,0.62
18234000.00,PE,0,IDLE,0.62
18235000.00,PE,0,IDLE,0.62
18236000.00,PE,0,IDLE,0.62
18237000.00,PE,0,IDLE,0.62
18238000.00,PE,0,IDLE,0.62
18239000.00,PE,0,IDLE,0.62
18240000.00,PE,0,IDLE,0.62
18241000.00,PE,0,IDLE,0.62
18242000.00,PE,0,IDLE,0.62
18243000.00,PE,0,IDLE,0.62
18244000.00,PE,0,IDLE,0.62
18245000.00,PE,0,IDLE,0.62
18246000.00,PE,0,IDLE,0.62
18247000.00,PE,0,IDLE,0.62
18248000.00,PE,0,IDLE,0.62
18249000.00,PE,0,IDLE,0.62
18250000.00,PE,0,IDLE,0.62
18251000.00,PE,0,IDLE,0.62
18252000.00,PE,0,IDLE,0.62
18253000.00,PE,0,IDLE,0.62
18254000.00,PE,0,IDLE,0.62
18255000.00,PE,0,IDLE,0.62
18256000.00,PE,0,IDLE,0.62
18257000.00,PE,0,IDLE,0.62
18258000.00,PE,0,IDLE,0.62
18259000.00,PE,0,IDLE,0.62
18260000.00,PE,0,IDLE,0.62
18261000.00,PE,0,IDLE,0.62
18262000.00,PE,0,IDLE,0.62
18263000.00,PE,0,IDLE,0.62
18264000.00,PE,0,IDLE,0.62
18265000.00,PE,0,IDLE,0.62
18266000.00,PE,0,IDLE,0.62
18267000.00,PE,0,IDLE,0.62
18268000.00,PE,0,IDLE,0.62
18269000.00,PE,0,IDLE,0.62
18270000.00,PE,0,IDLE,0.62
18271000.00,PE,0,IDLE,0.62
18272000.00,PE,0,IDLE,0.62
18273000.00,PE,0,IDLE,0.62
18274000.00,PE,0,IDLE,0.62
18275000.00,PE,0,IDLE,0.62
18276000.00,PE,0,IDLE,0.62
18277000.00,PE,0,IDLE,0.62
18278000.00,PE,0,IDLE,0.62
18279000.00,PE,0,IDLE,0.62
18280000.00,PE,0,IDLE,0.62
18281000.00,PE,0,IDLE,0.62
18282000.00,PE,0,IDLE,0.62
18283000.00,PE,0,IDLE,0.62
18284000.00,PE,0,IDLE,0.62
18285000.00,PE,0,IDLE,0.62
18286000.00,PE,0,IDLE,0.62
18287000.00,PE,0,IDLE,0.62
18288000.00,PE,0,IDLE,0.62
18289000.00,PE,0,IDLE,0.62
18290000.00,PE,0,IDLE,0.62
18291000.00,PE,0,IDLE,0.62
18292000.00,PE,0,IDLE,0.62
18293000.00,PE,0,IDLE,0.62
18294000.00,PE,0,IDLE,0.62
18295000.00,PE,0,IDLE,0.62
18296000.00,PE,0,IDLE,0.62
18297000.00,PE,0,IDLE,0.62
18298000.00,PE,0,IDLE,0.62
18299000.00,PE,0,IDLE,0.62
18300000.00,PE,0,IDLE,0.62
18301000.00,PE,0,IDLE,0.62
18302000.00,PE,0,IDLE,0.62
18303000.00,PE,0,IDLE,0.62
18304000.00,PE,0,IDLE,0.62
18305000.00,PE,0,IDLE,0.62
18306000.00,PE,0,IDLE,0.62
18307000.00,PE,0,IDLE,0.62
18308000.00,PE,0,IDLE,0.62
18309000.00,PE,0,IDLE,0.62
18310000.00,PE,0,IDLE,0.62
18311000.00,PE,0,IDLE,0.62
18312000.00,PE,0,IDLE,0.62
18313000.00,PE,0,IDLE,0.62
18314000.00,PE,0,IDLE,0.62
18315000.00,PE,0,IDLE,0.62
18316000.00,PE,0,IDLE,0.62
18317000.00,PE,0,IDLE,0.62
18318000.00,PE,0,IDLE,0.62
18319000.00,PE,0,IDLE,0.62
18320000.00,PE,0,IDLE,0.62
18321000.00,PE,0,IDLE,0.62
18322000.00,PE,0,IDLE,0.62
18323000.00,PE,0,IDLE,0.62
18324000.00,PE,0,IDLE,0.62
18325000.00,PE,0,IDLE,0.62
18326000.00,PE,0,IDLE,0.62
18327000.00,PE,0,IDLE,0.62
18328000.00,PE,0,IDLE,0.62
18329000.00,PE,0,IDLE,0.62
18330000.00,PE,0,IDLE,0.62
18331000.00,PE,0,IDLE,0.62
18332000.00,PE,0,IDLE,0.62
18333000.00,PE,0,IDLE,0.62
18334000.00,PE,0,IDLE,0.62
18335000.00,PE,0,IDLE,0.62
18336000.00,PE,0,IDLE,0.62
18337000.00,PE,0,IDLE,0.62
18338000.00,PE,0,IDLE,0.62
18339000.00,PE,0,IDLE,0.62
18340000.00,PE,0,IDLE,0.62
18341000.00,PE,0,IDLE,0.62
18342000.00,PE,0,IDLE,0.62
18343000.00,PE,0,IDLE,0.62
18344000.00,PE,0,IDLE,0.62
18345000.00,PE,0,IDLE,0.62
18346000.00,PE,0,IDLE,0.62
18347000.00,PE,0,IDLE,0.62
18348000.00,PE,0,IDLE,0.62
18349000.00,PE,0,IDLE,0.62
18350000.00,PE,0,IDLE,0.62
18351000.00,PE,0,IDLE,0.62
18352000.00,PE,0,IDLE,0.62
18353000.00,PE,0,IDLE,0.62
18354000.00,PE,0,IDLE,0.62
18355000.00,PE,0,IDLE,0.62
18356000.00,PE,0,IDLE,0.62
18357000.00,PE,0,IDLE,0.62
18358000.00,PE,0,IDLE,0.62
18359000.00,PE,0,IDLE,0.62
18360000.00,PE,0,IDLE,0.62
18361000.00,PE,0,IDLE,0.62
18362000.00,PE,0,IDLE,0.62
18363000.00,PE,0,IDLE,0.62
18364000.00,PE,0,IDLE,0.62
18365000.00,PE,0,IDLE,0.62
18366000.00,PE,0,IDLE,0.62
18367000.00,PE,0,IDLE,0.62
18368000.00,PE,0,IDLE,0.62
18369000.00,PE,0,IDLE,0.62
18370000.00,PE,0,IDLE,0.62
18371000.00,PE,0,IDLE,0.62
18372000.00,PE,0,IDLE,0.62
18373000.00,PE,0,IDLE,0.62
18374000.00,PE,0,IDLE,0.62
18375000.00,PE,0,IDLE,0.62
18376000.00,PE,0,IDLE,0.62
18377000.00,PE,0,IDLE,0.62
18378000.00,PE,0,IDLE,0.62
18379000.00,PE,0,IDLE,0.62
18380000.00,PE,0,IDLE,0.62
18381000.00,PE,0,IDLE,0.62
18382000.00,PE,0,IDLE,0.62
18383000.00,PE,0,IDLE,0.62
18384000.00,PE,0,IDLE,0.62
18385000.00,PE,0,IDLE,0.62
18386000.00,PE,0,IDLE,0.62
18387000.00,PE,0,IDLE,0.62
18388000.00,PE,0,IDLE,0.62
18389000.00,PE,0,IDLE,0.62
18390000.00,PE,0,IDLE,0.62
18391000.00,PE,0,IDLE,0.62
18392000.00,PE,0,IDLE,0.62
18393000.00,PE,0,IDLE,0.62
18394000.00,PE,0,IDLE,0.62
18395000.00,PE,0,IDLE,0.62
18396000.00,PE,0,IDLE,0.62
18397000.00,PE,0,IDLE,0.62
18398000.00,PE,0,IDLE,0.62
18399000.00,PE,0,IDLE,0.62
18400000.00,PE,0,IDLE,0.62
18401000.00,PE,0,IDLE,0.62
18402000.00,PE,0,IDLE,0.62
18403000.00,PE,0,IDLE,0.62
18404000.00,PE,0,IDLE,0.62
18405000.00,PE,0,IDLE,0.62
18406000.00,PE,0,IDLE,0.62
18407000.00,PE,0,IDLE,0.62
18408000.00,PE,0,IDLE,0.62
18409000.00,PE,0,IDLE,0.62
18410000.00,PE,0,IDLE,0.62
18411000.00,PE,0,IDLE,0.62
18412000.00,PE,0,IDLE,0.62
18413000.00,PE,0,IDLE,0.62
18414000.00,PE,0,IDLE,0.62
18415000.00,PE,0,IDLE,0.62
18416000.00,PE,0,IDLE,0.62
18417000.00,PE,0,IDLE,0.62
18418000.00,PE,0,IDLE,0.62
18419000.00,PE,0,IDLE,0.62
18420000.00,PE,0,IDLE,0.62
18421000.00,PE,0,IDLE,0.62
18422000.00,PE,0,IDLE,0.62
18423000.00,PE,0,IDLE,0.62
18424000.00,PE,0,IDLE,0.62
18425000.00,PE,0,IDLE,0.62
18426000.00,PE,0,IDLE,0.62
18427000.00,PE,0,IDLE,0.62
18428000.00,PE,0,IDLE,0.62
18429000.00,PE,0,IDLE,0.62
18430000.00,PE,0,IDLE,0.62
18431000.00,PE,0,IDLE,0.62
18432000.00,PE,0,IDLE,0.62
18433000.00,PE,0,IDLE,0.62
18434000.00,PE,0,IDLE,0.62
18435000.00,PE,0,IDLE,0.62
18436000.00,PE,0,IDLE,0.62
18437000.00,PE,0,IDLE,0.62
18438000.00,PE,0,IDLE,0.62
18439000.00,PE,0,IDLE,0.62
18440000.00,PE,0,IDLE,0.62
18441000.00,PE,0,IDLE,0.62
18442000.00,PE,0,IDLE,0.62
18443000.00,PE,0,IDLE,0.62
18444000.00,PE,0,IDLE,0.62
18445000.00,PE,0,IDLE,0.62
18446000.00,PE,0,IDLE,0.62
18447000.00,PE,0,IDLE,0.62
18448000.00,PE,0,IDLE,0.62
18449000.00,PE,0,IDLE,0.62
18450000.00,PE,0,IDLE,0.62
18451000.00,PE,0,IDLE,0.62
18452000.00,PE,0,IDLE,0.62
18453000.00,PE,0,IDLE,0.62
18454000.00,PE,0,IDLE,0.62
18455000.00,PE,0,IDLE,0.62
18456000.00,PE,0,IDLE,0.62
18457000.00,PE,0,IDLE,0.62
18458000.00,PE,0,IDLE,0.62
18459000.00,PE,0,IDLE,0.62
18460000.00,PE,0,IDLE,0.62
18461000.00,PE,0,IDLE,0.62
18462000.00,PE,0,IDLE,0.62
18463000.00,PE,0,IDLE,0.62
18464000.00,PE,0,IDLE,0.62
18465000.00,PE,0,IDLE,0.62
18466000.00,PE,0,IDLE,0.62
18467000.00,PE,0,IDLE,0.62
18468000.00,PE,0,IDLE,0.62
18469000.00,PE,0,IDLE,0.62
18470000.00,PE,0,IDLE,0.62
18471000.00,PE,0,IDLE,0.62
18472000.00,PE,0,IDLE,0.62
18473000.00,PE,0,IDLE,0.62
18474000.00,PE,0,IDLE,0.62
18475000.00,PE,0,IDLE,0.62
18476000.00,PE,0,IDLE,0.62
18477000.00,PE,0,IDLE,0.62
18478000.00,PE,0,IDLE,0.62
18479000.00,PE,0,IDLE,0.62
18480000.00,PE,0,IDLE,0.62
18481000.00,PE,0,IDLE,0.62
18482000.00,PE,0,IDLE,0.62
18483000.00,PE,0,IDLE,0.62
18484000.00,PE,0,IDLE,0.62
18485000.00,PE,0,IDLE,0.62
18486000.00,PE,0,IDLE,0.62
18487000.00,PE,0,IDLE,0.62
18488000.00,PE,0,IDLE,0.62
18489000.00,PE,0,IDLE,0.62
18490000.00,PE,0,IDLE,0.62
18491000.00,PE,0,IDLE,0.62
18492000.00,PE,0,IDLE,0.62
18493000.00,PE,0,IDLE,0.62
18494000.00,PE,0,IDLE,0.62
18495000.00,PE,0,IDLE,0.62
18496000.00,PE,0,IDLE,0.62
18497000.00,PE,0,IDLE,0.62
18498000.00,PE,0,IDLE,0.62
18499000.00,PE,0,IDLE,0.62
18500000.00,PE,0,IDLE,0.62
18501000.00,PE,0,IDLE,0.62
18502000.00,PE,0,IDLE,0.62
18503000.00,PE,0,IDLE,0.62
18504000.00,PE,0,IDLE,0.62
18505000.00,PE,0,IDLE,0.62
18506000.00,PE,0,IDLE,0.62
18507000.00,PE,0,IDLE,0.62
18508000.00,PE,0,IDLE,0.62
18509000.00,PE,0,IDLE,0.62
18510000.00,PE,0,IDLE,0.62
18511000.00,PE,0,IDLE,0.62
18512000.00,PE,0,IDLE,0.62
18513000.00,PE,0,IDLE,0.62
18514000.00,PE,0,IDLE,0.62
18515000.00,PE,0,IDLE,0.62
18516000.00,PE,0,IDLE,0.62
18517000.00,PE,0,IDLE,0.62
18518000.00,PE,0,IDLE,0.62
18519000.00,PE,0,IDLE,0.62
18520000.00,PE,0,IDLE,0.62
18521000.00,PE,0,IDLE,0.62
18522000.00,PE,0,IDLE,0.62
18523000.00,PE,0,IDLE,0.62
18524000.00,PE,0,IDLE,0.62
18525000.00,PE,0,IDLE,0.62
18526000.00,PE,0,IDLE,0.62
18527000.00,PE,0,IDLE,0.62
18528000.00,PE,0,IDLE,0.62
18529000.00,PE,0,IDLE,0.62
18530000.00,PE,0,IDLE,0.62
18531000.00,PE,0,IDLE,0.62
18532000.00,PE,0,IDLE,0.62
18533000.00,PE,0,IDLE,0.62
18534000.00,PE,0,IDLE,0.62
18535000.00,PE,0,IDLE,0.62
18536000.00,PE,0,IDLE,0.62
18537000.00,PE,0,IDLE,0.62
18538000.00,PE,0,IDLE,0.62
18539000.00,PE,0,IDLE,0.62
18540000.00,PE,0,IDLE,0.62
18541000.00,PE,0,IDLE,0.62
18542000.00,PE,0,IDLE,0.62
18543000.00,PE,0,IDLE,0.62
18544000.00,PE,0,IDLE,0.62
18545000.00,PE,0,IDLE,0.62
18546000.00,PE,0,IDLE,0.62
18547000.00,PE,0,IDLE,0.62
18548000.00,PE,0,IDLE,0.62
18549000.00,PE,0,IDLE,0.62
18550000.00,PE,0,IDLE,0.62
18551000.00,PE,0,IDLE,0.62
18552000.00,PE,0,IDLE,0.62
18553000.00,PE,0,IDLE,0.62
18554000.00,PE,0,IDLE,0.62
18555000.00,PE,0,IDLE,0.62
18556000.00,PE,0,IDLE,0.62
18557000.00,PE,0,IDLE,0.62
18558000.00,PE,0,IDLE,0.62
18559000.00,PE,0,IDLE,0.62
18560000.00,PE,0,IDLE,0.62
18561000.00,PE,0,IDLE,0.62
18562000.00,PE,0,IDLE,0.62
18563000.00,PE,0,IDLE,0.62
18564000.00,PE,0,IDLE,0.62
18565000.00,PE,0,IDLE,0.62
18566000.00,PE,0,IDLE,0.62
18567000.00,PE,0,IDLE,0.62
18568000.00,PE,0,IDLE,0.62
18569000.00,PE,0,IDLE,0.62
18570000.00,PE,0,IDLE,0.62
18571000.00,PE,0,IDLE,0.62
18572000.00,PE,0,IDLE,0.62
18573000.00,PE,0,IDLE,0.62
18574000.00,PE,0,IDLE,0.62
18575000.00,PE,0,IDLE,0.62
18576000.00,PE,0,IDLE,0.62
18577000.00,PE,0,IDLE,0.62
18578000.00,PE,0,IDLE,0.62
18579000.00,PE,0,IDLE,0.62
18580000.00,PE,0,IDLE,0.62
18581000.00,PE,0,IDLE,0.62
18582000.00,PE,0,IDLE,0.62
18583000.00,PE,0,IDLE,0.62
18584000.00,PE,0,IDLE,0.62
18585000.00,PE,0,IDLE,0.62
18586000.00,PE,0,IDLE,0.62
18587000.00,PE,0,IDLE,0.62
18588000.00,PE,0,IDLE,0.62
18589000.00,PE,0,IDLE,0.62
18590000.00,PE,0,IDLE,0.62
18591000.00,PE,0,IDLE,0.62
18592000.00,PE,0,IDLE,0.62
18593000.00,PE,0,IDLE,0.62
18594000.00,PE,0,IDLE,0.62
18595000.00,PE,0,IDLE,0.62
18596000.00,PE,0,IDLE,0.62
18597000.00,PE,0,IDLE,0.62
18598000.00,PE,0,IDLE,0.62
18599000.00,PE,0,IDLE,0.62
18600000.00,PE,0,IDLE,0.62
18601000.00,PE,0,IDLE,0.62
18602000.00,PE,0,IDLE,0.62
18603000.00,PE,0,IDLE,0.62
18604000.00,PE,0,IDLE,0.62
18605000.00,PE,0,IDLE,0.62
18606000.00,PE,0,IDLE,0.62
18607000.00,PE,0,IDLE,0.62
18608000.00,PE,0,IDLE,0.62
18609000.00,PE,0,IDLE,0.62
18610000.00,PE,0,IDLE,0.62
18611000.00,PE,0,IDLE,0.62
18612000.00,PE,0,IDLE,0.62
18613000.00,PE,0,IDLE,0.62
18614000.00,PE,0,IDLE,0.62
18615000.00,PE,0,IDLE,0.62
18616000.00,PE,0,IDLE,0.62
18617000.00,PE,0,IDLE,0.62
18618000.00,PE,0,IDLE,0.62
18619000.00,PE,0,IDLE,0.62
18620000.00,PE,0,IDLE,0.62
18621000.00,PE,0,IDLE,0.62
18622000.00,PE,0,IDLE,0.62
18623000.00,PE,0,IDLE,0.62
18624000.00,PE,0,IDLE,0.62
18625000.00,PE,0,IDLE,0.62
18626000.00,PE,0,IDLE,0.62
18627000.00,PE,0,IDLE,0.62
18628000.00,PE,0,IDLE,0.62
18629000.00,PE,0,IDLE,0.62
18630000.00,PE,0,IDLE,0.62
18631000.00,PE,0,IDLE,0.62
18632000.00,PE,0,IDLE,0.62
18633000.00,PE,0,IDLE,0.62
18634000.00,PE,0,IDLE,0.62
18635000.00,PE,0,IDLE,0.62
18636000.00,PE,0,IDLE,0.62
18637000.00,PE,0,IDLE,0.62
18638000.00,PE,0,IDLE,0.62
18639000.00,PE,0,IDLE,0.62
18640000.00,PE,0,IDLE,0.62
18641000.00,PE,0,IDLE,0.62
18642000.00,PE,0,IDLE,0.62
18643000.00,PE,0,IDLE,0.62
18644000.00,PE,0,IDLE,0.62
18645000.00,PE,0,IDLE,0.62
18646000.00,PE,0,IDLE,0.62
18647000.00,PE,0,IDLE,0.62
18648000.00,PE,0,IDLE,0.62
18649000.00,PE,0,IDLE,0.62
18650000.00,PE,0,IDLE,0.62
18651000.00,PE,0,IDLE,0.62
18652000.00,PE,0,IDLE,0.62
18653000.00,PE,0,IDLE,0.62
18654000.00,PE,0,IDLE,0.62
18655000.00,PE,0,IDLE,0.62
18656000.00,PE,0,IDLE,0.62
18657000.00,PE,0,IDLE,0.62
18658000.00,PE,0,IDLE,0.62
18659000.00,PE,0,IDLE,0.62
18660000.00,PE,0,IDLE,0.62
18661000.00,PE,0,IDLE,0.62
18662000.00,PE,0,IDLE,0.62
18663000.00,PE,0,IDLE,0.62
18664000.00,PE,0,IDLE,0.62
18665000.00,PE,0,IDLE,0.62
18666000.00,PE,0,IDLE,0.62
18667000.00,PE,0,IDLE,0.62
18668000.00,PE,0,IDLE,0.62
18669000.00,PE,0,IDLE,0.62
18670000.00,PE,0,IDLE,0.62
18671000.00,PE,0,IDLE,0.62
18672000.00,PE,0,IDLE,0.62
18673000.00,PE,0,IDLE,0.62
18674000.00,PE,0,IDLE,0.62
18675000.00,PE,0,IDLE,0.62
18676000.00,PE,0,IDLE,0.62
18677000.00,PE,0,IDLE,0.62
18678000.00,PE,0,IDLE,0.62
18679000.00,PE,0,IDLE,0.62
18680000.00,PE,0,IDLE,0.62
18681000.00,PE,0,IDLE,0.62
18682000.00,PE,0,IDLE,0.62
18683000.00,PE,0,IDLE,0.62
18684000.00,PE,0,IDLE,0.62
18685000.00,PE,0,IDLE,0.62
18686000.00,PE,0,IDLE,0.62
18687000.00,PE,0,IDLE,0.62
18688000.00,PE,0,IDLE,0.62
18689000.00,PE,0,IDLE,0.62
18690000.00,PE,0,IDLE,0.62
18691000.00,PE,0,IDLE,0.62
18692000.00,PE,0,IDLE,0.62
18693000.00,PE,0,IDLE,0.62
18694000.00,PE,0,IDLE,0.62
18695000.00,PE,0,IDLE,0.62
18696000.00,PE,0,IDLE,0.62
18697000.00,PE,0,IDLE,0.62
18698000.00,PE,0,IDLE,0.62
18699000.00,PE,0,IDLE,0.62
18700000.00,PE,0,IDLE,0.62
18701000.00,PE,0,IDLE,0.62
18702000.00,PE,0,IDLE,0.62
18703000.00,PE,0,IDLE,0.62
18704000.00,PE,0,IDLE,0.62
18705000.00,PE,0,IDLE,0.62
18706000.00,PE,0,IDLE,0.62
18707000.00,PE,0,IDLE,0.62
18708000.00,PE,0,IDLE,0.62
18709000.00,PE,0,IDLE,0.62
18710000.00,PE,0,IDLE,0.62
18711000.00,PE,0,IDLE,0.62
18712000.00,PE,0,IDLE,0.62
18713000.00,PE,0,IDLE,0.62
18714000.00,PE,0,IDLE,0.62
18715000.00,PE,0,IDLE,0.62
18716000.00,PE,0,IDLE,0.62
18717000.00,PE,0,IDLE,0.62
18718000.00,PE,0,IDLE,0.62
18719000.00,PE,0,IDLE,0.62
18720000.00,PE,0,IDLE,0.62
18721000.00,PE,0,IDLE,0.62
18722000.00,PE,0,IDLE,0.62
18723000.00,PE,0,IDLE,0.62
18724000.00,PE,0,IDLE,0.62
18725000.00,PE,0,IDLE,0.62
18726000.00,PE,0,IDLE,0.62
18727000.00,PE,0,IDLE,0.62
18728000.00,PE,0,IDLE,0.62
18729000.00,PE,0,IDLE,0.62
18730000.00,PE,0,IDLE,0.62
18731000.00,PE,0,IDLE,0.62
18732000.00,PE,0,IDLE,0.62
18733000.00,PE,0,IDLE,0.62
18734000.00,PE,0,IDLE,0.62
18735000.00,PE,0,IDLE,0.62
18736000.00,PE,0,IDLE,0.62
18737000.00,PE,0,IDLE,0.62
18738000.00,PE,0,IDLE,0.62
18739000.00,PE,0,IDLE,0.62
18740000.00,PE,0,IDLE,0.62
18741000.00,PE,0,IDLE,0.62
18742000.00,PE,0,IDLE,0.62
18743000.00,PE,0,IDLE,0.62
18744000.00,PE,0,IDLE,0.62
18745000.00,PE,0,IDLE,0.62
18746000.00,PE,0,IDLE,0.62
18747000.00,PE,0,IDLE,0.62
18748000.00,PE,0,IDLE,0.62
18749000.00,PE,0,IDLE,0.62
18750000.00,PE,0,IDLE,0.62
18751000.00,PE,0,IDLE,0.62
18752000.00,PE,0,IDLE,0.62
18753000.00,PE,0,IDLE,0.62
18754000.00,PE,0,IDLE,0.62
18755000.00,PE,0,IDLE,0.62
18756000.00,PE,0,IDLE,0.62
18757000.00,PE,0,IDLE,0.62
18758000.00,PE,0,IDLE,0.62
18759000.00,PE,0,IDLE,0.62
18760000.00,PE,0,IDLE,0.62
18761000.00,PE,0,IDLE,0.62
18762000.00,PE,0,IDLE,0.62
18763000.00,PE,0,IDLE,0.62
18764000.00,PE,0,IDLE,0.62
18765000.00,PE,0,IDLE,0.62
18766000.00,PE,0,IDLE,0.62
18767000.00,PE,0,IDLE,0.62
18768000.00,PE,0,IDLE,0.62
18769000.00,PE,0,IDLE,0.62
18770000.00,PE,0,IDLE,0.62
18771000.00,PE,0,IDLE,0.62
18772000.00,PE,0,IDLE,0.62
18773000.00,PE,0,IDLE,0.62
18774000.00,PE,0,IDLE,0.62
18775000.00,PE,0,IDLE,0.62
18776000.00,PE,0,IDLE,0.62
18777000.00,PE,0,IDLE,0.62
18778000.00,PE,0,IDLE,0.62
18779000.00,PE,0,IDLE,0.62
18780000.00,PE,0,IDLE,0.62
18781000.00,PE,0,IDLE,0.62
18782000.00,PE,0,IDLE,0.62
18783000.00,PE,0,IDLE,0.62
18784000.00,PE,0,IDLE,0.62
18785000.00,PE,0,IDLE,0.62
18786000.00,PE,0,IDLE,0.62
18787000.00,PE,0,IDLE,0.62
18788000.00,PE,0,IDLE,0.62
18789000.00,PE,0,IDLE,0.62
18790000.00,PE,0,IDLE,0.62
18791000.00,PE,0,IDLE,0.62
18792000.00,PE,0,IDLE,0.62
18793000.00,PE,0,IDLE,0.62
18794000.00,PE,0,IDLE,0.62
18795000.00,PE,0,IDLE,0.62
18796000.00,PE,0,IDLE,0.62
18797000.00,PE,0,IDLE,0.62
18798000.00,PE,0,IDLE,0.62
18799000.00,PE,0,IDLE,0.62
18800000.00,PE,0,IDLE,0.62
18801000.00,PE,0,IDLE,0.62
18802000.00,PE,0,IDLE,0.62
18803000.00,PE,0,IDLE,0.62
18804000.00,PE,0,IDLE,0.62
18805000.00,PE,0,IDLE,0.62
18806000.00,PE,0,IDLE,0.62
18807000.00,PE,0,IDLE,0.62
18808000.00,PE,0,IDLE,0.62
18809000.00,PE,0,IDLE,0.62
18810000.00,PE,0,IDLE,0.62
18811000.00,PE,0,IDLE,0.62
18812000.00,PE,0,IDLE,0.62
18813000.00,PE,0,IDLE,0.62
18814000.00,PE,0,IDLE,0.62
18815000.00,PE,0,IDLE,0.62
18816000.00,PE,0,IDLE,0.62
18817000.00,PE,0,IDLE,0.62
18818000.00,PE,0,IDLE,0.62
18819000.00,PE,0,IDLE,0.62
18820000.00,PE,0,IDLE,0.62
18821000.00,PE,0,IDLE,0.62
18822000.00,PE,0,IDLE,0.62
18823000.00,PE,0,IDLE,0.62
18824000.00,PE,0,IDLE,0.62
18825000.00,PE,0,IDLE,0.62
18826000.00,PE,0,IDLE,0.62
18827000.00,PE,0,IDLE,0.62
18828000.00,PE,0,IDLE,0.62
18829000.00,PE,0,IDLE,0.62
18830000.00,PE,0,IDLE,0.62
18831000.00,PE,0,IDLE,0.62
18832000.00,PE,0,IDLE,0.62
18833000.00,PE,0,IDLE,0.62
18834000.00,PE,0,IDLE,0.62
18835000.00,PE,0,IDLE,0.62
18836000.00,PE,0,IDLE,0.62
18837000.00,PE,0,IDLE,0.62
18838000.00,PE,0,IDLE,0.62
18839000.00,PE,0,IDLE,0.62
18840000.00,PE,0,IDLE,0.62
18841000.00,PE,0,IDLE,0.62
18842000.00,PE,0,IDLE,0.62
18843000.00,PE,0,IDLE,0.62
18844000.00,PE,0,IDLE,0.62
18845000.00,PE,0,IDLE,0.62
18846000.00,PE,0,IDLE,0.62
18847000.00,PE,0,IDLE,0.62
18848000.00,PE,0,IDLE,0.62
18849000.00,PE,0,IDLE,0.62
18850000.00,PE,0,IDLE,0.62
18851000.00,PE,0,IDLE,0.62
18852000.00,PE,0,IDLE,0.62
18853000.00,PE,0,IDLE,0.62
18854000.00,PE,0,IDLE,0.62
18855000.00,PE,0,IDLE,0.62
18856000.00,PE,0,IDLE,0.62
18857000.00,PE,0,IDLE,0.62
18858000.00,PE,0,IDLE,0.62
18859000.00,PE,0,IDLE,0.62
18860000.00,PE,0,IDLE,0.62
18861000.00,PE,0,IDLE,0.62
18862000.00,PE,0,IDLE,0.62
18863000.00,PE,0,IDLE,0.62
18864000.00,PE,0,IDLE,0.62
18865000.00,PE,0,IDLE,0.62
18866000.00,PE,0,IDLE,0.62
18867000.00,PE,0,IDLE,0.62
18868000.00,PE,0,IDLE,0.62
18869000.00,PE,0,IDLE,0.62
18870000.00,PE,0,IDLE,0.62
18871000.00,PE,0,IDLE,0.62
18872000.00,PE,0,IDLE,0.62
18873000.00,PE,0,IDLE,0.62
18874000.00,PE,0,IDLE,0.62
18875000.00,PE,0,IDLE,0.62
18876000.00,PE,0,IDLE,0.62
18877000.00,PE,0,IDLE,0.62
18878000.00,PE,0,IDLE,0.62
18879000.00,PE,0,IDLE,0.62
18880000.00,PE,0,IDLE,0.62
18881000.00,PE,0,IDLE,0.62
18882000.00,PE,0,IDLE,0.62
18883000.00,PE,0,IDLE,0.62
18884000.00,PE,0,IDLE,0.62
18885000.00,PE,0,IDLE,0.62
18886000.00,PE,0,IDLE,0.62
18887000.00,PE,0,IDLE,0.62
18888000.00,PE,0,IDLE,0.62
18889000.00,PE,0,IDLE,0.62
18890000.00,PE,0,IDLE,0.62
18891000.00,PE,0,IDLE,0.62
18892000.00,PE,0,IDLE,0.62
18893000.00,PE,0,IDLE,0.62
18894000.00,PE,0,IDLE,0.62
18895000.00,PE,0,IDLE,0.62
18896000.00,PE,0,IDLE,0.62
18897000.00,PE,0,IDLE,0.62
18898000.00,PE,0,IDLE,0.62
18899000.00,PE,0,IDLE,0.62
18900000.00,PE,0,IDLE,0.62
18901000.00,PE,0,IDLE,0.62
18902000.00,PE,0,IDLE,0.62
18903000.00,PE,0,IDLE,0.62
18904000.00,PE,0,IDLE,0.62
18905000.00,PE,0,IDLE,0.62
18906000.00,PE,0,IDLE,0.62
18907000.00,PE,0,IDLE,0.62
18908000.00,PE,0,IDLE,0.62
18909000.00,PE,0,IDLE,0.62
18910000.00,PE,0,IDLE,0.62
18911000.00,PE,0,IDLE,0.62
18912000.00,PE,0,IDLE,0.62
18913000.00,PE,0,IDLE,0.62
18914000.00,PE,0,IDLE,0.62
18915000.00,PE,0,IDLE,0.62
18916000.00,PE,0,IDLE,0.62
18917000.00,PE,0,IDLE,0.62
18918000.00,PE,0,IDLE,0.62
18919000.00,PE,0,IDLE,0.62
18920000.00,PE,0,IDLE,0.62
18921000.00,PE,0,IDLE,0.62
18922000.00,PE,0,IDLE,0.62
18923000.00,PE,0,IDLE,0.62
18924000.00,PE,0,IDLE,0.62
18925000.00,PE,0,IDLE,0.62
18926000.00,PE,0,IDLE,0.62
18927000.00,PE,0,IDLE,0.62
18928000.00,PE,0,IDLE,0.62
18929000.00,PE,0,IDLE,0.62
18930000.00,PE,0,IDLE,0.62
18931000.00,PE,0,IDLE,0.62
18932000.00,PE,0,IDLE,0.62
18933000.00,PE,0,IDLE,0.62
18934000.00,PE,0,IDLE,0.62
18935000.00,PE,0,IDLE,0.62
18936000.00,PE,0,IDLE,0.62
18937000.00,PE,0,IDLE,0.62
18938000.00,PE,0,IDLE,0.62
18939000.00,PE,0,IDLE,0.62
18940000.00,PE,0,IDLE,0.62
18941000.00,PE,0,IDLE,0.62
18942000.00,PE,0,IDLE,0.62
18943000.00,PE,0,IDLE,0.62
18944000.00,PE,0,IDLE,0.62
18945000.00,PE,0,IDLE,0.62
18946000.00,PE,0,IDLE,0.62
18947000.00,PE,0,IDLE,0.62
18948000.00,PE,0,IDLE,0.62
18949000.00,PE,0,IDLE,0.62
18950000.00,PE,0,IDLE,0.62
18951000.00,PE,0,IDLE,0.62
18952000.00,PE,0,IDLE,0.62
18953000.00,PE,0,IDLE,0.62
18954000.00,PE,0,IDLE,0.62
18955000.00,PE,0,IDLE,0.62
18956000.00,PE,0,IDLE,0.62
18957000.00,PE,0,IDLE,0.62
18958000.00,PE,0,IDLE,0.62
18959000.00,PE,0,IDLE,0.62
18960000.00,PE,0,IDLE,0.62
18961000.00,PE,0,IDLE,0.62
18962000.00,PE,0,IDLE,0.62
18963000.00,PE,0,IDLE,0.62
18964000.00,PE,0,IDLE,0.62
18965000.00,PE,0,IDLE,0.62
18966000.00,PE,0,IDLE,0.62
18967000.00,PE,0,IDLE,0.62
18968000.00,PE,0,IDLE,0.62
18969000.00,PE,0,IDLE,0.62
18970000.00,PE,0,IDLE,0.62
18971000.00,PE,0,IDLE,0.62
18972000.00,PE,0,IDLE,0.62
18973000.00,PE,0,IDLE,0.62
18974000.00,PE,0,IDLE,0.62
18975000.00,PE,0,IDLE,0.62
18976000.00,PE,0,IDLE,0.62
18977000.00,PE,0,IDLE,0.62
18978000.00,PE,0,IDLE,0.62
18979000.00,PE,0,IDLE,0.62
18980000.00,PE,0,IDLE,0.62
18981000.00,PE,0,IDLE,0.62
18982000.00,PE,0,IDLE,0.62
18983000.00,PE,0,IDLE,0.62
18984000.00,PE,0,IDLE,0.62
18985000.00,PE,0,IDLE,0.62
18986000.00,PE,0,IDLE,0.62
18987000.00,PE,0,IDLE,0.62
18988000.00,PE,0,IDLE,0.62
18989000.00,PE,0,IDLE,0.62
18990000.00,PE,0,IDLE,0.62
18991000.00,PE,0,IDLE,0.62
18992000.00,PE,0,IDLE,0.62
18993000.00,PE,0,IDLE,0.62
18994000.00,PE,0,IDLE,0.62
18995000.00,PE,0,IDLE,0.62
18996000.00,PE,0,IDLE,0.62
18997000.00,PE,0,IDLE,0.62
18998000.00,PE,0,IDLE,0.62
18999000.00,PE,0,IDLE,0.62
19000000.00,PE,0,IDLE,0.62
19001000.00,PE,0,IDLE,0.62
19002000.00,PE,0,IDLE,0.62
19003000.00,PE,0,IDLE,0.62
19004000.00,PE,0,IDLE,0.62
19005000.00,PE,0,IDLE,0.62
19006000.00,PE,0,IDLE,0.62
19007000.00,PE,0,IDLE,0.62
19008000.00,PE,0,IDLE,0.62
19009000.00,PE,0,IDLE,0.62
19010000.00,PE,0,IDLE,0.62
19011000.00,PE,0,IDLE,0.62
19012000.00,PE,0,IDLE,0.62
19013000.00,PE,0,IDLE,0.62
19014000.00,PE,0,IDLE,0.62
19015000.00,PE,0,IDLE,0.62
19016000.00,PE,0,IDLE,0.62
19017000.00,PE,0,IDLE,0.62
19018000.00,PE,0,IDLE,0.62
19019000.00,PE,0,IDLE,0.62
19020000.00,PE,0,IDLE,0.62
19021000.00,PE,0,IDLE,0.62
19022000.00,PE,0,IDLE,0.62
19023000.00,PE,0,IDLE,0.62
19024000.00,PE,0,IDLE,0.62
19025000.00,PE,0,IDLE,0.62
19026000.00,PE,0,IDLE,0.62
19027000.00,PE,0,IDLE,0.62
19028000.00,PE,0,IDLE,0.62
19029000.00,PE,0,IDLE,0.62
19030000.00,PE,0,IDLE,0.62
19031000.00,PE,0,IDLE,0.62
19032000.00,PE,0,IDLE,0.62
19033000.00,PE,0,IDLE,0.62
19034000.00,PE,0,IDLE,0.62
19035000.00,PE,0,IDLE,0.62
19036000.00,PE,0,IDLE,0.62
19037000.00,PE,0,IDLE,0.62
19038000.00,PE,0,IDLE,0.62
19039000.00,PE,0,IDLE,0.62
19040000.00,PE,0,IDLE,0.62
19041000.00,PE,0,IDLE,0.62
19042000.00,PE,0,IDLE,0.62
19043000.00,PE,0,IDLE,0.62
19044000.00,PE,0,IDLE,0.62
19045000.00,PE,0,IDLE,0.62
19046000.00,PE,0,IDLE,0.62
19047000.00,PE,0,IDLE,0.62
19048000.00,PE,0,IDLE,0.62
19049000.00,PE,0,IDLE,0.62
19050000.00,PE,0,IDLE,0.62
19051000.00,PE,0,IDLE,0.62
19052000.00,PE,0,IDLE,0.62
19053000.00,PE,0,IDLE,0.62
19054000.00,PE,0,IDLE,0.62
19055000.00,PE,0,IDLE,0.62
19056000.00,PE,0,IDLE,0.62
19057000.00,PE,0,IDLE,0.62
19058000.00,PE,0,IDLE,0.62
19059000.00,PE,0,IDLE,0.62
19060000.00,PE,0,IDLE,0.62
19061000.00,PE,0,IDLE,0.62
19062000.00,PE,0,IDLE,0.62
19063000.00,PE,0,IDLE,0.62
19064000.00,PE,0,IDLE,0.62
19065000.00,PE,0,IDLE,0.62
19066000.00,PE,0,IDLE,0.62
19067000.00,PE,0,IDLE,0.62
19068000.00,PE,0,IDLE,0.62
19069000.00,PE,0,IDLE,0.62
19070000.00,PE,0,IDLE,0.62
19071000.00,PE,0,IDLE,0.62
19072000.00,PE,0,IDLE,0.62
19073000.00,PE,0,IDLE,0.62
19074000.00,PE,0,IDLE,0.62
19075000.00,PE,0,IDLE,0.62
19076000.00,PE,0,IDLE,0.62
19077000.00,PE,0,IDLE,0.62
19078000.00,PE,0,IDLE,0.62
19079000.00,PE,0,IDLE,0.62
19080000.00,PE,0,IDLE,0.62
19081000.00,PE,0,IDLE,0.62
19082000.00,PE,0,IDLE,0.62
19083000.00,PE,0,IDLE,0.62
19084000.00,PE,0,IDLE,0.62
19085000.00,PE,0,IDLE,0.62
19086000.00,PE,0,IDLE,0.62
19087000.00,PE,0,IDLE,0.62
19088000.00,PE,0,IDLE,0.62
19089000.00,PE,0,IDLE,0.62
19090000.00,PE,0,IDLE,0.62
19091000.00,PE,0,IDLE,0.62
19092000.00,PE,0,IDLE,0.62
19093000.00,PE,0,IDLE,0.62
19094000.00,PE,0,IDLE,0.62
19095000.00,PE,0,IDLE,0.62
19096000.00,PE,0,IDLE,0.62
19097000.00,PE,0,IDLE,0.62
19098000.00,PE,0,IDLE,0.62
19099000.00,PE,0,IDLE,0.62
19100000.00,PE,0,IDLE,0.62
19101000.00,PE,0,IDLE,0.62
19102000.00,PE,0,IDLE,0.62
19103000.00,PE,0,IDLE,0.62
19104000.00,PE,0,IDLE,0.62
19105000.00,PE,0,IDLE,0.62
19106000.00,PE,0,IDLE,0.62
19107000.00,PE,0,IDLE,0.62
19108000.00,PE,0,IDLE,0.62
19109000.00,PE,0,IDLE,0.62
19110000.00,PE,0,IDLE,0.62
19111000.00,PE,0,IDLE,0.62
19112000.00,PE,0,IDLE,0.62
19113000.00,PE,0,IDLE,0.62
19114000.00,PE,0,IDLE,0.62
19115000.00,PE,0,IDLE,0.62
19116000.00,PE,0,IDLE,0.62
19117000.00,PE,0,IDLE,0.62
19118000.00,PE,0,IDLE,0.62
19119000.00,PE,0,IDLE,0.62
19120000.00,PE,0,IDLE,0.62
19121000.00,PE,0,IDLE,0.62
19122000.00,PE,0,IDLE,0.62
19123000.00,PE,0,IDLE,0.62
19124000.00,PE,0,IDLE,0.62
19125000.00,PE,0,IDLE,0.62
19126000.00,PE,0,IDLE,0.62
19127000.00,PE,0,IDLE,0.62
19128000.00,PE,0,IDLE,0.62
19129000.00,PE,0,IDLE,0.62
19130000.00,PE,0,IDLE,0.62
19131000.00,PE,0,IDLE,0.62
19132000.00,PE,0,IDLE,0.62
19133000.00,PE,0,IDLE,0.62
19134000.00,PE,0,IDLE,0.62
19135000.00,PE,0,IDLE,0.62
19136000.00,PE,0,IDLE,0.62
19137000.00,PE,0,IDLE,0.62
19138000.00,PE,0,IDLE,0.62
19139000.00,PE,0,IDLE,0.62
19140000.00,PE,0,IDLE,0.62
19141000.00,PE,0,IDLE,0.62
19142000.00,PE,0,IDLE,0.62
19143000.00,PE,0,IDLE,0.62
19144000.00,PE,0,IDLE,0.62
19145000.00,PE,0,IDLE,0.62
19146000.00,PE,0,IDLE,0.62
19147000.00,PE,0,IDLE,0.62
19148000.00,PE,0,IDLE,0.62
19149000.00,PE,0,IDLE,0.62
19150000.00,PE,0,IDLE,0.62
19151000.00,PE,0,IDLE,0.62
19152000.00,PE,0,IDLE,0.62
19153000.00,PE,0,IDLE,0.62
19154000.00,PE,0,IDLE,0.62
19155000.00,PE,0,IDLE,0.62
19156000.00,PE,0,IDLE,0.62
19157000.00,PE,0,IDLE,0.62
19158000.00,PE,0,IDLE,0.62
19159000.00,PE,0,IDLE,0.62
19160000.00,PE,0,IDLE,0.62
19161000.00,PE,0,IDLE,0.62
19162000.00,PE,0,IDLE,0.62
19163000.00,PE,0,IDLE,0.62
19164000.00,PE,0,IDLE,0.62
19165000.00,PE,0,IDLE,0.62
19166000.00,PE,0,IDLE,0.62
19167000.00,PE,0,IDLE,0.62
19168000.00,PE,0,IDLE,0.62
19169000.00,PE,0,IDLE,0.62
19170000.00,PE,0,IDLE,0.62
19171000.00,PE,0,IDLE,0.62
19172000.00,PE,0,IDLE,0.62
19173000.00,PE,0,IDLE,0.62
19174000.00,PE,0,IDLE,0.62
19175000.00,PE,0,IDLE,0.62
19176000.00,PE,0,IDLE,0.62
19177000.00,PE,0,IDLE,0.62
19178000.00,PE,0,IDLE,0.62
19179000.00,PE,0,IDLE,0.62
19180000.00,PE,0,IDLE,0.62
19181000.00,PE,0,IDLE,0.62
19182000.00,PE,0,IDLE,0.62
19183000.00,PE,0,IDLE,0.62
19184000.00,PE,0,IDLE,0.62
19185000.00,PE,0,IDLE,0.62
19186000.00,PE,0,IDLE,0.62
19187000.00,PE,0,IDLE,0.62
19188000.00,PE,0,IDLE,0.62
19189000.00,PE,0,IDLE,0.62
19190000.00,PE,0,IDLE,0.62
19191000.00,PE,0,IDLE,0.62
19192000.00,PE,0,IDLE,0.62
19193000.00,PE,0,IDLE,0.62
19194000.00,PE,0,IDLE,0.62
19195000.00,PE,0,IDLE,0.62
19196000.00,PE,0,IDLE,0.62
19197000.00,PE,0,IDLE,0.62
19198000.00,PE,0,IDLE,0.62
19199000.00,PE,0,IDLE,0.62
19200000.00,PE,0,IDLE,0.62
19201000.00,PE,0,IDLE,0.62
19202000.00,PE,0,IDLE,0.62
19203000.00,PE,0,IDLE,0.62
19204000.00,PE,0,IDLE,0.62
19205000.00,PE,0,IDLE,0.62
19206000.00,PE,0,IDLE,0.62
19207000.00,PE,0,IDLE,0.62
19208000.00,PE,0,IDLE,0.62
19209000.00,PE,0,IDLE,0.62
19210000.00,PE,0,IDLE,0.62
19211000.00,PE,0,IDLE,0.62
19212000.00,PE,0,IDLE,0.62
19213000.00,PE,0,IDLE,0.62
19214000.00,PE,0,IDLE,0.62
19215000.00,PE,0,IDLE,0.62
19216000.00,PE,0,IDLE,0.62
19217000.00,PE,0,IDLE,0.62
19218000.00,PE,0,IDLE,0.62
19219000.00,PE,0,IDLE,0.62
19220000.00,PE,0,IDLE,0.62
19221000.00,PE,0,IDLE,0.62
19222000.00,PE,0,IDLE,0.62
19223000.00,PE,0,IDLE,0.62
19224000.00,PE,0,IDLE,0.62
19225000.00,PE,0,IDLE,0.62
19226000.00,PE,0,IDLE,0.62
19227000.00,PE,0,IDLE,0.62
19228000.00,PE,0,IDLE,0.62
19229000.00,PE,0,IDLE,0.62
19230000.00,PE,0,IDLE,0.62
19231000.00,PE,0,IDLE,0.62
19232000.00,PE,0,IDLE,0.62
19233000.00,PE,0,IDLE,0.62
19234000.00,PE,0,IDLE,0.62
19235000.00,PE,0,IDLE,0.62
19236000.00,PE,0,IDLE,0.62
19237000.00,PE,0,IDLE,0.62
19238000.00,PE,0,IDLE,0.62
19239000.00,PE,0,IDLE,0.62
19240000.00,PE,0,IDLE,0.62
19241000.00,PE,0,IDLE,0.62
19242000.00,PE,0,IDLE,0.62
19243000.00,PE,0,IDLE,0.62
19244000.00,PE,0,IDLE,0.62
19245000.00,PE,0,IDLE,0.62
19246000.00,PE,0,IDLE,0.62
19247000.00,PE,0,IDLE,0.62
19248000.00,PE,0,IDLE,0.62
19249000.00,PE,0,IDLE,0.62
19250000.00,PE,0,IDLE,0.62
19251000.00,PE,0,IDLE,0.62
19252000.00,PE,0,IDLE,0.62
19253000.00,PE,0,IDLE,0.62
19254000.00,PE,0,IDLE,0.62
19255000.00,PE,0,IDLE,0.62
19256000.00,PE,0,IDLE,0.62
19257000.00,PE,0,IDLE,0.62
19258000.00,PE,0,IDLE,0.62
19259000.00,PE,0,IDLE,0.62
19260000.00,PE,0,IDLE,0.62
19261000.00,PE,0,IDLE,0.62
19262000.00,PE,0,IDLE,0.62
19263000.00,PE,0,IDLE,0.62
19264000.00,PE,0,IDLE,0.62
19265000.00,PE,0,IDLE,0.62
19266000.00,PE,0,IDLE,0.62
19267000.00,PE,0,IDLE,0.62
19268000.00,PE,0,IDLE,0.62
19269000.00,PE,0,IDLE,0.62
19270000.00,PE,0,IDLE,0.62
19271000.00,PE,0,IDLE,0.62
19272000.00,PE,0,IDLE,0.62
19273000.00,PE,0,IDLE,0.62
19274000.00,PE,0,IDLE,0.62
19275000.00,PE,0,IDLE,0.62
19276000.00,PE,0,IDLE,0.62
19277000.00,PE,0,IDLE,0.62
19278000.00,PE,0,IDLE,0.62
19279000.00,PE,0,IDLE,0.62
19280000.00,PE,0,IDLE,0.62
19281000.00,PE,0,IDLE,0.62
19282000.00,PE,0,IDLE,0.62
19283000.00,PE,0,IDLE,0.62
19284000.00,PE,0,IDLE,0.62
19285000.00,PE,0,IDLE,0.62
19286000.00,PE,0,IDLE,0.62
19287000.00,PE,0,IDLE,0.62
19288000.00,PE,0,IDLE,0.62
19289000.00,PE,0,IDLE,0.62
19290000.00,PE,0,IDLE,0.62
19291000.00,PE,0,IDLE,0.62
19292000.00,PE,0,IDLE,0.62
19293000.00,PE,0,IDLE,0.62
19294000.00,PE,0,IDLE,0.62
19295000.00,PE,0,IDLE,0.62
19296000.00,PE,0,IDLE,0.62
19297000.00,PE,0,IDLE,0.62
19298000.00,PE,0,IDLE,0.62
19299000.00,PE,0,IDLE,0.62
19300000.00,PE,0,IDLE,0.62
19301000.00,PE,0,IDLE,0.62
19302000.00,PE,0,IDLE,0.62
19303000.00,PE,0,IDLE,0.62
19304000.00,PE,0,IDLE,0.62
19305000.00,PE,0,IDLE,0.62
19306000.00,PE,0,IDLE,0.62
19307000.00,PE,0,IDLE,0.62
19308000.00,PE,0,IDLE,0.62
19309000.00,PE,0,IDLE,0.62
19310000.00,PE,0,IDLE,0.62
19311000.00,PE,0,IDLE,0.62
19312000.00,PE,0,IDLE,0.62
19313000.00,PE,0,IDLE,0.62
19314000.00,PE,0,IDLE,0.62
19315000.00,PE,0,IDLE,0.62
19316000.00,PE,0,IDLE,0.62
19317000.00,PE,0,IDLE,0.62
19318000.00,PE,0,IDLE,0.62
19319000.00,PE,0,IDLE,0.62
19320000.00,PE,0,IDLE,0.62
19321000.00,PE,0,IDLE,0.62
19322000.00,PE,0,IDLE,0.62
19323000.00,PE,0,IDLE,0.62
19324000.00,PE,0,IDLE,0.62
19325000.00,PE,0,IDLE,0.62
19326000.00,PE,0,IDLE,0.62
19327000.00,PE,0,IDLE,0.62
19328000.00,PE,0,IDLE,0.62
19329000.00,PE,0,IDLE,0.62
19330000.00,PE,0,IDLE,0.62
19331000.00,PE,0,IDLE,0.62
19332000.00,PE,0,IDLE,0.62
19333000.00,PE,0,IDLE,0.62
19334000.00,PE,0,IDLE,0.62
19335000.00,PE,0,IDLE,0.62
19336000.00,PE,0,IDLE,0.62
19337000.00,PE,0,IDLE,0.62
19338000.00,PE,0,IDLE,0.62
19339000.00,PE,0,IDLE,0.62
19340000.00,PE,0,IDLE,0.62
19341000.00,PE,0,IDLE,0.62
19342000.00,PE,0,IDLE,0.62
19343000.00,PE,0,IDLE,0.62
19344000.00,PE,0,IDLE,0.62
19345000.00,PE,0,IDLE,0.62
19346000.00,PE,0,IDLE,0.62
19347000.00,PE,0,IDLE,0.62
19348000.00,PE,0,IDLE,0.62
19349000.00,PE,0,IDLE,0.62
19350000.00,PE,0,IDLE,0.62
19351000.00,PE,0,IDLE,0.62
19352000.00,PE,0,IDLE,0.62
19353000.00,PE,0,IDLE,0.62
19354000.00,PE,0,IDLE,0.62
19355000.00,PE,0,IDLE,0.62
19356000.00,PE,0,IDLE,0.62
19357000.00,PE,0,IDLE,0.62
19358000.00,PE,0,IDLE,0.62
19359000.00,PE,0,IDLE,0.62
19360000.00,PE,0,IDLE,0.62
19361000.00,PE,0,IDLE,0.62
19362000.00,PE,0,IDLE,0.62
19363000.00,PE,0,IDLE,0.62
19364000.00,PE,0,IDLE,0.62
19365000.00,PE,0,IDLE,0.62
19366000.00,PE,0,IDLE,0.62
19367000.00,PE,0,IDLE,0.62
19368000.00,PE,0,IDLE,0.62
19369000.00,PE,0,IDLE,0.62
19370000.00,PE,0,IDLE,0.62
19371000.00,PE,0,IDLE,0.62
19372000.00,PE,0,IDLE,0.62
19373000.00,PE,0,IDLE,0.62
19374000.00,PE,0,IDLE,0.62
19375000.00,PE,0,IDLE,0.62
19376000.00,PE,0,IDLE,0.62
19377000.00,PE,0,IDLE,0.62
19378000.00,PE,0,IDLE,0.62
19379000.00,PE,0,IDLE,0.62
19380000.00,PE,0,IDLE,0.62
19381000.00,PE,0,IDLE,0.62
19382000.00,PE,0,IDLE,0.62
19383000.00,PE,0,IDLE,0.62
19384000.00,PE,0,IDLE,0.62
19385000.00,PE,0,IDLE,0.62
19386000.00,PE,0,IDLE,0.62
19387000.00,PE,0,IDLE,0.62
19388000.00,PE,0,IDLE,0.62
19389000.00,PE,0,IDLE,0.62
19390000.00,PE,0,IDLE,0.62
19391000.00,PE,0,IDLE,0.62
19392000.00,PE,0,IDLE,0.62
19393000.00,PE,0,IDLE,0.62
19394000.00,PE,0,IDLE,0.62
19395000.00,PE,0,IDLE,0.62
19396000.00,PE,0,IDLE,0.62
19397000.00,PE,0,IDLE,0.62
19398000.00,PE,0,IDLE,0.62
19399000.00,PE,0,IDLE,0.62
19400000.00,PE,0,IDLE,0.62
19401000.00,PE,0,IDLE,0.62
19402000.00,PE,0,IDLE,0.62
19403000.00,PE,0,IDLE,0.62
19404000.00,PE,0,IDLE,0.62
19405000.00,PE,0,IDLE,0.62
19406000.00,PE,0,IDLE,0.62
19407000.00,PE,0,IDLE,0.62
19408000.00,PE,0,IDLE,0.62
19409000.00,PE,0,IDLE,0.62
19410000.00,PE,0,IDLE,0.62
19411000.00,PE,0,IDLE,0.62
19412000.00,PE,0,IDLE,0.62
19413000.00,PE,0,IDLE,0.62
19414000.00,PE,0,IDLE,0.62
19415000.00,PE,0,IDLE,0.62
19416000.00,PE,0,IDLE,0.62
19417000.00,PE,0,IDLE,0.62
19418000.00,PE,0,IDLE,0.62
19419000.00,PE,0,IDLE,0.62
19420000.00,PE,0,IDLE,0.62
19421000.00,PE,0,IDLE,0.62
19422000.00,PE,0,IDLE,0.62
19423000.00,PE,0,IDLE,0.62
19424000.00,PE,0,IDLE,0.62
19425000.00,PE,0,IDLE,0.62
19426000.00,PE,0,IDLE,0.62
19427000.00,PE,0,IDLE,0.62
19428000.00,PE,0,IDLE,0.62
19429000.00,PE,0,IDLE,0.62
19430000.00,PE,0,IDLE,0.62
19431000.00,PE,0,IDLE,0.62
19432000.00,PE,0,IDLE,0.62
19433000.00,PE,0,IDLE,0.62
19434000.00,PE,0,IDLE,0.62
19435000.00,PE,0,IDLE,0.62
19436000.00,PE,0,IDLE,0.62
19437000.00,PE,0,IDLE,0.62
19438000.00,PE,0,IDLE,0.62
19439000.00,PE,0,IDLE,0.62
19440000.00,PE,0,IDLE,0.62
19441000.00,PE,0,IDLE,0.62
19442000.00,PE,0,IDLE,0.62
19443000.00,PE,0,IDLE,0.62
19444000.00,PE,0,IDLE,0.62
19445000.00,PE,0,IDLE,0.62
19446000.00,PE,0,IDLE,0.62
19447000.00,PE,0,IDLE,0.62
19448000.00,PE,0,IDLE,0.62
19449000.00,PE,0,IDLE,0.62
19450000.00,PE,0,IDLE,0.62
19451000.00,PE,0,IDLE,0.62
19452000.00,PE,0,IDLE,0.62
19453000.00,PE,0,IDLE,0.62
19454000.00,PE,0,IDLE,0.62
19455000.00,PE,0,IDLE,0.62
19456000.00,PE,0,IDLE,0.62
19457000.00,PE,0,IDLE,0.62
19458000.00,PE,0,IDLE,0.62
19459000.00,PE,0,IDLE,0.62
19460000.00,PE,0,IDLE,0.62
19461000.00,PE,0,IDLE,0.62
19462000.00,PE,0,IDLE,0.62
19463000.00,PE,0,IDLE,0.62
19464000.00,PE,0,IDLE,0.62
19465000.00,PE,0,IDLE,0.62
19466000.00,PE,0,IDLE,0.62
19467000.00,PE,0,IDLE,0.62
19468000.00,PE,0,IDLE,0.62
19469000.00,PE,0,IDLE,0.62
19470000.00,PE,0,IDLE,0.62
19471000.00,PE,0,IDLE,0.62
19472000.00,PE,0,IDLE,0.62
19473000.00,PE,0,IDLE,0.62
19474000.00,PE,0,IDLE,0.62
19475000.00,PE,0,IDLE,0.62
19476000.00,PE,0,IDLE,0.62
19477000.00,PE,0,IDLE,0.62
19478000.00,PE,0,IDLE,0.62
19479000.00,PE,0,IDLE,0.62
19480000.00,PE,0,IDLE,0.62
19481000.00,PE,0,IDLE,0.62
19482000.00,PE,0,IDLE,0.62
19483000.00,PE,0,IDLE,0.62
19484000.00,PE,0,IDLE,0.62
19485000.00,PE,0,IDLE,0.62
19486000.00,PE,0,IDLE,0.62
19487000.00,PE,0,IDLE,0.62
19488000.00,PE,0,IDLE,0.62
19489000.00,PE,0,IDLE,0.62
19490000.00,PE,0,IDLE,0.62
19491000.00,PE,0,IDLE,0.62
19492000.00,PE,0,IDLE,0.62
19493000.00,PE,0,IDLE,0.62
19494000.00,PE,0,IDLE,0.62
19495000.00,PE,0,IDLE,0.62
19496000.00,PE,0,IDLE,0.62
19497000.00,PE,0,IDLE,0.62
19498000.00,PE,0,IDLE,0.62
19499000.00,PE,0,IDLE,0.62
19500000.00,PE,0,IDLE,0.62
19501000.00,PE,0,IDLE,0.62
19502000.00,PE,0,IDLE,0.62
19503000.00,PE,0,IDLE,0.62
19504000.00,PE,0,IDLE,0.62
19505000.00,PE,0,IDLE,0.62
19506000.00,PE,0,IDLE,0.62
19507000.00,PE,0,IDLE,0.62
19508000.00,PE,0,IDLE,0.62
19509000.00,PE,0,IDLE,0.62
19510000.00,PE,0,IDLE,0.62
19511000.00,PE,0,IDLE,0.62
19512000.00,PE,0,IDLE,0.62
19513000.00,PE,0,IDLE,0.62
19514000.00,PE,0,IDLE,0.62
19515000.00,PE,0,IDLE,0.62
19516000.00,PE,0,IDLE,0.62
19517000.00,PE,0,IDLE,0.62
19518000.00,PE,0,IDLE,0.62
19519000.00,PE,0,IDLE,0.62
19520000.00,PE,0,IDLE,0.62
19521000.00,PE,0,IDLE,0.62
19522000.00,PE,0,IDLE,0.62
19523000.00,PE,0,IDLE,0.62
19524000.00,PE,0,IDLE,0.62
19525000.00,PE,0,IDLE,0.62
19526000.00,PE,0,IDLE,0.62
19527000.00,PE,0,IDLE,0.62
19528000.00,PE,0,IDLE,0.62
19529000.00,PE,0,IDLE,0.62
19530000.00,PE,0,IDLE,0.62
19531000.00,PE,0,IDLE,0.62
19532000.00,PE,0,IDLE,0.62
19533000.00,PE,0,IDLE,0.62
19534000.00,PE,0,IDLE,0.62
19535000.00,PE,0,IDLE,0.62
19536000.00,PE,0,IDLE,0.62
19537000.00,PE,0,IDLE,0.62
19538000.00,PE,0,IDLE,0.62
19539000.00,PE,0,IDLE,0.62
19540000.00,PE,0,IDLE,0.62
19541000.00,PE,0,IDLE,0.62
19542000.00,PE,0,IDLE,0.62
19543000.00,PE,0,IDLE,0.62
19544000.00,PE,0,IDLE,0.62
19545000.00,PE,0,IDLE,0.62
19546000.00,PE,0,IDLE,0.62
19547000.00,PE,0,IDLE,0.62
19548000.00,PE,0,IDLE,0.62
19549000.00,PE,0,IDLE,0.62
19550000.00,PE,0,IDLE,0.62
19551000.00,PE,0,IDLE,0.62
19552000.00,PE,0,IDLE,0.62
19553000.00,PE,0,IDLE,0.62
19554000.00,PE,0,IDLE,0.62
19555000.00,PE,0,IDLE,0.62
19556000.00,PE,0,IDLE,0.62
19557000.00,PE,0,IDLE,0.62
19558000.00,PE,0,IDLE,0.62
19559000.00,PE,0,IDLE,0.62
19560000.00,PE,0,IDLE,0.62
19561000.00,PE,0,IDLE,0.62
19562000.00,PE,0,IDLE,0.62
19563000.00,PE,0,IDLE,0.62
19564000.00,PE,0,IDLE,0.62
19565000.00,PE,0,IDLE,0.62
19566000.00,PE,0,IDLE,0.62
19567000.00,PE,0,IDLE,0.62
19568000.00,PE,0,IDLE,0.62
19569000.00,PE,0,IDLE,0.62
19570000.00,PE,0,IDLE,0.62
19571000.00,PE,0,IDLE,0.62
19572000.00,PE,0,IDLE,0.62
19573000.00,PE,0,IDLE,0.62
19574000.00,PE,0,IDLE,0.62
19575000.00,PE,0,IDLE,0.62
19576000.00,PE,0,IDLE,0.62
19577000.00,PE,0,IDLE,0.62
19578000.00,PE,0,IDLE,0.62
19579000.00,PE,0,IDLE,0.62
19580000.00,PE,0,IDLE,0.62
19581000.00,PE,0,IDLE,0.62
19582000.00,PE,0,IDLE,0.62
19583000.00,PE,0,IDLE,0.62
19584000.00,PE,0,IDLE,0.62
19585000.00,PE,0,IDLE,0.62
19586000.00,PE,0,IDLE,0.62
19587000.00,PE,0,IDLE,0.62
19588000.00,PE,0,IDLE,0.62
19589000.00,PE,0,IDLE,0.62
19590000.00,PE,0,IDLE,0.62
19591000.00,PE,0,IDLE,0.62
19592000.00,PE,0,IDLE,0.62
19593000.00,PE,0,IDLE,0.62
19594000.00,PE,0,IDLE,0.62
19595000.00,PE,0,IDLE,0.62
19596000.00,PE,0,IDLE,0.62
19597000.00,PE,0,IDLE,0.62
19598000.00,PE,0,IDLE,0.62
19599000.00,PE,0,IDLE,0.62
19600000.00,PE,0,IDLE,0.62
19601000.00,PE,0,IDLE,0.62
19602000.00,PE,0,IDLE,0.62
19603000.00,PE,0,IDLE,0.62
19604000.00,PE,0,IDLE,0.62
19605000.00,PE,0,IDLE,0.62
19606000.00,PE,0,IDLE,0.62
19607000.00,PE,0,IDLE,0.62
19608000.00,PE,0,IDLE,0.62
19609000.00,PE,0,IDLE,0.62
19610000.00,PE,0,IDLE,0.62
19611000.00,PE,0,IDLE,0.62
19612000.00,PE,0,IDLE,0.62
19613000.00,PE,0,IDLE,0.62
19614000.00,PE,0,IDLE,0.62
19615000.00,PE,0,IDLE,0.62
19616000.00,PE,0,IDLE,0.62
19617000.00,PE,0,IDLE,0.62
19618000.00,PE,0,IDLE,0.62
19619000.00,PE,0,IDLE,0.62
19620000.00,PE,0,IDLE,0.62
19621000.00,PE,0,IDLE,0.62
19622000.00,PE,0,IDLE,0.62
19623000.00,PE,0,IDLE,0.62
19624000.00,PE,0,IDLE,0.62
19625000.00,PE,0,IDLE,0.62
19626000.00,PE,0,IDLE,0.62
19627000.00,PE,0,IDLE,0.62
19628000.00,PE,0,IDLE,0.62
19629000.00,PE,0,IDLE,0.62
19630000.00,PE,0,IDLE,0.62
19631000.00,PE,0,IDLE,0.62
19632000.00,PE,0,IDLE,0.62
19633000.00,PE,0,IDLE,0.62
19634000.00,PE,0,IDLE,0.62
19635000.00,PE,0,IDLE,0.62
19636000.00,PE,0,IDLE,0.62
19637000.00,PE,0,IDLE,0.62
19638000.00,PE,0,IDLE,0.62
19639000.00,PE,0,IDLE,0.62
19640000.00,PE,0,IDLE,0.62
19641000.00,PE,0,IDLE,0.62
19642000.00,PE,0,IDLE,0.62
19643000.00,PE,0,IDLE,0.62
19644000.00,PE,0,IDLE,0.62
19645000.00,PE,0,IDLE,0.62
19646000.00,PE,0,IDLE,0.62
19647000.00,PE,0,IDLE,0.62
19648000.00,PE,0,IDLE,0.62
19649000.00,PE,0,IDLE,0.62
19650000.00,PE,0,IDLE,0.62
19651000.00,PE,0,IDLE,0.62
19652000.00,PE,0,IDLE,0.62
19653000.00,PE,0,IDLE,0.62
19654000.00,PE,0,IDLE,0.62
19655