sample_id,sample_seed,valid_for_cost,failure_reason,mapping_csv,TR2_composite_cost,T1_pe_peak_temp_K,T3_temp_std_K,T5_over_throttle_count,P1_makespan_s,P3_dvfs_penalty_pct,C1_total_comm_cost,raw_congestion_cost,raw_load_imbalance,E7_pe_optical_comm_energy_J,run_ok,temperature_source,parsed_pe_count,assignment
0,0,True,,gemm\random\mappings\sample_000_seed_0.csv,5.064253517426359,327.84803847411,1.6486174690143234,1,0.0001181288,0.11261328125,101376.0,27648.0,1.3011307280301527,0.0015298133098243156,True,vec,16,"{""1"": 12, ""2"": 13, ""3"": 1, ""4"": 8, ""5"": 15, ""6"": 12, ""7"": 9, ""8"": 15, ""9"": 11, ""10"": 6}"
1,1,True,,gemm\random\mappings\sample_001_seed_1.csv,5.379805960014633,327.85293823643,1.7325763739321143,2,0.0001186431,0.24763772321428754,154624.0,24576.0,1.4407855584209481,0.0015377096057154628,True,vec,16,"{""1"": 4, ""2"": 2, ""3"": 8, ""4"": 3, ""5"": 15, ""6"": 14, ""7"": 15, ""8"": 12, ""9"": 6, ""10"": 3}"
2,2,True,,gemm\random\mappings\sample_002_seed_2.csv,5.479650789437502,327.32799523908,1.3311973671505934,1,0.0001667107,0.016199500000000002,82944.0,28672.0,1.8089664749057726,0.0017844995039036982,True,vec,16,"{""1"": 1, ""2"": 2, ""3"": 2, ""4"": 11, ""5"": 5, ""6"": 9, ""7"": 8, ""8"": 6, ""9"": 1, ""10"": 5}"
3,3,True,,gemm\random\mappings\sample_003_seed_3.csv,4.624773679233953,327.55796727599,1.5353787875106821,1,0.0001180008,0.102896171875,92160.0,17408.0,1.3011307280301527,0.0015279865713412183,True,vec,16,"{""1"": 7, ""2"": 4, ""3"": 11, ""4"": 15, ""5"": 2, ""6"": 0, ""7"": 15, ""8"": 8, ""9"": 7, ""10"": 6}"
4,4,True,,gemm\random\mappings\sample_004_seed_4.csv,5.162912303458194,327.84521516313,1.568499136221093,1,0.000146421,0.26591875,134144.0,16384.0,1.2884348343582623,0.0016812527016283423,True,vec,16,"{""1"": 7, ""2"": 9, ""3"": 3, ""4"": 12, ""5"": 15, ""6"": 4, ""7"": 2, ""8"": 2, ""9"": 0, ""10"": 12}"
5,5,True,,gemm\random\mappings\sample_005_seed_5.csv,4.916978634875074,327.03368920607,1.6605429043961186,0,0.0001169228,0.0,134144.0,26624.0,1.1868676849831383,0.001519958289774075,True,vec,16,"{""1"": 8, ""2"": 11, ""3"": 0, ""4"": 14, ""5"": 7, ""6"": 1, ""7"": 5, ""8"": 3, ""9"": 11, ""10"": 15}"
6,6,True,,gemm\random\mappings\sample_006_seed_6.csv,5.683574455561268,328.16095691634,1.8019647894939024,3,0.0001192449,0.5007955282738125,141312.0,28672.0,1.4407855584209481,0.0015468771680566115,True,vec,16,"{""1"": 2, ""2"": 15, ""3"": 8, ""4"": 1, ""5"": 0, ""6"": 4, ""7"": 15, ""8"": 11, ""9"": 10, ""10"": 0}"
7,7,True,,gemm\random\mappings\sample_007_seed_7.csv,5.104539732987325,327.47276469412,1.7178803794184354,1,0.0001171907,0.10618104166666875,116736.0,25600.0,1.5931362824836341,0.0015230621530355302,True,vec,16,"{""1"": 10, ""2"": 4, ""3"": 12, ""4"": 1, ""5"": 2, ""6"": 3, ""7"": 11, ""8"": 1, ""9"": 6, ""10"": 1}"
8,8,True,,gemm\random\mappings\sample_008_seed_8.csv,4.846549442654718,326.96397842623,1.4968040514542909,0,0.0001168886,0.0,108544.0,27648.0,1.5550486014679628,0.0015184567982428085,True,vec,16,"{""1"": 7, ""2"": 11, ""3"": 12, ""4"": 4, ""5"": 6, ""6"": 1, ""7"": 2, ""8"": 4, ""9"": 7, ""10"": 6}"
9,9,True,,gemm\random\mappings\sample_009_seed_9.csv,4.8786502887859555,327.21543885556,1.5219898855748857,1,0.0001170166,0.015705375,132096.0,24576.0,1.0726046419361237,0.001519863780749876,True,vec,16,"{""1"": 14, ""2"": 11, ""3"": 8, ""4"": 4, ""5"": 5, ""6"": 0, ""7"": 10, ""8"": 14, ""9"": 2, ""10"": 10}"
10,10,True,,gemm\random\mappings\sample_010_seed_10.csv,4.648237986011891,327.62675205467,1.5140426138700953,1,0.000117751,0.081179453125,111616.0,16384.0,1.2630430470144813,0.001525798852886614,True,vec,16,"{""1"": 1, ""2"": 13, ""3"": 15, ""4"": 0, ""5"": 6, ""6"": 14, ""7"": 15, ""8"": 8, ""9"": 5, ""10"": 1}"
11,11,True,,gemm\random\mappings\sample_011_seed_11.csv,5.256248555890995,327.52479800481,1.376127732945392,1,0.0001661026,0.13996708333333124,69632.0,12288.0,3.0785558420948225,0.001781538402450903,True,vec,16,"{""1"": 14, ""2"": 14, ""3"": 14, ""4"": 6, ""5"": 5, ""6"": 15, ""7"": 5, ""8"": 3, ""9"": 14, ""10"": 9}"
12,12,True,,gemm\random\mappings\sample_012_seed_12.csv,5.636333254268616,327.99965903239,1.8284427150064224,3,0.0001195288,0.6086213611111125,134144.0,25600.0,1.6820075381868678,0.0015493591118428073,True,vec,16,"{""1"": 15, ""2"": 8, ""3"": 11, ""4"": 4, ""5"": 12, ""6"": 0, ""7"": 11, ""8"": 15, ""9"": 8, ""10"": 14}"
13,13,True,,gemm\random\mappings\sample_013_seed_13.csv,4.739066559435565,326.51034287895,1.5464750295563499,0,0.0001168407,0.0,89088.0,24576.0,1.9486213052965682,0.0015181866944896883,True,vec,16,"{""1"": 8, ""2"": 9, ""3"": 5, ""4"": 7, ""5"": 4, ""6"": 7, ""7"": 5, ""8"": 4, ""9"": 2, ""10"": 6}"
14,14,True,,gemm\random\mappings\sample_014_seed_14.csv,5.443117437173244,325.87813678272,1.3297427745071573,0,0.0001665647,0.0,150528.0,25600.0,2.050188454671692,0.0017822478652371658,True,vec,16,"{""1"": 3, ""2"": 7, ""3"": 8, ""4"": 8, ""5"": 9, ""6"": 2, ""7"": 14, ""8"": 9, ""9"": 14, ""10"": 12}"
15,15,True,,gemm\random\mappings\sample_015_seed_15.csv,5.604348452843144,329.05923616285,1.9202518891371971,2,0.0001255069,0.8341085156250001,72704.0,25600.0,1.8216623685776632,0.0015956548662179903,True,vec,16,"{""1"": 6, ""2"": 0, ""3"": 1, ""4"": 5, ""5"": 7, ""6"": 0, ""7"": 1, ""8"": 4, ""9"": 11, ""10"": 7}"
16,16,True,,gemm\random\mappings\sample_016_seed_16.csv,5.063918493436793,326.77403399115,1.484051225314687,0,0.0001663088,0.0,80896.0,18432.0,1.8216623685776632,0.0017829971124546536,True,vec,16,"{""1"": 11, ""2"": 15, ""3"": 15, ""4"": 9, ""5"": 13, ""6"": 7, ""7"": 14, ""8"": 0, ""9"": 13, ""10"": 8}"
17,17,True,,gemm\random\mappings\sample_017_seed_17.csv,5.353711102554147,327.55674355738,1.3561431981852197,1,0.0001664048,0.136823125,89088.0,24576.0,1.4407855584209481,0.0017842231244834942,True,vec,16,"{""1"": 13, ""2"": 9, ""3"": 11, ""4"": 9, ""5"": 5, ""6"": 8, ""7"": 3, ""8"": 0, ""9"": 7, ""10"": 12}"
18,18,True,,gemm\random\mappings\sample_018_seed_18.csv,5.721610084819367,327.78497450806,1.6590641507245503,1,0.0001463467,0.26518025,103424.0,35840.0,1.4534814520928387,0.0016832745747564068,True,vec,16,"{""1"": 5, ""2"": 3, ""3"": 14, ""4"": 10, ""5"": 7, ""6"": 6, ""7"": 15, ""8"": 15, ""9"": 5, ""10"": 15}"
19,19,True,,gemm\random\mappings\sample_019_seed_19.csv,5.044524064630931,327.17912624614,1.6328978840777828,1,0.000116885,0.003042875,123904.0,27648.0,1.3392184090458243,0.0015193396001657942,True,vec,16,"{""1"": 1, ""2"": 3, ""3"": 6, ""4"": 12, ""5"": 11, ""6"": 9, ""7"": 4, ""8"": 8, ""9"": 3, ""10"": 8}"
20,20,True,,gemm\random\mappings\sample_020_seed_20.csv,4.920489252301815,326.3931182887,1.3413247411921985,0,0.000146859,0.0,110592.0,24576.0,1.2884348343582623,0.0016780541661145965,True,vec,16,"{""1"": 4, ""2"": 8, ""3"": 3, ""4"": 10, ""5"": 5, ""6"": 0, ""7"": 13, ""8"": 13, ""9"": 2, ""10"": 3}"
21,21,True,,gemm\random\mappings\sample_021_seed_21.csv,5.40221960528688,326.50705243395,1.4577979079925167,0,0.0001666451,0.0,105472.0,26624.0,1.9359254116246776,0.0017848078279830912,True,vec,16,"{""1"": 5, ""2"": 13, ""3"": 13, ""4"": 9, ""5"": 15, ""6"": 6, ""7"": 15, ""8"": 5, ""9"": 7, ""10"": 0}"
22,22,True,,gemm\random\mappings\sample_022_seed_22.csv,5.72393042187268,329.50661925237,1.7249420055746472,3,0.000121741,1.2815326562499794,112640.0,25600.0,1.1868676849831383,0.0015664029198549192,True,vec,16,"{""1"": 4, ""2"": 7, ""3"": 0, ""4"": 14, ""5"": 5, ""6"": 3, ""7"": 11, ""8"": 2, ""9"": 7, ""10"": 8}"
23,23,True,,gemm\random\mappings\sample_023_seed_23.csv,4.212649242781243,326.67137428516,1.4517778225574065,0,0.0001167888,0.0,96256.0,14336.0,0.9964292799047808,0.0015173743071867135,True,vec,16,"{""1"": 9, ""2"": 2, ""3"": 0, ""4"": 9, ""5"": 13, ""6"": 12, ""7"": 11, ""8"": 4, ""9"": 6, ""10"": 8}"
24,24,True,,gemm\random\mappings\sample_024_seed_24.csv,5.881552915616616,326.34138365405,1.4845053899926424,0,0.0001665808,0.0,131072.0,32768.0,2.837333862328903,0.0017827287447783758,True,vec,16,"{""1"": 12, ""2"": 5, ""3"": 6, ""4"": 5, ""5"": 6, ""6"": 5, ""7"": 2, ""8"": 4, ""9"": 9, ""10"": 0}"
25,25,True,,gemm\random\mappings\sample_025_seed_25.csv,5.0117009828504,326.36038620862,1.3679756155123026,0,0.0001464868,0.0,125952.0,24576.0,1.4153937710771671,0.0016760652131088422,True,vec,16,"{""1"": 12, ""2"": 0, ""3"": 6, ""4"": 9, ""5"": 15, ""6"": 1, ""7"": 8, ""8"": 1, ""9"": 9, ""10"": 13}"
26,26,True,,gemm\random\mappings\sample_026_seed_26.csv,4.663532702390935,326.44931397221,1.4178808490317445,0,0.0001168748,0.0,89088.0,25600.0,1.7581829002182108,0.0015176617993792444,True,vec,16,"{""1"": 6, ""2"": 6, ""3"": 13, ""4"": 1, ""5"": 4, ""6"": 15, ""7"": 1, ""8"": 5, ""9"": 13, ""10"": 7}"
27,27,True,,gemm\random\mappings\sample_027_seed_27.csv,5.480093876864215,326.16590872333,1.3490288005702271,0,0.0001466668,0.0,145408.0,32768.0,2.177147391390597,0.0016773426189675292,True,vec,16,"{""1"": 15, ""2"": 8, ""3"": 9, ""4"": 6, ""5"": 2, ""6"": 2, ""7"": 8, ""8"": 10, ""9"": 8, ""10"": 11}"
28,28,True,,gemm\random\mappings\sample_028_seed_28.csv,5.394453169738693,326.44776955084,1.2951611069666704,0,0.0001665967,0.0,128000.0,24576.0,2.177147391390597,0.0017832228139264153,True,vec,16,"{""1"": 3, ""2"": 4, ""3"": 5, ""4"": 7, ""5"": 4, ""6"": 14, ""7"": 13, ""8"": 6, ""9"": 6, ""10"": 4}"
29,29,True,,gemm\random\mappings\sample_029_seed_29.csv,5.306628501904869,327.68051689023,1.3289174094988632,1,0.0001666507,0.17999500000000002,112640.0,18432.0,1.6312239634993058,0.0017861815802089635,True,vec,16,"{""1"": 2, ""2"": 11, ""3"": 9, ""4"": 2, ""5"": 11, ""6"": 12, ""7"": 13, ""8"": 0, ""9"": 1, ""10"": 3}"
30,30,True,,gemm\random\mappings\sample_030_seed_30.csv,5.065223838355467,328.17053335171,1.6296897841892541,1,0.0001466647,0.451406875,95232.0,16384.0,1.0345169609204523,0.0016886665983795511,True,vec,16,"{""1"": 9, ""2"": 0, ""3"": 6, ""4"": 8, ""5"": 1, ""6"": 12, ""7"": 12, ""8"": 4, ""9"": 2, ""10"": 14}"
31,31,True,,gemm\random\mappings\sample_031_seed_31.csv,5.214781873367142,327.99010533139,1.6639717451846479,1,0.0001185729,0.13067078125,152576.0,20480.0,1.9740130926403492,0.0015333087404022483,True,vec,16,"{""1"": 0, ""2"": 15, ""3"": 3, ""4"": 12, ""5"": 4, ""6"": 1, ""7"": 4, ""8"": 3, ""9"": 7, ""10"": 4}"
32,32,True,,gemm\random\mappings\sample_032_seed_32.csv,4.594256857929591,327.59427968913,1.5324412570167012,1,0.0001175769,0.18043833333333126,100352.0,18432.0,0.8059908748264233,0.0015246541662836705,True,vec,16,"{""1"": 2, ""2"": 6, ""3"": 4, ""4"": 9, ""5"": 7, ""6"": 15, ""7"": 0, ""8"": 1, ""9"": 3, ""10"": 10}"
33,33,True,,gemm\random\mappings\sample_033_seed_33.csv,5.02246367800517,328.39342635987,1.6061178121979462,2,0.0001195369,0.578323828125,94208.0,18432.0,1.3773060900614957,0.0015450476050022305,True,vec,16,"{""1"": 5, ""2"": 7, ""3"": 8, ""4"": 15, ""5"": 5, ""6"": 10, ""7"": 15, ""8"": 14, ""9"": 9, ""10"": 2}"
34,34,True,,gemm\random\mappings\sample_034_seed_34.csv,5.427891978063675,326.59666695529,1.3237575790066565,0,0.0001668087,0.0,155648.0,25600.0,1.5550486014679628,0.0017847856834401145,True,vec,16,"{""1"": 11, ""2"": 0, ""3"": 7, ""4"": 0, ""5"": 12, ""6"": 11, ""7"": 2, ""8"": 13, ""9"": 9, ""10"": 10}"
35,35,True,,gemm\random\mappings\sample_035_seed_35.csv,5.396190886966646,326.65060859658,1.4636589943132747,0,0.0001666989,0.0,87040.0,28672.0,1.8597500495933346,0.0017840449951196514,True,vec,16,"{""1"": 10, ""2"": 4, ""3"": 10, ""4"": 4, ""5"": 9, ""6"": 13, ""7"": 8, ""8"": 1, ""9"": 8, ""10"": 11}"
36,36,True,,gemm\random\mappings\sample_036_seed_36.csv,5.394331198205326,328.17765517139,1.7762027472881572,2,0.0001204869,0.6220214999999999,114688.0,26624.0,1.1868676849831383,0.0015565329644989488,True,vec,16,"{""1"": 10, ""2"": 1, ""3"": 0, ""4"": 9, ""5"": 2, ""6"": 0, ""7"": 5, ""8"": 7, ""9"": 8, ""10"": 13}"
37,37,True,,gemm\random\mappings\sample_037_seed_37.csv,5.373921713373061,328.74152631193,1.82106324994598,2,0.0001198806,1.2739258333333312,97280.0,18432.0,1.5931362824836341,0.001552639048377046,True,vec,16,"{""1"": 2, ""2"": 1, ""3"": 11, ""4"": 14, ""5"": 3, ""6"": 14, ""7"": 9, ""8"": 12, ""9"": 13, ""10"": 14}"
38,38,True,,gemm\random\mappings\sample_038_seed_38.csv,5.267874743114081,327.9282811187,1.609168718831497,1,0.0001193067,0.33197775,121856.0,26624.0,1.7835746875619918,0.0015390144743340154,True,vec,16,"{""1"": 13, ""2"": 13, ""3"": 3, ""4"": 2, ""5"": 11, ""6"": 14, ""7"": 11, ""8"": 1, ""9"": 5, ""10"": 11}"
39,39,True,,gemm\random\mappings\sample_039_seed_39.csv,5.330093612494478,327.70121076277,1.7477304269220835,1,0.0001199069,0.250841875,109568.0,26624.0,2.1390597103749256,0.0015451018564643624,True,vec,16,"{""1"": 6, ""2"": 8, ""3"": 12, ""4"": 0, ""5"": 6, ""6"": 7, ""7"": 12, ""8"": 0, ""9"": 8, ""10"": 11}"
40,40,True,,gemm\random\mappings\sample_040_seed_40.csv,4.364819072135464,326.36799847392,1.515422959624663,0,0.000116741,0.0,115712.0,17408.0,0.9202539178734378,0.0015176355392767533,True,vec,16,"{""1"": 14, ""2"": 1, ""3"": 7, ""4"": 9, ""5"": 6, ""6"": 4, ""7"": 11, ""8"": 8, ""9"": 14, ""10"": 0}"
41,41,True,,gemm\random\mappings\sample_041_seed_41.csv,5.443981784350962,328.2981585946,1.647735575387791,2,0.000119307,0.47983000000000003,129024.0,25600.0,1.7454870065463202,0.0015430833754919843,True,vec,16,"{""1"": 12, ""2"": 10, ""3"": 7, ""4"": 5, ""5"": 12, ""6"": 9, ""7"": 8, ""8"": 12, ""9"": 0, ""10"": 7}"
42,42,True,,gemm\random\mappings\sample_042_seed_42.csv,5.72815872206102,329.11522397131,1.5284466702713606,2,0.0001665348,0.5963384027777794,114688.0,18432.0,1.5550486014679628,0.0017960357179868317,True,vec,16,"{""1"": 3, ""2"": 0, ""3"": 8, ""4"": 7, ""5"": 7, ""6"": 4, ""7"": 3, ""8"": 2, ""9"": 13, ""10"": 1}"
43,43,True,,gemm\random\mappings\sample_043_seed_43.csv,4.80948895351599,327.59130194158,1.5527259307023717,1,0.0001176067,0.20576770833333125,139264.0,17408.0,1.1868676849831383,0.0015255095996521892,True,vec,16,"{""1"": 1, ""2"": 9, ""3"": 4, ""4"": 14, ""5"": 11, ""6"": 3, ""7"": 14, ""8"": 15, ""9"": 0, ""10"": 13}"
44,44,True,,gemm\random\mappings\sample_044_seed_44.csv,5.0599676674951475,327.69113456587,1.7200753885793585,1,0.0001198048,0.253325390625,133120.0,18432.0,1.7200952192025392,0.0015440650883118614,True,vec,16,"{""1"": 13, ""2"": 3, ""3"": 5, ""4"": 12, ""5"": 7, ""6"": 9, ""7"": 0, ""8"": 7, ""9"": 3, ""10"": 0}"
45,45,True,,gemm\random\mappings\sample_045_seed_45.csv,4.724521279233978,326.66910092842,1.4825579222062422,0,0.0001166509,0.0,107520.0,24576.0,1.6312239634993058,0.0015168574901753887,True,vec,16,"{""1"": 8, ""2"": 13, ""3"": 15, ""4"": 8, ""5"": 2, ""6"": 9, ""7"": 10, ""8"": 0, ""9"": 2, ""10"": 15}"
46,46,True,,gemm\random\mappings\sample_046_seed_46.csv,5.356162828952445,328.0058011077,1.683310237640353,2,0.000118152465,0.4729054791666688,115712.0,25600.0,1.7073993255306488,0.001534561748612666,True,vec,16,"{""1"": 2, ""2"": 12, ""3"": 1, ""4"": 7, ""5"": 4, ""6"": 1, ""7"": 0, ""8"": 2, ""9"": 10, ""10"": 1}"
47,47,True,,gemm\random\mappings\sample_047_seed_47.csv,5.607324741720371,327.46904803571,1.6205350016290097,2,0.0001473826,0.09865975,101376.0,32768.0,1.2884348343582623,0.0016852620850501408,True,vec,16,"{""1"": 11, ""2"": 2, ""3"": 13, ""4"": 14, ""5"": 10, ""6"": 8, ""7"": 12, ""8"": 12, ""9"": 1, ""10"": 13}"
48,48,True,,gemm\random\mappings\sample_048_seed_48.csv,4.484069044212279,326.36372507999,1.4619737632669332,0,0.0001168587,0.0,79872.0,24576.0,1.1868676849831383,0.0015177202483064088,True,vec,16,"{""1"": 10, ""2"": 4, ""3"": 9, ""4"": 6, ""5"": 13, ""6"": 5, ""7"": 4, ""8"": 3, ""9"": 15, ""10"": 7}"
49,49,True,,gemm\random\mappings\sample_049_seed_49.csv,4.851826803427594,326.64432567986,1.5224899091653334,0,0.0001468889,0.0,128000.0,18432.0,1.0345169609204523,0.0016801273216025601,True,vec,16,"{""1"": 2, ""2"": 11, ""3"": 13, ""4"": 3, ""5"": 10, ""6"": 1, ""7"": 1, ""8"": 8, ""9"": 4, ""10"": 14}"
50,50,True,,gemm\random\mappings\sample_050_seed_50.csv,5.327734711827964,328.00604532519,1.6153833554487362,2,0.0001465527,0.5254732884615375,81920.0,18432.0,1.7581829002182108,0.0016911271683307172,True,vec,16,"{""1"": 15, ""2"": 8, ""3"": 11, ""4"": 7, ""5"": 15, ""6"": 10, ""7"": 2, ""8"": 10, ""9"": 7, ""10"": 2}"
51,51,True,,gemm\random\mappings\sample_051_seed_51.csv,5.086715423713756,326.79648090692,1.3267648961281449,0,0.0001661008,0.0,80896.0,20480.0,1.9740130926403492,0.0017806173045302972,True,vec,16,"{""1"": 7, ""2"": 5, ""3"": 7, ""4"": 7, ""5"": 8, ""6"": 12, ""7"": 14, ""8"": 10, ""9"": 11, ""10"": 12}"
52,52,True,,gemm\random\mappings\sample_052_seed_52.csv,5.452933733659149,327.92799827467,1.6433497971689914,1,0.0001195986,0.333263875,118784.0,32768.0,1.7200952192025392,0.00154090914503069,True,vec,16,"{""1"": 8, ""2"": 1, ""3"": 15, ""4"": 11, ""5"": 13, ""6"": 1, ""7"": 4, ""8"": 5, ""9"": 13, ""10"": 5}"
53,53,True,,gemm\random\mappings\sample_053_seed_53.csv,6.020087857000336,328.95822356476,1.703581777020491,3,0.0001664529,1.2214072916666625,112640.0,16384.0,1.8216623685776632,0.0018090059829963714,True,vec,16,"{""1"": 6, ""2"": 14, ""3"": 15, ""4"": 11, ""5"": 14, ""6"": 0, ""7"": 1, ""8"": 5, ""9"": 11, ""10"": 4}"
54,54,True,,gemm\random\mappings\sample_054_seed_54.csv,6.263566221126191,328.05422707037,1.623453322175371,1,0.0001703648,0.2303040625,157696.0,33792.0,1.9740130926403492,0.0018163610982723493,True,vec,16,"{""1"": 4, ""2"": 14, ""3"": 9, ""4"": 15, ""5"": 15, ""6"": 12, ""7"": 7, ""8"": 14, ""9"": 10, ""10"": 12}"
55,55,True,,gemm\random\mappings\sample_055_seed_55.csv,4.414018944724519,326.31725885863,1.4807874297556067,0,0.0001168589,0.0,88064.0,16384.0,1.8724459432652252,0.0015177937639680222,True,vec,16,"{""1"": 2, ""2"": 6, ""3"": 4, ""4"": 9, ""5"": 2, ""6"": 5, ""7"": 9, ""8"": 2, ""9"": 11, ""10"": 15}"
56,56,True,,gemm\random\mappings\sample_056_seed_56.csv,5.612835580451465,328.1525815166,1.7368135432147491,1,0.000118965,0.409773125,176128.0,34816.0,0.8059908748264233,0.0015369746965239995,True,vec,16,"{""1"": 0, ""2"": 15, ""3"": 9, ""4"": 13, ""5"": 7, ""6"": 3, ""7"": 11, ""8"": 2, ""9"": 10, ""10"": 8}"
57,57,True,,gemm\random\mappings\sample_057_seed_57.csv,5.510583096630577,328.3165148839,1.8339476934215067,3,0.0001190128,0.7639492083333312,129024.0,24576.0,1.0599087482642333,0.001542128236986807,True,vec,16,"{""1"": 1, ""2"": 11, ""3"": 0, ""4"": 7, ""5"": 10, ""6"": 15, ""7"": 9, ""8"": 13, ""9"": 12, ""10"": 0}"
58,58,True,,gemm\random\mappings\sample_058_seed_58.csv,5.414350002835462,325.90012993732,1.1725512320640497,0,0.0002160046,0.0,49152.0,12288.0,3.2816901408450705,0.0020456686122374396,True,vec,16,"{""1"": 6, ""2"": 6, ""3"": 6, ""4"": 1, ""5"": 6, ""6"": 14, ""7"": 12, ""8"": 11, ""9"": 9, ""10"": 8}"
59,59,True,,gemm\random\mappings\sample_059_seed_59.csv,5.871409233681299,327.93041197982,1.5675551965501549,1,0.0001492608,0.15232596590909375,136192.0,34816.0,1.7962705812338822,0.0016997273257696296,True,vec,16,"{""1"": 7, ""2"": 2, ""3"": 14, ""4"": 0, ""5"": 4, ""6"": 9, ""7"": 0, ""8"": 0, ""9"": 15, ""10"": 12}"
60,60,True,,gemm\random\mappings\sample_060_seed_60.csv,4.975500969313036,328.16226758791,1.6486944663044047,3,0.0001182409,0.55528425,83968.0,18432.0,0.9964292799047808,0.001533654158213484,True,vec,16,"{""1"": 9, ""2"": 9, ""3"": 4, ""4"": 8, ""5"": 7, ""6"": 15, ""7"": 14, ""8"": 10, ""9"": 1, ""10"": 2}"
61,61,True,,gemm\random\mappings\sample_061_seed_61.csv,5.560036968896394,328.13035139712,1.7166008039707394,2,0.0001184666,0.35161093055555626,123904.0,32768.0,1.4534814520928387,0.0015351860008930014,True,vec,16,"{""1"": 15, ""2"": 5, ""3"": 6, ""4"": 10, ""5"": 9, ""6"": 10, ""7"": 0, ""8"": 15, ""9"": 11, ""10"": 11}"
62,62,True,,gemm\random\mappings\sample_062_seed_62.csv,5.248645738526534,325.87883300343,1.1552093173987255,0,0.0001763087,0.0,95232.0,26624.0,1.8343582622495536,0.0018344780979788254,True,vec,16,"{""1"": 5, ""2"": 2, ""3"": 7, ""4"": 14, ""5"": 9, ""6"": 11, ""7"": 5, ""8"": 5, ""9"": 5, ""10"": 0}"
63,63,True,,gemm\random\mappings\sample_063_seed_63.csv,5.380363160810331,327.78496658356,1.46970880007801,1,0.0001761526,0.26940075,82944.0,17408.0,1.6820075381868678,0.0018422801065418343,True,vec,16,"{""1"": 14, ""2"": 14, ""3"": 9, ""4"": 8, ""5"": 15, ""6"": 2, ""7"": 12, ""8"": 2, ""9"": 2, ""10"": 6}"
64,64,True,,gemm\random\mappings\sample_064_seed_64.csv,4.888491839601702,326.70639266798,1.615369838871536,0,0.0001168388,0.0,157696.0,24576.0,1.1868676849831383,0.0015193667756917431,True,vec,16,"{""1"": 15, ""2"": 3, ""3"": 12, ""4"": 0, ""5"": 6, ""6"": 8, ""7"": 6, ""8"": 4, ""9"": 2, ""10"": 13}"
65,65,True,,gemm\random\mappings\sample_065_seed_65.csv,5.622056592443711,327.68387630161,1.4118767714462819,2,0.0001665068,0.18521041035353436,83968.0,19456.0,2.7992461813132317,0.001788764039171296,True,vec,16,"{""1"": 13, ""2"": 9, ""3"": 9, ""4"": 7, ""5"": 14, ""6"": 14, ""7"": 14, ""8"": 10, ""9"": 13, ""10"": 7}"
66,66,True,,gemm\random\mappings\sample_066_seed_66.csv,4.717235726791259,327.24897985773,1.5747101281856193,1,0.0001170627,0.0294615,116736.0,19456.0,1.1868676849831383,0.0015206083094975423,True,vec,16,"{""1"": 2, ""2"": 9, ""3"": 13, ""4"": 7, ""5"": 14, ""6"": 9, ""7"": 8, ""8"": 3, ""9"": 15, ""10"": 5}"
67,67,True,,gemm\random\mappings\sample_067_seed_67.csv,5.352135004141935,326.34881344552,1.5216487733028123,0,0.0001667128,0.0,126976.0,18432.0,2.431065264828407,0.0017846947475176303,True,vec,16,"{""1"": 2, ""2"": 3, ""3"": 13, ""4"": 14, ""5"": 13, ""6"": 8, ""7"": 13, ""8"": 15, ""9"": 8, ""10"": 6}"
68,68,True,,gemm\random\mappings\sample_068_seed_68.csv,4.946207028915652,327.62873046837,1.7697044145399758,1,0.0001184627,0.192762875,102400.0,24576.0,0.9202539178734378,0.0015331105103494013,True,vec,16,"{""1"": 14, ""2"": 3, ""3"": 7, ""4"": 13, ""5"": 15, ""6"": 8, ""7"": 10, ""8"": 14, ""9"": 11, ""10"": 5}"
69,69,True,,gemm\random\mappings\sample_069_seed_69.csv,5.33954234489074,328.15417172205,1.6508180985167236,1,0.0001463766,0.440365,91136.0,24576.0,1.1868676849831383,0.0016868346314759836,True,vec,16,"{""1"": 1, ""2"": 3, ""3"": 5, ""4"": 2, ""5"": 11, ""6"": 10, ""7"": 13, ""8"": 14, ""9"": 13, ""10"": 14}"
70,70,True,,gemm\random\mappings\sample_070_seed_70.csv,5.856396743674101,326.88804417199,1.3643310889632556,0,0.0001667748,0.0,166912.0,33792.0,1.9359254116246776,0.001785175109673388,True,vec,16,"{""1"": 3, ""2"": 9, ""3"": 14, ""4"": 14, ""5"": 4, ""6"": 10, ""7"": 3, ""8"": 4, ""9"": 6, ""10"": 13}"
71,71,True,,gemm\random\mappings\sample_071_seed_71.csv,5.873703158576774,328.65742932015,1.785723324811313,4,0.0001205848,0.8329809583333332,108544.0,27648.0,1.9740130926403492,0.0015575225295775875,True,vec,16,"{""1"": 10, ""2"": 0, ""3"": 8, ""4"": 4, ""5"": 6, ""6"": 8, ""7"": 2, ""8"": 6, ""9"": 1, ""10"": 6}"
72,72,True,,gemm\random\mappings\sample_072_seed_72.csv,5.013349683515195,326.65879035616,1.2768927227781681,0,0.0001664848,0.0,108544.0,18432.0,1.5931362824836341,0.0017820777097037107,True,vec,16,"{""1"": 2, ""2"": 5, ""3"": 11, ""4"": 11, ""5"": 9, ""6"": 4, ""7"": 10, ""8"": 7, ""9"": 12, ""10"": 4}"
73,73,True,,gemm\random\mappings\sample_073_seed_73.csv,5.354562920238651,327.69417483682,1.5630402580415437,1,0.0001185686,0.14046054687499998,153600.0,32768.0,1.1868676849831383,0.001532989299707843,True,vec,16,"{""1"": 8, ""2"": 3, ""3"": 15, ""4"": 5, ""5"": 14, ""6"": 9, ""7"": 2, ""8"": 15, ""9"": 12, ""10"": 6}"
74,74,True,,gemm\random\mappings\sample_074_seed_74.csv,4.880882569765007,327.10492441351,1.6161705097391748,0,0.0001169529,0.0,110592.0,25600.0,1.6439198571711962,0.001519383039926503,True,vec,16,"{""1"": 3, ""2"": 10, ""3"": 3, ""4"": 9, ""5"": 5, ""6"": 6, ""7"": 11, ""8"": 3, ""9"": 14, ""10"": 14}"
75,75,True,,gemm\random\mappings\sample_075_seed_75.csv,5.217596202170576,328.21582690246,1.8791203423437866,3,0.000119821,0.9028398814102563,92160.0,18432.0,0.9964292799047808,0.0015535198724049046,True,vec,16,"{""1"": 14, ""2"": 13, ""3"": 14, ""4"": 1, ""5"": 15, ""6"": 11, ""7"": 3, ""8"": 10, ""9"": 2, ""10"": 8}"
76,76,True,,gemm\random\mappings\sample_076_seed_76.csv,4.9822276771656915,327.11065391239,1.4695854841974303,0,0.0001166946,0.0,100352.0,32768.0,1.5931362824836341,0.0015170409960869396,True,vec,16,"{""1"": 11, ""2"": 14, ""3"": 12, ""4"": 6, ""5"": 9, ""6"": 1, ""7"": 13, ""8"": 7, ""9"": 9, ""10"": 9}"
77,77,True,,gemm\random\mappings\sample_077_seed_77.csv,5.685665138788089,326.80207227654,1.3884899543868858,0,0.0001664848,0.0,129024.0,33792.0,1.8216623685776632,0.0017835189537075194,True,vec,16,"{""1"": 8, ""2"": 10, ""3"": 6, ""4"": 7, ""5"": 6, ""6"": 3, ""7"": 9, ""8"": 15, ""9"": 7, ""10"": 4}"
78,78,True,,gemm\random\mappings\sample_078_seed_78.csv,4.7038764820591314,326.66814850274,1.6332407217582596,0,0.0001169868,0.0,114688.0,25600.0,0.9202539178734378,0.0015201624157690663,True,vec,16,"{""1"": 6, ""2"": 3, ""3"": 9, ""4"": 8, ""5"": 13, ""6"": 1, ""7"": 4, ""8"": 12, ""9"": 6, ""10"": 15}"
79,79,True,,gemm\random\mappings\sample_079_seed_79.csv,5.18038121704818,326.89210167221,1.575449368213808,0,0.0001167786,0.0,121856.0,35840.0,1.5550486014679628,0.001518290126721087,True,vec,16,"{""1"": 4, ""2"": 14, ""3"": 11, ""4"": 5, ""5"": 7, ""6"": 7, ""7"": 15, ""8"": 4, ""9"": 2, ""10"": 11}"
80,80,True,,gemm\random\mappings\sample_080_seed_80.csv,6.0259812767175305,327.45951595594,1.5495331248099637,1,0.000166955,0.057189715909090624,113664.0,28672.0,3.192818885141837,0.0017890848014504696,True,vec,16,"{""1"": 8, ""2"": 12, ""3"": 13, ""4"": 11, ""5"": 11, ""6"": 12, ""7"": 11, ""8"": 0, ""9"": 12, ""10"": 7}"
81,81,True,,gemm\random\mappings\sample_081_seed_81.csv,4.931465051559772,328.16340124662,1.652313473483096,2,0.0001188169,0.32712848958333124,94208.0,16384.0,1.5550486014679628,0.0015373267284177119,True,vec,16,"{""1"": 14, ""2"": 10, ""3"": 12, ""4"": 15, ""5"": 0, ""6"": 5, ""7"": 4, ""8"": 14, ""9"": 0, ""10"": 10}"
82,82,True,,gemm\random\mappings\sample_082_seed_82.csv,5.623197337675784,326.14434441476,1.363233347022907,0,0.0001664907,0.0,105472.0,32768.0,2.4564570521721882,0.0017820053394278234,True,vec,16,"{""1"": 4, ""2"": 15, ""3"": 9, ""4"": 5, ""5"": 5, ""6"": 8, ""7"": 5, ""8"": 1, ""9"": 13, ""10"": 15}"
83,83,True,,gemm\random\mappings\sample_083_seed_83.csv,5.311154295125142,326.81103931312,1.377900015930575,0,0.0001465506,0.0,133120.0,32768.0,1.2630430470144813,0.0016758699004145723,True,vec,16,"{""1"": 15, ""2"": 14, ""3"": 2, ""4"": 4, ""5"": 12, ""6"": 1, ""7"": 1, ""8"": 6, ""9"": 6, ""10"": 5}"
84,84,True,,gemm\random\mappings\sample_084_seed_84.csv,5.45180332277522,329.28451805411,1.7984404228441164,4,0.000122765,0.6896395677083356,109568.0,17408.0,1.1868676849831383,0.0015697477890551075,True,vec,16,"{""1"": 9, ""2"": 1, ""3"": 15, ""4"": 0, ""5"": 10, ""6"": 6, ""7"": 14, ""8"": 15, ""9"": 11, ""10"": 4}"
85,85,True,,gemm\random\mappings\sample_085_seed_85.csv,5.279689912277633,328.39531226489,1.9252254138434968,2,0.0001214828,0.7788173125,64512.0,20480.0,1.7835746875619918,0.001566600492715111,True,vec,16,"{""1"": 6, ""2"": 3, ""3"": 10, ""4"": 6, ""5"": 7, ""6"": 14, ""7"": 11, ""8"": 7, ""9"": 12, ""10"": 7}"
86,86,True,,gemm\random\mappings\sample_086_seed_86.csv,5.232227073671309,327.37005236848,1.526879857938755,1,0.0001462969,0.08331458333333125,101376.0,26624.0,1.2249553659988097,0.0016771912892953982,True,vec,16,"{""1"": 0, ""2"": 10, ""3"": 0, ""4"": 2, ""5"": 9, ""6"": 12, ""7"": 3, ""8"": 3, ""9"": 13, ""10"": 14}"
87,87,True,,gemm\random\mappings\sample_087_seed_87.csv,4.814457191851647,326.83108672145,1.5251306921873782,0,0.0001166927,0.0,110592.0,24576.0,1.8216623685776632,0.0015174826466857032,True,vec,16,"{""1"": 4, ""2"": 6, ""3"": 3, ""4"": 8, ""5"": 10, ""6"": 10, ""7"": 3, ""8"": 11, ""9"": 0, ""10"": 8}"
88,88,True,,gemm\random\mappings\sample_088_seed_88.csv,5.105484439939253,327.56390716731,1.6379692759787365,1,0.0001179869,0.07916890625,133120.0,24576.0,1.5677444951398531,0.0015280748620430822,True,vec,16,"{""1"": 12, ""2"": 6, ""3"": 10, ""4"": 5, ""5"": 0, ""6"": 0, ""7"": 10, ""8"": 14, ""9"": 4, ""10"": 7}"
89,89,True,,gemm\random\mappings\sample_089_seed_89.csv,4.303739140067878,326.33212553186,1.3759682795205237,0,0.0001166787,0.0,100352.0,16384.0,1.3773060900614957,0.0015161338999432974,True,vec,16,"{""1"": 2, ""2"": 8, ""3"": 4, ""4"": 11, ""5"": 2, ""6"": 4, ""7"": 13, ""8"": 10, ""9"": 6, ""10"": 9}"
90,90,True,,gemm\random\mappings\sample_090_seed_90.csv,4.857363997388577,327.78485639172,1.7160502638782655,1,0.0001204369,0.300934921875,90112.0,16384.0,1.7200952192025392,0.0015487922912957842,True,vec,16,"{""1"": 6, ""2"": 2, ""3"": 15, ""4"": 9, ""5"": 11, ""6"": 14, ""7"": 9, ""8"": 8, ""9"": 15, ""10"": 8}"
91,91,True,,gemm\random\mappings\sample_091_seed_91.csv,5.785624235678835,326.50370867635,1.3124800163694874,0,0.0001766028,0.0,134144.0,24576.0,3.26899424717318,0.001836362089956122,True,vec,16,"{""1"": 2, ""2"": 5, ""3"": 5, ""4"": 12, ""5"": 14, ""6"": 14, ""7"": 14, ""8"": 14, ""9"": 8, ""10"": 7}"
92,92,True,,gemm\random\mappings\sample_092_seed_92.csv,4.742520674559558,326.30243134472,1.3976146914103078,0,0.0001465166,0.0,124928.0,18432.0,1.0345169609204523,0.0016764928133421884,True,vec,16,"{""1"": 13, ""2"": 8, ""3"": 3, ""4"": 15, ""5"": 5, ""6"": 2, ""7"": 10, ""8"": 1, ""9"": 1, ""10"": 0}"
93,93,True,,gemm\random\mappings\sample_093_seed_93.csv,5.676028037180149,327.82886911686,1.5458476943721142,1,0.0001664068,0.18297296875000002,109568.0,24576.0,1.9740130926403492,0.0017905789100095407,True,vec,16,"{""1"": 15, ""2"": 11, ""3"": 3, ""4"": 2, ""5"": 11, ""6"": 4, ""7"": 5, ""8"": 12, ""9"": 3, ""10"": 5}"
94,94,True,,gemm\random\mappings\sample_094_seed_94.csv,4.748096354618335,327.68258088449,1.6357414093576315,1,0.0001176067,0.20630979166666877,96256.0,17408.0,1.4407855584209481,0.0015258021209344085,True,vec,16,"{""1"": 5, ""2"": 3, ""3"": 8, ""4"": 9, ""5"": 13, ""6"": 0, ""7"": 15, ""8"": 11, ""9"": 9, ""10"": 13}"
95,95,True,,gemm\random\mappings\sample_095_seed_95.csv,5.264618657421782,327.36306765069,1.5432065152585288,1,0.0001670327,0.04112375,81920.0,18432.0,1.7835746875619918,0.0017892375625869494,True,vec,16,"{""1"": 4, ""2"": 15, ""3"": 0, ""4"": 4, ""5"": 0, ""6"": 2, ""7"": 8, ""8"": 6, ""9"": 1, ""10"": 6}"
96,96,True,,gemm\random\mappings\sample_096_seed_96.csv,5.214943032147534,328.2327131295,1.6434289422007513,2,0.0001187189,0.6210491666666688,105472.0,24576.0,1.1868676849831383,0.0015369779589652422,True,vec,16,"{""1"": 11, ""2"": 10, ""3"": 12, ""4"": 6, ""5"": 3, ""6"": 10, ""7"": 1, ""8"": 0, ""9"": 5, ""10"": 13}"
97,97,True,,gemm\random\mappings\sample_097_seed_97.csv,5.332202779068686,327.92845576217,1.6573164879945868,1,0.000119659138,0.20638025000000002,122880.0,24576.0,2.3548899027970642,0.0015429824392870436,True,vec,16,"{""1"": 6, ""2"": 13, ""3"": 11, ""4"": 1, ""5"": 0, ""6"": 1, ""7"": 0, ""8"": 8, ""9"": 11, ""10"": 0}"
98,98,True,,gemm\random\mappings\sample_098_seed_98.csv,5.420254762624408,326.35255236034,1.2745755828932437,0,0.0001668408,0.0,132096.0,27648.0,1.8597500495933346,0.0017844699027033328,True,vec,16,"{""1"": 11, ""2"": 1, ""3"": 11, ""4"": 13, ""5"": 1, ""6"": 15, ""7"": 9, ""8"": 2, ""9"": 15, ""10"": 6}"
99,99,True,,gemm\random\mappings\sample_099_seed_99.csv,4.948960786998512,326.37120976341,1.601346278603076,0,0.0001167246,0.0,138240.0,26624.0,1.7073993255306488,0.0015182212886434246,True,vec,16,"{""1"": 12, ""2"": 12, ""3"": 6, ""4"": 5, ""5"": 7, ""6"": 7, ""7"": 4, ""8"": 2, ""9"": 8, ""10"": 12}"
100,100,True,,gemm\random\mappings\sample_100_seed_100.csv,5.349007666989384,326.50371204555,1.4523540300912807,0,0.0001667289,0.0,123904.0,24576.0,1.6693116445149772,0.0017842439616517812,True,vec,16,"{""1"": 4, ""2"": 14, ""3"": 14, ""4"": 5, ""5"": 12, ""6"": 11, ""7"": 13, ""8"": 3, ""9"": 3, ""10"": 2}"
101,101,True,,gemm\random\mappings\sample_101_seed_101.csv,4.188147336824778,326.82462252335,1.4720101084499357,0,0.0001168567,0.0,71680.0,12288.0,1.4915691331085101,0.001517690621887469,True,vec,16,"{""1"": 6, ""2"": 11, ""3"": 14, ""4"": 1, ""5"": 6, ""6"": 7, ""7"": 9, ""8"": 15, ""9"": 6, ""10"": 10}"
102,102,True,,gemm\random\mappings\sample_102_seed_102.csv,5.357281597755427,326.13795983092,1.3844131980495467,0,0.0001663729,0.0,92160.0,25600.0,2.4564570521721882,0.0017811494413122768,True,vec,16,"{""1"": 4, ""2"": 11, ""3"": 5, ""4"": 5, ""5"": 12, ""6"": 9, ""7"": 13, ""8"": 1, ""9"": 5, ""10"": 12}"
103,103,True,,gemm\random\mappings\sample_103_seed_103.csv,5.712022799159027,328.29453644052,1.9056788959612232,4,0.0001201046,0.9170089174107126,114688.0,23552.0,1.5550486014679628,0.0015580038558258486,True,vec,16,"{""1"": 14, ""2"": 6, ""3"": 2, ""4"": 3, ""5"": 12, ""6"": 14, ""7"": 10, ""8"": 3, ""9"": 15, ""10"": 2}"
104,104,True,,gemm\random\mappings\sample_104_seed_104.csv,5.729404209422469,328.06705706131,1.6695335476714295,2,0.0001485468,0.24631745833333124,150528.0,26624.0,1.2630430470144813,0.0016960273875790874,True,vec,16,"{""1"": 0, ""2"": 6, ""3"": 7, ""4"": 12, ""5"": 10, ""6"": 0, ""7"": 4, ""8"": 0, ""9"": 5, ""10"": 3}"
105,105,True,,gemm\random\mappings\sample_105_seed_105.csv,5.029671219931715,326.3707296075,1.2773345342965778,0,0.0001463086,0.0,110592.0,27648.0,1.5296568141241818,0.0016745824837701064,True,vec,16,"{""1"": 11, ""2"": 3, ""3"": 0, ""4"": 9, ""5"": 10, ""6"": 9, ""7"": 5, ""8"": 11, ""9"": 5, ""10"": 4}"
106,106,True,,gemm\random\mappings\sample_106_seed_106.csv,5.586824236759749,327.89504628576,1.7922573882318018,2,0.0001194149,0.39111781578947497,161792.0,27648.0,1.4915691331085101,0.0015440768219515376,True,vec,16,"{""1"": 15, ""2"": 0, ""3"": 15, ""4"": 1, ""5"": 8, ""6"": 2, ""7"": 6, ""8"": 15, ""9"": 11, ""10"": 13}"
107,107,True,,gemm\random\mappings\sample_107_seed_107.csv,4.836789171735205,326.61637401124,1.6500217163633197,0,0.0001168067,0.0,120832.0,24576.0,1.5677444951398531,0.0015190919692495072,True,vec,16,"{""1"": 7, ""2"": 13, ""3"": 15, ""4"": 9, ""5"": 4, ""6"": 13, ""7"": 3, ""8"": 8, ""9"": 9, ""10"": 1}"
108,108,True,,gemm\random\mappings\sample_108_seed_108.csv,5.5090945120792165,327.39574932405,1.4239858335006519,1,0.0001673346,0.047917812500000004,93184.0,24576.0,2.050188454671692,0.0017902637582474278,True,vec,16,"{""1"": 4, ""2"": 2, ""3"": 12, ""4"": 8, ""5"": 12, ""6"": 6, ""7"": 2, ""8"": 9, ""9"": 6, ""10"": 5}"
109,109,True,,gemm\random\mappings\sample_109_seed_109.csv,5.874483460374979,327.62122326226,1.368612389089965,1,0.0001665689,0.17465333333333125,131072.0,32768.0,1.8216623685776632,0.001785720404078515,True,vec,16,"{""1"": 8, ""2"": 7, ""3"": 14, ""4"": 14, ""5"": 1, ""6"": 3, ""7"": 7, ""8"": 15, ""9"": 9, ""10"": 2}"
110,110,True,,gemm\random\mappings\sample_110_seed_110.csv,4.704521841241971,326.87494391987,1.5977756831983396,0,0.0001168106,0.0,107520.0,24576.0,1.1868676849831383,0.0015184538276006745,True,vec,16,"{""1"": 12, ""2"": 7, ""3"": 13, ""4"": 15, ""5"": 8, ""6"": 2, ""7"": 13, ""8"": 10, ""9"": 1, ""10"": 3}"
111,111,True,,gemm\random\mappings\sample_111_seed_111.csv,4.57059665957057,326.96142564806,1.3895767709290898,0,0.0001465549,0.0,91136.0,10240.0,1.7200952192025392,0.0016767064686939105,True,vec,16,"{""1"": 6, ""2"": 10, ""3"": 15, ""4"": 6, ""5"": 12, ""6"": 13, ""7"": 5, ""8"": 6, ""9"": 13, ""10"": 7}"
112,112,True,,gemm\random\mappings\sample_112_seed_112.csv,5.304671376474166,327.45978011355,1.7492415460617614,1,0.0001173407,0.11673912499999999,112640.0,34816.0,1.1868676849831383,0.0015250378917249306,True,vec,16,"{""1"": 15, ""2"": 9, ""3"": 14, ""4"": 13, ""5"": 5, ""6"": 11, ""7"": 7, ""8"": 14, ""9"": 0, ""10"": 12}"
113,113,True,,gemm\random\mappings\sample_113_seed_113.csv,4.991440845969119,327.52428805708,1.5927521374749636,1,0.0001181188,0.1454935,151552.0,19456.0,1.4915691331085101,0.0015290988523497004,True,vec,16,"{""1"": 0, ""2"": 8, ""3"": 0, ""4"": 15, ""5"": 11, ""6"": 7, ""7"": 13, ""8"": 0, ""9"": 2, ""10"": 9}"
114,114,True,,gemm\random\mappings\sample_114_seed_114.csv,4.7868242685187266,328.15415268809,1.5938535409146615,1,0.0001202088,0.456626125,78848.0,18432.0,1.2503471533425907,0.001546350505298589,True,vec,16,"{""1"": 7, ""2"": 3, ""3"": 10, ""4"": 7, ""5"": 1, ""6"": 4, ""7"": 9, ""8"": 2, ""9"": 11, ""10"": 10}"
115,115,True,,gemm\random\mappings\sample_115_seed_115.csv,5.768683929857354,326.74868447563,1.3928152461108523,0,0.0001667428,0.0,124928.0,33792.0,2.278714540765721,0.0017840160950782387,True,vec,16,"{""1"": 9, ""2"": 6, ""3"": 3, ""4"": 3, ""5"": 10, ""6"": 9, ""7"": 9, ""8"": 10, ""9"": 15, ""10"": 1}"
116,116,True,,gemm\random\mappings\sample_116_seed_116.csv,4.869980369467958,327.59171001118,1.6421749013315274,1,0.0001181747,0.176818125,126976.0,18432.0,1.3392184090458243,0.0015302192611212596,True,vec,16,"{""1"": 9, ""2"": 0, ""3"": 3, ""4"": 4, ""5"": 15, ""6"": 15, ""7"": 7, ""8"": 8, ""9"": 13, ""10"": 13}"
117,117,True,,gemm\random\mappings\sample_117_seed_117.csv,5.639252971421504,326.29333842309,1.275733976784137,0,0.0001666508,0.0,105472.0,35840.0,2.202539178734378,0.0017820460753312833,True,vec,16,"{""1"": 7, ""2"": 5, ""3"": 5, ""4"": 6, ""5"": 12, ""6"": 5, ""7"": 13, ""8"": 3, ""9"": 10, ""10"": 11}"
118,118,True,,gemm\random\mappings\sample_118_seed_118.csv,5.187860441311766,326.35272767249,1.346529533660823,0,0.0001666991,0.0,105472.0,18432.0,2.431065264828407,0.00178318549877335,True,vec,16,"{""1"": 5, ""2"": 9, ""3"": 3, ""4"": 11, ""5"": 9, ""6"": 0, ""7"": 9, ""8"": 10, ""9"": 0, ""10"": 15}"
119,119,True,,gemm\random\mappings\sample_119_seed_119.csv,4.796263115272551,327.71864221954,1.527523829928517,1,0.0001186367,0.236419125,108544.0,16384.0,1.7200952192025392,0.0015328767486080016,True,vec,16,"{""1"": 9, ""2"": 5, ""3"": 13, ""4"": 3, ""5"": 2, ""6"": 13, ""7"": 7, ""8"": 5, ""9"": 8, ""10"": 8}"
120,120,True,,gemm\random\mappings\sample_120_seed_120.csv,4.984586060467883,326.47700600934,1.6067297865980317,0,0.0001168426,0.0,87040.0,33792.0,1.6820075381868678,0.0015187163421406637,True,vec,16,"{""1"": 7, ""2"": 6, ""3"": 14, ""4"": 2, ""5"": 10, ""6"": 6, ""7"": 7, ""8"": 8, ""9"": 10, ""10"": 11}"
121,121,True,,gemm\random\mappings\sample_121_seed_121.csv,5.266936053351513,326.14434796105,1.296596571856382,0,0.0001665348,0.0,101376.0,24576.0,2.202539178734378,0.0017813866023029927,True,vec,16,"{""1"": 2, ""2"": 6, ""3"": 12, ""4"": 5, ""5"": 5, ""6"": 10, ""7"": 9, ""8"": 5, ""9"": 13, ""10"": 1}"
122,122,True,,gemm\random\mappings\sample_122_seed_122.csv,4.390017864823803,326.89209783301,1.5084106976079752,0,0.0001169049,0.0,76800.0,18432.0,1.3392184090458243,0.0015183489793390433,True,vec,16,"{""1"": 6, ""2"": 9, ""3"": 2, ""4"": 11, ""5"": 7, ""6"": 14, ""7"": 5, ""8"": 3, ""9"": 9, ""10"": 14}"
123,123,True,,gemm\random\mappings\sample_123_seed_123.csv,5.224264672965163,327.52081119627,1.3369931574721454,1,0.0001663607,0.1447175,109568.0,16384.0,1.7073993255306488,0.0017842042307901302,True,vec,16,"{""1"": 1, ""2"": 8, ""3"": 2, ""4"": 13, ""5"": 8, ""6"": 3, ""7"": 1, ""8"": 12, ""9"": 10, ""10"": 10}"
124,124,True,,gemm\random\mappings\sample_124_seed_124.csv,5.307414564618432,328.22900172093,1.6491244428585135,2,0.0001203027,0.5903301093750001,96256.0,25600.0,1.5550486014679628,0.0015512981121881071,True,vec,16,"{""1"": 8, ""2"": 0, ""3"": 5, ""4"": 1, ""5"": 13, ""6"": 8, ""7"": 11, ""8"": 1, ""9"": 10, ""10"": 5}"
125,125,True,,gemm\random\mappings\sample_125_seed_125.csv,4.803455370780989,328.15089520321,1.6335709953920199,1,0.0001183566,0.4029275,71680.0,18432.0,1.5296568141241818,0.001531718056797782,True,vec,16,"{""1"": 7, ""2"": 7, ""3"": 9, ""4"": 5, ""5"": 11, ""6"": 4, ""7"": 9, ""8"": 0, ""9"": 2, ""10"": 4}"
126,126,True,,gemm\random\mappings\sample_126_seed_126.csv,5.371888831422683,327.99898282935,1.66893986874499,1,0.000120075,0.18404843750000002,130048.0,24576.0,2.3548899027970642,0.0015443528188714129,True,vec,16,"{""1"": 1, ""2"": 14, ""3"": 7, ""4"": 5, ""5"": 15, ""6"": 15, ""7"": 7, ""8"": 5, ""9"": 4, ""10"": 15}"
127,127,True,,gemm\random\mappings\sample_127_seed_127.csv,5.283166025616745,326.45236232955,1.4010279372154082,0,0.0001665188,0.0,86016.0,28672.0,1.5931362824836341,0.0017834495075755468,True,vec,16,"{""1"": 1, ""2"": 3, ""3"": 0, ""4"": 0, ""5"": 8, ""6"": 6, ""7"": 13, ""8"": 7, ""9"": 9, ""10"": 9}"
128,128,True,,gemm\random\mappings\sample_128_seed_128.csv,5.266521771822958,328.00377374005,1.767829951782689,3,0.0001184548,0.6159689947916688,125952.0,19456.0,1.1868676849831383,0.0015400765209331458,True,vec,16,"{""1"": 7, ""2"": 12, ""3"": 11, ""4"": 4, ""5"": 15, ""6"": 0, ""7"": 4, ""8"": 10, ""9"": 8, ""10"": 9}"
129,129,True,,gemm\random\mappings\sample_129_seed_129.csv,5.333289294718848,327.46646138444,1.3865697606195992,1,0.0001464526,0.13288291666666874,123904.0,26624.0,1.4915691331085101,0.0016779517322621017,True,vec,16,"{""1"": 8, ""2"": 1, ""3"": 12, ""4"": 7, ""5"": 10, ""6"": 7, ""7"": 3, ""8"": 4, ""9"": 4, ""10"": 8}"
130,130,True,,gemm\random\mappings\sample_130_seed_130.csv,5.009456293758658,326.63949027618,1.4358813990805117,0,0.0001661846,0.0,93184.0,16384.0,1.8216623685776632,0.0017810158872290775,True,vec,16,"{""1"": 13, ""2"": 8, ""3"": 14, ""4"": 14, ""5"": 0, ""6"": 11, ""7"": 7, ""8"": 10, ""9"": 7, ""10"": 10}"
131,131,True,,gemm\random\mappings\sample_131_seed_131.csv,4.607315583619194,326.67226147017,1.4686126891928053,0,0.0001170511,0.0,105472.0,20480.0,1.7200952192025392,0.0015193547763908727,True,vec,16,"{""1"": 10, ""2"": 11, ""3"": 2, ""4"": 12, ""5"": 9, ""6"": 0, ""7"": 12, ""8"": 3, ""9"": 11, ""10"": 3}"
132,132,True,,gemm\random\mappings\sample_132_seed_132.csv,4.86664556380517,327.85041741944,1.7690691310351625,1,0.0001183229,0.35229145833333125,91136.0,18432.0,1.3773060900614957,0.001532336662662149,True,vec,16,"{""1"": 13, ""2"": 4, ""3"": 13, ""4"": 1, ""5"": 5, ""6"": 1, ""7"": 9, ""8"": 3, ""9"": 0, ""10"": 7}"
133,133,True,,gemm\random\mappings\sample_133_seed_133.csv,5.479047623849272,328.0657639237,1.5687064895389708,2,0.0001664386,0.420729826923075,69632.0,18432.0,1.7835746875619918,0.0017956208743654168,True,vec,16,"{""1"": 15, ""2"": 11, ""3"": 15, ""4"": 10, ""5"": 10, ""6"": 1, ""7"": 2, ""8"": 9, ""9"": 8, ""10"": 9}"
134,134,True,,gemm\random\mappings\sample_134_seed_134.csv,5.421069311557249,327.68393131492,1.7669333564551648,2,0.0001184589,0.374709125,139264.0,25600.0,1.6439198571711962,0.0015353292358742765,True,vec,16,"{""1"": 15, ""2"": 6, ""3"": 4, ""4"": 0, ""5"": 15, ""6"": 3, ""7"": 12, ""8"": 7, ""9"": 15, ""10"": 7}"
135,135,True,,gemm\random\mappings\sample_135_seed_135.csv,4.783498625225331,327.7172493766,1.5678929809344315,1,0.000117811,0.210701875,105472.0,19456.0,1.2630430470144813,0.0015266533820540995,True,vec,16,"{""1"": 11, ""2"": 8, ""3"": 15, ""4"": 9, ""5"": 3, ""6"": 14, ""7"": 9, ""8"": 0, ""9"": 4, ""10"": 11}"
136,136,True,,gemm\random\mappings\sample_136_seed_136.csv,4.637876982533857,326.60180977531,1.4499626228711922,0,0.000116871,0.0,103424.0,19456.0,2.126363816703035,0.0015178324152065274,True,vec,16,"{""1"": 13, ""2"": 1, ""3"": 13, ""4"": 15, ""5"": 6, ""6"": 13, ""7"": 4, ""8"": 5, ""9"": 15, ""10"": 1}"
137,137,True,,gemm\random\mappings\sample_137_seed_137.csv,4.806967775631237,327.90245514473,1.628410341766051,2,0.0001183088,0.5057716666666625,105472.0,16384.0,0.8059908748264233,0.0015332483875352136,True,vec,16,"{""1"": 2, ""2"": 5, ""3"": 13, ""4"": 10, ""5"": 6, ""6"": 7, ""7"": 15, ""8"": 11, ""9"": 0, ""10"": 12}"
138,138,True,,gemm\random\mappings\sample_138_seed_138.csv,4.660306779404423,327.24528876685,1.5592006297489296,1,0.0001167288,0.026421666666666878,93184.0,20480.0,1.2503471533425907,0.0015182535238742962,True,vec,16,"{""1"": 6, ""2"": 12, ""3"": 14, ""4"": 9, ""5"": 6, ""6"": 8, ""7"": 7, ""8"": 5, ""9"": 4, ""10"": 14}"
139,139,True,,gemm\random\mappings\sample_139_seed_139.csv,4.510364036084933,326.67415274245,1.6263547591487004,0,0.0001166466,0.0,100352.0,16384.0,1.6312239634993058,0.001517761398177158,True,vec,16,"{""1"": 0, ""2"": 9, ""3"": 0, ""4"": 10, ""5"": 8, ""6"": 11, ""7"": 4, ""8"": 8, ""9"": 7, ""10"": 9}"
140,140,True,,gemm\random\mappings\sample_140_seed_140.csv,6.345932209617053,327.83278840074,1.6580036090231747,1,0.0001690209,0.113341201923075,145408.0,36864.0,2.3548899027970642,0.0018045938428474558,True,vec,16,"{""1"": 3, ""2"": 0, ""3"": 8, ""4"": 0, ""5"": 1, ""6"": 7, ""7"": 0, ""8"": 6, ""9"": 12, ""10"": 12}"
141,141,True,,gemm\random\mappings\sample_141_seed_141.csv,5.257218303672411,327.53046278738,1.6791071594681017,1,0.0001181949,0.148367375,143360.0,27648.0,1.4915691331085101,0.0015300751114767047,True,vec,16,"{""1"": 0, ""2"": 15, ""3"": 5, ""4"": 14, ""5"": 0, ""6"": 8, ""7"": 0, ""8"": 10, ""9"": 13, ""10"": 7}"
142,142,True,,gemm\random\mappings\sample_142_seed_142.csv,4.828261925889136,327.78678278908,1.59675073080939,1,0.0001183506,0.21175076923076874,97280.0,18432.0,1.6312239634993058,0.0015325217112400012,True,vec,16,"{""1"": 15, ""2"": 5, ""3"": 15, ""4"": 9, ""5"": 11, ""6"": 11, ""7"": 8, ""8"": 1, ""9"": 3, ""10"": 9}"
143,143,True,,gemm\random\mappings\sample_143_seed_143.csv,5.341239764615797,329.12404376763,1.7808077313562192,2,0.0001236528,0.922190625,92160.0,19456.0,1.4407855584209481,0.0015764187612121424,True,vec,16,"{""1"": 5, ""2"": 1, ""3"": 0, ""4"": 7, ""5"": 4, ""6"": 7, ""7"": 2, ""8"": 13, ""9"": 15, ""10"": 4}"
144,144,True,,gemm\random\mappings\sample_144_seed_144.csv,4.976839726227785,327.62468585218,1.640364248555595,2,0.000118019,0.186830125,125952.0,18432.0,1.3773060900614957,0.0015283278026358466,True,vec,16,"{""1"": 14, ""2"": 1, ""3"": 14, ""4"": 2, ""5"": 5, ""6"": 12, ""7"": 2, ""8"": 13, ""9"": 15, ""10"": 7}"
145,145,True,,gemm\random\mappings\sample_145_seed_145.csv,5.195646779721494,326.25384182512,1.468033159575482,0,0.0001667268,0.0,130048.0,19456.0,1.6693116445149772,0.0017844299752039282,True,vec,16,"{""1"": 13, ""2"": 0, ""3"": 14, ""4"": 0, ""5"": 10, ""6"": 15, ""7"": 8, ""8"": 3, ""9"": 8, ""10"": 5}"
146,146,True,,gemm\random\mappings\sample_146_seed_146.csv,4.6013454943393395,326.45614874796,1.4628542543657141,0,0.0001167447,0.0,80896.0,26624.0,1.3773060900614957,0.001516941433632635,True,vec,16,"{""1"": 4, ""2"": 4, ""3"": 10, ""4"": 2, ""5"": 5, ""6"": 9, ""7"": 2, ""8"": 11, ""9"": 1, ""10"": 6}"
147,147,True,,gemm\random\mappings\sample_147_seed_147.csv,5.705628579155521,327.17455782916,1.4282518854492527,1,0.0001662969,0.0033197916666666875,109568.0,24576.0,2.862725649672684,0.001782528814242265,True,vec,16,"{""1"": 4, ""2"": 12, ""3"": 14, ""4"": 14, ""5"": 5, ""6"": 9, ""7"": 13, ""8"": 14, ""9"": 3, ""10"": 14}"
148,148,True,,gemm\random\mappings\sample_148_seed_148.csv,4.7028927792144,326.73689297623,1.4688422638759144,0,0.0001167609,0.0,120832.0,26624.0,0.9964292799047808,0.0015174667009479942,True,vec,16,"{""1"": 12, ""2"": 1, ""3"": 12, ""4"": 11, ""5"": 9, ""6"": 8, ""7"": 3, ""8"": 6, ""9"": 15, ""10"": 2}"
149,149,True,,gemm\random\mappings\sample_149_seed_149.csv,6.538874621768537,329.74515546555,2.08678208302383,5,0.0001248706,2.0737815104166875,133120.0,28672.0,1.3392184090458243,0.0016017259300433418,True,vec,16,"{""1"": 2, ""2"": 3, ""3"": 8, ""4"": 12, ""5"": 4, ""6"": 4, ""7"": 1, ""8"": 0, ""9"": 5, ""10"": 1}"
150,150,True,,gemm\random\mappings\sample_150_seed_150.csv,4.214073489030033,326.67778163342,1.4770883801364705,0,0.0001169529,0.0,87040.0,16384.0,0.8059908748264233,0.0015185731664375097,True,vec,16,"{""1"": 10, ""2"": 12, ""3"": 6, ""4"": 7, ""5"": 9, ""6"": 15, ""7"": 4, ""8"": 5, ""9"": 13, ""10"": 2}"
151,151,True,,gemm\random\mappings\sample_151_seed_151.csv,5.986325948183259,329.18641037827,1.4896364310033376,2,0.0001673848,0.9412176666666874,110592.0,24576.0,1.5931362824836341,0.0018021932510411814,True,vec,16,"{""1"": 13, ""2"": 6, ""3"": 11, ""4"": 9, ""5"": 11, ""6"": 3, ""7"": 14, ""8"": 15, ""9"": 2, ""10"": 14}"
152,152,True,,gemm\random\mappings\sample_152_seed_152.csv,4.95858176980146,326.45138101005,1.613621359496377,0,0.000146603,0.0,126976.0,18432.0,1.4534814520928387,0.001678174143263262,True,vec,16,"{""1"": 12, ""2"": 4, ""3"": 12, ""4"": 6, ""5"": 2, ""6"": 0, ""7"": 3, ""8"": 3, ""9"": 0, ""10"": 11}"
153,153,True,,gemm\random\mappings\sample_153_seed_153.csv,5.353107545532913,326.36935434744,1.342591775160207,0,0.0001464566,0.0,151552.0,32768.0,1.4153937710771671,0.0016762615582100473,True,vec,16,"{""1"": 15, ""2"": 2, ""3"": 1, ""4"": 8, ""5"": 13, ""6"": 10, ""7"": 13, ""8"": 7, ""9"": 10, ""10"": 6}"
154,154,True,,gemm\random\mappings\sample_154_seed_154.csv,4.9743743380788406,328.06003760213,1.8327515480722483,2,0.0001188386,0.45042334375,100352.0,12288.0,1.7581829002182108,0.0015424731845503164,True,vec,16,"{""1"": 6, ""2"": 12, ""3"": 15, ""4"": 6, ""5"": 14, ""6"": 0, ""7"": 14, ""8"": 8, ""9"": 12, ""10"": 13}"
155,155,True,,gemm\random\mappings\sample_155_seed_155.csv,5.062606973453541,327.23966350889,1.345658995881546,1,0.0001664547,0.017848958333333127,70656.0,18432.0,1.5931362824836341,0.0017827407057637186,True,vec,16,"{""1"": 9, ""2"": 13, ""3"": 13, ""4"": 8, ""5"": 6, ""6"": 1, ""7"": 0, ""8"": 2, ""9"": 5, ""10"": 5}"
156,156,True,,gemm\random\mappings\sample_156_seed_156.csv,4.568590426524301,326.33210595783,1.461248620757357,0,0.0001168207,0.0,122880.0,19456.0,1.5677444951398531,0.0015178139426718536,True,vec,16,"{""1"": 15, ""2"": 13, ""3"": 7, ""4"": 11, ""5"": 4, ""6"": 7, ""7"": 5, ""8"": 4, ""9"": 14, ""10"": 12}"
157,157,True,,gemm\random\mappings\sample_157_seed_157.csv,5.682459772058763,326.59019489574,1.4571756335729942,0,0.0001667568,0.0,186368.0,24576.0,2.050188454671692,0.0017849568633833534,True,vec,16,"{""1"": 15, ""2"": 7, ""3"": 5, ""4"": 0, ""5"": 0, ""6"": 11, ""7"": 11, ""8"": 7, ""9"": 10, ""10"": 4}"
158,158,True,,gemm\random\mappings\sample_158_seed_158.csv,5.247079464925512,327.99796232835,1.6253195428982985,2,0.0001183648,0.3753444791666688,115712.0,24576.0,1.5677444951398531,0.001534811985732869,True,vec,16,"{""1"": 7, ""2"": 3, ""3"": 1, ""4"": 13, ""5"": 10, ""6"": 14, ""7"": 1, ""8"": 2, ""9"": 3, ""10"": 0}"
159,159,True,,gemm\random\mappings\sample_159_seed_159.csv,5.158771709133797,326.44221786647,1.4965653140739026,0,0.000116951,0.0,151552.0,35840.0,1.3011307280301527,0.0015189791787992891,True,vec,16,"{""1"": 12, ""2"": 5, ""3"": 14, ""4"": 7, ""5"": 6, ""6"": 6, ""7"": 0, ""8"": 15, ""9"": 12, ""10"": 1}"
160,160,True,,gemm\random\mappings\sample_160_seed_160.csv,5.105620437161632,326.53182050844,1.4886566063410627,0,0.0001465491,0.0,152576.0,24576.0,1.0345169609204523,0.0016778112172196043,True,vec,16,"{""1"": 3, ""2"": 10, ""3"": 12, ""4"": 5, ""5"": 11, ""6"": 15, ""7"": 6, ""8"": 13, ""9"": 15, ""10"": 0}"
161,161,True,,gemm\random\mappings\sample_161_seed_161.csv,5.281341767550803,327.4118910261,1.5256473315683867,1,0.000147271,0.033681875,102400.0,18432.0,2.583415988891093,0.001683401120338399,True,vec,16,"{""1"": 6, ""2"": 5, ""3"": 7, ""4"": 15, ""5"": 1, ""6"": 15, ""7"": 15, ""8"": 1, ""9"": 14, ""10"": 1}"
162,162,True,,gemm\random\mappings\sample_162_seed_162.csv,5.273224084547243,326.50370867544,1.246750404596638,0,0.0001664548,0.0,130048.0,24576.0,1.6693116445149772,0.0017821697039139518,True,vec,16,"{""1"": 1, ""2"": 6, ""3"": 6, ""4"": 13, ""5"": 15, ""6"": 9, ""7"": 14, ""8"": 14, ""9"": 0, ""10"": 5}"
163,163,True,,gemm\random\mappings\sample_163_seed_163.csv,4.670922452487156,326.46209967797,1.3326652311270446,0,0.0001465489,0.0,96256.0,16384.0,1.5677444951398531,0.0016760577985721384,True,vec,16,"{""1"": 14, ""2"": 5, ""3"": 15, ""4"": 9, ""5"": 6, ""6"": 11, ""7"": 6, ""8"": 11, ""9"": 4, ""10"": 4}"
164,164,True,,gemm\random\mappings\sample_164_seed_164.csv,5.5970399323132245,327.78499341631,1.9159737324862642,3,0.0001185246,0.414582875,167936.0,25600.0,1.0726046419361237,0.00153935004970776,True,vec,16,"{""1"": 3, ""2"": 9, ""3"": 8, ""4"": 14, ""5"": 15, ""6"": 12, ""7"": 3, ""8"": 2, ""9"": 13, ""10"": 12}"
165,165,True,,gemm\random\mappings\sample_165_seed_165.csv,5.0556237044178856,326.44490483521,1.5180963227546258,0,0.0001168427,0.0,139264.0,32768.0,1.4407855584209481,0.001518281629420008,True,vec,16,"{""1"": 0, ""2"": 1, ""3"": 13, ""4"": 2, ""5"": 15, ""6"": 7, ""7"": 5, ""8"": 13, ""9"": 10, ""10"": 15}"
166,166,True,,gemm\random\mappings\sample_166_seed_166.csv,4.900988763560401,326.2256008209,1.2922732565101769,0,0.0001665048,0.0,97280.0,18432.0,1.4407855584209481,0.0017824480784350129,True,vec,16,"{""1"": 5, ""2"": 13, ""3"": 13, ""4"": 0, ""5"": 10, ""6"": 1, ""7"": 15, ""8"": 11, ""9"": 9, ""10"": 6}"
167,167,True,,gemm\random\mappings\sample_167_seed_167.csv,5.580220630504405,326.50622512224,1.263657409452348,0,0.0001666347,0.0,106496.0,32768.0,2.278714540765721,0.001783020854004357,True,vec,16,"{""1"": 7, ""2"": 2, ""3"": 10, ""4"": 13, ""5"": 10, ""6"": 2, ""7"": 0, ""8"": 13, ""9"": 15, ""10"": 7}"
168,168,True,,gemm\random\mappings\sample_168_seed_168.csv,5.174076145603334,326.35854713833,1.2755994428455473,0,0.0001764049,0.0,136192.0,16384.0,1.7454870065463202,0.0018365212309471876,True,vec,16,"{""1"": 3, ""2"": 11, ""3"": 12, ""4"": 5, ""5"": 7, ""6"": 6, ""7"": 6, ""8"": 15, ""9"": 6, ""10"": 12}"
169,169,True,,gemm\random\mappings\sample_169_seed_169.csv,4.609564649546119,326.60182093366,1.480106190811487,0,0.0001166127,0.0,115712.0,24576.0,0.9964292799047808,0.0015166333761802834,True,vec,16,"{""1"": 8, ""2"": 5, ""3"": 3, ""4"": 11, ""5"": 8, ""6"": 15, ""7"": 6, ""8"": 2, ""9"": 0, ""10"": 4}"
170,170,True,,gemm\random\mappings\sample_170_seed_170.csv,5.26801560990993,326.73272719533,1.4374342745954736,0,0.0001663087,0.0,69632.0,24576.0,2.202539178734378,0.0017812884530889258,True,vec,16,"{""1"": 11, ""2"": 10, ""3"": 10, ""4"": 2, ""5"": 7, ""6"": 10, ""7"": 8, ""8"": 3, ""9"": 6, ""10"": 0}"
171,171,True,,gemm\random\mappings\sample_171_seed_171.csv,5.19506693255286,327.05315118958,1.5431734993439508,0,0.0001167906,0.0,116736.0,35840.0,1.7073993255306488,0.0015180058133395062,True,vec,16,"{""1"": 12, ""2"": 13, ""3"": 3, ""4"": 14, ""5"": 5, ""6"": 12, ""7"": 9, ""8"": 10, ""9"": 5, ""10"": 5}"
172,172,True,,gemm\random\mappings\sample_172_seed_172.csv,5.269849993356472,326.0082132909,1.2925636464543444,0,0.0001666489,0.0,79872.0,26624.0,2.3675857964689544,0.0017820421507584235,True,vec,16,"{""1"": 11, ""2"": 6, ""3"": 6, ""4"": 9, ""5"": 11, ""6"": 1, ""7"": 12, ""8"": 14, ""9"": 14, ""10"": 6}"
173,173,True,,gemm\random\mappings\sample_173_seed_173.csv,5.822153735063758,328.37302037724,1.760176439847828,3,0.000147345,0.7970592552083331,100352.0,25600.0,1.4153937710771671,0.001703742149657097,True,vec,16,"{""1"": 10, ""2"": 15, ""3"": 11, ""4"": 7, ""5"": 13, ""6"": 0, ""7"": 11, ""8"": 0, ""9"": 4, ""10"": 14}"
174,174,True,,gemm\random\mappings\sample_174_seed_174.csv,6.261693690863324,329.02528338159,1.8999008902800885,2,0.0001462487,1.6625511666666875,162816.0,26624.0,1.2249553659988097,0.0017078849837962316,True,vec,16,"{""1"": 0, ""2"": 14, ""3"": 0, ""4"": 15, ""5"": 11, ""6"": 2, ""7"": 7, ""8"": 7, ""9"": 3, ""10"": 10}"
175,175,True,,gemm\random\mappings\sample_175_seed_175.csv,5.193585894818255,327.46191469358,1.4865824948456672,1,0.000147215,0.06048041666666688,140288.0,19456.0,1.4026978774052767,0.0016829018173643534,True,vec,16,"{""1"": 14, ""2"": 7, ""3"": 1, ""4"": 6, ""5"": 8, ""6"": 2, ""7"": 15, ""8"": 15, ""9"": 14, ""10"": 1}"
176,176,True,,gemm\random\mappings\sample_176_seed_176.csv,5.199609079189687,327.89654288242,1.7444831499478999,1,0.0001188608,0.201813671875,119808.0,25600.0,1.5296568141241818,0.0015373277687503965,True,vec,16,"{""1"": 0, ""2"": 1, ""3"": 7, ""4"": 3, ""5"": 12, ""6"": 10, ""7"": 15, ""8"": 3, ""9"": 0, ""10"": 0}"
177,177,True,,gemm\random\mappings\sample_177_seed_177.csv,4.989085454766379,327.750728867,1.7290040846794468,2,0.0001186249,0.2283540625,110592.0,18432.0,1.3773060900614957,0.001534417395399232,True,vec,16,"{""1"": 6, ""2"": 15, ""3"": 13, ""4"": 6, ""5"": 12, ""6"": 1, ""7"": 13, ""8"": 9, ""9"": 8, ""10"": 2}"
178,178,True,,gemm\random\mappings\sample_178_seed_178.csv,5.308626107547411,328.60538464795,1.7980658026471286,2,0.0001221468,0.8069538437500001,114688.0,18432.0,1.4407855584209481,0.0015676730478397028,True,vec,16,"{""1"": 3, ""2"": 14, ""3"": 7, ""4"": 10, ""5"": 15, ""6"": 9, ""7"": 5, ""8"": 2, ""9"": 14, ""10"": 7}"
179,179,True,,gemm\random\mappings\sample_179_seed_179.csv,4.949073638638003,328.2524801756,1.6241279562164515,2,0.0001198268,0.651321375,90112.0,16384.0,1.3392184090458243,0.001548801442297482,True,vec,16,"{""1"": 6, ""2"": 3, ""3"": 2, ""4"": 1, ""5"": 9, ""6"": 14, ""7"": 1, ""8"": 8, ""9"": 7, ""10"": 7}"
180,180,True,,gemm\random\mappings\sample_180_seed_180.csv,4.778163822383672,327.6413648016,1.6952582935079976,1,0.0001186109,0.13890455357143125,113664.0,17408.0,1.1741717913112477,0.0015333777996274175,True,vec,16,"{""1"": 4, ""2"": 2, ""3"": 0, ""4"": 8, ""5"": 3, ""6"": 14, ""7"": 7, ""8"": 1, ""9"": 4, ""10"": 3}"
181,181,True,,gemm\random\mappings\sample_181_seed_181.csv,5.6136550569441495,326.34442725825,1.382321742148079,0,0.0001667608,0.0,100352.0,32768.0,2.3548899027970642,0.0017832659636048602,True,vec,16,"{""1"": 3, ""2"": 1, ""3"": 10, ""4"": 10, ""5"": 6, ""6"": 9, ""7"": 10, ""8"": 7, ""9"": 14, ""10"": 14}"
182,182,True,,gemm\random\mappings\sample_182_seed_182.csv,5.366758976962314,327.08136047258,1.507159024818245,0,0.0001665986,0.0,98304.0,24576.0,1.8216623685776632,0.0017850700176580089,True,vec,16,"{""1"": 14, ""2"": 11, ""3"": 7, ""4"": 7, ""5"": 10, ""6"": 11, ""7"": 9, ""8"": 2, ""9"": 8, ""10"": 1}"
183,183,True,,gemm\random\mappings\sample_183_seed_183.csv,5.234144463983308,326.60194123198,1.443994632953918,0,0.0001464866,0.0,108544.0,26624.0,2.177147391390597,0.001676511667722435,True,vec,16,"{""1"": 3, ""2"": 2, ""3"": 0, ""4"": 11, ""5"": 9, ""6"": 7, ""7"": 2, ""8"": 2, ""9"": 0, ""10"": 1}"
184,184,True,,gemm\random\mappings\sample_184_seed_184.csv,5.510439677048466,326.12399055726,1.3481150667299082,0,0.0001665326,0.0,112640.0,27648.0,2.583415988891093,0.0017819253748424663,True,vec,16,"{""1"": 8, ""2"": 0, ""3"": 7, ""4"": 10, ""5"": 10, ""6"": 10, ""7"": 6, ""8"": 14, ""9"": 0, ""10"": 4}"
185,185,True,,gemm\random\mappings\sample_185_seed_185.csv,6.058909171857097,328.12474790307,1.4979543813691174,2,0.000167427,0.42594308333333125,164864.0,25600.0,1.8216623685776632,0.0017963569247947816,True,vec,16,"{""1"": 3, ""2"": 4, ""3"": 4, ""4"": 9, ""5"": 15, ""6"": 15, ""7"": 12, ""8"": 5, ""9"": 0, ""10"": 7}"
186,186,True,,gemm\random\mappings\sample_186_seed_186.csv,5.18970294195177,328.0840750886,1.8375982170655496,2,0.0001200508,0.633343125,102400.0,17408.0,1.7073993255306488,0.0015512607275130583,True,vec,16,"{""1"": 10, ""2"": 13, ""3"": 14, ""4"": 3, ""5"": 15, ""6"": 3, ""7"": 0, ""8"": 6, ""9"": 10, ""10"": 3}"
187,187,True,,gemm\random\mappings\sample_187_seed_187.csv,5.198681942820031,327.52423028103,1.5746212176574057,2,0.0001466347,0.19662398437500003,116736.0,16384.0,1.4915691331085101,0.0016835104660422333,True,vec,16,"{""1"": 11, ""2"": 15, ""3"": 4, ""4"": 0, ""5"": 7, ""6"": 15, ""7"": 14, ""8"": 5, ""9"": 14, ""10"": 11}"
188,188,True,,gemm\random\mappings\sample_188_seed_188.csv,5.43051028061169,327.46267296705,1.5008795840059128,1,0.0001463106,0.11901458333333126,108544.0,26624.0,1.9867089863122396,0.001677717655037099,True,vec,16,"{""1"": 7, ""2"": 8, ""3"": 0, ""4"": 7, ""5"": 2, ""6"": 8, ""7"": 12, ""8"": 8, ""9"": 11, ""10"": 9}"
189,189,True,,gemm\random\mappings\sample_189_seed_189.csv,6.15099922161542,328.96359977967,1.8590405182149543,3,0.0001509608,0.9413979166666688,147456.0,24576.0,1.4153937710771671,0.0017263637051655994,True,vec,16,"{""1"": 15, ""2"": 8, ""3"": 4, ""4"": 3, ""5"": 12, ""6"": 0, ""7"": 0, ""8"": 1, ""9"": 4, ""10"": 6}"
190,190,True,,gemm\random\mappings\sample_190_seed_190.csv,4.382680131739731,326.59783817936,1.58445668145546,0,0.0001168367,0.0,97280.0,18432.0,0.9202539178734378,0.001518687183142665,True,vec,16,"{""1"": 2, ""2"": 5, ""3"": 10, ""4"": 11, ""5"": 6, ""6"": 7, ""7"": 15, ""8"": 12, ""9"": 2, ""10"": 4}"
191,191,True,,gemm\random\mappings\sample_191_seed_191.csv,5.205699927282312,327.62322831201,1.5820107120129565,1,0.0001176227,0.07396609375,144384.0,24576.0,1.9486213052965682,0.0015255635897662954,True,vec,16,"{""1"": 4, ""2"": 12, ""3"": 15, ""4"": 1, ""5"": 3, ""6"": 1, ""7"": 12, ""8"": 15, ""9"": 11, ""10"": 13}"
192,192,True,,gemm\random\mappings\sample_192_seed_192.csv,5.52094700525324,326.35928233186,1.3850383656921164,0,0.0001665549,0.0,98304.0,34816.0,1.6693116445149772,0.0017825926536019472,True,vec,16,"{""1"": 11, ""2"": 9, ""3"": 2, ""4"": 14, ""5"": 9, ""6"": 13, ""7"": 10, ""8"": 13, ""9"": 8, ""10"": 7}"
193,193,True,,gemm\random\mappings\sample_193_seed_193.csv,4.963916974204343,327.71859730037,1.536507668255068,1,0.0001177608,0.23206375,111616.0,24576.0,1.3011307280301527,0.001526247632849268,True,vec,16,"{""1"": 14, ""2"": 5, ""3"": 9, ""4"": 8, ""5"": 7, ""6"": 0, ""7"": 9, ""8"": 4, ""9"": 14, ""10"": 6}"
194,194,True,,gemm\random\mappings\sample_194_seed_194.csv,6.146619166828034,328.35956733094,1.5390056828709933,2,0.0001766508,0.601546875,150528.0,24576.0,1.7454870065463202,0.0018528796272795382,True,vec,16,"{""1"": 2, ""2"": 4, ""3"": 11, ""4"": 12, ""5"": 8, ""6"": 13, ""7"": 14, ""8"": 13, ""9"": 13, ""10"": 11}"
195,195,True,,gemm\random\mappings\sample_195_seed_195.csv,5.470521769610484,326.38203824528,1.2782827196954787,0,0.0001664246,0.0,114688.0,26624.0,2.5453283078754216,0.0017819710075987537,True,vec,16,"{""1"": 12, ""2"": 1, ""3"": 6, ""4"": 6, ""5"": 12, ""6"": 2, ""7"": 9, ""8"": 6, ""9"": 10, ""10"": 10}"
196,196,True,,gemm\random\mappings\sample_196_seed_196.csv,5.1567616818028,327.18234181657,1.5927827419710772,1,0.0001167646,0.005322916666666688,130048.0,33792.0,0.9583415988891093,0.0015183023045503578,True,vec,16,"{""1"": 0, ""2"": 6, ""3"": 13, ""4"": 10, ""5"": 2, ""6"": 9, ""7"": 4, ""8"": 8, ""9"": 3, ""10"": 4}"
197,197,True,,gemm\random\mappings\sample_197_seed_197.csv,5.323701392447904,328.65525495433,1.9671177401349211,3,0.0001218348,0.8593779839743625,84992.0,18432.0,1.1487800039674667,0.0015678514372192104,True,vec,16,"{""1"": 0, ""2"": 4, ""3"": 5, ""4"": 0, ""5"": 6, ""6"": 3, ""7"": 1, ""8"": 15, ""9"": 14, ""10"": 3}"
198,198,True,,gemm\random\mappings\sample_198_seed_198.csv,6.040777641011203,327.52581935497,1.4839347874091444,1,0.0001678946,0.075964875,162816.0,34816.0,1.5550486014679628,0.0017955670926759354,True,vec,16,"{""1"": 1, ""2"": 15, ""3"": 3, ""4"": 15, ""5"": 14, ""6"": 1, ""7"": 9, ""8"": 6, ""9"": 13, ""10"": 5}"
199,199,True,,gemm\random\mappings\sample_199_seed_199.csv,6.249771985832409,328.30114738802,1.9355721676506,4,0.0001224807,1.1618037586805563,144384.0,35840.0,1.3011307280301527,0.0015760292099031438,True,vec,16,"{""1"": 11, ""2"": 12, ""3"": 8, ""4"": 9, ""5"": 0, ""6"": 15, ""7"": 11, ""8"": 8, ""9"": 7, ""10"": 10}"
200,200,True,,gemm\random\mappings\sample_200_seed_200.csv,5.862031014750446,328.17038609681,1.6904053720836882,2,0.000150193,0.5466287386363625,101376.0,28672.0,1.9486213052965682,0.0017155744298075414,True,vec,16,"{""1"": 1, ""2"": 6, ""3"": 0, ""4"": 4, ""5"": 8, ""6"": 0, ""7"": 14, ""8"": 5, ""9"": 0, ""10"": 14}"
201,201,True,,gemm\random\mappings\sample_201_seed_201.csv,5.305984618734844,328.23112885298,1.774848521457626,2,0.000119012399,0.5158809583333313,109568.0,24576.0,1.3392184090458243,0.0015404085976999412,True,vec,16,"{""1"": 2, ""2"": 10, ""3"": 13, ""4"": 0, ""5"": 9, ""6"": 10, ""7"": 15, ""8"": 8, ""9"": 14, ""10"": 15}"
202,202,True,,gemm\random\mappings\sample_202_seed_202.csv,6.003844632078179,327.61925083389,1.3750493321434616,1,0.0001664887,0.10980583333333124,128000.0,35840.0,2.0882761356873636,0.0017852739959234643,True,vec,16,"{""1"": 12, ""2"": 15, ""3"": 13, ""4"": 6, ""5"": 6, ""6"": 12, ""7"": 1, ""8"": 13, ""9"": 14, ""10"": 14}"
203,203,True,,gemm\random\mappings\sample_203_seed_203.csv,5.098963942089115,327.69181485961,1.5267499293795082,1,0.0001467946,0.14096648437499998,100352.0,19456.0,1.4153937710771671,0.0016839200019408596,True,vec,16,"{""1"": 2, ""2"": 1, ""3"": 15, ""4"": 6, ""5"": 0, ""6"": 8, ""7"": 7, ""8"": 0, ""9"": 7, ""10"": 11}"
204,204,True,,gemm\random\mappings\sample_204_seed_204.csv,4.654303401129265,326.80558058293,1.4408731883411634,0,0.0001169367,0.0,128000.0,24576.0,0.9583415988891093,0.0015182703161512824,True,vec,16,"{""1"": 12, ""2"": 2, ""3"": 6, ""4"": 4, ""5"": 13, ""6"": 15, ""7"": 10, ""8"": 3, ""9"": 5, ""10"": 10}"
205,205,True,,gemm\random\mappings\sample_205_seed_205.csv,5.922022720792403,327.52581124896,1.6330873934827903,1,0.0001678506,0.076963125,106496.0,32768.0,1.9740130926403492,0.0017960411901648615,True,vec,16,"{""1"": 13, ""2"": 15, ""3"": 3, ""4"": 15, ""5"": 14, ""6"": 7, ""7"": 5, ""8"": 3, ""9"": 6, ""10"": 7}"
206,206,True,,gemm\random\mappings\sample_206_seed_206.csv,4.985827315757286,325.87882885126,1.3281501715846882,0,0.0001466289,0.0,114688.0,24576.0,1.7962705812338822,0.0016764590680747832,True,vec,16,"{""1"": 0, ""2"": 2, ""3"": 9, ""4"": 7, ""5"": 4, ""6"": 7, ""7"": 7, ""8"": 5, ""9"": 10, ""10"": 8}"
207,207,True,,gemm\random\mappings\sample_207_seed_207.csv,5.43207745087549,328.32740712449,1.7301032330663029,2,0.0001206108,0.6050561250000001,117760.0,28672.0,1.0599087482642333,0.0015528668851576947,True,vec,16,"{""1"": 7, ""2"": 5, ""3"": 0, ""4"": 11, ""5"": 4, ""6"": 15, ""7"": 2, ""8"": 1, ""9"": 10, ""10"": 11}"
208,208,True,,gemm\random\mappings\sample_208_seed_208.csv,4.869852123235588,326.96278455354,1.420220537520863,0,0.0001167348,0.0,106496.0,27648.0,1.8724459432652252,0.0015170338729831134,True,vec,16,"{""1"": 8, ""2"": 6, ""3"": 1, ""4"": 8, ""5"": 14, ""6"": 8, ""7"": 14, ""8"": 11, ""9"": 13, ""10"": 5}"
209,209,True,,gemm\random\mappings\sample_209_seed_209.csv,5.5406291212217695,325.47238675037,1.289185982162563,0,0.0001665029,0.0,103424.0,32768.0,2.583415988891093,0.001781211610503317,True,vec,16,"{""1"": 0, ""2"": 5, ""3"": 9, ""4"": 2, ""5"": 5, ""6"": 2, ""7"": 11, ""8"": 5, ""9"": 7, ""10"": 13}"
210,210,True,,gemm\random\mappings\sample_210_seed_210.csv,5.397085574698828,327.77517518015,1.5699133770907074,1,0.0001679789,0.08574999999999999,105472.0,18432.0,1.6312239634993058,0.0017964022846892055,True,vec,16,"{""1"": 12, ""2"": 0, ""3"": 12, ""4"": 5, ""5"": 0, ""6"": 9, ""7"": 7, ""8"": 1, ""9"": 4, ""10"": 3}"
211,211,True,,gemm\random\mappings\sample_211_seed_211.csv,5.146856343447065,325.98777172692,1.2831415257865555,0,0.0001666348,0.0,101376.0,24576.0,1.7454870065463202,0.0017823100244373203,True,vec,16,"{""1"": 11, ""2"": 7, ""3"": 0, ""4"": 10, ""5"": 10, ""6"": 4, ""7"": 13, ""8"": 13, ""9"": 5, ""10"": 11}"
212,212,True,,gemm\random\mappings\sample_212_seed_212.csv,5.667316416054868,327.10843593327,1.488034639148854,0,0.0001665688,0.0,113664.0,24576.0,2.964292799047808,0.0017847501470790181,True,vec,16,"{""1"": 12, ""2"": 1, ""3"": 1, ""4"": 9, ""5"": 4, ""6"": 4, ""7"": 1, ""8"": 9, ""9"": 5, ""10"": 10}"
213,213,True,,gemm\random\mappings\sample_213_seed_213.csv,4.658726037879933,326.38803510294,1.4641920939168207,0,0.0001170348,0.0,102400.0,24576.0,1.5677444951398531,0.0015188793167508383,True,vec,16,"{""1"": 4, ""2"": 13, ""3"": 7, ""4"": 9, ""5"": 0, ""6"": 6, ""7"": 13, ""8"": 9, ""9"": 5, ""10"": 11}"
214,214,True,,gemm\random\mappings\sample_214_seed_214.csv,4.8519681080314525,327.24897731263,1.5608370076077454,1,0.0001170189,0.018642265625,90112.0,25600.0,1.4407855584209481,0.0015201909360562458,True,vec,16,"{""1"": 11, ""2"": 13, ""3"": 9, ""4"": 14, ""5"": 7, ""6"": 13, ""7"": 1, ""8"": 8, ""9"": 6, ""10"": 7}"
215,215,True,,gemm\random\mappings\sample_215_seed_215.csv,5.159625265201873,327.78890569314,1.714484962399138,1,0.0001184846,0.27035275,109568.0,27648.0,1.3011307280301527,0.0015338745714403267,True,vec,16,"{""1"": 1, ""2"": 10, ""3"": 3, ""4"": 9, ""5"": 7, ""6"": 2, ""7"": 1, ""8"": 12, ""9"": 9, ""10"": 0}"
216,216,True,,gemm\random\mappings\sample_216_seed_216.csv,5.513180060468726,327.58517038875,1.475101480083103,1,0.000166923,0.14494770833333126,124928.0,20480.0,1.8216623685776632,0.0017886700704730434,True,vec,16,"{""1"": 6, ""2"": 5, ""3"": 15, ""4"": 15, ""5"": 0, ""6"": 12, ""7"": 3, ""8"": 0, ""9"": 8, ""10"": 11}"
217,217,True,,gemm\random\mappings\sample_217_seed_217.csv,5.264440920079873,327.77557402711,1.284650983297036,1,0.0001667767,0.23065666666666876,90112.0,17408.0,1.9740130926403492,0.0017867800097891326,True,vec,16,"{""1"": 9, ""2"": 7, ""3"": 5, ""4"": 8, ""5"": 7, ""6"": 3, ""7"": 10, ""8"": 4, ""9"": 8, ""10"": 10}"
218,218,True,,gemm\random\mappings\sample_218_seed_218.csv,4.892362667018434,327.71914311831,1.5923962077465044,1,0.0001177768,0.24823291666666875,82944.0,24576.0,1.3392184090458243,0.001526747999658216,True,vec,16,"{""1"": 9, ""2"": 5, ""3"": 3, ""4"": 11, ""5"": 10, ""6"": 6, ""7"": 1, ""8"": 11, ""9"": 15, ""10"": 6}"
219,219,True,,gemm\random\mappings\sample_219_seed_219.csv,4.8066778886474175,327.26568439553,1.544208261669631,1,0.0001167427,0.028362916666666873,91136.0,19456.0,2.126363816703035,0.0015183359561630491,True,vec,16,"{""1"": 10, ""2"": 1, ""3"": 10, ""4"": 3, ""5"": 9, ""6"": 13, ""7"": 10, ""8"": 9, ""9"": 15, ""10"": 1}"
220,220,True,,gemm\random\mappings\sample_220_seed_220.csv,5.388453519047126,327.95835334737,1.7005066769973944,2,0.0001195707,0.3666954583333331,130048.0,27648.0,1.3265225153739337,0.00154178484984982,True,vec,16,"{""1"": 7, ""2"": 7, ""3"": 14, ""4"": 8, ""5"": 12, ""6"": 13, ""7"": 15, ""8"": 6, ""9"": 10, ""10"": 7}"
221,221,True,,gemm\random\mappings\sample_221_seed_221.csv,4.862164426648036,326.96174694279,1.5672548400686048,0,0.0001168546,0.0,135168.0,25600.0,1.3011307280301527,0.0015189934470781622,True,vec,16,"{""1"": 7, ""2"": 13, ""3"": 2, ""4"": 15, ""5"": 8, ""6"": 7, ""7"": 11, ""8"": 14, ""9"": 2, ""10"": 1}"
222,222,True,,gemm\random\mappings\sample_222_seed_222.csv,5.716791291029861,327.67845564864,1.3052631611574281,1,0.0001667608,0.18214895833333125,128000.0,27648.0,1.9740130926403492,0.0017866621061497926,True,vec,16,"{""1"": 3, ""2"": 7, ""3"": 9, ""4"": 9, ""5"": 1, ""6"": 0, ""7"": 15, ""8"": 7, ""9"": 14, ""10"": 14}"
223,223,True,,gemm\random\mappings\sample_223_seed_223.csv,4.511988098425155,326.52179503177,1.495583475257952,0,0.0001467788,0.0,80896.0,12288.0,1.3011307280301527,0.0016785665938062388,True,vec,16,"{""1"": 10, ""2"": 11, ""3"": 14, ""4"": 6, ""5"": 12, ""6"": 3, ""7"": 0, ""8"": 10, ""9"": 0, ""10"": 3}"
224,224,True,,gemm\random\mappings\sample_224_seed_224.csv,4.643704004566806,327.68550556887,1.670931123192593,1,0.0001176729,0.19592958333333124,81920.0,18432.0,0.9964292799047808,0.001526290079352284,True,vec,16,"{""1"": 2, ""2"": 6, ""3"": 14, ""4"": 2, ""5"": 7, ""6"": 3, ""7"": 13, ""8"": 4, ""9"": 0, ""10"": 10}"
225,225,True,,gemm\random\mappings\sample_225_seed_225.csv,5.499463584403846,328.07053839625,1.624051753510159,2,0.0001487807,0.25862411458333123,80896.0,24576.0,1.7962705812338822,0.0016970639270000143,True,vec,16,"{""1"": 7, ""2"": 5, ""3"": 4, ""4"": 6, ""5"": 11, ""6"": 4, ""7"": 0, ""8"": 5, ""9"": 0, ""10"": 8}"
226,226,True,,gemm\random\mappings\sample_226_seed_226.csv,5.5348814914638265,326.66631141007,1.4017499280921968,0,0.000166937,0.0,156672.0,25600.0,1.8216623685776632,0.0017861971329596656,True,vec,16,"{""1"": 15, ""2"": 1, ""3"": 1, ""4"": 5, ""5"": 11, ""6"": 10, ""7"": 12, ""8"": 14, ""9"": 11, ""10"": 2}"
227,227,True,,gemm\random\mappings\sample_227_seed_227.csv,5.551326577450472,326.96358094731,1.5418938606039787,0,0.0001465647,0.0,167936.0,34816.0,1.0345169609204523,0.0016785856323235458,True,vec,16,"{""1"": 12, ""2"": 11, ""3"": 2, ""4"": 14, ""5"": 7, ""6"": 13, ""7"": 13, ""8"": 1, ""9"": 3, ""10"": 8}"
228,228,True,,gemm\random\mappings\sample_228_seed_228.csv,5.085065892237662,325.34422028458,1.2822966981503154,0,0.0001664066,0.0,82944.0,20480.0,2.684983138266217,0.001780231229427394,True,vec,16,"{""1"": 7, ""2"": 7, ""3"": 7, ""4"": 14, ""5"": 14, ""6"": 4, ""7"": 2, ""8"": 4, ""9"": 9, ""10"": 13}"
229,229,True,,gemm\random\mappings\sample_229_seed_229.csv,4.4902712619119525,326.30379110304,1.4363794404811248,0,0.0001169171,0.0,99328.0,25600.0,0.8059908748264233,0.0015178531749329874,True,vec,16,"{""1"": 4, ""2"": 7, ""3"": 13, ""4"": 8, ""5"": 6, ""6"": 5, ""7"": 15, ""8"": 9, ""9"": 2, ""10"": 0}"
230,230,True,,gemm\random\mappings\sample_230_seed_230.csv,5.3803995710605115,326.26754121835,1.5100579760562804,0,0.0001664367,0.0,98304.0,22528.0,2.5580242015473122,0.0017832615992389846,True,vec,16,"{""1"": 5, ""2"": 9, ""3"": 0, ""4"": 13, ""5"": 0, ""6"": 15, ""7"": 15, ""8"": 13, ""9"": 8, ""10"": 0}"
231,231,True,,gemm\random\mappings\sample_231_seed_231.csv,4.595577706843427,327.33285903906,1.5035008088112163,1,0.0001169767,0.06504791666666876,121856.0,16384.0,1.0599087482642333,0.0015195365543694626,True,vec,16,"{""1"": 0, ""2"": 4, ""3"": 12, ""4"": 10, ""5"": 7, ""6"": 6, ""7"": 9, ""8"": 13, ""9"": 14, ""10"": 10}"
232,232,True,,gemm\random\mappings\sample_232_seed_232.csv,6.585152936993955,328.9582046043,1.6630853598813589,1,0.0001667427,0.8401151250000001,176128.0,34816.0,2.050188454671692,0.0018047780575871594,True,vec,16,"{""1"": 8, ""2"": 3, ""3"": 7, ""4"": 2, ""5"": 2, ""6"": 8, ""7"": 8, ""8"": 5, ""9"": 13, ""10"": 5}"
233,233,True,,gemm\random\mappings\sample_233_seed_233.csv,5.3295832198289546,327.67101742204,1.8065218302216421,1,0.0001177286,0.26069020833333123,99328.0,32768.0,1.4407855584209481,0.0015285364452410164,True,vec,16,"{""1"": 5, ""2"": 7, ""3"": 15, ""4"": 6, ""5"": 2, ""6"": 3, ""7"": 8, ""8"": 7, ""9"": 0, ""10"": 2}"
234,234,True,,gemm\random\mappings\sample_234_seed_234.csv,5.118076792612607,326.44622542455,1.4270485856364348,0,0.0001466346,0.0,104448.0,27648.0,1.6693116445149772,0.0016773743227849645,True,vec,16,"{""1"": 10, ""2"": 8, ""3"": 1, ""4"": 13, ""5"": 15, ""6"": 7, ""7"": 8, ""8"": 11, ""9"": 11, ""10"": 15}"
235,235,True,,gemm\random\mappings\sample_235_seed_235.csv,5.667005610777488,327.46853312783,1.5619485201783072,1,0.0001665547,0.09831104166666874,119808.0,25600.0,1.8216623685776632,0.0017867940753407622,True,vec,16,"{""1"": 11, ""2"": 1, ""3"": 7, ""4"": 2, ""5"": 2, ""6"": 0, ""7"": 8, ""8"": 5, ""9"": 1, ""10"": 3}"
236,236,True,,gemm\random\mappings\sample_236_seed_236.csv,5.20243004288538,327.68821231273,1.7704372233814265,3,0.0001194189,0.6134085,98304.0,20480.0,1.3265225153739337,0.0015435932632553088,True,vec,16,"{""1"": 11, ""2"": 15, ""3"": 11, ""4"": 2, ""5"": 12, ""6"": 4, ""7"": 9, ""8"": 5, ""9"": 8, ""10"": 11}"
237,237,True,,gemm\random\mappings\sample_237_seed_237.csv,4.900187109765283,326.63931160346,1.4512710754624074,0,0.0001170969,0.0,145408.0,25600.0,1.6820075381868678,0.001519567939863566,True,vec,16,"{""1"": 15, ""2"": 5, ""3"": 7, ""4"": 13, ""5"": 1, ""6"": 5, ""7"": 13, ""8"": 0, ""9"": 15, ""10"": 2}"
238,238,True,,gemm\random\mappings\sample_238_seed_238.csv,6.70008786810414,327.29198938193,1.3526669702713245,1,0.0002164086,0.03546895833333312,119808.0,32768.0,3.472128545923428,0.0020503893201903843,True,vec,16,"{""1"": 11, ""2"": 2, ""3"": 13, ""4"": 2, ""5"": 2, ""6"": 4, ""7"": 5, ""8"": 3, ""9"": 1, ""10"": 2}"
239,239,True,,gemm\random\mappings\sample_239_seed_239.csv,5.237273975219957,326.67135746988,1.3394978210223125,0,0.0001465009,0.0,131072.0,26624.0,1.9867089863122396,0.0016760850783342114,True,vec,16,"{""1"": 3, ""2"": 6, ""3"": 4, ""4"": 13, ""5"": 3, ""6"": 13, ""7"": 1, ""8"": 11, ""9"": 13, ""10"": 0}"
240,240,True,,gemm\random\mappings\sample_240_seed_240.csv,5.110276432546257,327.02713901631,1.3477777119268186,0,0.0001665969,0.0,93184.0,17408.0,2.126363816703035,0.001783382469246397,True,vec,16,"{""1"": 1, ""2"": 1, ""3"": 10, ""4"": 4, ""5"": 10, ""6"": 1, ""7"": 11, ""8"": 3, ""9"": 7, ""10"": 0}"
241,241,True,,gemm\random\mappings\sample_241_seed_241.csv,4.759673672804313,327.01726455471,1.560121498833642,0,0.0001464207,0.0,86016.0,16384.0,1.4153937710771671,0.0016771745806599546,True,vec,16,"{""1"": 3, ""2"": 11, ""3"": 2, ""4"": 7, ""5"": 5, ""6"": 8, ""7"": 8, ""8"": 11, ""9"": 4, ""10"": 0}"
242,242,True,,gemm\random\mappings\sample_242_seed_242.csv,5.159636852382306,326.47863013842,1.3729001382726902,0,0.0001666168,0.0,104448.0,17408.0,2.3548899027970642,0.0017829195184915964,True,vec,16,"{""1"": 10, ""2"": 0, ""3"": 15, ""4"": 15, ""5"": 5, ""6"": 0, ""7"": 6, ""8"": 8, ""9"": 6, ""10"": 6}"
243,243,True,,gemm\random\mappings\sample_243_seed_243.csv,4.910388377311639,327.24644617301,1.6642993933682788,2,0.000117067,0.03097370833333331,93184.0,25600.0,0.9583415988891093,0.0015212109835495203,True,vec,16,"{""1"": 10, ""2"": 13, ""3"": 1, ""4"": 14, ""5"": 9, ""6"": 5, ""7"": 8, ""8"": 3, ""9"": 0, ""10"": 3}"
244,244,True,,gemm\random\mappings\sample_244_seed_244.csv,4.714990171029637,326.44620263384,1.5075994226061926,0,0.0001166927,0.0,112640.0,28672.0,0.9583415988891093,0.0015173755982928196,True,vec,16,"{""1"": 13, ""2"": 12, ""3"": 14, ""4"": 2, ""5"": 11, ""6"": 3, ""7"": 4, ""8"": 10, ""9"": 8, ""10"": 8}"
245,245,True,,gemm\random\mappings\sample_245_seed_245.csv,5.366244664628106,327.78150146291,1.579990793171889,1,0.0001188368,0.262279375,136192.0,33792.0,1.1868676849831383,0.001534890200415686,True,vec,16,"{""1"": 4, ""2"": 9, ""3"": 15, ""4"": 2, ""5"": 14, ""6"": 10, ""7"": 14, ""8"": 1, ""9"": 6, ""10"": 8}"
246,246,True,,gemm\random\mappings\sample_246_seed_246.csv,5.024981189846164,326.4462122264,1.3136536240305008,0,0.0001467148,0.0,140288.0,24576.0,1.2884348343582623,0.0016773268650011623,True,vec,16,"{""1"": 1, ""2"": 12, ""3"": 11, ""4"": 2, ""5"": 14, ""6"": 5, ""7"": 5, ""8"": 10, ""9"": 3, ""10"": 11}"
247,247,True,,gemm\random\mappings\sample_247_seed_247.csv,5.1327365201521005,328.13187774361,1.715621943698367,2,0.0001201169,0.532420640625,113664.0,18432.0,1.4407855584209481,0.0015495503932607504,True,vec,16,"{""1"": 14, ""2"": 10, ""3"": 0, ""4"": 11, ""5"": 15, ""6"": 1, ""7"": 11, ""8"": 4, ""9"": 13, ""10"": 0}"
248,248,True,,gemm\random\mappings\sample_248_seed_248.csv,5.710838791140908,328.23268937563,1.8980971803609414,2,0.0001215706,0.491434765625,113664.0,32768.0,1.5677444951398531,0.0015628180709533312,True,vec,16,"{""1"": 13, ""2"": 15, ""3"": 6, ""4"": 14, ""5"": 3, ""6"": 10, ""7"": 8, ""8"": 14, ""9"": 15, ""10"": 11}"
249,249,True,,gemm\random\mappings\sample_249_seed_249.csv,4.774093092163774,327.00834183341,1.4216207926934052,0,0.000146347,0.0,101376.0,18432.0,1.2249553659988097,0.0016759036056291303,True,vec,16,"{""1"": 8, ""2"": 8, ""3"": 15, ""4"": 5, ""5"": 0, ""6"": 13, ""7"": 13, ""8"": 2, ""9"": 11, ""10"": 3}"
250,250,True,,gemm\random\mappings\sample_250_seed_250.csv,5.101385127934811,327.24288551033,1.6465035819725626,1,0.0001167967,0.027152375,132096.0,27648.0,1.3773060900614957,0.0015195593131355474,True,vec,16,"{""1"": 12, ""2"": 12, ""3"": 5, ""4"": 2, ""5"": 1, ""6"": 7, ""7"": 5, ""8"": 11, ""9"": 13, ""10"": 8}"
251,251,True,,gemm\random\mappings\sample_251_seed_251.csv,5.070481486078146,328.12611534009,1.7337588523965497,2,0.0001193686,0.57685275,84992.0,20480.0,1.3265225153739337,0.0015452672685676281,True,vec,16,"{""1"": 14, ""2"": 12, ""3"": 14, ""4"": 7, ""5"": 13, ""6"": 15, ""7"": 2, ""8"": 8, ""9"": 6, ""10"": 14}"
252,252,True,,gemm\random\mappings\sample_252_seed_252.csv,5.247973910583641,327.46514837083,1.506008260532399,1,0.0001464047,0.12367750000000001,125952.0,24576.0,1.1106923229517953,0.0016784184844578342,True,vec,16,"{""1"": 0, ""2"": 9, ""3"": 4, ""4"": 6, ""5"": 10, ""6"": 8, ""7"": 14, ""8"": 15, ""9"": 8, ""10"": 0}"
253,253,True,,gemm\random\mappings\sample_253_seed_253.csv,4.796366967711056,326.3699748647,1.4268909247801604,0,0.0001170349,0.0,143360.0,24576.0,1.5677444951398531,0.001518871011445574,True,vec,16,"{""1"": 12, ""2"": 13, ""3"": 4, ""4"": 7, ""5"": 2, ""6"": 14, ""7"": 2, ""8"": 4, ""9"": 8, ""10"": 15}"
254,254,True,,gemm\random\mappings\sample_254_seed_254.csv,4.918230537392926,326.6449313186,1.498790623058344,0,0.000116841,0.0,98304.0,34816.0,1.1868676849831383,0.001517986577420269,True,vec,16,"{""1"": 11, ""2"": 8, ""3"": 13, ""4"": 10, ""5"": 6, ""6"": 0, ""7"": 10, ""8"": 15, ""9"": 5, ""10"": 14}"
255,255,True,,gemm\random\mappings\sample_255_seed_255.csv,5.005866963478592,328.60310444462,1.6274897909248542,2,0.0001191428,0.8203547916666687,107520.0,16384.0,0.9964292799047808,0.0015416822259839717,True,vec,16,"{""1"": 1, ""2"": 10, ""3"": 1, ""4"": 11, ""5"": 4, ""6"": 8, ""7"": 12, ""8"": 9, ""9"": 14, ""10"": 5}"
256,256,True,,gemm\random\mappings\sample_256_seed_256.csv,5.446896846048859,328.23122693043,1.7400669151045367,2,0.0001208227,0.642288359375,104448.0,29696.0,1.1868676849831383,0.001556621671542527,True,vec,16,"{""1"": 15, ""2"": 9, ""3"": 13, ""4"": 11, ""5"": 12, ""6"": 1, ""7"": 14, ""8"": 13, ""9"": 7, ""10"": 5}"
257,257,True,,gemm\random\mappings\sample_257_seed_257.csv,4.928743028892128,327.40432119088,1.4681519056198968,1,0.0001473069,0.05021729166666687,104448.0,18432.0,1.0345169609204523,0.0016827906903030799,True,vec,16,"{""1"": 10, ""2"": 13, ""3"": 3, ""4"": 8, ""5"": 6, ""6"": 0, ""7"": 0, ""8"": 14, ""9"": 4, ""10"": 7}"
258,258,True,,gemm\random\mappings\sample_258_seed_258.csv,5.6102521438996735,327.68427304967,1.3128634338071696,1,0.0001666647,0.19554854166666877,131072.0,25600.0,1.6947034318587582,0.0017864762643790358,True,vec,16,"{""1"": 2, ""2"": 4, ""3"": 13, ""4"": 6, ""5"": 4, ""6"": 7, ""7"": 0, ""8"": 12, ""9"": 11, ""10"": 6}"
259,259,True,,gemm\random\mappings\sample_259_seed_259.csv,5.20533891932164,326.87494629676,1.4566684556464125,0,0.0001461526,0.0,116736.0,25600.0,1.9105336242808966,0.0016749984378066165,True,vec,16,"{""1"": 1, ""2"": 2, ""3"": 13, ""4"": 15, ""5"": 7, ""6"": 2, ""7"": 1, ""8"": 11, ""9"": 2, ""10"": 6}"
260,260,True,,gemm\random\mappings\sample_260_seed_260.csv,4.244267652866814,326.66516680146,1.5162830623074617,0,0.0001165647,0.0,78848.0,10240.0,1.9105336242808966,0.0015163025558325282,True,vec,16,"{""1"": 6, ""2"": 2, ""3"": 13, ""4"": 15, ""5"": 6, ""6"": 1, ""7"": 8, ""8"": 13, ""9"": 2, ""10"": 8}"
261,261,True,,gemm\random\mappings\sample_261_seed_261.csv,5.6457531511071855,328.60636873041,1.9466861144912138,3,0.0001221107,1.2949604166666688,118784.0,18432.0,1.6439198571711962,0.0015734649585652889,True,vec,16,"{""1"": 13, ""2"": 0, ""3"": 5, ""4"": 1, ""5"": 8, ""6"": 5, ""7"": 8, ""8"": 12, ""9"": 14, ""10"": 13}"
262,262,True,,gemm\random\mappings\sample_262_seed_262.csv,4.956362676072873,327.84779125069,1.6063153665252878,1,0.0001465509,0.294582,67584.0,12288.0,1.9740130926403492,0.001684969602873889,True,vec,16,"{""1"": 10, ""2"": 13, ""3"": 14, ""4"": 10, ""5"": 11, ""6"": 10, ""7"": 7, ""8"": 0, ""9"": 7, ""10"": 13}"
263,263,True,,gemm\random\mappings\sample_263_seed_263.csv,5.707542515635184,328.16187739195,1.692246519174645,2,0.0001466607,0.6933539642857125,88064.0,28672.0,1.5169609204522911,0.0016952290087446408,True,vec,16,"{""1"": 13, ""2"": 10, ""3"": 12, ""4"": 8, ""5"": 4, ""6"": 14, ""7"": 14, ""8"": 0, ""9"": 0, ""10"": 8}"
264,264,True,,gemm\random\mappings\sample_264_seed_264.csv,4.613704055991666,326.89977376491,1.5810944431979403,0,0.000116873,0.0,84992.0,24576.0,1.1868676849831383,0.0015188236982453583,True,vec,16,"{""1"": 9, ""2"": 6, ""3"": 5, ""4"": 10, ""5"": 7, ""6"": 0, ""7"": 10, ""8"": 2, ""9"": 11, ""10"": 14}"
265,265,True,,gemm\random\mappings\sample_265_seed_265.csv,6.0072835004930525,327.25770052901,1.5597528190666585,1,0.0001667789,0.007845062500000001,124928.0,32768.0,2.4564570521721882,0.0017858965417351228,True,vec,16,"{""1"": 12, ""2"": 15, ""3"": 10, ""4"": 15, ""5"": 10, ""6"": 6, ""7"": 7, ""8"": 6, ""9"": 8, ""10"": 7}"
266,266,True,,gemm\random\mappings\sample_266_seed_266.csv,5.024050303387561,327.934692129,1.6583695642225336,2,0.0001181889,0.26427991319444377,126976.0,18432.0,1.3011307280301527,0.00153355174228947,True,vec,16,"{""1"": 2, ""2"": 3, ""3"": 14, ""4"": 6, ""5"": 12, ""6"": 13, ""7"": 1, ""8"": 3, ""9"": 2, ""10"": 4}"
267,267,True,,gemm\random\mappings\sample_267_seed_267.csv,4.658040510590095,327.52601010205,1.6364583150066232,1,0.000117098278,0.048338625,87040.0,16384.0,1.5931362824836341,0.0015222627236108404,True,vec,16,"{""1"": 6, ""2"": 0, ""3"": 14, ""4"": 10, ""5"": 3, ""6"": 0, ""7"": 15, ""8"": 1, ""9"": 7, ""10"": 0}"
268,268,True,,gemm\random\mappings\sample_268_seed_268.csv,4.963005784502654,326.60486156389,1.3932649808943356,0,0.0001465706,0.0,116736.0,25600.0,1.0345169609204523,0.0016770526582750574,True,vec,16,"{""1"": 10, ""2"": 1, ""3"": 13, ""4"": 3, ""5"": 5, ""6"": 8, ""7"": 7, ""8"": 0, ""9"": 7, ""10"": 11}"
269,269,True,,gemm\random\mappings\sample_269_seed_269.csv,4.557210435493674,326.82527753078,1.5891088186837417,0,0.0001168428,0.0,82944.0,20480.0,1.5677444951398531,0.0015185307599942786,True,vec,16,"{""1"": 1, ""2"": 0, ""3"": 2, ""4"": 9, ""5"": 6, ""6"": 10, ""7"": 9, ""8"": 2, ""9"": 5, ""10"": 3}"
270,270,True,,gemm\random\mappings\sample_270_seed_270.csv,4.29027533964758,326.60194486638,1.4002783241054735,0,0.0001167726,0.0,97280.0,16384.0,1.1868676849831383,0.0015169233572972097,True,vec,16,"{""1"": 5, ""2"": 11, ""3"": 2, ""4"": 9, ""5"": 0, ""6"": 4, ""7"": 1, ""8"": 15, ""9"": 9, ""10"": 8}"
271,271,True,,gemm\random\mappings\sample_271_seed_271.csv,5.5860305149294955,328.05750313363,1.5370408824222332,2,0.000166651,0.34788573611111245,93184.0,20480.0,1.7073993255306488,0.001792704753798745,True,vec,16,"{""1"": 15, ""2"": 11, ""3"": 10, ""4"": 5, ""5"": 11, ""6"": 15, ""7"": 3, ""8"": 2, ""9"": 13, ""10"": 3}"
272,272,True,,gemm\random\mappings\sample_272_seed_272.csv,5.149130102893118,328.23068497472,1.77046224798122,2,0.0001200309,0.5509818870192312,80896.0,18432.0,1.9105336242808966,0.001552921748915935,True,vec,16,"{""1"": 15, ""2"": 11, ""3"": 2, ""4"": 15, ""5"": 10, ""6"": 11, ""7"": 8, ""8"": 5, ""9"": 10, ""10"": 5}"
273,273,True,,gemm\random\mappings\sample_273_seed_273.csv,5.201960559668121,325.66900307026,1.2564357470817604,0,0.0001666348,0.0,87040.0,26624.0,2.164451497718707,0.0017818788299839808,True,vec,16,"{""1"": 6, ""2"": 7, ""3"": 9, ""4"": 9, ""5"": 4, ""6"": 7, ""7"": 2, ""8"": 6, ""9"": 2, ""10"": 15}"
274,274,True,,gemm\random\mappings\sample_274_seed_274.csv,5.311707660767456,326.76888228051,1.3412831361555646,0,0.0001463127,0.0,135168.0,32768.0,1.3392184090458243,0.0016754064790586627,True,vec,16,"{""1"": 4, ""2"": 14, ""3"": 11, ""4"": 13, ""5"": 1, ""6"": 6, ""7"": 0, ""8"": 8, ""9"": 6, ""10"": 6}"
275,275,True,,gemm\random\mappings\sample_275_seed_275.csv,5.197055764031076,326.38890753153,1.4362179609689976,0,0.0001465367,0.0,121856.0,24576.0,2.177147391390597,0.0016769529559609816,True,vec,16,"{""1"": 3, ""2"": 11, ""3"": 9, ""4"": 10, ""5"": 5, ""6"": 10, ""7"": 4, ""8"": 11, ""9"": 11, ""10"": 14}"
276,276,True,,gemm\random\mappings\sample_276_seed_276.csv,5.940400564957451,328.07556787222,1.7919161159778567,4,0.000118819,1.2864731510416625,114688.0,33792.0,1.1868676849831383,0.0015504854012362193,True,vec,16,"{""1"": 11, ""2"": 2, ""3"": 6, ""4"": 10, ""5"": 8, ""6"": 8, ""7"": 0, ""8"": 12, ""9"": 4, ""10"": 15}"
277,277,True,,gemm\random\mappings\sample_277_seed_277.csv,5.277714149528812,326.34570101364,1.4094455847374434,0,0.0001666327,0.0,83968.0,26624.0,1.9232295179527872,0.0017833317444757686,True,vec,16,"{""1"": 2, ""2"": 5, ""3"": 6, ""4"": 1, ""5"": 5, ""6"": 15, ""7"": 4, ""8"": 15, ""9"": 9, ""10"": 6}"
278,278,True,,gemm\random\mappings\sample_278_seed_278.csv,5.6812896506680115,327.83528567682,1.642249920812281,2,0.0001681628,0.2120259134615375,94208.0,18432.0,2.3548899027970642,0.001799260609092704,True,vec,16,"{""1"": 9, ""2"": 15, ""3"": 8, ""4"": 1, ""5"": 15, ""6"": 15, ""7"": 11, ""8"": 7, ""9"": 14, ""10"": 7}"
279,279,True,,gemm\random\mappings\sample_279_seed_279.csv,4.8113755082693865,327.56367129338,1.5807255071374198,1,0.0001178528,0.16489075,113664.0,20480.0,1.1868676849831383,0.0015275436340611188,True,vec,16,"{""1"": 13, ""2"": 11, ""3"": 1, ""4"": 15, ""5"": 5, ""6"": 5, ""7"": 10, ""8"": 2, ""9"": 9, ""10"": 4}"
280,280,True,,gemm\random\mappings\sample_280_seed_280.csv,5.684528137765124,328.12623504674,1.3460767317629108,2,0.0001673228,0.42618425,99328.0,26624.0,1.4407855584209481,0.0017939994598608503,True,vec,16,"{""1"": 9, ""2"": 14, ""3"": 2, ""4"": 8, ""5"": 14, ""6"": 10, ""7"": 0, ""8"": 15, ""9"": 1, ""10"": 7}"
281,281,True,,gemm\random\mappings\sample_281_seed_281.csv,4.727362295996026,326.16606002897,1.3781975659643955,0,0.0001168547,0.0,137216.0,24576.0,1.5677444951398531,0.0015175018269473059,True,vec,16,"{""1"": 0, ""2"": 9, ""3"": 8, ""4"": 3, ""5"": 14, ""6"": 14, ""7"": 7, ""8"": 1, ""9"": 8, ""10"": 5}"
282,282,True,,gemm\random\mappings\sample_282_seed_282.csv,4.86599027368581,327.26140848574,1.5592122749400563,1,0.0001171048,0.024570416666666876,144384.0,17408.0,1.7073993255306488,0.0015206285427728779,True,vec,16,"{""1"": 1, ""2"": 15, ""3"": 12, ""4"": 10, ""5"": 4, ""6"": 3, ""7"": 1, ""8"": 6, ""9"": 10, ""10"": 10}"
283,283,True,,gemm\random\mappings\sample_283_seed_283.csv,5.697450679989922,328.75878060985,1.8379438584458998,2,0.0001212928,0.874151875,133120.0,28672.0,1.2630430470144813,0.0015629654512715322,True,vec,16,"{""1"": 0, ""2"": 4, ""3"": 8, ""4"": 14, ""5"": 12, ""6"": 13, ""7"": 7, ""8"": 4, ""9"": 6, ""10"": 0}"
284,284,True,,gemm\random\mappings\sample_284_seed_284.csv,4.9850313013167185,326.44619819661,1.3622748424997202,0,0.0001467426,0.0,138240.0,24576.0,1.0345169609204523,0.0016776993302057115,True,vec,16,"{""1"": 1, ""2"": 8, ""3"": 11, ""4"": 3, ""5"": 14, ""6"": 9, ""7"": 4, ""8"": 15, ""9"": 4, ""10"": 5}"
285,285,True,,gemm\random\mappings\sample_285_seed_285.csv,4.88591962632149,327.92797399347,1.5995712176640762,1,0.0001192429,0.212524765625,100352.0,18432.0,1.7200952192025392,0.001538768526424321,True,vec,16,"{""1"": 9, ""2"": 12, ""3"": 14, ""4"": 2, ""5"": 8, ""6"": 11, ""7"": 12, ""8"": 14, ""9"": 1, ""10"": 11}"
286,286,True,,gemm\random\mappings\sample_286_seed_286.csv,6.546770155519632,325.41926165201,1.1959365413607819,0,0.0002167949,0.0,154624.0,35840.0,3.395953183892085,0.002050275372388283,True,vec,16,"{""1"": 15, ""2"": 2, ""3"": 10, ""4"": 2, ""5"": 2, ""6"": 13, ""7"": 13, ""8"": 13, ""9"": 4, ""10"": 11}"
287,287,True,,gemm\random\mappings\sample_287_seed_287.csv,4.986554642678336,327.61912637885,1.4293692724473694,1,0.0001177529,0.12219708333333125,121856.0,27648.0,1.1741717913112477,0.0015249381957953372,True,vec,16,"{""1"": 0, ""2"": 10, ""3"": 8, ""4"": 3, ""5"": 5, ""6"": 13, ""7"": 7, ""8"": 0, ""9"": 4, ""10"": 10}"
288,288,True,,gemm\random\mappings\sample_288_seed_288.csv,6.593155359509544,327.83047869316,1.4499256565399972,2,0.0002178788,0.11527756250000001,126976.0,24576.0,2.938901011704027,0.002064276476068775,True,vec,16,"{""1"": 9, ""2"": 15, ""3"": 15, ""4"": 15, ""5"": 1, ""6"": 13, ""7"": 0, ""8"": 14, ""9"": 14, ""10"": 5}"
289,289,True,,gemm\random\mappings\sample_289_seed_289.csv,5.289306405932103,327.0620765354,1.582649635422781,0,0.0001466146,0.0,118784.0,24576.0,2.024796667327911,0.0016778070197441767,True,vec,16,"{""1"": 8, ""2"": 5, ""3"": 2, ""4"": 14, ""5"": 0, ""6"": 0, ""7"": 12, ""8"": 12, ""9"": 0, ""10"": 13}"
290,290,True,,gemm\random\mappings\sample_290_seed_290.csv,5.158794955392665,327.52424952741,1.5491524940811805,1,0.0001466507,0.146542875,134144.0,16384.0,1.5677444951398531,0.001682028115486832,True,vec,16,"{""1"": 10, ""2"": 15, ""3"": 0, ""4"": 4, ""5"": 7, ""6"": 1, ""7"": 15, ""8"": 3, ""9"": 1, ""10"": 3}"
291,291,True,,gemm\random\mappings\sample_291_seed_291.csv,5.487542308772298,327.5917968493,1.3790647024753593,1,0.0001762487,0.17722000000000002,123904.0,18432.0,1.6820075381868678,0.001840291454177684,True,vec,16,"{""1"": 15, ""2"": 2, ""3"": 12, ""4"": 15, ""5"": 3, ""6"": 8, ""7"": 6, ""8"": 8, ""9"": 8, ""10"": 10}"
292,292,True,,gemm\random\mappings\sample_292_seed_292.csv,4.869867754343511,326.59690085999,1.5454704756546112,0,0.0001166289,0.0,86016.0,27648.0,2.1390597103749256,0.0015168971395240066,True,vec,16,"{""1"": 4, ""2"": 9, ""3"": 4, ""4"": 10, ""5"": 6, ""6"": 10, ""7"": 9, ""8"": 6, ""9"": 13, ""10"": 0}"
293,293,True,,gemm\random\mappings\sample_293_seed_293.csv,5.004096086139528,327.63398046967,1.8979560173925223,1,0.0001185229,0.0983654375,91136.0,20480.0,1.7835746875619918,0.0015340121516330563,True,vec,16,"{""1"": 15, ""2"": 15, ""3"": 3, ""4"": 7, ""5"": 13, ""6"": 3, ""7"": 14, ""8"": 10, ""9"": 6, ""10"": 3}"
294,294,True,,gemm\random\mappings\sample_294_seed_294.csv,5.572694110137123,327.83957912018,1.6820018899389255,3,0.0001479347,0.3073840208333375,99328.0,26624.0,1.0345169609204523,0.0016925872875248838,True,vec,16,"{""1"": 5, ""2"": 1, ""3"": 15, ""4"": 6, ""5"": 2, ""6"": 13, ""7"": 12, ""8"": 12, ""9"": 14, ""10"": 9}"
295,295,True,,gemm\random\mappings\sample_295_seed_295.csv,5.568724767460348,326.66221540403,1.384474352258949,0,0.0001667948,0.0,114688.0,33792.0,1.5931362824836341,0.0017850571453239571,True,vec,16,"{""1"": 9, ""2"": 15, ""3"": 10, ""4"": 15, ""5"": 2, ""6"": 8, ""7"": 7, ""8"": 1, ""9"": 6, ""10"": 7}"
296,296,True,,gemm\random\mappings\sample_296_seed_296.csv,4.688384013283104,326.67236913756,1.4213793920240205,0,0.0001166786,0.0,113664.0,25600.0,1.3392184090458243,0.001516586596724382,True,vec,16,"{""1"": 2, ""2"": 8, ""3"": 11, ""4"": 1, ""5"": 13, ""6"": 5, ""7"": 3, ""8"": 1, ""9"": 9, ""10"": 5}"
297,297,True,,gemm\random\mappings\sample_297_seed_297.csv,5.077498699929374,326.65168359827,1.3739107654885983,0,0.0001466648,0.0,134144.0,24576.0,1.4153937710771671,0.0016778232956442857,True,vec,16,"{""1"": 11, ""2"": 12, ""3"": 1, ""4"": 10, ""5"": 3, ""6"": 3, ""7"": 5, ""8"": 0, ""9"": 5, ""10"": 14}"
298,298,True,,gemm\random\mappings\sample_298_seed_298.csv,5.168458261184314,327.03403117365,1.272447012182667,0,0.0001664067,0.0,75776.0,20480.0,2.431065264828407,0.0017818705941494253,True,vec,16,"{""1"": 6, ""2"": 5, ""3"": 5, ""4"": 10, ""5"": 14, ""6"": 14, ""7"": 14, ""8"": 0, ""9"": 8, ""10"": 9}"
299,299,True,,gemm\random\mappings\sample_299_seed_299.csv,4.892153463112976,326.67157971542,1.4177765215380949,0,0.0001168408,0.0,113664.0,34816.0,0.9583415988891093,0.001517610959314529,True,vec,16,"{""1"": 11, ""2"": 6, ""3"": 0, ""4"": 14, ""5"": 9, ""6"": 10, ""7"": 1, ""8"": 2, ""9"": 15, ""10"": 10}"
300,300,True,,gemm\random\mappings\sample_300_seed_300.csv,5.0673405243852105,327.36686855535,1.4801608380523485,1,0.000166247,0.08162662500000001,80896.0,10240.0,2.202539178734378,0.001783478290077904,True,vec,16,"{""1"": 11, ""2"": 11, ""3"": 0, ""4"": 15, ""5"": 11, ""6"": 13, ""7"": 5, ""8"": 5, ""9"": 3, ""10"": 13}"
301,301,True,,gemm\random\mappings\sample_301_seed_301.csv,5.71262390746926,327.99595817062,1.6710290842043456,2,0.0001473609,0.43241627083333123,134144.0,24576.0,1.6693116445149772,0.0016929462732621118,True,vec,16,"{""1"": 12, ""2"": 15, ""3"": 14, ""4"": 7, ""5"": 8, ""6"": 3, ""7"": 7, ""8"": 4, ""9"": 3, ""10"": 14}"
302,302,True,,gemm\random\mappings\sample_302_seed_302.csv,5.07873199712305,326.30239031901,1.4132658983695727,0,0.0001468751,0.0,111616.0,22528.0,2.177147391390597,0.0016787517519913514,True,vec,16,"{""1"": 13, ""2"": 15, ""3"": 6, ""4"": 1, ""5"": 12, ""6"": 12, ""7"": 6, ""8"": 12, ""9"": 10, ""10"": 3}"
303,303,True,,gemm\random\mappings\sample_303_seed_303.csv,5.081947037432003,327.84714649703,1.6577445927989936,1,0.000118265,0.265825,117760.0,26624.0,1.0599087482642333,0.0015306593180188987,True,vec,16,"{""1"": 1, ""2"": 7, ""3"": 6, ""4"": 2, ""5"": 8, ""6"": 12, ""7"": 5, ""8"": 13, ""9"": 15, ""10"": 2}"
304,304,True,,gemm\random\mappings\sample_304_seed_304.csv,5.599703787187832,326.38827142036,1.2421174437604103,0,0.0001764068,0.0,117760.0,32768.0,1.7454870065463202,0.0018356865985397774,True,vec,16,"{""1"": 4, ""2"": 6, ""3"": 13, ""4"": 14, ""5"": 1, ""6"": 7, ""7"": 9, ""8"": 7, ""9"": 7, ""10"": 1}"
305,305,True,,gemm\random\mappings\sample_305_seed_305.csv,5.206518320147149,326.73271778302,1.3622072028570447,0,0.0001660066,0.0,55296.0,14336.0,3.8149176750644713,0.0017790067741576242,True,vec,16,"{""1"": 5, ""2"": 12, ""3"": 9, ""4"": 5, ""5"": 5, ""6"": 5, ""7"": 15, ""8"": 9, ""9"": 6, ""10"": 5}"
306,306,True,,gemm\random\mappings\sample_306_seed_306.csv,5.0082166193049416,326.14196867128,1.2505883082605855,0,0.0001665526,0.0,100352.0,19456.0,1.8597500495933346,0.00178238657014548,True,vec,16,"{""1"": 13, ""2"": 6, ""3"": 8, ""4"": 6, ""5"": 13, ""6"": 12, ""7"": 1, ""8"": 1, ""9"": 11, ""10"": 2}"
307,307,True,,gemm\random\mappings\sample_307_seed_307.csv,4.2387893998013775,327.0371217134,1.7021993045284383,0,0.0001169711,0.0,78848.0,12288.0,0.9964292799047808,0.0015204525113115463,True,vec,16,"{""1"": 9, ""2"": 9, ""3"": 15, ""4"": 13, ""5"": 8, ""6"": 0, ""7"": 12, ""8"": 6, ""9"": 11, ""10"": 3}"
308,308,True,,gemm\random\mappings\sample_308_seed_308.csv,4.929378171133041,326.34660338037,1.2705485047194056,0,0.0001665666,0.0,105472.0,16384.0,1.7073993255306488,0.0017826010396102775,True,vec,16,"{""1"": 5, ""2"": 4, ""3"": 12, ""4"": 11, ""5"": 11, ""6"": 8, ""7"": 5, ""8"": 13, ""9"": 9, ""10"": 13}"
309,309,True,,gemm\random\mappings\sample_309_seed_309.csv,5.556999395497152,327.94284551811,1.5740590035040647,2,0.0001467588,0.344390125,111616.0,26624.0,1.4153937710771671,0.001686576287411326,True,vec,16,"{""1"": 2, ""2"": 9, ""3"": 0, ""4"": 4, ""5"": 6, ""6"": 7, ""7"": 6, ""8"": 7, ""9"": 15, ""10"": 1}"
310,310,True,,gemm\random\mappings\sample_310_seed_310.csv,5.3277342272816295,328.60376042252,1.7225159537958392,2,0.0001195528,0.8033820833333313,109568.0,24576.0,1.0599087482642333,0.0015445012661977583,True,vec,16,"{""1"": 2, ""2"": 6, ""3"": 8, ""4"": 5, ""5"": 9, ""6"": 11, ""7"": 10, ""8"": 15, ""9"": 13, ""10"": 6}"
311,311,True,,gemm\random\mappings\sample_311_seed_311.csv,4.915640696953821,326.96167539656,1.566681596069214,0,0.0001168749,0.0,116736.0,25600.0,1.8724459432652252,0.0015189059065936134,True,vec,16,"{""1"": 8, ""2"": 8, ""3"": 2, ""4"": 13, ""5"": 15, ""6"": 4, ""7"": 8, ""8"": 1, ""9"": 13, ""10"": 7}"
312,312,True,,gemm\random\mappings\sample_312_seed_312.csv,4.714479219994361,326.66573830266,1.4338921953229469,0,0.0001463949,0.0,93184.0,18432.0,1.2249553659988097,0.0016760402915822514,True,vec,16,"{""1"": 4, ""2"": 12, ""3"": 1, ""4"": 4, ""5"": 10, ""6"": 7, ""7"": 6, ""8"": 14, ""9"": 14, ""10"": 3}"
313,313,True,,gemm\random\mappings\sample_313_seed_313.csv,4.346951258925926,326.56918183687,1.4496743126030436,0,0.000116909,0.0,113664.0,16384.0,1.0599087482642333,0.001518232700262841,True,vec,16,"{""1"": 5, ""2"": 13, ""3"": 15, ""4"": 0, ""5"": 6, ""6"": 4, ""7"": 1, ""8"": 11, ""9"": 10, ""10"": 0}"
314,314,True,,gemm\random\mappings\sample_314_seed_314.csv,4.384311952241378,326.73958147182,1.5028978514899773,0,0.0001168689,0.0,95232.0,18432.0,1.0726046419361237,0.0015181375770968737,True,vec,16,"{""1"": 6, ""2"": 14, ""3"": 3, ""4"": 5, ""5"": 0, ""6"": 9, ""7"": 7, ""8"": 12, ""9"": 6, ""10"": 12}"
315,315,True,,gemm\random\mappings\sample_315_seed_315.csv,4.429109796483998,326.96591650987,1.6349056522773315,0,0.0001164846,0.0,98304.0,16384.0,1.1487800039674667,0.0015168025047979112,True,vec,16,"{""1"": 13, ""2"": 13, ""3"": 10, ""4"": 0, ""5"": 11, ""6"": 1, ""7"": 2, ""8"": 4, ""9"": 8, ""10"": 4}"
316,316,True,,gemm\random\mappings\sample_316_seed_316.csv,5.700082932382575,327.88797195549,1.4984798746617811,1,0.0001659447,0.27789708333333124,95232.0,19456.0,3.0785558420948225,0.0017844818900139268,True,vec,16,"{""1"": 0, ""2"": 0, ""3"": 10, ""4"": 0, ""5"": 7, ""6"": 7, ""7"": 15, ""8"": 0, ""9"": 14, ""10"": 2}"
317,317,True,,gemm\random\mappings\sample_317_seed_317.csv,5.706228001730965,326.98043706792,1.4192554543365292,0,0.0001669188,0.0,153600.0,29696.0,1.8978377306090062,0.001785182737850894,True,vec,16,"{""1"": 14, ""2"": 0, ""3"": 12, ""4"": 0, ""5"": 6, ""6"": 7, ""7"": 14, ""8"": 15, ""9"": 14, ""10"": 9}"
318,318,True,,gemm\random\mappings\sample_318_seed_318.csv,5.334975144549487,328.22811952019,1.903167681612252,2,0.0001232649,0.8075260156249999,123904.0,16384.0,1.5677444951398531,0.001582671652362989,True,vec,16,"{""1"": 1, ""2"": 14, ""3"": 12, ""4"": 13, ""5"": 5, ""6"": 9, ""7"": 13, ""8"": 12, ""9"": 11, ""10"": 6}"
319,319,True,,gemm\random\mappings\sample_319_seed_319.csv,4.575924194099664,327.17986731394,1.5787252845322168,1,0.0001170347,0.0064800000000000005,89088.0,19456.0,1.0726046419361237,0.00151990482520082,True,vec,16,"{""1"": 5, ""2"": 1, ""3"": 12, ""4"": 2, ""5"": 6, ""6"": 9, ""7"": 3, ""8"": 11, ""9"": 5, ""10"": 11}"
320,320,True,,gemm\random\mappings\sample_320_seed_320.csv,4.74160985489311,327.78146858161,1.612994755066306,1,0.0001188106,0.26623800000000003,99328.0,16384.0,1.3773060900614957,0.0015350996239312244,True,vec,16,"{""1"": 14, ""2"": 2, ""3"": 14, ""4"": 10, ""5"": 3, ""6"": 13, ""7"": 8, ""8"": 2, ""9"": 11, ""10"": 7}"
321,321,True,,gemm\random\mappings\sample_321_seed_321.csv,4.654986843840882,327.40172951008,1.678839262119967,1,0.0001170626,0.038913593749999996,91136.0,17408.0,1.3392184090458243,0.001521554257517263,True,vec,16,"{""1"": 8, ""2"": 12, ""3"": 4, ""4"": 11, ""5"": 14, ""6"": 10, ""7"": 7, ""8"": 14, ""9"": 13, ""10"": 13}"
322,322,True,,gemm\random\mappings\sample_322_seed_322.csv,4.5769827918688755,326.59700883905,1.4537798805569335,0,0.0001169868,0.0,129024.0,16384.0,1.8216623685776632,0.0015187454156676062,True,vec,16,"{""1"": 13, ""2"": 4, ""3"": 2, ""4"": 7, ""5"": 9, ""6"": 10, ""7"": 4, ""8"": 9, ""9"": 5, ""10"": 7}"
323,323,True,,gemm\random\mappings\sample_323_seed_323.csv,5.4322949427814295,327.0888491364,1.4438244404775813,0,0.0001466666,0.0,140288.0,32768.0,1.4153937710771671,0.0016780760183178864,True,vec,16,"{""1"": 3, ""2"": 4, ""3"": 9, ""4"": 1, ""5"": 14, ""6"": 10, ""7"": 10, ""8"": 14, ""9"": 13, ""10"": 11}"
324,324,True,,gemm\random\mappings\sample_324_seed_324.csv,4.930674034568089,327.47146152246,1.5438538484646425,1,0.0001169768,0.09426083333333125,110592.0,25600.0,1.3011307280301527,0.0015204730896057014,True,vec,16,"{""1"": 5, ""2"": 15, ""3"": 2, ""4"": 13, ""5"": 10, ""6"": 2, ""7"": 0, ""8"": 8, ""9"": 5, ""10"": 6}"
325,325,True,,gemm\random\mappings\sample_325_seed_325.csv,6.2960078417119565,328.16092626524,1.6138290216402762,1,0.0001764369,0.35299078125,128000.0,35840.0,1.8724459432652252,0.001851216431825399,True,vec,16,"{""1"": 4, ""2"": 3, ""3"": 2, ""4"": 5, ""5"": 11, ""6"": 7, ""7"": 7, ""8"": 7, ""9"": 3, ""10"": 0}"
326,326,True,,gemm\random\mappings\sample_326_seed_326.csv,5.413460110738932,327.71863915455,1.68893294084106,3,0.0001191368,0.4238032361111063,139264.0,27648.0,0.9202539178734378,0.0015399413881156607,True,vec,16,"{""1"": 3, ""2"": 15, ""3"": 9, ""4"": 1, ""5"": 14, ""6"": 12, ""7"": 2, ""8"": 3, ""9"": 8, ""10"": 10}"
327,327,True,,gemm\random\mappings\sample_327_seed_327.csv,5.057519566535059,326.22420574628,1.3351667229647315,0,0.0001665828,0.0,119808.0,18432.0,1.6693116445149772,0.0017822668038028186,True,vec,16,"{""1"": 1, ""2"": 14, ""3"": 10, ""4"": 4, ""5"": 4, ""6"": 6, ""7"": 15, ""8"": 6, ""9"": 3, ""10"": 5}"
328,328,True,,gemm\random\mappings\sample_328_seed_328.csv,5.365569769682777,327.84348542346,1.5555506280342986,1,0.0001691126,0.1667655625,73728.0,18432.0,1.8978377306090062,0.001805749909165666,True,vec,16,"{""1"": 10, ""2"": 14, ""3"": 15, ""4"": 2, ""5"": 15, ""6"": 14, ""7"": 12, ""8"": 6, ""9"": 11, ""10"": 10}"
329,329,True,,gemm\random\mappings\sample_329_seed_329.csv,4.724060040163361,326.83160473806,1.5473165473236503,0,0.0001169971,0.0,109568.0,27648.0,0.9202539178734378,0.0015191724235977242,True,vec,16,"{""1"": 15, ""2"": 9, ""3"": 10, ""4"": 7, ""5"": 12, ""6"": 8, ""7"": 6, ""8"": 2, ""9"": 15, ""10"": 0}"
330,330,True,,gemm\random\mappings\sample_330_seed_330.csv,5.348645202406537,327.77867411331,1.6675892720990086,2,0.0001194646,0.4586427083333312,118784.0,28672.0,1.2630430470144813,0.0015410489453262669,True,vec,16,"{""1"": 2, ""2"": 1, ""3"": 12, ""4"": 0, ""5"": 10, ""6"": 10, ""7"": 7, ""8"": 3, ""9"": 4, ""10"": 2}"
331,331,True,,gemm\random\mappings\sample_331_seed_331.csv,5.368663321004537,327.85074690612,1.6375704028656488,1,0.0001464707,0.29571825,101376.0,24576.0,1.4534814520928387,0.0016845648169014089,True,vec,16,"{""1"": 10, ""2"": 5, ""3"": 7, ""4"": 3, ""5"": 15, ""6"": 14, ""7"": 10, ""8"": 13, ""9"": 13, ""10"": 13}"
332,332,True,,gemm\random\mappings\sample_332_seed_332.csv,5.979228225248496,327.84939772912,1.5917313077273472,1,0.0001466627,0.29271237499999997,157696.0,34816.0,1.8978377306090062,0.001685781165297425,True,vec,16,"{""1"": 7, ""2"": 13, ""3"": 12, ""4"": 5, ""5"": 0, ""6"": 7, ""7"": 7, ""8"": 0, ""9"": 2, ""10"": 5}"
333,333,True,,gemm\random\mappings\sample_333_seed_333.csv,4.835333961924892,327.11290806613,1.607471000984353,0,0.0001168269,0.0,103424.0,29696.0,0.9964292799047808,0.001518944251934301,True,vec,16,"{""1"": 11, ""2"": 11, ""3"": 6, ""4"": 12, ""5"": 2, ""6"": 9, ""7"": 10, ""8"": 13, ""9"": 8, ""10"": 7}"
334,334,True,,gemm\random\mappings\sample_334_seed_334.csv,5.672618113422397,327.99238871405,1.4879952479652032,1,0.0001467088,0.360222125,146432.0,27648.0,1.7962705812338822,0.0016862696646234403,True,vec,16,"{""1"": 7, ""2"": 12, ""3"": 13, ""4"": 4, ""5"": 11, ""6"": 11, ""7"": 11, ""8"": 6, ""9"": 0, ""10"": 8}"
335,335,True,,gemm\random\mappings\sample_335_seed_335.csv,5.097174571469967,327.55762440523,1.7278816391408174,1,0.0001177791,0.10456601562500001,110592.0,24576.0,1.7200952192025392,0.0015283089930741278,True,vec,16,"{""1"": 4, ""2"": 0, ""3"": 14, ""4"": 13, ""5"": 1, ""6"": 0, ""7"": 5, ""8"": 15, ""9"": 13, ""10"": 15}"
336,336,True,,gemm\random\mappings\sample_336_seed_336.csv,5.1973155080976845,328.12979029309,1.6534392491061178,2,0.0001188489,0.5368383333333375,113664.0,25600.0,0.9202539178734378,0.0015365884072465394,True,vec,16,"{""1"": 0, ""2"": 6, ""3"": 4, ""4"": 11, ""5"": 5, ""6"": 14, ""7"": 0, ""8"": 15, ""9"": 10, ""10"": 2}"
337,337,True,,gemm\random\mappings\sample_337_seed_337.csv,5.78729940928522,327.38283318778,1.5011134114480724,1,0.0001662666,0.05690205357142875,106496.0,25600.0,2.837333862328903,0.001785043360091645,True,vec,16,"{""1"": 6, ""2"": 15, ""3"": 11, ""4"": 0, ""5"": 11, ""6"": 8, ""7"": 14, ""8"": 0, ""9"": 11, ""10"": 15}"
338,338,True,,gemm\random\mappings\sample_338_seed_338.csv,5.622860252456443,328.00534969946,1.826168881132301,3,0.0001193887,0.566078609375,169984.0,24576.0,1.1868676849831383,0.0015489107950942688,True,vec,16,"{""1"": 3, ""2"": 13, ""3"": 8, ""4"": 14, ""5"": 15, ""6"": 6, ""7"": 1, ""8"": 9, ""9"": 14, ""10"": 12}"
339,339,True,,gemm\random\mappings\sample_339_seed_339.csv,5.399959214204511,327.40092584802,1.551231168005535,1,0.0001472409,0.048216770833333124,104448.0,26624.0,1.8597500495933346,0.0016827851538898575,True,vec,16,"{""1"": 4, ""2"": 4, ""3"": 14, ""4"": 1, ""5"": 2, ""6"": 11, ""7"": 15, ""8"": 1, ""9"": 15, ""10"": 2}"
340,340,True,,gemm\random\mappings\sample_340_seed_340.csv,5.424809302030649,326.23829965605,1.3861284930649422,0,0.0001665808,0.0,150528.0,24576.0,1.8216623685776632,0.00178367719394932,True,vec,16,"{""1"": 12, ""2"": 3, ""3"": 3, ""4"": 8, ""5"": 5, ""6"": 10, ""7"": 7, ""8"": 8, ""9"": 9, ""10"": 4}"
341,341,True,,gemm\random\mappings\sample_341_seed_341.csv,5.113436278500155,326.64152554032,1.4351356643175728,0,0.0001668908,0.0,93184.0,19456.0,1.8216623685776632,0.0017861376520611706,True,vec,16,"{""1"": 9, ""2"": 4, ""3"": 1, ""4"": 1, ""5"": 8, ""6"": 2, ""7"": 8, ""8"": 14, ""9"": 10, ""10"": 7}"
342,342,True,,gemm\random\mappings\sample_342_seed_342.csv,6.317483621971068,325.88582307815,1.3523674796740368,0,0.0002164248,0.0,63488.0,32768.0,3.8530053560801427,0.002049016486326673,True,vec,16,"{""1"": 3, ""2"": 6, ""3"": 2, ""4"": 2, ""5"": 2, ""6"": 15, ""7"": 2, ""8"": 9, ""9"": 1, ""10"": 10}"
343,343,True,,gemm\random\mappings\sample_343_seed_343.csv,4.313602715578599,327.62591731017,1.5299235540681326,1,0.0001182546,0.19268712500000001,90112.0,10240.0,0.8059908748264233,0.0015299094010080723,True,vec,16,"{""1"": 6, ""2"": 15, ""3"": 5, ""4"": 14, ""5"": 2, ""6"": 10, ""7"": 13, ""8"": 0, ""9"": 8, ""10"": 9}"
344,344,True,,gemm\random\mappings\sample_344_seed_344.csv,6.132112015793732,329.74604405543,1.8828815010639075,3,0.0001228248,1.2640700986842124,120832.0,27648.0,2.126363816703035,0.0015796322103534134,True,vec,16,"{""1"": 12, ""2"": 12, ""3"": 3, ""4"": 9, ""5"": 10, ""6"": 9, ""7"": 12, ""8"": 13, ""9"": 8, ""10"": 10}"
345,345,True,,gemm\random\mappings\sample_345_seed_345.csv,4.205072516585474,326.80135891006,1.4442011121088183,0,0.0001168127,0.0,112640.0,12288.0,0.9202539178734378,0.0015176315424618907,True,vec,16,"{""1"": 9, ""2"": 0, ""3"": 5, ""4"": 13, ""5"": 3, ""6"": 6, ""7"": 11, ""8"": 4, ""9"": 9, ""10"": 12}"
346,346,True,,gemm\random\mappings\sample_346_seed_346.csv,5.588099538002899,328.2992684514,1.710549735158406,3,0.0001466468,0.730058578125,111616.0,18432.0,1.4153937710771671,0.0016964389685608368,True,vec,16,"{""1"": 6, ""2"": 3, ""3"": 10, ""4"": 14, ""5"": 15, ""6"": 4, ""7"": 3, ""8"": 2, ""9"": 4, ""10"": 13}"
347,347,True,,gemm\random\mappings\sample_347_seed_347.csv,5.058535454779958,327.10454925765,1.356298705152238,0,0.0001664547,0.0,86016.0,18432.0,1.8216623685776632,0.0017826366406418286,True,vec,16,"{""1"": 11, ""2"": 15, ""3"": 8, ""4"": 15, ""5"": 6, ""6"": 7, ""7"": 10, ""8"": 8, ""9"": 5, ""10"": 13}"
348,348,True,,gemm\random\mappings\sample_348_seed_348.csv,4.046569270796039,326.44219034604,1.497511641703908,0,0.000116781,0.0,75776.0,10240.0,1.1868676849831383,0.0015175235562656193,True,vec,16,"{""1"": 10, ""2"": 5, ""3"": 6, ""4"": 7, ""5"": 14, ""6"": 11, ""7"": 2, ""8"": 6, ""9"": 13, ""10"": 0}"
349,349,True,,gemm\random\mappings\sample_349_seed_349.csv,5.706360027309407,329.75043728322,2.0609156693434882,3,0.0001265769,2.049434644230769,55296.0,16384.0,1.5296568141241818,0.0016199224920329103,True,vec,16,"{""1"": 13, ""2"": 13, ""3"": 9, ""4"": 12, ""5"": 8, ""6"": 9, ""7"": 10, ""8"": 0, ""9"": 14, ""10"": 10}"
350,350,True,,gemm\random\mappings\sample_350_seed_350.csv,5.047267531339997,327.17865138946,1.5975823000648106,1,0.0001168909,0.0054287499999999995,101376.0,29696.0,1.5296568141241818,0.0015191453176040038,True,vec,16,"{""1"": 11, ""2"": 5, ""3"": 12, ""4"": 10, ""5"": 11, ""6"": 8, ""7"": 5, ""8"": 15, ""9"": 4, ""10"": 15}"
351,351,True,,gemm\random\mappings\sample_351_seed_351.csv,5.53777660963797,326.5179411582,1.4943965042017722,0,0.0001664568,0.0,76800.0,34816.0,1.8216623685776632,0.0017827800826481024,True,vec,16,"{""1"": 11, ""2"": 10, ""3"": 8, ""4"": 10, ""5"": 9, ""6"": 14, ""7"": 12, ""8"": 7, ""9"": 12, ""10"": 14}"
352,352,True,,gemm\random\mappings\sample_352_seed_352.csv,5.3191375715400495,326.23049859241,1.2966723227070764,0,0.0001665187,0.0,100352.0,26624.0,2.126363816703035,0.001782941839197439,True,vec,16,"{""1"": 9, ""2"": 4, ""3"": 2, ""4"": 8, ""5"": 4, ""6"": 6, ""7"": 15, ""8"": 2, ""9"": 6, ""10"": 9}"
353,353,True,,gemm\random\mappings\sample_353_seed_353.csv,5.986368373576382,327.36187920028,1.561656921068399,1,0.0001665066,0.0467384722222225,138240.0,26624.0,2.9262051180321365,0.0017852159888442566,True,vec,16,"{""1"": 3, ""2"": 2, ""3"": 12, ""4"": 2, ""5"": 15, ""6"": 12, ""7"": 3, ""8"": 15, ""9"": 12, ""10"": 11}"
354,354,True,,gemm\random\mappings\sample_354_seed_354.csv,4.960188545578818,328.39609407033,1.8309019799089232,2,0.000122103,0.6765846249999999,77824.0,13312.0,1.3773060900614957,0.0015683908922173046,True,vec,16,"{""1"": 6, ""2"": 6, ""3"": 2, ""4"": 3, ""5"": 4, ""6"": 0, ""7"": 3, ""8"": 9, ""9"": 7, ""10"": 13}"
355,355,True,,gemm\random\mappings\sample_355_seed_355.csv,4.852053354676101,326.59567160207,1.3914654002776754,0,0.0001465327,0.0,118784.0,17408.0,1.6693116445149772,0.0016768374128397724,True,vec,16,"{""1"": 5, ""2"": 3, ""3"": 12, ""4"": 10, ""5"": 1, ""6"": 4, ""7"": 3, ""8"": 4, ""9"": 6, ""10"": 12}"
356,356,True,,gemm\random\mappings\sample_356_seed_356.csv,5.537102318956315,326.34905606008,1.4996529105632983,0,0.0001665987,0.0,137216.0,20480.0,2.862725649672684,0.0017836782500731424,True,vec,16,"{""1"": 1, ""2"": 15, ""3"": 8, ""4"": 13, ""5"": 13, ""6"": 14, ""7"": 13, ""8"": 6, ""9"": 10, ""10"": 13}"
357,357,True,,gemm\random\mappings\sample_357_seed_357.csv,5.336195702202149,327.93394301876,1.718804947823115,2,0.0001180466,0.4701847916666687,94208.0,29696.0,1.3773060900614957,0.001531969182341421,True,vec,16,"{""1"": 5, ""2"": 11, ""3"": 2, ""4"": 5, ""5"": 7, ""6"": 8, ""7"": 4, ""8"": 7, ""9"": 12, ""10"": 13}"
358,358,True,,gemm\random\mappings\sample_358_seed_358.csv,6.070407886215345,328.29287178835,1.4685059291305131,2,0.0001663587,0.7217845833333313,116736.0,32768.0,1.4407855584209481,0.001792702632917644,True,vec,16,"{""1"": 7, ""2"": 6, ""3"": 12, ""4"": 9, ""5"": 6, ""6"": 0, ""7"": 3, ""8"": 2, ""9"": 4, ""10"": 1}"
359,359,True,,gemm\random\mappings\sample_359_seed_359.csv,6.044464248527742,328.30110989954,2.0223634435343056,4,0.0001210066,1.4247910972222186,165888.0,26624.0,0.9202539178734378,0.0015708717649516675,True,vec,16,"{""1"": 2, ""2"": 12, ""3"": 15, ""4"": 9, ""5"": 13, ""6"": 0, ""7"": 2, ""8"": 3, ""9"": 6, ""10"": 1}"
360,360,True,,gemm\random\mappings\sample_360_seed_360.csv,4.97760559122366,326.75994688516,1.6958745271503952,0,0.0001167448,0.0,66560.0,29696.0,2.278714540765721,0.0015185432575179328,True,vec,16,"{""1"": 7, ""2"": 9, ""3"": 7, ""4"": 2, ""5"": 6, ""6"": 4, ""7"": 5, ""8"": 2, ""9"": 7, ""10"": 2}"
361,361,True,,gemm\random\mappings\sample_361_seed_361.csv,5.55933660881935,327.775339798,1.5166626015533955,1,0.0001677887,0.06887421875000001,106496.0,21504.0,2.062884348343583,0.0017947131374339684,True,vec,16,"{""1"": 4, ""2"": 12, ""3"": 12, ""4"": 14, ""5"": 0, ""6"": 13, ""7"": 4, ""8"": 5, ""9"": 11, ""10"": 12}"
362,362,True,,gemm\random\mappings\sample_362_seed_362.csv,5.110764831581469,326.27429393892,1.5117979283787757,0,0.0001659626,0.0,51200.0,13312.0,3.4848244395953185,0.0017799058974704968,True,vec,16,"{""1"": 11, ""2"": 7, ""3"": 11, ""4"": 9, ""5"": 11, ""6"": 8, ""7"": 14, ""8"": 11, ""9"": 7, ""10"": 7}"
363,363,True,,gemm\random\mappings\sample_363_seed_363.csv,4.863967580498892,327.4597756757,1.483930696159703,1,0.0001465328,0.11683550000000001,65536.0,12288.0,2.2152350724062684,0.0016790094185832412,True,vec,16,"{""1"": 5, ""2"": 1, ""3"": 5, ""4"": 9, ""5"": 2, ""6"": 2, ""7"": 13, ""8"": 2, ""9"": 13, ""10"": 4}"
364,364,True,,gemm\random\mappings\sample_364_seed_364.csv,5.124975614373929,326.73504049222,1.4252584541425897,0,0.0001661047,0.0,89088.0,20480.0,1.8216623685776632,0.0017812258493056982,True,vec,16,"{""1"": 0, ""2"": 2, ""3"": 15, ""4"": 0, ""5"": 0, ""6"": 5, ""7"": 10, ""8"": 7, ""9"": 4, ""10"": 6}"
365,365,True,,gemm\random\mappings\sample_365_seed_365.csv,4.521577494713593,327.12556348327,1.6229570390489465,0,0.0001168587,0.0,83968.0,16384.0,1.7581829002182108,0.0015190108456607156,True,vec,16,"{""1"": 9, ""2"": 4, ""3"": 9, ""4"": 6, ""5"": 12, ""6"": 12, ""7"": 5, ""8"": 0, ""9"": 6, ""10"": 3}"
366,366,True,,gemm\random\mappings\sample_366_seed_366.csv,4.724497811014147,326.47879084998,1.4727836719325154,0,0.0001169969,0.0,143360.0,19456.0,1.8216623685776632,0.0015190346401469646,True,vec,16,"{""1"": 2, ""2"": 15, ""3"": 3, ""4"": 4, ""5"": 12, ""6"": 12, ""7"": 10, ""8"": 5, ""9"": 3, ""10"": 4}"
367,367,True,,gemm\random\mappings\sample_367_seed_367.csv,5.659650796317264,328.15760212551,1.8648706556643284,3,0.0001193491,0.52521375,150528.0,24576.0,1.5931362824836341,0.0015455367668135407,True,vec,16,"{""1"": 1, ""2"": 15, ""3"": 0, ""4"": 11, ""5"": 7, ""6"": 0, ""7"": 9, ""8"": 12, ""9"": 14, ""10"": 0}"
368,368,True,,gemm\random\mappings\sample_368_seed_368.csv,5.559371549471896,326.94254726926,1.4360413801987524,0,0.0001668728,0.0,166912.0,25600.0,1.5550486014679628,0.0017863641914567189,True,vec,16,"{""1"": 15, ""2"": 1, ""3"": 1, ""4"": 6, ""5"": 3, ""6"": 15, ""7"": 8, ""8"": 4, ""9"": 10, ""10"": 14}"
369,369,True,,gemm\random\mappings\sample_369_seed_369.csv,4.939965552925307,327.78091970697,1.5702269846091805,1,0.000119051,0.261687125,121856.0,24576.0,0.8059908748264233,0.0015360555904096141,True,vec,16,"{""1"": 11, ""2"": 9, ""3"": 7, ""4"": 1, ""5"": 0, ""6"": 13, ""7"": 6, ""8"": 3, ""9"": 4, ""10"": 15}"
370,370,True,,gemm\random\mappings\sample_370_seed_370.csv,5.917946782499661,327.67967628645,1.3445089478207346,1,0.0001666168,0.19521458333333125,147456.0,34816.0,1.4407855584209481,0.0017865374458876566,True,vec,16,"{""1"": 3, ""2"": 9, ""3"": 8, ""4"": 2, ""5"": 9, ""6"": 4, ""7"": 0, ""8"": 15, ""9"": 1, ""10"": 10}"
371,371,True,,gemm\random\mappings\sample_371_seed_371.csv,5.289829515572533,327.39575257794,1.4414439155958862,1,0.0001664529,0.09293325,105472.0,18432.0,1.6693116445149772,0.0017845823691579775,True,vec,16,"{""1"": 9, ""2"": 13, ""3"": 13, ""4"": 3, ""5"": 7, ""6"": 10, ""7"": 1, ""8"": 6, ""9"": 6, ""10"": 12}"
372,372,True,,gemm\random\mappings\sample_372_seed_372.csv,5.062618809755433,327.84784497086,1.6951407544642285,1,0.0001468048,0.2984515,81920.0,16384.0,1.4153937710771671,0.0016870673880904578,True,vec,16,"{""1"": 3, ""2"": 11, ""3"": 7, ""4"": 2, ""5"": 6, ""6"": 14, ""7"": 13, ""8"": 6, ""9"": 13, ""10"": 4}"
373,373,True,,gemm\random\mappings\sample_373_seed_373.csv,6.238704014702525,328.06532561932,1.6765914431273945,3,0.0001699347,0.3139855208333331,110592.0,34816.0,1.4407855584209481,0.0018155343389116264,True,vec,16,"{""1"": 1, ""2"": 3, ""3"": 3, ""4"": 6, ""5"": 7, ""6"": 10, ""7"": 12, ""8"": 13, ""9"": 14, ""10"": 9}"
374,374,True,,gemm\random\mappings\sample_374_seed_374.csv,6.326930857866024,327.38794578435,1.295272847891034,1,0.0002165506,0.065946875,117760.0,26624.0,2.710374925609998,0.0020510378601501515,True,vec,16,"{""1"": 10, ""2"": 4, ""3"": 4, ""4"": 4, ""5"": 7, ""6"": 15, ""7"": 8, ""8"": 13, ""9"": 11, ""10"": 9}"
375,375,True,,gemm\random\mappings\sample_375_seed_375.csv,4.794601969275677,326.45459777814,1.2910806805588815,0,0.0001462787,0.0,79872.0,18432.0,2.2406268597500496,0.0016741678060057086,True,vec,16,"{""1"": 7, ""2"": 11, ""3"": 7, ""4"": 13, ""5"": 5, ""6"": 8, ""7"": 5, ""8"": 10, ""9"": 5, ""10"": 13}"
376,376,True,,gemm\random\mappings\sample_376_seed_376.csv,5.389293421811496,327.84660375856,1.596258542715531,1,0.0001177527,0.178047777777775,140288.0,33792.0,1.3011307280301527,0.0015271988894338567,True,vec,16,"{""1"": 12, ""2"": 15, ""3"": 9, ""4"": 5, ""5"": 3, ""6"": 13, ""7"": 12, ""8"": 5, ""9"": 0, ""10"": 14}"
377,377,True,,gemm\random\mappings\sample_377_seed_377.csv,5.810968886282868,329.21625316255,1.883758551113389,3,0.0001469029,1.1155804736842105,92160.0,17408.0,1.7200952192025392,0.0017067300796279829,True,vec,16,"{""1"": 7, ""2"": 3, ""3"": 7, ""4"": 2, ""5"": 0, ""6"": 15, ""7"": 7, ""8"": 10, ""9"": 15, ""10"": 5}"
378,378,True,,gemm\random\mappings\sample_378_seed_378.csv,5.127561572932633,327.55839610819,1.7924253144451043,2,0.0001178989,0.22763527777777498,129024.0,18432.0,1.6820075381868678,0.0015307465203440217,True,vec,16,"{""1"": 0, ""2"": 9, ""3"": 12, ""4"": 14, ""5"": 4, ""6"": 14, ""7"": 13, ""8"": 0, ""9"": 4, ""10"": 7}"
379,379,True,,gemm\random\mappings\sample_379_seed_379.csv,5.917036821630249,326.64047756435,1.4683373586188313,0,0.0001666769,0.0,161792.0,33792.0,2.202539178734378,0.00178416490612909,True,vec,16,"{""1"": 0, ""2"": 6, ""3"": 10, ""4"": 10, ""5"": 14, ""6"": 10, ""7"": 15, ""8"": 3, ""9"": 12, ""10"": 4}"
380,380,True,,gemm\random\mappings\sample_380_seed_380.csv,5.658683461669729,327.40240686162,1.5115287566886118,1,0.0001464846,0.056704609375000006,129024.0,35840.0,1.4153937710771671,0.001679254661062021,True,vec,16,"{""1"": 4, ""2"": 10, ""3"": 13, ""4"": 14, ""5"": 7, ""6"": 6, ""7"": 8, ""8"": 14, ""9"": 8, ""10"": 12}"
381,381,True,,gemm\random\mappings\sample_381_seed_381.csv,4.666424196776795,326.86885167244,1.6439968250921864,0,0.0001168209,0.0,131072.0,18432.0,1.3773060900614957,0.001519000824409993,True,vec,16,"{""1"": 15, ""2"": 15, ""3"": 0, ""4"": 6, ""5"": 3, ""6"": 9, ""7"": 6, ""8"": 8, ""9"": 7, ""10"": 12}"
382,382,True,,gemm\random\mappings\sample_382_seed_382.csv,4.536557806267673,326.67687867794,1.4308579122934078,0,0.0001168567,0.0,117760.0,17408.0,1.7073993255306488,0.0015177325373674836,True,vec,16,"{""1"": 1, ""2"": 8, ""3"": 4, ""4"": 10, ""5"": 7, ""6"": 1, ""7"": 10, ""8"": 15, ""9"": 5, ""10"": 10}"
383,383,True,,gemm\random\mappings\sample_383_seed_383.csv,5.1910417751384035,327.69049858045,1.6517953661484506,1,0.0001184966,0.219108125,158720.0,26624.0,0.9583415988891093,0.001532936309903694,True,vec,16,"{""1"": 12, ""2"": 4, ""3"": 7, ""4"": 15, ""5"": 3, ""6"": 11, ""7"": 9, ""8"": 6, ""9"": 2, ""10"": 6}"
384,384,True,,gemm\random\mappings\sample_384_seed_384.csv,5.859129604770487,327.55942390766,1.6921586372739552,2,0.000146741,0.3207293333333312,169984.0,25600.0,1.8724459432652252,0.0016863279484106658,True,vec,16,"{""1"": 12, ""2"": 1, ""3"": 0, ""4"": 11, ""5"": 7, ""6"": 14, ""7"": 7, ""8"": 3, ""9"": 7, ""10"": 12}"
385,385,True,,gemm\random\mappings\sample_385_seed_385.csv,5.378587074276014,326.89242280111,1.4954596643172307,0,0.0001465807,0.0,153600.0,26624.0,1.7962705812338822,0.001678024823094826,True,vec,16,"{""1"": 2, ""2"": 15, ""3"": 12, ""4"": 9, ""5"": 0, ""6"": 12, ""7"": 6, ""8"": 12, ""9"": 11, ""10"": 4}"
386,386,True,,gemm\random\mappings\sample_386_seed_386.csv,5.075370108340937,328.19968596183,1.5747321738084086,2,0.0001470189,0.606025375,92160.0,12288.0,1.1868676849831383,0.0016935193675929594,True,vec,16,"{""1"": 9, ""2"": 12, ""3"": 14, ""4"": 13, ""5"": 1, ""6"": 0, ""7"": 7, ""8"": 8, ""9"": 8, ""10"": 7}"
387,387,True,,gemm\random\mappings\sample_387_seed_387.csv,5.144168349929102,326.4081499,1.422294226012625,0,0.0001664586,0.0,113664.0,16384.0,2.202539178734378,0.0017822710667348997,True,vec,16,"{""1"": 14, ""2"": 6, ""3"": 1, ""4"": 5, ""5"": 6, ""6"": 6, ""7"": 11, ""8"": 8, ""9"": 3, ""10"": 7}"
388,388,True,,gemm\random\mappings\sample_388_seed_388.csv,5.133099537106377,325.91454504802,1.4495313490487112,0,0.0001659626,0.0,68608.0,18432.0,2.8500297560007937,0.0017792786518903419,True,vec,16,"{""1"": 11, ""2"": 11, ""3"": 11, ""4"": 5, ""5"": 2, ""6"": 14, ""7"": 7, ""8"": 6, ""9"": 11, ""10"": 7}"
389,389,True,,gemm\random\mappings\sample_389_seed_389.csv,5.141767968318565,326.71289260443,1.4283752635098632,0,0.000166763,0.0,88064.0,18432.0,2.177147391390597,0.001785331368255908,True,vec,16,"{""1"": 11, ""2"": 13, ""3"": 7, ""4"": 7, ""5"": 15, ""6"": 12, ""7"": 4, ""8"": 12, ""9"": 6, ""10"": 7}"
390,390,True,,gemm\random\mappings\sample_390_seed_390.csv,4.61808313371592,326.24248666658,1.4293799405210985,0,0.0001166928,0.0,97280.0,26624.0,1.3392184090458243,0.0015166648605122466,True,vec,16,"{""1"": 2, ""2"": 14, ""3"": 0, ""4"": 6, ""5"": 10, ""6"": 8, ""7"": 6, ""8"": 11, ""9"": 1, ""10"": 8}"
391,391,True,,gemm\random\mappings\sample_391_seed_391.csv,5.557832978624016,325.93711192446,1.3989276574935152,0,0.0001666508,0.0,159744.0,24576.0,2.380281690140845,0.0017835937304555897,True,vec,16,"{""1"": 15, ""2"": 5, ""3"": 7, ""4"": 4, ""5"": 5, ""6"": 15, ""7"": 1, ""8"": 15, ""9"": 1, ""10"": 7}"
392,392,True,,gemm\random\mappings\sample_392_seed_392.csv,5.532965236361041,327.61770903875,1.4591693453458234,1,0.0001665527,0.197696125,59392.0,20480.0,3.0531640547510412,0.0017870102821414646,True,vec,16,"{""1"": 14, ""2"": 14, ""3"": 6, ""4"": 15, ""5"": 6, ""6"": 10, ""7"": 6, ""8"": 2, ""9"": 9, ""10"": 6}"
393,393,True,,gemm\random\mappings\sample_393_seed_393.csv,4.865347229659096,326.74033727603,1.4146146500646957,0,0.0001168428,0.0,121856.0,32768.0,0.9583415988891093,0.0015175841798055413,True,vec,16,"{""1"": 11, ""2"": 10, ""3"": 5, ""4"": 0, ""5"": 13, ""6"": 14, ""7"": 4, ""8"": 1, ""9"": 7, ""10"": 7}"
394,394,True,,gemm\random\mappings\sample_394_seed_394.csv,5.3006253854595835,328.1676191134,1.9874491814573716,3,0.0001202946,0.890768141826925,57344.0,18432.0,1.7581829002182108,0.0015630542395235966,True,vec,16,"{""1"": 7, ""2"": 7, ""3"": 11, ""4"": 6, ""5"": 15, ""6"": 2, ""7"": 10, ""8"": 11, ""9"": 6, ""10"": 5}"
395,395,True,,gemm\random\mappings\sample_395_seed_395.csv,5.733393543503003,327.83389793278,1.6136661090949274,2,0.0001463588,0.330641125,128000.0,28672.0,1.6439198571711962,0.001686008416869521,True,vec,16,"{""1"": 11, ""2"": 10, ""3"": 0, ""4"": 4, ""5"": 3, ""6"": 11, ""7"": 2, ""8"": 11, ""9"": 3, ""10"": 13}"
396,396,True,,gemm\random\mappings\sample_396_seed_396.csv,5.566041130209371,326.05368426917,1.41979519365228,0,0.000166741,0.0,136192.0,25600.0,2.583415988891093,0.0017838131459087343,True,vec,16,"{""1"": 1, ""2"": 8, ""3"": 8, ""4"": 4, ""5"": 11, ""6"": 13, ""7"": 2, ""8"": 11, ""9"": 8, ""10"": 12}"
397,397,True,,gemm\random\mappings\sample_397_seed_397.csv,5.659863740418917,327.94320355975,1.729253258209806,2,0.000118162391,0.33101987499999996,147456.0,32768.0,1.5931362824836341,0.0015343550168961581,True,vec,16,"{""1"": 3, ""2"": 2, ""3"": 12, ""4"": 14, ""5"": 0, ""6"": 8, ""7"": 4, ""8"": 7, ""9"": 12, ""10"": 12}"
398,398,True,,gemm\random\mappings\sample_398_seed_398.csv,5.291757055640602,327.20731963531,1.8028553149589563,1,0.000117011,0.011386666666666875,133120.0,32768.0,1.1868676849831383,0.0015217130554037134,True,vec,16,"{""1"": 12, ""2"": 13, ""3"": 7, ""4"": 14, ""5"": 11, ""6"": 14, ""7"": 5, ""8"": 2, ""9"": 1, ""10"": 15}"
399,399,True,,gemm\random\mappings\sample_399_seed_399.csv,5.46903255377509,327.88097768946,1.7013911923203668,2,0.0001470108,0.307357875,81920.0,22528.0,1.8978377306090062,0.0016883516405220142,True,vec,16,"{""1"": 1, ""2"": 5, ""3"": 0, ""4"": 7, ""5"": 3, ""6"": 5, ""7"": 2, ""8"": 1, ""9"": 1, ""10"": 7}"
400,400,True,,gemm\random\mappings\sample_400_seed_400.csv,5.426482632212956,327.62050123149,1.5416950911501388,1,0.0001463606,0.189980125,105472.0,26624.0,1.7835746875619918,0.00168082241538521,True,vec,16,"{""1"": 9, ""2"": 8, ""3"": 2, ""4"": 15, ""5"": 14, ""6"": 13, ""7"": 13, ""8"": 8, ""9"": 9, ""10"": 14}"
401,401,True,,gemm\random\mappings\sample_401_seed_401.csv,5.458771053020948,329.02525130801,1.8222704716085147,1,0.0001233927,0.832871375,123904.0,26624.0,0.9202539178734378,0.0015733587608415906,True,vec,16,"{""1"": 15, ""2"": 3, ""3"": 13, ""4"": 8, ""5"": 12, ""6"": 15, ""7"": 10, ""8"": 5, ""9"": 9, ""10"": 14}"
402,402,True,,gemm\random\mappings\sample_402_seed_402.csv,5.587503260052263,328.17610274101,1.964586492351079,2,0.0001228208,0.7338032812499999,114688.0,25600.0,1.5677444951398531,0.001578074762014401,True,vec,16,"{""1"": 15, ""2"": 3, ""3"": 13, ""4"": 12, ""5"": 9, ""6"": 14, ""7"": 13, ""8"": 12, ""9"": 5, ""10"": 0}"
403,403,True,,gemm\random\mappings\sample_403_seed_403.csv,5.178005162773435,327.6226324907,1.6067593662708228,1,0.0001172128,0.168265,119808.0,32768.0,0.9583415988891093,0.0015228627798101156,True,vec,16,"{""1"": 7, ""2"": 10, ""3"": 1, ""4"": 5, ""5"": 8, ""6"": 15, ""7"": 4, ""8"": 12, ""9"": 11, ""10"": 12}"
404,404,True,,gemm\random\mappings\sample_404_seed_404.csv,4.954431437015792,327.59510459097,1.7433840351647671,1,0.0001176448,0.1145303125,95232.0,19456.0,2.012100773656021,0.0015279025848793997,True,vec,16,"{""1"": 2, ""2"": 12, ""3"": 0, ""4"": 2, ""5"": 3, ""6"": 10, ""7"": 4, ""8"": 12, ""9"": 3, ""10"": 0}"
405,405,True,,gemm\random\mappings\sample_405_seed_405.csv,5.35728762371394,327.52497029265,1.3259349709330621,1,0.0001672166,0.045206750000000004,97280.0,24576.0,1.4407855584209481,0.0017885431671060053,True,vec,16,"{""1"": 1, ""2"": 5, ""3"": 14, ""4"": 3, ""5"": 3, ""6"": 12, ""7"": 9, ""8"": 7, ""9"": 6, ""10"": 10}"
406,406,True,,gemm\random\mappings\sample_406_seed_406.csv,5.16713642101244,328.13194077584,1.6599277755963762,2,0.0001467107,0.547410548076925,95232.0,12288.0,1.4788732394366197,0.001691825671752284,True,vec,16,"{""1"": 13, ""2"": 13, ""3"": 12, ""4"": 9, ""5"": 3, ""6"": 4, ""7"": 1, ""8"": 2, ""9"": 4, ""10"": 9}"
407,407,True,,gemm\random\mappings\sample_407_seed_407.csv,5.637625385144196,327.55397995694,1.661077705981948,1,0.0001475909,0.04986818181818188,167936.0,24576.0,1.7962705812338822,0.0016873704834065209,True,vec,16,"{""1"": 3, ""2"": 9, ""3"": 12, ""4"": 11, ""5"": 14, ""6"": 12, ""7"": 2, ""8"": 12, ""9"": 13, ""10"": 1}"
408,408,True,,gemm\random\mappings\sample_408_seed_408.csv,5.051052314389225,327.55538800671,1.623397722174369,1,0.000118845,0.16917937500000002,124928.0,19456.0,2.0882761356873636,0.0015355734939017849,True,vec,16,"{""1"": 14, ""2"": 8, ""3"": 7, ""4"": 3, ""5"": 13, ""6"": 8, ""7"": 2, ""8"": 14, ""9"": 3, ""10"": 8}"
409,409,True,,gemm\random\mappings\sample_409_seed_409.csv,5.744660266629557,327.55779182288,1.3362655006876598,1,0.0001665226,0.144064375,138240.0,29696.0,1.6693116445149772,0.0017853939828995965,True,vec,16,"{""1"": 15, ""2"": 4, ""3"": 13, ""4"": 3, ""5"": 13, ""6"": 6, ""7"": 2, ""8"": 12, ""9"": 6, ""10"": 7}"
410,410,True,,gemm\random\mappings\sample_410_seed_410.csv,4.86993222616274,326.67064975993,1.2571168478358992,0,0.0001465346,0.0,94208.0,24576.0,1.4153937710771671,0.0016754708702571236,True,vec,16,"{""1"": 4, ""2"": 9, ""3"": 0, ""4"": 10, ""5"": 2, ""6"": 9, ""7"": 14, ""8"": 6, ""9"": 6, ""10"": 5}"
411,411,True,,gemm\random\mappings\sample_411_seed_411.csv,4.978169973120782,326.72625040634,1.2971819352334506,0,0.0001658928,0.0,69632.0,12288.0,2.9515969053759177,0.0017794285652730423,True,vec,16,"{""1"": 6, ""2"": 0, ""3"": 10, ""4"": 6, ""5"": 6, ""6"": 7, ""7"": 15, ""8"": 12, ""9"": 6, ""10"": 0}"
412,412,True,,gemm\random\mappings\sample_412_seed_412.csv,5.659136550612097,326.95405023309,1.532687158826385,0,0.0001668106,0.0,124928.0,25600.0,2.5453283078754216,0.0017854347784280779,True,vec,16,"{""1"": 9, ""2"": 1, ""3"": 3, ""4"": 6, ""5"": 3, ""6"": 9, ""7"": 6, ""8"": 6, ""9"": 14, ""10"": 15}"
413,413,True,,gemm\random\mappings\sample_413_seed_413.csv,5.515676247160171,327.24268633326,1.3453198406732676,1,0.000166811,0.020308333333333123,126976.0,24576.0,1.7835746875619918,0.0017854190991613678,True,vec,16,"{""1"": 14, ""2"": 5, ""3"": 2, ""4"": 9, ""5"": 5, ""6"": 4, ""7"": 8, ""8"": 14, ""9"": 8, ""10"": 3}"
414,414,True,,gemm\random\mappings\sample_414_seed_414.csv,4.490938004054118,326.44029761263,1.5433969028954841,0,0.000116805,0.0,114688.0,16384.0,1.5677444951398531,0.0015181769449037208,True,vec,16,"{""1"": 13, ""2"": 11, ""3"": 7, ""4"": 8, ""5"": 9, ""6"": 2, ""7"": 8, ""8"": 4, ""9"": 11, ""10"": 12}"
415,415,True,,gemm\random\mappings\sample_415_seed_415.csv,5.253381915636928,327.39880736585,1.3383371349908801,2,0.0001664388,0.091480625,78848.0,20480.0,1.4407855584209481,0.0017839381946795426,True,vec,16,"{""1"": 10, ""2"": 7, ""3"": 8, ""4"": 6, ""5"": 6, ""6"": 4, ""7"": 2, ""8"": 1, ""9"": 14, ""10"": 5}"
416,416,True,,gemm\random\mappings\sample_416_seed_416.csv,4.936130630906183,326.44399540739,1.4344067954320887,0,0.000146699,0.0,95232.0,24576.0,1.4153937710771671,0.0016778035273082282,True,vec,16,"{""1"": 8, ""2"": 0, ""3"": 9, ""4"": 10, ""5"": 14, ""6"": 1, ""7"": 10, ""8"": 1, ""9"": 6, ""10"": 15}"
417,417,True,,gemm\random\mappings\sample_417_seed_417.csv,5.908615869694028,327.48985493975,1.4805883126032646,1,0.0001663088,0.06053989583333313,114688.0,34816.0,1.9232295179527872,0.0017845180676977275,True,vec,16,"{""1"": 2, ""2"": 1, ""3"": 12, ""4"": 9, ""5"": 1, ""6"": 11, ""7"": 0, ""8"": 14, ""9"": 0, ""10"": 12}"
418,418,True,,gemm\random\mappings\sample_418_seed_418.csv,4.549001798844856,326.51237836461,1.2521619331797096,0,0.0001464067,0.0,87040.0,18432.0,1.0345169609204523,0.0016746049172975683,True,vec,16,"{""1"": 10, ""2"": 11, ""3"": 3, ""4"": 9, ""5"": 4, ""6"": 8, ""7"": 7, ""8"": 8, ""9"": 1, ""10"": 5}"
419,419,True,,gemm\random\mappings\sample_419_seed_419.csv,4.660105383066617,327.03971099163,1.3630350994476805,0,0.0001167569,0.0,101376.0,25600.0,1.3773060900614957,0.001516474191427595,True,vec,16,"{""1"": 4, ""2"": 4, ""3"": 9, ""4"": 11, ""5"": 2, ""6"": 0, ""7"": 5, ""8"": 2, ""9"": 14, ""10"": 8}"
420,420,True,,gemm\random\mappings\sample_420_seed_420.csv,5.034144794726786,327.52420344462,1.6977713895500417,1,0.0001178129,0.146318125,140288.0,20480.0,1.5296568141241818,0.0015279301937024235,True,vec,16,"{""1"": 0, ""2"": 11, ""3"": 8, ""4"": 12, ""5"": 3, ""6"": 3, ""7"": 0, ""8"": 10, ""9"": 15, ""10"": 0}"
421,421,True,,gemm\random\mappings\sample_421_seed_421.csv,5.802685564084944,328.07217291745,1.5440555616327045,1,0.000168795,0.1247395,118784.0,28672.0,1.6312239634993058,0.0018025992411242063,True,vec,16,"{""1"": 8, ""2"": 15, ""3"": 15, ""4"": 8, ""5"": 10, ""6"": 14, ""7"": 13, ""8"": 7, ""9"": 12, ""10"": 3}"
422,422,True,,gemm\random\mappings\sample_422_seed_422.csv,4.755170616790302,326.67066485136,1.4216897624270985,0,0.0001168368,0.0,139264.0,25600.0,1.1868676849831383,0.0015175544205653288,True,vec,16,"{""1"": 12, ""2"": 9, ""3"": 0, ""4"": 10, ""5"": 2, ""6"": 6, ""7"": 9, ""8"": 1, ""9"": 14, ""10"": 8}"
423,423,True,,gemm\random\mappings\sample_423_seed_423.csv,4.4552781484013035,327.62577435842,1.513791865809949,1,0.0001171147,0.17974083333333124,64512.0,17408.0,0.9964292799047808,0.0015214962401815901,True,vec,16,"{""1"": 10, ""2"": 5, ""3"": 13, ""4"": 6, ""5"": 10, ""6"": 7, ""7"": 14, ""8"": 9, ""9"": 3, ""10"": 11}"
424,424,True,,gemm\random\mappings\sample_424_seed_424.csv,5.042240629058736,326.80728137019,1.4540900390888498,0,0.0001465168,0.0,133120.0,24576.0,1.0345169609204523,0.001677339402833298,True,vec,16,"{""1"": 14, ""2"": 4, ""3"": 1, ""4"": 13, ""5"": 2, ""6"": 7, ""7"": 5, ""8"": 0, ""9"": 5, ""10"": 12}"
425,425,True,,gemm\random\mappings\sample_425_seed_425.csv,5.223086163379648,327.24895853112,1.5055345052096158,1,0.0001464708,0.020918839285714374,125952.0,20480.0,1.7835746875619918,0.0016780101140840794,True,vec,16,"{""1"": 13, ""2"": 2, ""3"": 5, ""4"": 11, ""5"": 1, ""6"": 7, ""7"": 7, ""8"": 11, ""9"": 13, ""10"": 1}"
426,426,True,,gemm\random\mappings\sample_426_seed_426.csv,4.9215589081483895,326.66981416798,1.6620867732702342,0,0.0001168069,0.0,95232.0,32768.0,1.1868676849831383,0.0015191856811955238,True,vec,16,"{""1"": 5, ""2"": 10, ""3"": 11, ""4"": 2, ""5"": 6, ""6"": 3, ""7"": 9, ""8"": 14, ""9"": 10, ""10"": 1}"
427,427,True,,gemm\random\mappings\sample_427_seed_427.csv,4.697371790242756,327.56864783494,1.5422430057033125,1,0.0001180086,0.103857109375,97280.0,18432.0,1.3773060900614957,0.0015281502203433937,True,vec,16,"{""1"": 5, ""2"": 15, ""3"": 11, ""4"": 1, ""5"": 5, ""6"": 9, ""7"": 2, ""8"": 0, ""9"": 15, ""10"": 10}"
428,428,True,,gemm\random\mappings\sample_428_seed_428.csv,5.427042407735039,326.44494570355,1.3289890823248265,0,0.0001466489,0.0,136192.0,28672.0,2.5961118825629836,0.001677029586793155,True,vec,16,"{""1"": 8, ""2"": 1, ""3"": 14, ""4"": 3, ""5"": 8, ""6"": 8, ""7"": 3, ""8"": 8, ""9"": 15, ""10"": 2}"
429,429,True,,gemm\random\mappings\sample_429_seed_429.csv,5.57508225226646,326.40865418533,1.523607920976876,0,0.0001665168,0.0,121856.0,26624.0,2.3548899027970642,0.0017833771984133654,True,vec,16,"{""1"": 3, ""2"": 0, ""3"": 10, ""4"": 0, ""5"": 7, ""6"": 15, ""7"": 12, ""8"": 5, ""9"": 0, ""10"": 12}"
430,430,True,,gemm\random\mappings\sample_430_seed_430.csv,5.475531274493555,327.62157001008,1.4116598936983031,1,0.0001664568,0.1959185,87040.0,24576.0,1.8216623685776632,0.001787557335826234,True,vec,16,"{""1"": 8, ""2"": 4, ""3"": 0, ""4"": 4, ""5"": 6, ""6"": 14, ""7"": 10, ""8"": 9, ""9"": 6, ""10"": 2}"
431,431,True,,gemm\random\mappings\sample_431_seed_431.csv,5.291306529869686,327.45810798578,1.4474404795867792,1,0.0001677306,0.061232375000000006,96256.0,16384.0,2.050188454671692,0.0017931677165925828,True,vec,16,"{""1"": 9, ""2"": 0, ""3"": 1, ""4"": 0, ""5"": 13, ""6"": 5, ""7"": 6, ""8"": 6, ""9"": 13, ""10"": 7}"
432,432,True,,gemm\random\mappings\sample_432_seed_432.csv,4.814447287938152,326.63863305299,1.4550484339466627,0,0.0001168248,0.0,112640.0,25600.0,1.8724459432652252,0.0015176201751051445,True,vec,16,"{""1"": 15, ""2"": 2, ""3"": 12, ""4"": 15, ""5"": 5, ""6"": 7, ""7"": 5, ""8"": 15, ""9"": 0, ""10"": 6}"
433,433,True,,gemm\random\mappings\sample_433_seed_433.csv,5.373862206287059,327.84320341858,1.490808738302391,1,0.0001679766,0.0840546875,97280.0,20480.0,1.5169609204522911,0.0017957588051540872,True,vec,16,"{""1"": 6, ""2"": 15, ""3"": 2, ""4"": 1, ""5"": 15, ""6"": 11, ""7"": 9, ""8"": 3, ""9"": 7, ""10"": 6}"
434,434,True,,gemm\random\mappings\sample_434_seed_434.csv,4.82775154971177,326.67778030249,1.5025654936385797,0,0.0001168249,0.0,111616.0,32768.0,0.8059908748264233,0.0015181315839188517,True,vec,16,"{""1"": 11, ""2"": 2, ""3"": 6, ""4"": 12, ""5"": 9, ""6"": 0, ""7"": 5, ""8"": 14, ""9"": 13, ""10"": 10}"
435,435,True,,gemm\random\mappings\sample_435_seed_435.csv,5.051351005509909,326.66757202653,1.240220303457835,0,0.0001668748,0.0,108544.0,18432.0,1.8216623685776632,0.0017841934732715566,True,vec,16,"{""1"": 6, ""2"": 15, ""3"": 9, ""4"": 1, ""5"": 15, ""6"": 10, ""7"": 4, ""8"": 2, ""9"": 9, ""10"": 7}"
436,436,True,,gemm\random\mappings\sample_436_seed_436.csv,5.63238771761428,327.84470290354,1.620942602847848,2,0.0001465067,0.23687568750000002,115712.0,26624.0,1.7581829002182108,0.0016839310159280677,True,vec,16,"{""1"": 12, ""2"": 15, ""3"": 12, ""4"": 7, ""5"": 5, ""6"": 11, ""7"": 7, ""8"": 3, ""9"": 11, ""10"": 3}"
437,437,True,,gemm\random\mappings\sample_437_seed_437.csv,5.9033912061878535,327.52581160435,1.560917780250225,2,0.0001679408,0.18010456249999998,149504.0,26624.0,1.5931362824836341,0.0017980395858289817,True,vec,16,"{""1"": 9, ""2"": 3, ""3"": 0, ""4"": 4, ""5"": 0, ""6"": 8, ""7"": 14, ""8"": 15, ""9"": 11, ""10"": 8}"
438,438,True,,gemm\random\mappings\sample_438_seed_438.csv,5.234341214474142,327.54139709885,1.592533246132577,1,0.000146939,0.17149,101376.0,25600.0,1.0345169609204523,0.001682920481011793,True,vec,16,"{""1"": 6, ""2"": 2, ""3"": 9, ""4"": 13, ""5"": 1, ""6"": 0, ""7"": 4, ""8"": 12, ""9"": 12, ""10"": 7}"
439,439,True,,gemm\random\mappings\sample_439_seed_439.csv,5.409421914385952,327.11449611825,1.6942965518514614,0,0.0001461327,0.0,79872.0,27648.0,2.583415988891093,0.001676909637039197,True,vec,16,"{""1"": 12, ""2"": 10, ""3"": 9, ""4"": 13, ""5"": 8, ""6"": 13, ""7"": 8, ""8"": 13, ""9"": 15, ""10"": 8}"
440,440,True,,gemm\random\mappings\sample_440_seed_440.csv,5.219592512102647,325.70550503754,1.3289167424558121,0,0.0001667628,0.0,103424.0,25600.0,1.9232295179527872,0.0017830267269171596,True,vec,16,"{""1"": 3, ""2"": 2, ""3"": 9, ""4"": 9, ""5"": 7, ""6"": 6, ""7"": 6, ""8"": 1, ""9"": 10, ""10"": 7}"
441,441,True,,gemm\random\mappings\sample_441_seed_441.csv,4.554186357586015,327.24205665568,1.5430913441814287,1,0.0001169007,0.03145583333333313,108544.0,18432.0,0.8059908748264233,0.0015191811063553619,True,vec,16,"{""1"": 5, ""2"": 12, ""3"": 4, ""4"": 15, ""5"": 6, ""6"": 14, ""7"": 9, ""8"": 0, ""9"": 13, ""10"": 8}"
442,442,True,,gemm\random\mappings\sample_442_seed_442.csv,6.165898712673581,327.92834146192,1.6310242069823748,2,0.0001675448,0.35922970833333123,112640.0,32768.0,2.075580242015473,0.0017967820449209572,True,vec,16,"{""1"": 11, ""2"": 14, ""3"": 14, ""4"": 13, ""5"": 13, ""6"": 15, ""7"": 12, ""8"": 4, ""9"": 7, ""10"": 10}"
443,443,True,,gemm\random\mappings\sample_443_seed_443.csv,4.7056073513022065,327.6311309646,1.68421620360719,1,0.0001172987,0.16560375,84992.0,16384.0,1.5677444951398531,0.0015238571911028655,True,vec,16,"{""1"": 4, ""2"": 0, ""3"": 8, ""4"": 10, ""5"": 9, ""6"": 3, ""7"": 8, ""8"": 7, ""9"": 0, ""10"": 11}"
444,444,True,,gemm\random\mappings\sample_444_seed_444.csv,5.562387058483033,326.04445928485,1.2846094574461466,0,0.0001960428,0.0,78848.0,13312.0,4.056139654830391,0.0019398563288565455,True,vec,16,"{""1"": 9, ""2"": 9, ""3"": 0, ""4"": 9, ""5"": 15, ""6"": 8, ""7"": 9, ""8"": 14, ""9"": 9, ""10"": 15}"
445,445,True,,gemm\random\mappings\sample_445_seed_445.csv,4.813740164896393,327.4943716913,1.7081817091103122,1,0.0001178386,0.133046953125,122880.0,17408.0,1.2630430470144813,0.0015293218862166762,True,vec,16,"{""1"": 13, ""2"": 7, ""3"": 2, ""4"": 12, ""5"": 8, ""6"": 12, ""7"": 9, ""8"": 4, ""9"": 14, ""10"": 13}"
446,446,True,,gemm\random\mappings\sample_446_seed_446.csv,5.075660543426911,326.4422247763,1.5291316809425766,0,0.0001167407,0.0,141312.0,34816.0,1.1868676849831383,0.001517903514190304,True,vec,16,"{""1"": 15, ""2"": 6, ""3"": 5, ""4"": 4, ""5"": 13, ""6"": 6, ""7"": 12, ""8"": 0, ""9"": 7, ""10"": 8}"
447,447,True,,gemm\random\mappings\sample_447_seed_447.csv,5.794743884432097,328.06462558313,1.776301576805793,2,0.000149633,0.40843190909090626,100352.0,26624.0,1.9867089863122396,0.0017101419362223088,True,vec,16,"{""1"": 13, ""2"": 0, ""3"": 12, ""4"": 13, ""5"": 4, ""6"": 12, ""7"": 12, ""8"": 3, ""9"": 9, ""10"": 2}"
448,448,True,,gemm\random\mappings\sample_448_seed_448.csv,5.280425883764605,327.78918696141,1.5630657682583442,1,0.0001189447,0.167258203125,129024.0,32768.0,1.1868676849831383,0.0015355496628192526,True,vec,16,"{""1"": 8, ""2"": 7, ""3"": 3, ""4"": 9, ""5"": 5, ""6"": 0, ""7"": 11, ""8"": 13, ""9"": 3, ""10"": 6}"
449,449,True,,gemm\random\mappings\sample_449_seed_449.csv,5.154297328965509,326.94111963244,1.4701165026053664,0,0.0001661526,0.0,80896.0,12288.0,3.0785558420948225,0.0017809994022579703,True,vec,16,"{""1"": 6, ""2"": 6, ""3"": 6, ""4"": 12, ""5"": 3, ""6"": 6, ""7"": 15, ""8"": 3, ""9"": 11, ""10"": 14}"
450,450,True,,gemm\random\mappings\sample_450_seed_450.csv,5.343022797244771,327.59423029446,1.6900770886174712,1,0.0001175309,0.19341395833333125,159744.0,26624.0,1.6820075381868678,0.0015261513125119947,True,vec,16,"{""1"": 3, ""2"": 15, ""3"": 4, ""4"": 12, ""5"": 1, ""6"": 3, ""7"": 15, ""8"": 1, ""9"": 0, ""10"": 7}"
451,451,True,,gemm\random\mappings\sample_451_seed_451.csv,5.120069206062661,327.49438374088,1.4871663597767397,1,0.0001465508,0.13242225000000002,119808.0,20480.0,1.2249553659988097,0.0016801455169157692,True,vec,16,"{""1"": 1, ""2"": 4, ""3"": 15, ""4"": 11, ""5"": 1, ""6"": 3, ""7"": 3, ""8"": 10, ""9"": 9, ""10"": 5}"
452,452,True,,gemm\random\mappings\sample_452_seed_452.csv,4.182565789046568,326.45613897528,1.482591494626923,0,0.000116855,0.0,63488.0,12288.0,1.7581829002182108,0.0015177541658534896,True,vec,16,"{""1"": 10, ""2"": 11, ""3"": 9, ""4"": 10, ""5"": 2, ""6"": 9, ""7"": 2, ""8"": 6, ""9"": 15, ""10"": 1}"
453,453,True,,gemm\random\mappings\sample_453_seed_453.csv,6.471527693351003,326.28078492823,1.4424909741010135,0,0.0002166987,0.0,175104.0,26624.0,3.0785558420948225,0.0020530420824592735,True,vec,16,"{""1"": 7, ""2"": 12, ""3"": 15, ""4"": 12, ""5"": 12, ""6"": 7, ""7"": 14, ""8"": 0, ""9"": 10, ""10"": 15}"
454,454,True,,gemm\random\mappings\sample_454_seed_454.csv,4.72354435508769,326.37803172655,1.346255932793491,0,0.0001461988,0.0,60416.0,18432.0,2.177147391390597,0.0016742019549704907,True,vec,16,"{""1"": 9, ""2"": 10, ""3"": 8, ""4"": 13, ""5"": 6, ""6"": 10, ""7"": 8, ""8"": 4, ""9"": 10, ""10"": 1}"
455,455,True,,gemm\random\mappings\sample_455_seed_455.csv,5.380455076791428,326.07633646711,1.3491336150790822,0,0.0001667891,0.0,133120.0,25600.0,1.9232295179527872,0.0017833862749661422,True,vec,16,"{""1"": 0, ""2"": 12, ""3"": 7, ""4"": 5, ""5"": 7, ""6"": 4, ""7"": 14, ""8"": 4, ""9"": 3, ""10"": 12}"
456,456,True,,gemm\random\mappings\sample_456_seed_456.csv,5.609846480559559,327.99964362812,1.7106260553188946,2,0.0001462006,0.6010955,88064.0,28672.0,1.2249553659988097,0.0016896299950369452,True,vec,16,"{""1"": 14, ""2"": 14, ""3"": 13, ""4"": 12, ""5"": 1, ""6"": 3, ""7"": 10, ""8"": 15, ""9"": 3, ""10"": 2}"
457,457,True,,gemm\random\mappings\sample_457_seed_457.csv,5.243698538704956,326.06719786687,1.299696894531318,0,0.0001663087,0.0,98304.0,26624.0,1.8978377306090062,0.0017803972290104757,True,vec,16,"{""1"": 5, ""2"": 10, ""3"": 8, ""4"": 14, ""5"": 10, ""6"": 1, ""7"": 5, ""8"": 5, ""9"": 6, ""10"": 4}"
458,458,True,,gemm\random\mappings\sample_458_seed_458.csv,5.535220123645457,329.11559331143,1.4421385677391987,2,0.0001661508,0.8708524999999795,75776.0,10240.0,2.4564570521721882,0.0017927045083327015,True,vec,16,"{""1"": 2, ""2"": 14, ""3"": 2, ""4"": 2, ""5"": 9, ""6"": 15, ""7"": 11, ""8"": 0, ""9"": 14, ""10"": 9}"
459,459,True,,gemm\random\mappings\sample_459_seed_459.csv,4.37218017688205,326.84046462155,1.5610481392767683,0,0.0001169548,0.0,92160.0,16384.0,1.1868676849831383,0.0015190680463899172,True,vec,16,"{""1"": 4, ""2"": 12, ""3"": 0, ""4"": 5, ""5"": 14, ""6"": 12, ""7"": 10, ""8"": 9, ""9"": 2, ""10"": 11}"
460,460,True,,gemm\random\mappings\sample_460_seed_460.csv,5.039041162082108,327.90436292627,1.680212799937588,2,0.0001182087,0.3413758072916687,111616.0,16384.0,1.8216623685776632,0.0015341262543231988,True,vec,16,"{""1"": 9, ""2"": 15, ""3"": 0, ""4"": 12, ""5"": 10, ""6"": 0, ""7"": 13, ""8"": 14, ""9"": 15, ""10"": 10}"
461,461,True,,gemm\random\mappings\sample_461_seed_461.csv,5.020960551786387,326.50136506449,1.2217665927252401,0,0.0001664086,0.0,100352.0,19456.0,1.8216623685776632,0.001781523718640398,True,vec,16,"{""1"": 10, ""2"": 2, ""3"": 13, ""4"": 5, ""5"": 2, ""6"": 13, ""7"": 8, ""8"": 15, ""9"": 7, ""10"": 6}"
462,462,True,,gemm\random\mappings\sample_462_seed_462.csv,5.30385480960751,326.97686421311,1.5485907847907603,0,0.0001466828,0.0,116736.0,27648.0,1.7962705812338822,0.001679033446050756,True,vec,16,"{""1"": 2, ""2"": 12, ""3"": 5, ""4"": 0, ""5"": 3, ""6"": 0, ""7"": 8, ""8"": 8, ""9"": 5, ""10"": 11}"
463,463,True,,gemm\random\mappings\sample_463_seed_463.csv,5.04314988825027,326.13985802729,1.3559546716730762,0,0.0001663729,0.0,73728.0,20480.0,2.126363816703035,0.0017823205833434116,True,vec,16,"{""1"": 6, ""2"": 15, ""3"": 2, ""4"": 6, ""5"": 2, ""6"": 5, ""7"": 14, ""8"": 7, ""9"": 6, ""10"": 12}"
464,464,True,,gemm\random\mappings\sample_464_seed_464.csv,5.220415311898123,325.68821366155,1.262791125582961,0,0.0001665829,0.0,99328.0,26624.0,2.012100773656021,0.00178227154924022,True,vec,16,"{""1"": 8, ""2"": 5, ""3"": 7, ""4"": 7, ""5"": 8, ""6"": 5, ""7"": 10, ""8"": 3, ""9"": 13, ""10"": 9}"
465,465,True,,gemm\random\mappings\sample_465_seed_465.csv,5.370112610930473,328.23056898466,1.7089539935575186,2,0.0001207848,0.7217487499999999,78848.0,27648.0,1.5677444951398531,0.0015558470450106937,True,vec,16,"{""1"": 6, ""2"": 7, ""3"": 1, ""4"": 0, ""5"": 5, ""6"": 7, ""7"": 5, ""8"": 12, ""9"": 2, ""10"": 10}"
466,466,True,,gemm\random\mappings\sample_466_seed_466.csv,5.029980439840719,327.93377677057,1.594398060937242,2,0.000118261,0.49553583333333123,106496.0,18432.0,1.5931362824836341,0.0015326384602426901,True,vec,16,"{""1"": 1, ""2"": 3, ""3"": 9, ""4"": 6, ""5"": 4, ""6"": 4, ""7"": 7, ""8"": 15, ""9"": 11, ""10"": 4}"
467,467,True,,gemm\random\mappings\sample_467_seed_467.csv,4.4925580612847895,326.60516681529,1.5905256610068637,0,0.0001167586,0.0,124928.0,17408.0,1.0726046419361237,0.001518412148882577,True,vec,16,"{""1"": 8, ""2"": 15, ""3"": 12, ""4"": 2, ""5"": 0, ""6"": 13, ""7"": 3, ""8"": 9, ""9"": 8, ""10"": 13}"
468,468,True,,gemm\random\mappings\sample_468_seed_468.csv,5.309732050790938,328.37150551999,1.7903007189823732,3,0.0001191827,0.5115739375,87040.0,24576.0,1.1868676849831383,0.0015436587750892984,True,vec,16,"{""1"": 6, ""2"": 12, ""3"": 1, ""4"": 2, ""5"": 5, ""6"": 12, ""7"": 4, ""8"": 14, ""9"": 13, ""10"": 9}"
469,469,True,,gemm\random\mappings\sample_469_seed_469.csv,6.028765652077438,329.75043723647,1.9009394573720206,3,0.0001464087,1.9477181315789498,68608.0,19456.0,1.7200952192025392,0.0017259169932325141,True,vec,16,"{""1"": 8, ""2"": 9, ""3"": 8, ""4"": 13, ""5"": 12, ""6"": 1, ""7"": 3, ""8"": 8, ""9"": 1, ""10"": 6}"
470,470,True,,gemm\random\mappings\sample_470_seed_470.csv,5.127277114282139,327.56331407403,1.5192115421782812,1,0.0001465208,0.16288724999999998,135168.0,18432.0,1.1487800039674667,0.0016812311993924143,True,vec,16,"{""1"": 1, ""2"": 11, ""3"": 5, ""4"": 4, ""5"": 15, ""6"": 3, ""7"": 12, ""8"": 12, ""9"": 1, ""10"": 10}"
471,471,True,,gemm\random\mappings\sample_471_seed_471.csv,5.302466076978838,328.00340869571,1.9170719270678531,3,0.000119023,0.571145703125,119808.0,18432.0,1.3011307280301527,0.0015431464499034815,True,vec,16,"{""1"": 2, ""2"": 9, ""3"": 14, ""4"": 10, ""5"": 11, ""6"": 7, ""7"": 11, ""8"": 2, ""9"": 15, ""10"": 1}"
472,472,True,,gemm\random\mappings\sample_472_seed_472.csv,5.424706178630078,327.90165808188,1.6483772148547784,2,0.0001181727,0.4799666666666625,97280.0,34816.0,1.1487800039674667,0.0015320898507850647,True,vec,16,"{""1"": 4, ""2"": 6, ""3"": 14, ""4"": 1, ""5"": 5, ""6"": 3, ""7"": 12, ""8"": 8, ""9"": 4, ""10"": 4}"
473,473,True,,gemm\random\mappings\sample_473_seed_473.csv,5.030931497815416,327.56370613066,1.4083143555348865,1,0.0001465687,0.164527625,102400.0,20480.0,1.2249553659988097,0.001680651800035779,True,vec,16,"{""1"": 10, ""2"": 10, ""3"": 1, ""4"": 0, ""5"": 11, ""6"": 3, ""7"": 9, ""8"": 9, ""9"": 4, ""10"": 14}"
474,474,True,,gemm\random\mappings\sample_474_seed_474.csv,5.25484663257426,326.23444816164,1.424619536108851,0,0.0001465528,0.0,119808.0,34816.0,1.1106923229517953,0.0016770317223476778,True,vec,16,"{""1"": 2, ""2"": 1, ""3"": 13, ""4"": 4, ""5"": 9, ""6"": 11, ""7"": 11, ""8"": 6, ""9"": 5, ""10"": 2}"
475,475,True,,gemm\random\mappings\sample_475_seed_475.csv,4.522974219999539,326.5075628081,1.50688303021078,0,0.0001168888,0.0,96256.0,19456.0,1.6439198571711962,0.0015183128490814872,True,vec,16,"{""1"": 2, ""2"": 0, ""3"": 14, ""4"": 10, ""5"": 3, ""6"": 3, ""7"": 11, ""8"": 14, ""9"": 4, ""10"": 2}"
476,476,True,,gemm\random\mappings\sample_476_seed_476.csv,4.950829030397056,326.365289555,1.3871518203539075,0,0.000166469,0.0,90112.0,16384.0,1.8216623685776632,0.001783022064832129,True,vec,16,"{""1"": 15, ""2"": 8, ""3"": 11, ""4"": 11, ""5"": 14, ""6"": 13, ""7"": 7, ""8"": 14, ""9"": 1, ""10"": 0}"
477,477,True,,gemm\random\mappings\sample_477_seed_477.csv,4.991036502562428,326.59124738334,1.4660999588719286,0,0.0001462928,0.0,70656.0,24576.0,1.9867089863122396,0.001675599867734924,True,vec,16,"{""1"": 13, ""2"": 1, ""3"": 9, ""4"": 5, ""5"": 13, ""6"": 5, ""7"": 0, ""8"": 5, ""9"": 14, ""10"": 12}"
478,478,True,,gemm\random\mappings\sample_478_seed_478.csv,5.138145619638197,327.84932410339,1.5591447016019506,1,0.0001191908,0.29344437500000004,116736.0,28672.0,1.1741717913112477,0.001537522095130478,True,vec,16,"{""1"": 10, ""2"": 4, ""3"": 3, ""4"": 0, ""5"": 9, ""6"": 12, ""7"": 10, ""8"": 2, ""9"": 11, ""10"": 9}"
479,479,True,,gemm\random\mappings\sample_479_seed_479.csv,5.353700678820438,326.40812324704,1.4796310691205106,0,0.0001664227,0.0,102400.0,16384.0,3.243602459829399,0.0017823494036364996,True,vec,16,"{""1"": 13, ""2"": 4, ""3"": 5, ""4"": 5, ""5"": 2, ""6"": 4, ""7"": 5, ""8"": 0, ""9"": 3, ""10"": 5}"
480,480,True,,gemm\random\mappings\sample_480_seed_480.csv,5.550488043276011,326.75217110718,1.3278843173787205,0,0.0001665508,0.0,110592.0,32768.0,1.8216623685776632,0.0017831079042259896,True,vec,16,"{""1"": 12, ""2"": 9, ""3"": 14, ""4"": 6, ""5"": 9, ""6"": 2, ""7"": 6, ""8"": 7, ""9"": 3, ""10"": 5}"
481,481,True,,gemm\random\mappings\sample_481_seed_481.csv,5.343792996463987,327.40241254192,1.71780000763166,1,0.0001171987,0.09139,115712.0,34816.0,1.4407855584209481,0.0015236448179788032,True,vec,16,"{""1"": 15, ""2"": 13, ""3"": 4, ""4"": 14, ""5"": 9, ""6"": 14, ""7"": 6, ""8"": 3, ""9"": 10, ""10"": 9}"
482,482,True,,gemm\random\mappings\sample_482_seed_482.csv,4.1603623162897145,326.23243586326,1.424542817000013,0,0.0001170348,0.0,94208.0,13312.0,1.1868676849831383,0.0015187093466410956,True,vec,16,"{""1"": 9, ""2"": 13, ""3"": 3, ""4"": 8, ""5"": 5, ""6"": 7, ""7"": 13, ""8"": 6, ""9"": 1, ""10"": 11}"
483,483,True,,gemm\random\mappings\sample_483_seed_483.csv,6.192682327435632,328.37298025629,1.5667447986997736,2,0.0001765527,0.84848475,128000.0,26624.0,1.7454870065463202,0.0018577831903274,True,vec,16,"{""1"": 10, ""2"": 8, ""3"": 2, ""4"": 0, ""5"": 1, ""6"": 7, ""7"": 11, ""8"": 7, ""9"": 7, ""10"": 2}"
484,484,True,,gemm\random\mappings\sample_484_seed_484.csv,4.936244241773271,327.55788120407,1.5427778520832685,1,0.0001175286,0.07504312499999999,102400.0,24576.0,1.5677444951398531,0.0015245881346968263,True,vec,16,"{""1"": 5, ""2"": 14, ""3"": 10, ""4"": 1, ""5"": 3, ""6"": 14, ""7"": 7, ""8"": 3, ""9"": 8, ""10"": 2}"
485,485,True,,gemm\random\mappings\sample_485_seed_485.csv,5.5464929738981334,327.54095034662,1.6122126648658643,1,0.0001475068,0.053905,106496.0,28672.0,1.9867089863122396,0.0016860122262165424,True,vec,16,"{""1"": 4, ""2"": 4, ""3"": 5, ""4"": 15, ""5"": 10, ""6"": 11, ""7"": 12, ""8"": 15, ""9"": 15, ""10"": 3}"
486,486,True,,gemm\random\mappings\sample_486_seed_486.csv,5.0158569439841925,326.66504315638,1.3217078236230735,0,0.0001661968,0.0,76800.0,13312.0,2.811942074985122,0.0017808692101546,True,vec,16,"{""1"": 5, ""2"": 5, ""3"": 15, ""4"": 8, ""5"": 5, ""6"": 7, ""7"": 15, ""8"": 9, ""9"": 15, ""10"": 12}"
487,487,True,,gemm\random\mappings\sample_487_seed_487.csv,5.370857862143997,326.31826013414,1.3940489086453582,0,0.0001462507,0.0,113664.0,34816.0,1.7962705812338822,0.0016750817275108106,True,vec,16,"{""1"": 11, ""2"": 10, ""3"": 1, ""4"": 5, ""5"": 8, ""6"": 10, ""7"": 7, ""8"": 14, ""9"": 10, ""10"": 15}"
488,488,True,,gemm\random\mappings\sample_488_seed_488.csv,6.077142034163737,327.61826514348,1.5036417094308467,1,0.0001669528,0.1657925,188416.0,32768.0,1.4407855584209481,0.0017895999921418463,True,vec,16,"{""1"": 3, ""2"": 10, ""3"": 12, ""4"": 9, ""5"": 12, ""6"": 11, ""7"": 4, ""8"": 15, ""9"": 2, ""10"": 14}"
489,489,True,,gemm\random\mappings\sample_489_seed_489.csv,5.42281655045657,327.91951608463,1.4126718328789754,1,0.0001664527,0.27753208333333124,110592.0,18432.0,1.8216623685776632,0.0017868825839085698,True,vec,16,"{""1"": 5, ""2"": 13, ""3"": 2, ""4"": 13, ""5"": 0, ""6"": 1, ""7"": 11, ""8"": 0, ""9"": 15, ""10"": 8}"
490,490,True,,gemm\random\mappings\sample_490_seed_490.csv,5.2757214758354305,327.46874543396,1.4359581277402713,1,0.0001666486,0.02973793478260875,81920.0,18432.0,2.050188454671692,0.0017856756526332307,True,vec,16,"{""1"": 15, ""2"": 15, ""3"": 2, ""4"": 9, ""5"": 15, ""6"": 7, ""7"": 13, ""8"": 10, ""9"": 13, ""10"": 14}"
491,491,True,,gemm\random\mappings\sample_491_seed_491.csv,5.007459190376908,326.80759744081,1.4914664766499723,0,0.0001461546,0.0,93184.0,26624.0,1.2249553659988097,0.0016750642877233904,True,vec,16,"{""1"": 15, ""2"": 12, ""3"": 15, ""4"": 10, ""5"": 5, ""6"": 13, ""7"": 7, ""8"": 14, ""9"": 7, ""10"": 11}"
492,492,True,,gemm\random\mappings\sample_492_seed_492.csv,5.419494619266735,327.71784970092,1.4747711860859471,1,0.0001464386,0.14921296875,117760.0,26624.0,1.6693116445149772,0.0016818210858593453,True,vec,16,"{""1"": 3, ""2"": 11, ""3"": 9, ""4"": 0, ""5"": 1, ""6"": 0, ""7"": 5, ""8"": 6, ""9"": 5, ""10"": 9}"
493,493,True,,gemm\random\mappings\sample_493_seed_493.csv,4.7641365169027665,326.29746074466,1.4981165979317779,0,0.0001166146,0.0,77824.0,29696.0,1.7454870065463202,0.0015166380487183443,True,vec,16,"{""1"": 8, ""2"": 9, ""3"": 8, ""4"": 11, ""5"": 10, ""6"": 15, ""7"": 1, ""8"": 8, ""9"": 6, ""10"": 9}"
494,494,True,,gemm\random\mappings\sample_494_seed_494.csv,5.429609161730188,327.52756851584,1.5465319294820203,1,0.0001664568,0.139145625,101376.0,18432.0,2.050188454671692,0.0017854669198518684,True,vec,16,"{""1"": 4, ""2"": 0, ""3"": 0, ""4"": 15, ""5"": 8, ""6"": 13, ""7"": 8, ""8"": 12, ""9"": 13, ""10"": 6}"
495,495,True,,gemm\random\mappings\sample_495_seed_495.csv,5.809887814772343,326.94254550519,1.4472968666764272,0,0.0001663106,0.0,87040.0,35840.0,2.659591350922436,0.0017817058867788166,True,vec,16,"{""1"": 5, ""2"": 6, ""3"": 3, ""4"": 6, ""5"": 11, ""6"": 10, ""7"": 11, ""8"": 4, ""9"": 6, ""10"": 5}"
496,496,True,,gemm\random\mappings\sample_496_seed_496.csv,4.87655947824849,327.68596196797,1.6261493332155428,1,0.000118581,0.219959125,113664.0,16384.0,1.8216623685776632,0.0015329884478660729,True,vec,16,"{""1"": 14, ""2"": 12, ""3"": 3, ""4"": 10, ""5"": 7, ""6"": 5, ""7"": 7, ""8"": 4, ""9"": 10, ""10"": 12}"
497,497,True,,gemm\random\mappings\sample_497_seed_497.csv,5.798016706130717,328.96068273131,1.6321342811199022,1,0.0001465028,0.8253754166666875,97280.0,32768.0,1.2884348343582623,0.0016889581022018149,True,vec,16,"{""1"": 8, ""2"": 5, ""3"": 10, ""4"": 6, ""5"": 9, ""6"": 7, ""7"": 3, ""8"": 2, ""9"": 2, ""10"": 9}"
498,498,True,,gemm\random\mappings\sample_498_seed_498.csv,5.517132826430919,327.61993100671,1.4994947249593393,1,0.000166741,0.16048708333333125,87040.0,26624.0,1.5550486014679628,0.0017875157162666347,True,vec,16,"{""1"": 15, ""2"": 13, ""3"": 7, ""4"": 7, ""5"": 11, ""6"": 12, ""7"": 0, ""8"": 15, ""9"": 8, ""10"": 4}"
499,499,True,,gemm\random\mappings\sample_499_seed_499.csv,5.227252395084892,326.16184914782,1.3788502928700068,0,0.0001667249,0.0,136192.0,18432.0,2.0882761356873636,0.0017835692970569958,True,vec,16,"{""1"": 3, ""2"": 5, ""3"": 15, ""4"": 9, ""5"": 15, ""6"": 8, ""7"": 3, ""8"": 8, ""9"": 2, ""10"": 8}"
500,500,True,,gemm\random\mappings\sample_500_seed_500.csv,4.99742988655312,327.997703772,1.6968022639493487,2,0.0001195206,0.5984084166666688,93184.0,18432.0,1.2503471533425907,0.001544392568756738,True,vec,16,"{""1"": 14, ""2"": 14, ""3"": 8, ""4"": 12, ""5"": 6, ""6"": 3, ""7"": 10, ""8"": 2, ""9"": 0, ""10"": 6}"
501,501,True,,gemm\random\mappings\sample_501_seed_501.csv,5.817278875775586,327.08137690579,1.5131188834057012,0,0.0001663927,0.0,71680.0,32768.0,3.192818885141837,0.0017825878077767435,True,vec,16,"{""1"": 9, ""2"": 11, ""3"": 7, ""4"": 10, ""5"": 10, ""6"": 11, ""7"": 5, ""8"": 10, ""9"": 11, ""10"": 14}"
502,502,True,,gemm\random\mappings\sample_502_seed_502.csv,5.19298568789231,326.23169324378,1.2072104872155145,0,0.0001665047,0.0,106496.0,26624.0,1.6312239634993058,0.0017819496009999726,True,vec,16,"{""1"": 11, ""2"": 5, ""3"": 11, ""4"": 5, ""5"": 13, ""6"": 1, ""7"": 12, ""8"": 2, ""9"": 7, ""10"": 10}"
503,503,True,,gemm\random\mappings\sample_503_seed_503.csv,5.430724923830383,329.28549823276,1.6207015478797104,3,0.0001211349,1.0495402864583125,103424.0,21504.0,1.1868676849831383,0.0015565412124669434,True,vec,16,"{""1"": 5, ""2"": 4, ""3"": 11, ""4"": 6, ""5"": 12, ""6"": 9, ""7"": 4, ""8"": 0, ""9"": 1, ""10"": 13}"
504,504,True,,gemm\random\mappings\sample_504_seed_504.csv,4.862836514480969,327.71951608049,1.6525381390784197,1,0.0001188268,0.235851625,140288.0,16384.0,1.1868676849831383,0.0015351067125445323,True,vec,16,"{""1"": 14, ""2"": 11, ""3"": 0, ""4"": 6, ""5"": 1, ""6"": 4, ""7"": 5, ""8"": 11, ""9"": 9, ""10"": 3}"
505,505,True,,gemm\random\mappings\sample_505_seed_505.csv,4.918424242716448,326.23190358465,1.3721515879854218,0,0.0001664548,0.0,87040.0,16384.0,1.8216623685776632,0.0017827909905403908,True,vec,16,"{""1"": 4, ""2"": 8, ""3"": 9, ""4"": 8, ""5"": 10, ""6"": 15, ""7"": 9, ""8"": 11, ""9"": 1, ""10"": 13}"
506,506,True,,gemm\random\mappings\sample_506_seed_506.csv,6.405180409412622,328.97112755806,1.7178646652970424,1,0.0001667946,0.8850338750000001,136192.0,33792.0,1.8978377306090062,0.0018070770068092966,True,vec,16,"{""1"": 15, ""2"": 8, ""3"": 12, ""4"": 13, ""5"": 8, ""6"": 7, ""7"": 5, ""8"": 13, ""9"": 11, ""10"": 15}"
507,507,True,,gemm\random\mappings\sample_507_seed_507.csv,5.06917936580329,327.92799885957,1.6460181277520851,1,0.0001465707,0.2673525,92160.0,16384.0,1.3773060900614957,0.0016857583087229037,True,vec,16,"{""1"": 15, ""2"": 4, ""3"": 15, ""4"": 7, ""5"": 14, ""6"": 11, ""7"": 3, ""8"": 11, ""9"": 6, ""10"": 3}"
508,508,True,,gemm\random\mappings\sample_508_seed_508.csv,5.649549787042108,327.63999623844,1.6047380355564884,2,0.0001462666,0.24576971874999998,124928.0,24576.0,2.100972029359254,0.0016827556708441064,True,vec,16,"{""1"": 13, ""2"": 15, ""3"": 2, ""4"": 3, ""5"": 8, ""6"": 11, ""7"": 2, ""8"": 11, ""9"": 15, ""10"": 11}"
509,509,True,,gemm\random\mappings\sample_509_seed_509.csv,5.30543806590047,328.06766287708,1.6014729909346663,2,0.0001463747,0.46723041666666876,138240.0,16384.0,1.0345169609204523,0.001683855380302765,True,vec,16,"{""1"": 13, ""2"": 6, ""3"": 5, ""4"": 4, ""5"": 3, ""6"": 8, ""7"": 9, ""8"": 12, ""9"": 9, ""10"": 1}"
510,510,True,,gemm\random\mappings\sample_510_seed_510.csv,5.210179490271105,327.39540538283,1.4083869859787865,1,0.0001664106,0.092796,105472.0,16384.0,1.6693116445149772,0.0017842521544822617,True,vec,16,"{""1"": 9, ""2"": 13, ""3"": 13, ""4"": 3, ""5"": 2, ""6"": 4, ""7"": 10, ""8"": 5, ""9"": 5, ""10"": 11}"
511,511,True,,gemm\random\mappings\sample_511_seed_511.csv,4.818883778584779,327.62052269267,1.5986013714776972,1,0.0001176127,0.14997240384615626,96256.0,18432.0,1.7835746875619918,0.0015266341562150572,True,vec,16,"{""1"": 3, ""2"": 14, ""3"": 3, ""4"": 4, ""5"": 7, ""6"": 15, ""7"": 6, ""8"": 8, ""9"": 4, ""10"": 4}"
512,512,True,,gemm\random\mappings\sample_512_seed_512.csv,4.95752381901019,327.2489755215,1.639355221951757,1,0.0001169466,0.0292525,143360.0,24576.0,0.9583415988891093,0.001520439802276982,True,vec,16,"{""1"": 0, ""2"": 14, ""3"": 4, ""4"": 10, ""5"": 13, ""6"": 11, ""7"": 12, ""8"": 5, ""9"": 7, ""10"": 7}"
513,513,True,,gemm\random\mappings\sample_513_seed_513.csv,4.77275455350074,326.50582656381,1.5494430224120677,0,0.0001168547,0.0,111616.0,25600.0,1.5550486014679628,0.001518379622678777,True,vec,16,"{""1"": 0, ""2"": 6, ""3"": 4, ""4"": 5, ""5"": 13, ""6"": 9, ""7"": 10, ""8"": 13, ""9"": 0, ""10"": 5}"
514,514,True,,gemm\random\mappings\sample_514_seed_514.csv,5.145337257493297,326.67135926941,1.319359506340169,0,0.0001466007,0.0,121856.0,25600.0,1.9105336242808966,0.0016764973253364354,True,vec,16,"{""1"": 11, ""2"": 3, ""3"": 6, ""4"": 4, ""5"": 13, ""6"": 13, ""7"": 11, ""8"": 13, ""9"": 8, ""10"": 10}"
515,515,True,,gemm\random\mappings\sample_515_seed_515.csv,4.866088844575771,327.1798649448,1.556578824663805,1,0.0001466386,0.004086953125,82944.0,16384.0,1.4153937710771671,0.001678438832330127,True,vec,16,"{""1"": 5, ""2"": 8, ""3"": 9, ""4"": 4, ""5"": 3, ""6"": 0, ""7"": 14, ""8"": 8, ""9"": 0, ""10"": 1}"
516,516,True,,gemm\random\mappings\sample_516_seed_516.csv,5.658004545566517,328.35131845794,1.8565833200495867,3,0.0001223727,0.809258828125,112640.0,24576.0,1.7200952192025392,0.0015712247274417964,True,vec,16,"{""1"": 7, ""2"": 0, ""3"": 5, ""4"": 11, ""5"": 1, ""6"": 8, ""7"": 0, ""8"": 4, ""9"": 11, ""10"": 8}"
517,517,True,,gemm\random\mappings\sample_517_seed_517.csv,4.772218413283769,327.79208900005,1.502315330245159,1,0.0001461507,0.27155324999999997,78848.0,12288.0,1.2249553659988097,0.0016807185623772744,True,vec,16,"{""1"": 13, ""2"": 12, ""3"": 6, ""4"": 13, ""5"": 5, ""6"": 15, ""7"": 9, ""8"": 4, ""9"": 4, ""10"": 1}"
518,518,True,,gemm\random\mappings\sample_518_seed_518.csv,5.307542875598793,327.4581036856,1.533714089967175,1,0.0001666508,0.123535375,83968.0,18432.0,1.8597500495933346,0.001786818594600325,True,vec,16,"{""1"": 11, ""2"": 11, ""3"": 8, ""4"": 8, ""5"": 15, ""6"": 7, ""7"": 14, ""8"": 0, ""9"": 14, ""10"": 3}"
519,519,True,,gemm\random\mappings\sample_519_seed_519.csv,4.8072119211285225,327.62591486764,1.4836259011532889,1,0.0001183927,0.191888375,136192.0,18432.0,1.1868676849831383,0.0015305818445031669,True,vec,16,"{""1"": 14, ""2"": 0, ""3"": 10, ""4"": 7, ""5"": 4, ""6"": 9, ""7"": 7, ""8"": 1, ""9"": 12, ""10"": 6}"
520,520,True,,gemm\random\mappings\sample_520_seed_520.csv,5.730548781439246,328.00027373335,1.5973121824421135,2,0.0001686509,0.23556860416666875,94208.0,24576.0,1.6693116445149772,0.0018046271621142225,True,vec,16,"{""1"": 0, ""2"": 1, ""3"": 12, ""4"": 12, ""5"": 4, ""6"": 14, ""7"": 13, ""8"": 13, ""9"": 6, ""10"": 7}"
521,521,True,,gemm\random\mappings\sample_521_seed_521.csv,5.570409440036037,327.03713198553,1.5559212376563505,0,0.0001465846,0.0,171008.0,33792.0,1.1487800039674667,0.0016790790211681712,True,vec,16,"{""1"": 3, ""2"": 0, ""3"": 9, ""4"": 8, ""5"": 13, ""6"": 5, ""7"": 11, ""8"": 11, ""9"": 3, ""10"": 10}"
522,522,True,,gemm\random\mappings\sample_522_seed_522.csv,5.402355641984319,327.69020944686,1.7770581529657117,3,0.0001184249,0.31101276388888877,130048.0,25600.0,1.3011307280301527,0.0015351626433631831,True,vec,16,"{""1"": 2, ""2"": 7, ""3"": 12, ""4"": 0, ""5"": 4, ""6"": 2, ""7"": 6, ""8"": 4, ""9"": 1, ""10"": 14}"
523,523,True,,gemm\random\mappings\sample_523_seed_523.csv,5.424207599132411,327.84245786863,1.4594565099682402,1,0.0001665226,0.104811875,95232.0,18432.0,2.202539178734378,0.00178789068710425,True,vec,16,"{""1"": 9, ""2"": 12, ""3"": 5, ""4"": 15, ""5"": 5, ""6"": 0, ""7"": 13, ""8"": 12, ""9"": 15, ""10"": 11}"
524,524,True,,gemm\random\mappings\sample_524_seed_524.csv,4.69258060148092,326.63918541826,1.5059802046964943,0,0.0001168728,0.0,119808.0,25600.0,1.0726046419361237,0.0015183038710009445,True,vec,16,"{""1"": 7, ""2"": 0, ""3"": 8, ""4"": 15, ""5"": 10, ""6"": 2, ""7"": 9, ""8"": 7, ""9"": 5, ""10"": 2}"
525,525,True,,gemm\random\mappings\sample_525_seed_525.csv,5.407867795536674,327.83894420228,1.453146130177627,1,0.0001666807,0.24480583333333128,107520.0,19456.0,1.6312239634993058,0.0017883756733489263,True,vec,16,"{""1"": 3, ""2"": 15, ""3"": 5, ""4"": 5, ""5"": 3, ""6"": 4, ""7"": 8, ""8"": 14, ""9"": 1, ""10"": 6}"
526,526,True,,gemm\random\mappings\sample_526_seed_526.csv,5.428071329505736,326.89700997155,1.5280914481245689,0,0.0001463727,0.0,97280.0,36864.0,1.4915691331085101,0.0016767598325389955,True,vec,16,"{""1"": 4, ""2"": 6, ""3"": 5, ""4"": 1, ""5"": 9, ""6"": 12, ""7"": 12, ""8"": 15, ""9"": 1, ""10"": 4}"
527,527,True,,gemm\random\mappings\sample_527_seed_527.csv,5.2450992248032176,326.38244548986,1.2784934343090633,0,0.0001665508,0.0,104448.0,24576.0,1.9740130926403492,0.0017825903762354906,True,vec,16,"{""1"": 13, ""2"": 10, ""3"": 5, ""4"": 10, ""5"": 7, ""6"": 9, ""7"": 1, ""8"": 0, ""9"": 5, ""10"": 9}"
528,528,True,,gemm\random\mappings\sample_528_seed_528.csv,5.422412339245993,326.35298205217,1.4144834177612546,0,0.000166955,0.0,142336.0,24576.0,1.8216623685776632,0.0017851648607221308,True,vec,16,"{""1"": 1, ""2"": 9, ""3"": 3, ""4"": 15, ""5"": 15, ""6"": 5, ""7"": 7, ""8"": 5, ""9"": 12, ""10"": 7}"
529,529,True,,gemm\random\mappings\sample_529_seed_529.csv,5.616703739594449,327.46648193816,1.7025597736195837,2,0.0001175009,0.2512179166666687,131072.0,35840.0,1.6439198571711962,0.00152657157118111,True,vec,16,"{""1"": 4, ""2"": 7, ""3"": 14, ""4"": 6, ""5"": 13, ""6"": 7, ""7"": 13, ""8"": 12, ""9"": 3, ""10"": 4}"
530,530,True,,gemm\random\mappings\sample_530_seed_530.csv,5.85966176972469,329.19493544706,1.7975427203240513,2,0.0001477029,1.04820525,115712.0,24576.0,1.1868676849831383,0.0017090489559203627,True,vec,16,"{""1"": 10, ""2"": 3, ""3"": 7, ""4"": 15, ""5"": 2, ""6"": 12, ""7"": 12, ""8"": 5, ""9"": 1, ""10"": 1}"
531,531,True,,gemm\random\mappings\sample_531_seed_531.csv,5.0918999194812775,326.80860164929,1.5133002334690804,0,0.0001170188,0.0,153600.0,32768.0,1.1868676849831383,0.0015196341459190216,True,vec,16,"{""1"": 4, ""2"": 14, ""3"": 11, ""4"": 13, ""5"": 2, ""6"": 1, ""7"": 14, ""8"": 3, ""9"": 9, ""10"": 7}"
532,532,True,,gemm\random\mappings\sample_532_seed_532.csv,4.474309336164261,327.59028948476,1.5037952083910993,1,0.000117635,0.168855625,88064.0,11264.0,1.5677444951398531,0.0015246457925129654,True,vec,16,"{""1"": 6, ""2"": 4, ""3"": 2, ""4"": 15, ""5"": 10, ""6"": 0, ""7"": 3, ""8"": 4, ""9"": 15, ""10"": 11}"
533,533,True,,gemm\random\mappings\sample_533_seed_533.csv,4.915337893930961,327.71575983795,1.4974235596490095,1,0.0001179429,0.23381020833333124,95232.0,24576.0,1.4407855584209481,0.0015266833755010673,True,vec,16,"{""1"": 12, ""2"": 5, ""3"": 11, ""4"": 8, ""5"": 13, ""6"": 1, ""7"": 15, ""8"": 11, ""9"": 9, ""10"": 5}"
534,534,True,,gemm\random\mappings\sample_534_seed_534.csv,4.668514302972761,327.55722906662,1.5282274933417628,1,0.0001174706,0.1680825,94208.0,18432.0,1.3011307280301527,0.001523477980158775,True,vec,16,"{""1"": 13, ""2"": 6, ""3"": 14, ""4"": 4, ""5"": 8, ""6"": 11, ""7"": 13, ""8"": 0, ""9"": 4, ""10"": 1}"
535,535,True,,gemm\random\mappings\sample_535_seed_535.csv,5.564035516978704,327.82884777333,1.6240297977272835,2,0.0001691529,0.22740358333333127,106496.0,16384.0,1.8597500495933346,0.0018082505489628402,True,vec,16,"{""1"": 4, ""2"": 13, ""3"": 12, ""4"": 12, ""5"": 4, ""6"": 3, ""7"": 7, ""8"": 3, ""9"": 5, ""10"": 14}"
536,536,True,,gemm\random\mappings\sample_536_seed_536.csv,6.339544986782356,328.00011723716,1.5897305428580522,3,0.0001665808,0.6549972619047687,142336.0,32768.0,1.6947034318587582,0.0017963858200270395,True,vec,16,"{""1"": 6, ""2"": 0, ""3"": 12, ""4"": 13, ""5"": 13, ""6"": 15, ""7"": 5, ""8"": 14, ""9"": 10, ""10"": 12}"
537,537,True,,gemm\random\mappings\sample_537_seed_537.csv,4.973758822127429,326.06665337298,1.260862224894434,0,0.0001665027,0.0,115712.0,16384.0,1.8851418369371156,0.001782199328754675,True,vec,16,"{""1"": 14, ""2"": 7, ""3"": 7, ""4"": 1, ""5"": 14, ""6"": 13, ""7"": 4, ""8"": 8, ""9"": 10, ""10"": 1}"
538,538,True,,gemm\random\mappings\sample_538_seed_538.csv,5.2448995412449015,326.57353417659,1.3987499341447682,0,0.0001666628,0.0,91136.0,25600.0,1.7073993255306488,0.0017840070482629273,True,vec,16,"{""1"": 8, ""2"": 9, ""3"": 1, ""4"": 12, ""5"": 1, ""6"": 5, ""7"": 8, ""8"": 10, ""9"": 3, ""10"": 5}"
539,539,True,,gemm\random\mappings\sample_539_seed_539.csv,4.688267659648143,326.534162531,1.4315217516118466,0,0.0001465348,0.0,91136.0,16384.0,1.4915691331085101,0.001676922229988406,True,vec,16,"{""1"": 9, ""2"": 6, ""3"": 1, ""4"": 4, ""5"": 11, ""6"": 7, ""7"": 2, ""8"": 2, ""9"": 6, ""10"": 9}"
540,540,True,,gemm\random\mappings\sample_540_seed_540.csv,5.8375594880354065,327.92068614394,1.4409557397484323,1,0.0001666149,0.14629041666666875,114688.0,32768.0,1.6693116445149772,0.0017881102166584799,True,vec,16,"{""1"": 11, ""2"": 0, ""3"": 14, ""4"": 10, ""5"": 14, ""6"": 12, ""7"": 2, ""8"": 8, ""9"": 12, ""10"": 1}"
541,541,True,,gemm\random\mappings\sample_541_seed_541.csv,5.504927432743224,327.6287216111,1.7409950427003975,1,0.0001183927,0.19207924999999998,155648.0,33792.0,1.3011307280301527,0.0015327967380128532,True,vec,16,"{""1"": 11, ""2"": 0, ""3"": 14, ""4"": 12, ""5"": 4, ""6"": 5, ""7"": 11, ""8"": 10, ""9"": 14, ""10"": 2}"
542,542,True,,gemm\random\mappings\sample_542_seed_542.csv,4.79356407050181,326.83105876039,1.4757685969802081,0,0.0001168688,0.0,130048.0,26624.0,1.1868676849831383,0.0015181053681341463,True,vec,16,"{""1"": 15, ""2"": 3, ""3"": 5, ""4"": 13, ""5"": 6, ""6"": 5, ""7"": 14, ""8"": 11, ""9"": 4, ""10"": 8}"
543,543,True,,gemm\random\mappings\sample_543_seed_543.csv,5.018710398491078,326.33437733497,1.2613062671286974,0,0.0001464868,0.0,98304.0,24576.0,2.177147391390597,0.0016751905873180757,True,vec,16,"{""1"": 4, ""2"": 2, ""3"": 14, ""4"": 5, ""5"": 8, ""6"": 2, ""7"": 2, ""8"": 14, ""9"": 12, ""10"": 9}"
544,544,True,,gemm\random\mappings\sample_544_seed_544.csv,5.352209521070663,327.56570598797,1.5799475139741752,1,0.0001461509,0.163310875,116736.0,26624.0,1.2249553659988097,0.0016794657541684519,True,vec,16,"{""1"": 8, ""2"": 3, ""3"": 9, ""4"": 8, ""5"": 2, ""6"": 0, ""7"": 12, ""8"": 12, ""9"": 15, ""10"": 1}"
545,545,True,,gemm\random\mappings\sample_545_seed_545.csv,4.419922437694445,326.80342588612,1.6362842802789717,0,0.000116971,0.0,81920.0,16384.0,1.4407855584209481,0.0015198237151953862,True,vec,16,"{""1"": 6, ""2"": 1, ""3"": 7, ""4"": 15, ""5"": 2, ""6"": 12, ""7"": 11, ""8"": 10, ""9"": 2, ""10"": 7}"
546,546,True,,gemm\random\mappings\sample_546_seed_546.csv,5.880002595384699,327.4595167696,1.670051935342866,1,0.0001673887,0.04720076923076937,99328.0,29696.0,2.3548899027970642,0.0017917311311571016,True,vec,16,"{""1"": 0, ""2"": 8, ""3"": 12, ""4"": 12, ""5"": 1, ""6"": 11, ""7"": 12, ""8"": 4, ""9"": 10, ""10"": 4}"
547,547,True,,gemm\random\mappings\sample_547_seed_547.csv,4.894134357790824,326.73396734462,1.2668785149745634,0,0.0001463607,0.0,119808.0,24576.0,1.0345169609204523,0.001674668818712112,True,vec,16,"{""1"": 1, ""2"": 2, ""3"": 8, ""4"": 10, ""5"": 15, ""6"": 6, ""7"": 13, ""8"": 11, ""9"": 6, ""10"": 14}"
548,548,True,,gemm\random\mappings\sample_548_seed_548.csv,4.611293556128902,326.80339302197,1.6204000377664318,0,0.0001167929,0.0,98304.0,18432.0,1.7835746875619918,0.001518817306021719,True,vec,16,"{""1"": 1, ""2"": 1, ""3"": 4, ""4"": 2, ""5"": 12, ""6"": 5, ""7"": 15, ""8"": 8, ""9"": 2, ""10"": 2}"
549,549,True,,gemm\random\mappings\sample_549_seed_549.csv,5.149540849784975,326.94872905334,1.3422573729455316,0,0.0001667468,0.0,100352.0,18432.0,2.075580242015473,0.0017834028616060288,True,vec,16,"{""1"": 6, ""2"": 15, ""3"": 5, ""4"": 15, ""5"": 5, ""6"": 9, ""7"": 12, ""8"": 2, ""9"": 10, ""10"": 11}"
550,550,True,,gemm\random\mappings\sample_550_seed_550.csv,5.270625614739643,327.71950029767,1.7261528394075647,2,0.000146968608,0.23051290865384375,98304.0,17408.0,1.5296568141241818,0.0016878164494127836,True,vec,16,"{""1"": 15, ""2"": 15, ""3"": 6, ""4"": 11, ""5"": 1, ""6"": 7, ""7"": 3, ""8"": 13, ""9"": 3, ""10"": 3}"
551,551,True,,gemm\random\mappings\sample_551_seed_551.csv,4.932865796405081,327.84799913939,1.788210602966575,2,0.0001175726,0.2705706730769231,87040.0,18432.0,1.3773060900614957,0.0015276582101241124,True,vec,16,"{""1"": 7, ""2"": 0, ""3"": 6, ""4"": 7, ""5"": 11, ""6"": 13, ""7"": 12, ""8"": 0, ""9"": 5, ""10"": 8}"
552,552,True,,gemm\random\mappings\sample_552_seed_552.csv,5.1533559947519265,327.59478565144,1.7148863916368795,1,0.0001174727,0.21452041666666874,112640.0,26624.0,1.5677444951398531,0.001525860290366581,True,vec,16,"{""1"": 0, ""2"": 2, ""3"": 12, ""4"": 1, ""5"": 7, ""6"": 12, ""7"": 15, ""8"": 3, ""9"": 7, ""10"": 6}"
553,553,True,,gemm\random\mappings\sample_553_seed_553.csv,6.447204045486018,328.0613308861,1.5865828103456547,3,0.0001662148,0.6051305208333312,122880.0,32768.0,2.583415988891093,0.0017927662688580004,True,vec,16,"{""1"": 15, ""2"": 0, ""3"": 14, ""4"": 4, ""5"": 14, ""6"": 0, ""7"": 13, ""8"": 12, ""9"": 14, ""10"": 5}"
554,554,True,,gemm\random\mappings\sample_554_seed_554.csv,5.187211672146323,328.16447845701,1.6215319294933668,3,0.0001187629,1.0120416666666625,94208.0,20480.0,1.0599087482642333,0.0015422844818408776,True,vec,16,"{""1"": 10, ""2"": 5, ""3"": 11, ""4"": 6, ""5"": 12, ""6"": 4, ""7"": 0, ""8"": 8, ""9"": 9, ""10"": 11}"
555,555,True,,gemm\random\mappings\sample_555_seed_555.csv,4.934773825277521,327.24651559716,1.6503094660381519,1,0.0001167587,0.01694734375,88064.0,25600.0,1.6820075381868678,0.001519224882762532,True,vec,16,"{""1"": 6, ""2"": 8, ""3"": 5, ""4"": 4, ""5"": 3, ""6"": 4, ""7"": 8, ""8"": 13, ""9"": 6, ""10"": 9}"
556,556,True,,gemm\random\mappings\sample_556_seed_556.csv,4.86179363501136,326.80007761097,1.4166763150518398,0,0.0001167607,0.0,128000.0,32768.0,0.8059908748264233,0.0015171769818352679,True,vec,16,"{""1"": 15, ""2"": 6, ""3"": 14, ""4"": 9, ""5"": 1, ""6"": 0, ""7"": 12, ""8"": 7, ""9"": 5, ""10"": 2}"
557,557,True,,gemm\random\mappings\sample_557_seed_557.csv,4.977992399563148,327.53125419713,1.7223701904180042,1,0.0001178206,0.09442429687500001,116736.0,20480.0,1.6820075381868678,0.0015278741763278916,True,vec,16,"{""1"": 0, ""2"": 3, ""3"": 8, ""4"": 12, ""5"": 6, ""6"": 5, ""7"": 12, ""8"": 0, ""9"": 3, ""10"": 4}"
558,558,True,,gemm\random\mappings\sample_558_seed_558.csv,5.307280666586717,328.60538002014,1.869516733663246,2,0.0001219649,0.712800375,119808.0,17408.0,1.4407855584209481,0.0015672565591818126,True,vec,16,"{""1"": 12, ""2"": 8, ""3"": 1, ""4"": 0, ""5"": 5, ""6"": 14, ""7"": 2, ""8"": 7, ""9"": 5, ""10"": 0}"
559,559,True,,gemm\random\mappings\sample_559_seed_559.csv,4.966861370431902,326.58140831843,1.561974498840855,0,0.0001168369,0.0,143360.0,24576.0,1.9740130926403492,0.0015184585062170159,True,vec,16,"{""1"": 0, ""2"": 13, ""3"": 10, ""4"": 11, ""5"": 4, ""6"": 4, ""7"": 8, ""8"": 14, ""9"": 10, ""10"": 4}"
560,560,True,,gemm\random\mappings\sample_560_seed_560.csv,5.280628100962037,327.59728242159,1.6397076066061353,1,0.0001465829,0.177055625,156672.0,19456.0,1.0345169609204523,0.0016833390574544154,True,vec,16,"{""1"": 1, ""2"": 15, ""3"": 14, ""4"": 0, ""5"": 12, ""6"": 11, ""7"": 7, ""8"": 7, ""9"": 2, ""10"": 13}"
561,561,True,,gemm\random\mappings\sample_561_seed_561.csv,5.400328686809946,327.39897937957,1.334344706738226,2,0.0001659428,0.08765770833333313,48128.0,20480.0,2.6976790319381077,0.001780964267618096,True,vec,16,"{""1"": 6, ""2"": 5, ""3"": 9, ""4"": 6, ""5"": 6, ""6"": 7, ""7"": 11, ""8"": 14, ""9"": 6, ""10"": 13}"
562,562,True,,gemm\random\mappings\sample_562_seed_562.csv,5.160419751639852,326.96436217103,1.456770010809448,0,0.0001665526,0.0,118784.0,18432.0,1.5550486014679628,0.00178452289807103,True,vec,16,"{""1"": 11, ""2"": 3, ""3"": 1, ""4"": 6, ""5"": 3, ""6"": 12, ""7"": 5, ""8"": 11, ""9"": 13, ""10"": 14}"
563,563,True,,gemm\random\mappings\sample_563_seed_563.csv,4.497596605742359,327.04149267574,1.5109357642551058,0,0.0001168086,0.0,109568.0,18432.0,1.1868676849831383,0.0015181681867657486,True,vec,16,"{""1"": 9, ""2"": 0, ""3"": 5, ""4"": 2, ""5"": 11, ""6"": 11, ""7"": 7, ""8"": 14, ""9"": 4, ""10"": 10}"
564,564,True,,gemm\random\mappings\sample_564_seed_564.csv,4.205019751083551,326.80429213015,1.4404472957937822,0,0.0001166787,0.0,67584.0,17408.0,0.9964292799047808,0.0015165054032568023,True,vec,16,"{""1"": 9, ""2"": 6, ""3"": 10, ""4"": 1, ""5"": 9, ""6"": 13, ""7"": 11, ""8"": 8, ""9"": 4, ""10"": 5}"
565,565,True,,gemm\random\mappings\sample_565_seed_565.csv,5.9909436293282194,327.62318485906,1.4374751765263594,1,0.0001665866,0.19578874999999998,100352.0,34816.0,2.431065264828407,0.0017886137455863245,True,vec,16,"{""1"": 15, ""2"": 10, ""3"": 12, ""4"": 13, ""5"": 13, ""6"": 10, ""7"": 4, ""8"": 3, ""9"": 10, ""10"": 11}"
566,566,True,,gemm\random\mappings\sample_566_seed_566.csv,5.010365817444729,326.31098201927,1.4496073712568354,0,0.0001168246,0.0,144384.0,34816.0,1.0599087482642333,0.0015179297587911917,True,vec,16,"{""1"": 15, ""2"": 9, ""3"": 4, ""4"": 13, ""5"": 2, ""6"": 12, ""7"": 1, ""8"": 11, ""9"": 10, ""10"": 2}"
567,567,True,,gemm\random\mappings\sample_567_seed_567.csv,4.971672963193403,326.89391598087,1.4824246413878228,0,0.0001169848,0.0,131072.0,32768.0,1.0599087482642333,0.0015189903555816412,True,vec,16,"{""1"": 4, ""2"": 10, ""3"": 15, ""4"": 2, ""5"": 9, ""6"": 14, ""7"": 12, ""8"": 0, ""9"": 5, ""10"": 10}"
568,568,True,,gemm\random\mappings\sample_568_seed_568.csv,5.226304172084763,327.6882304569,1.6699810121257757,1,0.0001185827,0.218048875,165888.0,27648.0,0.8059908748264233,0.0015336298123230568,True,vec,16,"{""1"": 3, ""2"": 1, ""3"": 15, ""4"": 8, ""5"": 12, ""6"": 6, ""7"": 2, ""8"": 14, ""9"": 10, ""10"": 13}"
569,569,True,,gemm\random\mappings\sample_569_seed_569.csv,5.409997977905913,327.71251180669,1.3539622761694305,1,0.0001663627,0.19554083333333125,105472.0,18432.0,2.164451497718707,0.0017846426797802648,True,vec,16,"{""1"": 1, ""2"": 10, ""3"": 1, ""4"": 10, ""5"": 8, ""6"": 8, ""7"": 2, ""8"": 15, ""9"": 3, ""10"": 15}"
570,570,True,,gemm\random\mappings\sample_570_seed_570.csv,4.803022321051218,327.79090602875,1.6129149599789843,1,0.0001189629,0.169937890625,75776.0,19456.0,1.7200952192025392,0.001535777573097781,True,vec,16,"{""1"": 2, ""2"": 6, ""3"": 0, ""4"": 10, ""5"": 1, ""6"": 0, ""7"": 8, ""8"": 10, ""9"": 7, ""10"": 7}"
571,571,True,,gemm\random\mappings\sample_571_seed_571.csv,5.064998371495953,326.52610159497,1.4325541896956202,0,0.0001462466,0.0,96256.0,25600.0,1.8343582622495536,0.001675233509644513,True,vec,16,"{""1"": 4, ""2"": 8, ""3"": 3, ""4"": 13, ""5"": 1, ""6"": 4, ""7"": 1, ""8"": 5, ""9"": 5, ""10"": 5}"
572,572,True,,gemm\random\mappings\sample_572_seed_572.csv,6.784412353509181,327.30038652012,1.4121901470016833,1,0.0002165648,0.053888250000000006,142336.0,35840.0,2.862725649672684,0.002053063878699642,True,vec,16,"{""1"": 6, ""2"": 12, ""3"": 8, ""4"": 8, ""5"": 8, ""6"": 15, ""7"": 2, ""8"": 4, ""9"": 7, ""10"": 4}"
573,573,True,,gemm\random\mappings\sample_573_seed_573.csv,4.684226067480001,326.38286020261,1.4803980768838385,0,0.0001168691,0.0,130048.0,24576.0,1.1741717913112477,0.00151814128140825,True,vec,16,"{""1"": 8, ""2"": 7, ""3"": 2, ""4"": 12, ""5"": 14, ""6"": 5, ""7"": 3, ""8"": 15, ""9"": 8, ""10"": 12}"
574,574,True,,gemm\random\mappings\sample_574_seed_574.csv,5.106996356678843,327.68757995897,1.6696892010615016,2,0.0001181067,0.36900416666666874,104448.0,21504.0,1.6312239634993058,0.001532332783795028,True,vec,16,"{""1"": 9, ""2"": 3, ""3"": 9, ""4"": 7, ""5"": 13, ""6"": 15, ""7"": 12, ""8"": 13, ""9"": 1, ""10"": 7}"
575,575,True,,gemm\random\mappings\sample_575_seed_575.csv,4.763068747785354,327.5242062715,1.630014210268486,2,0.0001177506,0.15021495833333331,111616.0,12288.0,1.6439198571711962,0.001527372455267163,True,vec,16,"{""1"": 9, ""2"": 1, ""3"": 12, ""4"": 3, ""5"": 13, ""6"": 15, ""7"": 13, ""8"": 10, ""9"": 3, ""10"": 9}"
576,576,True,,gemm\random\mappings\sample_576_seed_576.csv,4.990632953118642,326.37073896609,1.4250157218198425,0,0.0001168688,0.0,141312.0,32768.0,1.3392184090458243,0.0015178747108652493,True,vec,16,"{""1"": 15, ""2"": 6, ""3"": 0, ""4"": 10, ""5"": 12, ""6"": 2, ""7"": 6, ""8"": 8, ""9"": 14, ""10"": 8}"
577,577,True,,gemm\random\mappings\sample_577_seed_577.csv,5.154171326444944,326.82863722918,1.7169071486652279,0,0.0001169549,0.0,141312.0,35840.0,0.8059908748264233,0.001520523416001894,True,vec,16,"{""1"": 12, ""2"": 11, ""3"": 2, ""4"": 10, ""5"": 14, ""6"": 13, ""7"": 3, ""8"": 15, ""9"": 9, ""10"": 7}"
578,578,True,,gemm\random\mappings\sample_578_seed_578.csv,5.2183770787958155,326.13795410279,1.2993178077161622,0,0.0001668069,0.0,86016.0,19456.0,2.964292799047808,0.00178284679811463,True,vec,16,"{""1"": 9, ""2"": 5, ""3"": 12, ""4"": 11, ""5"": 11, ""6"": 2, ""7"": 5, ""8"": 11, ""9"": 12, ""10"": 1}"
579,579,True,,gemm\random\mappings\sample_579_seed_579.csv,4.822035673816645,326.74045952092,1.411069236903902,0,0.0001466948,0.0,101376.0,17408.0,1.7200952192025392,0.0016777048297045001,True,vec,16,"{""1"": 10, ""2"": 12, ""3"": 15, ""4"": 4, ""5"": 10, ""6"": 1, ""7"": 10, ""8"": 1, ""9"": 3, ""10"": 13}"
580,580,True,,gemm\random\mappings\sample_580_seed_580.csv,4.526230929264053,326.19611797565,1.2696590224042232,0,0.0001464368,0.0,73728.0,10240.0,2.4437611585002976,0.0016741480966080667,True,vec,16,"{""1"": 9, ""2"": 2, ""3"": 9, ""4"": 4, ""5"": 13, ""6"": 9, ""7"": 9, ""8"": 6, ""9"": 6, ""10"": 8}"
581,581,True,,gemm\random\mappings\sample_581_seed_581.csv,5.69905950265818,327.23706475315,1.432840300917179,1,0.0001663267,0.020486041666666874,110592.0,27648.0,2.3168022217813924,0.0017832498192470374,True,vec,16,"{""1"": 0, ""2"": 5, ""3"": 9, ""4"": 9, ""5"": 12, ""6"": 0, ""7"": 13, ""8"": 9, ""9"": 14, ""10"": 1}"
582,582,True,,gemm\random\mappings\sample_582_seed_582.csv,4.986380539042783,327.7808899782,1.4268686958271837,1,0.0001463746,0.266312375,83968.0,18432.0,1.4026978774052767,0.0016815124194309158,True,vec,16,"{""1"": 6, ""2"": 3, ""3"": 7, ""4"": 14, ""5"": 5, ""6"": 12, ""7"": 1, ""8"": 1, ""9"": 6, ""10"": 5}"
583,583,True,,gemm\random\mappings\sample_583_seed_583.csv,5.7312017991094475,326.65848584999,1.2619328067512732,0,0.0001665549,0.0,142336.0,32768.0,2.278714540765721,0.001783018552593188,True,vec,16,"{""1"": 3, ""2"": 9, ""3"": 4, ""4"": 9, ""5"": 6, ""6"": 8, ""7"": 15, ""8"": 9, ""9"": 7, ""10"": 3}"
584,584,True,,gemm\random\mappings\sample_584_seed_584.csv,5.567894112316667,328.96082503754,1.5616968079602138,1,0.0001505049,0.40640239583333126,116736.0,24576.0,1.4153937710771671,0.0017097193013333339,True,vec,16,"{""1"": 8, ""2"": 4, ""3"": 2, ""4"": 15, ""5"": 9, ""6"": 3, ""7"": 2, ""8"": 3, ""9"": 7, ""10"": 14}"
585,585,True,,gemm\random\mappings\sample_585_seed_585.csv,5.532822259134315,328.15282014678,1.7250255569406925,1,0.0001189171,0.46614125,126976.0,32768.0,1.5677444951398531,0.0015368844593446024,True,vec,16,"{""1"": 1, ""2"": 2, ""3"": 6, ""4"": 14, ""5"": 11, ""6"": 11, ""7"": 15, ""8"": 13, ""9"": 6, ""10"": 0}"
586,586,True,,gemm\random\mappings\sample_586_seed_586.csv,5.864339102560191,328.06462542644,1.8358780692772245,2,0.0001199787,0.5029638035714313,174080.0,35840.0,1.0599087482642333,0.0015513164477109409,True,vec,16,"{""1"": 8, ""2"": 3, ""3"": 11, ""4"": 2, ""5"": 15, ""6"": 6, ""7"": 1, ""8"": 12, ""9"": 9, ""10"": 3}"
587,587,True,,gemm\random\mappings\sample_587_seed_587.csv,4.406144757250238,326.80784163597,1.5334976837510934,0,0.0001168066,0.0,89088.0,18432.0,1.1868676849831383,0.0015181475303125212,True,vec,16,"{""1"": 10, ""2"": 1, ""3"": 11, ""4"": 14, ""5"": 7, ""6"": 12, ""7"": 4, ""8"": 6, ""9"": 7, ""10"": 13}"
588,588,True,,gemm\random\mappings\sample_588_seed_588.csv,5.104300102468387,327.89374468246,1.5686770080712362,1,0.0001181571,0.3152466666666688,142336.0,24576.0,1.1487800039674667,0.0015297860171975361,True,vec,16,"{""1"": 12, ""2"": 9, ""3"": 7, ""4"": 0, ""5"": 10, ""6"": 3, ""7"": 11, ""8"": 2, ""9"": 12, ""10"": 12}"
589,589,True,,gemm\random\mappings\sample_589_seed_589.csv,5.466304513871132,328.29724029913,1.772934711524125,2,0.0001192566,0.43602928819444375,147456.0,25600.0,1.3011307280301527,0.0015432088809455167,True,vec,16,"{""1"": 3, ""2"": 10, ""3"": 7, ""4"": 9, ""5"": 12, ""6"": 7, ""7"": 6, ""8"": 15, ""9"": 3, ""10"": 2}"
590,590,True,,gemm\random\mappings\sample_590_seed_590.csv,5.617171419024693,328.16287649416,1.7949793917118824,3,0.0001204387,0.516771375,153600.0,24576.0,1.4407855584209481,0.0015515782615497511,True,vec,16,"{""1"": 0, ""2"": 1, ""3"": 15, ""4"": 12, ""5"": 13, ""6"": 11, ""7"": 4, ""8"": 15, ""9"": 10, ""10"": 13}"
591,591,True,,gemm\random\mappings\sample_591_seed_591.csv,5.357973829027424,327.62051325148,1.4044694428149245,1,0.0001465507,0.1878755,146432.0,26624.0,1.0345169609204523,0.0016808388937002239,True,vec,16,"{""1"": 12, ""2"": 3, ""3"": 14, ""4"": 4, ""5"": 2, ""6"": 5, ""7"": 9, ""8"": 6, ""9"": 6, ""10"": 1}"
592,592,True,,gemm\random\mappings\sample_592_seed_592.csv,4.291996804122322,326.5055187417,1.4580776168171352,0,0.0001167769,0.0,87040.0,17408.0,1.1487800039674667,0.0015172218541084405,True,vec,16,"{""1"": 2, ""2"": 14, ""3"": 5, ""4"": 2, ""5"": 4, ""6"": 6, ""7"": 10, ""8"": 7, ""9"": 0, ""10"": 10}"
593,593,True,,gemm\random\mappings\sample_593_seed_593.csv,5.483267452856364,327.46301785476,1.4367592699761242,1,0.0001664048,0.12349675,82944.0,28672.0,1.4407855584209481,0.0017859276723113514,True,vec,16,"{""1"": 10, ""2"": 11, ""3"": 11, ""4"": 2, ""5"": 15, ""6"": 12, ""7"": 13, ""8"": 0, ""9"": 5, ""10"": 4}"
594,594,True,,gemm\random\mappings\sample_594_seed_594.csv,5.348074770634028,327.72646015815,1.5294864541810875,1,0.000117532129,0.14293,119808.0,33792.0,1.7200952192025392,0.0015248646147360352,True,vec,16,"{""1"": 4, ""2"": 15, ""3"": 6, ""4"": 9, ""5"": 1, ""6"": 1, ""7"": 14, ""8"": 6, ""9"": 0, ""10"": 0}"
595,595,True,,gemm\random\mappings\sample_595_seed_595.csv,4.559572812805806,327.04041467711,1.536947331244305,0,0.0001167427,0.0,97280.0,17408.0,1.7835746875619918,0.001517540347224042,True,vec,16,"{""1"": 11, ""2"": 11, ""3"": 13, ""4"": 0, ""5"": 7, ""6"": 15, ""7"": 13, ""8"": 10, ""9"": 4, ""10"": 13}"
596,596,True,,gemm\random\mappings\sample_596_seed_596.csv,5.263167356299013,326.28414807782,1.4656382416883076,0,0.0001665828,0.0,111616.0,19456.0,2.304106328109502,0.001783329775842719,True,vec,16,"{""1"": 12, ""2"": 4, ""3"": 5, ""4"": 4, ""5"": 5, ""6"": 6, ""7"": 7, ""8"": 13, ""9"": 7, ""10"": 1}"
597,597,True,,gemm\random\mappings\sample_597_seed_597.csv,5.797248607692744,327.46786158567,1.8170621428306808,1,0.0001474748,0.10720739583333125,149504.0,26624.0,2.2152350724062684,0.0016876110700534148,True,vec,16,"{""1"": 3, ""2"": 4, ""3"": 8, ""4"": 13, ""5"": 3, ""6"": 12, ""7"": 8, ""8"": 8, ""9"": 12, ""10"": 15}"
598,598,True,,gemm\random\mappings\sample_598_seed_598.csv,5.507477601322994,326.51242486536,1.6391367236629613,0,0.000166889,0.0,113664.0,20480.0,2.7484626066256697,0.0017867959769130492,True,vec,16,"{""1"": 3, ""2"": 14, ""3"": 3, ""4"": 14, ""5"": 11, ""6"": 11, ""7"": 10, ""8"": 0, ""9"": 10, ""10"": 14}"
599,599,True,,gemm\random\mappings\sample_599_seed_599.csv,4.756189798727769,327.17847014863,1.5080141937831535,1,0.0001167508,0.005186875,93184.0,21504.0,1.7073993255306488,0.0015174641372141964,True,vec,16,"{""1"": 1, ""2"": 10, ""3"": 3, ""4"": 13, ""5"": 1, ""6"": 9, ""7"": 4, ""8"": 8, ""9"": 3, ""10"": 1}"
600,600,True,,gemm\random\mappings\sample_600_seed_600.csv,5.688571454625322,327.84163226061,1.5951491808610632,2,0.0001481429,0.3012094791666688,144384.0,26624.0,1.4153937710771671,0.0016930135094623197,True,vec,16,"{""1"": 8, ""2"": 11, ""3"": 14, ""4"": 4, ""5"": 3, ""6"": 12, ""7"": 12, ""8"": 14, ""9"": 13, ""10"": 1}"
601,601,True,,gemm\random\mappings\sample_601_seed_601.csv,4.89550365068979,327.46155102055,1.594526839870167,2,0.000117337,0.2339945833333375,126976.0,16384.0,1.4407855584209481,0.0015248877109493861,True,vec,16,"{""1"": 6, ""2"": 1, ""3"": 3, ""4"": 14, ""5"": 12, ""6"": 15, ""7"": 0, ""8"": 1, ""9"": 11, ""10"": 14}"
602,602,True,,gemm\random\mappings\sample_602_seed_602.csv,4.970001692522343,326.59783819115,1.5958200831711749,0,0.0001170669,0.0,123904.0,33792.0,0.9202539178734378,0.001520234184742454,True,vec,16,"{""1"": 12, ""2"": 5, ""3"": 10, ""4"": 9, ""5"": 14, ""6"": 15, ""7"": 12, ""8"": 3, ""9"": 1, ""10"": 11}"
603,603,True,,gemm\random\mappings\sample_603_seed_603.csv,5.232951186880134,327.56329207088,1.4712662376318222,1,0.0001466289,0.165735375,93184.0,20480.0,2.177147391390597,0.001681223714883419,True,vec,16,"{""1"": 5, ""2"": 10, ""3"": 14, ""4"": 0, ""5"": 1, ""6"": 2, ""7"": 14, ""8"": 1, ""9"": 14, ""10"": 4}"
604,604,True,,gemm\random\mappings\sample_604_seed_604.csv,5.402656951057317,327.09933660105,1.3738064194218995,0,0.0001665867,0.0,135168.0,20480.0,2.202539178734378,0.0017842534723966244,True,vec,16,"{""1"": 2, ""2"": 6, ""3"": 12, ""4"": 11, ""5"": 11, ""6"": 12, ""7"": 14, ""8"": 9, ""9"": 6, ""10"": 3}"
605,605,True,,gemm\random\mappings\sample_605_seed_605.csv,4.974509023667917,327.93560431485,1.6103637640638082,2,0.0001184387,0.3487586458333312,114688.0,17408.0,1.4407855584209481,0.0015347604348143733,True,vec,16,"{""1"": 5, ""2"": 13, ""3"": 15, ""4"": 3, ""5"": 1, ""6"": 11, ""7"": 7, ""8"": 15, ""9"": 4, ""10"": 13}"
606,606,True,,gemm\random\mappings\sample_606_seed_606.csv,5.896957582822182,329.12126136675,1.4143331150381562,3,0.0001667988,0.8788042499999791,131072.0,16384.0,1.8216623685776632,0.0017965829836813492,True,vec,16,"{""1"": 1, ""2"": 11, ""3"": 13, ""4"": 11, ""5"": 4, ""6"": 14, ""7"": 15, ""8"": 14, ""9"": 5, ""10"": 5}"
607,607,True,,gemm\random\mappings\sample_607_seed_607.csv,4.744648159276345,326.66570091605,1.421987943263215,0,0.0001465548,0.0,90112.0,19456.0,1.2884348343582623,0.0016769301658064472,True,vec,16,"{""1"": 2, ""2"": 3, ""3"": 4, ""4"": 10, ""5"": 1, ""6"": 5, ""7"": 7, ""8"": 0, ""9"": 5, ""10"": 3}"
608,608,True,,gemm\random\mappings\sample_608_seed_608.csv,6.159660244350389,329.28911942147,1.9001561532095812,3,0.0001244048,0.821524484375,153600.0,34816.0,1.1868676849831383,0.0015864392298199843,True,vec,16,"{""1"": 4, ""2"": 6, ""3"": 15, ""4"": 14, ""5"": 11, ""6"": 5, ""7"": 10, ""8"": 0, ""9"": 15, ""10"": 12}"
609,609,True,,gemm\random\mappings\sample_609_seed_609.csv,5.2077808427016254,328.3909194622,1.8040783177166406,2,0.000119595,0.662265625,96256.0,18432.0,1.6820075381868678,0.001545907997436649,True,vec,16,"{""1"": 9, ""2"": 1, ""3"": 5, ""4"": 6, ""5"": 7, ""6"": 5, ""7"": 9, ""8"": 0, ""9"": 1, ""10"": 11}"
610,610,True,,gemm\random\mappings\sample_610_seed_610.csv,5.201805431001816,326.06718213382,1.3146063120341192,0,0.0001665329,0.0,89088.0,26624.0,1.8216623685776632,0.0017828091737852026,True,vec,16,"{""1"": 14, ""2"": 13, ""3"": 9, ""4"": 9, ""5"": 11, ""6"": 10, ""7"": 6, ""8"": 11, ""9"": 1, ""10"": 4}"
611,611,True,,gemm\random\mappings\sample_611_seed_611.csv,4.961899784442274,326.67264490529,1.491500337724068,0,0.0001166126,0.0,117760.0,34816.0,1.0599087482642333,0.0015168535208192509,True,vec,16,"{""1"": 11, ""2"": 4, ""3"": 10, ""4"": 1, ""5"": 14, ""6"": 6, ""7"": 15, ""8"": 5, ""9"": 7, ""10"": 4}"
612,612,True,,gemm\random\mappings\sample_612_seed_612.csv,5.096175175286328,329.04864914131,2.0221322790857585,3,0.0001224149,1.2921415320512795,56320.0,10240.0,0.9964292799047808,0.0015821577924049093,True,vec,16,"{""1"": 7, ""2"": 6, ""3"": 7, ""4"": 3, ""5"": 11, ""6"": 9, ""7"": 5, ""8"": 0, ""9"": 2, ""10"": 13}"
613,613,True,,gemm\random\mappings\sample_613_seed_613.csv,5.69499813642067,327.59399936583,1.4339212619444304,1,0.0001666348,0.09150987499999999,139264.0,24576.0,1.9740130926403492,0.001786711161956279,True,vec,16,"{""1"": 8, ""2"": 4, ""3"": 3, ""4"": 14, ""5"": 14, ""6"": 15, ""7"": 0, ""8"": 3, ""9"": 12, ""10"": 15}"
614,614,True,,gemm\random\mappings\sample_614_seed_614.csv,6.745972634570108,329.7503996151,2.1561025106676825,4,0.0001263807,1.8568148489583312,156672.0,32768.0,1.7200952192025392,0.001621293641173423,True,vec,16,"{""1"": 8, ""2"": 7, ""3"": 6, ""4"": 2, ""5"": 3, ""6"": 3, ""7"": 0, ""8"": 4, ""9"": 6, ""10"": 4}"
615,615,True,,gemm\random\mappings\sample_615_seed_615.csv,5.1132715563147375,326.96062764187,1.628997867740079,0,0.0001169048,0.0,126976.0,32768.0,1.4407855584209481,0.0015196478881618256,True,vec,16,"{""1"": 7, ""2"": 12, ""3"": 2, ""4"": 5, ""5"": 4, ""6"": 9, ""7"": 10, ""8"": 12, ""9"": 0, ""10"": 2}"
616,616,True,,gemm\random\mappings\sample_616_seed_616.csv,5.2467538674360155,326.16570534025,1.2059687730957953,0,0.0001764086,0.0,116736.0,24576.0,1.4915691331085101,0.0018355356890116508,True,vec,16,"{""1"": 0, ""2"": 14, ""3"": 5, ""4"": 10, ""5"": 4, ""6"": 6, ""7"": 6, ""8"": 9, ""9"": 6, ""10"": 2}"
617,617,True,,gemm\random\mappings\sample_617_seed_617.csv,4.99228716402409,326.74430986486,1.4679856735719556,0,0.0001168407,0.0,118784.0,34816.0,1.1868676849831383,0.0015179742438746946,True,vec,16,"{""1"": 15, ""2"": 14, ""3"": 8, ""4"": 10, ""5"": 2, ""6"": 11, ""7"": 0, ""8"": 13, ""9"": 14, ""10"": 6}"
618,618,True,,gemm\random\mappings\sample_618_seed_618.csv,4.695555944527638,327.08925963361,1.4089170441788177,0,0.0001463607,0.0,89088.0,10240.0,2.2406268597500496,0.0016758241351210173,True,vec,16,"{""1"": 14, ""2"": 5, ""3"": 14, ""4"": 3, ""5"": 10, ""6"": 5, ""7"": 2, ""8"": 1, ""9"": 5, ""10"": 10}"
619,619,True,,gemm\random\mappings\sample_619_seed_619.csv,5.611975488649113,328.13198060907,1.7275808315500003,3,0.0001474509,0.4834554370629375,107520.0,16384.0,2.1390597103749256,0.0016981898027136205,True,vec,16,"{""1"": 0, ""2"": 4, ""3"": 15, ""4"": 5, ""5"": 0, ""6"": 7, ""7"": 4, ""8"": 3, ""9"": 4, ""10"": 3}"
620,620,True,,gemm\random\mappings\sample_620_seed_620.csv,5.028232962084472,326.39188962453,1.3283011692324374,0,0.0001667148,0.0,116736.0,18432.0,1.5169609204522911,0.0017841414852260173,True,vec,16,"{""1"": 7, ""2"": 13, ""3"": 15, ""4"": 2, ""5"": 15, ""6"": 6, ""7"": 9, ""8"": 1, ""9"": 4, ""10"": 7}"
621,621,True,,gemm\random\mappings\sample_621_seed_621.csv,5.048081918763003,326.75295934674,1.4585375430597791,0,0.0001663107,0.0,70656.0,21504.0,1.5550486014679628,0.0017825997404329885,True,vec,16,"{""1"": 10, ""2"": 11, ""3"": 11, ""4"": 12, ""5"": 9, ""6"": 5, ""7"": 15, ""8"": 14, ""9"": 10, ""10"": 13}"
622,622,True,,gemm\random\mappings\sample_622_seed_622.csv,4.839691716540717,327.84862968499,1.6902822477581643,2,0.0001185248,0.4022125260416688,105472.0,13312.0,1.3773060900614957,0.0015363511234202955,True,vec,16,"{""1"": 9, ""2"": 1, ""3"": 15, ""4"": 9, ""5"": 0, ""6"": 13, ""7"": 0, ""8"": 12, ""9"": 10, ""10"": 4}"
623,623,True,,gemm\random\mappings\sample_623_seed_623.csv,5.087680162791266,326.25254572051,1.4057815733710775,0,0.0001665346,0.0,105472.0,18432.0,1.8978377306090062,0.0017825188202505165,True,vec,16,"{""1"": 1, ""2"": 12, ""3"": 5, ""4"": 2, ""5"": 12, ""6"": 1, ""7"": 1, ""8"": 3, ""9"": 8, ""10"": 9}"
624,624,True,,gemm\random\mappings\sample_624_seed_624.csv,4.391578267353492,326.44055972353,1.440351942546107,0,0.0001167288,0.0,65536.0,18432.0,1.9105336242808966,0.0015167543397044605,True,vec,16,"{""1"": 6, ""2"": 1, ""3"": 7, ""4"": 6, ""5"": 9, ""6"": 8, ""7"": 10, ""8"": 9, ""9"": 1, ""10"": 10}"
625,625,True,,gemm\random\mappings\sample_625_seed_625.csv,5.65704506385241,327.39753009439,1.556425195260414,1,0.000166571,0.09523175,111616.0,26624.0,1.8216623685776632,0.0017862496486241136,True,vec,16,"{""1"": 13, ""2"": 8, ""3"": 2, ""4"": 8, ""5"": 12, ""6"": 10, ""7"": 15, ""8"": 3, ""9"": 10, ""10"": 3}"
626,626,True,,gemm\random\mappings\sample_626_seed_626.csv,5.104967106833969,327.69336386027,1.7921727842556878,2,0.0001187148,0.36093735937499993,137216.0,18432.0,1.1868676849831383,0.001540126683797907,True,vec,16,"{""1"": 11, ""2"": 3, ""3"": 7, ""4"": 0, ""5"": 4, ""6"": 10, ""7"": 12, ""8"": 6, ""9"": 0, ""10"": 15}"
627,627,True,,gemm\random\mappings\sample_627_seed_627.csv,5.136672735841713,327.71547139277,1.8130542448312126,2,0.0001197287,0.46640660937500006,128000.0,16384.0,1.5677444951398531,0.0015489159776507337,True,vec,16,"{""1"": 8, ""2"": 3, ""3"": 4, ""4"": 7, ""5"": 0, ""6"": 7, ""7"": 3, ""8"": 13, ""9"": 5, ""10"": 6}"
628,628,True,,gemm\random\mappings\sample_628_seed_628.csv,5.477013153268783,327.63460400029,1.7397497240204547,2,0.0001184746,0.28858075000000005,152576.0,25600.0,1.8343582622495536,0.0015348272255004888,True,vec,16,"{""1"": 12, ""2"": 2, ""3"": 3, ""4"": 14, ""5"": 4, ""6"": 4, ""7"": 14, ""8"": 15, ""9"": 12, ""10"": 15}"
629,629,True,,gemm\random\mappings\sample_629_seed_629.csv,4.615722864036856,326.79852812943,1.5019715808381062,0,0.0001168889,0.0,124928.0,19456.0,1.4407855584209481,0.0015186060210616013,True,vec,16,"{""1"": 1, ""2"": 10, ""3"": 15, ""4"": 0, ""5"": 9, ""6"": 0, ""7"": 14, ""8"": 11, ""9"": 2, ""10"": 10}"
630,630,True,,gemm\random\mappings\sample_630_seed_630.csv,5.173629408034202,327.62189696084,1.5285106604789287,1,0.000147625,0.09348416666666876,129024.0,19456.0,1.2884348343582623,0.0016862585691273478,True,vec,16,"{""1"": 14, ""2"": 4, ""3"": 2, ""4"": 11, ""5"": 6, ""6"": 8, ""7"": 5, ""8"": 12, ""9"": 12, ""10"": 2}"
631,631,True,,gemm\random\mappings\sample_631_seed_631.csv,4.770817497703333,326.38829833302,1.3711990392973914,0,0.0001467309,0.0,69632.0,17408.0,2.2914104344376116,0.0016773152776183129,True,vec,16,"{""1"": 9, ""2"": 10, ""3"": 6, ""4"": 5, ""5"": 4, ""6"": 6, ""7"": 9, ""8"": 4, ""9"": 4, ""10"": 11}"
632,632,True,,gemm\random\mappings\sample_632_seed_632.csv,5.0590056409585955,327.78092391446,1.5452099369482555,1,0.0001189368,0.261950375,124928.0,27648.0,0.9202539178734378,0.0015352371716512722,True,vec,16,"{""1"": 11, ""2"": 7, ""3"": 1, ""4"": 0, ""5"": 9, ""6"": 2, ""7"": 6, ""8"": 8, ""9"": 11, ""10"": 14}"
633,633,True,,gemm\random\mappings\sample_633_seed_633.csv,5.539477329276739,327.39686297432,1.4862277220934044,1,0.0001663428,0.060465625,96256.0,19456.0,2.7738543939694504,0.0017853416345206053,True,vec,16,"{""1"": 1, ""2"": 11, ""3"": 1, ""4"": 11, ""5"": 0, ""6"": 2, ""7"": 0, ""8"": 11, ""9"": 6, ""10"": 5}"
634,634,True,,gemm\random\mappings\sample_634_seed_634.csv,5.404740139583245,326.28386061798,1.315024992689878,0,0.0001665009,0.0,110592.0,26624.0,2.278714540765721,0.0017814339730565186,True,vec,16,"{""1"": 4, ""2"": 7, ""3"": 0, ""4"": 14, ""5"": 7, ""6"": 4, ""7"": 4, ""8"": 12, ""9"": 11, ""10"": 4}"
635,635,True,,gemm\random\mappings\sample_635_seed_635.csv,5.293155491358622,325.78742390178,1.2973603884281195,0,0.0001664528,0.0,95232.0,28672.0,2.012100773656021,0.0017821846202024129,True,vec,16,"{""1"": 11, ""2"": 11, ""3"": 14, ""4"": 8, ""5"": 14, ""6"": 2, ""7"": 4, ""8"": 7, ""9"": 7, ""10"": 4}"
636,636,True,,gemm\random\mappings\sample_636_seed_636.csv,5.761163685681986,327.85325019206,1.6842420399184705,1,0.0001465508,0.31062531250000003,115712.0,34816.0,1.4153937710771671,0.0016896567392157412,True,vec,16,"{""1"": 6, ""2"": 0, ""3"": 5, ""4"": 12, ""5"": 13, ""6"": 8, ""7"": 10, ""8"": 12, ""9"": 8, ""10"": 1}"
637,637,True,,gemm\random\mappings\sample_637_seed_637.csv,5.186270595886161,327.0172532438,1.583510289784198,0,0.0001167906,0.0,164864.0,32768.0,1.1868676849831383,0.0015188461633742357,True,vec,16,"{""1"": 15, ""2"": 6, ""3"": 8, ""4"": 4, ""5"": 1, ""6"": 14, ""7"": 12, ""8"": 2, ""9"": 4, ""10"": 5}"
638,638,True,,gemm\random\mappings\sample_638_seed_638.csv,4.702169564249921,327.6882077415,1.5674141201225134,1,0.0001184227,0.22234849999999998,111616.0,16384.0,1.1868676849831383,0.0015318782250904634,True,vec,16,"{""1"": 7, ""2"": 15, ""3"": 11, ""4"": 12, ""5"": 2, ""6"": 4, ""7"": 10, ""8"": 11, ""9"": 1, ""10"": 9}"
639,639,True,,gemm\random\mappings\sample_639_seed_639.csv,5.439687875999301,327.39546442835,1.358727586132995,1,0.0001667126,0.093427125,130048.0,18432.0,2.0882761356873636,0.001786497266917855,True,vec,16,"{""1"": 12, ""2"": 4, ""3"": 11, ""4"": 0, ""5"": 11, ""6"": 4, ""7"": 6, ""8"": 12, ""9"": 5, ""10"": 6}"
640,640,True,,gemm\random\mappings\sample_640_seed_640.csv,5.245025466930797,326.25581951521,1.3265943539646963,0,0.0001465169,0.0,133120.0,34816.0,1.0345169609204523,0.0016760644233565544,True,vec,16,"{""1"": 0, ""2"": 14, ""3"": 5, ""4"": 1, ""5"": 11, ""6"": 6, ""7"": 6, ""8"": 8, ""9"": 15, ""10"": 12}"
641,641,True,,gemm\random\mappings\sample_641_seed_641.csv,5.702040049354741,326.44433979814,1.3871675510478059,0,0.0001762946,0.0,131072.0,29696.0,2.0882761356873636,0.0018360490285051114,True,vec,16,"{""1"": 12, ""2"": 0, ""3"": 2, ""4"": 13, ""5"": 11, ""6"": 12, ""7"": 1, ""8"": 12, ""9"": 12, ""10"": 13}"
642,642,True,,gemm\random\mappings\sample_642_seed_642.csv,5.1735285755896,327.10379829398,1.546227183167873,0,0.0001168868,0.0,123904.0,34816.0,1.5931362824836341,0.0015185717344632945,True,vec,16,"{""1"": 8, ""2"": 13, ""3"": 15, ""4"": 2, ""5"": 10, ""6"": 13, ""7"": 9, ""8"": 11, ""9"": 4, ""10"": 13}"
643,643,True,,gemm\random\mappings\sample_643_seed_643.csv,5.036186731511566,326.38831122587,1.5252863024592598,0,0.0001169368,0.0,141312.0,33792.0,1.1741717913112477,0.001519066679253724,True,vec,16,"{""1"": 12, ""2"": 10, ""3"": 6, ""4"": 2, ""5"": 9, ""6"": 7, ""7"": 11, ""8"": 0, ""9"": 12, ""10"": 6}"
644,644,True,,gemm\random\mappings\sample_644_seed_644.csv,4.869662123725083,327.24278941764,1.728063551313451,1,0.000117035,0.027347625,97280.0,26624.0,0.8821662368577663,0.0015213806162264146,True,vec,16,"{""1"": 15, ""2"": 10, ""3"": 13, ""4"": 3, ""5"": 14, ""6"": 5, ""7"": 6, ""8"": 1, ""9"": 11, ""10"": 15}"
645,645,True,,gemm\random\mappings\sample_645_seed_645.csv,4.571770856506964,326.3607353299,1.4122261219549286,0,0.0001168369,0.0,94208.0,25600.0,1.3011307280301527,0.0015173300897107778,True,vec,16,"{""1"": 6, ""2"": 4, ""3"": 13, ""4"": 3, ""5"": 9, ""6"": 0, ""7"": 15, ""8"": 6, ""9"": 9, ""10"": 8}"
646,646,True,,gemm\random\mappings\sample_646_seed_646.csv,5.106884424180812,327.62737296388,1.449781031588072,1,0.0001463249,0.193310375,83968.0,19456.0,1.9105336242808966,0.0016799076950610931,True,vec,16,"{""1"": 10, ""2"": 6, ""3"": 12, ""4"": 11, ""5"": 13, ""6"": 5, ""7"": 11, ""8"": 11, ""9"": 10, ""10"": 4}"
647,647,True,,gemm\random\mappings\sample_647_seed_647.csv,5.671545382774893,328.06150175922,1.7650219668332376,3,0.0001186707,0.7928725416666689,116736.0,34816.0,0.8059908748264233,0.0015419858737453643,True,vec,16,"{""1"": 11, ""2"": 2, ""3"": 12, ""4"": 13, ""5"": 10, ""6"": 3, ""7"": 14, ""8"": 15, ""9"": 7, ""10"": 9}"
648,648,True,,gemm\random\mappings\sample_648_seed_648.csv,5.405330813467782,327.71948017424,1.6154066084226013,1,0.0001466809,0.149065078125,105472.0,24576.0,1.7962705812338822,0.0016842766023390063,True,vec,16,"{""1"": 5, ""2"": 10, ""3"": 7, ""4"": 3, ""5"": 13, ""6"": 10, ""7"": 15, ""8"": 15, ""9"": 3, ""10"": 2}"
649,649,True,,gemm\random\mappings\sample_649_seed_649.csv,4.6995905315974005,326.96357433248,1.456024235444175,0,0.0001463586,0.0,78848.0,18432.0,1.2249553659988097,0.0016762568328506095,True,vec,16,"{""1"": 11, ""2"": 7, ""3"": 11, ""4"": 14, ""5"": 2, ""6"": 9, ""7"": 1, ""8"": 10, ""9"": 9, ""10"": 13}"
650,650,True,,gemm\random\mappings\sample_650_seed_650.csv,5.274275058284234,327.71136823852,1.3499636817529743,1,0.0001664387,0.20763937500000001,96256.0,18432.0,1.6947034318587582,0.0017854221460388273,True,vec,16,"{""1"": 10, ""2"": 5, ""3"": 12, ""4"": 14, ""5"": 14, ""6"": 15, ""7"": 6, ""8"": 4, ""9"": 8, ""10"": 5}"
651,651,True,,gemm\random\mappings\sample_651_seed_651.csv,4.700101724820286,327.11993456887,1.6745008164925796,0,0.0001167307,0.0,76800.0,21504.0,1.8724459432652252,0.0015185297188378582,True,vec,16,"{""1"": 1, ""2"": 4, ""3"": 1, ""4"": 3, ""5"": 6, ""6"": 1, ""7"": 7, ""8"": 9, ""9"": 6, ""10"": 11}"
652,652,True,,gemm\random\mappings\sample_652_seed_652.csv,5.753409803831076,328.06461313388,1.8417060858083885,2,0.0001199968,0.6158939999999999,168960.0,33792.0,0.8059908748264233,0.0015512689311048872,True,vec,16,"{""1"": 4, ""2"": 15, ""3"": 11, ""4"": 2, ""5"": 3, ""6"": 6, ""7"": 1, ""8"": 10, ""9"": 14, ""10"": 8}"
653,653,True,,gemm\random\mappings\sample_653_seed_653.csv,5.716905162603582,328.15977114086,1.8383893725320775,3,0.0001187367,0.9295595673076938,98304.0,26624.0,2.164451497718707,0.0015441370911706907,True,vec,16,"{""1"": 15, ""2"": 5, ""3"": 15, ""4"": 8, ""5"": 14, ""6"": 12, ""7"": 14, ""8"": 13, ""9"": 5, ""10"": 14}"
654,654,True,,gemm\random\mappings\sample_654_seed_654.csv,5.831436784290693,328.29743551587,1.8300801887986466,2,0.0001207108,0.62212415625,135168.0,35840.0,1.3392184090458243,0.001555757742576172,True,vec,16,"{""1"": 12, ""2"": 10, ""3"": 3, ""4"": 14, ""5"": 15, ""6"": 8, ""7"": 5, ""8"": 14, ""9"": 9, ""10"": 9}"
655,655,True,,gemm\random\mappings\sample_655_seed_655.csv,5.093681930641333,326.29496449663,1.3693271605172181,0,0.0001664848,0.0,71680.0,18432.0,2.583415988891093,0.0017814173508867372,True,vec,16,"{""1"": 1, ""2"": 6, ""3"": 9, ""4"": 0, ""5"": 0, ""6"": 6, ""7"": 14, ""8"": 0, ""9"": 10, ""10"": 4}"
656,656,True,,gemm\random\mappings\sample_656_seed_656.csv,5.645992142164029,328.58309746777,1.762297908713272,2,0.0001483568,0.5279031590909062,123904.0,18432.0,1.7962705812338822,0.0017038758852166605,True,vec,16,"{""1"": 14, ""2"": 3, ""3"": 1, ""4"": 15, ""5"": 2, ""6"": 2, ""7"": 7, ""8"": 6, ""9"": 2, ""10"": 4}"
657,657,True,,gemm\random\mappings\sample_657_seed_657.csv,5.4704705329242636,326.40937010182,1.4930531452413887,0,0.0001665069,0.0,75776.0,30720.0,2.164451497718707,0.0017841807025835632,True,vec,16,"{""1"": 10, ""2"": 8, ""3"": 10, ""4"": 8, ""5"": 9, ""6"": 13, ""7"": 0, ""8"": 15, ""9"": 15, ""10"": 15}"
658,658,True,,gemm\random\mappings\sample_658_seed_658.csv,4.562743198411461,326.66509776928,1.5123940146966153,0,0.0001169868,0.0,107520.0,24576.0,0.8059908748264233,0.0015190777409798681,True,vec,16,"{""1"": 4, ""2"": 9, ""3"": 2, ""4"": 13, ""5"": 0, ""6"": 12, ""7"": 14, ""8"": 1, ""9"": 5, ""10"": 7}"
659,659,True,,gemm\random\mappings\sample_659_seed_659.csv,4.9615314932261665,328.16401691984,1.7177811053549585,2,0.000118694824,0.5613932083333313,106496.0,17408.0,0.9583415988891093,0.0015386465289248144,True,vec,16,"{""1"": 9, ""2"": 15, ""3"": 6, ""4"": 0, ""5"": 5, ""6"": 4, ""7"": 8, ""8"": 12, ""9"": 10, ""10"": 12}"
660,660,True,,gemm\random\mappings\sample_660_seed_660.csv,5.382385865175373,327.90197671269,1.8769993078544667,2,0.0001203568,0.38121507812500005,111616.0,24576.0,1.6439198571711962,0.0015522493439515661,True,vec,16,"{""1"": 0, ""2"": 12, ""3"": 8, ""4"": 2, ""5"": 5, ""6"": 4, ""7"": 3, ""8"": 8, ""9"": 12, ""10"": 0}"
661,661,True,,gemm\random\mappings\sample_661_seed_661.csv,4.105299542326607,326.25299111433,1.429491681913948,0,0.0001167287,0.0,65536.0,16384.0,0.9964292799047808,0.001516659659765355,True,vec,16,"{""1"": 5, ""2"": 13, ""3"": 9, ""4"": 2, ""5"": 5, ""6"": 10, ""7"": 7, ""8"": 14, ""9"": 1, ""10"": 6}"
662,662,True,,gemm\random\mappings\sample_662_seed_662.csv,5.0850866384507984,327.5555673483,1.5828225835397962,1,0.0001175446,0.14308875,137216.0,25600.0,1.3392184090458243,0.0015243231630798113,True,vec,16,"{""1"": 3, ""2"": 0, ""3"": 7, ""4"": 9, ""5"": 8, ""6"": 8, ""7"": 14, ""8"": 1, ""9"": 15, ""10"": 14}"
663,663,True,,gemm\random\mappings\sample_663_seed_663.csv,5.249058690497634,326.51132267158,1.4787894276435511,0,0.0001661987,0.0,86016.0,20480.0,2.431065264828407,0.0017812717952594027,True,vec,16,"{""1"": 3, ""2"": 14, ""3"": 3, ""4"": 10, ""5"": 3, ""6"": 13, ""7"": 13, ""8"": 6, ""9"": 14, ""10"": 9}"
664,664,True,,gemm\random\mappings\sample_664_seed_664.csv,6.258407886345281,327.9876124528,1.5555880179963544,1,0.0001667091,0.19005725,157696.0,34816.0,2.227930966078159,0.001789382945351769,True,vec,16,"{""1"": 15, ""2"": 4, ""3"": 13, ""4"": 13, ""5"": 4, ""6"": 12, ""7"": 1, ""8"": 3, ""9"": 11, ""10"": 12}"
665,665,True,,gemm\random\mappings\sample_665_seed_665.csv,5.758386649143124,329.51045662824,1.7934141911732666,3,0.0001470547,1.6561264999999998,86016.0,16384.0,1.2249553659988097,0.0017179411220691625,True,vec,16,"{""1"": 7, ""2"": 14, ""3"": 11, ""4"": 7, ""5"": 15, ""6"": 8, ""7"": 2, ""8"": 13, ""9"": 8, ""10"": 5}"
666,666,True,,gemm\random\mappings\sample_666_seed_666.csv,5.71388384413093,328.29745765065,1.8095340748939857,2,0.0001206848,0.5306831964285688,119808.0,36864.0,1.0599087482642333,0.0015555363187579536,True,vec,16,"{""1"": 14, ""2"": 12, ""3"": 13, ""4"": 9, ""5"": 0, ""6"": 10, ""7"": 3, ""8"": 1, ""9"": 4, ""10"": 12}"
667,667,True,,gemm\random\mappings\sample_667_seed_667.csv,5.914208545370922,327.98900624956,1.428727876952438,1,0.0001668749,0.20365937500000003,162816.0,26624.0,1.9740130926403492,0.0017904800396570583,True,vec,16,"{""1"": 3, ""2"": 13, ""3"": 13, ""4"": 11, ""5"": 9, ""6"": 11, ""7"": 5, ""8"": 2, ""9"": 15, ""10"": 15}"
668,668,True,,gemm\random\mappings\sample_668_seed_668.csv,6.043897960862802,329.74757182185,1.8481902423721783,3,0.0001227349,1.3901832291666687,137216.0,24576.0,1.8216623685776632,0.001580114518967568,True,vec,16,"{""1"": 14, ""2"": 3, ""3"": 0, ""4"": 13, ""5"": 5, ""6"": 1, ""7"": 5, ""8"": 0, ""9"": 4, ""10"": 13}"
669,669,True,,gemm\random\mappings\sample_669_seed_669.csv,5.121109751767011,326.2949204856,1.3150257056783623,0,0.0001660107,0.0,63488.0,19456.0,2.8500297560007937,0.001778594523275242,True,vec,16,"{""1"": 9, ""2"": 15, ""3"": 6, ""4"": 9, ""5"": 9, ""6"": 9, ""7"": 5, ""8"": 13, ""9"": 11, ""10"": 11}"
670,670,True,,gemm\random\mappings\sample_670_seed_670.csv,6.08852174382111,328.96159489035,1.8121651107703451,1,0.0001464847,0.60310890625,134144.0,32768.0,1.7962705812338822,0.0016999776970610615,True,vec,16,"{""1"": 11, ""2"": 6, ""3"": 13, ""4"": 4, ""5"": 12, ""6"": 12, ""7"": 8, ""8"": 8, ""9"": 13, ""10"": 0}"
671,671,True,,gemm\random\mappings\sample_671_seed_671.csv,5.41865214266064,326.51986788347,1.55403534028186,0,0.0001662128,0.0,116736.0,21504.0,2.3548899027970642,0.00178308828890753,True,vec,16,"{""1"": 4, ""2"": 12, ""3"": 14, ""4"": 12, ""5"": 10, ""6"": 0, ""7"": 14, ""8"": 0, ""9"": 3, ""10"": 0}"
672,672,True,,gemm\random\mappings\sample_672_seed_672.csv,4.897142985631838,327.03391349669,1.676758043455863,0,0.0001166128,0.0,95232.0,25600.0,1.9105336242808966,0.0015175359432167525,True,vec,16,"{""1"": 0, ""2"": 3, ""3"": 6, ""4"": 5, ""5"": 8, ""6"": 2, ""7"": 6, ""8"": 0, ""9"": 8, ""10"": 0}"
673,673,True,,gemm\random\mappings\sample_673_seed_673.csv,5.576472860380039,326.7395800828,1.4727699538546664,0,0.0001464529,0.0,154624.0,34816.0,1.6439198571711962,0.0016773148000158286,True,vec,16,"{""1"": 11, ""2"": 14, ""3"": 12, ""4"": 5, ""5"": 0, ""6"": 11, ""7"": 11, ""8"": 12, ""9"": 7, ""10"": 4}"
674,674,True,,gemm\random\mappings\sample_674_seed_674.csv,5.552989324548088,326.06890249026,1.4404002106793758,0,0.0001666768,0.0,155648.0,24576.0,2.278714540765721,0.0017837276401264054,True,vec,16,"{""1"": 12, ""2"": 2, ""3"": 2, ""4"": 4, ""5"": 5, ""6"": 9, ""7"": 10, ""8"": 2, ""9"": 6, ""10"": 12}"
675,675,True,,gemm\random\mappings\sample_675_seed_675.csv,4.951071245958885,327.8493935841,1.7233804338640588,1,0.0001191846,0.29709575,124928.0,16384.0,1.5677444951398531,0.0015390089425567108,True,vec,16,"{""1"": 6, ""2"": 11, ""3"": 12, ""4"": 9, ""5"": 15, ""6"": 9, ""7"": 14, ""8"": 12, ""9"": 1, ""10"": 2}"
676,676,True,,gemm\random\mappings\sample_676_seed_676.csv,6.012444411953434,327.86389743197,1.8056521018512632,3,0.0001467626,0.4059391875,167936.0,24576.0,1.8216623685776632,0.0016914383171156148,True,vec,16,"{""1"": 0, ""2"": 15, ""3"": 13, ""4"": 10, ""5"": 12, ""6"": 8, ""7"": 11, ""8"": 11, ""9"": 15, ""10"": 15}"
677,677,True,,gemm\random\mappings\sample_677_seed_677.csv,5.210901728080486,328.29375652743,1.7570009737103158,3,0.0001184131,0.6089557908443006,124928.0,12288.0,1.8724459432652252,0.0015395652002603867,True,vec,16,"{""1"": 2, ""2"": 2, ""3"": 4, ""4"": 15, ""5"": 14, ""6"": 3, ""7"": 15, ""8"": 6, ""9"": 2, ""10"": 12}"
678,678,True,,gemm\random\mappings\sample_678_seed_678.csv,6.1580862952923745,327.29719146724,1.5240433041265327,1,0.0001665086,0.0109275,130048.0,34816.0,2.837333862328903,0.0017842895941911241,True,vec,16,"{""1"": 3, ""2"": 10, ""3"": 0, ""4"": 10, ""5"": 0, ""6"": 5, ""7"": 15, ""8"": 1, ""9"": 0, ""10"": 4}"
679,679,True,,gemm\random\mappings\sample_679_seed_679.csv,6.3730628378990435,327.82881978028,1.6053110631368563,1,0.000166389,0.2901475,190464.0,33792.0,2.202539178734378,0.001791460329156897,True,vec,16,"{""1"": 12, ""2"": 11, ""3"": 2, ""4"": 3, ""5"": 11, ""6"": 6, ""7"": 13, ""8"": 10, ""9"": 11, ""10"": 0}"
680,680,True,,gemm\random\mappings\sample_680_seed_680.csv,5.266983703151042,327.02994465228,1.4575317064709619,0,0.0001666169,0.0,107520.0,17408.0,2.3548899027970642,0.0017848086497159628,True,vec,16,"{""1"": 15, ""2"": 4, ""3"": 11, ""4"": 11, ""5"": 12, ""6"": 10, ""7"": 14, ""8"": 4, ""9"": 12, ""10"": 14}"
681,681,True,,gemm\random\mappings\sample_681_seed_681.csv,4.990788948113224,327.52846547232,1.6797363898763777,1,0.0001173308,0.128783125,105472.0,24576.0,1.4407855584209481,0.0015236296510934355,True,vec,16,"{""1"": 13, ""2"": 10, ""3"": 3, ""4"": 14, ""5"": 12, ""6"": 1, ""7"": 15, ""8"": 10, ""9"": 0, ""10"": 3}"
682,682,True,,gemm\random\mappings\sample_682_seed_682.csv,5.024205610112144,326.51249114823,1.4261719985707213,0,0.0001169829,0.0,131072.0,33792.0,1.4534814520928387,0.0015184764723659623,True,vec,16,"{""1"": 7, ""2"": 6, ""3"": 1, ""4"": 12, ""5"": 14, ""6"": 13, ""7"": 9, ""8"": 7, ""9"": 6, ""10"": 13}"
683,683,True,,gemm\random\mappings\sample_683_seed_683.csv,4.869180909876338,327.0172480449,1.541635910114356,0,0.0001464547,0.0,116736.0,16384.0,1.4153937710771671,0.0016776367337239934,True,vec,16,"{""1"": 12, ""2"": 1, ""3"": 8, ""4"": 6, ""5"": 4, ""6"": 3, ""7"": 1, ""8"": 5, ""9"": 5, ""10"": 13}"
684,684,True,,gemm\random\mappings\sample_684_seed_684.csv,5.564667942816301,327.61685422163,1.560646006599439,1,0.0001665166,0.18403354166666874,78848.0,25600.0,1.9232295179527872,0.0017862374986198613,True,vec,16,"{""1"": 12, ""2"": 13, ""3"": 14, ""4"": 8, ""5"": 14, ""6"": 15, ""7"": 6, ""8"": 6, ""9"": 9, ""10"": 8}"
685,685,True,,gemm\random\mappings\sample_685_seed_685.csv,5.109843804681034,328.39372053587,1.716022721835856,2,0.0001192366,0.44131746875,92160.0,16384.0,2.024796667327911,0.001544083321054341,True,vec,16,"{""1"": 9, ""2"": 2, ""3"": 7, ""4"": 0, ""5"": 9, ""6"": 0, ""7"": 4, ""8"": 5, ""9"": 9, ""10"": 4}"
686,686,True,,gemm\random\mappings\sample_686_seed_686.csv,5.181649256858593,328.16501398731,1.620687005483255,2,0.0001477546,0.603915,91136.0,11264.0,1.7200952192025392,0.001697636238536326,True,vec,16,"{""1"": 9, ""2"": 9, ""3"": 2, ""4"": 12, ""5"": 13, ""6"": 15, ""7"": 9, ""8"": 3, ""9"": 3, ""10"": 7}"
687,687,True,,gemm\random\mappings\sample_687_seed_687.csv,5.143105624784483,327.59171539939,1.712702842223217,1,0.0001180766,0.1117415625,159744.0,20480.0,1.6439198571711962,0.0015303335270568732,True,vec,16,"{""1"": 12, ""2"": 4, ""3"": 15, ""4"": 0, ""5"": 3, ""6"": 7, ""7"": 0, ""8"": 13, ""9"": 15, ""10"": 12}"
688,688,True,,gemm\random\mappings\sample_688_seed_688.csv,4.403883082911954,327.03258957259,1.4679517300665386,0,0.0001168568,0.0,97280.0,19456.0,0.9202539178734378,0.0015179793410015473,True,vec,16,"{""1"": 8, ""2"": 10, ""3"": 12, ""4"": 7, ""5"": 4, ""6"": 8, ""7"": 6, ""8"": 2, ""9"": 0, ""10"": 14}"
689,689,True,,gemm\random\mappings\sample_689_seed_689.csv,5.378484222763307,326.89075191028,1.3879365514055841,0,0.0001665067,0.0,113664.0,25600.0,1.8089664749057726,0.0017837090752486884,True,vec,16,"{""1"": 5, ""2"": 10, ""3"": 0, ""4"": 15, ""5"": 10, ""6"": 6, ""7"": 2, ""8"": 5, ""9"": 13, ""10"": 15}"
690,690,True,,gemm\random\mappings\sample_690_seed_690.csv,4.528764738798277,327.62588756134,1.5313214133228363,1,0.0001183126,0.12266171875000001,97280.0,12288.0,1.4407855584209481,0.0015303827581918082,True,vec,16,"{""1"": 10, ""2"": 14, ""3"": 5, ""4"": 15, ""5"": 2, ""6"": 4, ""7"": 9, ""8"": 1, ""9"": 15, ""10"": 2}"
691,691,True,,gemm\random\mappings\sample_691_seed_691.csv,4.832677820891988,326.89621248462,1.4893330333038972,0,0.0001168909,0.0,111616.0,26624.0,1.6312239634993058,0.001518175848563075,True,vec,16,"{""1"": 4, ""2"": 4, ""3"": 3, ""4"": 14, ""5"": 9, ""6"": 10, ""7"": 6, ""8"": 9, ""9"": 11, ""10"": 3}"
692,692,True,,gemm\random\mappings\sample_692_seed_692.csv,5.719824384194301,327.39461183307,1.4465258865483472,1,0.0001666646,0.0376055,140288.0,26624.0,1.8978377306090062,0.0017850362018610232,True,vec,16,"{""1"": 0, ""2"": 4, ""3"": 14, ""4"": 5, ""5"": 14, ""6"": 1, ""7"": 0, ""8"": 0, ""9"": 7, ""10"": 6}"
693,693,True,,gemm\random\mappings\sample_693_seed_693.csv,5.566840759413757,327.55762881806,1.4894583383627962,1,0.0001663727,0.08130499999999999,101376.0,24576.0,1.9740130926403492,0.0017852301392083396,True,vec,16,"{""1"": 15, ""2"": 7, ""3"": 11, ""4"": 4, ""5"": 11, ""6"": 0, ""7"": 7, ""8"": 1, ""9"": 2, ""10"": 0}"
694,694,True,,gemm\random\mappings\sample_694_seed_694.csv,5.065641024845141,326.74182828933,1.4428295951218846,0,0.0001466286,0.0,114688.0,24576.0,1.5169609204522911,0.001676919083319713,True,vec,16,"{""1"": 15, ""2"": 8, ""3"": 3, ""4"": 14, ""5"": 13, ""6"": 9, ""7"": 9, ""8"": 1, ""9"": 1, ""10"": 8}"
695,695,True,,gemm\random\mappings\sample_695_seed_695.csv,4.719488082808774,327.71595913601,1.549011844069473,1,0.000117945,0.20715833333333125,95232.0,19456.0,1.1868676849831383,0.0015270803025324248,True,vec,16,"{""1"": 10, ""2"": 7, ""3"": 11, ""4"": 13, ""5"": 8, ""6"": 9, ""7"": 4, ""8"": 11, ""9"": 0, ""10"": 14}"
696,696,True,,gemm\random\mappings\sample_696_seed_696.csv,6.097096343258949,327.83791885091,1.446079325292255,1,0.0001665527,0.29564212500000003,118784.0,37888.0,1.9359254116246776,0.0017906926739009574,True,vec,16,"{""1"": 5, ""2"": 7, ""3"": 14, ""4"": 15, ""5"": 7, ""6"": 9, ""7"": 14, ""8"": 5, ""9"": 13, ""10"": 10}"
697,697,True,,gemm\random\mappings\sample_697_seed_697.csv,4.627275498079773,326.45460851975,1.3943595540311553,0,0.0001169068,0.0,101376.0,24576.0,1.5677444951398531,0.001517699294071969,True,vec,16,"{""1"": 4, ""2"": 1, ""3"": 8, ""4"": 2, ""5"": 10, ""6"": 14, ""7"": 8, ""8"": 5, ""9"": 2, ""10"": 11}"
698,698,True,,gemm\random\mappings\sample_698_seed_698.csv,5.797716618033877,327.93766938705,1.6589917012935416,2,0.0001466809,0.46451849999999995,107520.0,24576.0,2.583415988891093,0.0016918556349022826,True,vec,16,"{""1"": 11, ""2"": 15, ""3"": 13, ""4"": 14, ""5"": 4, ""6"": 8, ""7"": 4, ""8"": 14, ""9"": 4, ""10"": 14}"
699,699,True,,gemm\random\mappings\sample_699_seed_699.csv,5.401829785305654,327.53201075629,1.6533500216173231,1,0.0001473267,0.09096645833333125,128000.0,24576.0,1.4153937710771671,0.0016855273275800727,True,vec,16,"{""1"": 11, ""2"": 7, ""3"": 1, ""4"": 2, ""5"": 4, ""6"": 0, ""7"": 0, ""8"": 13, ""9"": 1, ""10"": 5}"
700,700,True,,gemm\random\mappings\sample_700_seed_700.csv,5.655325112075267,327.03223316416,1.3630590173327328,0,0.0001663607,0.0,86016.0,37888.0,1.8089664749057726,0.0017828435270946707,True,vec,16,"{""1"": 5, ""2"": 6, ""3"": 14, ""4"": 6, ""5"": 10, ""6"": 0, ""7"": 2, ""8"": 5, ""9"": 7, ""10"": 10}"
701,701,True,,gemm\random\mappings\sample_701_seed_701.csv,6.296375889376681,327.69026870191,1.6428331562487433,1,0.0001693026,0.161951,176128.0,32768.0,2.202539178734378,0.001808365242478157,True,vec,16,"{""1"": 8, ""2"": 15, ""3"": 3, ""4"": 3, ""5"": 7, ""6"": 7, ""7"": 15, ""8"": 1, ""9"": 9, ""10"": 5}"
702,702,True,,gemm\random\mappings\sample_702_seed_702.csv,5.825341519362966,328.16320278835,1.8139896429693805,3,0.0001203328,0.78570375,145408.0,32768.0,1.0599087482642333,0.0015556819514623396,True,vec,16,"{""1"": 3, ""2"": 4, ""3"": 0, ""4"": 8, ""5"": 6, ""6"": 9, ""7"": 14, ""8"": 13, ""9"": 2, ""10"": 8}"
703,703,True,,gemm\random\mappings\sample_703_seed_703.csv,5.1190399659406465,327.71596824956,1.5850727457079405,1,0.0001177408,0.23176875,136192.0,26624.0,1.1868676849831383,0.0015264770992146099,True,vec,16,"{""1"": 1, ""2"": 10, ""3"": 4, ""4"": 15, ""5"": 7, ""6"": 13, ""7"": 2, ""8"": 10, ""9"": 3, ""10"": 0}"
704,704,True,,gemm\random\mappings\sample_704_seed_704.csv,5.9297476501318425,328.39287181022,1.8040005217664652,2,0.0001213348,0.8222083750000001,118784.0,36864.0,1.7073993255306488,0.00156187742791934,True,vec,16,"{""1"": 11, ""2"": 9, ""3"": 12, ""4"": 13, ""5"": 5, ""6"": 10, ""7"": 14, ""8"": 11, ""9"": 5, ""10"": 5}"
705,705,True,,gemm\random\mappings\sample_705_seed_705.csv,5.385339890905782,326.13982195323,1.3730901093052532,0,0.0001665189,0.0,87040.0,24576.0,2.837333862328903,0.0017822424721094952,True,vec,16,"{""1"": 8, ""2"": 0, ""3"": 9, ""4"": 9, ""5"": 13, ""6"": 15, ""7"": 9, ""8"": 7, ""9"": 0, ""10"": 13}"
706,706,True,,gemm\random\mappings\sample_706_seed_706.csv,5.240564955975413,327.24582040407,1.5374416928898806,1,0.0001170289,0.03240895833333313,148480.0,34816.0,0.9202539178734378,0.0015200765124852142,True,vec,16,"{""1"": 8, ""2"": 15, ""3"": 3, ""4"": 13, ""5"": 1, ""6"": 8, ""7"": 11, ""8"": 10, ""9"": 7, ""10"": 4}"
707,707,True,,gemm\random\mappings\sample_707_seed_707.csv,5.16039979665146,327.62347858728,1.6693696393840989,1,0.0001177929,0.19885687500000002,130048.0,26624.0,1.3773060900614957,0.0015269132697614564,True,vec,16,"{""1"": 0, ""2"": 10, ""3"": 14, ""4"": 0, ""5"": 9, ""6"": 3, ""7"": 15, ""8"": 14, ""9"": 1, ""10"": 2}"
708,708,True,,gemm\random\mappings\sample_708_seed_708.csv,5.325845845170027,327.620784329,1.2966904065860396,1,0.0001664587,0.16762770833333127,126976.0,19456.0,1.4407855584209481,0.0017847442234713987,True,vec,16,"{""1"": 3, ""2"": 11, ""3"": 9, ""4"": 4, ""5"": 11, ""6"": 13, ""7"": 12, ""8"": 6, ""9"": 10, ""10"": 7}"
709,709,True,,gemm\random\mappings\sample_709_seed_709.csv,5.634517082625392,328.15921695554,1.7939734842484834,1,0.0001205248,0.276200703125,150528.0,32768.0,1.5677444951398531,0.001549665850622942,True,vec,16,"{""1"": 8, ""2"": 1, ""3"": 7, ""4"": 3, ""5"": 5, ""6"": 3, ""7"": 15, ""8"": 12, ""9"": 1, ""10"": 0}"
710,710,True,,gemm\random\mappings\sample_710_seed_710.csv,5.695752387443265,327.20389793451,1.3091395124578287,1,0.0001664066,0.0031590624999999995,104448.0,32768.0,1.9740130926403492,0.0017821809579835067,True,vec,16,"{""1"": 12, ""2"": 14, ""3"": 6, ""4"": 14, ""5"": 9, ""6"": 1, ""7"": 10, ""8"": 9, ""9"": 13, ""10"": 13}"
711,711,True,,gemm\random\mappings\sample_711_seed_711.csv,5.35189267245093,327.55943650619,1.601148876216118,1,0.0001465387,0.162554875,96256.0,21504.0,2.25332275342194,0.0016818183346165609,True,vec,16,"{""1"": 15, ""2"": 12, ""3"": 13, ""4"": 11, ""5"": 7, ""6"": 13, ""7"": 7, ""8"": 7, ""9"": 8, ""10"": 15}"
712,712,True,,gemm\random\mappings\sample_712_seed_712.csv,5.671177351953114,327.93595899131,1.4257716826305904,2,0.0001683088,0.10380662499999999,116736.0,24576.0,1.5550486014679628,0.0017977806748478698,True,vec,16,"{""1"": 9, ""2"": 15, ""3"": 15, ""4"": 2, ""5"": 13, ""6"": 6, ""7"": 1, ""8"": 9, ""9"": 14, ""10"": 8}"
713,713,True,,gemm\random\mappings\sample_713_seed_713.csv,5.184243915879598,327.87043995098,1.7099668885314183,1,0.0001189848,0.299418,106496.0,26624.0,1.5296568141241818,0.001537378652652253,True,vec,16,"{""1"": 12, ""2"": 9, ""3"": 11, ""4"": 15, ""5"": 12, ""6"": 2, ""7"": 8, ""8"": 14, ""9"": 11, ""10"": 2}"
714,714,True,,gemm\random\mappings\sample_714_seed_714.csv,5.060836346618837,327.87706389376,1.66670591453178,1,0.0001182626,0.2128241346153875,95232.0,26624.0,1.3773060900614957,0.0015324439940687443,True,vec,16,"{""1"": 3, ""2"": 2, ""3"": 10, ""4"": 3, ""5"": 9, ""6"": 13, ""7"": 2, ""8"": 1, ""9"": 7, ""10"": 5}"
715,715,True,,gemm\random\mappings\sample_715_seed_715.csv,4.870489961228235,327.98876686913,1.7379673217300322,1,0.000118011,0.31681104166666874,80896.0,18432.0,1.6312239634993058,0.0015301426015189702,True,vec,16,"{""1"": 2, ""2"": 4, ""3"": 7, ""4"": 2, ""5"": 1, ""6"": 4, ""7"": 11, ""8"": 12, ""9"": 13, ""10"": 7}"
716,716,True,,gemm\random\mappings\sample_716_seed_716.csv,5.673073951288053,327.62050791217,1.4936236207725344,2,0.0001465848,0.33260841666666874,108544.0,29696.0,1.9105336242808966,0.0016835931670474307,True,vec,16,"{""1"": 5, ""2"": 14, ""3"": 7, ""4"": 4, ""5"": 3, ""6"": 15, ""7"": 5, ""8"": 14, ""9"": 14, ""10"": 2}"
717,717,True,,gemm\random\mappings\sample_717_seed_717.csv,4.919943483241985,326.8056591558,1.4117537607648034,0,0.0001663469,0.0,75776.0,14336.0,1.9740130926403492,0.0017828741857055914,True,vec,16,"{""1"": 7, ""2"": 4, ""3"": 7, ""4"": 15, ""5"": 7, ""6"": 2, ""7"": 0, ""8"": 11, ""9"": 1, ""10"": 11}"
718,718,True,,gemm\random\mappings\sample_718_seed_718.csv,5.415538481284724,328.2982903545,1.688812907055373,2,0.0001193789,0.6163610416666687,126976.0,24576.0,1.5677444951398531,0.0015436885383746407,True,vec,16,"{""1"": 8, ""2"": 7, ""3"": 15, ""4"": 13, ""5"": 4, ""6"": 12, ""7"": 13, ""8"": 9, ""9"": 15, ""10"": 11}"
719,719,True,,gemm\random\mappings\sample_719_seed_719.csv,5.237463749024176,326.17437558662,1.4226197109093666,0,0.0001462927,0.0,99328.0,28672.0,2.3168022217813924,0.001675160471916435,True,vec,16,"{""1"": 8, ""2"": 3, ""3"": 5, ""4"": 8, ""5"": 13, ""6"": 10, ""7"": 13, ""8"": 11, ""9"": 13, ""10"": 8}"
720,720,True,,gemm\random\mappings\sample_720_seed_720.csv,5.645428464776158,327.5517070759,1.3846972118053626,1,0.0001663586,0.13715020833333125,118784.0,24576.0,2.202539178734378,0.0017842662459050399,True,vec,16,"{""1"": 4, ""2"": 0, ""3"": 6, ""4"": 14, ""5"": 14, ""6"": 2, ""7"": 15, ""8"": 1, ""9"": 14, ""10"": 13}"
721,721,True,,gemm\random\mappings\sample_721_seed_721.csv,5.667796519616298,328.00189515043,1.6750871444866002,2,0.0001197306,0.37147258333333333,134144.0,33792.0,1.6820075381868678,0.001542823789574889,True,vec,16,"{""1"": 4, ""2"": 13, ""3"": 5, ""4"": 11, ""5"": 15, ""6"": 13, ""7"": 14, ""8"": 4, ""9"": 11, ""10"": 7}"
722,722,True,,gemm\random\mappings\sample_722_seed_722.csv,5.252893597677563,327.11916675725,1.575121284986246,0,0.0001462787,0.0,76800.0,27648.0,2.164451497718707,0.0016767975199247192,True,vec,16,"{""1"": 4, ""2"": 5, ""3"": 9, ""4"": 13, ""5"": 8, ""6"": 4, ""7"": 8, ""8"": 7, ""9"": 8, ""10"": 5}"
723,723,True,,gemm\random\mappings\sample_723_seed_723.csv,5.22123919765105,326.25492467181,1.2971941205609183,0,0.000166779,0.0,82944.0,20480.0,2.837333862328903,0.001782517269666794,True,vec,16,"{""1"": 5, ""2"": 6, ""3"": 8, ""4"": 6, ""5"": 8, ""6"": 8, ""7"": 4, ""8"": 14, ""9"": 1, ""10"": 15}"
724,724,True,,gemm\random\mappings\sample_724_seed_724.csv,4.665353623290175,327.13303134385,1.5571346848658174,0,0.0001167107,0.0,96256.0,19456.0,1.9105336242808966,0.0015177029180043406,True,vec,16,"{""1"": 9, ""2"": 1, ""3"": 3, ""4"": 9, ""5"": 6, ""6"": 13, ""7"": 10, ""8"": 3, ""9"": 6, ""10"": 13}"
725,725,True,,gemm\random\mappings\sample_725_seed_725.csv,4.816611024960619,327.53039696602,1.615220942709601,1,0.0001178067,0.150666375,112640.0,20480.0,1.1868676849831383,0.0015274599759798992,True,vec,16,"{""1"": 2, ""2"": 15, ""3"": 1, ""4"": 0, ""5"": 10, ""6"": 4, ""7"": 6, ""8"": 10, ""9"": 7, ""10"": 13}"
726,726,True,,gemm\random\mappings\sample_726_seed_726.csv,5.086291078122801,327.5578789853,1.6211633895896878,1,0.0001176229,0.16433299999999998,122880.0,26624.0,1.3392184090458243,0.0015267020390693112,True,vec,16,"{""1"": 8, ""2"": 11, ""3"": 13, ""4"": 2, ""5"": 12, ""6"": 4, ""7"": 2, ""8"": 15, ""9"": 1, ""10"": 1}"
727,727,True,,gemm\random\mappings\sample_727_seed_727.csv,4.4732014868319645,327.17986655488,1.543467903427862,1,0.0001167147,0.006454125,79872.0,17408.0,1.1487800039674667,0.0015176934371066238,True,vec,16,"{""1"": 5, ""2"": 1, ""3"": 15, ""4"": 5, ""5"": 2, ""6"": 9, ""7"": 10, ""8"": 4, ""9"": 7, ""10"": 7}"
728,728,True,,gemm\random\mappings\sample_728_seed_728.csv,4.922699078292813,326.57753571923,1.5207711691354373,0,0.0001169708,0.0,124928.0,28672.0,1.5931362824836341,0.0015191109600541464,True,vec,16,"{""1"": 1, ""2"": 14, ""3"": 3, ""4"": 0, ""5"": 11, ""6"": 10, ""7"": 4, ""8"": 11, ""9"": 2, ""10"": 11}"
729,729,True,,gemm\random\mappings\sample_729_seed_729.csv,5.203687592172003,328.0067885825,1.735151183518668,3,0.0001197206,0.8359704583333313,76800.0,24576.0,0.8059908748264233,0.0015509410106357515,True,vec,16,"{""1"": 10, ""2"": 9, ""3"": 3, ""4"": 7, ""5"": 11, ""6"": 5, ""7"": 2, ""8"": 14, ""9"": 15, ""10"": 6}"
730,730,True,,gemm\random\mappings\sample_730_seed_730.csv,4.894303004267622,326.37076758575,1.2647688474547345,0,0.0001459447,0.0,92160.0,18432.0,2.5961118825629836,0.001672366915129741,True,vec,16,"{""1"": 9, ""2"": 3, ""3"": 9, ""4"": 15, ""5"": 5, ""6"": 5, ""7"": 9, ""8"": 9, ""9"": 7, ""10"": 14}"
731,731,True,,gemm\random\mappings\sample_731_seed_731.csv,5.167117895145493,327.39322939033,1.5285157169244563,1,0.0001464208,0.0414196875,110592.0,17408.0,2.100972029359254,0.0016783712003767787,True,vec,16,"{""1"": 2, ""2"": 3, ""3"": 0, ""4"": 12, ""5"": 14, ""6"": 3, ""7"": 12, ""8"": 8, ""9"": 8, ""10"": 8}"
732,732,True,,gemm\random\mappings\sample_732_seed_732.csv,5.297625009921134,329.02528742383,1.8866724920291336,1,0.0001234908,0.691820384615375,92160.0,19456.0,1.7581829002182108,0.0015757484945393286,True,vec,16,"{""1"": 3, ""2"": 12, ""3"": 7, ""4"": 2, ""5"": 3, ""6"": 12, ""7"": 4, ""8"": 2, ""9"": 5, ""10"": 11}"
733,733,True,,gemm\random\mappings\sample_733_seed_733.csv,5.251875924346513,327.60776455533,1.2707233632084252,1,0.0001665367,0.13543166666666875,93184.0,16384.0,2.227930966078159,0.001783144205875322,True,vec,16,"{""1"": 13, ""2"": 14, ""3"": 4, ""4"": 4, ""5"": 14, ""6"": 3, ""7"": 7, ""8"": 9, ""9"": 6, ""10"": 6}"
734,734,True,,gemm\random\mappings\sample_734_seed_734.csv,4.762980886095289,326.73929586344,1.5096919890637424,0,0.0001168588,0.0,90112.0,26624.0,1.7200952192025392,0.0015180466800795637,True,vec,16,"{""1"": 10, ""2"": 8, ""3"": 11, ""4"": 5, ""5"": 1, ""6"": 11, ""7"": 3, ""8"": 0, ""9"": 5, ""10"": 3}"
735,735,True,,gemm\random\mappings\sample_735_seed_735.csv,5.088525321951238,327.89501179786,1.7818407491759123,2,0.0001190846,0.27023210937500003,126976.0,17408.0,1.4407855584209481,0.0015401763594236663,True,vec,16,"{""1"": 13, ""2"": 4, ""3"": 0, ""4"": 15, ""5"": 2, ""6"": 6, ""7"": 1, ""8"": 10, ""9"": 2, ""10"": 0}"
736,736,True,,gemm\random\mappings\sample_736_seed_736.csv,6.123940280508208,327.46352815894,1.5199814352188756,1,0.0001666927,0.12210895833333126,154624.0,33792.0,2.202539178734378,0.001786163999391266,True,vec,16,"{""1"": 8, ""2"": 2, ""3"": 2, ""4"": 1, ""5"": 15, ""6"": 3, ""7"": 12, ""8"": 2, ""9"": 9, ""10"": 4}"
737,737,True,,gemm\random\mappings\sample_737_seed_737.csv,6.0697415788009685,325.98013918936,1.2738239797257689,0,0.0002164566,0.0,101376.0,27648.0,2.9008133306883557,0.002049091983332093,True,vec,16,"{""1"": 0, ""2"": 6, ""3"": 0, ""4"": 6, ""5"": 6, ""6"": 10, ""7"": 8, ""8"": 15, ""9"": 3, ""10"": 2}"
738,738,True,,gemm\random\mappings\sample_738_seed_738.csv,4.592815168187137,327.40240759105,1.641450586648999,1,0.0001170687,0.0652075,69632.0,16384.0,1.6312239634993058,0.0015219311890274888,True,vec,16,"{""1"": 5, ""2"": 2, ""3"": 8, ""4"": 5, ""5"": 4, ""6"": 9, ""7"": 10, ""8"": 2, ""9"": 12, ""10"": 4}"
739,739,True,,gemm\random\mappings\sample_739_seed_739.csv,4.931355571619704,327.56330182775,1.511730649568353,1,0.0001465849,0.16440425,103424.0,16384.0,1.1106923229517953,0.001681491608291882,True,vec,16,"{""1"": 6, ""2"": 11, ""3"": 15, ""4"": 5, ""5"": 4, ""6"": 1, ""7"": 2, ""8"": 12, ""9"": 12, ""10"": 6}"
740,740,True,,gemm\random\mappings\sample_740_seed_740.csv,5.205289220062988,327.50696970506,1.4514690308526752,1,0.0001465667,0.16784333333333126,83968.0,19456.0,2.431065264828407,0.0016791250499707594,True,vec,16,"{""1"": 1, ""2"": 9, ""3"": 7, ""4"": 5, ""5"": 2, ""6"": 3, ""7"": 7, ""8"": 7, ""9"": 9, ""10"": 5}"
741,741,True,,gemm\random\mappings\sample_741_seed_741.csv,5.223942232787242,328.23199740708,1.6497561891788368,2,0.0001191208,0.6112239583333312,128000.0,24576.0,0.8059908748264233,0.0015393579161835276,True,vec,16,"{""1"": 7, ""2"": 0, ""3"": 13, ""4"": 14, ""5"": 11, ""6"": 2, ""7"": 3, ""8"": 6, ""9"": 9, ""10"": 10}"
742,742,True,,gemm\random\mappings\sample_742_seed_742.csv,4.931820710408737,326.51494869343,1.448406981497125,0,0.0001464569,0.0,133120.0,20480.0,1.2630430470144813,0.0016769061258966671,True,vec,16,"{""1"": 13, ""2"": 9, ""3"": 4, ""4"": 3, ""5"": 1, ""6"": 13, ""7"": 5, ""8"": 8, ""9"": 13, ""10"": 2}"
743,743,True,,gemm\random\mappings\sample_743_seed_743.csv,4.9242109775044725,327.69089783909,1.7641259268861906,2,0.0001187009,0.4460826249999999,95232.0,18432.0,1.0726046419361237,0.0015394131952712318,True,vec,16,"{""1"": 9, ""2"": 1, ""3"": 0, ""4"": 12, ""5"": 13, ""6"": 10, ""7"": 7, ""8"": 9, ""9"": 8, ""10"": 8}"
744,744,True,,gemm\random\mappings\sample_744_seed_744.csv,5.195822908419349,326.73369323156,1.3717616096522707,0,0.0001461507,0.0,103424.0,28672.0,1.9105336242808966,0.0016745566015076005,True,vec,16,"{""1"": 9, ""2"": 10, ""3"": 3, ""4"": 0, ""5"": 11, ""6"": 10, ""7"": 10, ""8"": 8, ""9"": 9, ""10"": 5}"
745,745,True,,gemm\random\mappings\sample_745_seed_745.csv,5.3507781704644115,327.54237148582,1.539666625597831,1,0.0001472207,0.08463375000000001,129024.0,24576.0,1.4153937710771671,0.0016838233559175176,True,vec,16,"{""1"": 7, ""2"": 11, ""3"": 5, ""4"": 0, ""5"": 13, ""6"": 12, ""7"": 12, ""8"": 13, ""9"": 15, ""10"": 4}"
746,746,True,,gemm\random\mappings\sample_746_seed_746.csv,4.491171431175152,327.33243494341,1.5229681443358818,1,0.0001170929,0.05948729166666688,84992.0,16384.0,1.1868676849831383,0.0015201416481450335,True,vec,16,"{""1"": 13, ""2"": 5, ""3"": 12, ""4"": 14, ""5"": 6, ""6"": 7, ""7"": 5, ""8"": 10, ""9"": 11, ""10"": 4}"
747,747,True,,gemm\random\mappings\sample_747_seed_747.csv,4.310518897779663,326.66481600102,1.4308982390748057,0,0.0001168407,0.0,91136.0,18432.0,0.9964292799047808,0.0015176529159933545,True,vec,16,"{""1"": 9, ""2"": 3, ""3"": 14, ""4"": 8, ""5"": 9, ""6"": 13, ""7"": 6, ""8"": 0, ""9"": 2, ""10"": 10}"
748,748,True,,gemm\random\mappings\sample_748_seed_748.csv,5.148370349646504,327.05478895381,1.3961775813074875,0,0.0001463267,0.0,118784.0,24576.0,1.7962705812338822,0.0016756953948528699,True,vec,16,"{""1"": 2, ""2"": 5, ""3"": 10, ""4"": 9, ""5"": 12, ""6"": 1, ""7"": 10, ""8"": 14, ""9"": 10, ""10"": 13}"
749,749,True,,gemm\random\mappings\sample_749_seed_749.csv,5.01804094471089,327.33391866186,1.5727980186567294,1,0.0001466487,0.03304019736842125,80896.0,18432.0,1.7200952192025392,0.0016798580776500377,True,vec,16,"{""1"": 14, ""2"": 14, ""3"": 5, ""4"": 13, ""5"": 10, ""6"": 0, ""7"": 14, ""8"": 8, ""9"": 0, ""10"": 2}"
750,750,True,,gemm\random\mappings\sample_750_seed_750.csv,4.610315390300181,326.38204091031,1.3956779427431034,0,0.0001467147,0.0,96256.0,17408.0,1.0345169609204523,0.001677537019878763,True,vec,16,"{""1"": 10, ""2"": 13, ""3"": 4, ""4"": 7, ""5"": 14, ""6"": 3, ""7"": 1, ""8"": 3, ""9"": 9, ""10"": 11}"
751,751,True,,gemm\random\mappings\sample_751_seed_751.csv,5.993578449901343,327.68521850023,1.3087343171710997,1,0.0001666167,0.17856875,145408.0,33792.0,2.062884348343583,0.0017860754882809205,True,vec,16,"{""1"": 3, ""2"": 10, ""3"": 13, ""4"": 10, ""5"": 6, ""6"": 0, ""7"": 3, ""8"": 7, ""9"": 4, ""10"": 10}"
752,752,True,,gemm\random\mappings\sample_752_seed_752.csv,5.022603110860861,327.7204372157,1.5729082305997286,1,0.0001186486,0.148450703125,128000.0,20480.0,1.8216623685776632,0.0015334620881029173,True,vec,16,"{""1"": 1, ""2"": 10, ""3"": 12, ""4"": 2, ""5"": 8, ""6"": 4, ""7"": 9, ""8"": 12, ""9"": 2, ""10"": 10}"
753,753,True,,gemm\random\mappings\sample_753_seed_753.csv,5.670184448531626,327.93313856663,1.7204152530451884,3,0.0001182528,0.5194511979166687,120832.0,34816.0,1.1868676849831383,0.0015346741489686757,True,vec,16,"{""1"": 11, ""2"": 2, ""3"": 10, ""4"": 5, ""5"": 1, ""6"": 1, ""7"": 15, ""8"": 13, ""9"": 14, ""10"": 8}"
754,754,True,,gemm\random\mappings\sample_754_seed_754.csv,5.020573823881308,327.68884424713,1.683826388802364,2,0.0001178006,0.30424609375,94208.0,19456.0,1.7581829002182108,0.0015300743337965915,True,vec,16,"{""1"": 5, ""2"": 15, ""3"": 4, ""4"": 5, ""5"": 3, ""6"": 3, ""7"": 0, ""8"": 7, ""9"": 4, ""10"": 2}"
755,755,True,,gemm\random\mappings\sample_755_seed_755.csv,5.566478459732803,325.72419385581,1.29406935080574,0,0.0001665188,0.0,125952.0,32768.0,2.177147391390597,0.001781480401461734,True,vec,16,"{""1"": 12, ""2"": 10, ""3"": 9, ""4"": 2, ""5"": 9, ""6"": 11, ""7"": 6, ""8"": 11, ""9"": 0, ""10"": 9}"
756,756,True,,gemm\random\mappings\sample_756_seed_756.csv,5.859384194738224,327.93571931656,1.4724643688131753,2,0.000168739,0.1017365625,148480.0,25600.0,1.5931362824836341,0.0018007545998022967,True,vec,16,"{""1"": 14, ""2"": 8, ""3"": 11, ""4"": 3, ""5"": 3, ""6"": 7, ""7"": 5, ""8"": 10, ""9"": 12, ""10"": 7}"
757,757,True,,gemm\random\mappings\sample_757_seed_757.csv,5.82683719121619,327.45315437849,1.3478384312497886,1,0.0001664226,0.09387166666666875,105472.0,34816.0,1.9740130926403492,0.0017835920261050678,True,vec,16,"{""1"": 12, ""2"": 5, ""3"": 14, ""4"": 6, ""5"": 14, ""6"": 9, ""7"": 13, ""8"": 5, ""9"": 8, ""10"": 9}"
758,758,True,,gemm\random\mappings\sample_758_seed_758.csv,4.46008027430627,326.77830860821,1.4513969547459886,0,0.0001169329,0.0,94208.0,16384.0,1.8216623685776632,0.0015182103234779275,True,vec,16,"{""1"": 10, ""2"": 2, ""3"": 8, ""4"": 15, ""5"": 13, ""6"": 0, ""7"": 13, ""8"": 15, ""9"": 7, ""10"": 8}"
759,759,True,,gemm\random\mappings\sample_759_seed_759.csv,5.300047666538196,326.29130625509,1.555021777444239,0,0.000146779,0.0,117760.0,34816.0,1.0345169609204523,0.001679497385669844,True,vec,16,"{""1"": 1, ""2"": 2, ""3"": 10, ""4"": 6, ""5"": 14, ""6"": 3, ""7"": 15, ""8"": 0, ""9"": 0, ""10"": 11}"
760,760,True,,gemm\random\mappings\sample_760_seed_760.csv,5.699962623409618,326.74931895247,1.3995948178088644,0,0.0001667446,0.0,140288.0,32768.0,1.8216623685776632,0.0017851483955730891,True,vec,16,"{""1"": 4, ""2"": 3, ""3"": 10, ""4"": 3, ""5"": 6, ""6"": 0, ""7"": 12, ""8"": 10, ""9"": 15, ""10"": 14}"
761,761,True,,gemm\random\mappings\sample_761_seed_761.csv,4.8034976376044805,327.71859382149,1.6236588361369653,1,0.0001182149,0.151329296875,86016.0,18432.0,1.7581829002182108,0.0015313100162707397,True,vec,16,"{""1"": 7, ""2"": 7, ""3"": 8, ""4"": 10, ""5"": 3, ""6"": 10, ""7"": 6, ""8"": 0, ""9"": 3, ""10"": 9}"
762,762,True,,gemm\random\mappings\sample_762_seed_762.csv,4.9391139086148,326.17707025728,1.3209123789344097,0,0.0001463946,0.0,116736.0,25600.0,1.2884348343582623,0.001675466392350012,True,vec,16,"{""1"": 11, ""2"": 5, ""3"": 12, ""4"": 7, ""5"": 2, ""6"": 10, ""7"": 6, ""8"": 6, ""9"": 0, ""10"": 7}"
763,763,True,,gemm\random\mappings\sample_763_seed_763.csv,5.7806105799183305,326.42966127887,1.425427303793341,0,0.0001665206,0.0,134144.0,36864.0,1.8216623685776632,0.0017828325091811857,True,vec,16,"{""1"": 0, ""2"": 15, ""3"": 3, ""4"": 1, ""5"": 3, ""6"": 10, ""7"": 4, ""8"": 4, ""9"": 11, ""10"": 10}"
764,764,True,,gemm\random\mappings\sample_764_seed_764.csv,5.10768145230737,327.49605544483,1.5604933682057562,1,0.000146699,0.134051375,117760.0,20480.0,1.0345169609204523,0.0016821368195106597,True,vec,16,"{""1"": 5, ""2"": 2, ""3"": 13, ""4"": 12, ""5"": 7, ""6"": 4, ""7"": 8, ""8"": 1, ""9"": 4, ""10"": 15}"
765,765,True,,gemm\random\mappings\sample_765_seed_765.csv,4.98598191528756,326.88252350719,1.455595944217225,0,0.0001464688,0.0,159744.0,18432.0,1.1487800039674667,0.001677523036794163,True,vec,16,"{""1"": 1, ""2"": 15, ""3"": 7, ""4"": 13, ""5"": 8, ""6"": 5, ""7"": 5, ""8"": 3, ""9"": 1, ""10"": 12}"
766,766,True,,gemm\random\mappings\sample_766_seed_766.csv,5.019372161287906,327.26553627189,1.5454911357906178,1,0.0001168889,0.0286085,105472.0,29696.0,1.3773060900614957,0.0015193098788722163,True,vec,16,"{""1"": 8, ""2"": 7, ""3"": 11, ""4"": 8, ""5"": 10, ""6"": 4, ""7"": 9, ""8"": 3, ""9"": 10, ""10"": 14}"
767,767,True,,gemm\random\mappings\sample_767_seed_767.csv,4.902663273920963,327.88078662493,1.7856467745073086,1,0.000119331,0.21364919642856878,109568.0,18432.0,1.2503471533425907,0.0015398906353118627,True,vec,16,"{""1"": 3, ""2"": 3, ""3"": 15, ""4"": 6, ""5"": 14, ""6"": 9, ""7"": 4, ""8"": 11, ""9"": 13, ""10"": 15}"
768,768,True,,gemm\random\mappings\sample_768_seed_768.csv,4.6674606735342845,327.68196161044,1.5268673272145445,1,0.0001176626,0.19896708333333124,133120.0,16384.0,0.8059908748264233,0.0015253804743830517,True,vec,16,"{""1"": 2, ""2"": 8, ""3"": 14, ""4"": 9, ""5"": 7, ""6"": 15, ""7"": 4, ""8"": 0, ""9"": 6, ""10"": 1}"
769,769,True,,gemm\random\mappings\sample_769_seed_769.csv,4.915696468070108,326.73954878708,1.636267559336031,0,0.0001166608,0.0,107520.0,27648.0,1.7073993255306488,0.0015176894240294249,True,vec,16,"{""1"": 0, ""2"": 5, ""3"": 3, ""4"": 11, ""5"": 0, ""6"": 5, ""7"": 2, ""8"": 6, ""9"": 13, ""10"": 0}"
770,770,True,,gemm\random\mappings\sample_770_seed_770.csv,4.792469490147317,326.67353286261,1.5727148597487983,0,0.0001168546,0.0,123904.0,25600.0,1.3011307280301527,0.001518702217691443,True,vec,16,"{""1"": 12, ""2"": 5, ""3"": 14, ""4"": 4, ""5"": 1, ""6"": 10, ""7"": 1, ""8"": 6, ""9"": 12, ""10"": 13}"
771,771,True,,gemm\random\mappings\sample_771_seed_771.csv,4.738350538719195,327.03464377303,1.425657563631616,0,0.0001466347,0.0,84992.0,16384.0,1.6058321761555248,0.0016773621049083307,True,vec,16,"{""1"": 12, ""2"": 4, ""3"": 5, ""4"": 14, ""5"": 12, ""6"": 2, ""7"": 9, ""8"": 9, ""9"": 4, ""10"": 11}"
772,772,True,,gemm\random\mappings\sample_772_seed_772.csv,5.0594434995129784,326.66998775816,1.4442968125262314,0,0.0001167586,0.0,119808.0,34816.0,1.5677444951398531,0.0015173759915397093,True,vec,16,"{""1"": 3, ""2"": 10, ""3"": 1, ""4"": 6, ""5"": 4, ""6"": 10, ""7"": 15, ""8"": 8, ""9"": 1, ""10"": 5}"
773,773,True,,gemm\random\mappings\sample_773_seed_773.csv,6.256065108133914,328.06530813437,1.6380433223724333,2,0.000171395,0.3635049375,140288.0,33792.0,1.5550486014679628,0.0018257718504721102,True,vec,16,"{""1"": 5, ""2"": 15, ""3"": 11, ""4"": 10, ""5"": 15, ""6"": 14, ""7"": 5, ""8"": 2, ""9"": 8, ""10"": 3}"
774,774,True,,gemm\random\mappings\sample_774_seed_774.csv,5.061042760845663,327.5959893711,1.5680062979655998,1,0.0001184349,0.12767848214285626,123904.0,25600.0,1.4407855584209481,0.0015312102783674635,True,vec,16,"{""1"": 9, ""2"": 0, ""3"": 3, ""4"": 15, ""5"": 14, ""6"": 5, ""7"": 7, ""8"": 8, ""9"": 14, ""10"": 15}"
775,775,True,,gemm\random\mappings\sample_775_seed_775.csv,6.14548162174306,327.45941352368,1.534021115305183,1,0.0001665868,0.03953267045454562,142336.0,34816.0,2.431065264828407,0.0017862756510374522,True,vec,16,"{""1"": 15, ""2"": 0, ""3"": 5, ""4"": 13, ""5"": 13, ""6"": 0, ""7"": 0, ""8"": 4, ""9"": 10, ""10"": 3}"
776,776,True,,gemm\random\mappings\sample_776_seed_776.csv,4.741327219186921,326.47876825591,1.515660784090511,0,0.0001168868,0.0,134144.0,21504.0,1.6820075381868678,0.0015188290483958908,True,vec,16,"{""1"": 14, ""2"": 13, ""3"": 3, ""4"": 15, ""5"": 0, ""6"": 14, ""7"": 13, ""8"": 0, ""9"": 7, ""10"": 1}"
777,777,True,,gemm\random\mappings\sample_777_seed_777.csv,5.407718970033584,326.50636422905,1.4169593900177266,0,0.0001665987,0.0,113664.0,24576.0,2.202539178734378,0.0017829348566137397,True,vec,16,"{""1"": 7, ""2"": 14, ""3"": 14, ""4"": 11, ""5"": 8, ""6"": 10, ""7"": 1, ""8"": 14, ""9"": 12, ""10"": 9}"
778,778,True,,gemm\random\mappings\sample_778_seed_778.csv,5.201564773999711,326.23138391527,1.285176129190655,0,0.0001667269,0.0,125952.0,24576.0,1.4407855584209481,0.0017836368087637078,True,vec,16,"{""1"": 1, ""2"": 11, ""3"": 4, ""4"": 11, ""5"": 6, ""6"": 13, ""7"": 9, ""8"": 15, ""9"": 0, ""10"": 5}"
779,779,True,,gemm\random\mappings\sample_779_seed_779.csv,4.405451588572751,326.67777984113,1.5228758527376585,0,0.0001168087,0.0,78848.0,19456.0,1.3011307280301527,0.0015178276861037862,True,vec,16,"{""1"": 5, ""2"": 12, ""3"": 6, ""4"": 7, ""5"": 9, ""6"": 9, ""7"": 5, ""8"": 15, ""9"": 8, ""10"": 14}"
780,780,True,,gemm\random\mappings\sample_780_seed_780.csv,4.829599786285914,327.40509454355,1.4538764366123405,1,0.0001465049,0.101054375,60416.0,18432.0,1.3773060900614957,0.0016780127118882129,True,vec,16,"{""1"": 6, ""2"": 10, ""3"": 5, ""4"": 14, ""5"": 6, ""6"": 13, ""7"": 13, ""8"": 3, ""9"": 2, ""10"": 2}"
781,781,True,,gemm\random\mappings\sample_781_seed_781.csv,4.576296389857179,327.62245326276,1.4843208458744872,1,0.0001175251,0.17609229166666876,103424.0,16384.0,1.0599087482642333,0.0015240389264483056,True,vec,16,"{""1"": 6, ""2"": 7, ""3"": 12, ""4"": 4, ""5"": 10, ""6"": 15, ""7"": 2, ""8"": 8, ""9"": 3, ""10"": 12}"
782,782,True,,gemm\random\mappings\sample_782_seed_782.csv,5.439436435152483,326.82632455768,1.5336310345785773,0,0.0001466647,0.0,138240.0,24576.0,2.583415988891093,0.0016787981932812532,True,vec,16,"{""1"": 3, ""2"": 8, ""3"": 10, ""4"": 11, ""5"": 14, ""6"": 10, ""7"": 8, ""8"": 8, ""9"": 9, ""10"": 10}"
783,783,True,,gemm\random\mappings\sample_783_seed_783.csv,5.215171725649728,327.99769514452,1.5798115125107814,1,0.0001465046,0.364504375,103424.0,17408.0,1.7200952192025392,0.0016854180287720938,True,vec,16,"{""1"": 6, ""2"": 6, ""3"": 14, ""4"": 12, ""5"": 8, ""6"": 6, ""7"": 3, ""8"": 3, ""9"": 5, ""10"": 2}"
784,784,True,,gemm\random\mappings\sample_784_seed_784.csv,5.362235643785486,326.73092738334,1.3196679660633066,0,0.0001664746,0.0,95232.0,24576.0,2.431065264828407,0.0017812395521143044,True,vec,16,"{""1"": 13, ""2"": 1, ""3"": 9, ""4"": 7, ""5"": 9, ""6"": 9, ""7"": 10, ""8"": 15, ""9"": 15, ""10"": 11}"
785,785,True,,gemm\random\mappings\sample_785_seed_785.csv,6.683583057888521,328.30289523911,1.9821477943898098,4,0.0001482286,0.9389524275568187,152576.0,32768.0,2.329498115453283,0.0017156964770091133,True,vec,16,"{""1"": 3, ""2"": 5, ""3"": 12, ""4"": 0, ""5"": 4, ""6"": 12, ""7"": 4, ""8"": 8, ""9"": 12, ""10"": 8}"
786,786,True,,gemm\random\mappings\sample_786_seed_786.csv,5.670886263935201,327.62289955393,1.564284239567849,1,0.0001477348,0.10165958333333125,129024.0,34816.0,1.2884348343582623,0.00168725552966051,True,vec,16,"{""1"": 11, ""2"": 1, ""3"": 8, ""4"": 6, ""5"": 5, ""6"": 2, ""7"": 3, ""8"": 10, ""9"": 3, ""10"": 5}"
787,787,True,,gemm\random\mappings\sample_787_seed_787.csv,5.7967572613067135,327.39606300627,1.5000253070954463,1,0.0001677309,0.036455240384615624,124928.0,27648.0,2.202539178734378,0.0017920592280348017,True,vec,16,"{""1"": 9, ""2"": 15, ""3"": 15, ""4"": 4, ""5"": 11, ""6"": 2, ""7"": 8, ""8"": 15, ""9"": 5, ""10"": 7}"
788,788,True,,gemm\random\mappings\sample_788_seed_788.csv,5.533548278424204,328.16508361855,1.7843402304036502,2,0.0001204849,0.5934550000000001,168960.0,24576.0,1.1868676849831383,0.0015525309286647613,True,vec,16,"{""1"": 15, ""2"": 0, ""3"": 11, ""4"": 5, ""5"": 4, ""6"": 6, ""7"": 5, ""8"": 10, ""9"": 7, ""10"": 12}"
789,789,True,,gemm\random\mappings\sample_789_seed_789.csv,5.197870340690452,326.57565230474,1.373952974275692,0,0.0001459588,0.0,130048.0,28672.0,1.5296568141241818,0.0016734948690589155,True,vec,16,"{""1"": 15, ""2"": 1, ""3"": 15, ""4"": 4, ""5"": 12, ""6"": 9, ""7"": 9, ""8"": 6, ""9"": 10, ""10"": 9}"
790,790,True,,gemm\random\mappings\sample_790_seed_790.csv,5.209663439006517,327.55678402346,1.4208258049774287,1,0.0001465028,0.161115,110592.0,24576.0,1.3011307280301527,0.0016799977994798171,True,vec,16,"{""1"": 9, ""2"": 14, ""3"": 2, ""4"": 15, ""5"": 4, ""6"": 8, ""7"": 1, ""8"": 8, ""9"": 9, ""10"": 1}"
791,791,True,,gemm\random\mappings\sample_791_seed_791.csv,5.3242986013059985,326.75610166874,1.3222739079370127,0,0.0001664748,0.0,74752.0,28672.0,2.012100773656021,0.0017828853954963489,True,vec,16,"{""1"": 6, ""2"": 0, ""3"": 6, ""4"": 5, ""5"": 5, ""6"": 13, ""7"": 0, ""8"": 10, ""9"": 9, ""10"": 7}"
792,792,True,,gemm\random\mappings\sample_792_seed_792.csv,5.26565042095698,328.38943854673,1.7446869431854504,2,0.0001208247,0.4335871875,114688.0,18432.0,1.9105336242808966,0.0015555330606972795,True,vec,16,"{""1"": 13, ""2"": 3, ""3"": 13, ""4"": 4, ""5"": 2, ""6"": 2, ""7"": 10, ""8"": 6, ""9"": 3, ""10"": 6}"
793,793,True,,gemm\random\mappings\sample_793_seed_793.csv,4.810692945391783,326.51124010184,1.314524248382275,0,0.0001465207,0.0,108544.0,16384.0,2.012100773656021,0.0016758597067378254,True,vec,16,"{""1"": 8, ""2"": 3, ""3"": 0, ""4"": 14, ""5"": 8, ""6"": 14, ""7"": 6, ""8"": 6, ""9"": 12, ""10"": 14}"
794,794,True,,gemm\random\mappings\sample_794_seed_794.csv,4.776938517708796,327.99797296017,1.6193005789513024,2,0.0001184989,0.5784283333333312,70656.0,12288.0,1.7581829002182108,0.0015349402128284485,True,vec,16,"{""1"": 9, ""2"": 5, ""3"": 2, ""4"": 9, ""5"": 13, ""6"": 13, ""7"": 2, ""8"": 1, ""9"": 0, ""10"": 7}"
795,795,True,,gemm\random\mappings\sample_795_seed_795.csv,5.305254079080345,327.78883441575,1.6892438312504212,1,0.0001187048,0.267087625,106496.0,32768.0,1.3392184090458243,0.0015348958361030163,True,vec,16,"{""1"": 12, ""2"": 14, ""3"": 15, ""4"": 5, ""5"": 9, ""6"": 9, ""7"": 6, ""8"": 10, ""9"": 7, ""10"": 6}"
796,796,True,,gemm\random\mappings\sample_796_seed_796.csv,5.957017699434967,327.89946416193,1.6807687414443166,3,0.0001666809,0.35906554927884377,73728.0,26624.0,2.164451497718707,0.0017970281764877255,True,vec,16,"{""1"": 14, ""2"": 15, ""3"": 12, ""4"": 13, ""5"": 13, ""6"": 14, ""7"": 15, ""8"": 0, ""9"": 1, ""10"": 14}"
797,797,True,,gemm\random\mappings\sample_797_seed_797.csv,5.730191719829257,327.51803073528,1.4934717353336562,1,0.0001671388,0.031734711538461254,132096.0,24576.0,2.202539178734378,0.0017893824234914658,True,vec,16,"{""1"": 12, ""2"": 4, ""3"": 2, ""4"": 15, ""5"": 15, ""6"": 0, ""7"": 8, ""8"": 11, ""9"": 15, ""10"": 3}"
798,798,True,,gemm\random\mappings\sample_798_seed_798.csv,4.861105286074614,326.80311838049,1.409465878525419,0,0.0001663949,0.0,80896.0,10240.0,2.202539178734378,0.0017828916390292193,True,vec,16,"{""1"": 13, ""2"": 8, ""3"": 13, ""4"": 1, ""5"": 13, ""6"": 7, ""7"": 8, ""8"": 14, ""9"": 2, ""10"": 15}"
799,799,True,,gemm\random\mappings\sample_799_seed_799.csv,5.353377665370915,326.72820870812,1.5568088932546098,0,0.0001464066,0.0,117760.0,24576.0,2.5580242015473122,0.0016773111948557445,True,vec,16,"{""1"": 6, ""2"": 12, ""3"": 15, ""4"": 0, ""5"": 5, ""6"": 12, ""7"": 0, ""8"": 5, ""9"": 0, ""10"": 1}"
800,800,True,,gemm\random\mappings\sample_800_seed_800.csv,5.676591814483013,328.16502675685,1.5733427379146412,2,0.0001464547,0.39742903289473747,80896.0,25600.0,2.5072406268597502,0.0016903575065274213,True,vec,16,"{""1"": 15, ""2"": 1, ""3"": 15, ""4"": 14, ""5"": 10, ""6"": 1, ""7"": 15, ""8"": 6, ""9"": 6, ""10"": 1}"
801,801,True,,gemm\random\mappings\sample_801_seed_801.csv,5.231981429993046,327.85584429157,1.9091885422883845,3,0.0001193048,0.34036751644736873,86016.0,18432.0,1.8724459432652252,0.001545629494630156,True,vec,16,"{""1"": 3, ""2"": 6, ""3"": 11, ""4"": 3, ""5"": 15, ""6"": 3, ""7"": 15, ""8"": 2, ""9"": 4, ""10"": 10}"
802,802,True,,gemm\random\mappings\sample_802_seed_802.csv,5.230310259937332,327.69215377029,1.6655193957636785,1,0.000117741481,0.146347625,102400.0,32768.0,1.3392184090458243,0.0015269224717102128,True,vec,16,"{""1"": 4, ""2"": 11, ""3"": 10, ""4"": 9, ""5"": 5, ""6"": 11, ""7"": 15, ""8"": 12, ""9"": 2, ""10"": 15}"
803,803,True,,gemm\random\mappings\sample_803_seed_803.csv,5.170721321663059,326.57928693463,1.2893117141658643,0,0.0001760528,0.0,123904.0,16384.0,1.8343582622495536,0.001834263216802332,True,vec,16,"{""1"": 3, ""2"": 5, ""3"": 15, ""4"": 13, ""5"": 3, ""6"": 7, ""7"": 4, ""8"": 7, ""9"": 7, ""10"": 4}"
804,804,True,,gemm\random\mappings\sample_804_seed_804.csv,5.09687814193723,327.01570264683,1.5893292405955333,0,0.0001169829,0.0,140288.0,32768.0,1.1868676849831383,0.0015196316682694882,True,vec,16,"{""1"": 15, ""2"": 14, ""3"": 2, ""4"": 10, ""5"": 0, ""6"": 2, ""7"": 7, ""8"": 5, ""9"": 11, ""10"": 1}"
805,805,True,,gemm\random\mappings\sample_805_seed_805.csv,5.6591950332746785,326.80785891414,1.4133971072742626,0,0.0001765066,0.0,152576.0,27648.0,1.5677444951398531,0.0018380088950696945,True,vec,16,"{""1"": 15, ""2"": 7, ""3"": 2, ""4"": 8, ""5"": 1, ""6"": 14, ""7"": 14, ""8"": 10, ""9"": 14, ""10"": 15}"
806,806,True,,gemm\random\mappings\sample_806_seed_806.csv,5.216593806160555,326.14434503323,1.3357045532234801,0,0.0001664748,0.0,111616.0,24576.0,1.7073993255306488,0.0017826578182390416,True,vec,16,"{""1"": 14, ""2"": 0, ""3"": 9, ""4"": 10, ""5"": 9, ""6"": 7, ""7"": 14, ""8"": 2, ""9"": 15, ""10"": 15}"
807,807,True,,gemm\random\mappings\sample_807_seed_807.csv,5.12111692941169,327.78674723377,1.5762421347163214,1,0.0001465968,0.267700375,94208.0,16384.0,1.7962705812338822,0.001684111381540147,True,vec,16,"{""1"": 11, ""2"": 3, ""3"": 5, ""4"": 7, ""5"": 9, ""6"": 5, ""7"": 4, ""8"": 1, ""9"": 5, ""10"": 12}"
808,808,True,,gemm\random\mappings\sample_808_seed_808.csv,5.626384162706818,326.79635248665,1.4331676894802843,0,0.0001664587,0.0,106496.0,34816.0,1.7073993255306488,0.0017835208071476638,True,vec,16,"{""1"": 11, ""2"": 14, ""3"": 9, ""4"": 4, ""5"": 14, ""6"": 7, ""7"": 11, ""8"": 12, ""9"": 15, ""10"": 7}"
809,809,True,,gemm\random\mappings\sample_809_seed_809.csv,4.783160727796455,327.26751349914,1.4713476885541237,1,0.0001170547,0.034721125000000005,124928.0,19456.0,1.5550486014679628,0.0015200575524214723,True,vec,16,"{""1"": 1, ""2"": 12, ""3"": 5, ""4"": 9, ""5"": 14, ""6"": 7, ""7"": 14, ""8"": 1, ""9"": 8, ""10"": 5}"
810,810,True,,gemm\random\mappings\sample_810_seed_810.csv,4.714784865413394,326.66552025248,1.534925206128712,0,0.0001168548,0.0,130048.0,25600.0,0.9202539178734378,0.0015186930326875803,True,vec,16,"{""1"": 14, ""2"": 1, ""3"": 5, ""4"": 8, ""5"": 6, ""6"": 13, ""7"": 2, ""8"": 7, ""9"": 14, ""10"": 9}"
811,811,True,,gemm\random\mappings\sample_811_seed_811.csv,4.718466474187688,326.61824696378,1.4137863309189729,0,0.0001170668,0.0,114688.0,27648.0,1.1868676849831383,0.001518963742617065,True,vec,16,"{""1"": 2, ""2"": 5, ""3"": 13, ""4"": 1, ""5"": 7, ""6"": 1, ""7"": 3, ""8"": 10, ""9"": 8, ""10"": 15}"
812,812,True,,gemm\random\mappings\sample_812_seed_812.csv,5.081011424854253,326.573526682,1.3158330748075107,0,0.0001664728,0.0,118784.0,16384.0,1.9740130926403492,0.001781579634906953,True,vec,16,"{""1"": 1, ""2"": 12, ""3"": 9, ""4"": 11, ""5"": 9, ""6"": 6, ""7"": 6, ""8"": 7, ""9"": 13, ""10"": 6}"
813,813,True,,gemm\random\mappings\sample_813_seed_813.csv,6.0363649330238625,327.5291711897,1.702168559007039,1,0.0001679088,0.06484911458333124,81920.0,31744.0,2.938901011704027,0.0017962655932475642,True,vec,16,"{""1"": 4, ""2"": 0, ""3"": 12, ""4"": 12, ""5"": 8, ""6"": 5, ""7"": 0, ""8"": 10, ""9"": 0, ""10"": 12}"
814,814,True,,gemm\random\mappings\sample_814_seed_814.csv,4.978889539019805,327.62588974012,1.423063994395901,1,0.0001461047,0.19567687499999997,84992.0,20480.0,1.2249553659988097,0.0016785108669692412,True,vec,16,"{""1"": 4, ""2"": 4, ""3"": 7, ""4"": 0, ""5"": 10, ""6"": 5, ""7"": 13, ""8"": 5, ""9"": 14, ""10"": 2}"
815,815,True,,gemm\random\mappings\sample_815_seed_815.csv,5.483617639992971,326.80050811927,1.247404847932503,0,0.0001665526,0.0,114688.0,32768.0,1.5931362824836341,0.0017823909255897884,True,vec,16,"{""1"": 0, ""2"": 9, ""3"": 1, ""4"": 9, ""5"": 10, ""6"": 15, ""7"": 3, ""8"": 2, ""9"": 6, ""10"": 6}"
816,816,True,,gemm\random\mappings\sample_816_seed_816.csv,4.878720087685914,327.62492369027,1.551587560264522,1,0.0001182128,0.191880375,110592.0,25600.0,0.8059908748264233,0.0015299055978601392,True,vec,16,"{""1"": 5, ""2"": 3, ""3"": 13, ""4"": 15, ""5"": 2, ""6"": 1, ""7"": 9, ""8"": 11, ""9"": 6, ""10"": 8}"
817,817,True,,gemm\random\mappings\sample_817_seed_817.csv,4.748278298420204,326.51069180263,1.4894267821248048,0,0.0001168868,0.0,111616.0,25600.0,1.5677444951398531,0.0015182362159492284,True,vec,16,"{""1"": 4, ""2"": 10, ""3"": 11, ""4"": 6, ""5"": 8, ""6"": 9, ""7"": 8, ""8"": 14, ""9"": 6, ""10"": 1}"
818,818,True,,gemm\random\mappings\sample_818_seed_818.csv,5.476761093211928,328.22903935191,1.8974659572574435,3,0.0001211888,0.7697135576923062,94208.0,26624.0,0.9964292799047808,0.0015606642918771182,True,vec,16,"{""1"": 15, ""2"": 10, ""3"": 15, ""4"": 2, ""5"": 14, ""6"": 1, ""7"": 12, ""8"": 13, ""9"": 5, ""10"": 0}"
819,819,True,,gemm\random\mappings\sample_819_seed_819.csv,5.090095725880031,327.45898631801,1.5912173693039056,1,0.0001169266,0.12147833333333125,88064.0,26624.0,2.164451497718707,0.0015204042075076237,True,vec,16,"{""1"": 11, ""2"": 5, ""3"": 4, ""4"": 9, ""5"": 11, ""6"": 4, ""7"": 9, ""8"": 8, ""9"": 10, ""10"": 9}"
820,820,True,,gemm\random\mappings\sample_820_seed_820.csv,4.856349707004575,327.92788025384,1.7152442245452655,1,0.0001182247,0.1483490625,77824.0,19456.0,1.7073993255306488,0.0015319399895924297,True,vec,16,"{""1"": 6, ""2"": 10, ""3"": 15, ""4"": 3, ""5"": 6, ""6"": 7, ""7"": 8, ""8"": 1, ""9"": 3, ""10"": 6}"
821,821,True,,gemm\random\mappings\sample_821_seed_821.csv,5.859130216758507,328.01164888829,1.700161314105447,3,0.0001488748,0.5747700104166688,120832.0,25600.0,1.6693116445149772,0.0017067070254646256,True,vec,16,"{""1"": 15, ""2"": 9, ""3"": 11, ""4"": 7, ""5"": 3, ""6"": 3, ""7"": 12, ""8"": 8, ""9"": 8, ""10"": 11}"
822,822,True,,gemm\random\mappings\sample_822_seed_822.csv,5.075488481675927,326.82588671638,1.5692574807835244,0,0.0001168066,0.0,155648.0,32768.0,0.9583415988891093,0.0015186299492078216,True,vec,16,"{""1"": 3, ""2"": 12, ""3"": 10, ""4"": 5, ""5"": 14, ""6"": 9, ""7"": 13, ""8"": 2, ""9"": 6, ""10"": 13}"
823,823,True,,gemm\random\mappings\sample_823_seed_823.csv,4.840548608988154,327.0172498015,1.3925439732858074,0,0.0001464867,0.0,80896.0,19456.0,1.7962705812338822,0.001676470013132852,True,vec,16,"{""1"": 10, ""2"": 7, ""3"": 5, ""4"": 2, ""5"": 11, ""6"": 6, ""7"": 6, ""8"": 11, ""9"": 5, ""10"": 9}"
824,824,True,,gemm\random\mappings\sample_824_seed_824.csv,5.98280560108018,328.15987112318,1.5123749480479574,3,0.0001685767,0.6523014375,93184.0,26624.0,1.7835746875619918,0.001808305399630444,True,vec,16,"{""1"": 4, ""2"": 11, ""3"": 1, ""4"": 4, ""5"": 1, ""6"": 0, ""7"": 2, ""8"": 6, ""9"": 7, ""10"": 2}"
825,825,True,,gemm\random\mappings\sample_825_seed_825.csv,5.846087046528882,327.25872505851,1.3700454102160038,1,0.0001664848,0.009749296875,121856.0,34816.0,1.8978377306090062,0.0017835553681847633,True,vec,16,"{""1"": 8, ""2"": 9, ""3"": 3, ""4"": 6, ""5"": 6, ""6"": 1, ""7"": 3, ""8"": 10, ""9"": 11, ""10"": 8}"
826,826,True,,gemm\random\mappings\sample_826_seed_826.csv,5.5585920193256895,327.99503333002,1.6681772097225511,3,0.0001205689,0.6347804739583313,134144.0,27648.0,1.3011307280301527,0.0015511353179717075,True,vec,16,"{""1"": 8, ""2"": 15, ""3"": 11, ""4"": 4, ""5"": 6, ""6"": 0, ""7"": 4, ""8"": 7, ""9"": 8, ""10"": 10}"
827,827,True,,gemm\random\mappings\sample_827_seed_827.csv,5.2367812402778595,326.04837554365,1.4658930465993039,0,0.0001663746,0.0,112640.0,18432.0,2.431065264828407,0.001782097720301924,True,vec,16,"{""1"": 11, ""2"": 8, ""3"": 15, ""4"": 1, ""5"": 15, ""6"": 15, ""7"": 2, ""8"": 12, ""9"": 12, ""10"": 13}"
828,828,True,,gemm\random\mappings\sample_828_seed_828.csv,5.061576595921302,325.63060422774,1.3257299126979625,0,0.0001668748,0.0,89088.0,22528.0,1.9232295179527872,0.0017838146584389374,True,vec,16,"{""1"": 6, ""2"": 4, ""3"": 2, ""4"": 7, ""5"": 4, ""6"": 11, ""7"": 11, ""8"": 13, ""9"": 14, ""10"": 7}"
829,829,True,,gemm\random\mappings\sample_829_seed_829.csv,4.424239035389316,326.67183148171,1.4485799160513615,0,0.0001167089,0.0,97280.0,18432.0,1.3773060900614957,0.0015169383951668428,True,vec,16,"{""1"": 6, ""2"": 9, ""3"": 15, ""4"": 6, ""5"": 0, ""6"": 9, ""7"": 1, ""8"": 12, ""9"": 2, ""10"": 8}"
830,830,True,,gemm\random\mappings\sample_830_seed_830.csv,5.769053026362038,327.61763237356,1.3380069116715034,1,0.0001666146,0.10572333333333124,162816.0,25600.0,1.9359254116246776,0.0017860499429254505,True,vec,16,"{""1"": 3, ""2"": 7, ""3"": 8, ""4"": 8, ""5"": 14, ""6"": 0, ""7"": 7, ""8"": 13, ""9"": 3, ""10"": 9}"
831,831,True,,gemm\random\mappings\sample_831_seed_831.csv,5.541742384756878,327.62845776632,1.522853412274838,1,0.0001469649,0.1400999107142875,110592.0,26624.0,2.278714540765721,0.0016835931803660896,True,vec,16,"{""1"": 5, ""2"": 11, ""3"": 12, ""4"": 4, ""5"": 0, ""6"": 4, ""7"": 7, ""8"": 4, ""9"": 7, ""10"": 0}"
832,832,True,,gemm\random\mappings\sample_832_seed_832.csv,5.370701456714358,327.36306519294,1.4555575399996072,1,0.0001665827,0.0502871875,120832.0,17408.0,1.9359254116246776,0.0017865655726651737,True,vec,16,"{""1"": 10, ""2"": 7, ""3"": 12, ""4"": 12, ""5"": 3, ""6"": 4, ""7"": 15, ""8"": 10, ""9"": 3, ""10"": 13}"
833,833,True,,gemm\random\mappings\sample_833_seed_833.csv,5.399688425851114,327.69757320431,1.5539673877371982,1,0.0001482948,0.10349403409090625,105472.0,24576.0,1.8724459432652252,0.0016921926217859998,True,vec,16,"{""1"": 9, ""2"": 11, ""3"": 5, ""4"": 3, ""5"": 15, ""6"": 15, ""7"": 13, ""8"": 4, ""9"": 15, ""10"": 9}"
834,834,True,,gemm\random\mappings\sample_834_seed_834.csv,5.647695865628131,328.39288452345,1.675191344884438,2,0.0001464869,0.82068075,115712.0,24576.0,1.1487800039674667,0.0016959888824232515,True,vec,16,"{""1"": 9, ""2"": 6, ""3"": 7, ""4"": 5, ""5"": 3, ""6"": 9, ""7"": 0, ""8"": 0, ""9"": 15, ""10"": 13}"
835,835,True,,gemm\random\mappings\sample_835_seed_835.csv,4.766933169021865,326.67418428413,1.483134553807524,0,0.0001463426,0.0,92160.0,16384.0,1.6693116445149772,0.0016764715366956366,True,vec,16,"{""1"": 6, ""2"": 11, ""3"": 3, ""4"": 10, ""5"": 9, ""6"": 14, ""7"": 13, ""8"": 13, ""9"": 3, ""10"": 9}"
836,836,True,,gemm\random\mappings\sample_836_seed_836.csv,6.158209700133184,328.06125634468,1.7299984965411666,2,0.0001666449,0.4666444270833313,178176.0,19456.0,2.4437611585002976,0.0017997676416233444,True,vec,16,"{""1"": 13, ""2"": 0, ""3"": 3, ""4"": 0, ""5"": 2, ""6"": 3, ""7"": 11, ""8"": 13, ""9"": 7, ""10"": 0}"
837,837,True,,gemm\random\mappings\sample_837_seed_837.csv,4.839363083311101,327.59058824861,1.5794042627721214,1,0.0001174329,0.066479765625,118784.0,18432.0,1.6312239634993058,0.0015243600623786203,True,vec,16,"{""1"": 8, ""2"": 14, ""3"": 3, ""4"": 8, ""5"": 4, ""6"": 7, ""7"": 12, ""8"": 3, ""9"": 0, ""10"": 14}"
838,838,True,,gemm\random\mappings\sample_838_seed_838.csv,4.703166624252475,327.0427038601,1.4030427298195915,0,0.0001465069,0.0,88064.0,18432.0,1.1487800039674667,0.001676607034016062,True,vec,16,"{""1"": 10, ""2"": 9, ""3"": 2, ""4"": 14, ""5"": 12, ""6"": 8, ""7"": 8, ""8"": 15, ""9"": 10, ""10"": 7}"
839,839,True,,gemm\random\mappings\sample_839_seed_839.csv,5.156619823975476,327.5633133937,1.631091951831736,1,0.0001182691,0.162418125,154624.0,24576.0,1.3392184090458243,0.0015304551290404066,True,vec,16,"{""1"": 3, ""2"": 8, ""3"": 6, ""4"": 7, ""5"": 12, ""6"": 7, ""7"": 0, ""8"": 9, ""9"": 15, ""10"": 0}"
840,840,True,,gemm\random\mappings\sample_840_seed_840.csv,6.1060568594287705,326.63769203765,1.4483194873266372,0,0.0002165708,0.0,107520.0,24576.0,2.710374925609998,0.0020518946102349614,True,vec,16,"{""1"": 6, ""2"": 13, ""3"": 14, ""4"": 14, ""5"": 14, ""6"": 11, ""7"": 7, ""8"": 3, ""9"": 12, ""10"": 15}"
841,841,True,,gemm\random\mappings\sample_841_seed_841.csv,5.394443075966457,326.73223313437,1.332301995589844,0,0.0001665027,0.0,113664.0,27648.0,1.7835746875619918,0.0017830585036112073,True,vec,16,"{""1"": 12, ""2"": 6, ""3"": 6, ""4"": 12, ""5"": 14, ""6"": 13, ""7"": 10, ""8"": 3, ""9"": 15, ""10"": 13}"
842,842,True,,gemm\random\mappings\sample_842_seed_842.csv,4.94914935431672,327.41947571041,1.4995599135467361,1,0.0001459466,0.06905975,91136.0,11264.0,2.3675857964689544,0.0016754643512982763,True,vec,16,"{""1"": 2, ""2"": 15, ""3"": 5, ""4"": 2, ""5"": 10, ""6"": 2, ""7"": 13, ""8"": 2, ""9"": 3, ""10"": 3}"
843,843,True,,gemm\random\mappings\sample_843_seed_843.csv,5.420465372262447,327.24897692303,1.5427312691163,1,0.0001464207,0.029360124999999997,137216.0,24576.0,1.8216623685776632,0.0016779961573278473,True,vec,16,"{""1"": 0, ""2"": 13, ""3"": 10, ""4"": 4, ""5"": 14, ""6"": 9, ""7"": 9, ""8"": 12, ""9"": 4, ""10"": 4}"
844,844,True,,gemm\random\mappings\sample_844_seed_844.csv,4.909036381332078,326.51838298139,1.4417874616021304,0,0.0001463587,0.0,109568.0,16384.0,2.177147391390597,0.001676096129308658,True,vec,16,"{""1"": 7, ""2"": 3, ""3"": 8, ""4"": 13, ""5"": 11, ""6"": 11, ""7"": 10, ""8"": 11, ""9"": 3, ""10"": 9}"
845,845,True,,gemm\random\mappings\sample_845_seed_845.csv,4.614058875941856,326.05319417939,1.2897928274639316,0,0.0001467748,0.0,95232.0,18432.0,1.3011307280301527,0.001676926218770427,True,vec,16,"{""1"": 1, ""2"": 9, ""3"": 2, ""4"": 4, ""5"": 7, ""6"": 1, ""7"": 5, ""8"": 14, ""9"": 14, ""10"": 5}"
846,846,True,,gemm\random\mappings\sample_846_seed_846.csv,5.4236361498121965,327.07901788502,1.499241314566896,0,0.0001667788,0.0,116736.0,18432.0,2.6468954572505456,0.001785015874445428,True,vec,16,"{""1"": 3, ""2"": 3, ""3"": 15, ""4"": 5, ""5"": 5, ""6"": 8, ""7"": 5, ""8"": 4, ""9"": 12, ""10"": 15}"
847,847,True,,gemm\random\mappings\sample_847_seed_847.csv,5.229868446428093,326.79844721999,1.4975302033590308,0,0.0001465207,0.0,128000.0,26624.0,1.6058321761555248,0.00167739840413671,True,vec,16,"{""1"": 12, ""2"": 12, ""3"": 5, ""4"": 9, ""5"": 3, ""6"": 3, ""7"": 8, ""8"": 15, ""9"": 15, ""10"": 10}"
848,848,True,,gemm\random\mappings\sample_848_seed_848.csv,5.440395331128386,327.36865476052,1.5323249023775505,1,0.000147029,0.041468125,144384.0,26624.0,1.4153937710771671,0.0016819031286958409,True,vec,16,"{""1"": 14, ""2"": 13, ""3"": 3, ""4"": 0, ""5"": 9, ""6"": 0, ""7"": 11, ""8"": 15, ""9"": 15, ""10"": 4}"
849,849,True,,gemm\random\mappings\sample_849_seed_849.csv,5.222647393828782,327.78678599226,1.775552120671611,1,0.0001182526,0.21204980769230627,88064.0,27648.0,1.9105336242808966,0.0015328605696230272,True,vec,16,"{""1"": 0, ""2"": 1, ""3"": 9, ""4"": 10, ""5"": 0, ""6"": 5, ""7"": 8, ""8"": 1, ""9"": 9, ""10"": 8}"
850,850,True,,gemm\random\mappings\sample_850_seed_850.csv,5.5262839622486535,327.45820407416,1.4369778934965458,1,0.0001664547,0.12050274999999999,97280.0,24576.0,1.9740130926403492,0.0017860473881067102,True,vec,16,"{""1"": 15, ""2"": 14, ""3"": 2, ""4"": 14, ""5"": 3, ""6"": 9, ""7"": 2, ""8"": 1, ""9"": 11, ""10"": 9}"
851,851,True,,gemm\random\mappings\sample_851_seed_851.csv,5.576122912057302,327.09194460322,1.4712578190435868,0,0.0001665849,0.0,84992.0,32768.0,1.9232295179527872,0.001783641544530511,True,vec,16,"{""1"": 12, ""2"": 9, ""3"": 14, ""4"": 13, ""5"": 13, ""6"": 7, ""7"": 7, ""8"": 5, ""9"": 1, ""10"": 14}"
852,852,True,,gemm\random\mappings\sample_852_seed_852.csv,6.3509154143734685,329.52733182313,2.05237154254541,5,0.0001260488,1.8598125416666687,165888.0,24576.0,0.8059908748264233,0.0016098587037805551,True,vec,16,"{""1"": 1, ""2"": 13, ""3"": 15, ""4"": 14, ""5"": 11, ""6"": 7, ""7"": 12, ""8"": 8, ""9"": 3, ""10"": 10}"
853,853,True,,gemm\random\mappings\sample_853_seed_853.csv,5.778582782244061,327.6899428421,1.3945191365086302,1,0.0001665068,0.11168662500000001,117760.0,32768.0,1.5931362824836341,0.0017859906992311635,True,vec,16,"{""1"": 12, ""2"": 9, ""3"": 9, ""4"": 11, ""5"": 10, ""6"": 3, ""7"": 5, ""8"": 2, ""9"": 15, ""10"": 3}"
854,854,True,,gemm\random\mappings\sample_854_seed_854.csv,4.668728544779693,326.8236484591,1.4749186689586438,0,0.0001167427,0.0,100352.0,24576.0,1.4407855584209481,0.0015172923946805568,True,vec,16,"{""1"": 11, ""2"": 10, ""3"": 15, ""4"": 1, ""5"": 8, ""6"": 6, ""7"": 0, ""8"": 9, ""9"": 8, ""10"": 1}"
855,855,True,,gemm\random\mappings\sample_855_seed_855.csv,5.149066242468435,326.66639448599,1.2928989053057038,0,0.0001665368,0.0,90112.0,19456.0,2.3548899027970642,0.0017826513850343743,True,vec,16,"{""1"": 7, ""2"": 8, ""3"": 5, ""4"": 3, ""5"": 3, ""6"": 8, ""7"": 14, ""8"": 6, ""9"": 5, ""10"": 14}"
856,856,True,,gemm\random\mappings\sample_856_seed_856.csv,4.892542273962743,327.59374016932,1.6053949404555152,1,0.0001176969,0.17783208333333125,98304.0,26624.0,0.8821662368577663,0.0015259706687931283,True,vec,16,"{""1"": 6, ""2"": 7, ""3"": 1, ""4"": 4, ""5"": 8, ""6"": 15, ""7"": 13, ""8"": 3, ""9"": 12, ""10"": 6}"
857,857,True,,gemm\random\mappings\sample_857_seed_857.csv,5.562462631939477,328.17807634179,1.6319537548467749,2,0.0001466647,0.5676268629807687,75776.0,26624.0,1.6058321761555248,0.0016957457405352258,True,vec,16,"{""1"": 15, ""2"": 13, ""3"": 6, ""4"": 15, ""5"": 14, ""6"": 7, ""7"": 14, ""8"": 7, ""9"": 9, ""10"": 10}"
858,858,True,,gemm\random\mappings\sample_858_seed_858.csv,5.681838239756887,327.46325774015,1.3140350783881392,1,0.000166613,0.0592409375,130048.0,24576.0,2.431065264828407,0.0017840252844885415,True,vec,16,"{""1"": 2, ""2"": 11, ""3"": 5, ""4"": 13, ""5"": 5, ""6"": 14, ""7"": 15, ""8"": 5, ""9"": 15, ""10"": 4}"
859,859,True,,gemm\random\mappings\sample_859_seed_859.csv,5.006477316860917,328.07196419409,1.8270741888052,2,0.0001196446,0.489681625,103424.0,16384.0,1.1868676849831383,0.0015490332839583683,True,vec,16,"{""1"": 7, ""2"": 3, ""3"": 2, ""4"": 1, ""5"": 15, ""6"": 4, ""7"": 14, ""8"": 3, ""9"": 8, ""10"": 0}"
860,860,True,,gemm\random\mappings\sample_860_seed_860.csv,5.3828771376035744,326.22998655399,1.231806473354189,0,0.0001665009,0.0,116736.0,27648.0,2.126363816703035,0.0017818963237339277,True,vec,16,"{""1"": 4, ""2"": 4, ""3"": 2, ""4"": 2, ""5"": 11, ""6"": 9, ""7"": 15, ""8"": 7, ""9"": 4, ""10"": 8}"
861,861,True,,gemm\random\mappings\sample_861_seed_861.csv,6.04652759010091,329.05927405631,1.8128977381960563,2,0.0001237487,0.8862001250000001,140288.0,27648.0,2.659591350922436,0.001576362717856652,True,vec,16,"{""1"": 14, ""2"": 14, ""3"": 1, ""4"": 0, ""5"": 4, ""6"": 4, ""7"": 14, ""8"": 1, ""9"": 2, ""10"": 4}"
862,862,True,,gemm\random\mappings\sample_862_seed_862.csv,5.111228177941425,326.56870697456,1.394360240872882,0,0.0001664866,0.0,71680.0,20480.0,2.1898432850624876,0.0017820248835635902,True,vec,16,"{""1"": 6, ""2"": 2, ""3"": 4, ""4"": 4, ""5"": 2, ""6"": 6, ""7"": 8, ""8"": 10, ""9"": 14, ""10"": 9}"
863,863,True,,gemm\random\mappings\sample_863_seed_863.csv,5.321977029785605,326.16472391916,1.4675215049786954,0,0.0001469231,0.0,132096.0,32768.0,1.4153937710771671,0.0016795441203659941,True,vec,16,"{""1"": 8, ""2"": 13, ""3"": 9, ""4"": 2, ""5"": 7, ""6"": 6, ""7"": 7, ""8"": 0, ""9"": 0, ""10"": 15}"
864,864,True,,gemm\random\mappings\sample_864_seed_864.csv,5.679067455010448,327.83416738823,1.6155095759746851,2,0.0001468909,0.3327336875,126976.0,26624.0,1.6693116445149772,0.0016893607226165306,True,vec,16,"{""1"": 9, ""2"": 15, ""3"": 0, ""4"": 11, ""5"": 6, ""6"": 4, ""7"": 2, ""8"": 0, ""9"": 4, ""10"": 11}"
865,865,True,,gemm\random\mappings\sample_865_seed_865.csv,5.657868033976782,327.29225158585,1.5688374977677149,1,0.0001667128,0.008553076923076875,91136.0,24576.0,2.583415988891093,0.0017850726736473802,True,vec,16,"{""1"": 12, ""2"": 0, ""3"": 14, ""4"": 0, ""5"": 8, ""6"": 0, ""7"": 14, ""8"": 4, ""9"": 11, ""10"": 6}"
866,866,True,,gemm\random\mappings\sample_866_seed_866.csv,5.157348317442226,327.72127712472,1.6308963087131265,1,0.000118835,0.1489225,121856.0,25600.0,1.6820075381868678,0.0015348339992648167,True,vec,16,"{""1"": 3, ""2"": 6, ""3"": 0, ""4"": 4, ""5"": 11, ""6"": 0, ""7"": 12, ""8"": 3, ""9"": 11, ""10"": 7}"
867,867,True,,gemm\random\mappings\sample_867_seed_867.csv,5.571874540823162,327.83044445311,1.487512712470475,1,0.0001467789,0.265980625,138240.0,26624.0,1.7962705812338822,0.0016825555341145073,True,vec,16,"{""1"": 4, ""2"": 14, ""3"": 11, ""4"": 6, ""5"": 8, ""6"": 8, ""7"": 0, ""8"": 8, ""9"": 1, ""10"": 15}"
868,868,True,,gemm\random\mappings\sample_868_seed_868.csv,5.178439104967488,327.99766563473,1.466366855114408,1,0.0001463586,0.2295371875,133120.0,17408.0,1.4153937710771671,0.0016840559700876839,True,vec,16,"{""1"": 12, ""2"": 4, ""3"": 10, ""4"": 0, ""5"": 2, ""6"": 6, ""7"": 15, ""8"": 6, ""9"": 0, ""10"": 5}"
869,869,True,,gemm\random\mappings\sample_869_seed_869.csv,5.448458471296295,326.58767431408,1.5109006971082721,0,0.0001667148,0.0,123904.0,26624.0,1.6693116445149772,0.0017848385476264728,True,vec,16,"{""1"": 13, ""2"": 12, ""3"": 7, ""4"": 7, ""5"": 14, ""6"": 0, ""7"": 5, ""8"": 3, ""9"": 0, ""10"": 15}"
870,870,True,,gemm\random\mappings\sample_870_seed_870.csv,5.382270481735413,327.03452866655,1.3071310694248692,0,0.0001664726,0.0,106496.0,25600.0,2.062884348343583,0.0017825096772285797,True,vec,16,"{""1"": 7, ""2"": 14, ""3"": 14, ""4"": 1, ""5"": 11, ""6"": 9, ""7"": 10, ""8"": 12, ""9"": 7, ""10"": 14}"
871,871,True,,gemm\random\mappings\sample_871_seed_871.csv,5.040912168451441,326.15663580981,1.4874627060941985,0,0.0001665649,0.0,92160.0,18432.0,1.7835746875619918,0.0017834330745230176,True,vec,16,"{""1"": 11, ""2"": 3, ""3"": 14, ""4"": 3, ""5"": 10, ""6"": 8, ""7"": 8, ""8"": 11, ""9"": 4, ""10"": 12}"
872,872,True,,gemm\random\mappings\sample_872_seed_872.csv,5.398975697529657,328.08476619902,1.773005624596281,1,0.0001200429,0.403915875,116736.0,28672.0,1.6439198571711962,0.0015459841510375317,True,vec,16,"{""1"": 15, ""2"": 4, ""3"": 12, ""4"": 13, ""5"": 15, ""6"": 7, ""7"": 0, ""8"": 15, ""9"": 8, ""10"": 7}"
873,873,True,,gemm\random\mappings\sample_873_seed_873.csv,5.457440890463205,326.07633001308,1.3311908851006369,0,0.0001668888,0.0,125952.0,24576.0,2.583415988891093,0.0017838689633983432,True,vec,16,"{""1"": 4, ""2"": 9, ""3"": 11, ""4"": 11, ""5"": 0, ""6"": 11, ""7"": 13, ""8"": 0, ""9"": 8, ""10"": 6}"
874,874,True,,gemm\random\mappings\sample_874_seed_874.csv,5.3579235176153475,326.28547266017,1.386886780746077,0,0.0001667728,0.0,116736.0,24576.0,2.075580242015473,0.0017847008649401232,True,vec,16,"{""1"": 5, ""2"": 11, ""3"": 11, ""4"": 0, ""5"": 2, ""6"": 4, ""7"": 12, ""8"": 2, ""9"": 10, ""10"": 0}"
875,875,True,,gemm\random\mappings\sample_875_seed_875.csv,5.573134653726679,327.58526369126,1.5372394550826125,1,0.0001468588,0.121739125,125952.0,32768.0,1.2884348343582623,0.0016822566030874932,True,vec,16,"{""1"": 8, ""2"": 10, ""3"": 13, ""4"": 7, ""5"": 15, ""6"": 2, ""7"": 11, ""8"": 14, ""9"": 14, ""10"": 7}"
876,876,True,,gemm\random\mappings\sample_876_seed_876.csv,5.13262879613352,326.80590123068,1.497191974008262,0,0.0001466788,0.0,136192.0,25600.0,1.1487800039674667,0.001678559313460363,True,vec,16,"{""1"": 0, ""2"": 8, ""3"": 14, ""4"": 13, ""5"": 1, ""6"": 2, ""7"": 2, ""8"": 0, ""9"": 6, ""10"": 9}"
877,877,True,,gemm\random\mappings\sample_877_seed_877.csv,5.381308085559161,329.02334870738,1.7196176872927578,1,0.000121215,0.32532171875,137216.0,26624.0,1.1868676849831383,0.0015546136455963557,True,vec,16,"{""1"": 7, ""2"": 13, ""3"": 5, ""4"": 15, ""5"": 8, ""6"": 0, ""7"": 14, ""8"": 11, ""9"": 15, ""10"": 1}"
878,878,True,,gemm\random\mappings\sample_878_seed_878.csv,4.734175950608415,327.72249411239,1.5169177421940632,1,0.0001187287,0.240000625,83968.0,19456.0,1.4407855584209481,0.0015333210590566995,True,vec,16,"{""1"": 9, ""2"": 10, ""3"": 12, ""4"": 13, ""5"": 2, ""6"": 5, ""7"": 7, ""8"": 8, ""9"": 2, ""10"": 10}"
879,879,True,,gemm\random\mappings\sample_879_seed_879.csv,4.836009114822487,327.71832919583,1.590295839949425,1,0.0001185787,0.237335125,110592.0,18432.0,1.4407855584209481,0.0015331720179907963,True,vec,16,"{""1"": 2, ""2"": 11, ""3"": 4, ""4"": 0, ""5"": 6, ""6"": 4, ""7"": 10, ""8"": 3, ""9"": 8, ""10"": 11}"
880,880,True,,gemm\random\mappings\sample_880_seed_880.csv,5.377852903566515,327.55849903868,1.7061206834517002,1,0.0001172867,0.16321416666666874,126976.0,32768.0,1.5677444951398531,0.0015241806355143148,True,vec,16,"{""1"": 3, ""2"": 2, ""3"": 8, ""4"": 6, ""5"": 4, ""6"": 12, ""7"": 8, ""8"": 1, ""9"": 2, ""10"": 9}"
881,881,True,,gemm\random\mappings\sample_881_seed_881.csv,5.178248361855797,327.94125233827,1.6873637837354374,2,0.0001182908,0.33862986979166876,107520.0,25600.0,1.1868676849831383,0.0015316800536361093,True,vec,16,"{""1"": 10, ""2"": 5, ""3"": 14, ""4"": 4, ""5"": 12, ""6"": 9, ""7"": 0, ""8"": 4, ""9"": 6, ""10"": 3}"
882,882,True,,gemm\random\mappings\sample_882_seed_882.csv,5.2613917191364425,327.04151418892,1.5563764687464068,0,0.0001466969,0.0,149504.0,24576.0,1.4153937710771671,0.0016790243853166572,True,vec,16,"{""1"": 0, ""2"": 10, ""3"": 4, ""4"": 15, ""5"": 13, ""6"": 12, ""7"": 4, ""8"": 12, ""9"": 9, ""10"": 6}"
883,883,True,,gemm\random\mappings\sample_883_seed_883.csv,5.130486449863434,327.62357189975,1.4557420491553346,1,0.0001465987,0.18800270833333124,97280.0,24576.0,1.0345169609204523,0.0016797391812321766,True,vec,16,"{""1"": 3, ""2"": 5, ""3"": 10, ""4"": 2, ""5"": 11, ""6"": 9, ""7"": 9, ""8"": 0, ""9"": 4, ""10"": 1}"
884,884,True,,gemm\random\mappings\sample_884_seed_884.csv,5.138067467737526,327.77979345992,1.635696722080827,1,0.0001181308,0.26513833333333126,108544.0,26624.0,1.5677444951398531,0.0015293995924286021,True,vec,16,"{""1"": 2, ""2"": 15, ""3"": 5, ""4"": 9, ""5"": 1, ""6"": 13, ""7"": 9, ""8"": 0, ""9"": 1, ""10"": 3}"
885,885,True,,gemm\random\mappings\sample_885_seed_885.csv,5.659363276129043,325.91494155441,1.2958016569544277,0,0.0001666147,0.0,134144.0,35840.0,1.9232295179527872,0.0017823506619273908,True,vec,16,"{""1"": 11, ""2"": 13, ""3"": 1, ""4"": 9, ""5"": 13, ""6"": 2, ""7"": 10, ""8"": 2, ""9"": 4, ""10"": 9}"
886,886,True,,gemm\random\mappings\sample_886_seed_886.csv,4.8339055928587555,327.84686928867,1.726045412766234,1,0.0001194128,0.242376171875,101376.0,18432.0,1.1868676849831383,0.0015416311463873067,True,vec,16,"{""1"": 6, ""2"": 13, ""3"": 3, ""4"": 7, ""5"": 9, ""6"": 5, ""7"": 15, ""8"": 2, ""9"": 3, ""10"": 0}"
887,887,True,,gemm\random\mappings\sample_887_seed_887.csv,6.0479982936691625,327.85271437786,1.5084393362374298,3,0.0001668269,0.11499576086956233,108544.0,26624.0,2.6088077762348743,0.0017905072649471313,True,vec,16,"{""1"": 15, ""2"": 12, ""3"": 15, ""4"": 6, ""5"": 6, ""6"": 11, ""7"": 3, ""8"": 15, ""9"": 8, ""10"": 15}"
888,888,True,,gemm\random\mappings\sample_888_seed_888.csv,5.968959346055134,328.07863019844,2.1546653294628904,4,0.000121754651,1.42486,155648.0,16384.0,1.9740130926403492,0.0015899723376539203,True,vec,16,"{""1"": 2, ""2"": 13, ""3"": 14, ""4"": 15, ""5"": 12, ""6"": 11, ""7"": 13, ""8"": 5, ""9"": 12, ""10"": 12}"
889,889,True,,gemm\random\mappings\sample_889_seed_889.csv,5.439613643807149,326.50388948493,1.435884690803286,0,0.0001667308,0.0,70656.0,27648.0,2.6215036699067644,0.0017835481386301326,True,vec,16,"{""1"": 7, ""2"": 2, ""3"": 5, ""4"": 5, ""5"": 7, ""6"": 3, ""7"": 5, ""8"": 3, ""9"": 11, ""10"": 15}"
890,890,True,,gemm\random\mappings\sample_890_seed_890.csv,5.041607482439762,326.66098852979,1.4918331057447667,0,0.0001667629,0.0,97280.0,18432.0,1.4407855584209481,0.00178596145476908,True,vec,16,"{""1"": 1, ""2"": 9, ""3"": 9, ""4"": 8, ""5"": 0, ""6"": 13, ""7"": 2, ""8"": 10, ""9"": 11, ""10"": 15}"
891,891,True,,gemm\random\mappings\sample_891_seed_891.csv,5.349154334363183,326.57223804311,1.3609152165093072,0,0.0001666666,0.0,146432.0,24576.0,1.4407855584209481,0.0017839928902306245,True,vec,16,"{""1"": 12, ""2"": 8, ""3"": 7, ""4"": 7, ""5"": 1, ""6"": 14, ""7"": 6, ""8"": 11, ""9"": 13, ""10"": 15}"
892,892,True,,gemm\random\mappings\sample_892_seed_892.csv,5.317752370942495,327.24898131507,1.4438291350725194,1,0.0001460566,0.029582000000000004,104448.0,27648.0,1.7200952192025392,0.0016752229997371963,True,vec,16,"{""1"": 7, ""2"": 9, ""3"": 7, ""4"": 14, ""5"": 13, ""6"": 6, ""7"": 6, ""8"": 7, ""9"": 5, ""10"": 10}"
893,893,True,,gemm\random\mappings\sample_893_seed_893.csv,5.601374372986532,326.23441280884,1.391359292637986,0,0.0001466027,0.0,139264.0,34816.0,2.431065264828407,0.001677291677011179,True,vec,16,"{""1"": 8, ""2"": 6, ""3"": 11, ""4"": 14, ""5"": 2, ""6"": 14, ""7"": 4, ""8"": 6, ""9"": 14, ""10"": 11}"
894,894,True,,gemm\random\mappings\sample_894_seed_894.csv,5.6474908496531775,327.94286574608,1.3899582823773584,2,0.0001767347,0.350596125,92160.0,18432.0,2.126363816703035,0.0018462209951209123,True,vec,16,"{""1"": 14, ""2"": 15, ""3"": 9, ""4"": 11, ""5"": 6, ""6"": 1, ""7"": 11, ""8"": 1, ""9"": 1, ""10"": 9}"
895,895,True,,gemm\random\mappings\sample_895_seed_895.csv,6.535507045563367,326.34062865069,1.2893088145431992,0,0.0002166326,0.0,158720.0,32768.0,3.091251735766713,0.0020503882020597363,True,vec,16,"{""1"": 0, ""2"": 13, ""3"": 7, ""4"": 7, ""5"": 7, ""6"": 15, ""7"": 8, ""8"": 14, ""9"": 15, ""10"": 14}"
896,896,True,,gemm\random\mappings\sample_896_seed_896.csv,4.672609667544955,326.46143922997,1.4235711181313988,0,0.0001465227,0.0,72704.0,16384.0,1.7962705812338822,0.0016764804318375852,True,vec,16,"{""1"": 6, ""2"": 3, ""3"": 5, ""4"": 10, ""5"": 14, ""6"": 3, ""7"": 8, ""8"": 9, ""9"": 3, ""10"": 11}"
897,897,True,,gemm\random\mappings\sample_897_seed_897.csv,5.995171773774257,327.71334870868,1.5497016637187275,1,0.0001663086,0.18742640625,114688.0,30720.0,2.5199365205316404,0.0017900103403121577,True,vec,16,"{""1"": 1, ""2"": 1, ""3"": 8, ""4"": 12, ""5"": 8, ""6"": 12, ""7"": 2, ""8"": 10, ""9"": 4, ""10"": 8}"
898,898,True,,gemm\random\mappings\sample_898_seed_898.csv,4.969576718958741,327.99766959229,1.6474545915529393,1,0.000119995,0.37141775,141312.0,16384.0,1.3392184090458243,0.0015441772276166546,True,vec,16,"{""1"": 13, ""2"": 4, ""3"": 2, ""4"": 10, ""5"": 0, ""6"": 15, ""7"": 7, ""8"": 1, ""9"": 4, ""10"": 15}"
899,899,True,,gemm\random\mappings\sample_899_seed_899.csv,6.161229814027934,328.15654883881,1.4147483890012142,2,0.0001665046,0.4985833333333375,132096.0,34816.0,1.6947034318587582,0.0017901221121706112,True,vec,16,"{""1"": 4, ""2"": 2, ""3"": 7, ""4"": 10, ""5"": 2, ""6"": 9, ""7"": 12, ""8"": 8, ""9"": 14, ""10"": 10}"
900,900,True,,gemm\random\mappings\sample_900_seed_900.csv,5.304520248689865,329.51045044402,1.968597391888384,3,0.0001254188,1.4527511470588248,59392.0,11264.0,1.3265225153739337,0.001602783888502552,True,vec,16,"{""1"": 7, ""2"": 11, ""3"": 3, ""4"": 2, ""5"": 7, ""6"": 10, ""7"": 1, ""8"": 5, ""9"": 14, ""10"": 7}"
901,901,True,,gemm\random\mappings\sample_901_seed_901.csv,4.984484451202937,327.00829857954,1.5448892043651676,0,0.0001464048,0.0,120832.0,20480.0,1.2884348343582623,0.0016770621764584646,True,vec,16,"{""1"": 13, ""2"": 9, ""3"": 3, ""4"": 4, ""5"": 12, ""6"": 15, ""7"": 8, ""8"": 10, ""9"": 15, ""10"": 12}"
902,902,True,,gemm\random\mappings\sample_902_seed_902.csv,4.428219880615613,326.51120770994,1.4419212483350718,0,0.0001169049,0.0,121856.0,17408.0,1.1868676849831383,0.0015181681481103452,True,vec,16,"{""1"": 8, ""2"": 12, ""3"": 15, ""4"": 2, ""5"": 4, ""6"": 6, ""7"": 4, ""8"": 9, ""9"": 10, ""10"": 14}"
903,903,True,,gemm\random\mappings\sample_903_seed_903.csv,4.603698092438414,325.96669804547,1.3318685809662045,0,0.000146729,0.0,94208.0,16384.0,1.5169609204522911,0.0016763737601748192,True,vec,16,"{""1"": 1, ""2"": 2, ""3"": 9, ""4"": 14, ""5"": 5, ""6"": 6, ""7"": 6, ""8"": 12, ""9"": 12, ""10"": 2}"
904,904,True,,gemm\random\mappings\sample_904_seed_904.csv,4.71562601899393,327.69017540131,1.698972410192102,1,0.0001183006,0.14092703125,110592.0,10240.0,1.9486213052965682,0.0015322706849314961,True,vec,16,"{""1"": 9, ""2"": 12, ""3"": 1, ""4"": 13, ""5"": 15, ""6"": 1, ""7"": 15, ""8"": 2, ""9"": 12, ""10"": 0}"
905,905,True,,gemm\random\mappings\sample_905_seed_905.csv,5.5043695013450815,327.46232230227,1.6974905690159101,2,0.0001463949,0.24017937499999997,122880.0,20480.0,1.9359254116246776,0.0016838813362521489,True,vec,16,"{""1"": 11, ""2"": 11, ""3"": 15, ""4"": 0, ""5"": 4, ""6"": 12, ""7"": 4, ""8"": 1, ""9"": 12, ""10"": 11}"
906,906,True,,gemm\random\mappings\sample_906_seed_906.csv,5.581828475667168,328.38427928248,1.4431258076342541,2,0.0001676807,0.5698602291666688,118784.0,16384.0,1.5931362824836341,0.001799418675518579,True,vec,16,"{""1"": 0, ""2"": 8, ""3"": 11, ""4"": 2, ""5"": 8, ""6"": 9, ""7"": 12, ""8"": 10, ""9"": 15, ""10"": 10}"
907,907,True,,gemm\random\mappings\sample_907_seed_907.csv,5.272112893128683,326.14576401453,1.3958227698202652,0,0.0001666988,0.0,111616.0,24576.0,1.8216623685776632,0.00178348654741574,True,vec,16,"{""1"": 12, ""2"": 1, ""3"": 4, ""4"": 9, ""5"": 9, ""6"": 15, ""7"": 5, ""8"": 5, ""9"": 6, ""10"": 15}"
908,908,True,,gemm\random\mappings\sample_908_seed_908.csv,4.470487660201817,326.89596951494,1.5907182114699847,0,0.0001167286,0.0,86016.0,18432.0,1.3773060900614957,0.0015179288921110714,True,vec,16,"{""1"": 1, ""2"": 12, ""3"": 5, ""4"": 1, ""5"": 9, ""6"": 11, ""7"": 14, ""8"": 9, ""9"": 4, ""10"": 10}"
909,909,True,,gemm\random\mappings\sample_909_seed_909.csv,5.213847127549767,328.29786826241,1.68100348057298,2,0.000119083,0.49633979166666875,112640.0,20480.0,1.6312239634993058,0.0015420675825154621,True,vec,16,"{""1"": 6, ""2"": 12, ""3"": 6, ""4"": 7, ""5"": 0, ""6"": 9, ""7"": 12, ""8"": 13, ""9"": 15, ""10"": 7}"
910,910,True,,gemm\random\mappings\sample_910_seed_910.csv,4.660533063101452,327.56365532691,1.5469467956249923,1,0.0001179927,0.1637815,117760.0,16384.0,1.0726046419361237,0.001528124532509719,True,vec,16,"{""1"": 14, ""2"": 2, ""3"": 8, ""4"": 9, ""5"": 3, ""6"": 14, ""7"": 4, ""8"": 5, ""9"": 6, ""10"": 6}"
911,911,True,,gemm\random\mappings\sample_911_seed_911.csv,5.948281407183787,326.52464578152,1.5271277412442945,0,0.0001664528,0.0,125952.0,37888.0,2.329498115453283,0.0017844802114515169,True,vec,16,"{""1"": 14, ""2"": 12, ""3"": 12, ""4"": 4, ""5"": 5, ""6"": 7, ""7"": 15, ""8"": 4, ""9"": 2, ""10"": 12}"
912,912,True,,gemm\random\mappings\sample_912_seed_912.csv,5.217978824171393,328.06878021331,1.493845701098316,2,0.000147131,0.43064229166666684,90112.0,18432.0,1.4153937710771671,0.0016869298114968957,True,vec,16,"{""1"": 9, ""2"": 6, ""3"": 13, ""4"": 5, ""5"": 11, ""6"": 0, ""7"": 1, ""8"": 1, ""9"": 5, ""10"": 15}"
913,913,True,,gemm\random\mappings\sample_913_seed_913.csv,5.3177106961977785,326.47861591196,1.4022930716499298,0,0.0001666146,0.0,122880.0,24576.0,1.6693116445149772,0.0017831287008840428,True,vec,16,"{""1"": 3, ""2"": 0, ""3"": 15, ""4"": 10, ""5"": 10, ""6"": 12, ""7"": 12, ""8"": 6, ""9"": 9, ""10"": 5}"
914,914,True,,gemm\random\mappings\sample_914_seed_914.csv,4.549332004821335,327.55704181354,1.5187458055868448,1,0.0001173866,0.15240791666666875,79872.0,16384.0,1.3392184090458243,0.0015227698891442678,True,vec,16,"{""1"": 1, ""2"": 9, ""3"": 2, ""4"": 5, ""5"": 10, ""6"": 4, ""7"": 2, ""8"": 15, ""9"": 11, ""10"": 11}"
915,915,True,,gemm\random\mappings\sample_915_seed_915.csv,4.402936684071523,326.83110605335,1.4525326865567159,0,0.0001165828,0.0,78848.0,16384.0,1.8216623685776632,0.001516088393434607,True,vec,16,"{""1"": 5, ""2"": 9, ""3"": 10, ""4"": 15, ""5"": 1, ""6"": 8, ""7"": 13, ""8"": 15, ""9"": 1, ""10"": 9}"
916,916,True,,gemm\random\mappings\sample_916_seed_916.csv,4.381604250113749,326.63848601783,1.5089394825227753,0,0.0001168886,0.0,106496.0,16384.0,1.1868676849831383,0.0015185146072554155,True,vec,16,"{""1"": 6, ""2"": 3, ""3"": 8, ""4"": 4, ""5"": 11, ""6"": 10, ""7"": 15, ""8"": 0, ""9"": 8, ""10"": 14}"
917,917,True,,gemm\random\mappings\sample_917_seed_917.csv,5.092606901340762,327.55765318413,1.7651107062247573,1,0.0001189788,0.18700390625,115712.0,24576.0,1.3773060900614957,0.0015378147063896382,True,vec,16,"{""1"": 2, ""2"": 1, ""3"": 2, ""4"": 13, ""5"": 12, ""6"": 8, ""7"": 11, ""8"": 3, ""9"": 12, ""10"": 15}"
918,918,True,,gemm\random\mappings\sample_918_seed_918.csv,5.451027890493565,327.92851293228,1.589465163012207,2,0.0001466646,0.45825154166666876,151552.0,19456.0,1.1106923229517953,0.001687866479484065,True,vec,16,"{""1"": 14, ""2"": 2, ""3"": 4, ""4"": 11, ""5"": 0, ""6"": 13, ""7"": 1, ""8"": 12, ""9"": 13, ""10"": 14}"
919,919,True,,gemm\random\mappings\sample_919_seed_919.csv,5.99930356885721,327.45694491197,1.4709153970013624,1,0.0001666128,0.11160625,120832.0,34816.0,2.202539178734378,0.0017848950251542477,True,vec,16,"{""1"": 8, ""2"": 9, ""3"": 7, ""4"": 7, ""5"": 5, ""6"": 4, ""7"": 7, ""8"": 15, ""9"": 3, ""10"": 12}"
920,920,True,,gemm\random\mappings\sample_920_seed_920.csv,4.591682249907065,326.47939804931,1.4620994757189514,0,0.0001167769,0.0,99328.0,26624.0,0.9964292799047808,0.0015176196322352485,True,vec,16,"{""1"": 10, ""2"": 13, ""3"": 4, ""4"": 10, ""5"": 5, ""6"": 0, ""7"": 7, ""8"": 12, ""9"": 15, ""10"": 2}"
921,921,True,,gemm\random\mappings\sample_921_seed_921.csv,4.8519959966708734,326.79985078064,1.407840784662204,0,0.0001169188,0.0,121856.0,26624.0,1.7581829002182108,0.001518021864148891,True,vec,16,"{""1"": 11, ""2"": 11, ""3"": 12, ""4"": 2, ""5"": 5, ""6"": 0, ""7"": 7, ""8"": 5, ""9"": 12, ""10"": 1}"
922,922,True,,gemm\random\mappings\sample_922_seed_922.csv,6.027884941320845,328.22983738091,1.4406595886994076,2,0.0001664688,0.645484375,106496.0,33792.0,1.4407855584209481,0.0017919026519085835,True,vec,16,"{""1"": 1, ""2"": 15, ""3"": 6, ""4"": 6, ""5"": 2, ""6"": 7, ""7"": 9, ""8"": 10, ""9"": 3, ""10"": 4}"
923,923,True,,gemm\random\mappings\sample_923_seed_923.csv,5.509376551496539,327.55788465739,1.50364173702581,2,0.0001465047,0.27603945833333127,144384.0,26624.0,1.0345169609204523,0.001682484712198212,True,vec,16,"{""1"": 15, ""2"": 4, ""3"": 11, ""4"": 0, ""5"": 13, ""6"": 2, ""7"": 3, ""8"": 14, ""9"": 14, ""10"": 6}"
924,924,True,,gemm\random\mappings\sample_924_seed_924.csv,4.961587899399047,327.92798407218,1.6266018861842568,2,0.0001193208,0.370733671875,92160.0,18432.0,1.5296568141241818,0.0015405122710058594,True,vec,16,"{""1"": 10, ""2"": 14, ""3"": 2, ""4"": 12, ""5"": 8, ""6"": 2, ""7"": 1, ""8"": 10, ""9"": 6, ""10"": 10}"
925,925,True,,gemm\random\mappings\sample_925_seed_925.csv,6.017303832782605,327.45951023031,1.5289347341928972,1,0.000166405,0.08575910714285626,125952.0,36864.0,1.8089664749057726,0.0017870023012009862,True,vec,16,"{""1"": 2, ""2"": 1, ""3"": 8, ""4"": 12, ""5"": 1, ""6"": 9, ""7"": 4, ""8"": 3, ""9"": 2, ""10"": 12}"
926,926,True,,gemm\random\mappings\sample_926_seed_926.csv,5.141141684286198,328.16496520152,1.6797103024288285,2,0.0001205227,0.42835265624999996,126976.0,16384.0,1.6820075381868678,0.0015517478323327227,True,vec,16,"{""1"": 13, ""2"": 4, ""3"": 11, ""4"": 5, ""5"": 0, ""6"": 0, ""7"": 13, ""8"": 10, ""9"": 5, ""10"": 7}"
927,927,True,,gemm\random\mappings\sample_927_seed_927.csv,6.098278904625158,328.23539373968,1.7236498719109514,2,0.0001486429,0.6856785,143360.0,34816.0,1.2630430470144813,0.00170501136957895,True,vec,16,"{""1"": 4, ""2"": 2, ""3"": 3, ""4"": 6, ""5"": 9, ""6"": 12, ""7"": 12, ""8"": 0, ""9"": 0, ""10"": 11}"
928,928,True,,gemm\random\mappings\sample_928_seed_928.csv,5.2590415767194925,327.61787334994,1.3187323864126639,1,0.0001664848,0.14993770833333125,101376.0,19456.0,1.5550486014679628,0.0017847682447701368,True,vec,16,"{""1"": 9, ""2"": 13, ""3"": 4, ""4"": 4, ""5"": 15, ""6"": 7, ""7"": 9, ""8"": 6, ""9"": 3, ""10"": 8}"
929,929,True,,gemm\random\mappings\sample_929_seed_929.csv,4.885033264828241,326.45089039759,1.229806167138843,0,0.0001666028,0.0,80896.0,16384.0,1.9740130926403492,0.001782532793208151,True,vec,16,"{""1"": 6, ""2"": 2, ""3"": 9, ""4"": 2, ""5"": 14, ""6"": 11, ""7"": 9, ""8"": 8, ""9"": 1, ""10"": 11}"
930,930,True,,gemm\random\mappings\sample_930_seed_930.csv,5.615397501464692,327.45949492588,1.4785051868534806,1,0.0001669349,0.075337890625,148480.0,16384.0,2.583415988891093,0.001788226344017617,True,vec,16,"{""1"": 2, ""2"": 15, ""3"": 8, ""4"": 8, ""5"": 14, ""6"": 7, ""7"": 8, ""8"": 15, ""9"": 6, ""10"": 5}"
931,931,True,,gemm\random\mappings\sample_931_seed_931.csv,4.515868048155936,327.04342750758,1.4921478930135605,0,0.0001167108,0.0,80896.0,18432.0,1.8216623685776632,0.0015170989994724507,True,vec,16,"{""1"": 13, ""2"": 12, ""3"": 14, ""4"": 7, ""5"": 9, ""6"": 12, ""7"": 5, ""8"": 10, ""9"": 7, ""10"": 9}"
932,932,True,,gemm\random\mappings\sample_932_seed_932.csv,5.735982388750825,328.29442619137,1.8961325372914348,2,0.0001209948,0.42025507812499996,116736.0,25600.0,2.735766712953779,0.0015572086492944906,True,vec,16,"{""1"": 3, ""2"": 13, ""3"": 4, ""4"": 3, ""5"": 0, ""6"": 5, ""7"": 0, ""8"": 3, ""9"": 4, ""10"": 3}"
933,933,True,,gemm\random\mappings\sample_933_seed_933.csv,4.975600066499613,328.15561587631,1.7784833111839682,2,0.0001203667,0.4664910416666669,81920.0,18432.0,1.1868676849831383,0.0015488644861601452,True,vec,16,"{""1"": 5, ""2"": 0, ""3"": 2, ""4"": 6, ""5"": 4, ""6"": 10, ""7"": 11, ""8"": 2, ""9"": 1, ""10"": 13}"
934,934,True,,gemm\random\mappings\sample_934_seed_934.csv,5.705764626684412,327.93046465561,1.481560952685651,2,0.0001685267,0.29084816666666874,163840.0,18432.0,1.4407855584209481,0.001802556903644735,True,vec,16,"{""1"": 14, ""2"": 7, ""3"": 0, ""4"": 0, ""5"": 2, ""6"": 8, ""7"": 4, ""8"": 10, ""9"": 11, ""10"": 5}"
935,935,True,,gemm\random\mappings\sample_935_seed_935.csv,5.509220655484538,328.16375765172,1.7480330075006125,3,0.0001188688,0.8631492361111125,114688.0,26624.0,1.1741717913112477,0.0015431990352456082,True,vec,16,"{""1"": 14, ""2"": 12, ""3"": 1, ""4"": 10, ""5"": 5, ""6"": 9, ""7"": 15, ""8"": 13, ""9"": 14, ""10"": 12}"
936,936,True,,gemm\random\mappings\sample_936_seed_936.csv,4.969208988521235,326.70538515211,1.5307318259191522,0,0.0001170489,0.0,105472.0,34816.0,1.1868676849831383,0.0015194583565242739,True,vec,16,"{""1"": 4, ""2"": 13, ""3"": 5, ""4"": 1, ""5"": 6, ""6"": 3, ""7"": 15, ""8"": 6, ""9"": 12, ""10"": 14}"
937,937,True,,gemm\random\mappings\sample_937_seed_937.csv,5.665297732769429,326.06766964247,1.3871684729130298,0,0.0001666808,0.0,130048.0,34816.0,1.8978377306090062,0.0017832903269148373,True,vec,16,"{""1"": 4, ""2"": 2, ""3"": 13, ""4"": 7, ""5"": 13, ""6"": 4, ""7"": 4, ""8"": 9, ""9"": 15, ""10"": 6}"
938,938,True,,gemm\random\mappings\sample_938_seed_938.csv,5.420316268371015,328.23739300395,1.69395681603796,2,0.0001465809,0.700039875,93184.0,18432.0,1.5296568141241818,0.0016937428885573317,True,vec,16,"{""1"": 14, ""2"": 15, ""3"": 11, ""4"": 5, ""5"": 10, ""6"": 10, ""7"": 14, ""8"": 3, ""9"": 3, ""10"": 4}"
939,939,True,,gemm\random\mappings\sample_939_seed_939.csv,5.795663770985814,329.18675157888,1.4605151698966323,2,0.0001663247,0.7019861805555562,111616.0,18432.0,1.9359254116246776,0.001796194335682109,True,vec,16,"{""1"": 3, ""2"": 4, ""3"": 7, ""4"": 7, ""5"": 10, ""6"": 3, ""7"": 0, ""8"": 10, ""9"": 2, ""10"": 8}"
940,940,True,,gemm\random\mappings\sample_940_seed_940.csv,5.2498617306123005,326.73369641247,1.5128380881089378,0,0.0001468427,0.0,119808.0,26624.0,1.8216623685776632,0.0016793662192889334,True,vec,16,"{""1"": 11, ""2"": 8, ""3"": 0, ""4"": 3, ""5"": 9, ""6"": 1, ""7"": 1, ""8"": 3, ""9"": 15, ""10"": 3}"
941,941,True,,gemm\random\mappings\sample_941_seed_941.csv,5.8796508911297956,327.78149495998,1.5205690191960897,1,0.0001466668,0.262696375,133120.0,36864.0,1.7962705812338822,0.0016842553387266751,True,vec,16,"{""1"": 11, ""2"": 12, ""3"": 13, ""4"": 10, ""5"": 1, ""6"": 10, ""7"": 10, ""8"": 7, ""9"": 15, ""10"": 3}"
942,942,True,,gemm\random\mappings\sample_942_seed_942.csv,5.399991856483096,326.14127301138,1.2611758682613334,0,0.0001667268,0.0,130048.0,27648.0,1.9359254116246776,0.0017834656093177353,True,vec,16,"{""1"": 12, ""2"": 6, ""3"": 6, ""4"": 8, ""5"": 15, ""6"": 1, ""7"": 15, ""8"": 11, ""9"": 12, ""10"": 9}"
943,943,True,,gemm\random\mappings\sample_943_seed_943.csv,5.605590302869981,326.65911133877,1.3928519853352552,0,0.0001667749,0.0,118784.0,32768.0,1.8216623685776632,0.0017848495574638243,True,vec,16,"{""1"": 7, ""2"": 4, ""3"": 5, ""4"": 14, ""5"": 14, ""6"": 9, ""7"": 8, ""8"": 5, ""9"": 12, ""10"": 1}"
944,944,True,,gemm\random\mappings\sample_944_seed_944.csv,5.786132339127648,326.14053790756,1.285887445531439,0,0.0001665968,0.0,154624.0,33792.0,2.3548899027970642,0.001783153079202598,True,vec,16,"{""1"": 0, ""2"": 10, ""3"": 11, ""4"": 1, ""5"": 11, ""6"": 12, ""7"": 1, ""8"": 6, ""9"": 10, ""10"": 12}"
945,945,True,,gemm\random\mappings\sample_945_seed_945.csv,5.962878171488026,327.71082524864,1.41859736857124,1,0.0001666308,0.10485583333333126,133120.0,35840.0,1.6693116445149772,0.0017871839955662663,True,vec,16,"{""1"": 13, ""2"": 10, ""3"": 6, ""4"": 7, ""5"": 6, ""6"": 4, ""7"": 15, ""8"": 14, ""9"": 15, ""10"": 9}"
946,946,True,,gemm\random\mappings\sample_946_seed_946.csv,4.835073090556214,326.89592071783,1.3936376001221245,0,0.0001464907,0.0,129024.0,16384.0,1.4153937710771671,0.0016767996925789515,True,vec,16,"{""1"": 1, ""2"": 8, ""3"": 15, ""4"": 9, ""5"": 10, ""6"": 5, ""7"": 2, ""8"": 5, ""9"": 10, ""10"": 7}"
947,947,True,,gemm\random\mappings\sample_947_seed_947.csv,4.324276161985301,326.67061319658,1.3695913093136667,0,0.0001169386,0.0,93184.0,16384.0,1.4407855584209481,0.0015177167769939955,True,vec,16,"{""1"": 6, ""2"": 8, ""3"": 11, ""4"": 3, ""5"": 5, ""6"": 15, ""7"": 10, ""8"": 1, ""9"": 8, ""10"": 11}"
948,948,True,,gemm\random\mappings\sample_948_seed_948.csv,5.568254829759158,326.4364375581,1.303662650310804,0,0.0001664206,0.0,148480.0,32768.0,1.4407855584209481,0.0017825594707163426,True,vec,16,"{""1"": 11, ""2"": 0, ""3"": 2, ""4"": 2, ""5"": 13, ""6"": 10, ""7"": 4, ""8"": 9, ""9"": 6, ""10"": 8}"
949,949,True,,gemm\random\mappings\sample_949_seed_949.csv,5.044505104770735,326.63435385778,1.3474458884783107,0,0.0001663406,0.0,58368.0,17408.0,2.634199563578655,0.0017816268237081177,True,vec,16,"{""1"": 10, ""2"": 11, ""3"": 10, ""4"": 8, ""5"": 8, ""6"": 15, ""7"": 10, ""8"": 0, ""9"": 4, ""10"": 8}"
950,950,True,,gemm\random\mappings\sample_950_seed_950.csv,4.8939238154682245,326.50544343938,1.3763200958659383,0,0.0001662469,0.0,75776.0,14336.0,2.075580242015473,0.00178178886948197,True,vec,16,"{""1"": 6, ""2"": 6, ""3"": 13, ""4"": 6, ""5"": 14, ""6"": 1, ""7"": 11, ""8"": 0, ""9"": 5, ""10"": 13}"
951,951,True,,gemm\random\mappings\sample_951_seed_951.csv,5.054315612342527,326.34827153213,1.416773779128879,0,0.0001666507,0.0,105472.0,18432.0,1.6693116445149772,0.001783712832525386,True,vec,16,"{""1"": 5, ""2"": 8, ""3"": 8, ""4"": 9, ""5"": 3, ""6"": 13, ""7"": 6, ""8"": 0, ""9"": 13, ""10"": 11}"
952,952,True,,gemm\random\mappings\sample_952_seed_952.csv,6.187589817412477,325.80053419554,1.3345282630849973,0,0.0001961006,0.0,116736.0,34816.0,3.192818885141837,0.0019406065966048095,True,vec,16,"{""1"": 3, ""2"": 1, ""3"": 14, ""4"": 6, ""5"": 1, ""6"": 5, ""7"": 1, ""8"": 1, ""9"": 15, ""10"": 0}"
953,953,True,,gemm\random\mappings\sample_953_seed_953.csv,5.29222559070987,329.05879146766,1.8363142528468017,1,0.000123321,0.527388515625,133120.0,16384.0,1.7200952192025392,0.001573002233261821,True,vec,16,"{""1"": 0, ""2"": 7, ""3"": 12, ""4"": 8, ""5"": 13, ""6"": 7, ""7"": 2, ""8"": 1, ""9"": 12, ""10"": 2}"
954,954,True,,gemm\random\mappings\sample_954_seed_954.csv,5.06812202642276,327.71278303034,1.4148588911237239,1,0.0001665866,0.22463895833333122,53248.0,16384.0,1.6312239634993058,0.0017866400108444242,True,vec,16,"{""1"": 5, ""2"": 1, ""3"": 5, ""4"": 9, ""5"": 9, ""6"": 0, ""7"": 11, ""8"": 4, ""9"": 2, ""10"": 3}"
955,955,True,,gemm\random\mappings\sample_955_seed_955.csv,5.576497520495689,328.37299918592,1.752725759854399,2,0.0001464569,0.8646199999999999,92160.0,24576.0,1.0345169609204523,0.0016971869014354693,True,vec,16,"{""1"": 13, ""2"": 14, ""3"": 8, ""4"": 12, ""5"": 4, ""6"": 15, ""7"": 10, ""8"": 0, ""9"": 15, ""10"": 2}"
956,956,True,,gemm\random\mappings\sample_956_seed_956.csv,5.474265784400679,326.33210835697,1.2824965876095082,0,0.0001764247,0.0,107520.0,28672.0,1.8724459432652252,0.0018359856838490946,True,vec,16,"{""1"": 12, ""2"": 4, ""3"": 13, ""4"": 14, ""5"": 2, ""6"": 8, ""7"": 8, ""8"": 8, ""9"": 14, ""10"": 10}"
957,957,True,,gemm\random\mappings\sample_957_seed_957.csv,4.451939196278923,326.67167825397,1.4566218895274865,0,0.0001168528,0.0,115712.0,17408.0,1.3011307280301527,0.0015179275014759598,True,vec,16,"{""1"": 14, ""2"": 5, ""3"": 6, ""4"": 8, ""5"": 11, ""6"": 13, ""7"": 3, ""8"": 6, ""9"": 14, ""10"": 0}"
958,958,True,,gemm\random\mappings\sample_958_seed_958.csv,4.85394632543847,327.62872806551,1.739180298190574,2,0.0001183446,0.25954846875,99328.0,16384.0,1.2630430470144813,0.0015344006259289697,True,vec,16,"{""1"": 10, ""2"": 15, ""3"": 7, ""4"": 13, ""5"": 12, ""6"": 15, ""7"": 0, ""8"": 5, ""9"": 14, ""10"": 10}"
959,959,True,,gemm\random\mappings\sample_959_seed_959.csv,5.299872078253348,327.53039799484,1.5724803378039924,1,0.0001464847,0.09420539062500001,113664.0,24576.0,1.4153937710771671,0.0016808792677126564,True,vec,16,"{""1"": 15, ""2"": 6, ""3"": 3, ""4"": 13, ""5"": 12, ""6"": 7, ""7"": 2, ""8"": 2, ""9"": 12, ""10"": 0}"
960,960,True,,gemm\random\mappings\sample_960_seed_960.csv,5.3145198839844054,326.89587898079,1.5838749807443648,0,0.0001465386,0.0,102400.0,26624.0,2.2152350724062684,0.0016773344122213347,True,vec,16,"{""1"": 12, ""2"": 5, ""3"": 1, ""4"": 9, ""5"": 12, ""6"": 9, ""7"": 15, ""8"": 15, ""9"": 9, ""10"": 11}"
961,961,True,,gemm\random\mappings\sample_961_seed_961.csv,4.519373540022076,327.10383414322,1.6709273218497385,0,0.0001166927,0.0,102400.0,16384.0,1.3392184090458243,0.0015181436869754431,True,vec,16,"{""1"": 1, ""2"": 3, ""3"": 13, ""4"": 8, ""5"": 4, ""6"": 11, ""7"": 12, ""8"": 4, ""9"": 9, ""10"": 12}"
962,962,True,,gemm\random\mappings\sample_962_seed_962.csv,4.409106322005495,327.03466416058,1.5725278543949113,0,0.0001168266,0.0,80896.0,17408.0,1.3011307280301527,0.0015183949746060675,True,vec,16,"{""1"": 8, ""2"": 14, ""3"": 10, ""4"": 4, ""5"": 12, ""6"": 6, ""7"": 10, ""8"": 8, ""9"": 0, ""10"": 7}"
963,963,True,,gemm\random\mappings\sample_963_seed_963.csv,4.912187914741434,327.08895380144,1.4653851130424715,0,0.0001468269,0.0,101376.0,21504.0,1.2630430470144813,0.0016791953552898816,True,vec,16,"{""1"": 9, ""2"": 6, ""3"": 5, ""4"": 0, ""5"": 11, ""6"": 8, ""7"": 4, ""8"": 9, ""9"": 9, ""10"": 3}"
964,964,True,,gemm\random\mappings\sample_964_seed_964.csv,5.633318139969734,327.53215625941,1.7429165455878093,1,0.0001465508,0.14188041666666876,132096.0,32768.0,1.0345169609204523,0.0016819696389357942,True,vec,16,"{""1"": 13, ""2"": 2, ""3"": 7, ""4"": 6, ""5"": 15, ""6"": 0, ""7"": 3, ""8"": 1, ""9"": 3, ""10"": 5}"
965,965,True,,gemm\random\mappings\sample_965_seed_965.csv,5.610197073185325,328.43028443732,1.8112409446712625,3,0.0001205608,0.8334786369047624,123904.0,24576.0,1.4407855584209481,0.0015578455050536501,True,vec,16,"{""1"": 7, ""2"": 15, ""3"": 10, ""4"": 14, ""5"": 8, ""6"": 8, ""7"": 12, ""8"": 6, ""9"": 11, ""10"": 14}"
966,966,True,,gemm\random\mappings\sample_966_seed_966.csv,6.3987777514210125,328.06610751755,1.5339234911694664,2,0.0001665048,0.49830125,154624.0,33792.0,2.3168022217813924,0.0017946920520661132,True,vec,16,"{""1"": 1, ""2"": 10, ""3"": 15, ""4"": 10, ""5"": 14, ""6"": 12, ""7"": 10, ""8"": 9, ""9"": 1, ""10"": 2}"
967,967,True,,gemm\random\mappings\sample_967_seed_967.csv,5.147453026838611,327.20956962348,1.6469983552682679,1,0.0001166767,0.015698875,105472.0,35840.0,0.9202539178734378,0.0015183980331448005,True,vec,16,"{""1"": 3, ""2"": 6, ""3"": 13, ""4"": 2, ""5"": 1, ""6"": 0, ""7"": 12, ""8"": 3, ""9"": 9, ""10"": 4}"
968,968,True,,gemm\random\mappings\sample_968_seed_968.csv,5.665153462416263,327.62566834233,1.411964095046437,1,0.0001464726,0.20105125000000001,132096.0,32768.0,1.7962705812338822,0.0016793010797794983,True,vec,16,"{""1"": 3, ""2"": 9, ""3"": 1, ""4"": 6, ""5"": 13, ""6"": 9, ""7"": 9, ""8"": 4, ""9"": 0, ""10"": 10}"
969,969,True,,gemm\random\mappings\sample_969_seed_969.csv,5.467594050238947,326.73305957466,1.3861883093144047,0,0.0001666467,0.0,122880.0,25600.0,2.126363816703035,0.0017841153050167987,True,vec,16,"{""1"": 12, ""2"": 2, ""3"": 9, ""4"": 2, ""5"": 12, ""6"": 1, ""7"": 7, ""8"": 13, ""9"": 12, ""10"": 5}"
970,970,True,,gemm\random\mappings\sample_970_seed_970.csv,5.908198533901774,327.84801779436,1.4861537057301084,3,0.0001668427,0.31154364583333316,124928.0,24576.0,1.8216623685776632,0.0017906081752276201,True,vec,16,"{""1"": 9, ""2"": 3, ""3"": 3, ""4"": 4, ""5"": 6, ""6"": 0, ""7"": 10, ""8"": 1, ""9"": 6, ""10"": 7}"
971,971,True,,gemm\random\mappings\sample_971_seed_971.csv,5.0050755633957005,327.11420338085,1.613119325928939,0,0.0001165526,0.0,99328.0,26624.0,2.2914104344376116,0.0015170928721312872,True,vec,16,"{""1"": 8, ""2"": 7, ""3"": 8, ""4"": 5, ""5"": 2, ""6"": 2, ""7"": 5, ""8"": 7, ""9"": 6, ""10"": 6}"
972,972,True,,gemm\random\mappings\sample_972_seed_972.csv,6.17229529465149,327.53198932215,1.482874917730232,1,0.000166587,0.122521125,174080.0,32768.0,2.278714540765721,0.0017877085627328356,True,vec,16,"{""1"": 3, ""2"": 13, ""3"": 6, ""4"": 12, ""5"": 13, ""6"": 8, ""7"": 7, ""8"": 10, ""9"": 13, ""10"": 3}"
973,973,True,,gemm\random\mappings\sample_973_seed_973.csv,4.876571295816441,325.91960619381,1.3702090102567293,0,0.0001663449,0.0,84992.0,16384.0,1.8216623685776632,0.0017809948698877525,True,vec,16,"{""1"": 4, ""2"": 1, ""3"": 13, ""4"": 8, ""5"": 8, ""6"": 3, ""7"": 14, ""8"": 14, ""9"": 2, ""10"": 2}"
974,974,True,,gemm\random\mappings\sample_974_seed_974.csv,5.423553106454084,326.66785485131,1.4076730695627215,0,0.0001666648,0.0,128000.0,26624.0,1.6693116445149772,0.0017848213068188885,True,vec,16,"{""1"": 10, ""2"": 0, ""3"": 12, ""4"": 15, ""5"": 12, ""6"": 7, ""7"": 9, ""8"": 11, ""9"": 9, ""10"": 2}"
975,975,True,,gemm\random\mappings\sample_975_seed_975.csv,6.422253397196378,326.27869910975,1.330737439671333,0,0.0001966168,0.0,167936.0,32768.0,3.421344971235866,0.001943894168250632,True,vec,16,"{""1"": 15, ""2"": 1, ""3"": 1, ""4"": 9, ""5"": 2, ""6"": 8, ""7"": 1, ""8"": 1, ""9"": 8, ""10"": 10}"
976,976,True,,gemm\random\mappings\sample_976_seed_976.csv,4.204868554011188,326.51134036296,1.3320565514468694,0,0.0001168888,0.0,92160.0,17408.0,0.9202539178734378,0.0015172890156370709,True,vec,16,"{""1"": 10, ""2"": 6, ""3"": 1, ""4"": 9, ""5"": 15, ""6"": 10, ""7"": 7, ""8"": 0, ""9"": 8, ""10"": 14}"
977,977,True,,gemm\random\mappings\sample_977_seed_977.csv,4.3898782807569505,327.04025375391,1.4204715683434297,0,0.0001166128,0.0,87040.0,19456.0,1.1487800039674667,0.001515957053380736,True,vec,16,"{""1"": 1, ""2"": 9, ""3"": 10, ""4"": 1, ""5"": 7, ""6"": 8, ""7"": 6, ""8"": 3, ""9"": 11, ""10"": 8}"
978,978,True,,gemm\random\mappings\sample_978_seed_978.csv,4.91223682076374,327.4943959525,1.602792084819317,1,0.0001175927,0.133772625,115712.0,24576.0,1.0599087482642333,0.00152563202216562,True,vec,16,"{""1"": 4, ""2"": 2, ""3"": 12, ""4"": 7, ""5"": 13, ""6"": 6, ""7"": 10, ""8"": 15, ""9"": 5, ""10"": 2}"
979,979,True,,gemm\random\mappings\sample_979_seed_979.csv,4.893875583441658,327.78458589314,1.7994090865523633,1,0.0001185568,0.153143671875,112640.0,16384.0,1.5677444951398531,0.0015344604295818628,True,vec,16,"{""1"": 14, ""2"": 5, ""3"": 6, ""4"": 3, ""5"": 11, ""6"": 5, ""7"": 3, ""8"": 2, ""9"": 4, ""10"": 0}"
980,980,True,,gemm\random\mappings\sample_980_seed_980.csv,4.884437869594854,326.59784741407,1.485744894425974,0,0.0001463469,0.0,94208.0,18432.0,1.9105336242808966,0.001676545937891863,True,vec,16,"{""1"": 13, ""2"": 9, ""3"": 5, ""4"": 6, ""5"": 8, ""6"": 9, ""7"": 13, ""8"": 9, ""9"": 10, ""10"": 3}"
981,981,True,,gemm\random\mappings\sample_981_seed_981.csv,5.465840978513565,327.52689550267,1.5433172508949653,1,0.0001662487,0.12866854166666875,95232.0,18432.0,2.3548899027970642,0.0017837871057984752,True,vec,16,"{""1"": 7, ""2"": 1, ""3"": 4, ""4"": 11, ""5"": 11, ""6"": 15, ""7"": 3, ""8"": 11, ""9"": 14, ""10"": 14}"
982,982,True,,gemm\random\mappings\sample_982_seed_982.csv,4.871525997462685,327.62051495689,1.6254944506679618,1,0.0001181987,0.189421625,122880.0,16384.0,1.7200952192025392,0.0015301807073765604,True,vec,16,"{""1"": 3, ""2"": 11, ""3"": 2, ""4"": 15, ""5"": 8, ""6"": 2, ""7"": 8, ""8"": 9, ""9"": 1, ""10"": 1}"
983,983,True,,gemm\random\mappings\sample_983_seed_983.csv,5.009035528859443,327.59513344108,1.803739434378576,1,0.0001176208,0.10817727941176249,119808.0,19456.0,1.7073993255306488,0.0015284398241326336,True,vec,16,"{""1"": 12, ""2"": 12, ""3"": 0, ""4"": 3, ""5"": 8, ""6"": 15, ""7"": 4, ""8"": 1, ""9"": 3, ""10"": 12}"
984,984,True,,gemm\random\mappings\sample_984_seed_984.csv,5.160562645046142,327.55796784237,1.4786807967784898,1,0.0001463626,0.162353125,104448.0,19456.0,1.7962705812338822,0.0016797689674378589,True,vec,16,"{""1"": 3, ""2"": 15, ""3"": 4, ""4"": 2, ""5"": 11, ""6"": 11, ""7"": 0, ""8"": 8, ""9"": 11, ""10"": 7}"
985,985,True,,gemm\random\mappings\sample_985_seed_985.csv,4.655685392417495,327.68594704097,1.599436615501828,1,0.0001184929,0.223318125,100352.0,18432.0,0.8059908748264233,0.0015324130641855198,True,vec,16,"{""1"": 10, ""2"": 6, ""3"": 11, ""4"": 0, ""5"": 15, ""6"": 13, ""7"": 5, ""8"": 9, ""9"": 3, ""10"": 4}"
986,986,True,,gemm\random\mappings\sample_986_seed_986.csv,5.608587498107398,327.45653072844,1.4487266723934888,1,0.0001663587,0.05656145833333313,91136.0,28672.0,1.9232295179527872,0.0017834676091646564,True,vec,16,"{""1"": 3, ""2"": 2, ""3"": 11, ""4"": 5, ""5"": 2, ""6"": 15, ""7"": 15, ""8"": 14, ""9"": 7, ""10"": 5}"
987,987,True,,gemm\random\mappings\sample_987_seed_987.csv,5.705511320093292,327.82882052393,1.6000539868393013,1,0.000168853,0.15015225000000001,82944.0,29696.0,1.6312239634993058,0.0018042214925261763,True,vec,16,"{""1"": 1, ""2"": 0, ""3"": 0, ""4"": 8, ""5"": 1, ""6"": 7, ""7"": 2, ""8"": 6, ""9"": 10, ""10"": 12}"
988,988,True,,gemm\random\mappings\sample_988_seed_988.csv,6.410250093287322,328.9582014001,1.6348298504741428,1,0.0001732207,0.40318350000000003,155648.0,32768.0,2.050188454671692,0.0018394202962326719,True,vec,16,"{""1"": 9, ""2"": 3, ""3"": 3, ""4"": 7, ""5"": 2, ""6"": 9, ""7"": 9, ""8"": 1, ""9"": 12, ""10"": 12}"
989,989,True,,gemm\random\mappings\sample_989_seed_989.csv,5.5896545758744045,327.84778878322,1.8905519801907424,2,0.0001190727,0.31104629166666686,142336.0,33792.0,0.8821662368577663,0.001539795063697066,True,vec,16,"{""1"": 2, ""2"": 4, ""3"": 9, ""4"": 8, ""5"": 13, ""6"": 1, ""7"": 3, ""8"": 5, ""9"": 6, ""10"": 2}"
990,990,True,,gemm\random\mappings\sample_990_seed_990.csv,6.457980268155073,326.63493788345,1.3649711953102555,0,0.0002165389,0.0,121856.0,26624.0,3.9672683991271573,0.0020509601547502605,True,vec,16,"{""1"": 1, ""2"": 8, ""3"": 9, ""4"": 8, ""5"": 8, ""6"": 1, ""7"": 4, ""8"": 11, ""9"": 8, ""10"": 15}"
991,991,True,,gemm\random\mappings\sample_991_seed_991.csv,5.218062804835822,326.66552653513,1.4553172089068966,0,0.0001465229,0.0,93184.0,28672.0,2.024796667327911,0.0016770499543253448,True,vec,16,"{""1"": 4, ""2"": 14, ""3"": 5, ""4"": 9, ""5"": 8, ""6"": 5, ""7"": 4, ""8"": 14, ""9"": 4, ""10"": 11}"
992,992,True,,gemm\random\mappings\sample_992_seed_992.csv,4.418303284879723,326.60511897458,1.5666258281175574,0,0.0001169651,0.0,88064.0,16384.0,1.5677444951398531,0.0015191261850201613,True,vec,16,"{""1"": 6, ""2"": 11, ""3"": 0, ""4"": 10, ""5"": 9, ""6"": 11, ""7"": 3, ""8"": 10, ""9"": 13, ""10"": 12}"
993,993,True,,gemm\random\mappings\sample_993_seed_993.csv,4.60193759650861,326.8236355664,1.5394876286688917,0,0.0001167426,0.0,102400.0,24576.0,0.9583415988891093,0.001517590585986729,True,vec,16,"{""1"": 1, ""2"": 2, ""3"": 4, ""4"": 10, ""5"": 7, ""6"": 11, ""7"": 13, ""8"": 8, ""9"": 9, ""10"": 13}"
994,994,True,,gemm\random\mappings\sample_994_seed_994.csv,4.851266544768467,326.50788843699,1.429149356726724,0,0.0001467309,0.0,102400.0,18432.0,1.7581829002182108,0.0016771702581161712,True,vec,16,"{""1"": 4, ""2"": 12, ""3"": 11, ""4"": 1, ""5"": 4, ""6"": 3, ""7"": 9, ""8"": 9, ""9"": 3, ""10"": 3}"
995,995,True,,gemm\random\mappings\sample_995_seed_995.csv,5.123430699329781,326.66717065129,1.3348973804812871,0,0.000166555,0.0,79872.0,24576.0,1.5931362824836341,0.0017832452007540145,True,vec,16,"{""1"": 5, ""2"": 9, ""3"": 7, ""4"": 13, ""5"": 9, ""6"": 3, ""7"": 10, ""8"": 11, ""9"": 8, ""10"": 3}"
996,996,True,,gemm\random\mappings\sample_996_seed_996.csv,6.218506045812651,327.58784068177,1.6869353506867093,2,0.0001678986,0.13834884375,126976.0,32768.0,2.304106328109502,0.0017994577176237902,True,vec,16,"{""1"": 14, ""2"": 15, ""3"": 7, ""4"": 3, ""5"": 3, ""6"": 11, ""7"": 0, ""8"": 15, ""9"": 11, ""10"": 7}"
997,997,True,,gemm\random\mappings\sample_997_seed_997.csv,4.959933758270244,326.66555248575,1.4696284513306577,0,0.0001464086,0.0,90112.0,24576.0,1.4534814520928387,0.001675582661765233,True,vec,16,"{""1"": 14, ""2"": 14, ""3"": 9, ""4"": 8, ""5"": 5, ""6"": 11, ""7"": 6, ""8"": 11, ""9"": 6, ""10"": 2}"
998,998,True,,gemm\random\mappings\sample_998_seed_998.csv,5.819694485865964,329.01781617889,1.4437533920477317,1,0.0001706207,0.2546750625,102400.0,24576.0,2.126363816703035,0.0018167446139247345,True,vec,16,"{""1"": 5, ""2"": 15, ""3"": 15, ""4"": 5, ""5"": 6, ""6"": 14, ""7"": 5, ""8"": 0, ""9"": 11, ""10"": 8}"
999,999,True,,gemm\random\mappings\sample_999_seed_999.csv,5.17112039012264,326.52693125731,1.3366465329882442,0,0.0001667427,0.0,132096.0,18432.0,1.8216623685776632,0.0017843856141328263,True,vec,16,"{""1"": 2, ""2"": 15, ""3"": 15, ""4"": 4, ""5"": 10, ""6"": 3, ""7"": 6, ""8"": 4, ""9"": 8, ""10"": 1}"
1000,1000,True,,gemm\random\mappings\sample_1000_seed_1000.csv,5.153597863649212,327.89503139039,1.649545649444997,1,0.0001195388,0.316489125,145408.0,25600.0,0.9202539178734378,0.001540725811304318,True,vec,16,"{""1"": 13, ""2"": 3, ""3"": 12, ""4"": 11, ""5"": 2, ""6"": 14, ""7"": 5, ""8"": 13, ""9"": 4, ""10"": 7}"
1001,1001,True,,gemm\random\mappings\sample_1001_seed_1001.csv,4.69476568902081,327.62616612961,1.5946044464996323,1,0.0001175989,0.07435195312500001,93184.0,16384.0,1.6439198571711962,0.0015252267970375663,True,vec,16,"{""1"": 1, ""2"": 6, ""3"": 2, ""4"": 12, ""5"": 5, ""6"": 13, ""7"": 11, ""8"": 12, ""9"": 6, ""10"": 1}"
1002,1002,True,,gemm\random\mappings\sample_1002_seed_1002.csv,5.447817984748043,326.2841858448,1.4144139914705898,0,0.0001665666,0.0,123904.0,24576.0,2.3168022217813924,0.0017826922548490934,True,vec,16,"{""1"": 13, ""2"": 7, ""3"": 4, ""4"": 4, ""5"": 8, ""6"": 15, ""7"": 4, ""8"": 2, ""9"": 13, ""10"": 1}"
1003,1003,True,,gemm\random\mappings\sample_1003_seed_1003.csv,5.116547189090335,326.64152881499,1.588297962615016,0,0.0001664887,0.0,79872.0,16384.0,2.202539178734378,0.0017840057712309762,True,vec,16,"{""1"": 15, ""2"": 11, ""3"": 7, ""4"": 14, ""5"": 14, ""6"": 14, ""7"": 12, ""8"": 0, ""9"": 10, ""10"": 2}"
1004,1004,True,,gemm\random\mappings\sample_1004_seed_1004.csv,5.907044523964514,327.400121375,1.4749136750976268,2,0.0001666186,0.09831166666666687,132096.0,32768.0,1.4407855584209481,0.0017864274292268578,True,vec,16,"{""1"": 13, ""2"": 3, ""3"": 6, ""4"": 6, ""5"": 10, ""6"": 1, ""7"": 4, ""8"": 11, ""9"": 2, ""10"": 7}"
1005,1005,True,,gemm\random\mappings\sample_1005_seed_1005.csv,5.375990188944855,328.23063627698,1.7907606219394243,2,0.0001207388,0.717902,101376.0,26624.0,1.1741717913112477,0.0015561037489031425,True,vec,16,"{""1"": 15, ""2"": 12, ""3"": 13, ""4"": 9, ""5"": 11, ""6"": 5, ""7"": 15, ""8"": 3, ""9"": 10, ""10"": 11}"
1006,1006,True,,gemm\random\mappings\sample_1006_seed_1006.csv,5.282266362848421,327.55879654539,1.379179253773542,1,0.0001466307,0.10165109374999999,131072.0,24576.0,1.4153937710771671,0.0016807912867474073,True,vec,16,"{""1"": 11, ""2"": 1, ""3"": 7, ""4"": 14, ""5"": 0, ""6"": 6, ""7"": 10, ""8"": 0, ""9"": 6, ""10"": 9}"
1007,1007,True,,gemm\random\mappings\sample_1007_seed_1007.csv,5.364101279312424,326.46784642924,1.2312479766430837,0,0.0001663107,0.0,79872.0,30720.0,2.151755604046816,0.0017807662400453465,True,vec,16,"{""1"": 1, ""2"": 5, ""3"": 9, ""4"": 5, ""5"": 7, ""6"": 1, ""7"": 6, ""8"": 1, ""9"": 14, ""10"": 9}"
1008,1008,True,,gemm\random\mappings\sample_1008_seed_1008.csv,5.334874891695614,328.16129128914,1.8353191361696162,3,0.0001202328,0.8256259583333312,123904.0,16384.0,1.4407855584209481,0.0015579967474568892,True,vec,16,"{""1"": 14, ""2"": 10, ""3"": 2, ""4"": 3, ""5"": 1, ""6"": 4, ""7"": 3, ""8"": 11, ""9"": 0, ""10"": 10}"
1009,1009,True,,gemm\random\mappings\sample_1009_seed_1009.csv,5.426851822050583,326.66825046175,1.4286283175838157,0,0.0001669049,0.0,125952.0,25600.0,1.8089664749057726,0.001786076834485804,True,vec,16,"{""1"": 5, ""2"": 0, ""3"": 15, ""4"": 2, ""5"": 15, ""6"": 5, ""7"": 7, ""8"": 6, ""9"": 8, ""10"": 2}"
1010,1010,True,,gemm\random\mappings\sample_1010_seed_1010.csv,6.692139790822219,326.06093653284,1.234172874833032,0,0.0002166827,0.0,145408.0,35840.0,3.8530053560801427,0.002050336206357885,True,vec,16,"{""1"": 7, ""2"": 2, ""3"": 13, ""4"": 13, ""5"": 13, ""6"": 5, ""7"": 4, ""8"": 13, ""9"": 6, ""10"": 3}"
1011,1011,True,,gemm\random\mappings\sample_1011_seed_1011.csv,5.895327329695788,327.84352069466,1.6148949618922304,1,0.0001465508,0.33149125,144384.0,34816.0,1.6693116445149772,0.0016832448403190819,True,vec,16,"{""1"": 11, ""2"": 8, ""3"": 0, ""4"": 13, ""5"": 5, ""6"": 14, ""7"": 12, ""8"": 14, ""9"": 8, ""10"": 5}"
1012,1012,True,,gemm\random\mappings\sample_1012_seed_1012.csv,4.649457707143857,326.67419898994,1.529876276472478,0,0.0001168488,0.0,105472.0,25600.0,1.0599087482642333,0.0015186326616367777,True,vec,16,"{""1"": 10, ""2"": 5, ""3"": 4, ""4"": 12, ""5"": 6, ""6"": 0, ""7"": 11, ""8"": 8, ""9"": 13, ""10"": 6}"
1013,1013,True,,gemm\random\mappings\sample_1013_seed_1013.csv,5.997939337429207,327.85907853396,1.9132681501949205,3,0.0001197968,0.31391912946428563,172032.0,32768.0,1.8216623685776632,0.001548021385581804,True,vec,16,"{""1"": 15, ""2"": 8, ""3"": 5, ""4"": 0, ""5"": 12, ""6"": 1, ""7"": 12, ""8"": 7, ""9"": 8, ""10"": 0}"
1014,1014,True,,gemm\random\mappings\sample_1014_seed_1014.csv,5.276041907330331,328.00418275267,1.5599243423012426,2,0.0001184609,0.5879300000000001,125952.0,24576.0,1.4407855584209481,0.0015345766380670744,True,vec,16,"{""1"": 0, ""2"": 7, ""3"": 8, ""4"": 1, ""5"": 13, ""6"": 13, ""7"": 5, ""8"": 14, ""9"": 15, ""10"": 8}"
1015,1015,True,,gemm\random\mappings\sample_1015_seed_1015.csv,5.942432054808143,328.55068472685,1.9074712765056105,3,0.0001212668,0.7042700416666668,181248.0,25600.0,1.6439198571711962,0.0015602820417206155,True,vec,16,"{""1"": 3, ""2"": 9, ""3"": 15, ""4"": 12, ""5"": 8, ""6"": 13, ""7"": 9, ""8"": 15, ""9"": 0, ""10"": 3}"
1016,1016,True,,gemm\random\mappings\sample_1016_seed_1016.csv,5.287574467448328,329.05966286645,1.6229010526065206,1,0.000120035166,0.509027,107520.0,24576.0,1.6439198571711962,0.0015466885020494544,True,vec,16,"{""1"": 11, ""2"": 12, ""3"": 11, ""4"": 5, ""5"": 2, ""6"": 11, ""7"": 15, ""8"": 1, ""9"": 14, ""10"": 15}"
1017,1017,True,,gemm\random\mappings\sample_1017_seed_1017.csv,4.786839132513197,327.04150424763,1.4522538530740914,0,0.0001464848,0.0,105472.0,16384.0,1.4153937710771671,0.0016768619435622272,True,vec,16,"{""1"": 15, ""2"": 13, ""3"": 6, ""4"": 3, ""5"": 11, ""6"": 9, ""7"": 3, ""8"": 9, ""9"": 8, ""10"": 0}"
1018,1018,True,,gemm\random\mappings\sample_1018_seed_1018.csv,5.360747435490086,327.7209390018,1.7009036144674197,1,0.0001187068,0.15772848214285626,152576.0,27648.0,1.6312239634993058,0.0015344699790236685,True,vec,16,"{""1"": 12, ""2"": 12, ""3"": 3, ""4"": 7, ""5"": 10, ""6"": 7, ""7"": 5, ""8"": 13, ""9"": 6, ""10"": 3}"
1019,1019,True,,gemm\random\mappings\sample_1019_seed_1019.csv,5.807336024316895,328.39515711774,1.9038599409779808,2,0.0001211487,0.8006728437500001,113664.0,34816.0,1.3392184090458243,0.001563703337362913,True,vec,16,"{""1"": 1, ""2"": 10, ""3"": 6, ""4"": 3, ""5"": 7, ""6"": 14, ""7"": 7, ""8"": 9, ""9"": 12, ""10"": 12}"
1020,1020,True,,gemm\random\mappings\sample_1020_seed_1020.csv,5.140948063557517,326.73954416958,1.5884116295386004,0,0.0001167907,0.0,159744.0,32768.0,1.1868676849831383,0.001518696881109441,True,vec,16,"{""1"": 3, ""2"": 0, ""3"": 14, ""4"": 12, ""5"": 5, ""6"": 9, ""7"": 5, ""8"": 8, ""9"": 11, ""10"": 13}"
1021,1021,True,,gemm\random\mappings\sample_1021_seed_1021.csv,5.173415849287518,326.07563635881,1.3439263469913227,0,0.0001669529,0.0,108544.0,18432.0,2.431065264828407,0.0017843426828355613,True,vec,16,"{""1"": 5, ""2"": 7, ""3"": 8, ""4"": 13, ""5"": 13, ""6"": 13, ""7"": 10, ""8"": 3, ""9"": 3, ""10"": 14}"
1022,1022,True,,gemm\random\mappings\sample_1022_seed_1022.csv,5.148479409279172,327.55786825467,1.596659007586689,1,0.0001177508,0.16196275,123904.0,24576.0,1.9486213052965682,0.0015271290294504463,True,vec,16,"{""1"": 4, ""2"": 13, ""3"": 11, ""4"": 2, ""5"": 12, ""6"": 2, ""7"": 11, ""8"": 7, ""9"": 13, ""10"": 1}"
1023,1023,True,,gemm\random\mappings\sample_1023_seed_1023.csv,5.500063334377144,328.20543305766,1.8012862893968462,2,0.000119387,0.5059096826923062,104448.0,29696.0,1.5296568141241818,0.0015463780900210455,True,vec,16,"{""1"": 15, ""2"": 14, ""3"": 15, ""4"": 4, ""5"": 13, ""6"": 9, ""7"": 0, ""8"": 13, ""9"": 11, ""10"": 11}"
1024,1024,True,,gemm\random\mappings\sample_1024_seed_1024.csv,5.452932369957844,326.8809305165,1.5790805577850997,0,0.0001466667,0.0,169984.0,26624.0,1.6693116445149772,0.0016795337031789012,True,vec,16,"{""1"": 0, ""2"": 15, ""3"": 12, ""4"": 10, ""5"": 3, ""6"": 14, ""7"": 11, ""8"": 11, ""9"": 12, ""10"": 3}"
1025,1025,True,,gemm\random\mappings\sample_1025_seed_1025.csv,4.923178746784324,326.22909772494,1.2773444552067719,0,0.0001665547,0.0,80896.0,18432.0,1.8597500495933346,0.001782436797381586,True,vec,16,"{""1"": 6, ""2"": 1, ""3"": 1, ""4"": 6, ""5"": 11, ""6"": 7, ""7"": 7, ""8"": 12, ""9"": 10, ""10"": 15}"
1026,1026,True,,gemm\random\mappings\sample_1026_seed_1026.csv,5.6371719763643835,327.62260066402,1.5490170285759506,1,0.0001665708,0.151938125,136192.0,24576.0,1.4407855584209481,0.001788962315737709,True,vec,16,"{""1"": 0, ""2"": 15, ""3"": 8, ""4"": 12, ""5"": 8, ""6"": 7, ""7"": 13, ""8"": 14, ""9"": 10, ""10"": 3}"
1027,1027,True,,gemm\random\mappings\sample_1027_seed_1027.csv,6.555592701592906,329.19491091678,1.8629104913898127,3,0.0001469488,1.1208928333333312,163840.0,36864.0,1.1487800039674667,0.0017067063880379448,True,vec,16,"{""1"": 0, ""2"": 3, ""3"": 2, ""4"": 15, ""5"": 7, ""6"": 0, ""7"": 13, ""8"": 1, ""9"": 1, ""10"": 8}"
1028,1028,True,,gemm\random\mappings\sample_1028_seed_1028.csv,4.9814926264171,328.01821704186,1.6343049748377554,1,0.000119557,0.233299140625,89088.0,20480.0,1.9105336242808966,0.001541088437180363,True,vec,16,"{""1"": 14, ""2"": 12, ""3"": 8, ""4"": 6, ""5"": 14, ""6"": 11, ""7"": 12, ""8"": 6, ""9"": 0, ""10"": 0}"
1029,1029,True,,gemm\random\mappings\sample_1029_seed_1029.csv,5.736450063758702,329.28916251078,1.7118962818425891,3,0.0001464048,1.15601075,76800.0,18432.0,1.8216623685776632,0.0017048581605498354,True,vec,16,"{""1"": 9, ""2"": 5, ""3"": 13, ""4"": 8, ""5"": 12, ""6"": 11, ""7"": 3, ""8"": 8, ""9"": 11, ""10"": 8}"
1030,1030,True,,gemm\random\mappings\sample_1030_seed_1030.csv,4.531968301900185,326.81047374789,1.4459339527092794,0,0.0001169047,0.0,109568.0,19456.0,1.4407855584209481,0.0015181421984440315,True,vec,16,"{""1"": 1, ""2"": 13, ""3"": 5, ""4"": 6, ""5"": 14, ""6"": 12, ""7"": 2, ""8"": 14, ""9"": 4, ""10"": 6}"
1031,1031,True,,gemm\random\mappings\sample_1031_seed_1031.csv,5.081082566437351,326.18722204308,1.300574495192596,0,0.0001662646,0.0,78848.0,18432.0,2.6088077762348743,0.0017799932603716141,True,vec,16,"{""1"": 1, ""2"": 1, ""3"": 10, ""4"": 10, ""5"": 1, ""6"": 11, ""7"": 8, ""8"": 14, ""9"": 12, ""10"": 14}"
1032,1032,True,,gemm\random\mappings\sample_1032_seed_1032.csv,4.801241965706351,325.9551439547,1.4303208331668078,0,0.0001169389,0.0,110592.0,32768.0,1.1868676849831383,0.001517961770821348,True,vec,16,"{""1"": 12, ""2"": 13, ""3"": 5, ""4"": 10, ""5"": 6, ""6"": 14, ""7"": 9, ""8"": 6, ""9"": 1, ""10"": 11}"
1033,1033,True,,gemm\random\mappings\sample_1033_seed_1033.csv,4.951100530013334,326.56813561768,1.2971944727791536,0,0.0001664847,0.0,104448.0,16384.0,1.6693116445149772,0.001782622108416633,True,vec,16,"{""1"": 6, ""2"": 8, ""3"": 14, ""4"": 2, ""5"": 2, ""6"": 7, ""7"": 0, ""8"": 12, ""9"": 12, ""10"": 4}"
1034,1034,True,,gemm\random\mappings\sample_1034_seed_1034.csv,5.857441861396811,327.36405708479,1.5603478393685155,1,0.0001663587,0.08007375,101376.0,27648.0,2.811942074985122,0.00178478839927429,True,vec,16,"{""1"": 1, ""2"": 2, ""3"": 2, ""4"": 3, ""5"": 12, ""6"": 2, ""7"": 7, ""8"": 12, ""9"": 7, ""10"": 5}"
1035,1035,True,,gemm\random\mappings\sample_1035_seed_1035.csv,5.2092981489489985,327.69529717705,1.744245397083652,2,0.0001178207,0.35501095833333124,131072.0,24576.0,1.0599087482642333,0.001530422791010033,True,vec,16,"{""1"": 14, ""2"": 4, ""3"": 8, ""4"": 5, ""5"": 2, ""6"": 1, ""7"": 12, ""8"": 0, ""9"": 7, ""10"": 8}"
1036,1036,True,,gemm\random\mappings\sample_1036_seed_1036.csv,6.253014281990323,325.89260695502,1.3240141713838154,0,0.000216843,0.0,154624.0,26624.0,2.862725649672684,0.0020522080300082466,True,vec,16,"{""1"": 13, ""2"": 2, ""3"": 2, ""4"": 1, ""5"": 2, ""6"": 11, ""7"": 14, ""8"": 4, ""9"": 0, ""10"": 11}"
1037,1037,True,,gemm\random\mappings\sample_1037_seed_1037.csv,4.76270883353518,327.62494019025,1.6415412941528247,1,0.0001183009,0.191225625,110592.0,20480.0,0.8059908748264233,0.001531088124866311,True,vec,16,"{""1"": 2, ""2"": 14, ""3"": 15, ""4"": 3, ""5"": 1, ""6"": 0, ""7"": 11, ""8"": 9, ""9"": 7, ""10"": 4}"
1038,1038,True,,gemm\random\mappings\sample_1038_seed_1038.csv,5.658493668883922,329.0539888896,1.8907729845684387,2,0.0001205286,0.9136474198717751,115712.0,28672.0,1.1487800039674667,0.0015541276239382988,True,vec,16,"{""1"": 3, ""2"": 2, ""3"": 8, ""4"": 4, ""5"": 3, ""6"": 11, ""7"": 15, ""8"": 1, ""9"": 14, ""10"": 14}"
1039,1039,True,,gemm\random\mappings\sample_1039_seed_1039.csv,5.737817484608267,328.60536420197,1.6771324253486593,2,0.0001463887,0.65099025,81920.0,28672.0,1.6439198571711962,0.0016970080760667285,True,vec,16,"{""1"": 5, ""2"": 6, ""3"": 3, ""4"": 1, ""5"": 7, ""6"": 12, ""7"": 3, ""8"": 5, ""9"": 5, ""10"": 0}"
1040,1040,True,,gemm\random\mappings\sample_1040_seed_1040.csv,4.407357236309186,326.67254428718,1.4606787085594206,0,0.0001168387,0.0,80896.0,18432.0,1.5550486014679628,0.0015176434813190768,True,vec,16,"{""1"": 9, ""2"": 5, ""3"": 7, ""4"": 11, ""5"": 8, ""6"": 0, ""7"": 8, ""8"": 10, ""9"": 9, ""10"": 5}"
1041,1041,True,,gemm\random\mappings\sample_1041_seed_1041.csv,5.241346672035747,326.73963706194,1.5458001080520167,0,0.0001465489,0.0,120832.0,26624.0,1.7073993255306488,0.0016773196725495725,True,vec,16,"{""1"": 14, ""2"": 5, ""3"": 14, ""4"": 12, ""5"": 0, ""6"": 6, ""7"": 2, ""8"": 6, ""9"": 2, ""10"": 12}"
1042,1042,True,,gemm\random\mappings\sample_1042_seed_1042.csv,4.843528470635256,326.64597247219,1.3438673868220412,0,0.0001464066,0.0,99328.0,24576.0,1.0345169609204523,0.001675636540917815,True,vec,16,"{""1"": 7, ""2"": 4, ""3"": 11, ""4"": 1, ""5"": 10, ""6"": 9, ""7"": 15, ""8"": 12, ""9"": 9, ""10"": 5}"
1043,1043,True,,gemm\random\mappings\sample_1043_seed_1043.csv,5.076052563808093,326.94255352508,1.3452428258457194,0,0.0001667147,0.0,66560.0,18432.0,2.329498115453283,0.001784307449637495,True,vec,16,"{""1"": 11, ""2"": 10, ""3"": 15, ""4"": 7, ""5"": 7, ""6"": 1, ""7"": 10, ""8"": 8, ""9"": 5, ""10"": 7}"
1044,1044,True,,gemm\random\mappings\sample_1044_seed_1044.csv,5.361192974455959,325.64809942011,1.290616738275266,0,0.000166827,0.0,122880.0,28672.0,1.8978377306090062,0.0017835339671803516,True,vec,16,"{""1"": 7, ""2"": 11, ""3"": 14, ""4"": 14, ""5"": 1, ""6"": 6, ""7"": 4, ""8"": 4, ""9"": 6, ""10"": 15}"
1045,1045,True,,gemm\random\mappings\sample_1045_seed_1045.csv,5.72266263224644,328.1666881511,1.9818197916526086,2,0.000122507628,0.57783503125,143360.0,24576.0,1.9740130926403492,0.001574635457511764,True,vec,16,"{""1"": 1, ""2"": 13, ""3"": 14, ""4"": 15, ""5"": 3, ""6"": 14, ""7"": 4, ""8"": 10, ""9"": 15, ""10"": 15}"
1046,1046,True,,gemm\random\mappings\sample_1046_seed_1046.csv,5.533428472528212,327.46254535046,1.42329591337721,1,0.0001665847,0.12383,99328.0,26624.0,1.6947034318587582,0.0017869677074828084,True,vec,16,"{""1"": 14, ""2"": 15, ""3"": 2, ""4"": 11, ""5"": 11, ""6"": 6, ""7"": 4, ""8"": 1, ""9"": 5, ""10"": 2}"
1047,1047,True,,gemm\random\mappings\sample_1047_seed_1047.csv,6.035381710385814,327.83162842353,1.6255397995744936,2,0.0001667147,0.4795858072916688,157696.0,24576.0,1.8216623685776632,0.0017999109289066955,True,vec,16,"{""1"": 2, ""2"": 8, ""3"": 12, ""4"": 8, ""5"": 14, ""6"": 12, ""7"": 15, ""8"": 5, ""9"": 11, ""10"": 7}"
1048,1048,True,,gemm\random\mappings\sample_1048_seed_1048.csv,4.769751904894573,326.67722908101,1.5982840465602595,0,0.000116953,0.0,93184.0,26624.0,1.5296568141241818,0.0015192168815753057,True,vec,16,"{""1"": 8, ""2"": 8, ""3"": 5, ""4"": 6, ""5"": 1, ""6"": 2, ""7"": 9, ""8"": 6, ""9"": 12, ""10"": 2}"
1049,1049,True,,gemm\random\mappings\sample_1049_seed_1049.csv,5.159174054616213,328.60116188707,1.746208139962844,2,0.0001195927,0.691038515625,111616.0,18432.0,1.1868676849831383,0.0015451696453276087,True,vec,16,"{""1"": 14, ""2"": 1, ""3"": 7, ""4"": 15, ""5"": 10, ""6"": 8, ""7"": 5, ""8"": 1, ""9"": 0, ""10"": 2}"
1050,1050,True,,gemm\random\mappings\sample_1050_seed_1050.csv,4.765030673392211,326.80587050473,1.4200930934853917,0,0.0001467268,0.0,77824.0,17408.0,1.8216623685776632,0.001677717717873653,True,vec,16,"{""1"": 10, ""2"": 13, ""3"": 14, ""4"": 11, ""5"": 2, ""6"": 1, ""7"": 5, ""8"": 13, ""9"": 1, ""10"": 13}"
1051,1051,True,,gemm\random\mappings\sample_1051_seed_1051.csv,4.70380140198459,326.80972249695,1.5003610059327137,0,0.000117177,0.0,144384.0,20480.0,1.3392184090458243,0.001520420382365884,True,vec,16,"{""1"": 1, ""2"": 3, ""3"": 8, ""4"": 15, ""5"": 4, ""6"": 8, ""7"": 14, ""8"": 0, ""9"": 2, ""10"": 14}"
1052,1052,True,,gemm\random\mappings\sample_1052_seed_1052.csv,4.7619680336291825,326.73870872202,1.4672219551842784,0,0.0001172111,0.0,137216.0,24576.0,1.2503471533425907,0.0015201953237664954,True,vec,16,"{""1"": 4, ""2"": 3, ""3"": 10, ""4"": 4, ""5"": 15, ""6"": 14, ""7"": 6, ""8"": 8, ""9"": 0, ""10"": 15}"
1053,1053,True,,gemm\random\mappings\sample_1053_seed_1053.csv,5.418859057805744,325.90523707905,1.3640715492952218,0,0.000216443,0.0,41984.0,10240.0,3.2816901408450705,0.0020499499065877755,True,vec,16,"{""1"": 11, ""2"": 11, ""3"": 11, ""4"": 7, ""5"": 11, ""6"": 13, ""7"": 10, ""8"": 2, ""9"": 4, ""10"": 15}"
1054,1054,True,,gemm\random\mappings\sample_1054_seed_1054.csv,4.559466578012028,326.74030294602,1.4175904372142658,0,0.0001166967,0.0,108544.0,24576.0,0.9583415988891093,0.0015166932961694468,True,vec,16,"{""1"": 3, ""2"": 0, ""3"": 7, ""4"": 5, ""5"": 10, ""6"": 14, ""7"": 9, ""8"": 1, ""9"": 6, ""10"": 6}"
1055,1055,True,,gemm\random\mappings\sample_1055_seed_1055.csv,5.085488906459375,327.04147909722,1.4738416493688888,0,0.0001464866,0.0,112640.0,19456.0,2.177147391390597,0.0016771903308702204,True,vec,16,"{""1"": 2, ""2"": 3, ""3"": 11, ""4"": 6, ""5"": 13, ""6"": 14, ""7"": 13, ""8"": 13, ""9"": 3, ""10"": 9}"
1056,1056,True,,gemm\random\mappings\sample_1056_seed_1056.csv,5.655470496797146,328.06609616323,1.4893491921020565,2,0.0001676749,0.2802639375,107520.0,22528.0,1.5931362824836341,0.0017979035949250916,True,vec,16,"{""1"": 3, ""2"": 5, ""3"": 11, ""4"": 6, ""5"": 11, ""6"": 15, ""7"": 7, ""8"": 12, ""9"": 2, ""10"": 15}"
1057,1057,True,,gemm\random\mappings\sample_1057_seed_1057.csv,5.414656871309511,326.50062627158,1.3815335402132607,0,0.0001665386,0.0,103424.0,26624.0,2.202539178734378,0.0017836294552904613,True,vec,16,"{""1"": 5, ""2"": 13, ""3"": 11, ""4"": 7, ""5"": 7, ""6"": 13, ""7"": 8, ""8"": 0, ""9"": 11, ""10"": 15}"
1058,1058,True,,gemm\random\mappings\sample_1058_seed_1058.csv,5.175098967930319,327.40496727167,1.6623169119828933,2,0.0001172906,0.12455291666666873,111616.0,24576.0,1.8216623685776632,0.0015232690594826114,True,vec,16,"{""1"": 9, ""2"": 4, ""3"": 6, ""4"": 3, ""5"": 15, ""6"": 4, ""7"": 6, ""8"": 1, ""9"": 2, ""10"": 3}"
1059,1059,True,,gemm\random\mappings\sample_1059_seed_1059.csv,5.929247973482828,327.52712457911,1.6341566401111816,1,0.0001678527,0.05971567307692312,100352.0,29696.0,2.5707200952192024,0.0017948902848428391,True,vec,16,"{""1"": 1, ""2"": 3, ""3"": 3, ""4"": 7, ""5"": 0, ""6"": 13, ""7"": 8, ""8"": 3, ""9"": 1, ""10"": 0}"
1060,1060,True,,gemm\random\mappings\sample_1060_seed_1060.csv,6.15875013573696,329.29053802301,1.9797043814346809,3,0.0001249146,1.261489796875,116736.0,34816.0,1.1868676849831383,0.001592812050375418,True,vec,16,"{""1"": 7, ""2"": 6, ""3"": 0, ""4"": 1, ""5"": 4, ""6"": 4, ""7"": 2, ""8"": 5, ""9"": 9, ""10"": 3}"
1061,1061,True,,gemm\random\mappings\sample_1061_seed_1061.csv,4.879657893637371,327.75572710964,1.6077965769811837,1,0.000117835,0.23356604166666875,89088.0,18432.0,2.012100773656021,0.0015273327076118207,True,vec,16,"{""1"": 10, ""2"": 10, ""3"": 4, ""4"": 12, ""5"": 11, ""6"": 3, ""7"": 0, ""8"": 12, ""9"": 4, ""10"": 11}"
1062,1062,True,,gemm\random\mappings\sample_1062_seed_1062.csv,5.184934480248015,327.99992615867,1.933947064118785,2,0.0001188086,0.36694945833333126,72704.0,19456.0,2.0882761356873636,0.0015403055259493469,True,vec,16,"{""1"": 3, ""2"": 7, ""3"": 11, ""4"": 2, ""5"": 1, ""6"": 14, ""7"": 2, ""8"": 1, ""9"": 3, ""10"": 2}"
1063,1063,True,,gemm\random\mappings\sample_1063_seed_1063.csv,5.011682247072962,326.47079389671,1.5057910590284296,0,0.0001468591,0.0,111616.0,18432.0,2.177147391390597,0.0016795831468768222,True,vec,16,"{""1"": 6, ""2"": 4, ""3"": 12, ""4"": 7, ""5"": 11, ""6"": 12, ""7"": 10, ""8"": 12, ""9"": 11, ""10"": 3}"
1064,1064,True,,gemm\random\mappings\sample_1064_seed_1064.csv,4.943841339061505,327.7194660182,1.5077162627716578,1,0.0001466308,0.236848,90112.0,16384.0,1.2630430470144813,0.001682308559335705,True,vec,16,"{""1"": 7, ""2"": 1, ""3"": 11, ""4"": 6, ""5"": 15, ""6"": 2, ""7"": 4, ""8"": 4, ""9"": 2, ""10"": 9}"
1065,1065,True,,gemm\random\mappings\sample_1065_seed_1065.csv,5.122825166062837,326.66550562196,1.514508955577208,0,0.0001465669,0.0,89088.0,26624.0,1.8216623685776632,0.0016776192136532526,True,vec,16,"{""1"": 3, ""2"": 11, ""3"": 6, ""4"": 2, ""5"": 5, ""6"": 15, ""7"": 5, ""8"": 15, ""9"": 4, ""10"": 5}"
1066,1066,True,,gemm\random\mappings\sample_1066_seed_1066.csv,5.1037818961091785,327.47807307403,1.6823524785808992,1,0.0001174509,0.082340078125,95232.0,27648.0,1.7581829002182108,0.0015253651493136525,True,vec,16,"{""1"": 14, ""2"": 14, ""3"": 12, ""4"": 9, ""5"": 4, ""6"": 1, ""7"": 12, ""8"": 15, ""9"": 9, ""10"": 11}"
1067,1067,True,,gemm\random\mappings\sample_1067_seed_1067.csv,5.3752600070348056,326.7372345712,1.5075735418036154,0,0.0001667629,0.0,117760.0,24576.0,1.6693116445149772,0.0017847917081245171,True,vec,16,"{""1"": 0, ""2"": 9, ""3"": 12, ""4"": 5, ""5"": 9, ""6"": 10, ""7"": 15, ""8"": 15, ""9"": 4, ""10"": 11}"
1068,1068,True,,gemm\random\mappings\sample_1068_seed_1068.csv,5.279288098951876,328.15649862813,1.62986998294096,1,0.0001197667,0.27857679687500003,92160.0,27648.0,2.0882761356873636,0.0015438040566777863,True,vec,16,"{""1"": 13, ""2"": 15, ""3"": 6, ""4"": 13, ""5"": 11, ""6"": 15, ""7"": 1, ""8"": 6, ""9"": 8, ""10"": 13}"
1069,1069,True,,gemm\random\mappings\sample_1069_seed_1069.csv,5.1293246493389555,327.69010162175,1.5553447776072826,1,0.0001461667,0.22191525,105472.0,16384.0,1.7962705812338822,0.001680388292486972,True,vec,16,"{""1"": 11, ""2"": 4, ""3"": 15, ""4"": 2, ""5"": 3, ""6"": 5, ""7"": 15, ""8"": 15, ""9"": 6, ""10"": 13}"
1070,1070,True,,gemm\random\mappings\sample_1070_seed_1070.csv,4.664241471637566,326.63918715996,1.4809413109390042,0,0.0001170509,0.0,116736.0,24576.0,1.1868676849831383,0.0015193000491612843,True,vec,16,"{""1"": 11, ""2"": 2, ""3"": 15, ""4"": 0, ""5"": 10, ""6"": 4, ""7"": 6, ""8"": 13, ""9"": 2, ""10"": 7}"
1071,1071,True,,gemm\random\mappings\sample_1071_seed_1071.csv,6.031116183959808,327.98423189425,1.5096268668342046,2,0.0001665328,0.301066847222225,130048.0,29696.0,1.9359254116246776,0.0017909086957001317,True,vec,16,"{""1"": 3, ""2"": 15, ""3"": 14, ""4"": 1, ""5"": 1, ""6"": 14, ""7"": 3, ""8"": 7, ""9"": 11, ""10"": 8}"
1072,1072,True,,gemm\random\mappings\sample_1072_seed_1072.csv,6.148188197428961,327.52916691907,1.602473292512582,1,0.0001677928,0.07743575,157696.0,36864.0,1.5931362824836341,0.0017960678269989365,True,vec,16,"{""1"": 15, ""2"": 12, ""3"": 0, ""4"": 12, ""5"": 8, ""6"": 6, ""7"": 2, ""8"": 14, ""9"": 5, ""10"": 2}"
1073,1073,True,,gemm\random\mappings\sample_1073_seed_1073.csv,5.034908749586316,327.937647444,1.7116980387345704,2,0.0001198291,0.4691218571428563,119808.0,18432.0,1.0599087482642333,0.0015478776456823893,True,vec,16,"{""1"": 10, ""2"": 0, ""3"": 11, ""4"": 2, ""5"": 1, ""6"": 15, ""7"": 13, ""8"": 6, ""9"": 5, ""10"": 0}"
1074,1074,True,,gemm\random\mappings\sample_1074_seed_1074.csv,5.223139109360229,327.69292983616,1.8331087713814602,2,0.0001179788,0.32147387499999996,131072.0,24576.0,0.9583415988891093,0.0015317738359061715,True,vec,16,"{""1"": 12, ""2"": 10, ""3"": 5, ""4"": 1, ""5"": 4, ""6"": 2, ""7"": 15, ""8"": 3, ""9"": 14, ""10"": 15}"
1075,1075,True,,gemm\random\mappings\sample_1075_seed_1075.csv,5.3467175782249905,326.81855905936,1.2639295325749769,0,0.0001666148,0.0,109568.0,24576.0,2.177147391390597,0.0017829661245210493,True,vec,16,"{""1"": 13, ""2"": 1, ""3"": 6, ""4"": 1, ""5"": 9, ""6"": 5, ""7"": 10, ""8"": 10, ""9"": 3, ""10"": 1}"
1076,1076,True,,gemm\random\mappings\sample_1076_seed_1076.csv,4.921615780291462,326.74088452139,1.5472174908634493,0,0.0001169688,0.0,135168.0,26624.0,1.5677444951398531,0.001519408304686724,True,vec,16,"{""1"": 11, ""2"": 4, ""3"": 1, ""4"": 15, ""5"": 8, ""6"": 1, ""7"": 14, ""8"": 4, ""9"": 6, ""10"": 2}"
1077,1077,True,,gemm\random\mappings\sample_1077_seed_1077.csv,5.933718807214773,328.3696292908,1.983044871888816,2,0.0001207847,0.9461454427083312,134144.0,32768.0,1.5677444951398531,0.0015620297490937512,True,vec,16,"{""1"": 1, ""2"": 7, ""3"": 10, ""4"": 11, ""5"": 14, ""6"": 7, ""7"": 11, ""8"": 13, ""9"": 15, ""10"": 6}"
1078,1078,True,,gemm\random\mappings\sample_1078_seed_1078.csv,5.954703431541052,328.38151693519,1.8160274282213529,2,0.0001213507,0.739174671875,191488.0,32768.0,1.1868676849831383,0.0015631279731523286,True,vec,16,"{""1"": 3, ""2"": 4, ""3"": 14, ""4"": 12, ""5"": 8, ""6"": 1, ""7"": 8, ""8"": 15, ""9"": 2, ""10"": 13}"
1079,1079,True,,gemm\random\mappings\sample_1079_seed_1079.csv,5.69585611864087,327.32653363899,1.3917463043934544,1,0.0001665186,0.0223434375,129024.0,27648.0,2.012100773656021,0.0017841221586656535,True,vec,16,"{""1"": 15, ""2"": 1, ""3"": 5, ""4"": 5, ""5"": 15, ""6"": 13, ""7"": 10, ""8"": 14, ""9"": 14, ""10"": 13}"
1080,1080,True,,gemm\random\mappings\sample_1080_seed_1080.csv,5.805340918192332,327.94321954511,1.775435321381211,2,0.0001193366,0.44802062500000006,166912.0,34816.0,1.3392184090458243,0.0015461748661378448,True,vec,16,"{""1"": 15, ""2"": 8, ""3"": 2, ""4"": 4, ""5"": 12, ""6"": 6, ""7"": 12, ""8"": 10, ""9"": 11, ""10"": 10}"
1081,1081,True,,gemm\random\mappings\sample_1081_seed_1081.csv,4.904866602286636,327.33321917413,1.5727513544938267,1,0.0001170886,0.068413125,105472.0,26624.0,1.1487800039674667,0.0015206206194674418,True,vec,16,"{""1"": 15, ""2"": 9, ""3"": 2, ""4"": 6, ""5"": 15, ""6"": 10, ""7"": 11, ""8"": 7, ""9"": 5, ""10"": 10}"
1082,1082,True,,gemm\random\mappings\sample_1082_seed_1082.csv,5.292570258274171,326.32599145697,1.2785042494940817,0,0.0001665166,0.0,105472.0,24576.0,2.202539178734378,0.001782283046585686,True,vec,16,"{""1"": 6, ""2"": 1, ""3"": 14, ""4"": 8, ""5"": 8, ""6"": 1, ""7"": 2, ""8"": 14, ""9"": 4, ""10"": 0}"
1083,1083,True,,gemm\random\mappings\sample_1083_seed_1083.csv,5.385814030212376,328.39613694762,1.5798977774996492,2,0.0001465347,0.618655859375,94208.0,16384.0,1.8978377306090062,0.0016957168534644052,True,vec,16,"{""1"": 6, ""2"": 9, ""3"": 15, ""4"": 11, ""5"": 10, ""6"": 6, ""7"": 5, ""8"": 6, ""9"": 15, ""10"": 9}"
1084,1084,True,,gemm\random\mappings\sample_1084_seed_1084.csv,5.315821896724791,326.82020667031,1.4649485950999743,0,0.0001667449,0.0,146432.0,18432.0,1.8216623685776632,0.0017856387679310417,True,vec,16,"{""1"": 1, ""2"": 13, ""3"": 13, ""4"": 15, ""5"": 7, ""6"": 6, ""7"": 3, ""8"": 15, ""9"": 9, ""10"": 14}"
1085,1085,True,,gemm\random\mappings\sample_1085_seed_1085.csv,6.276393071163664,328.07654609175,1.5255233222629925,4,0.0001686967,1.0350185833333314,113664.0,26624.0,1.9232295179527872,0.0018159669352326754,True,vec,16,"{""1"": 9, ""2"": 3, ""3"": 3, ""4"": 10, ""5"": 4, ""6"": 2, ""7"": 2, ""8"": 1, ""9"": 0, ""10"": 10}"
1086,1086,True,,gemm\random\mappings\sample_1086_seed_1086.csv,5.844996749126698,328.23798754935,1.8497349000905021,3,0.0001225467,0.67614784375,136192.0,32768.0,1.1868676849831383,0.0015712935202033516,True,vec,16,"{""1"": 12, ""2"": 10, ""3"": 15, ""4"": 5, ""5"": 11, ""6"": 6, ""7"": 9, ""8"": 15, ""9"": 14, ""10"": 7}"
1087,1087,True,,gemm\random\mappings\sample_1087_seed_1087.csv,4.943449595423648,326.81181281685,1.4599710830100883,0,0.0001168248,0.0,105472.0,26624.0,2.3548899027970642,0.0015177951610314377,True,vec,16,"{""1"": 6, ""2"": 0, ""3"": 9, ""4"": 12, ""5"": 6, ""6"": 10, ""7"": 6, ""8"": 0, ""9"": 8, ""10"": 6}"
1088,1088,True,,gemm\random\mappings\sample_1088_seed_1088.csv,5.627218444925514,325.93030807581,1.3636535953494888,0,0.0001665529,0.0,126976.0,34816.0,1.8978377306090062,0.0017825289922929418,True,vec,16,"{""1"": 15, ""2"": 10, ""3"": 13, ""4"": 4, ""5"": 10, ""6"": 8, ""7"": 11, ""8"": 11, ""9"": 8, ""10"": 2}"
1089,1089,True,,gemm\random\mappings\sample_1089_seed_1089.csv,5.038038985147173,326.76154611825,1.4173286330564623,0,0.0001663586,0.0,71680.0,18432.0,2.012100773656021,0.0017827310964310503,True,vec,16,"{""1"": 10, ""2"": 14, ""3"": 12, ""4"": 14, ""5"": 10, ""6"": 4, ""7"": 1, ""8"": 2, ""9"": 2, ""10"": 1}"
1090,1090,True,,gemm\random\mappings\sample_1090_seed_1090.csv,4.870917724611697,326.44486780837,1.4417343708599093,0,0.0001467148,0.0,125952.0,19456.0,1.2884348343582623,0.001678303892691723,True,vec,16,"{""1"": 14, ""2"": 4, ""3"": 12, ""4"": 11, ""5"": 7, ""6"": 2, ""7"": 2, ""8"": 15, ""9"": 1, ""10"": 11}"
1091,1091,True,,gemm\random\mappings\sample_1091_seed_1091.csv,5.408641249709059,326.31994406522,1.2356453751745797,0,0.0001667948,0.0,122880.0,30720.0,1.6312239634993058,0.0017838258265426182,True,vec,16,"{""1"": 11, ""2"": 1, ""3"": 8, ""4"": 1, ""5"": 11, ""6"": 6, ""7"": 7, ""8"": 10, ""9"": 9, ""10"": 3}"
1092,1092,True,,gemm\random\mappings\sample_1092_seed_1092.csv,5.542253800823725,326.66876240405,1.4084746131482908,0,0.0001665968,0.0,151552.0,25600.0,1.9486213052965682,0.0017842949728496377,True,vec,16,"{""1"": 15, ""2"": 8, ""3"": 7, ""4"": 4, ""5"": 8, ""6"": 9, ""7"": 2, ""8"": 13, ""9"": 1, ""10"": 8}"
1093,1093,True,,gemm\random\mappings\sample_1093_seed_1093.csv,4.3237872984307195,327.00638798585,1.5046476191168834,0,0.0001170029,0.0,81920.0,16384.0,1.1868676849831383,0.0015189230852355373,True,vec,16,"{""1"": 10, ""2"": 12, ""3"": 11, ""4"": 5, ""5"": 14, ""6"": 0, ""7"": 15, ""8"": 5, ""9"": 2, ""10"": 7}"
1094,1094,True,,gemm\random\mappings\sample_1094_seed_1094.csv,5.2171754963941295,326.53091172662,1.4940995040834426,0,0.0001663106,0.0,82944.0,18432.0,2.583415988891093,0.001781829578032194,True,vec,16,"{""1"": 11, ""2"": 15, ""3"": 1, ""4"": 15, ""5"": 10, ""6"": 12, ""7"": 0, ""8"": 10, ""9"": 15, ""10"": 9}"
1095,1095,True,,gemm\random\mappings\sample_1095_seed_1095.csv,5.229138361969711,328.16537618204,1.7995073207322767,3,0.0001222428,0.9814494166666687,86016.0,19456.0,0.9964292799047808,0.0015667222566240705,True,vec,16,"{""1"": 6, ""2"": 6, ""3"": 3, ""4"": 7, ""5"": 13, ""6"": 5, ""7"": 12, ""8"": 14, ""9"": 8, ""10"": 15}"
1096,1096,True,,gemm\random\mappings\sample_1096_seed_1096.csv,5.2338261517728295,327.6249442618,1.764056977643418,1,0.0001182527,0.1903715,130048.0,26624.0,1.4915691331085101,0.0015317462222227648,True,vec,16,"{""1"": 13, ""2"": 3, ""3"": 13, ""4"": 15, ""5"": 2, ""6"": 9, ""7"": 8, ""8"": 0, ""9"": 13, ""10"": 4}"
1097,1097,True,,gemm\random\mappings\sample_1097_seed_1097.csv,5.24201954174059,327.895000855,1.788004253098911,2,0.0001195469,0.34887225000000005,143360.0,18432.0,1.5931362824836341,0.001543936287091157,True,vec,16,"{""1"": 3, ""2"": 0, ""3"": 13, ""4"": 15, ""5"": 11, ""6"": 6, ""7"": 15, ""8"": 8, ""9"": 12, ""10"": 15}"
1098,1098,True,,gemm\random\mappings\sample_1098_seed_1098.csv,4.754479878915515,327.52945006851,1.6420581864167105,1,0.0001174826,0.13642583333333125,97280.0,18432.0,1.4407855584209481,0.001524486441379975,True,vec,16,"{""1"": 5, ""2"": 8, ""3"": 9, ""4"": 13, ""5"": 7, ""6"": 2, ""7"": 12, ""8"": 3, ""9"": 9, ""10"": 7}"
1099,1099,True,,gemm\random\mappings\sample_1099_seed_1099.csv,6.032349762541193,327.98523259908,1.460410561877315,1,0.0001667749,0.16697520833333124,159744.0,32768.0,1.6693116445149772,0.0017898825941196311,True,vec,16,"{""1"": 12, ""2"": 7, ""3"": 7, ""4"": 5, ""5"": 15, ""6"": 14, ""7"": 3, ""8"": 1, ""9"": 3, ""10"": 9}"
1100,1100,True,,gemm\random\mappings\sample_1100_seed_1100.csv,5.0408787404876465,325.93601720715,1.3537813414509583,0,0.0001464209,0.0,116736.0,25600.0,1.7962705812338822,0.0016756693778202977,True,vec,16,"{""1"": 0, ""2"": 7, ""3"": 4, ""4"": 1, ""5"": 13, ""6"": 4, ""7"": 6, ""8"": 6, ""9"": 1, ""10"": 12}"
1101,1101,True,,gemm\random\mappings\sample_1101_seed_1101.csv,5.078215925812073,326.51517094889,1.4091610986026406,0,0.0001459569,0.0,91136.0,26624.0,1.9105336242808966,0.0016732011293049544,True,vec,16,"{""1"": 11, ""2"": 13, ""3"": 11, ""4"": 6, ""5"": 5, ""6"": 5, ""7"": 4, ""8"": 4, ""9"": 12, ""10"": 4}"
1102,1102,True,,gemm\random\mappings\sample_1102_seed_1102.csv,5.711518493369444,326.75311060558,1.367381196749169,0,0.0001665688,0.0,131072.0,34816.0,1.8216623685776632,0.001783931648792573,True,vec,16,"{""1"": 11, ""2"": 4, ""3"": 13, ""4"": 13, ""5"": 5, ""6"": 6, ""7"": 9, ""8"": 5, ""9"": 8, ""10"": 14}"
1103,1103,True,,gemm\random\mappings\sample_1103_seed_1103.csv,5.123423610086447,327.71691709242,1.6227193639258612,1,0.0001187429,0.23391237499999998,122880.0,26624.0,1.3011307280301527,0.0015340728459509335,True,vec,16,"{""1"": 12, ""2"": 15, ""3"": 14, ""4"": 4, ""5"": 6, ""6"": 2, ""7"": 5, ""8"": 4, ""9"": 12, ""10"": 13}"
1104,1104,True,,gemm\random\mappings\sample_1104_seed_1104.csv,5.128463686106091,327.7155738631,1.525637386219797,1,0.0001180408,0.23611979166666877,91136.0,25600.0,2.278714540765721,0.0015275083932779234,True,vec,16,"{""1"": 8, ""2"": 9, ""3"": 10, ""4"": 3, ""5"": 8, ""6"": 10, ""7"": 2, ""8"": 12, ""9"": 8, ""10"": 10}"
1105,1105,True,,gemm\random\mappings\sample_1105_seed_1105.csv,5.1535016239658695,327.92424066752,1.8688923538512383,2,0.000119581888,0.3705505,100352.0,22528.0,1.1487800039674667,0.0015430989490557245,True,vec,16,"{""1"": 0, ""2"": 2, ""3"": 8, ""4"": 3, ""5"": 0, ""6"": 4, ""7"": 7, ""8"": 12, ""9"": 13, ""10"": 12}"
1106,1106,True,,gemm\random\mappings\sample_1106_seed_1106.csv,4.681502715213652,327.04118250775,1.4210088332658897,0,0.0001464086,0.0,87040.0,18432.0,1.0345169609204523,0.0016761096121984938,True,vec,16,"{""1"": 14, ""2"": 13, ""3"": 10, ""4"": 1, ""5"": 15, ""6"": 6, ""7"": 0, ""8"": 6, ""9"": 3, ""10"": 2}"
1107,1107,True,,gemm\random\mappings\sample_1107_seed_1107.csv,5.4508226582118455,326.43823387239,1.270564249567395,0,0.0001664206,0.0,121856.0,32768.0,1.4407855584209481,0.0017818973528604461,True,vec,16,"{""1"": 4, ""2"": 13, ""3"": 10, ""4"": 5, ""5"": 13, ""6"": 2, ""7"": 0, ""8"": 11, ""9"": 8, ""10"": 12}"
1108,1108,True,,gemm\random\mappings\sample_1108_seed_1108.csv,4.897147796092233,327.62548298205,1.5055471934151188,1,0.0001172948,0.17423895833333125,97280.0,24576.0,1.4407855584209481,0.0015226263808444727,True,vec,16,"{""1"": 7, ""2"": 9, ""3"": 14, ""4"": 5, ""5"": 11, ""6"": 2, ""7"": 9, ""8"": 4, ""9"": 3, ""10"": 5}"
1109,1109,True,,gemm\random\mappings\sample_1109_seed_1109.csv,5.788661632546567,326.25301916587,1.5306370096491615,0,0.0001668728,0.0,154624.0,24576.0,3.091251735766713,0.0017850432632312884,True,vec,16,"{""1"": 12, ""2"": 2, ""3"": 15, ""4"": 2, ""5"": 0, ""6"": 2, ""7"": 6, ""8"": 11, ""9"": 6, ""10"": 2}"
1110,1110,True,,gemm\random\mappings\sample_1110_seed_1110.csv,5.316779268077947,327.20805186383,1.6239376099227603,1,0.0001168849,0.01370625,161792.0,32768.0,1.1868676849831383,0.0015197228907969033,True,vec,16,"{""1"": 15, ""2"": 6, ""3"": 2, ""4"": 0, ""5"": 12, ""6"": 9, ""7"": 13, ""8"": 2, ""9"": 14, ""10"": 8}"
1111,1111,True,,gemm\random\mappings\sample_1111_seed_1111.csv,4.767627147333109,325.87298634392,1.20926698622745,0,0.0001665047,0.0,74752.0,16384.0,1.8597500495933346,0.0017815563353755185,True,vec,16,"{""1"": 6, ""2"": 6, ""3"": 11, ""4"": 4, ""5"": 11, ""6"": 14, ""7"": 2, ""8"": 5, ""9"": 2, ""10"": 10}"
1112,1112,True,,gemm\random\mappings\sample_1112_seed_1112.csv,4.069186101801233,326.36936517351,1.5375958495176303,0,0.0001167308,0.0,78848.0,10240.0,1.1868676849831383,0.0015174689391115384,True,vec,16,"{""1"": 9, ""2"": 2, ""3"": 8, ""4"": 1, ""5"": 13, ""6"": 2, ""7"": 10, ""8"": 5, ""9"": 11, ""10"": 3}"
1113,1113,True,,gemm\random\mappings\sample_1113_seed_1113.csv,6.414026770038392,328.74578581851,2.2045306426045963,4,0.0001237046,1.3650092075892875,90112.0,35840.0,1.9359254116246776,0.001599306865856342,True,vec,16,"{""1"": 0, ""2"": 1, ""3"": 6, ""4"": 2, ""5"": 3, ""6"": 0, ""7"": 5, ""8"": 3, ""9"": 1, ""10"": 2}"
1114,1114,True,,gemm\random\mappings\sample_1114_seed_1114.csv,5.513606524946072,326.95928398493,1.4867185039321278,0,0.0001666807,0.0,107520.0,24576.0,2.431065264828407,0.0017854391601616214,True,vec,16,"{""1"": 8, ""2"": 14, ""3"": 14, ""4"": 13, ""5"": 0, ""6"": 7, ""7"": 13, ""8"": 13, ""9"": 11, ""10"": 10}"
1115,1115,True,,gemm\random\mappings\sample_1115_seed_1115.csv,6.2378927072881885,327.4571752722,1.5142092719055273,2,0.0001667528,0.13284541666666877,120832.0,35840.0,2.5707200952192024,0.0017864897761732167,True,vec,16,"{""1"": 8, ""2"": 10, ""3"": 1, ""4"": 1, ""5"": 6, ""6"": 12, ""7"": 8, ""8"": 0, ""9"": 1, ""10"": 6}"
1116,1116,True,,gemm\random\mappings\sample_1116_seed_1116.csv,5.989464034373898,327.86005594655,1.546390176597018,1,0.0001763587,0.25673476562499997,132096.0,18432.0,3.26899424717318,0.001847053495548603,True,vec,16,"{""1"": 13, ""2"": 9, ""3"": 0, ""4"": 3, ""5"": 4, ""6"": 4, ""7"": 4, ""8"": 4, ""9"": 0, ""10"": 9}"
1117,1117,True,,gemm\random\mappings\sample_1117_seed_1117.csv,5.084350607094432,326.89390456331,1.3709879157591705,0,0.0001464908,0.0,102400.0,24576.0,1.9105336242808966,0.0016763353484292004,True,vec,16,"{""1"": 14, ""2"": 1, ""3"": 9, ""4"": 10, ""5"": 12, ""6"": 11, ""7"": 14, ""8"": 9, ""9"": 9, ""10"": 7}"
1118,1118,True,,gemm\random\mappings\sample_1118_seed_1118.csv,5.302298955650846,326.95784329993,1.4804677409158666,0,0.0001665687,0.0,88064.0,24576.0,1.8216623685776632,0.001784879950892249,True,vec,16,"{""1"": 7, ""2"": 1, ""3"": 5, ""4"": 3, ""5"": 5, ""6"": 6, ""7"": 0, ""8"": 3, ""9"": 8, ""10"": 10}"
1119,1119,True,,gemm\random\mappings\sample_1119_seed_1119.csv,5.02667881730427,328.16129012654,1.8837609229474328,3,0.0001212451,0.6876547415413562,66560.0,11264.0,1.7454870065463202,0.0015632360629790544,True,vec,16,"{""1"": 1, ""2"": 0, ""3"": 9, ""4"": 1, ""5"": 2, ""6"": 15, ""7"": 11, ""8"": 1, ""9"": 6, ""10"": 0}"
1120,1120,True,,gemm\random\mappings\sample_1120_seed_1120.csv,5.985394296959538,326.73324051347,1.512148950451917,0,0.0001666646,0.0,136192.0,34816.0,2.684983138266217,0.001784396409126902,True,vec,16,"{""1"": 3, ""2"": 14, ""3"": 0, ""4"": 0, ""5"": 5, ""6"": 9, ""7"": 5, ""8"": 15, ""9"": 5, ""10"": 14}"
1121,1121,True,,gemm\random\mappings\sample_1121_seed_1121.csv,4.932106703795231,326.73870805942,1.5354044676957734,0,0.0001167749,0.0,118784.0,25600.0,2.0882761356873636,0.001518117334303859,True,vec,16,"{""1"": 7, ""2"": 1, ""3"": 8, ""4"": 2, ""5"": 11, ""6"": 7, ""7"": 1, ""8"": 12, ""9"": 2, ""10"": 1}"
1122,1122,True,,gemm\random\mappings\sample_1122_seed_1122.csv,4.733062032964983,326.89213196212,1.5945855416145998,0,0.0001168746,0.0,128000.0,25600.0,0.8059908748264233,0.001519042488908906,True,vec,16,"{""1"": 14, ""2"": 1, ""3"": 8, ""4"": 10, ""5"": 4, ""6"": 6, ""7"": 13, ""8"": 5, ""9"": 2, ""10"": 3}"
1123,1123,True,,gemm\random\mappings\sample_1123_seed_1123.csv,5.192008343249537,327.71708712292,1.7147958410122552,2,0.000119211,0.28599165625,100352.0,24576.0,1.5677444951398531,0.0015389770939840956,True,vec,16,"{""1"": 8, ""2"": 9, ""3"": 0, ""4"": 1, ""5"": 14, ""6"": 9, ""7"": 1, ""8"": 2, ""9"": 5, ""10"": 15}"
1124,1124,True,,gemm\random\mappings\sample_1124_seed_1124.csv,4.878119012762011,326.23565341138,1.2920156092309627,0,0.0001463907,0.0,117760.0,18432.0,2.050188454671692,0.0016750922509839183,True,vec,16,"{""1"": 1, ""2"": 11, ""3"": 12, ""4"": 5, ""5"": 2, ""6"": 2, ""7"": 7, ""8"": 2, ""9"": 14, ""10"": 5}"
1125,1125,True,,gemm\random\mappings\sample_1125_seed_1125.csv,5.659056574284113,328.06204824446,1.7938618473957961,1,0.0001200846,0.25432375,168960.0,33792.0,1.3011307280301527,0.0015467307299686897,True,vec,16,"{""1"": 4, ""2"": 11, ""3"": 15, ""4"": 3, ""5"": 13, ""6"": 7, ""7"": 4, ""8"": 15, ""9"": 10, ""10"": 0}"
1126,1126,True,,gemm\random\mappings\sample_1126_seed_1126.csv,5.079021677118999,326.89114451997,1.439510230492155,0,0.0001458947,0.0,105472.0,18432.0,2.5961118825629836,0.0016734096333945396,True,vec,16,"{""1"": 8, ""2"": 2, ""3"": 7, ""4"": 0, ""5"": 8, ""6"": 8, ""7"": 14, ""8"": 0, ""9"": 8, ""10"": 5}"
1127,1127,True,,gemm\random\mappings\sample_1127_seed_1127.csv,5.152668309005559,327.24277964225,1.6991774604810985,1,0.0001172348,0.02709125,160768.0,25600.0,1.2630430470144813,0.0015228023295569138,True,vec,16,"{""1"": 15, ""2"": 4, ""3"": 8, ""4"": 3, ""5"": 5, ""6"": 12, ""7"": 5, ""8"": 7, ""9"": 0, ""10"": 15}"
1128,1128,True,,gemm\random\mappings\sample_1128_seed_1128.csv,5.947511361180037,328.12485420681,1.4264990480316004,2,0.0001673468,0.4310532291666687,136192.0,26624.0,1.8216623685776632,0.0017950965405619434,True,vec,16,"{""1"": 2, ""2"": 4, ""3"": 13, ""4"": 3, ""5"": 13, ""6"": 3, ""7"": 9, ""8"": 12, ""9"": 8, ""10"": 11}"
1129,1129,True,,gemm\random\mappings\sample_1129_seed_1129.csv,4.711949610405591,326.31824259078,1.4538060397894168,0,0.0001167887,0.0,133120.0,24576.0,1.3392184090458243,0.0015175158117799723,True,vec,16,"{""1"": 15, ""2"": 9, ""3"": 6, ""4"": 1, ""5"": 7, ""6"": 10, ""7"": 4, ""8"": 6, ""9"": 13, ""10"": 4}"
1130,1130,True,,gemm\random\mappings\sample_1130_seed_1130.csv,5.494160064399601,326.66197003555,1.5464005394920526,0,0.0001665328,0.0,105472.0,28672.0,1.8089664749057726,0.0017850754216604274,True,vec,16,"{""1"": 11, ""2"": 15, ""3"": 9, ""4"": 9, ""5"": 12, ""6"": 13, ""7"": 11, ""8"": 0, ""9"": 10, ""10"": 12}"
1131,1131,True,,gemm\random\mappings\sample_1131_seed_1131.csv,4.989329446803386,327.65135056184,1.6638885370551653,1,0.0001188088,0.1854330921052625,112640.0,19456.0,1.8724459432652252,0.0015371770391472185,True,vec,16,"{""1"": 0, ""2"": 1, ""3"": 11, ""4"": 12, ""5"": 0, ""6"": 1, ""7"": 0, ""8"": 7, ""9"": 14, ""10"": 6}"
1132,1132,True,,gemm\random\mappings\sample_1132_seed_1132.csv,5.143018648547275,327.68479905433,1.567833798656108,1,0.0001178729,0.18870645833333125,141312.0,25600.0,1.4407855584209481,0.0015272777475562986,True,vec,16,"{""1"": 5, ""2"": 3, ""3"": 10, ""4"": 11, ""5"": 12, ""6"": 13, ""7"": 4, ""8"": 0, ""9"": 3, ""10"": 10}"
1133,1133,True,,gemm\random\mappings\sample_1133_seed_1133.csv,4.704325156111256,326.51637210005,1.4763061883288813,0,0.0001463088,0.0,100352.0,18432.0,1.0345169609204523,0.0016756926163316182,True,vec,16,"{""1"": 13, ""2"": 14, ""3"": 8, ""4"": 6, ""5"": 4, ""6"": 15, ""7"": 15, ""8"": 5, ""9"": 0, ""10"": 12}"
1134,1134,True,,gemm\random\mappings\sample_1134_seed_1134.csv,5.08966408916565,326.65954365865,1.3729157834098766,0,0.0001665868,0.0,97280.0,17408.0,2.075580242015473,0.0017837410759127341,True,vec,16,"{""1"": 1, ""2"": 7, ""3"": 11, ""4"": 5, ""5"": 5, ""6"": 11, ""7"": 2, ""8"": 6, ""9"": 14, ""10"": 7}"
1135,1135,True,,gemm\random\mappings\sample_1135_seed_1135.csv,5.679465152516045,328.38340920614,1.4822606865484493,2,0.0001664707,0.6191477083333313,125952.0,18432.0,1.5550486014679628,0.0017930492132640897,True,vec,16,"{""1"": 14, ""2"": 4, ""3"": 6, ""4"": 6, ""5"": 8, ""6"": 15, ""7"": 10, ""8"": 0, ""9"": 14, ""10"": 5}"
1136,1136,True,,gemm\random\mappings\sample_1136_seed_1136.csv,4.976269222167657,326.29073094696,1.397400551715994,0,0.0001466308,0.0,102400.0,20480.0,2.2152350724062684,0.0016762389547115434,True,vec,16,"{""1"": 1, ""2"": 1, ""3"": 9, ""4"": 11, ""5"": 10, ""6"": 10, ""7"": 10, ""8"": 3, ""9"": 3, ""10"": 5}"
1137,1137,True,,gemm\random\mappings\sample_1137_seed_1137.csv,5.309857634640136,326.72584709324,1.279260644776334,0,0.0001667788,0.0,126976.0,25600.0,1.5550486014679628,0.001784230402117354,True,vec,16,"{""1"": 12, ""2"": 6, ""3"": 8, ""4"": 14, ""5"": 6, ""6"": 12, ""7"": 0, ""8"": 2, ""9"": 1, ""10"": 7}"
1138,1138,True,,gemm\random\mappings\sample_1138_seed_1138.csv,4.9625821686489715,327.40241100959,1.501994926686644,1,0.0001463586,0.0653075892857125,64512.0,12288.0,2.735766712953779,0.0016781400983149285,True,vec,16,"{""1"": 9, ""2"": 9, ""3"": 13, ""4"": 4, ""5"": 14, ""6"": 14, ""7"": 14, ""8"": 7, ""9"": 9, ""10"": 13}"
1139,1139,True,,gemm\random\mappings\sample_1139_seed_1139.csv,5.162128799920966,328.22922959856,1.7041492663708289,2,0.0001187889,0.4246406336805562,107520.0,20480.0,1.5550486014679628,0.001539289589857579,True,vec,16,"{""1"": 3, ""2"": 15, ""3"": 4, ""4"": 7, ""5"": 2, ""6"": 6, ""7"": 14, ""8"": 3, ""9"": 7, ""10"": 4}"
1140,1140,True,,gemm\random\mappings\sample_1140_seed_1140.csv,5.934772437316846,327.46099062079,1.4480521009316005,1,0.0001663728,0.09552375,124928.0,32768.0,2.202539178734378,0.0017835620239353156,True,vec,16,"{""1"": 11, ""2"": 4, ""3"": 9, ""4"": 9, ""5"": 13, ""6"": 3, ""7"": 9, ""8"": 5, ""9"": 7, ""10"": 12}"
1141,1141,True,,gemm\random\mappings\sample_1141_seed_1141.csv,5.4101583595742255,327.62205710443,1.6717534353396526,2,0.0001183428,0.29669479166666873,150528.0,26624.0,1.5677444951398531,0.0015337087915496077,True,vec,16,"{""1"": 12, ""2"": 4, ""3"": 3, ""4"": 14, ""5"": 2, ""6"": 14, ""7"": 1, ""8"": 15, ""9"": 3, ""10"": 13}"
1142,1142,True,,gemm\random\mappings\sample_1142_seed_1142.csv,5.4219544831884585,326.45006504079,1.2600489280197953,0,0.0001665867,0.0,116736.0,25600.0,2.431065264828407,0.0017828634791192746,True,vec,16,"{""1"": 2, ""2"": 6, ""3"": 9, ""4"": 9, ""5"": 13, ""6"": 6, ""7"": 7, ""8"": 6, ""9"": 0, ""10"": 3}"
1143,1143,True,,gemm\random\mappings\sample_1143_seed_1143.csv,5.2131398777295255,327.46321242674,1.572880664620871,2,0.0001463086,0.13421770833333124,106496.0,19456.0,1.4153937710771671,0.001679054746978774,True,vec,16,"{""1"": 6, ""2"": 10, ""3"": 12, ""4"": 11, ""5"": 7, ""6"": 4, ""7"": 7, ""8"": 0, ""9"": 4, ""10"": 8}"
1144,1144,True,,gemm\random\mappings\sample_1144_seed_1144.csv,5.607638184168149,327.45654463028,1.4805377252086267,2,0.0001668808,0.138129257246375,113664.0,20480.0,2.050188454671692,0.001789448968807219,True,vec,16,"{""1"": 15, ""2"": 15, ""3"": 15, ""4"": 5, ""5"": 4, ""6"": 1, ""7"": 1, ""8"": 14, ""9"": 0, ""10"": 10}"
1145,1145,True,,gemm\random\mappings\sample_1145_seed_1145.csv,4.906714518947842,326.3827179389,1.3316022523553996,0,0.0001664207,0.0,63488.0,16384.0,2.202539178734378,0.0017821186687418144,True,vec,16,"{""1"": 6, ""2"": 9, ""3"": 10, ""4"": 5, ""5"": 10, ""6"": 9, ""7"": 5, ""8"": 1, ""9"": 0, ""10"": 8}"
1146,1146,True,,gemm\random\mappings\sample_1146_seed_1146.csv,5.144820593117776,327.99568186558,1.760492609902776,2,0.0001203827,0.44619239583333126,87040.0,21504.0,1.5677444951398531,0.0015493024592784601,True,vec,16,"{""1"": 14, ""2"": 15, ""3"": 2, ""4"": 11, ""5"": 13, ""6"": 12, ""7"": 0, ""8"": 13, ""9"": 15, ""10"": 9}"
1147,1147,True,,gemm\random\mappings\sample_1147_seed_1147.csv,5.103180502530267,326.14538385075,1.2911654281101372,0,0.0001464227,0.0,121856.0,24576.0,2.177147391390597,0.0016752129406683537,True,vec,16,"{""1"": 4, ""2"": 14, ""3"": 8, ""4"": 11, ""5"": 1, ""6"": 1, ""7"": 1, ""8"": 14, ""9"": 13, ""10"": 9}"
1148,1148,True,,gemm\random\mappings\sample_1148_seed_1148.csv,4.743639704305284,326.73891972275,1.4645512421726652,0,0.0001168568,0.0,120832.0,26624.0,1.1868676849831383,0.0015180975712668896,True,vec,16,"{""1"": 14, ""2"": 11, ""3"": 5, ""4"": 12, ""5"": 4, ""6"": 8, ""7"": 15, ""8"": 10, ""9"": 5, ""10"": 6}"
1149,1149,True,,gemm\random\mappings\sample_1149_seed_1149.csv,5.536448385252831,328.06922027748,1.5264211128376266,2,0.0001664867,0.355054765625,91136.0,18432.0,1.8216623685776632,0.0017955769648786593,True,vec,16,"{""1"": 7, ""2"": 11, ""3"": 10, ""4"": 15, ""5"": 10, ""6"": 8, ""7"": 15, ""8"": 1, ""9"": 2, ""10"": 5}"
1150,1150,True,,gemm\random\mappings\sample_1150_seed_1150.csv,5.296810838117395,327.63808348481,1.6807064074229714,2,0.000119249,0.245340671875,136192.0,24576.0,1.5677444951398531,0.0015386200458170794,True,vec,16,"{""1"": 4, ""2"": 13, ""3"": 3, ""4"": 7, ""5"": 0, ""6"": 7, ""7"": 0, ""8"": 1, ""9"": 15, ""10"": 14}"
1151,1151,True,,gemm\random\mappings\sample_1151_seed_1151.csv,5.11897674545023,326.37289846086,1.5090660802428404,0,0.0001460686,0.0,77824.0,26624.0,2.177147391390597,0.001674448543440263,True,vec,16,"{""1"": 4, ""2"": 6, ""3"": 8, ""4"": 13, ""5"": 5, ""6"": 0, ""7"": 8, ""8"": 8, ""9"": 13, ""10"": 12}"
1152,1152,True,,gemm\random\mappings\sample_1152_seed_1152.csv,5.783596129662791,327.8362139984,1.6082924486861374,2,0.00017706624,0.17636167613636375,103424.0,16384.0,2.583415988891093,0.0018488082328824405,True,vec,16,"{""1"": 2, ""2"": 10, ""3"": 15, ""4"": 1, ""5"": 15, ""6"": 14, ""7"": 14, ""8"": 13, ""9"": 14, ""10"": 14}"
1153,1153,True,,gemm\random\mappings\sample_1153_seed_1153.csv,5.231871240998358,326.71289015539,1.3272289420824728,0,0.0001666486,0.0,148480.0,17408.0,1.8978377306090062,0.0017840119204239897,True,vec,16,"{""1"": 2, ""2"": 13, ""3"": 13, ""4"": 7, ""5"": 15, ""6"": 2, ""7"": 2, ""8"": 0, ""9"": 11, ""10"": 6}"
1154,1154,True,,gemm\random\mappings\sample_1154_seed_1154.csv,4.5091810940744725,326.57481913286,1.5287844114966507,0,0.0001167888,0.0,111616.0,17408.0,1.5296568141241818,0.001517877469831335,True,vec,16,"{""1"": 0, ""2"": 3, ""3"": 13, ""4"": 0, ""5"": 8, ""6"": 13, ""7"": 7, ""8"": 4, ""9"": 2, ""10"": 4}"
1155,1155,True,,gemm\random\mappings\sample_1155_seed_1155.csv,4.586136494561967,327.78293965005,1.7167624859585684,1,0.0001178707,0.24734604166666874,55296.0,12288.0,1.8724459432652252,0.001528011171831912,True,vec,16,"{""1"": 6, ""2"": 9, ""3"": 6, ""4"": 7, ""5"": 2, ""6"": 0, ""7"": 1, ""8"": 6, ""9"": 7, ""10"": 5}"
1156,1156,True,,gemm\random\mappings\sample_1156_seed_1156.csv,5.817051187792114,328.00510490177,1.8987587120764489,3,0.0001212228,0.5491729375,161792.0,25600.0,1.8343582622495536,0.0015633321574937149,True,vec,16,"{""1"": 3, ""2"": 12, ""3"": 11, ""4"": 13, ""5"": 14, ""6"": 13, ""7"": 3, ""8"": 12, ""9"": 5, ""10"": 5}"
1157,1157,True,,gemm\random\mappings\sample_1157_seed_1157.csv,6.055024036633591,328.29749814818,1.7472502832123096,2,0.0001210466,0.6179464375000001,181248.0,35840.0,1.7200952192025392,0.0015574562831810503,True,vec,16,"{""1"": 12, ""2"": 6, ""3"": 2, ""4"": 15, ""5"": 3, ""6"": 2, ""7"": 15, ""8"": 5, ""9"": 9, ""10"": 5}"
1158,1158,True,,gemm\random\mappings\sample_1158_seed_1158.csv,5.175758569100605,327.77324934348,1.2761839890371998,1,0.0001665846,0.21546479166666874,84992.0,18432.0,1.5550486014679628,0.0017854339950100692,True,vec,16,"{""1"": 9, ""2"": 2, ""3"": 2, ""4"": 13, ""5"": 8, ""6"": 11, ""7"": 6, ""8"": 15, ""9"": 9, ""10"": 10}"
1159,1159,True,,gemm\random\mappings\sample_1159_seed_1159.csv,5.114919515304679,328.95880311016,1.651917267668569,1,0.0001501667,0.38348989583333126,100352.0,12288.0,1.2249553659988097,0.0017080062738832704,True,vec,16,"{""1"": 6, ""2"": 12, ""3"": 15, ""4"": 6, ""5"": 10, ""6"": 0, ""7"": 1, ""8"": 4, ""9"": 0, ""10"": 5}"
1160,1160,True,,gemm\random\mappings\sample_1160_seed_1160.csv,5.116247384286499,328.0620389347,1.5398292491475982,1,0.0001464729,0.40650425,80896.0,18432.0,1.5296568141241818,0.0016862259048528833,True,vec,16,"{""1"": 14, ""2"": 7, ""3"": 14, ""4"": 12, ""5"": 15, ""6"": 11, ""7"": 0, ""8"": 6, ""9"": 6, ""10"": 6}"
1161,1161,True,,gemm\random\mappings\sample_1161_seed_1161.csv,5.374520995240381,327.0345246972,1.3306039186176368,0,0.0001666967,0.0,136192.0,25600.0,1.4407855584209481,0.0017842146401434974,True,vec,16,"{""1"": 11, ""2"": 1, ""3"": 4, ""4"": 15, ""5"": 4, ""6"": 9, ""7"": 12, ""8"": 2, ""9"": 6, ""10"": 14}"
1162,1162,True,,gemm\random\mappings\sample_1162_seed_1162.csv,5.863985028630081,328.1900233992,1.7784059024123293,2,0.0001206649,0.77558925,168960.0,32768.0,1.3392184090458243,0.0015573807730019124,True,vec,16,"{""1"": 15, ""2"": 1, ""3"": 0, ""4"": 9, ""5"": 2, ""6"": 6, ""7"": 12, ""8"": 9, ""9"": 5, ""10"": 6}"
1163,1163,True,,gemm\random\mappings\sample_1163_seed_1163.csv,4.930883113780255,327.94042647113,1.53394408005707,2,0.0001183029,0.31282694444444653,105472.0,20480.0,1.1741717913112477,0.001530078374504457,True,vec,16,"{""1"": 1, ""2"": 5, ""3"": 14, ""4"": 13, ""5"": 2, ""6"": 9, ""7"": 1, ""8"": 0, ""9"": 6, ""10"": 13}"
1164,1164,True,,gemm\random\mappings\sample_1164_seed_1164.csv,5.029261118255794,327.77924343711,1.587977818912101,2,0.0001186429,0.44920941666666875,96256.0,21504.0,1.4407855584209481,0.0015357653501038003,True,vec,16,"{""1"": 5, ""2"": 7, ""3"": 4, ""4"": 3, ""5"": 9, ""6"": 0, ""7"": 6, ""8"": 13, ""9"": 4, ""10"": 7}"
1165,1165,True,,gemm\random\mappings\sample_1165_seed_1165.csv,4.976878031874845,326.38825892566,1.4223621232694121,0,0.0001462606,0.0,83968.0,21504.0,2.3168022217813924,0.001674768427171609,True,vec,16,"{""1"": 4, ""2"": 8, ""3"": 4, ""4"": 10, ""5"": 7, ""6"": 0, ""7"": 7, ""8"": 10, ""9"": 0, ""10"": 4}"
1166,1166,True,,gemm\random\mappings\sample_1166_seed_1166.csv,5.245654523739279,328.00158409768,1.6874398219387792,3,0.0001185588,0.440120937499998,140288.0,19456.0,1.1868676849831383,0.0015377207285212579,True,vec,16,"{""1"": 1, ""2"": 8, ""3"": 0, ""4"": 15, ""5"": 10, ""6"": 7, ""7"": 11, ""8"": 2, ""9"": 15, ""10"": 9}"
1167,1167,True,,gemm\random\mappings\sample_1167_seed_1167.csv,5.8047054947160355,327.69092904977,1.3885091972721881,1,0.0001665167,0.20293979166666876,115712.0,32768.0,1.6693116445149772,0.0017863844160446462,True,vec,16,"{""1"": 7, ""2"": 13, ""3"": 2, ""4"": 6, ""5"": 2, ""6"": 3, ""7"": 9, ""8"": 0, ""9"": 9, ""10"": 12}"
1168,1168,True,,gemm\random\mappings\sample_1168_seed_1168.csv,5.577711965109974,326.50718039622,1.3594918193851473,0,0.0001668088,0.0,149504.0,25600.0,2.3168022217813924,0.0017852011182176001,True,vec,16,"{""1"": 3, ""2"": 7, ""3"": 0, ""4"": 8, ""5"": 8, ""6"": 11, ""7"": 0, ""8"": 3, ""9"": 7, ""10"": 14}"
1169,1169,True,,gemm\random\mappings\sample_1169_seed_1169.csv,6.072921747720828,326.94254142313,1.5094039978820466,0,0.0001665187,0.0,159744.0,33792.0,2.735766712953779,0.0017837011618207148,True,vec,16,"{""1"": 0, ""2"": 3, ""3"": 11, ""4"": 6, ""5"": 11, ""6"": 11, ""7"": 1, ""8"": 3, ""9"": 9, ""10"": 9}"
1170,1170,True,,gemm\random\mappings\sample_1170_seed_1170.csv,4.581188948727248,327.62642854608,1.474417591200088,1,0.0001175769,0.19646541666666875,97280.0,16384.0,1.1868676849831383,0.001524330173880087,True,vec,16,"{""1"": 1, ""2"": 5, ""3"": 4, ""4"": 7, ""5"": 13, ""6"": 2, ""7"": 12, ""8"": 15, ""9"": 13, ""10"": 6}"
1171,1171,True,,gemm\random\mappings\sample_1171_seed_1171.csv,5.218596377532167,327.78174479992,1.5308776914981708,1,0.0001462507,0.16624234375000002,110592.0,16384.0,2.177147391390597,0.001681567575347524,True,vec,16,"{""1"": 12, ""2"": 13, ""3"": 4, ""4"": 0, ""5"": 6, ""6"": 13, ""7"": 0, ""8"": 10, ""9"": 13, ""10"": 15}"
1172,1172,True,,gemm\random\mappings\sample_1172_seed_1172.csv,5.582558896734768,327.4051147175,1.7863676489710834,2,0.0001170846,0.06740580729166687,154624.0,32768.0,1.5677444951398531,0.0015233139212190632,True,vec,16,"{""1"": 15, ""2"": 8, ""3"": 6, ""4"": 1, ""5"": 5, ""6"": 1, ""7"": 5, ""8"": 2, ""9"": 7, ""10"": 0}"
1173,1173,True,,gemm\random\mappings\sample_1173_seed_1173.csv,4.692240533260317,327.71668369252,1.4791582515228248,1,0.0001175927,0.21706124999999998,105472.0,18432.0,1.1868676849831383,0.0015246406663725059,True,vec,16,"{""1"": 13, ""2"": 5, ""3"": 12, ""4"": 6, ""5"": 11, ""6"": 0, ""7"": 11, ""8"": 4, ""9"": 9, ""10"": 2}"
1174,1174,True,,gemm\random\mappings\sample_1174_seed_1174.csv,5.778146976186133,326.89263159707,1.5204792154550812,0,0.0001666611,0.0,155648.0,33792.0,1.4407855584209481,0.0017861810935833283,True,vec,16,"{""1"": 7, ""2"": 13, ""3"": 9, ""4"": 9, ""5"": 8, ""6"": 3, ""7"": 6, ""8"": 15, ""9"": 10, ""10"": 0}"
1175,1175,True,,gemm\random\mappings\sample_1175_seed_1175.csv,4.68221939173971,326.17432479186,1.3609847312794316,0,0.0001466346,0.0,97280.0,16384.0,1.6693116445149772,0.001676697547214364,True,vec,16,"{""1"": 13, ""2"": 11, ""3"": 9, ""4"": 14, ""5"": 0, ""6"": 7, ""7"": 9, ""8"": 2, ""9"": 7, ""10"": 11}"
1176,1176,True,,gemm\random\mappings\sample_1176_seed_1176.csv,5.678692908162555,326.41236168623,1.4228012142844395,0,0.0001665026,0.0,110592.0,34816.0,2.075580242015473,0.0017824442746341214,True,vec,16,"{""1"": 7, ""2"": 4, ""3"": 2, ""4"": 2, ""5"": 4, ""6"": 11, ""7"": 6, ""8"": 9, ""9"": 12, ""10"": 13}"
1177,1177,True,,gemm\random\mappings\sample_1177_seed_1177.csv,4.7181608620257425,326.41199813071,1.3500384732565391,0,0.0001464068,0.0,121856.0,18432.0,1.0345169609204523,0.0016754428157220494,True,vec,16,"{""1"": 12, ""2"": 8, ""3"": 15, ""4"": 0, ""5"": 7, ""6"": 13, ""7"": 13, ""8"": 5, ""9"": 6, ""10"": 1}"
1178,1178,True,,gemm\random\mappings\sample_1178_seed_1178.csv,5.773684189723207,326.64891606097,1.577817308352004,0,0.000166837,0.0,116736.0,33792.0,2.0882761356873636,0.0017857621212648811,True,vec,16,"{""1"": 15, ""2"": 10, ""3"": 8, ""4"": 8, ""5"": 14, ""6"": 4, ""7"": 4, ""8"": 15, ""9"": 13, ""10"": 4}"
1179,1179,True,,gemm\random\mappings\sample_1179_seed_1179.csv,5.171538397823438,327.69946635983,1.6951293274253474,1,0.0001183928,0.22349112499999998,135168.0,26624.0,1.1868676849831383,0.0015328940435376701,True,vec,16,"{""1"": 1, ""2"": 3, ""3"": 7, ""4"": 15, ""5"": 4, ""6"": 14, ""7"": 7, ""8"": 8, ""9"": 11, ""10"": 2}"
1180,1180,True,,gemm\random\mappings\sample_1180_seed_1180.csv,5.118360505110556,327.45812313853,1.5744139558563874,1,0.0001674069,0.055524565217391256,74752.0,13312.0,1.8216623685776632,0.0017924103068740057,True,vec,16,"{""1"": 12, ""2"": 12, ""3"": 12, ""4"": 8, ""5"": 11, ""6"": 14, ""7"": 3, ""8"": 6, ""9"": 10, ""10"": 9}"
1181,1181,True,,gemm\random\mappings\sample_1181_seed_1181.csv,5.452422673501459,327.40588053704,1.4349307105863238,2,0.0001765808,0.099114048076925,68608.0,18432.0,2.062884348343583,0.0018410315850032526,True,vec,16,"{""1"": 11, ""2"": 2, ""3"": 11, ""4"": 7, ""5"": 10, ""6"": 1, ""7"": 1, ""8"": 1, ""9"": 10, ""10"": 8}"
1182,1182,True,,gemm\random\mappings\sample_1182_seed_1182.csv,5.324033360037742,327.52565750819,1.4199962473266412,1,0.0001465688,0.146148625,142336.0,25600.0,1.1487800039674667,0.0016806843510772463,True,vec,16,"{""1"": 7, ""2"": 1, ""3"": 3, ""4"": 8, ""5"": 12, ""6"": 9, ""7"": 9, ""8"": 7, ""9"": 4, ""10"": 2}"
1183,1183,True,,gemm\random\mappings\sample_1183_seed_1183.csv,5.2532438299124165,327.63309001709,1.5506000963376525,1,0.0001473109,0.11576291666666874,108544.0,24576.0,1.2249553659988097,0.0016849798435959137,True,vec,16,"{""1"": 11, ""2"": 1, ""3"": 14, ""4"": 11, ""5"": 2, ""6"": 7, ""7"": 3, ""8"": 3, ""9"": 5, ""10"": 9}"
1184,1184,True,,gemm\random\mappings\sample_1184_seed_1184.csv,5.34270809947111,326.32396696074,1.362353832053276,0,0.000166645,0.0,83968.0,21504.0,3.065859948422932,0.0017826735282661787,True,vec,16,"{""1"": 5, ""2"": 8, ""3"": 1, ""4"": 1, ""5"": 8, ""6"": 14, ""7"": 2, ""8"": 8, ""9"": 14, ""10"": 0}"
1185,1185,True,,gemm\random\mappings\sample_1185_seed_1185.csv,5.6364083707522425,327.6344669478,1.4897026157972604,1,0.0001463628,0.0876578125,125952.0,32768.0,1.7200952192025392,0.001679294601748361,True,vec,16,"{""1"": 8, ""2"": 1, ""3"": 3, ""4"": 15, ""5"": 9, ""6"": 5, ""7"": 7, ""8"": 3, ""9"": 7, ""10"": 7}"
1186,1186,True,,gemm\random\mappings\sample_1186_seed_1186.csv,5.325389937264414,327.49438157985,1.4286757794452998,1,0.0001462989,0.08382468750000001,112640.0,26624.0,1.6058321761555248,0.0016785048853959852,True,vec,16,"{""1"": 8, ""2"": 8, ""3"": 2, ""4"": 3, ""5"": 13, ""6"": 5, ""7"": 5, ""8"": 3, ""9"": 14, ""10"": 15}"
1187,1187,True,,gemm\random\mappings\sample_1187_seed_1187.csv,5.212713213031679,326.41862786076,1.3280619269478797,0,0.0001665846,0.0,94208.0,27648.0,1.4407855584209481,0.0017830862413776873,True,vec,16,"{""1"": 10, ""2"": 6, ""3"": 8, ""4"": 8, ""5"": 1, ""6"": 11, ""7"": 9, ""8"": 15, ""9"": 7, ""10"": 14}"
1188,1188,True,,gemm\random\mappings\sample_1188_seed_1188.csv,5.144767372376227,327.69020598833,1.7870820583847693,3,0.0001189809,0.38555478645833124,131072.0,12288.0,1.8724459432652252,0.0015398624999473445,True,vec,16,"{""1"": 2, ""2"": 15, ""3"": 12, ""4"": 14, ""5"": 2, ""6"": 3, ""7"": 12, ""8"": 2, ""9"": 13, ""10"": 4}"
1189,1189,True,,gemm\random\mappings\sample_1189_seed_1189.csv,4.849133644822342,327.71950092018,1.6166288707009495,1,0.0001183426,0.237701625,87040.0,16384.0,2.164451497718707,0.0015317636346798636,True,vec,16,"{""1"": 10, ""2"": 12, ""3"": 10, ""4"": 13, ""5"": 7, ""6"": 13, ""7"": 7, ""8"": 6, ""9"": 8, ""10"": 13}"
1190,1190,True,,gemm\random\mappings\sample_1190_seed_1190.csv,5.858879322676905,325.25324499659,1.2017202647817717,0,0.0001963746,0.0,129024.0,25600.0,3.3070819281888513,0.001940861359542274,True,vec,16,"{""1"": 14, ""2"": 1, ""3"": 1, ""4"": 10, ""5"": 8, ""6"": 14, ""7"": 6, ""8"": 1, ""9"": 1, ""10"": 5}"
1191,1191,True,,gemm\random\mappings\sample_1191_seed_1191.csv,5.0609619238067385,327.78680907489,1.6143936061401876,1,0.0001190346,0.267667125,139264.0,25600.0,0.8059908748264233,0.0015366006564314272,True,vec,16,"{""1"": 13, ""2"": 9, ""3"": 10, ""4"": 2, ""5"": 3, ""6"": 0, ""7"": 7, ""8"": 12, ""9"": 14, ""10"": 15}"
1192,1192,True,,gemm\random\mappings\sample_1192_seed_1192.csv,5.195096970307974,326.82522057276,1.2405075322323105,0,0.0001663607,0.0,78848.0,25600.0,1.9359254116246776,0.0017811513306917515,True,vec,16,"{""1"": 9, ""2"": 10, ""3"": 10, ""4"": 7, ""5"": 4, ""6"": 15, ""7"": 11, ""8"": 9, ""9"": 4, ""10"": 14}"
1193,1193,True,,gemm\random\mappings\sample_1193_seed_1193.csv,5.321434185962623,327.55053483526,1.5262364108439699,1,0.0001670828,0.0451985,99328.0,16384.0,1.9740130926403492,0.0017894126089188955,True,vec,16,"{""1"": 9, ""2"": 12, ""3"": 12, ""4"": 11, ""5"": 7, ""6"": 13, ""7"": 15, ""8"": 7, ""9"": 1, ""10"": 15}"
1194,1194,True,,gemm\random\mappings\sample_1194_seed_1194.csv,5.451433866373735,328.06462127326,1.7546106207153365,2,0.0001466466,0.61965775,125952.0,16384.0,1.4153937710771671,0.0016939252491348779,True,vec,16,"{""1"": 10, ""2"": 3, ""3"": 1, ""4"": 7, ""5"": 0, ""6"": 4, ""7"": 4, ""8"": 8, ""9"": 1, ""10"": 5}"
1195,1195,True,,gemm\random\mappings\sample_1195_seed_1195.csv,4.876689372048118,327.46170496274,1.4867036241839535,2,0.0001172627,0.17096713541666875,104448.0,18432.0,1.7581829002182108,0.0015236624835105802,True,vec,16,"{""1"": 9, ""2"": 15, ""3"": 9, ""4"": 4, ""5"": 2, ""6"": 4, ""7"": 15, ""8"": 14, ""9"": 0, ""10"": 5}"
1196,1196,True,,gemm\random\mappings\sample_1196_seed_1196.csv,5.708746665230459,327.99961727014,1.6588974768531162,2,0.0001464566,0.456495,111616.0,26624.0,1.7962705812338822,0.0016936505375327988,True,vec,16,"{""1"": 5, ""2"": 8, ""3"": 15, ""4"": 11, ""5"": 7, ""6"": 1, ""7"": 15, ""8"": 11, ""9"": 1, ""10"": 2}"
1197,1197,True,,gemm\random\mappings\sample_1197_seed_1197.csv,6.0483302498427625,327.24241080418,1.3531931612857901,1,0.0001667428,0.013374305555555625,123904.0,35840.0,2.6722872445943264,0.0017848516418730127,True,vec,16,"{""1"": 7, ""2"": 13, ""3"": 2, ""4"": 6, ""5"": 13, ""6"": 6, ""7"": 7, ""8"": 11, ""9"": 11, ""10"": 13}"
1198,1198,True,,gemm\random\mappings\sample_1198_seed_1198.csv,6.0704321256910445,327.98995825099,1.5233645456428524,2,0.0001664726,0.503472875,108544.0,32768.0,1.8216623685776632,0.0017926109549988335,True,vec,16,"{""1"": 10, ""2"": 12, ""3"": 5, ""4"": 13, ""5"": 5, ""6"": 13, ""7"": 15, ""8"": 11, ""9"": 3, ""10"": 2}"
1199,1199,True,,gemm\random\mappings\sample_1199_seed_1199.csv,5.017231842155709,327.69564026717,1.7157275114152692,2,0.0001179228,0.262881125,120832.0,17408.0,1.5296568141241818,0.001530800764436631,True,vec,16,"{""1"": 2, ""2"": 7, ""3"": 13, ""4"": 2, ""5"": 12, ""6"": 9, ""7"": 7, ""8"": 3, ""9"": 0, ""10"": 3}"
1200,1200,True,,gemm\random\mappings\sample_1200_seed_1200.csv,5.776491706366154,328.39291912936,1.7846528720569008,3,0.0001211807,0.9702493750000001,114688.0,34816.0,0.8059908748264233,0.0015626903297911285,True,vec,16,"{""1"": 9, ""2"": 10, ""3"": 3, ""4"": 2, ""5"": 6, ""6"": 8, ""7"": 1, ""8"": 15, ""9"": 14, ""10"": 4}"
1201,1201,True,,gemm\random\mappings\sample_1201_seed_1201.csv,5.008531053982516,326.66661647549,1.4147677027367984,0,0.0001466827,0.0,115712.0,26624.0,1.0345169609204523,0.0016778799966428927,True,vec,16,"{""1"": 6, ""2"": 5, ""3"": 11, ""4"": 4, ""5"": 12, ""6"": 14, ""7"": 1, ""8"": 13, ""9"": 1, ""10"": 3}"
1202,1202,True,,gemm\random\mappings\sample_1202_seed_1202.csv,4.738532163599767,326.60180983979,1.3240596179733122,0,0.0001463248,0.0,99328.0,17408.0,1.6439198571711962,0.0016749778439676423,True,vec,16,"{""1"": 9, ""2"": 15, ""3"": 13, ""4"": 6, ""5"": 1, ""6"": 13, ""7"": 9, ""8"": 9, ""9"": 11, ""10"": 0}"
1203,1203,True,,gemm\random\mappings\sample_1203_seed_1203.csv,5.263303074047983,328.15480738359,1.357023991241559,1,0.0001666508,0.235839375,86016.0,17408.0,1.7073993255306488,0.0017889108316579314,True,vec,16,"{""1"": 6, ""2"": 11, ""3"": 5, ""4"": 8, ""5"": 11, ""6"": 15, ""7"": 13, ""8"": 9, ""9"": 6, ""10"": 15}"
1204,1204,True,,gemm\random\mappings\sample_1204_seed_1204.csv,5.905579892860603,328.26214306293,1.791188750458704,2,0.0001479971,0.4286334782608687,113664.0,26624.0,2.202539178734378,0.0017039261846752236,True,vec,16,"{""1"": 12, ""2"": 12, ""3"": 9, ""4"": 7, ""5"": 13, ""6"": 3, ""7"": 12, ""8"": 8, ""9"": 3, ""10"": 12}"
1205,1205,True,,gemm\random\mappings\sample_1205_seed_1205.csv,4.667758046087528,327.55658022403,1.5176024015372487,1,0.0001174729,0.18516125,92160.0,18432.0,1.3392184090458243,0.0015237475058554638,True,vec,16,"{""1"": 13, ""2"": 12, ""3"": 14, ""4"": 11, ""5"": 1, ""6"": 14, ""7"": 15, ""8"": 4, ""9"": 2, ""10"": 2}"
1206,1206,True,,gemm\random\mappings\sample_1206_seed_1206.csv,5.259905471551866,326.89011516698,1.267948547415203,0,0.000166469,0.0,93184.0,27648.0,1.5931362824836341,0.0017822669448456826,True,vec,16,"{""1"": 10, ""2"": 15, ""3"": 9, ""4"": 9, ""5"": 1, ""6"": 0, ""7"": 5, ""8"": 11, ""9"": 7, ""10"": 0}"
1207,1207,True,,gemm\random\mappings\sample_1207_seed_1207.csv,5.080552630096836,326.89209227488,1.648418871336818,0,0.0001165647,0.0,103424.0,33792.0,1.5677444951398531,0.001517432262279534,True,vec,16,"{""1"": 0, ""2"": 1, ""3"": 9, ""4"": 7, ""5"": 2, ""6"": 13, ""7"": 6, ""8"": 7, ""9"": 2, ""10"": 4}"
1208,1208,True,,gemm\random\mappings\sample_1208_seed_1208.csv,5.653883780517099,327.5244819676,1.5285966565781302,1,0.0001673027,0.045111687500000004,143360.0,18432.0,2.431065264828407,0.0017900496163912414,True,vec,16,"{""1"": 0, ""2"": 2, ""3"": 12, ""4"": 15, ""5"": 12, ""6"": 8, ""7"": 15, ""8"": 15, ""9"": 5, ""10"": 13}"
1209,1209,True,,gemm\random\mappings\sample_1209_seed_1209.csv,5.7027441866313096,326.34569677766,1.4036514721216176,0,0.0001668269,0.0,163840.0,32768.0,1.5931362824836341,0.0017856763965993614,True,vec,16,"{""1"": 0, ""2"": 9, ""3"": 10, ""4"": 14, ""5"": 10, ""6"": 4, ""7"": 1, ""8"": 11, ""9"": 12, ""10"": 11}"
1210,1210,True,,gemm\random\mappings\sample_1210_seed_1210.csv,5.346063488217431,327.52419922432,1.461762849288824,1,0.0001464748,0.147643375,119808.0,26624.0,1.4153937710771671,0.001680104045620864,True,vec,16,"{""1"": 2, ""2"": 15, ""3"": 1, ""4"": 0, ""5"": 13, ""6"": 2, ""7"": 2, ""8"": 5, ""9"": 11, ""10"": 11}"
1211,1211,True,,gemm\random\mappings\sample_1211_seed_1211.csv,6.107811104567527,328.23232384683,1.617036099107743,2,0.0001765648,0.722938875,95232.0,27648.0,1.8724459432652252,0.0018551142530855028,True,vec,16,"{""1"": 9, ""2"": 15, ""3"": 14, ""4"": 8, ""5"": 10, ""6"": 3, ""7"": 3, ""8"": 10, ""9"": 3, ""10"": 0}"
1212,1212,True,,gemm\random\mappings\sample_1212_seed_1212.csv,5.388860991906055,326.94258458424,1.5121279293132834,0,0.0001664366,0.0,73728.0,26624.0,2.126363816703035,0.0017839013262024995,True,vec,16,"{""1"": 9, ""2"": 9, ""3"": 12, ""4"": 4, ""5"": 4, ""6"": 10, ""7"": 13, ""8"": 9, ""9"": 1, ""10"": 0}"
1213,1213,True,,gemm\random\mappings\sample_1213_seed_1213.csv,5.0357637984033135,326.67066320962,1.4515789311629195,0,0.0001167428,0.0,136192.0,33792.0,1.3011307280301527,0.0015174672292836203,True,vec,16,"{""1"": 15, ""2"": 4, ""3"": 10, ""4"": 12, ""5"": 6, ""6"": 4, ""7"": 15, ""8"": 2, ""9"": 8, ""10"": 9}"
1214,1214,True,,gemm\random\mappings\sample_1214_seed_1214.csv,5.439844152001134,327.62791384315,1.834864015230477,3,0.0001180668,0.297156828125,142336.0,24576.0,1.3392184090458243,0.001534729052024713,True,vec,16,"{""1"": 8, ""2"": 3, ""3"": 2, ""4"": 12, ""5"": 13, ""6"": 12, ""7"": 15, ""8"": 11, ""9"": 1, ""10"": 15}"
1215,1215,True,,gemm\random\mappings\sample_1215_seed_1215.csv,5.3292688404202995,328.16431260472,1.7312590699895443,3,0.0001188987,0.6965944010416687,116736.0,18432.0,1.6820075381868678,0.001543697935304342,True,vec,16,"{""1"": 14, ""2"": 12, ""3"": 3, ""4"": 10, ""5"": 1, ""6"": 12, ""7"": 13, ""8"": 10, ""9"": 14, ""10"": 15}"
1216,1216,True,,gemm\random\mappings\sample_1216_seed_1216.csv,6.051919974459257,328.74343843378,1.8710897906446544,2,0.0001205286,0.7388163802083313,105472.0,35840.0,2.4691529458440784,0.0015588687141806015,True,vec,16,"{""1"": 3, ""2"": 1, ""3"": 6, ""4"": 2, ""5"": 13, ""6"": 3, ""7"": 1, ""8"": 6, ""9"": 2, ""10"": 6}"
1217,1217,True,,gemm\random\mappings\sample_1217_seed_1217.csv,5.064336425052545,327.78678089771,1.612902157789336,1,0.000119105,0.265015875,126976.0,24576.0,1.1868676849831383,0.0015367576537177047,True,vec,16,"{""1"": 1, ""2"": 5, ""3"": 6, ""4"": 14, ""5"": 15, ""6"": 5, ""7"": 10, ""8"": 4, ""9"": 12, ""10"": 2}"
1218,1218,True,,gemm\random\mappings\sample_1218_seed_1218.csv,5.244204764544356,328.06235494919,1.7737375614124955,1,0.000120035,0.394567,143360.0,25600.0,0.9202539178734378,0.0015460758087381577,True,vec,16,"{""1"": 4, ""2"": 3, ""3"": 0, ""4"": 11, ""5"": 2, ""6"": 1, ""7"": 6, ""8"": 4, ""9"": 12, ""10"": 15}"
1219,1219,True,,gemm\random\mappings\sample_1219_seed_1219.csv,5.848995807417671,327.98627568031,1.8613303144721736,2,0.0001193848,0.4908386458333313,175104.0,32768.0,1.4407855584209481,0.0015449947089343095,True,vec,16,"{""1"": 12, ""2"": 6, ""3"": 11, ""4"": 2, ""5"": 7, ""6"": 0, ""7"": 7, ""8"": 1, ""9"": 8, ""10"": 6}"
1220,1220,True,,gemm\random\mappings\sample_1220_seed_1220.csv,5.876109379125327,327.46405233642,1.428884318847092,1,0.0001662667,0.122229125,113664.0,35840.0,1.7073993255306488,0.0017851313134319893,True,vec,16,"{""1"": 8, ""2"": 9, ""3"": 3, ""4"": 9, ""5"": 7, ""6"": 8, ""7"": 15, ""8"": 11, ""9"": 5, ""10"": 11}"
1221,1221,True,,gemm\random\mappings\sample_1221_seed_1221.csv,4.5671006398914855,327.10242764163,1.5116717964811568,0,0.0001167307,0.0,112640.0,16384.0,1.7200952192025392,0.0015175015012420376,True,vec,16,"{""1"": 1, ""2"": 13, ""3"": 8, ""4"": 3, ""5"": 10, ""6"": 15, ""7"": 8, ""8"": 10, ""9"": 7, ""10"": 7}"
1222,1222,True,,gemm\random\mappings\sample_1222_seed_1222.csv,5.238953817968536,327.00828612489,1.5287444512481638,0,0.000146395,0.0,117760.0,28672.0,1.3773060900614957,0.0016770781274710316,True,vec,16,"{""1"": 15, ""2"": 13, ""3"": 0, ""4"": 10, ""5"": 15, ""6"": 9, ""7"": 7, ""8"": 12, ""9"": 12, ""10"": 7}"
1223,1223,True,,gemm\random\mappings\sample_1223_seed_1223.csv,4.672523638922032,327.26843727838,1.6900374193175531,1,0.0001169368,0.03617625,91136.0,19456.0,1.1741717913112477,0.0015209694776484079,True,vec,16,"{""1"": 14, ""2"": 15, ""3"": 6, ""4"": 10, ""5"": 7, ""6"": 8, ""7"": 14, ""8"": 5, ""9"": 0, ""10"": 6}"
1224,1224,True,,gemm\random\mappings\sample_1224_seed_1224.csv,5.70184943540543,328.37491283412,1.669353641406585,1,0.0001199046,0.37277075,165888.0,33792.0,1.5677444951398531,0.0015441627901834703,True,vec,16,"{""1"": 3, ""2"": 4, ""3"": 12, ""4"": 1, ""5"": 13, ""6"": 13, ""7"": 11, ""8"": 1, ""9"": 8, ""10"": 10}"
1225,1225,True,,gemm\random\mappings\sample_1225_seed_1225.csv,6.131736829051246,327.46210643256,1.3962615140687367,1,0.0001666989,0.10462541666666876,151552.0,34816.0,2.431065264828407,0.0017851863691226888,True,vec,16,"{""1"": 12, ""2"": 10, ""3"": 15, ""4"": 10, ""5"": 1, ""6"": 0, ""7"": 4, ""8"": 4, ""9"": 10, ""10"": 3}"
1226,1226,True,,gemm\random\mappings\sample_1226_seed_1226.csv,5.387399084691351,327.78163641212,1.342855837488926,1,0.0001666487,0.23138833333333125,80896.0,24576.0,1.5550486014679628,0.0017865621281703042,True,vec,16,"{""1"": 14, ""2"": 6, ""3"": 9, ""4"": 9, ""5"": 13, ""6"": 14, ""7"": 15, ""8"": 8, ""9"": 5, ""10"": 10}"
1227,1227,True,,gemm\random\mappings\sample_1227_seed_1227.csv,5.405673533586635,326.06607628252,1.3160980392664692,0,0.0001666807,0.0,138240.0,24576.0,2.177147391390597,0.0017826630602115897,True,vec,16,"{""1"": 0, ""2"": 7, ""3"": 4, ""4"": 10, ""5"": 10, ""6"": 8, ""7"": 14, ""8"": 8, ""9"": 13, ""10"": 10}"
1228,1228,True,,gemm\random\mappings\sample_1228_seed_1228.csv,5.062278002015795,326.31824478596,1.3914881918504658,0,0.0001465366,0.0,137216.0,24576.0,1.4153937710771671,0.0016767442074117332,True,vec,16,"{""1"": 3, ""2"": 10, ""3"": 5, ""4"": 11, ""5"": 13, ""6"": 11, ""7"": 14, ""8"": 1, ""9"": 1, ""10"": 2}"
1229,1229,True,,gemm\random\mappings\sample_1229_seed_1229.csv,5.024020749390356,326.51334625832,1.3279593794043258,0,0.0001466668,0.0,120832.0,24576.0,1.5677444951398531,0.0016769908923124227,True,vec,16,"{""1"": 4, ""2"": 13, ""3"": 3, ""4"": 8, ""5"": 10, ""6"": 5, ""7"": 5, ""8"": 11, ""9"": 3, ""10"": 11}"
1230,1230,True,,gemm\random\mappings\sample_1230_seed_1230.csv,4.835378141998823,326.17517813998,1.523067430737379,0,0.0001168208,0.0,125952.0,24576.0,1.9486213052965682,0.0015181623406351132,True,vec,16,"{""1"": 14, ""2"": 3, ""3"": 8, ""4"": 13, ""5"": 5, ""6"": 10, ""7"": 3, ""8"": 8, ""9"": 13, ""10"": 12}"
1231,1231,True,,gemm\random\mappings\sample_1231_seed_1231.csv,5.116871009161032,329.12408174972,1.7817782739145636,2,0.0001234668,0.7255957271634375,73728.0,16384.0,1.3773060900614957,0.0015755405694250584,True,vec,16,"{""1"": 12, ""2"": 8, ""3"": 1, ""4"": 13, ""5"": 12, ""6"": 7, ""7"": 5, ""8"": 10, ""9"": 8, ""10"": 11}"
1232,1232,True,,gemm\random\mappings\sample_1232_seed_1232.csv,4.872796975936629,327.85305674927,1.8389970781671083,1,0.000117483351,0.2088295,74752.0,16384.0,2.024796667327911,0.0015278197932611728,True,vec,16,"{""1"": 4, ""2"": 9, ""3"": 12, ""4"": 4, ""5"": 1, ""6"": 9, ""7"": 3, ""8"": 0, ""9"": 4, ""10"": 0}"
1233,1233,True,,gemm\random\mappings\sample_1233_seed_1233.csv,6.077940636187264,326.1988817061,1.2168400920036078,0,0.0002160686,0.0,66560.0,32768.0,2.862725649672684,0.0020464270878706677,True,vec,16,"{""1"": 10, ""2"": 9, ""3"": 9, ""4"": 5, ""5"": 9, ""6"": 0, ""7"": 13, ""8"": 3, ""9"": 8, ""10"": 8}"
1234,1234,True,,gemm\random\mappings\sample_1234_seed_1234.csv,6.528387792792015,329.50880919959,2.3302889766998325,5,0.0001259568,2.2155753876488125,165888.0,16384.0,1.8216623685776632,0.0016313998763316016,True,vec,16,"{""1"": 14, ""2"": 3, ""3"": 0, ""4"": 2, ""5"": 1, ""6"": 2, ""7"": 3, ""8"": 11, ""9"": 7, ""10"": 0}"
1235,1235,True,,gemm\random\mappings\sample_1235_seed_1235.csv,5.142752753863775,327.62670161493,1.5135880374584343,1,0.0001467567,0.1932045,112640.0,20480.0,1.2630430470144813,0.001683003532623967,True,vec,16,"{""1"": 13, ""2"": 15, ""3"": 12, ""4"": 4, ""5"": 11, ""6"": 13, ""7"": 6, ""8"": 3, ""9"": 13, ""10"": 8}"
1236,1236,True,,gemm\random\mappings\sample_1236_seed_1236.csv,4.488533102291793,326.96116592059,1.6436359373160334,0,0.0001166307,0.0,104448.0,18432.0,0.9964292799047808,0.001517799309097064,True,vec,16,"{""1"": 15, ""2"": 15, ""3"": 8, ""4"": 10, ""5"": 3, ""6"": 12, ""7"": 9, ""8"": 0, ""9"": 5, ""10"": 1}"
1237,1237,True,,gemm\random\mappings\sample_1237_seed_1237.csv,5.491775883912254,326.51089428993,1.4422427271086657,0,0.0001667587,0.0,123904.0,26624.0,2.050188454671692,0.0017844094067553241,True,vec,16,"{""1"": 4, ""2"": 12, ""3"": 9, ""4"": 7, ""5"": 7, ""6"": 11, ""7"": 11, ""8"": 12, ""9"": 13, ""10"": 5}"
1238,1238,True,,gemm\random\mappings\sample_1238_seed_1238.csv,6.254926764402864,327.62290193929,1.5431566644393355,1,0.0001668429,0.19362025000000002,185344.0,32768.0,2.202539178734378,0.0017899903890221088,True,vec,16,"{""1"": 0, ""2"": 15, ""3"": 6, ""4"": 11, ""5"": 11, ""6"": 3, ""7"": 11, ""8"": 9, ""9"": 8, ""10"": 7}"
1239,1239,True,,gemm\random\mappings\sample_1239_seed_1239.csv,5.376831753770873,327.92825100927,1.5389531713973208,1,0.0001466647,0.335887375,117760.0,26624.0,1.0345169609204523,0.0016856895443089416,True,vec,16,"{""1"": 2, ""2"": 8, ""3"": 14, ""4"": 0, ""5"": 1, ""6"": 3, ""7"": 15, ""8"": 15, ""9"": 5, ""10"": 10}"
1240,1240,True,,gemm\random\mappings\sample_1240_seed_1240.csv,5.287610050205361,327.62116355994,1.452280271909505,1,0.0001465048,0.19179975,117760.0,26624.0,1.1106923229517953,0.001681203871912182,True,vec,16,"{""1"": 14, ""2"": 11, ""3"": 1, ""4"": 12, ""5"": 13, ""6"": 8, ""7"": 15, ""8"": 3, ""9"": 8, ""10"": 14}"
1241,1241,True,,gemm\random\mappings\sample_1241_seed_1241.csv,5.945000516762041,326.2937427394,1.3310892800912641,0,0.000166647,0.0,139264.0,34816.0,3.040468161079151,0.001782730685155634,True,vec,16,"{""1"": 15, ""2"": 6, ""3"": 9, ""4"": 8, ""5"": 6, ""6"": 15, ""7"": 6, ""8"": 9, ""9"": 15, ""10"": 1}"
1242,1242,True,,gemm\random\mappings\sample_1242_seed_1242.csv,5.173074363730567,327.68595904214,1.4484980150279398,1,0.0001464887,0.218918125,133120.0,19456.0,1.2884348343582623,0.0016819277196395898,True,vec,16,"{""1"": 2, ""2"": 10, ""3"": 12, ""4"": 3, ""5"": 13, ""6"": 0, ""7"": 15, ""8"": 5, ""9"": 5, ""10"": 10}"
1243,1243,True,,gemm\random\mappings\sample_1243_seed_1243.csv,5.784602812174367,328.31474956041,1.8420720075262467,3,0.0001190287,0.5271876197916687,139264.0,32768.0,1.1868676849831383,0.0015437119275133995,True,vec,16,"{""1"": 11, ""2"": 0, ""3"": 13, ""4"": 14, ""5"": 9, ""6"": 5, ""7"": 3, ""8"": 1, ""9"": 0, ""10"": 8}"
1244,1244,True,,gemm\random\mappings\sample_1244_seed_1244.csv,5.417310925703762,327.77007634335,1.7791977239925092,1,0.0001187307,0.25369275,138240.0,28672.0,1.7073993255306488,0.0015359238795734657,True,vec,16,"{""1"": 8, ""2"": 3, ""3"": 15, ""4"": 12, ""5"": 11, ""6"": 8, ""7"": 14, ""8"": 11, ""9"": 9, ""10"": 11}"
1245,1245,True,,gemm\random\mappings\sample_1245_seed_1245.csv,4.350491831732607,326.42794519959,1.4535857657712983,0,0.0001167888,0.0,90112.0,16384.0,1.5550486014679628,0.0015173454081475542,True,vec,16,"{""1"": 5, ""2"": 1, ""3"": 4, ""4"": 10, ""5"": 11, ""6"": 14, ""7"": 5, ""8"": 1, ""9"": 13, ""10"": 4}"
1246,1246,True,,gemm\random\mappings\sample_1246_seed_1246.csv,4.744822203478332,325.9070777676,1.3045778030740747,0,0.0001665068,0.0,58368.0,16384.0,1.8216623685776632,0.0017824976565358427,True,vec,16,"{""1"": 5, ""2"": 1, ""3"": 4, ""4"": 9, ""5"": 1, ""6"": 7, ""7"": 4, ""8"": 14, ""9"": 6, ""10"": 15}"
1247,1247,True,,gemm\random\mappings\sample_1247_seed_1247.csv,5.241879087900916,327.55767842827,1.5642422393796576,1,0.0001174547,0.0714875,135168.0,32768.0,1.1868676849831383,0.0015242545016206767,True,vec,16,"{""1"": 3, ""2"": 2, ""3"": 10, ""4"": 14, ""5"": 12, ""6"": 1, ""7"": 7, ""8"": 8, ""9"": 12, ""10"": 9}"
1248,1248,True,,gemm\random\mappings\sample_1248_seed_1248.csv,5.013081538432036,326.43695888106,1.3347240093777326,0,0.0001663426,0.0,98304.0,16384.0,2.050188454671692,0.0017821382495636588,True,vec,16,"{""1"": 7, ""2"": 10, ""3"": 12, ""4"": 11, ""5"": 11, ""6"": 2, ""7"": 10, ""8"": 9, ""9"": 9, ""10"": 5}"
1249,1249,True,,gemm\random\mappings\sample_1249_seed_1249.csv,6.013486935824259,327.62610634768,1.5660175798682257,1,0.0001665009,0.1931085,134144.0,34816.0,1.6693116445149772,0.0017881726400093979,True,vec,16,"{""1"": 7, ""2"": 5, ""3"": 5, ""4"": 12, ""5"": 13, ""6"": 8, ""7"": 14, ""8"": 8, ""9"": 0, ""10"": 4}"
1250,1250,True,,gemm\random\mappings\sample_1250_seed_1250.csv,5.094727740855547,327.94281976289,1.7101021303357389,2,0.0001193567,0.348644875,91136.0,23552.0,1.2630430470144813,0.0015402677441619275,True,vec,16,"{""1"": 4, ""2"": 12, ""3"": 5, ""4"": 8, ""5"": 10, ""6"": 9, ""7"": 8, ""8"": 15, ""9"": 0, ""10"": 4}"
1251,1251,True,,gemm\random\mappings\sample_1251_seed_1251.csv,5.790302739030281,327.40241323212,1.5122441097008816,1,0.0001467568,0.09026125,163840.0,32768.0,1.7962705812338822,0.0016811466825614896,True,vec,16,"{""1"": 0, ""2"": 10, ""3"": 11, ""4"": 7, ""5"": 13, ""6"": 14, ""7"": 10, ""8"": 4, ""9"": 10, ""10"": 12}"
1252,1252,True,,gemm\random\mappings\sample_1252_seed_1252.csv,5.393953837157251,327.55942706828,1.4860086877511878,1,0.0001465708,0.1157617857142875,107520.0,28672.0,1.5169609204522911,0.0016812797253417592,True,vec,16,"{""1"": 9, ""2"": 15, ""3"": 1, ""4"": 11, ""5"": 2, ""6"": 14, ""7"": 9, ""8"": 9, ""9"": 5, ""10"": 15}"
1253,1253,True,,gemm\random\mappings\sample_1253_seed_1253.csv,5.775024523410599,327.5563109227,1.4003081648695233,1,0.0001662126,0.12813708333333124,97280.0,34816.0,1.6947034318587582,0.0017836664902834652,True,vec,16,"{""1"": 6, ""2"": 5, ""3"": 13, ""4"": 5, ""5"": 0, ""6"": 15, ""7"": 11, ""8"": 4, ""9"": 1, ""10"": 0}"
1254,1254,True,,gemm\random\mappings\sample_1254_seed_1254.csv,4.956157958736503,327.93044177985,1.6216824769536684,1,0.0001191588,0.214778359375,91136.0,21504.0,1.7200952192025392,0.0015383312664946074,True,vec,16,"{""1"": 13, ""2"": 7, ""3"": 8, ""4"": 12, ""5"": 14, ""6"": 5, ""7"": 1, ""8"": 14, ""9"": 12, ""10"": 5}"
1255,1255,True,,gemm\random\mappings\sample_1255_seed_1255.csv,5.078869945443579,327.89341815386,1.6247167678533512,1,0.0001182327,0.10085822368421249,128000.0,18432.0,2.25332275342194,0.0015304020184100803,True,vec,16,"{""1"": 12, ""2"": 11, ""3"": 4, ""4"": 12, ""5"": 3, ""6"": 12, ""7"": 13, ""8"": 4, ""9"": 3, ""10"": 14}"
1256,1256,True,,gemm\random\mappings\sample_1256_seed_1256.csv,5.2647960840776555,327.9946047049,1.6425222952336798,1,0.0001186389,0.10805657894736875,146432.0,25600.0,1.6439198571711962,0.0015333648307483865,True,vec,16,"{""1"": 3, ""2"": 3, ""3"": 14, ""4"": 13, ""5"": 8, ""6"": 11, ""7"": 2, ""8"": 9, ""9"": 3, ""10"": 9}"
1257,1257,True,,gemm\random\mappings\sample_1257_seed_1257.csv,6.128959146015808,328.16756013632,2.005796270634832,3,0.0001218726,0.906358421875,159744.0,32768.0,1.5677444951398531,0.001576977729167456,True,vec,16,"{""1"": 12, ""2"": 6, ""3"": 11, ""4"": 7, ""5"": 15, ""6"": 11, ""7"": 9, ""8"": 15, ""9"": 2, ""10"": 14}"
1258,1258,True,,gemm\random\mappings\sample_1258_seed_1258.csv,5.143519120500966,326.75877845943,1.6206880983808456,0,0.0001168407,0.0,119808.0,32768.0,1.8216623685776632,0.0015188821808615268,True,vec,16,"{""1"": 4, ""2"": 11, ""3"": 14, ""4"": 10, ""5"": 5, ""6"": 10, ""7"": 11, ""8"": 13, ""9"": 2, ""10"": 14}"
1259,1259,True,,gemm\random\mappings\sample_1259_seed_1259.csv,5.708949330159885,326.25998391054,1.3828519069054948,0,0.0001663246,0.0,136192.0,35840.0,1.7835746875619918,0.001781223065048315,True,vec,16,"{""1"": 12, ""2"": 5, ""3"": 14, ""4"": 3, ""5"": 14, ""6"": 6, ""7"": 6, ""8"": 13, ""9"": 12, ""10"": 8}"
1260,1260,True,,gemm\random\mappings\sample_1260_seed_1260.csv,4.677679108099722,327.04231502645,1.5233141775724643,0,0.0001169507,0.0,141312.0,17408.0,1.5677444951398531,0.001519053127983478,True,vec,16,"{""1"": 2, ""2"": 4, ""3"": 10, ""4"": 13, ""5"": 15, ""6"": 13, ""7"": 3, ""8"": 5, ""9"": 4, ""10"": 1}"
1261,1261,True,,gemm\random\mappings\sample_1261_seed_1261.csv,4.930987204579615,327.69697887136,1.465857281577671,1,0.0001463766,0.225816,75776.0,18432.0,1.2884348343582623,0.0016811252629396782,True,vec,16,"{""1"": 2, ""2"": 10, ""3"": 3, ""4"": 1, ""5"": 0, ""6"": 7, ""7"": 6, ""8"": 6, ""9"": 13, ""10"": 10}"
1262,1262,True,,gemm\random\mappings\sample_1262_seed_1262.csv,4.571541976623693,326.87878092599,1.4448886709322357,0,0.0001167588,0.0,94208.0,19456.0,1.8724459432652252,0.0015170415892021272,True,vec,16,"{""1"": 6, ""2"": 10, ""3"": 6, ""4"": 12, ""5"": 0, ""6"": 14, ""7"": 12, ""8"": 6, ""9"": 4, ""10"": 13}"
1263,1263,True,,gemm\random\mappings\sample_1263_seed_1263.csv,4.982836008588579,327.78684531748,1.5890110283553052,1,0.0001462508,0.19316785714285625,79872.0,16384.0,1.4788732394366197,0.0016820039600369601,True,vec,16,"{""1"": 5, ""2"": 7, ""3"": 9, ""4"": 3, ""5"": 5, ""6"": 15, ""7"": 2, ""8"": 0, ""9"": 0, ""10"": 3}"
1264,1264,True,,gemm\random\mappings\sample_1264_seed_1264.csv,5.657186339454615,327.52916653026,1.6674876562229015,1,0.0001678426,0.0773558125,166912.0,19456.0,1.5169609204522911,0.0017971934252019627,True,vec,16,"{""1"": 3, ""2"": 15, ""3"": 12, ""4"": 15, ""5"": 14, ""6"": 13, ""7"": 9, ""8"": 2, ""9"": 5, ""10"": 3}"
1265,1265,True,,gemm\random\mappings\sample_1265_seed_1265.csv,5.325188696816419,327.24441687771,1.6356281913888011,1,0.0001169848,0.022820208333333127,160768.0,32768.0,1.1868676849831383,0.0015204584048793982,True,vec,16,"{""1"": 0, ""2"": 3, ""3"": 11, ""4"": 10, ""5"": 13, ""6"": 1, ""7"": 2, ""8"": 13, ""9"": 5, ""10"": 14}"
1266,1266,True,,gemm\random\mappings\sample_1266_seed_1266.csv,4.32818552225195,326.8089001263,1.4305521206191674,0,0.0001169548,0.0,74752.0,17408.0,1.4407855584209481,0.001518211700391557,True,vec,16,"{""1"": 6, ""2"": 9, ""3"": 5, ""4"": 7, ""5"": 2, ""6"": 14, ""7"": 12, ""8"": 2, ""9"": 4, ""10"": 7}"
1267,1267,True,,gemm\random\mappings\sample_1267_seed_1267.csv,5.479684329202546,326.35668150087,1.4020787464621256,0,0.0001662928,0.0,109568.0,26624.0,2.431065264828407,0.001781074280774456,True,vec,16,"{""1"": 2, ""2"": 9, ""3"": 6, ""4"": 13, ""5"": 9, ""6"": 5, ""7"": 4, ""8"": 4, ""9"": 9, ""10"": 0}"
1268,1268,True,,gemm\random\mappings\sample_1268_seed_1268.csv,5.076164730687896,326.50118121835,1.4083891336604417,0,0.0001664047,0.0,69632.0,17408.0,2.5072406268597502,0.0017830379740781564,True,vec,16,"{""1"": 2, ""2"": 2, ""3"": 5, ""4"": 5, ""5"": 6, ""6"": 15, ""7"": 2, ""8"": 9, ""9"": 6, ""10"": 12}"
1269,1269,True,,gemm\random\mappings\sample_1269_seed_1269.csv,5.443035791407642,327.39493458311,1.3933485938723982,1,0.0001663086,0.04637138888888875,124928.0,18432.0,2.1898432850624876,0.0017835662184293583,True,vec,16,"{""1"": 11, ""2"": 7, ""3"": 7, ""4"": 13, ""5"": 0, ""6"": 13, ""7"": 1, ""8"": 10, ""9"": 11, ""10"": 0}"
1270,1270,True,,gemm\random\mappings\sample_1270_seed_1270.csv,4.91019192868829,327.89499993406,1.6995987697466344,1,0.0001191328,0.32076137499999996,126976.0,18432.0,1.0599087482642333,0.0015386053927318921,True,vec,16,"{""1"": 7, ""2"": 13, ""3"": 0, ""4"": 11, ""5"": 15, ""6"": 1, ""7"": 10, ""8"": 5, ""9"": 3, ""10"": 0}"
1271,1271,True,,gemm\random\mappings\sample_1271_seed_1271.csv,5.485585695666998,327.62274660535,1.5220894095644366,1,0.0001673028,0.04537120192307688,105472.0,16384.0,2.583415988891093,0.0017913455064101588,True,vec,16,"{""1"": 11, ""2"": 3, ""3"": 3, ""4"": 0, ""5"": 10, ""6"": 2, ""7"": 3, ""8"": 8, ""9"": 0, ""10"": 5}"
1272,1272,True,,gemm\random\mappings\sample_1272_seed_1272.csv,6.064573291452378,327.8653464989,1.5953970012695786,1,0.000146969,0.297924,163840.0,33792.0,2.2914104344376116,0.0016876468789664514,True,vec,16,"{""1"": 7, ""2"": 0, ""3"": 5, ""4"": 13, ""5"": 12, ""6"": 7, ""7"": 13, ""8"": 0, ""9"": 0, ""10"": 14}"
1273,1273,True,,gemm\random\mappings\sample_1273_seed_1273.csv,5.304981874448556,327.55788716432,1.6215682823300068,2,0.0001176168,0.28778048076923124,122880.0,26624.0,1.7581829002182108,0.001528583963990895,True,vec,16,"{""1"": 0, ""2"": 14, ""3"": 7, ""4"": 1, ""5"": 0, ""6"": 3, ""7"": 8, ""8"": 14, ""9"": 7, ""10"": 10}"
1274,1274,True,,gemm\random\mappings\sample_1274_seed_1274.csv,5.4259585922050135,327.56460415341,1.595886496373561,1,0.0001179426,0.10500976562499999,145408.0,32768.0,1.7200952192025392,0.0015284860407165043,True,vec,16,"{""1"": 3, ""2"": 10, ""3"": 14, ""4"": 4, ""5"": 0, ""6"": 9, ""7"": 0, ""8"": 6, ""9"": 10, ""10"": 9}"
1275,1275,True,,gemm\random\mappings\sample_1275_seed_1275.csv,5.927284816749332,326.87181044005,1.3037416563564033,0,0.0001665048,0.0,133120.0,38912.0,2.278714540765721,0.0017829823542229808,True,vec,16,"{""1"": 8, ""2"": 10, ""3"": 2, ""4"": 10, ""5"": 15, ""6"": 8, ""7"": 0, ""8"": 8, ""9"": 2, ""10"": 14}"
1276,1276,True,,gemm\random\mappings\sample_1276_seed_1276.csv,4.3856715467824925,326.66511258468,1.5753611221286508,0,0.0001166288,0.0,82944.0,18432.0,1.1868676849831383,0.0015170950733878392,True,vec,16,"{""1"": 7, ""2"": 5, ""3"": 11, ""4"": 4, ""5"": 3, ""6"": 10, ""7"": 14, ""8"": 4, ""9"": 9, ""10"": 12}"
1277,1277,True,,gemm\random\mappings\sample_1277_seed_1277.csv,5.2896502583287175,327.62051531781,1.3979474672124952,1,0.0001466808,0.189062875,137216.0,25600.0,1.0345169609204523,0.001681705342418252,True,vec,16,"{""1"": 7, ""2"": 12, ""3"": 13, ""4"": 1, ""5"": 11, ""6"": 8, ""7"": 2, ""8"": 8, ""9"": 5, ""10"": 6}"
1278,1278,True,,gemm\random\mappings\sample_1278_seed_1278.csv,5.288138829069245,327.69353788593,1.4445852218708848,1,0.0001464728,0.22131675,121856.0,24576.0,1.2884348343582623,0.0016813275522810916,True,vec,16,"{""1"": 1, ""2"": 3, ""3"": 5, ""4"": 14, ""5"": 15, ""6"": 2, ""7"": 2, ""8"": 12, ""9"": 10, ""10"": 14}"
1279,1279,True,,gemm\random\mappings\sample_1279_seed_1279.csv,5.446752033804243,327.02922372648,1.5507649768991125,0,0.000166699,0.0,84992.0,25600.0,2.202539178734378,0.0017859585499985788,True,vec,16,"{""1"": 15, ""2"": 11, ""3"": 11, ""4"": 10, ""5"": 3, ""6"": 1, ""7"": 12, ""8"": 10, ""9"": 3, ""10"": 7}"
1280,1280,True,,gemm\random\mappings\sample_1280_seed_1280.csv,5.545245342024426,327.78421285895,1.7434470420438197,2,0.0001178947,0.2810769166666688,110592.0,33792.0,1.6820075381868678,0.0015292095346764972,True,vec,16,"{""1"": 11, ""2"": 10, ""3"": 14, ""4"": 0, ""5"": 13, ""6"": 10, ""7"": 13, ""8"": 11, ""9"": 12, ""10"": 9}"
1281,1281,True,,gemm\random\mappings\sample_1281_seed_1281.csv,4.949159510382054,326.89035748317,1.3228348794536715,0,0.0001665047,0.0,77824.0,18432.0,1.6312239634993058,0.0017828234815727186,True,vec,16,"{""1"": 7, ""2"": 5, ""3"": 15, ""4"": 5, ""5"": 7, ""6"": 9, ""7"": 8, ""8"": 14, ""9"": 10, ""10"": 6}"
1282,1282,True,,gemm\random\mappings\sample_1282_seed_1282.csv,5.603340401170788,327.7737441223,1.2664934783224633,1,0.0001664886,0.22938791666666875,109568.0,25600.0,2.075580242015473,0.0017854404490717426,True,vec,16,"{""1"": 1, ""2"": 4, ""3"": 6, ""4"": 6, ""5"": 14, ""6"": 4, ""7"": 0, ""8"": 10, ""9"": 7, ""10"": 14}"
1283,1283,True,,gemm\random\mappings\sample_1283_seed_1283.csv,4.8292367192657535,326.5112287663,1.394103340060026,0,0.0001463109,0.0,120832.0,16384.0,1.7200952192025392,0.0016755857542474037,True,vec,16,"{""1"": 10, ""2"": 0, ""3"": 12, ""4"": 7, ""5"": 14, ""6"": 3, ""7"": 1, ""8"": 12, ""9"": 1, ""10"": 1}"
1284,1284,True,,gemm\random\mappings\sample_1284_seed_1284.csv,5.760777958920392,328.32516722862,1.9071693911975007,3,0.0001212991,0.7071052916666687,159744.0,27648.0,0.9964292799047808,0.0015592906733271263,True,vec,16,"{""1"": 15, ""2"": 15, ""3"": 4, ""4"": 5, ""5"": 0, ""6"": 8, ""7"": 2, ""8"": 1, ""9"": 12, ""10"": 3}"
1285,1285,True,,gemm\random\mappings\sample_1285_seed_1285.csv,4.767288500811489,326.24258839837,1.5130130333088962,0,0.0001167888,0.0,103424.0,24576.0,2.024796667327911,0.0015177021802158942,True,vec,16,"{""1"": 8, ""2"": 12, ""3"": 7, ""4"": 5, ""5"": 6, ""6"": 12, ""7"": 1, ""8"": 7, ""9"": 6, ""10"": 8}"
1286,1286,True,,gemm\random\mappings\sample_1286_seed_1286.csv,5.226227593782483,326.86874504524,1.3897537466158292,0,0.0001668427,0.0,118784.0,19456.0,1.8851418369371156,0.0017853054222943202,True,vec,16,"{""1"": 10, ""2"": 0, ""3"": 0, ""4"": 7, ""5"": 10, ""6"": 8, ""7"": 15, ""8"": 2, ""9"": 13, ""10"": 7}"
1287,1287,True,,gemm\random\mappings\sample_1287_seed_1287.csv,5.339159490933164,326.22757306181,1.3142317336328075,0,0.0001665527,0.0,128000.0,22528.0,2.278714540765721,0.001783147052170221,True,vec,16,"{""1"": 14, ""2"": 2, ""3"": 2, ""4"": 7, ""5"": 5, ""6"": 5, ""7"": 14, ""8"": 4, ""9"": 14, ""10"": 6}"
1288,1288,True,,gemm\random\mappings\sample_1288_seed_1288.csv,6.734973751139353,328.95821785764,1.809772913580227,2,0.000166525,0.856094375,165888.0,32768.0,2.431065264828407,0.0018052405484598843,True,vec,16,"{""1"": 1, ""2"": 15, ""3"": 11, ""4"": 11, ""5"": 14, ""6"": 12, ""7"": 10, ""8"": 11, ""9"": 10, ""10"": 0}"
1289,1289,True,,gemm\random\mappings\sample_1289_seed_1289.csv,5.164546133748047,326.52686651499,1.4649957300509502,0,0.000146731,0.0,136192.0,25600.0,1.4915691331085101,0.0016785816117701798,True,vec,16,"{""1"": 15, ""2"": 6, ""3"": 12, ""4"": 11, ""5"": 0, ""6"": 5, ""7"": 12, ""8"": 4, ""9"": 4, ""10"": 15}"
1290,1290,True,,gemm\random\mappings\sample_1290_seed_1290.csv,4.757887816496056,327.11452449427,1.683774810634455,0,0.0001167249,0.0,96256.0,24576.0,1.3392184090458243,0.0015184812342115659,True,vec,16,"{""1"": 11, ""2"": 9, ""3"": 7, ""4"": 13, ""5"": 8, ""6"": 9, ""7"": 14, ""8"": 6, ""9"": 12, ""10"": 12}"
1291,1291,True,,gemm\random\mappings\sample_1291_seed_1291.csv,5.059205573981899,328.15562964204,1.862360352012086,2,0.0001206568,0.40370172149122496,87040.0,17408.0,1.4915691331085101,0.0015528148780820923,True,vec,16,"{""1"": 12, ""2"": 4, ""3"": 13, ""4"": 5, ""5"": 12, ""6"": 14, ""7"": 1, ""8"": 12, ""9"": 0, ""10"": 6}"
1292,1292,True,,gemm\random\mappings\sample_1292_seed_1292.csv,5.628419593541877,327.36307116436,1.4741854707245428,1,0.0001672706,0.040066375,129024.0,26624.0,1.5931362824836341,0.0017902152942714739,True,vec,16,"{""1"": 13, ""2"": 4, ""3"": 15, ""4"": 0, ""5"": 0, ""6"": 6, ""7"": 9, ""8"": 8, ""9"": 5, ""10"": 9}"
1293,1293,True,,gemm\random\mappings\sample_1293_seed_1293.csv,4.629143263620813,327.55788210582,1.5591306119337363,1,0.0001181347,0.161795625,87040.0,16384.0,1.4407855584209481,0.0015286104744465497,True,vec,16,"{""1"": 9, ""2"": 1, ""3"": 14, ""4"": 15, ""5"": 8, ""6"": 2, ""7"": 5, ""8"": 6, ""9"": 8, ""10"": 1}"
1294,1294,True,,gemm\random\mappings\sample_1294_seed_1294.csv,4.826337335491674,326.80437314184,1.6274806991598785,0,0.0001168051,0.0,99328.0,26624.0,1.5677444951398531,0.0015186910456268076,True,vec,16,"{""1"": 11, ""2"": 7, ""3"": 1, ""4"": 6, ""5"": 9, ""6"": 7, ""7"": 2, ""8"": 1, ""9"": 15, ""10"": 0}"
1295,1295,True,,gemm\random\mappings\sample_1295_seed_1295.csv,5.100007976907894,327.71827291285,1.5469534647186052,1,0.0001180989,0.09920593750000001,150528.0,25600.0,1.1868676849831383,0.0015288737550387696,True,vec,16,"{""1"": 3, ""2"": 15, ""3"": 4, ""4"": 12, ""5"": 6, ""6"": 2, ""7"": 13, ""8"": 12, ""9"": 10, ""10"": 11}"
1296,1296,True,,gemm\random\mappings\sample_1296_seed_1296.csv,5.434413204792312,326.79607893463,1.4724488414699937,0,0.0001667628,0.0,136192.0,25600.0,1.5169609204522911,0.001785802573565238,True,vec,16,"{""1"": 15, ""2"": 11, ""3"": 1, ""4"": 1, ""5"": 14, ""6"": 12, ""7"": 2, ""8"": 3, ""9"": 4, ""10"": 15}"
1297,1297,True,,gemm\random\mappings\sample_1297_seed_1297.csv,6.095809817795575,328.60623308859,1.8970723043271773,3,0.0001227286,1.0497308333333313,111616.0,36864.0,1.5296568141241818,0.0015736838787271156,True,vec,16,"{""1"": 14, ""2"": 9, ""3"": 13, ""4"": 4, ""5"": 12, ""6"": 4, ""7"": 3, ""8"": 14, ""9"": 15, ""10"": 14}"
1298,1298,True,,gemm\random\mappings\sample_1298_seed_1298.csv,4.860458159194821,327.7170753019,1.616447457682766,1,0.0001187889,0.1668942857142875,102400.0,19456.0,1.5550486014679628,0.0015342895691456563,True,vec,16,"{""1"": 6, ""2"": 8, ""3"": 12, ""4"": 7, ""5"": 10, ""6"": 5, ""7"": 1, ""8"": 6, ""9"": 10, ""10"": 12}"
1299,1299,True,,gemm\random\mappings\sample_1299_seed_1299.csv,4.731597471401013,326.16574065415,1.35320574148338,0,0.0001464428,0.0,73728.0,20480.0,1.7581829002182108,0.00167478647544897,True,vec,16,"{""1"": 10, ""2"": 14, ""3"": 4, ""4"": 5, ""5"": 10, ""6"": 9, ""7"": 11, ""8"": 11, ""9"": 9, ""10"": 11}"
1300,1300,True,,gemm\random\mappings\sample_1300_seed_1300.csv,6.036211756758981,326.64095891302,1.4447224673675494,0,0.0001668529,0.0,165888.0,36864.0,2.278714540765721,0.0017863433608583809,True,vec,16,"{""1"": 11, ""2"": 9, ""3"": 12, ""4"": 0, ""5"": 0, ""6"": 11, ""7"": 12, ""8"": 3, ""9"": 11, ""10"": 4}"
1301,1301,True,,gemm\random\mappings\sample_1301_seed_1301.csv,5.440243506691774,326.70640043509,1.4813301357055049,0,0.0001465847,0.0,140288.0,26624.0,2.431065264828407,0.0016778786844660123,True,vec,16,"{""1"": 13, ""2"": 15, ""3"": 10, ""4"": 3, ""5"": 0, ""6"": 8, ""7"": 15, ""8"": 3, ""9"": 15, ""10"": 10}"
1302,1302,True,,gemm\random\mappings\sample_1302_seed_1302.csv,5.748083107127924,327.8443872057,1.6592132403940199,2,0.0001665707,0.239161571969695,76800.0,21504.0,2.5453283078754216,0.0017921593975500662,True,vec,16,"{""1"": 15, ""2"": 3, ""3"": 14, ""4"": 14, ""5"": 7, ""6"": 3, ""7"": 15, ""8"": 3, ""9"": 6, ""10"": 11}"
1303,1303,True,,gemm\random\mappings\sample_1303_seed_1303.csv,5.479381483689433,327.51932327477,1.5913597136485014,1,0.0001475589,0.04976846590909063,136192.0,24576.0,1.7962705812338822,0.0016863640884028164,True,vec,16,"{""1"": 11, ""2"": 9, ""3"": 8, ""4"": 0, ""5"": 3, ""6"": 4, ""7"": 0, ""8"": 7, ""9"": 0, ""10"": 13}"
1304,1304,True,,gemm\random\mappings\sample_1304_seed_1304.csv,4.529527177239273,326.60591807369,1.637453821442453,0,0.0001168909,0.0,87040.0,16384.0,1.9486213052965682,0.0015190776363318388,True,vec,16,"{""1"": 12, ""2"": 8, ""3"": 0, ""4"": 14, ""5"": 9, ""6"": 8, ""7"": 1, ""8"": 9, ""9"": 14, ""10"": 11}"
1305,1305,True,,gemm\random\mappings\sample_1305_seed_1305.csv,5.567739158244347,329.19490486257,1.9957504856660986,3,0.000123961,0.80682584375,119808.0,16384.0,1.5677444951398531,0.0015862965058550857,True,vec,16,"{""1"": 5, ""2"": 15, ""3"": 12, ""4"": 8, ""5"": 13, ""6"": 15, ""7"": 12, ""8"": 11, ""9"": 3, ""10"": 2}"
1306,1306,True,,gemm\random\mappings\sample_1306_seed_1306.csv,5.145987382170057,328.23400272339,1.6517368103015693,2,0.0001182067,0.35924684210526253,105472.0,19456.0,1.8724459432652252,0.0015347903327519311,True,vec,16,"{""1"": 15, ""2"": 3, ""3"": 5, ""4"": 9, ""5"": 15, ""6"": 5, ""7"": 10, ""8"": 11, ""9"": 15, ""10"": 13}"
1307,1307,True,,gemm\random\mappings\sample_1307_seed_1307.csv,5.195118591787874,327.78544510929,1.75259500309612,1,0.0001185568,0.26862875,123904.0,24576.0,1.5677444951398531,0.001534903212974645,True,vec,16,"{""1"": 4, ""2"": 12, ""3"": 11, ""4"": 10, ""5"": 13, ""6"": 14, ""7"": 1, ""8"": 11, ""9"": 13, ""10"": 8}"
1308,1308,True,,gemm\random\mappings\sample_1308_seed_1308.csv,5.569355009884307,327.78139005002,1.6046832920698142,1,0.0001468907,0.26286675,143360.0,23552.0,1.8978377306090062,0.0016859865525851799,True,vec,16,"{""1"": 15, ""2"": 5, ""3"": 4, ""4"": 7, ""5"": 3, ""6"": 15, ""7"": 5, ""8"": 10, ""9"": 15, ""10"": 7}"
1309,1309,True,,gemm\random\mappings\sample_1309_seed_1309.csv,4.840983960912224,327.99667431814,1.7117729752073723,1,0.0001178726,0.12991914473684377,103424.0,17408.0,1.4915691331085101,0.001529926169702715,True,vec,16,"{""1"": 15, ""2"": 15, ""3"": 10, ""4"": 7, ""5"": 0, ""6"": 15, ""7"": 5, ""8"": 11, ""9"": 13, ""10"": 14}"
1310,1310,True,,gemm\random\mappings\sample_1310_seed_1310.csv,5.32810872898268,327.03772434869,1.636448892266914,0,0.0001169008,0.0,156672.0,33792.0,1.7073993255306488,0.0015201285138282334,True,vec,16,"{""1"": 7, ""2"": 8, ""3"": 0, ""4"": 13, ""5"": 9, ""6"": 7, ""7"": 14, ""8"": 5, ""9"": 8, ""10"": 8}"
1311,1311,True,,gemm\random\mappings\sample_1311_seed_1311.csv,5.61884121749336,326.66351728044,1.2438134493280542,0,0.0001663567,0.0,129024.0,33792.0,1.8978377306090062,0.0017814483260616882,True,vec,16,"{""1"": 4, ""2"": 10, ""3"": 10, ""4"": 2, ""5"": 14, ""6"": 2, ""7"": 6, ""8"": 0, ""9"": 9, ""10"": 4}"
1312,1312,True,,gemm\random\mappings\sample_1312_seed_1312.csv,5.054128769330614,326.63919933286,1.384012771408406,0,0.0001463727,0.0,126976.0,25600.0,1.2884348343582623,0.00167565543244813,True,vec,16,"{""1"": 8, ""2"": 7, ""3"": 5, ""4"": 0, ""5"": 15, ""6"": 10, ""7"": 2, ""8"": 2, ""9"": 13, ""10"": 0}"
1313,1313,True,,gemm\random\mappings\sample_1313_seed_1313.csv,4.607138729013855,326.16398574044,1.3226556119728266,0,0.0001465549,0.0,97280.0,16384.0,1.4153937710771671,0.0016761335150744599,True,vec,16,"{""1"": 13, ""2"": 6, ""3"": 11, ""4"": 8, ""5"": 9, ""6"": 11, ""7"": 10, ""8"": 5, ""9"": 5, ""10"": 15}"
1314,1314,True,,gemm\random\mappings\sample_1314_seed_1314.csv,5.530834873073887,326.36322285985,1.3169567830186861,0,0.0001664207,0.0,117760.0,33792.0,1.6693116445149772,0.0017822762790348531,True,vec,16,"{""1"": 12, ""2"": 1, ""3"": 13, ""4"": 13, ""5"": 6, ""6"": 2, ""7"": 7, ""8"": 2, ""9"": 14, ""10"": 0}"
1315,1315,True,,gemm\random\mappings\sample_1315_seed_1315.csv,5.530031134056103,327.9856423826,1.6403206145392961,2,0.0001666028,0.417089070512825,84992.0,18432.0,1.6312239634993058,0.0017927387171542061,True,vec,16,"{""1"": 12, ""2"": 8, ""3"": 12, ""4"": 6, ""5"": 8, ""6"": 13, ""7"": 0, ""8"": 1, ""9"": 15, ""10"": 3}"
1316,1316,True,,gemm\random\mappings\sample_1316_seed_1316.csv,5.663909666677606,329.19490918846,1.767794758456604,2,0.0001464847,1.052053125,87040.0,18432.0,1.7962705812338822,0.0017018287924093303,True,vec,16,"{""1"": 6, ""2"": 7, ""3"": 3, ""4"": 2, ""5"": 0, ""6"": 13, ""7"": 0, ""8"": 11, ""9"": 0, ""10"": 8}"
1317,1317,True,,gemm\random\mappings\sample_1317_seed_1317.csv,4.665593837568789,326.80765845965,1.405627891035508,0,0.0001468909,0.0,95232.0,16384.0,1.2249553659988097,0.0016787570687282493,True,vec,16,"{""1"": 10, ""2"": 10, ""3"": 3, ""4"": 5, ""5"": 15, ""6"": 2, ""7"": 4, ""8"": 6, ""9"": 4, ""10"": 11}"
1318,1318,True,,gemm\random\mappings\sample_1318_seed_1318.csv,5.42439059570632,327.84779633405,1.7005713578921064,1,0.0001187987,0.18171007812499998,109568.0,34816.0,1.5677444951398531,0.001536542791718457,True,vec,16,"{""1"": 8, ""2"": 14, ""3"": 10, ""4"": 11, ""5"": 13, ""6"": 14, ""7"": 2, ""8"": 4, ""9"": 11, ""10"": 9}"
1319,1319,True,,gemm\random\mappings\sample_1319_seed_1319.csv,5.449307155094485,327.78149645562,1.705204458757028,1,0.0001187726,0.263751125,130048.0,34816.0,1.2630430470144813,0.00153527284994742,True,vec,16,"{""1"": 12, ""2"": 9, ""3"": 15, ""4"": 2, ""5"": 14, ""6"": 0, ""7"": 8, ""8"": 10, ""9"": 9, ""10"": 12}"
1320,1320,True,,gemm\random\mappings\sample_1320_seed_1320.csv,5.138076850299413,327.48818233066,1.589232564631859,1,0.0001660066,0.07790445312500001,58368.0,12288.0,2.3548899027970642,0.0017846533084890604,True,vec,16,"{""1"": 4, ""2"": 4, ""3"": 4, ""4"": 13, ""5"": 0, ""6"": 6, ""7"": 0, ""8"": 1, ""9"": 12, ""10"": 1}"
1321,1321,True,,gemm\random\mappings\sample_1321_seed_1321.csv,4.969312093316082,326.296367369,1.2118125912649425,0,0.0001665027,0.0,124928.0,17408.0,1.5550486014679628,0.0017820116956245118,True,vec,16,"{""1"": 14, ""2"": 7, ""3"": 7, ""4"": 9, ""5"": 4, ""6"": 13, ""7"": 6, ""8"": 14, ""9"": 0, ""10"": 1}"
1322,1322,True,,gemm\random\mappings\sample_1322_seed_1322.csv,4.961165883017433,325.91430792355,1.3484453116366857,0,0.0001666329,0.0,94208.0,17408.0,1.9359254116246776,0.0017824583963660528,True,vec,16,"{""1"": 13, ""2"": 9, ""3"": 10, ""4"": 4, ""5"": 10, ""6"": 2, ""7"": 7, ""8"": 7, ""9"": 13, ""10"": 2}"
1323,1323,True,,gemm\random\mappings\sample_1323_seed_1323.csv,4.639611322160284,326.76887159052,1.5569126166522596,0,0.0001167888,0.0,103424.0,26624.0,0.8059908748264233,0.0015180595863555626,True,vec,16,"{""1"": 15, ""2"": 14, ""3"": 11, ""4"": 1, ""5"": 13, ""6"": 7, ""7"": 6, ""8"": 10, ""9"": 8, ""10"": 4}"
1324,1324,True,,gemm\random\mappings\sample_1324_seed_1324.csv,5.014673785211384,326.83186543709,1.566915876210482,0,0.0001167626,0.0,105472.0,32768.0,1.5677444951398531,0.0015180925588043326,True,vec,16,"{""1"": 15, ""2"": 14, ""3"": 12, ""4"": 10, ""5"": 5, ""6"": 8, ""7"": 6, ""8"": 10, ""9"": 5, ""10"": 7}"
1325,1325,True,,gemm\random\mappings\sample_1325_seed_1325.csv,5.476938250967511,325.87724034254,1.2052254737670123,0,0.0001963909,0.0,84992.0,16384.0,3.345169609204523,0.0019413699854030535,True,vec,16,"{""1"": 6, ""2"": 8, ""3"": 7, ""4"": 14, ""5"": 14, ""6"": 5, ""7"": 1, ""8"": 14, ""9"": 14, ""10"": 1}"
1326,1326,True,,gemm\random\mappings\sample_1326_seed_1326.csv,5.689348199191084,327.69119937141,1.7395399206566204,2,0.0001469028,0.35830685937499995,167936.0,20480.0,1.6439198571711962,0.0016914968203631164,True,vec,16,"{""1"": 15, ""2"": 3, ""3"": 0, ""4"": 4, ""5"": 7, ""6"": 15, ""7"": 6, ""8"": 15, ""9"": 3, ""10"": 9}"
1327,1327,True,,gemm\random\mappings\sample_1327_seed_1327.csv,5.143146098950631,327.18189121329,1.4411047266793107,1,0.0001666748,0.00063125,90112.0,17408.0,1.5931362824836341,0.0017849210311108657,True,vec,16,"{""1"": 7, ""2"": 10, ""3"": 3, ""4"": 1, ""5"": 3, ""6"": 11, ""7"": 0, ""8"": 6, ""9"": 13, ""10"": 11}"
1328,1328,True,,gemm\random\mappings\sample_1328_seed_1328.csv,5.926417302451444,327.24313981206,1.4151344423207572,1,0.0001668408,0.022676458333333125,128000.0,32768.0,2.329498115453283,0.001786041761234781,True,vec,16,"{""1"": 4, ""2"": 14, ""3"": 10, ""4"": 14, ""5"": 9, ""6"": 13, ""7"": 7, ""8"": 5, ""9"": 9, ""10"": 14}"
1329,1329,True,,gemm\random\mappings\sample_1329_seed_1329.csv,5.272800375779651,326.4443499932,1.3579171245808428,0,0.0001466929,0.0,129024.0,28672.0,1.9486213052965682,0.0016772008815386457,True,vec,16,"{""1"": 12, ""2"": 15, ""3"": 4, ""4"": 13, ""5"": 2, ""6"": 13, ""7"": 10, ""8"": 0, ""9"": 13, ""10"": 0}"
1330,1330,True,,gemm\random\mappings\sample_1330_seed_1330.csv,5.073836740177705,327.85073403257,1.5167438025640185,1,0.0001464047,0.30047275,91136.0,18432.0,1.4153937710771671,0.0016832076085286501,True,vec,16,"{""1"": 11, ""2"": 7, ""3"": 5, ""4"": 3, ""5"": 15, ""6"": 13, ""7"": 13, ""8"": 4, ""9"": 7, ""10"": 8}"
1331,1331,True,,gemm\random\mappings\sample_1331_seed_1331.csv,5.0994188975041395,328.08234411331,1.827527548533957,2,0.0001195786,0.46570754206730625,93184.0,19456.0,1.3773060900614957,0.0015488501428580906,True,vec,16,"{""1"": 15, ""2"": 12, ""3"": 7, ""4"": 11, ""5"": 15, ""6"": 11, ""7"": 13, ""8"": 8, ""9"": 2, ""10"": 3}"
1332,1332,True,,gemm\random\mappings\sample_1332_seed_1332.csv,5.268272044778357,326.15727816735,1.3929568890994544,0,0.0001667747,0.0,124928.0,20480.0,2.151755604046816,0.0017839057373751426,True,vec,16,"{""1"": 1, ""2"": 12, ""3"": 5, ""4"": 12, ""5"": 6, ""6"": 0, ""7"": 7, ""8"": 7, ""9"": 0, ""10"": 5}"
1333,1333,True,,gemm\random\mappings\sample_1333_seed_1333.csv,5.530577461264256,328.0039274343,2.067667252176163,5,0.000120477104,0.9769730192307688,83968.0,16384.0,1.5296568141241818,0.0015622285516326613,True,vec,16,"{""1"": 15, ""2"": 11, ""3"": 2, ""4"": 7, ""5"": 15, ""6"": 8, ""7"": 2, ""8"": 4, ""9"": 12, ""10"": 12}"
1334,1334,True,,gemm\random\mappings\sample_1334_seed_1334.csv,4.553237141809693,327.04119402075,1.5325689589403324,0,0.0001168086,0.0,121856.0,17408.0,1.3265225153739337,0.0015181242441933615,True,vec,16,"{""1"": 14, ""2"": 2, ""3"": 0, ""4"": 14, ""5"": 5, ""6"": 13, ""7"": 10, ""8"": 7, ""9"": 9, ""10"": 14}"
1335,1335,True,,gemm\random\mappings\sample_1335_seed_1335.csv,5.1217702629821895,327.55652033916,1.579982219968284,1,0.000117214291,0.096411375,120832.0,26624.0,1.7200952192025392,0.0015228461099674518,True,vec,16,"{""1"": 2, ""2"": 4, ""3"": 9, ""4"": 1, ""5"": 11, ""6"": 11, ""7"": 8, ""8"": 15, ""9"": 4, ""10"": 15}"
1336,1336,True,,gemm\random\mappings\sample_1336_seed_1336.csv,5.753487184180304,327.24279891998,1.6438260793940427,1,0.0001466649,0.027137124999999998,134144.0,28672.0,2.5961118825629836,0.0016802279577379944,True,vec,16,"{""1"": 3, ""2"": 8, ""3"": 5, ""4"": 3, ""5"": 4, ""6"": 3, ""7"": 3, ""8"": 6, ""9"": 5, ""10"": 14}"
1337,1337,True,,gemm\random\mappings\sample_1337_seed_1337.csv,4.792683803281699,326.74034859186,1.5205640946417973,0,0.0001168267,0.0,96256.0,25600.0,1.8724459432652252,0.0015181185296324255,True,vec,16,"{""1"": 11, ""2"": 5, ""3"": 10, ""4"": 12, ""5"": 11, ""6"": 9, ""7"": 12, ""8"": 6, ""9"": 11, ""10"": 3}"
1338,1338,True,,gemm\random\mappings\sample_1338_seed_1338.csv,5.835420960183358,327.45952244114,1.5310703896778748,1,0.0001667787,0.12354499999999999,118784.0,27648.0,2.3548899027970642,0.0017880296622788106,True,vec,16,"{""1"": 11, ""2"": 8, ""3"": 15, ""4"": 14, ""5"": 8, ""6"": 3, ""7"": 8, ""8"": 0, ""9"": 6, ""10"": 3}"
1339,1339,True,,gemm\random\mappings\sample_1339_seed_1339.csv,5.442084426217266,325.2287759209,1.2049721824856294,0,0.0001764708,0.0,103424.0,27648.0,2.6215036699067644,0.0018337908669075222,True,vec,16,"{""1"": 6, ""2"": 8, ""3"": 1, ""4"": 1, ""5"": 11, ""6"": 6, ""7"": 6, ""8"": 13, ""9"": 6, ""10"": 13}"
1340,1340,True,,gemm\random\mappings\sample_1340_seed_1340.csv,5.262741151537322,327.17239963337,1.5960593807104706,1,0.0001167568,0.0040745,143360.0,27648.0,2.0882761356873636,0.0015188050221017538,True,vec,16,"{""1"": 11, ""2"": 5, ""3"": 8, ""4"": 0, ""5"": 3, ""6"": 3, ""7"": 11, ""8"": 8, ""9"": 13, ""10"": 8}"
1341,1341,True,,gemm\random\mappings\sample_1341_seed_1341.csv,5.036522090699566,328.16266839839,1.5805878858238418,2,0.0001188789,0.564408125,104448.0,20480.0,1.1868676849831383,0.0015366430988539887,True,vec,16,"{""1"": 14, ""2"": 11, ""3"": 9, ""4"": 10, ""5"": 1, ""6"": 4, ""7"": 11, ""8"": 5, ""9"": 0, ""10"": 13}"
1342,1342,True,,gemm\random\mappings\sample_1342_seed_1342.csv,4.796772287434572,327.24962861536,1.6611866641526236,1,0.0001168087,0.018799375,108544.0,16384.0,1.9740130926403492,0.0015197867236252818,True,vec,16,"{""1"": 2, ""2"": 11, ""3"": 13, ""4"": 7, ""5"": 6, ""6"": 1, ""7"": 6, ""8"": 7, ""9"": 15, ""10"": 6}"
1343,1343,True,,gemm\random\mappings\sample_1343_seed_1343.csv,4.916579688901794,327.45977623008,1.5257900800859372,1,0.0001465387,0.11641875,69632.0,18432.0,1.4153937710771671,0.0016801107788994409,True,vec,16,"{""1"": 10, ""2"": 11, ""3"": 6, ""4"": 7, ""5"": 5, ""6"": 15, ""7"": 10, ""8"": 2, ""9"": 10, ""10"": 15}"
1344,1344,True,,gemm\random\mappings\sample_1344_seed_1344.csv,4.8019115408135224,326.51146002634,1.3288406386188756,0,0.0001464088,0.0,98304.0,18432.0,1.8343582622495536,0.001675360100377175,True,vec,16,"{""1"": 13, ""2"": 15, ""3"": 12, ""4"": 7, ""5"": 4, ""6"": 6, ""7"": 13, ""8"": 7, ""9"": 6, ""10"": 6}"
1345,1345,True,,gemm\random\mappings\sample_1345_seed_1345.csv,5.232607255983957,327.69638909178,1.7608913358633813,1,0.0001176807,0.24158208333333125,104448.0,27648.0,1.7454870065463202,0.001527476342862293,True,vec,16,"{""1"": 3, ""2"": 14, ""3"": 6, ""4"": 10, ""5"": 3, ""6"": 11, ""7"": 15, ""8"": 3, ""9"": 5, ""10"": 10}"
1346,1346,True,,gemm\random\mappings\sample_1346_seed_1346.csv,4.973098652785042,327.62349253059,1.6625085873403393,2,0.0001182807,0.32813108333333124,115712.0,19456.0,1.1868676849831383,0.0015328052042681047,True,vec,16,"{""1"": 9, ""2"": 4, ""3"": 2, ""4"": 3, ""5"": 8, ""6"": 12, ""7"": 11, ""8"": 8, ""9"": 6, ""10"": 10}"
1347,1347,True,,gemm\random\mappings\sample_1347_seed_1347.csv,5.472507247795904,327.45695455305,1.5049755211746831,1,0.000166621,0.07375885416666875,117760.0,16384.0,2.431065264828407,0.0017858590035914872,True,vec,16,"{""1"": 15, ""2"": 7, ""3"": 1, ""4"": 13, ""5"": 7, ""6"": 7, ""7"": 3, ""8"": 4, ""9"": 3, ""10"": 8}"
1348,1348,True,,gemm\random\mappings\sample_1348_seed_1348.csv,5.184853136330643,326.95846090958,1.4935059133509072,0,0.0001466027,0.0,131072.0,24576.0,1.5677444951398531,0.0016776713727698874,True,vec,16,"{""1"": 12, ""2"": 4, ""3"": 6, ""4"": 14, ""5"": 7, ""6"": 3, ""7"": 3, ""8"": 6, ""9"": 11, ""10"": 11}"
1349,1349,True,,gemm\random\mappings\sample_1349_seed_1349.csv,5.860651822293083,326.73419600334,1.469025650386698,0,0.0001666187,0.0,165888.0,32768.0,1.9740130926403492,0.0017849120573034786,True,vec,16,"{""1"": 0, ""2"": 9, ""3"": 11, ""4"": 10, ""5"": 11, ""6"": 9, ""7"": 12, ""8"": 6, ""9"": 3, ""10"": 3}"
1350,1350,True,,gemm\random\mappings\sample_1350_seed_1350.csv,5.736984604677059,327.69271064977,1.4149540811519767,1,0.0001666188,0.20244625,150528.0,21504.0,2.2914104344376116,0.00178738197747414,True,vec,16,"{""1"": 15, ""2"": 0, ""3"": 7, ""4"": 5, ""5"": 7, ""6"": 3, ""7"": 9, ""8"": 15, ""9"": 9, ""10"": 7}"
1351,1351,True,,gemm\random\mappings\sample_1351_seed_1351.csv,4.931405656929327,327.5580040437,1.4677525101989495,1,0.0001181687,0.16183975,124928.0,24576.0,1.1868676849831383,0.001528840629238984,True,vec,16,"{""1"": 5, ""2"": 3, ""3"": 2, ""4"": 14, ""5"": 8, ""6"": 8, ""7"": 7, ""8"": 0, ""9"": 15, ""10"": 10}"
1352,1352,True,,gemm\random\mappings\sample_1352_seed_1352.csv,5.169707369679843,327.10004197584,1.4069013039535712,0,0.0001664366,0.0,112640.0,16384.0,2.050188454671692,0.0017832901092698589,True,vec,16,"{""1"": 9, ""2"": 14, ""3"": 1, ""4"": 3, ""5"": 1, ""6"": 4, ""7"": 3, ""8"": 6, ""9"": 4, ""10"": 8}"
1353,1353,True,,gemm\random\mappings\sample_1353_seed_1353.csv,4.847036357519499,327.6970590594,1.5808487048050337,1,0.0001184547,0.22434600000000002,111616.0,19456.0,1.3773060900614957,0.001532227049482814,True,vec,16,"{""1"": 6, ""2"": 15, ""3"": 6, ""4"": 13, ""5"": 12, ""6"": 2, ""7"": 9, ""8"": 7, ""9"": 13, ""10"": 5}"
1354,1354,True,,gemm\random\mappings\sample_1354_seed_1354.csv,6.293248718315889,326.0091147387,1.2397699964944457,0,0.0002164566,0.0,106496.0,32768.0,3.167427097798056,0.002048574828218652,True,vec,16,"{""1"": 3, ""2"": 6, ""3"": 6, ""4"": 6, ""5"": 10, ""6"": 4, ""7"": 15, ""8"": 15, ""9"": 4, ""10"": 14}"
1355,1355,True,,gemm\random\mappings\sample_1355_seed_1355.csv,4.805916870850753,327.99318199786,1.6717263762522827,1,0.0001194246,0.364678375,119808.0,17408.0,0.8059908748264233,0.0015411736238569913,True,vec,16,"{""1"": 11, ""2"": 4, ""3"": 7, ""4"": 3, ""5"": 1, ""6"": 0, ""7"": 9, ""8"": 6, ""9"": 12, ""10"": 10}"
1356,1356,True,,gemm\random\mappings\sample_1356_seed_1356.csv,5.189282379305263,326.82982421232,1.361997739280396,0,0.0001463126,0.0,101376.0,26624.0,2.177147391390597,0.0016753743916523406,True,vec,16,"{""1"": 7, ""2"": 0, ""3"": 10, ""4"": 3, ""5"": 5, ""6"": 10, ""7"": 10, ""8"": 0, ""9"": 11, ""10"": 6}"
1357,1357,True,,gemm\random\mappings\sample_1357_seed_1357.csv,4.535556110841946,326.73711137843,1.3916521774978012,0,0.0001168888,0.0,118784.0,18432.0,1.5931362824836341,0.0015177298446414278,True,vec,16,"{""1"": 13, ""2"": 12, ""3"": 4, ""4"": 6, ""5"": 11, ""6"": 6, ""7"": 3, ""8"": 15, ""9"": 8, ""10"": 6}"
1358,1358,True,,gemm\random\mappings\sample_1358_seed_1358.csv,5.0337460646971754,326.76685623709,1.5480479710724482,0,0.0001170669,0.0,142336.0,32768.0,1.0599087482642333,0.00151990882165413,True,vec,16,"{""1"": 0, ""2"": 2, ""3"": 14, ""4"": 1, ""5"": 11, ""6"": 7, ""7"": 8, ""8"": 13, ""9"": 4, ""10"": 11}"
1359,1359,True,,gemm\random\mappings\sample_1359_seed_1359.csv,6.952263837990871,327.29807821426,1.5147329297856043,1,0.0002173149,0.018432458333333124,136192.0,38912.0,3.0785558420948225,0.0020582960224945594,True,vec,16,"{""1"": 15, ""2"": 7, ""3"": 3, ""4"": 3, ""5"": 3, ""6"": 13, ""7"": 9, ""8"": 15, ""9"": 8, ""10"": 7}"
1360,1360,True,,gemm\random\mappings\sample_1360_seed_1360.csv,4.144554442262916,326.57830563422,1.3965653798793671,0,0.0001169229,0.0,88064.0,10240.0,1.5677444951398531,0.0015179277421455378,True,vec,16,"{""1"": 6, ""2"": 14, ""3"": 7, ""4"": 8, ""5"": 2, ""6"": 1, ""7"": 2, ""8"": 8, ""9"": 9, ""10"": 11}"
1361,1361,True,,gemm\random\mappings\sample_1361_seed_1361.csv,5.978527719828781,326.73953311828,1.4046313771471934,0,0.0001667728,0.0,168960.0,33792.0,2.4437611585002976,0.0017854491780807844,True,vec,16,"{""1"": 3, ""2"": 8, ""3"": 10, ""4"": 14, ""5"": 8, ""6"": 13, ""7"": 3, ""8"": 14, ""9"": 11, ""10"": 8}"
1362,1362,True,,gemm\random\mappings\sample_1362_seed_1362.csv,4.938968542162268,326.95820639621,1.5254792556054126,0,0.0001464046,0.0,92160.0,19456.0,1.7962705812338822,0.0016765510849109098,True,vec,16,"{""1"": 1, ""2"": 7, ""3"": 5, ""4"": 8, ""5"": 2, ""6"": 0, ""7"": 5, ""8"": 2, ""9"": 0, ""10"": 4}"
1363,1363,True,,gemm\random\mappings\sample_1363_seed_1363.csv,4.948339260362121,327.55944602739,1.6568807853484608,1,0.0001181348,0.16217700000000002,104448.0,25600.0,1.0726046419361237,0.0015296717847996864,True,vec,16,"{""1"": 6, ""2"": 2, ""3"": 12, ""4"": 8, ""5"": 1, ""6"": 6, ""7"": 15, ""8"": 13, ""9"": 9, ""10"": 9}"
1364,1364,True,,gemm\random\mappings\sample_1364_seed_1364.csv,5.089463861767566,326.81461880291,1.481294624466122,0,0.0001465669,0.0,97280.0,18432.0,2.6976790319381077,0.0016773403177615454,True,vec,16,"{""1"": 5, ""2"": 5, ""3"": 12, ""4"": 10, ""5"": 15, ""6"": 10, ""7"": 9, ""8"": 15, ""9"": 15, ""10"": 5}"
1365,1365,True,,gemm\random\mappings\sample_1365_seed_1365.csv,5.474031222156799,327.78499839425,1.7107517603128948,2,0.0001464207,0.31437336538461247,107520.0,24576.0,1.2249553659988097,0.001685863116321609,True,vec,16,"{""1"": 15, ""2"": 8, ""3"": 14, ""4"": 9, ""5"": 15, ""6"": 7, ""7"": 4, ""8"": 4, ""9"": 3, ""10"": 12}"
1366,1366,True,,gemm\random\mappings\sample_1366_seed_1366.csv,5.043709277468987,326.73933868201,1.3485516634354329,0,0.0001463906,0.0,126976.0,24576.0,1.4153937710771671,0.001675943314729287,True,vec,16,"{""1"": 7, ""2"": 13, ""3"": 8, ""4"": 3, ""5"": 4, ""6"": 14, ""7"": 3, ""8"": 5, ""9"": 5, ""10"": 9}"
1367,1367,True,,gemm\random\mappings\sample_1367_seed_1367.csv,5.545164825068169,327.99320836714,1.6454714980263974,1,0.0001199768,0.361680625,143360.0,35840.0,1.1868676849831383,0.0015441401942223355,True,vec,16,"{""1"": 13, ""2"": 3, ""3"": 2, ""4"": 11, ""5"": 14, ""6"": 12, ""7"": 4, ""8"": 11, ""9"": 1, ""10"": 10}"
1368,1368,True,,gemm\random\mappings\sample_1368_seed_1368.csv,4.944030745152128,327.78148352431,1.3966547022519835,1,0.000166149,0.130408375,58368.0,10240.0,1.9740130926403492,0.0017840947650682678,True,vec,16,"{""1"": 6, ""2"": 6, ""3"": 7, ""4"": 6, ""5"": 14, ""6"": 12, ""7"": 8, ""8"": 2, ""9"": 5, ""10"": 12}"
1369,1369,True,,gemm\random\mappings\sample_1369_seed_1369.csv,4.795461939189213,326.2311106137,1.4466167903869893,0,0.0001460526,0.0,92160.0,16384.0,2.100972029359254,0.0016740937306924076,True,vec,16,"{""1"": 9, ""2"": 9, ""3"": 3, ""4"": 8, ""5"": 14, ""6"": 0, ""7"": 9, ""8"": 0, ""9"": 3, ""10"": 4}"
1370,1370,True,,gemm\random\mappings\sample_1370_seed_1370.csv,5.615290593065419,326.5709540125,1.4262141950835272,0,0.0001665208,0.0,134144.0,26624.0,2.4564570521721882,0.001783803704318096,True,vec,16,"{""1"": 8, ""2"": 3, ""3"": 12, ""4"": 10, ""5"": 3, ""6"": 15, ""7"": 4, ""8"": 1, ""9"": 3, ""10"": 10}"
1371,1371,True,,gemm\random\mappings\sample_1371_seed_1371.csv,4.305596905848848,326.23822802177,1.3573249810443893,0,0.0001167146,0.0,105472.0,16384.0,1.3773060900614957,0.0015162650740980015,True,vec,16,"{""1"": 13, ""2"": 10, ""3"": 3, ""4"": 13, ""5"": 4, ""6"": 10, ""7"": 11, ""8"": 8, ""9"": 2, ""10"": 7}"
1372,1372,True,,gemm\random\mappings\sample_1372_seed_1372.csv,6.487867774905353,325.74725453248,1.2900207623249618,0,0.0002165046,0.0,163840.0,24576.0,4.2338821662368575,0.0020492660999368115,True,vec,16,"{""1"": 3, ""2"": 8, ""3"": 11, ""4"": 8, ""5"": 8, ""6"": 13, ""7"": 8, ""8"": 11, ""9"": 9, ""10"": 10}"
1373,1373,True,,gemm\random\mappings\sample_1373_seed_1373.csv,5.154920170513231,327.45978894254,1.7655324995236679,1,0.0001176027,0.07322828125,98304.0,25600.0,2.062884348343583,0.0015262964346655257,True,vec,16,"{""1"": 1, ""2"": 5, ""3"": 7, ""4"": 11, ""5"": 6, ""6"": 5, ""7"": 11, ""8"": 7, ""9"": 1, ""10"": 3}"
1374,1374,True,,gemm\random\mappings\sample_1374_seed_1374.csv,4.95211846711084,325.94847271202,1.3451913712389736,0,0.0001465026,0.0,109568.0,24576.0,1.6693116445149772,0.0016757965785172762,True,vec,16,"{""1"": 0, ""2"": 13, ""3"": 1, ""4"": 8, ""5"": 6, ""6"": 8, ""7"": 3, ""8"": 14, ""9"": 14, ""10"": 13}"
1375,1375,True,,gemm\random\mappings\sample_1375_seed_1375.csv,4.512557594383061,326.76889252285,1.4720802381400724,0,0.0001168149,0.0,122880.0,17408.0,1.3773060900614957,0.0015179031138320908,True,vec,16,"{""1"": 1, ""2"": 13, ""3"": 1, ""4"": 14, ""5"": 11, ""6"": 14, ""7"": 8, ""8"": 0, ""9"": 3, ""10"": 9}"
1376,1376,True,,gemm\random\mappings\sample_1376_seed_1376.csv,5.306771491906454,329.12407324164,1.93229624248379,2,0.0001236048,0.5942066586538463,87040.0,19456.0,1.3773060900614957,0.0015771411511328818,True,vec,16,"{""1"": 14, ""2"": 14, ""3"": 8, ""4"": 15, ""5"": 11, ""6"": 10, ""7"": 15, ""8"": 6, ""9"": 2, ""10"": 0}"
1377,1377,True,,gemm\random\mappings\sample_1377_seed_1377.csv,5.6949286330389315,326.60543111129,1.433061431154317,0,0.0001667627,0.0,161792.0,26624.0,2.2914104344376116,0.0017855305000352977,True,vec,16,"{""1"": 4, ""2"": 0, ""3"": 15, ""4"": 3, ""5"": 15, ""6"": 13, ""7"": 6, ""8"": 4, ""9"": 13, ""10"": 15}"
1378,1378,True,,gemm\random\mappings\sample_1378_seed_1378.csv,4.432874148427992,327.03467172078,1.62875495289372,0,0.0001167906,0.0,116736.0,16384.0,0.8059908748264233,0.001518604836154992,True,vec,16,"{""1"": 0, ""2"": 5, ""3"": 14, ""4"": 12, ""5"": 4, ""6"": 6, ""7"": 2, ""8"": 10, ""9"": 9, ""10"": 1}"
1379,1379,True,,gemm\random\mappings\sample_1379_seed_1379.csv,4.905006304300629,326.3182638058,1.4639197396041932,0,0.0001169708,0.0,123904.0,32768.0,1.1868676849831383,0.0015187114576908638,True,vec,16,"{""1"": 8, ""2"": 7, ""3"": 14, ""4"": 5, ""5"": 10, ""6"": 10, ""7"": 6, ""8"": 12, ""9"": 1, ""10"": 3}"
1380,1380,True,,gemm\random\mappings\sample_1380_seed_1380.csv,5.069314048955217,326.1742962982,1.3737950492501865,0,0.0001467149,0.0,130048.0,24576.0,1.6693116445149772,0.0016775934283995322,True,vec,16,"{""1"": 15, ""2"": 2, ""3"": 5, ""4"": 7, ""5"": 12, ""6"": 8, ""7"": 5, ""8"": 6, ""9"": 8, ""10"": 7}"
1381,1381,True,,gemm\random\mappings\sample_1381_seed_1381.csv,4.876814371466071,327.69569196096,1.6932476774741863,2,0.0001176847,0.222234125,122880.0,18432.0,0.8059908748264233,0.0015273824162037135,True,vec,16,"{""1"": 2, ""2"": 13, ""3"": 7, ""4"": 11, ""5"": 6, ""6"": 3, ""7"": 10, ""8"": 0, ""9"": 1, ""10"": 8}"
1382,1382,True,,gemm\random\mappings\sample_1382_seed_1382.csv,5.242926916666257,326.59459897268,1.2159054026645293,0,0.0001665346,0.0,121856.0,24576.0,1.6947034318587582,0.001782177861022067,True,vec,16,"{""1"": 13, ""2"": 5, ""3"": 10, ""4"": 3, ""5"": 10, ""6"": 7, ""7"": 12, ""8"": 4, ""9"": 1, ""10"": 5}"
1383,1383,True,,gemm\random\mappings\sample_1383_seed_1383.csv,5.9065914046898556,328.15755021176,1.3805810955674178,2,0.0001667466,0.5054354166666688,136192.0,25600.0,1.8216623685776632,0.0017913180866359771,True,vec,16,"{""1"": 3, ""2"": 9, ""3"": 9, ""4"": 0, ""5"": 7, ""6"": 2, ""7"": 7, ""8"": 12, ""9"": 13, ""10"": 11}"
1384,1384,True,,gemm\random\mappings\sample_1384_seed_1384.csv,4.755023492981186,327.68314974074,1.564558449625164,1,0.0001179107,0.19388249999999999,124928.0,16384.0,1.2630430470144813,0.001527063114137126,True,vec,16,"{""1"": 9, ""2"": 1, ""3"": 15, ""4"": 3, ""5"": 4, ""6"": 3, ""7"": 5, ""8"": 12, ""9"": 8, ""10"": 9}"
1385,1385,True,,gemm\random\mappings\sample_1385_seed_1385.csv,4.725387537015336,327.01675086516,1.6253290184692328,0,0.0001167927,0.0,97280.0,24576.0,1.3392184090458243,0.0015185169430148213,True,vec,16,"{""1"": 4, ""2"": 0, ""3"": 6, ""4"": 5, ""5"": 15, ""6"": 11, ""7"": 2, ""8"": 5, ""9"": 7, ""10"": 2}"
1386,1386,True,,gemm\random\mappings\sample_1386_seed_1386.csv,4.784839547503355,326.44363966989,1.3747128984616368,0,0.0001466027,0.0,82944.0,18432.0,1.9486213052965682,0.0016766551050904342,True,vec,16,"{""1"": 5, ""2"": 10, ""3"": 1, ""4"": 9, ""5"": 7, ""6"": 3, ""7"": 15, ""8"": 1, ""9"": 1, ""10"": 3}"
1387,1387,True,,gemm\random\mappings\sample_1387_seed_1387.csv,5.339930159298393,325.25861983359,1.2154030845136932,0,0.0001665826,0.0,123904.0,26624.0,2.431065264828407,0.0017813226441744112,True,vec,16,"{""1"": 2, ""2"": 8, ""3"": 1, ""4"": 14, ""5"": 8, ""6"": 6, ""7"": 14, ""8"": 14, ""9"": 5, ""10"": 9}"
1388,1388,True,,gemm\random\mappings\sample_1388_seed_1388.csv,5.110090020129072,326.57900960429,1.2374806622309777,0,0.0001664588,0.0,82944.0,26624.0,1.4407855584209481,0.0017821458716156435,True,vec,16,"{""1"": 6, ""2"": 5, ""3"": 10, ""4"": 0, ""5"": 5, ""6"": 3, ""7"": 13, ""8"": 14, ""9"": 9, ""10"": 7}"
1389,1389,True,,gemm\random\mappings\sample_1389_seed_1389.csv,4.961129091275585,327.46493538871,1.4641837050640347,1,0.000146501,0.11688729166666875,112640.0,16384.0,1.2884348343582623,0.0016787524278904188,True,vec,16,"{""1"": 1, ""2"": 5, ""3"": 13, ""4"": 7, ""5"": 0, ""6"": 11, ""7"": 2, ""8"": 11, ""9"": 15, ""10"": 0}"
1390,1390,True,,gemm\random\mappings\sample_1390_seed_1390.csv,5.6416533397519455,327.39541657989,1.497260301096302,1,0.0001671348,0.048528312500000004,101376.0,28672.0,1.7835746875619918,0.0017888936296914732,True,vec,16,"{""1"": 2, ""2"": 3, ""3"": 3, ""4"": 8, ""5"": 7, ""6"": 14, ""7"": 2, ""8"": 14, ""9"": 12, ""10"": 9}"
1391,1391,True,,gemm\random\mappings\sample_1391_seed_1391.csv,4.56865947808099,326.89389522428,1.4499678550970938,0,0.0001168749,0.0,102400.0,24576.0,0.9583415988891093,0.0015178880195345595,True,vec,16,"{""1"": 4, ""2"": 11, ""3"": 5, ""4"": 12, ""5"": 9, ""6"": 7, ""7"": 13, ""8"": 10, ""9"": 0, ""10"": 7}"
1392,1392,True,,gemm\random\mappings\sample_1392_seed_1392.csv,5.926231014136022,327.52988562135,1.3794282833757405,1,0.0001666186,0.0787555,142336.0,32768.0,1.9740130926403492,0.001785897072987027,True,vec,16,"{""1"": 8, ""2"": 14, ""3"": 3, ""4"": 14, ""5"": 5, ""6"": 5, ""7"": 0, ""8"": 11, ""9"": 15, ""10"": 15}"
1393,1393,True,,gemm\random\mappings\sample_1393_seed_1393.csv,4.703942792899308,326.45501305457,1.356768433109873,0,0.000117145,0.0,139264.0,25600.0,1.1741717913112477,0.0015189858318033272,True,vec,16,"{""1"": 12, ""2"": 11, ""3"": 9, ""4"": 4, ""5"": 2, ""6"": 5, ""7"": 10, ""8"": 1, ""9"": 12, ""10"": 2}"
1394,1394,True,,gemm\random\mappings\sample_1394_seed_1394.csv,5.250790079657971,326.15670702958,1.421929404890317,0,0.000146763,0.0,119808.0,32768.0,1.4153937710771671,0.0016781135414683256,True,vec,16,"{""1"": 12, ""2"": 5, ""3"": 14, ""4"": 9, ""5"": 11, ""6"": 1, ""7"": 1, ""8"": 11, ""9"": 10, ""10"": 15}"
1395,1395,True,,gemm\random\mappings\sample_1395_seed_1395.csv,5.22600951458728,327.00632087438,1.5176734116568762,0,0.0001169049,0.0,145408.0,33792.0,1.7073993255306488,0.0015187803007475622,True,vec,16,"{""1"": 3, ""2"": 8, ""3"": 6, ""4"": 13, ""5"": 10, ""6"": 11, ""7"": 3, ""8"": 12, ""9"": 6, ""10"": 6}"
1396,1396,True,,gemm\random\mappings\sample_1396_seed_1396.csv,4.776719312119466,327.09168774651,1.398564031705747,0,0.0001466289,0.0,112640.0,18432.0,1.0345169609204523,0.0016772690416685405,True,vec,16,"{""1"": 2, ""2"": 15, ""3"": 6, ""4"": 1, ""5"": 8, ""6"": 14, ""7"": 10, ""8"": 14, ""9"": 13, ""10"": 4}"
1397,1397,True,,gemm\random\mappings\sample_1397_seed_1397.csv,5.018543211991814,327.78885472324,1.6450570499653332,1,0.0001189846,0.2654415,126976.0,19456.0,1.6439198571711962,0.0015363274801766568,True,vec,16,"{""1"": 2, ""2"": 10, ""3"": 6, ""4"": 12, ""5"": 13, ""6"": 6, ""7"": 15, ""8"": 1, ""9"": 10, ""10"": 2}"
1398,1398,True,,gemm\random\mappings\sample_1398_seed_1398.csv,5.539904556957701,327.61862341067,1.3679537384035103,1,0.0001763087,0.18516916666666874,68608.0,22528.0,2.3168022217813924,0.0018372940325464095,True,vec,16,"{""1"": 10, ""2"": 10, ""3"": 11, ""4"": 1, ""5"": 11, ""6"": 15, ""7"": 6, ""8"": 6, ""9"": 6, ""10"": 4}"
1399,1399,True,,gemm\random\mappings\sample_1399_seed_1399.csv,5.026975008599417,327.7150041959,1.6229984826961257,2,0.0001180726,0.38627091666666874,109568.0,24576.0,0.8059908748264233,0.0015319038690063344,True,vec,16,"{""1"": 7, ""2"": 14, ""3"": 1, ""4"": 5, ""5"": 15, ""6"": 11, ""7"": 4, ""8"": 0, ""9"": 6, ""10"": 10}"
1400,1400,True,,gemm\random\mappings\sample_1400_seed_1400.csv,5.401613461965181,327.40241235495,1.591358008350099,1,0.0001464528,0.090745125,116736.0,27648.0,1.4153937710771671,0.0016798443679160726,True,vec,16,"{""1"": 5, ""2"": 10, ""3"": 11, ""4"": 7, ""5"": 13, ""6"": 12, ""7"": 2, ""8"": 12, ""9"": 7, ""10"": 0}"
1401,1401,True,,gemm\random\mappings\sample_1401_seed_1401.csv,4.999689558500188,327.63091945527,1.572331127347755,1,0.0001172266,0.077266484375,91136.0,26624.0,1.6820075381868678,0.0015230132840062787,True,vec,16,"{""1"": 14, ""2"": 1, ""3"": 5, ""4"": 15, ""5"": 13, ""6"": 5, ""7"": 8, ""8"": 15, ""9"": 14, ""10"": 11}"
1402,1402,True,,gemm\random\mappings\sample_1402_seed_1402.csv,5.394042998477531,325.92015508396,1.3406765790681334,0,0.0001664586,0.0,113664.0,24576.0,2.583415988891093,0.0017814937759544512,True,vec,16,"{""1"": 0, ""2"": 1, ""3"": 11, ""4"": 1, ""5"": 8, ""6"": 15, ""7"": 8, ""8"": 7, ""9"": 1, ""10"": 3}"
1403,1403,True,,gemm\random\mappings\sample_1403_seed_1403.csv,5.4678801106729065,327.0504179842,1.320637975385254,0,0.0001762466,0.0,90112.0,24576.0,2.329498115453283,0.0018356595331023905,True,vec,16,"{""1"": 10, ""2"": 14, ""3"": 4, ""4"": 5, ""5"": 12, ""6"": 12, ""7"": 9, ""8"": 9, ""9"": 9, ""10"": 9}"
1404,1404,True,,gemm\random\mappings\sample_1404_seed_1404.csv,5.173984042048195,326.30305829797,1.369093229858705,0,0.0001464547,0.0,142336.0,26624.0,1.6058321761555248,0.0016763248389878491,True,vec,16,"{""1"": 3, ""2"": 4, ""3"": 3, ""4"": 8, ""5"": 14, ""6"": 5, ""7"": 4, ""8"": 7, ""9"": 5, ""10"": 13}"
1405,1405,True,,gemm\random\mappings\sample_1405_seed_1405.csv,5.4726159485516135,325.91494507006,1.3657241851492627,0,0.0001667729,0.0,145408.0,24576.0,2.3168022217813924,0.0017835496124939585,True,vec,16,"{""1"": 13, ""2"": 7, ""3"": 7, ""4"": 4, ""5"": 6, ""6"": 7, ""7"": 10, ""8"": 13, ""9"": 8, ""10"": 0}"
1406,1406,True,,gemm\random\mappings\sample_1406_seed_1406.csv,5.620537615388496,326.86279147984,1.4228793575111667,0,0.0001668849,0.0,156672.0,24576.0,2.227930966078159,0.001786395052401802,True,vec,16,"{""1"": 5, ""2"": 15, ""3"": 12, ""4"": 15, ""5"": 2, ""6"": 10, ""7"": 3, ""8"": 1, ""9"": 12, ""10"": 12}"
1407,1407,True,,gemm\random\mappings\sample_1407_seed_1407.csv,4.704470326581166,327.52565583321,1.5851565802705951,1,0.0001175286,0.149720875,119808.0,18432.0,0.9202539178734378,0.0015257922972713245,True,vec,16,"{""1"": 2, ""2"": 14, ""3"": 3, ""4"": 7, ""5"": 12, ""6"": 0, ""7"": 2, ""8"": 15, ""9"": 9, ""10"": 6}"
1408,1408,True,,gemm\random\mappings\sample_1408_seed_1408.csv,5.372797420890016,326.40859372171,1.4274790607437722,0,0.0001664247,0.0,125952.0,18432.0,2.735766712953779,0.0017820232835197337,True,vec,16,"{""1"": 15, ""2"": 8, ""3"": 3, ""4"": 3, ""5"": 10, ""6"": 3, ""7"": 10, ""8"": 6, ""9"": 9, ""10"": 6}"
1409,1409,True,,gemm\random\mappings\sample_1409_seed_1409.csv,5.564311252624891,326.94103547189,1.5464811028072734,0,0.0001666947,0.0,144384.0,18432.0,2.7738543939694504,0.0017846687433278764,True,vec,16,"{""1"": 1, ""2"": 1, ""3"": 15, ""4"": 15, ""5"": 12, ""6"": 10, ""7"": 13, ""8"": 12, ""9"": 15, ""10"": 9}"
1410,1410,True,,gemm\random\mappings\sample_1410_seed_1410.csv,4.96175091783035,326.13796507605,1.2691318007240893,0,0.000166635,0.0,74752.0,18432.0,2.202539178734378,0.0017818321558096257,True,vec,16,"{""1"": 9, ""2"": 11, ""3"": 12, ""4"": 5, ""5"": 5, ""6"": 6, ""7"": 8, ""8"": 5, ""9"": 13, ""10"": 3}"
1411,1411,True,,gemm\random\mappings\sample_1411_seed_1411.csv,5.858557399413146,328.16573235485,1.8303921367017129,3,0.0001214991,0.7983857083333313,128000.0,33792.0,1.2630430470144813,0.001560777397119841,True,vec,16,"{""1"": 3, ""2"": 0, ""3"": 14, ""4"": 1, ""5"": 5, ""6"": 12, ""7"": 8, ""8"": 2, ""9"": 5, ""10"": 3}"
1412,1412,True,,gemm\random\mappings\sample_1412_seed_1412.csv,6.2131983302036895,327.85512987565,1.9390257596543123,4,0.000119419,0.40999880048076875,164864.0,35840.0,1.9105336242808966,0.0015453312653753632,True,vec,16,"{""1"": 15, ""2"": 0, ""3"": 9, ""4"": 4, ""5"": 12, ""6"": 4, ""7"": 11, ""8"": 12, ""9"": 15, ""10"": 15}"
1413,1413,True,,gemm\random\mappings\sample_1413_seed_1413.csv,5.667172973513027,327.52582141283,1.5373991158616684,1,0.0001665647,0.154505375,107520.0,26624.0,1.8597500495933346,0.0017882641520124793,True,vec,16,"{""1"": 14, ""2"": 15, ""3"": 3, ""4"": 14, ""5"": 3, ""6"": 10, ""7"": 4, ""8"": 9, ""9"": 4, ""10"": 12}"
1414,1414,True,,gemm\random\mappings\sample_1414_seed_1414.csv,5.739879476792527,326.96078094714,1.4954649922889691,0,0.0001666346,0.0,128000.0,32768.0,1.9232295179527872,0.0017851029451833834,True,vec,16,"{""1"": 4, ""2"": 6, ""3"": 2, ""4"": 15, ""5"": 2, ""6"": 7, ""7"": 14, ""8"": 11, ""9"": 11, ""10"": 15}"
1415,1415,True,,gemm\random\mappings\sample_1415_seed_1415.csv,5.661828478406639,327.39800738595,1.5477114967429149,2,0.0001464909,0.148012,123904.0,25600.0,2.3548899027970642,0.0016803525932252365,True,vec,16,"{""1"": 13, ""2"": 10, ""3"": 7, ""4"": 11, ""5"": 5, ""6"": 7, ""7"": 12, ""8"": 8, ""9"": 7, ""10"": 7}"
1416,1416,True,,gemm\random\mappings\sample_1416_seed_1416.csv,5.4395677186044225,327.75800110159,1.7032058456492032,1,0.0001465506,0.251968875,136192.0,18432.0,1.9867089863122396,0.0016847160605531265,True,vec,16,"{""1"": 3, ""2"": 14, ""3"": 3, ""4"": 15, ""5"": 12, ""6"": 12, ""7"": 2, ""8"": 12, ""9"": 1, ""10"": 13}"
1417,1417,True,,gemm\random\mappings\sample_1417_seed_1417.csv,5.007186415864968,325.60333128485,1.2922634300127243,0,0.0001461347,0.0,71680.0,18432.0,3.7641341003769093,0.0016723608707291339,True,vec,16,"{""1"": 10, ""2"": 2, ""3"": 13, ""4"": 4, ""5"": 10, ""6"": 10, ""7"": 13, ""8"": 13, ""9"": 10, ""10"": 13}"
1418,1418,True,,gemm\random\mappings\sample_1418_seed_1418.csv,5.87954986181742,327.46447146735,1.4544583329464094,1,0.0001667269,0.11972899999999999,178176.0,25600.0,1.9740130926403492,0.0017870324511494423,True,vec,16,"{""1"": 0, ""2"": 8, ""3"": 15, ""4"": 11, ""5"": 11, ""6"": 13, ""7"": 5, ""8"": 13, ""9"": 2, ""10"": 13}"
1419,1419,True,,gemm\random\mappings\sample_1419_seed_1419.csv,5.693252887155808,327.61892063755,1.4901252827421172,1,0.0001663567,0.15030458333333124,95232.0,27648.0,2.126363816703035,0.0017852760188509854,True,vec,16,"{""1"": 0, ""2"": 5, ""3"": 5, ""4"": 6, ""5"": 0, ""6"": 15, ""7"": 0, ""8"": 2, ""9"": 11, ""10"": 8}"
1420,1420,True,,gemm\random\mappings\sample_1420_seed_1420.csv,5.247934526382814,327.96301271937,1.5387174555212533,1,0.0001470349,0.338718125,143360.0,16384.0,1.4153937710771671,0.0016881184501195362,True,vec,16,"{""1"": 13, ""2"": 11, ""3"": 0, ""4"": 2, ""5"": 4, ""6"": 9, ""7"": 5, ""8"": 5, ""9"": 4, ""10"": 15}"
1421,1421,True,,gemm\random\mappings\sample_1421_seed_1421.csv,5.664398910522973,328.15810497103,1.3540551487642596,2,0.0001662787,0.5106208333333313,96256.0,17408.0,2.659591350922436,0.0017882964765515786,True,vec,16,"{""1"": 1, ""2"": 5, ""3"": 6, ""4"": 8, ""5"": 6, ""6"": 3, ""7"": 8, ""8"": 7, ""9"": 6, ""10"": 1}"
1422,1422,True,,gemm\random\mappings\sample_1422_seed_1422.csv,5.509884664527935,327.36488998025,1.5293455737439343,1,0.0001664686,0.079592625,126976.0,16384.0,2.431065264828407,0.0017865770705367931,True,vec,16,"{""1"": 6, ""2"": 15, ""3"": 14, ""4"": 14, ""5"": 0, ""6"": 0, ""7"": 12, ""8"": 0, ""9"": 11, ""10"": 4}"
1423,1423,True,,gemm\random\mappings\sample_1423_seed_1423.csv,4.941050897181088,327.56366428898,1.6419883476980115,2,0.0001176948,0.2233215,103424.0,21504.0,1.1741717913112477,0.0015278259110396136,True,vec,16,"{""1"": 14, ""2"": 15, ""3"": 1, ""4"": 5, ""5"": 11, ""6"": 14, ""7"": 6, ""8"": 9, ""9"": 13, ""10"": 5}"
1424,1424,True,,gemm\random\mappings\sample_1424_seed_1424.csv,5.435454645040837,327.71774024028,1.7519086327302928,2,0.0001186827,0.250191640625,148480.0,24576.0,1.8216623685776632,0.001537836789868277,True,vec,16,"{""1"": 1, ""2"": 15, ""3"": 8, ""4"": 3, ""5"": 11, ""6"": 10, ""7"": 3, ""8"": 7, ""9"": 8, ""10"": 15}"
1425,1425,True,,gemm\random\mappings\sample_1425_seed_1425.csv,5.805956690963215,327.8551099286,1.8298050223995708,3,0.0001189687,0.251764625,114688.0,34816.0,1.9486213052965682,0.0015402794997886346,True,vec,16,"{""1"": 10, ""2"": 0, ""3"": 12, ""4"": 5, ""5"": 8, ""6"": 0, ""7"": 12, ""8"": 5, ""9"": 3, ""10"": 14}"
1426,1426,True,,gemm\random\mappings\sample_1426_seed_1426.csv,4.381011023414959,326.9614114771,1.5521077727332133,0,0.0001166628,0.0,71680.0,16384.0,1.5677444951398531,0.0015171582680994946,True,vec,16,"{""1"": 2, ""2"": 6, ""3"": 3, ""4"": 0, ""5"": 10, ""6"": 7, ""7"": 0, ""8"": 8, ""9"": 10, ""10"": 1}"
1427,1427,True,,gemm\random\mappings\sample_1427_seed_1427.csv,5.179844703841358,327.03556663773,1.3664170578656492,0,0.0001667629,0.0,125952.0,18432.0,1.6693116445149772,0.0017846172930404997,True,vec,16,"{""1"": 0, ""2"": 7, ""3"": 12, ""4"": 12, ""5"": 5, ""6"": 2, ""7"": 9, ""8"": 4, ""9"": 4, ""10"": 11}"
1428,1428,True,,gemm\random\mappings\sample_1428_seed_1428.csv,5.920359124660006,327.85997714638,1.6813199389656048,3,0.0001489348,0.20216288636363752,82944.0,26624.0,2.964292799047808,0.001699633252562547,True,vec,16,"{""1"": 5, ""2"": 5, ""3"": 8, ""4"": 12, ""5"": 0, ""6"": 12, ""7"": 12, ""8"": 14, ""9"": 5, ""10"": 5}"
1429,1429,True,,gemm\random\mappings\sample_1429_seed_1429.csv,5.1729687492320995,327.61973615113,1.630183071172621,2,0.0001678809,0.22196159420289374,65536.0,10240.0,1.8216623685776632,0.0017989041445352959,True,vec,16,"{""1"": 3, ""2"": 7, ""3"": 3, ""4"": 3, ""5"": 10, ""6"": 12, ""7"": 15, ""8"": 1, ""9"": 13, ""10"": 14}"
1430,1430,True,,gemm\random\mappings\sample_1430_seed_1430.csv,5.211394494682731,327.26194688902,1.515934178247604,1,0.0001663406,0.015697000000000003,73728.0,19456.0,1.7073993255306488,0.0017836707804115984,True,vec,16,"{""1"": 9, ""2"": 13, ""3"": 4, ""4"": 14, ""5"": 4, ""6"": 12, ""7"": 5, ""8"": 9, ""9"": 8, ""10"": 12}"
1431,1431,True,,gemm\random\mappings\sample_1431_seed_1431.csv,5.9894359357700635,327.58691460659,1.48150116276517,1,0.0001666607,0.13362895833333124,138240.0,35840.0,1.5931362824836341,0.0017873782092601624,True,vec,16,"{""1"": 5, ""2"": 10, ""3"": 15, ""4"": 7, ""5"": 15, ""6"": 0, ""7"": 4, ""8"": 12, ""9"": 6, ""10"": 4}"
1432,1432,True,,gemm\random\mappings\sample_1432_seed_1432.csv,5.687698337593359,326.59226560345,1.3376990183245936,0,0.0001665169,0.0,149504.0,32768.0,1.8216623685776632,0.001783252776751717,True,vec,16,"{""1"": 15, ""2"": 2, ""3"": 9, ""4"": 4, ""5"": 9, ""6"": 10, ""7"": 4, ""8"": 5, ""9"": 1, ""10"": 12}"
1433,1433,True,,gemm\random\mappings\sample_1433_seed_1433.csv,4.973113603217699,326.44489393007,1.4960002632375733,0,0.000146485,0.0,122880.0,21504.0,1.4153937710771671,0.0016773705998925944,True,vec,16,"{""1"": 3, ""2"": 11, ""3"": 0, ""4"": 7, ""5"": 8, ""6"": 11, ""7"": 1, ""8"": 2, ""9"": 2, ""10"": 12}"
1434,1434,True,,gemm\random\mappings\sample_1434_seed_1434.csv,5.442298260801394,327.57103740577,1.78908919130304,2,0.000118961,0.2488084548611125,155648.0,25600.0,1.5550486014679628,0.001539305088194943,True,vec,16,"{""1"": 0, ""2"": 15, ""3"": 4, ""4"": 14, ""5"": 5, ""6"": 0, ""7"": 15, ""8"": 11, ""9"": 1, ""10"": 14}"
1435,1435,True,,gemm\random\mappings\sample_1435_seed_1435.csv,5.115071050973942,326.90019743626,1.3491209665215251,0,0.0001463666,0.0,89088.0,29696.0,1.6058321761555248,0.0016751951856348217,True,vec,16,"{""1"": 9, ""2"": 10, ""3"": 2, ""4"": 15, ""5"": 9, ""6"": 1, ""7"": 10, ""8"": 1, ""9"": 14, ""10"": 5}"
1436,1436,True,,gemm\random\mappings\sample_1436_seed_1436.csv,5.316883898146636,326.05259725505,1.4093513181879378,0,0.0001667288,0.0,102400.0,24576.0,2.202539178734378,0.0017836641857443501,True,vec,16,"{""1"": 10, ""2"": 2, ""3"": 13, ""4"": 1, ""5"": 13, ""6"": 14, ""7"": 13, ""8"": 3, ""9"": 0, ""10"": 6}"
1437,1437,True,,gemm\random\mappings\sample_1437_seed_1437.csv,5.361362479383999,328.29961744901,1.8378549706906417,3,0.000119199,0.9031274583333313,102400.0,18432.0,1.5677444951398531,0.0015451608340077006,True,vec,16,"{""1"": 6, ""2"": 7, ""3"": 12, ""4"": 11, ""5"": 10, ""6"": 10, ""7"": 14, ""8"": 12, ""9"": 15, ""10"": 1}"
1438,1438,True,,gemm\random\mappings\sample_1438_seed_1438.csv,4.815665734431409,326.47875696007,1.3910804874326255,0,0.0001464549,0.0,125952.0,18432.0,1.2884348343582623,0.0016763457866700979,True,vec,16,"{""1"": 14, ""2"": 15, ""3"": 3, ""4"": 13, ""5"": 0, ""6"": 7, ""7"": 10, ""8"": 7, ""9"": 12, ""10"": 13}"
1439,1439,True,,gemm\random\mappings\sample_1439_seed_1439.csv,7.109587400682079,329.5104047437,2.2507368979099933,7,0.000126703117,2.63332225,165888.0,32768.0,0.9583415988891093,0.001625716064754378,True,vec,16,"{""1"": 4, ""2"": 7, ""3"": 11, ""4"": 14, ""5"": 15, ""6"": 2, ""7"": 1, ""8"": 0, ""9"": 3, ""10"": 3}"
1440,1440,True,,gemm\random\mappings\sample_1440_seed_1440.csv,5.711623835837353,327.08215021626,1.5608064869334242,0,0.0001661646,0.0,116736.0,32768.0,1.8216623685776632,0.0017817674790641786,True,vec,16,"{""1"": 7, ""2"": 4, ""3"": 14, ""4"": 4, ""5"": 1, ""6"": 8, ""7"": 5, ""8"": 0, ""9"": 5, ""10"": 0}"
1441,1441,True,,gemm\random\mappings\sample_1441_seed_1441.csv,4.943752907009835,326.336002544,1.4404971680704672,0,0.0001466987,0.0,99328.0,24576.0,1.4153937710771671,0.0016777043602376487,True,vec,16,"{""1"": 8, ""2"": 14, ""3"": 4, ""4"": 9, ""5"": 1, ""6"": 3, ""7"": 9, ""8"": 3, ""9"": 0, ""10"": 11}"
1442,1442,True,,gemm\random\mappings\sample_1442_seed_1442.csv,5.690085820632853,328.23639695762,1.7467738694550108,2,0.0001203809,0.51040703125,136192.0,33792.0,1.3011307280301527,0.0015535287312221904,True,vec,16,"{""1"": 0, ""2"": 9, ""3"": 3, ""4"": 6, ""5"": 7, ""6"": 13, ""7"": 3, ""8"": 15, ""9"": 0, ""10"": 4}"
1443,1443,True,,gemm\random\mappings\sample_1443_seed_1443.csv,5.0969360845665,327.5304176291,1.6361402218213588,1,0.0001181607,0.149259625,112640.0,25600.0,1.6820075381868678,0.00152947605981137,True,vec,16,"{""1"": 7, ""2"": 0, ""3"": 4, ""4"": 15, ""5"": 10, ""6"": 7, ""7"": 8, ""8"": 15, ""9"": 10, ""10"": 2}"
1444,1444,True,,gemm\random\mappings\sample_1444_seed_1444.csv,5.22105637382428,328.16408021842,1.8399342816134487,3,0.0001191788,0.5227826822916688,129024.0,16384.0,1.1868676849831383,0.0015449321970416351,True,vec,16,"{""1"": 4, ""2"": 12, ""3"": 15, ""4"": 0, ""5"": 14, ""6"": 9, ""7"": 13, ""8"": 7, ""9"": 12, ""10"": 11}"
1445,1445,True,,gemm\random\mappings\sample_1445_seed_1445.csv,5.713445137925566,329.51157234121,1.8642499540456259,3,0.000121882385,0.915098374999998,98304.0,24576.0,1.5931362824836341,0.0015692778439632018,True,vec,16,"{""1"": 7, ""2"": 5, ""3"": 0, ""4"": 11, ""5"": 9, ""6"": 1, ""7"": 0, ""8"": 8, ""9"": 4, ""10"": 0}"
1446,1446,True,,gemm\random\mappings\sample_1446_seed_1446.csv,5.270388540821538,327.5574636007,1.423036396739792,1,0.0001672066,0.04699125,111616.0,18432.0,1.4407855584209481,0.0017893190845472292,True,vec,16,"{""1"": 10, ""2"": 3, ""3"": 5, ""4"": 3, ""5"": 12, ""6"": 7, ""7"": 13, ""8"": 2, ""9"": 9, ""10"": 1}"
1447,1447,True,,gemm\random\mappings\sample_1447_seed_1447.csv,4.850569011946001,326.17529096038,1.301487327614816,0,0.0001661008,0.0,92160.0,12288.0,2.202539178734378,0.0017803629469874533,True,vec,16,"{""1"": 2, ""2"": 13, ""3"": 2, ""4"": 2, ""5"": 11, ""6"": 14, ""7"": 13, ""8"": 7, ""9"": 1, ""10"": 4}"
1448,1448,True,,gemm\random\mappings\sample_1448_seed_1448.csv,4.556380717612566,327.75614901118,1.5457082316244446,1,0.0001177608,0.25526041666666877,99328.0,10240.0,1.6312239634993058,0.0015265893635431887,True,vec,16,"{""1"": 13, ""2"": 6, ""3"": 1, ""4"": 8, ""5"": 13, ""6"": 3, ""7"": 12, ""8"": 0, ""9"": 1, ""10"": 6}"
1449,1449,True,,gemm\random\mappings\sample_1449_seed_1449.csv,6.155451558633819,327.62089598996,1.5142396631209758,1,0.0001776291,0.06413608870967501,107520.0,29696.0,3.167427097798056,0.0018488549318782773,True,vec,16,"{""1"": 3, ""2"": 3, ""3"": 4, ""4"": 2, ""5"": 14, ""6"": 3, ""7"": 3, ""8"": 3, ""9"": 10, ""10"": 12}"
1450,1450,True,,gemm\random\mappings\sample_1450_seed_1450.csv,5.916721869711545,328.38751072589,1.5444565289688903,2,0.0001693207,0.5056284166666688,117760.0,26624.0,1.4407855584209481,0.0018113594418898548,True,vec,16,"{""1"": 13, ""2"": 4, ""3"": 7, ""4"": 15, ""5"": 15, ""6"": 9, ""7"": 14, ""8"": 10, ""9"": 3, ""10"": 6}"
1451,1451,True,,gemm\random\mappings\sample_1451_seed_1451.csv,5.145483970667124,326.50793451544,1.3452123896162174,0,0.0001667308,0.0,72704.0,17408.0,2.888117437016465,0.001784050268302563,True,vec,16,"{""1"": 11, ""2"": 10, ""3"": 7, ""4"": 13, ""5"": 7, ""6"": 6, ""7"": 10, ""8"": 13, ""9"": 13, ""10"": 11}"
1452,1452,True,,gemm\random\mappings\sample_1452_seed_1452.csv,5.271166910046978,328.1635123458,1.6183239419261948,2,0.0001184669,0.5108705372806993,106496.0,25600.0,1.4915691331085101,0.0015353100638676133,True,vec,16,"{""1"": 8, ""2"": 3, ""3"": 5, ""4"": 8, ""5"": 13, ""6"": 8, ""7"": 9, ""8"": 12, ""9"": 7, ""10"": 11}"
1453,1453,True,,gemm\random\mappings\sample_1453_seed_1453.csv,5.369111549281122,328.15416637441,1.4943331964727646,1,0.0001464086,0.43907087499999997,95232.0,27648.0,1.1487800039674667,0.0016858133566183004,True,vec,16,"{""1"": 9, ""2"": 13, ""3"": 15, ""4"": 6, ""5"": 11, ""6"": 1, ""7"": 10, ""8"": 9, ""9"": 1, ""10"": 2}"
1454,1454,True,,gemm\random\mappings\sample_1454_seed_1454.csv,4.869143125497344,328.1653450009,1.654275851211178,2,0.000120667,0.61423675,89088.0,16384.0,0.9583415988891093,0.0015525201687881256,True,vec,16,"{""1"": 9, ""2"": 5, ""3"": 0, ""4"": 1, ""5"": 11, ""6"": 10, ""7"": 12, ""8"": 2, ""9"": 7, ""10"": 7}"
1455,1455,True,,gemm\random\mappings\sample_1455_seed_1455.csv,5.427761187484144,327.68498386978,1.692783900380957,1,0.000117835,0.14434999999999998,122880.0,33792.0,1.6820075381868678,0.0015275757293916655,True,vec,16,"{""1"": 0, ""2"": 1, ""3"": 10, ""4"": 7, ""5"": 6, ""6"": 1, ""7"": 6, ""8"": 15, ""9"": 0, ""10"": 11}"
1456,1456,True,,gemm\random\mappings\sample_1456_seed_1456.csv,5.774429907051447,328.23483638758,1.8169946046261525,2,0.0001208428,0.547108046875,139264.0,32768.0,1.5677444951398531,0.0015574479420689897,True,vec,16,"{""1"": 14, ""2"": 4, ""3"": 0, ""4"": 13, ""5"": 5, ""6"": 3, ""7"": 9, ""8"": 5, ""9"": 0, ""10"": 7}"
1457,1457,True,,gemm\random\mappings\sample_1457_seed_1457.csv,4.665880263683192,326.73846415993,1.5134897751591982,0,0.000116901,0.0,102400.0,24576.0,1.3392184090458243,0.0015185013861236448,True,vec,16,"{""1"": 10, ""2"": 1, ""3"": 6, ""4"": 4, ""5"": 13, ""6"": 2, ""7"": 1, ""8"": 7, ""9"": 12, ""10"": 12}"
1458,1458,True,,gemm\random\mappings\sample_1458_seed_1458.csv,6.120961646576667,327.45713751454,1.4657844758187384,1,0.0001664428,0.09810666666666874,131072.0,35840.0,2.4691529458440784,0.0017839271274405213,True,vec,16,"{""1"": 4, ""2"": 5, ""3"": 15, ""4"": 13, ""5"": 13, ""6"": 0, ""7"": 13, ""8"": 4, ""9"": 11, ""10"": 11}"
1459,1459,True,,gemm\random\mappings\sample_1459_seed_1459.csv,5.391674754854839,327.79221012472,1.745309593248851,1,0.0001184269,0.1942995,121856.0,29696.0,1.8724459432652252,0.0015327097852145444,True,vec,16,"{""1"": 13, ""2"": 3, ""3"": 15, ""4"": 13, ""5"": 7, ""6"": 1, ""7"": 13, ""8"": 7, ""9"": 2, ""10"": 11}"
1460,1460,True,,gemm\random\mappings\sample_1460_seed_1460.csv,5.625508579426751,326.67174357772,1.3134344055733191,0,0.0001661506,0.0,113664.0,32768.0,2.202539178734378,0.0017809252194465918,True,vec,16,"{""1"": 12, ""2"": 9, ""3"": 10, ""4"": 11, ""5"": 9, ""6"": 6, ""7"": 3, ""8"": 8, ""9"": 9, ""10"": 5}"
1461,1461,True,,gemm\random\mappings\sample_1461_seed_1461.csv,4.628664194361262,327.92453719938,1.6219973385399122,1,0.000118237,0.29216562500000004,92160.0,12288.0,1.4915691331085101,0.0015300998079021998,True,vec,16,"{""1"": 1, ""2"": 1, ""3"": 9, ""4"": 8, ""5"": 2, ""6"": 11, ""7"": 1, ""8"": 15, ""9"": 13, ""10"": 4}"
1462,1462,True,,gemm\random\mappings\sample_1462_seed_1462.csv,4.929544712655935,326.80563786055,1.54380205575155,0,0.0001170168,0.0,136192.0,25600.0,1.7073993255306488,0.0015196313318818926,True,vec,16,"{""1"": 8, ""2"": 3, ""3"": 6, ""4"": 12, ""5"": 14, ""6"": 8, ""7"": 14, ""8"": 4, ""9"": 1, ""10"": 14}"
1463,1463,True,,gemm\random\mappings\sample_1463_seed_1463.csv,5.934565223352853,327.78072826249,1.3595621967956473,1,0.0001666148,0.22377979166666875,147456.0,33792.0,1.5550486014679628,0.0017871724378501748,True,vec,16,"{""1"": 11, ""2"": 5, ""3"": 5, ""4"": 0, ""5"": 14, ""6"": 11, ""7"": 7, ""8"": 15, ""9"": 6, ""10"": 1}"
1464,1464,True,,gemm\random\mappings\sample_1464_seed_1464.csv,5.189507833719724,327.71787057782,1.6855550262346588,2,0.0001175127,0.330647125,76800.0,27648.0,1.6439198571711962,0.0015277944618590172,True,vec,16,"{""1"": 10, ""2"": 14, ""3"": 13, ""4"": 9, ""5"": 4, ""6"": 15, ""7"": 9, ""8"": 14, ""9"": 1, ""10"": 10}"
1465,1465,True,,gemm\random\mappings\sample_1465_seed_1465.csv,5.7329312797853555,326.20515778053,1.4214904967603084,0,0.0001666187,0.0,144384.0,34816.0,1.8216623685776632,0.001783458769790253,True,vec,16,"{""1"": 7, ""2"": 4, ""3"": 13, ""4"": 14, ""5"": 13, ""6"": 6, ""7"": 1, ""8"": 6, ""9"": 15, ""10"": 15}"
1466,1466,True,,gemm\random\mappings\sample_1466_seed_1466.csv,4.640366434868172,326.76686075022,1.4533845979349187,0,0.0001166629,0.0,97280.0,26624.0,1.1487800039674667,0.0015166207110744497,True,vec,16,"{""1"": 11, ""2"": 11, ""3"": 2, ""4"": 5, ""5"": 14, ""6"": 8, ""7"": 7, ""8"": 13, ""9"": 4, ""10"": 13}"
1467,1467,True,,gemm\random\mappings\sample_1467_seed_1467.csv,6.594445149444044,325.84738942829,1.3275384653120117,0,0.000216555,0.0,133120.0,24576.0,5.1352906169410835,0.002050003896635424,True,vec,16,"{""1"": 10, ""2"": 11, ""3"": 0, ""4"": 0, ""5"": 0, ""6"": 10, ""7"": 10, ""8"": 10, ""9"": 0, ""10"": 11}"
1468,1468,True,,gemm\random\mappings\sample_1468_seed_1468.csv,4.906965040702867,328.17643806976,1.6612333832926174,2,0.0001187728,0.5000227864583312,75776.0,16384.0,1.5677444951398531,0.0015392360937413608,True,vec,16,"{""1"": 5, ""2"": 9, ""3"": 6, ""4"": 13, ""5"": 0, ""6"": 2, ""7"": 1, ""8"": 9, ""9"": 0, ""10"": 12}"
1469,1469,True,,gemm\random\mappings\sample_1469_seed_1469.csv,5.660451528198257,327.62470631913,1.435908255745012,1,0.0001667629,0.091821875,145408.0,22528.0,1.9740130926403492,0.0017873320296068387,True,vec,16,"{""1"": 1, ""2"": 5, ""3"": 15, ""4"": 15, ""5"": 8, ""6"": 8, ""7"": 3, ""8"": 14, ""9"": 7, ""10"": 3}"
1470,1470,True,,gemm\random\mappings\sample_1470_seed_1470.csv,5.056557186373598,327.69665343818,1.6030427804761325,1,0.0001175408,0.13277263888888752,139264.0,25600.0,1.0726046419361237,0.0015250208933030621,True,vec,16,"{""1"": 12, ""2"": 4, ""3"": 7, ""4"": 5, ""5"": 15, ""6"": 0, ""7"": 13, ""8"": 12, ""9"": 6, ""10"": 0}"
1471,1471,True,,gemm\random\mappings\sample_1471_seed_1471.csv,5.311137802699557,327.77812323072,1.349022855301498,1,0.0001661027,0.23499749999999997,79872.0,20480.0,1.8216623685776632,0.0017838003544235054,True,vec,16,"{""1"": 4, ""2"": 4, ""3"": 4, ""4"": 7, ""5"": 10, ""6"": 3, ""7"": 1, ""8"": 2, ""9"": 5, ""10"": 9}"
1472,1472,True,,gemm\random\mappings\sample_1472_seed_1472.csv,5.185298184284847,326.74306721484,1.519595325283404,0,0.0001666008,0.0,95232.0,18432.0,2.050188454671692,0.0017843681783189526,True,vec,16,"{""1"": 7, ""2"": 3, ""3"": 3, ""4"": 11, ""5"": 1, ""6"": 0, ""7"": 13, ""8"": 0, ""9"": 11, ""10"": 6}"
1473,1473,True,,gemm\random\mappings\sample_1473_seed_1473.csv,4.88856538422366,327.92759673412,1.6988921992241508,1,0.0001180928,0.3055822916666688,112640.0,16384.0,1.5677444951398531,0.001530013511994365,True,vec,16,"{""1"": 3, ""2"": 2, ""3"": 11, ""4"": 7, ""5"": 13, ""6"": 13, ""7"": 7, ""8"": 12, ""9"": 4, ""10"": 0}"
1474,1474,True,,gemm\random\mappings\sample_1474_seed_1474.csv,5.056381884572895,327.84779010481,1.7616048477747377,2,0.0001190227,0.318074,125952.0,18432.0,1.1868676849831383,0.0015386898604660118,True,vec,16,"{""1"": 1, ""2"": 14, ""3"": 13, ""4"": 9, ""5"": 8, ""6"": 14, ""7"": 0, ""8"": 12, ""9"": 6, ""10"": 5}"
1475,1475,True,,gemm\random\mappings\sample_1475_seed_1475.csv,6.416328163678673,328.38779502933,1.5533992617561563,2,0.0001696509,0.5106294166666687,169984.0,32768.0,1.8978377306090062,0.0018138218288402108,True,vec,16,"{""1"": 3, ""2"": 5, ""3"": 12, ""4"": 12, ""5"": 6, ""6"": 8, ""7"": 9, ""8"": 14, ""9"": 5, ""10"": 3}"
1476,1476,True,,gemm\random\mappings\sample_1476_seed_1476.csv,4.5044173881906575,326.51238482317,1.3930071367144754,0,0.0001168209,0.0,124928.0,17408.0,1.5931362824836341,0.0015171520688654783,True,vec,16,"{""1"": 0, ""2"": 6, ""3"": 11, ""4"": 4, ""5"": 12, ""6"": 4, ""7"": 3, ""8"": 9, ""9"": 14, ""10"": 4}"
1477,1477,True,,gemm\random\mappings\sample_1477_seed_1477.csv,5.361862878796063,326.27343444869,1.3906480264955738,0,0.0001664866,0.0,88064.0,32768.0,1.4407855584209481,0.001783029519504884,True,vec,16,"{""1"": 15, ""2"": 13, ""3"": 6, ""4"": 14, ""5"": 14, ""6"": 8, ""7"": 7, ""8"": 2, ""9"": 0, ""10"": 1}"
1478,1478,True,,gemm\random\mappings\sample_1478_seed_1478.csv,4.286850546851285,326.44387496674,1.5228023317234707,0,0.000116729,0.0,79872.0,18432.0,0.9964292799047808,0.0015174844000982938,True,vec,16,"{""1"": 5, ""2"": 5, ""3"": 1, ""4"": 6, ""5"": 15, ""6"": 12, ""7"": 10, ""8"": 0, ""9"": 11, ""10"": 14}"
1479,1479,True,,gemm\random\mappings\sample_1479_seed_1479.csv,4.149673294347074,326.38532967248,1.4677093228695801,0,0.0001166608,0.0,102400.0,12288.0,0.9964292799047808,0.0015166454841587687,True,vec,16,"{""1"": 1, ""2"": 9, ""3"": 8, ""4"": 1, ""5"": 14, ""6"": 11, ""7"": 13, ""8"": 5, ""9"": 6, ""10"": 0}"
1480,1480,True,,gemm\random\mappings\sample_1480_seed_1480.csv,5.653908005978986,326.1387394162,1.4710123021042627,0,0.0001667788,0.0,157696.0,25600.0,2.4564570521721882,0.0017846711815017926,True,vec,16,"{""1"": 3, ""2"": 8, ""3"": 13, ""4"": 13, ""5"": 7, ""6"": 0, ""7"": 13, ""8"": 14, ""9"": 9, ""10"": 7}"
1481,1481,True,,gemm\random\mappings\sample_1481_seed_1481.csv,4.786576151351057,326.80786920235,1.4491864918079933,0,0.0001467749,0.0,102400.0,16384.0,1.5677444951398531,0.001678273008718033,True,vec,16,"{""1"": 0, ""2"": 13, ""3"": 4, ""4"": 8, ""5"": 2, ""6"": 11, ""7"": 4, ""8"": 1, ""9"": 11, ""10"": 1}"
1482,1482,True,,gemm\random\mappings\sample_1482_seed_1482.csv,4.984471451332656,327.99469122684,1.6915505175136487,2,0.0001184029,0.35314153125000003,111616.0,18432.0,1.1868676849831383,0.0015368674680622425,True,vec,16,"{""1"": 2, ""2"": 12, ""3"": 3, ""4"": 5, ""5"": 7, ""6"": 12, ""7"": 14, ""8"": 6, ""9"": 8, ""10"": 11}"
1483,1483,True,,gemm\random\mappings\sample_1483_seed_1483.csv,4.698496801665317,326.79844607744,1.559756037822244,0,0.0001170169,0.0,124928.0,24576.0,0.9583415988891093,0.0015195720584910246,True,vec,16,"{""1"": 4, ""2"": 10, ""3"": 3, ""4"": 12, ""5"": 9, ""6"": 5, ""7"": 15, ""8"": 2, ""9"": 7, ""10"": 2}"
1484,1484,True,,gemm\random\mappings\sample_1484_seed_1484.csv,5.3397292573054145,327.39576980044,1.5488413121473557,1,0.0001673448,0.037285480769230626,92160.0,16384.0,2.202539178734378,0.001790125553338894,True,vec,16,"{""1"": 4, ""2"": 11, ""3"": 0, ""4"": 1, ""5"": 0, ""6"": 15, ""7"": 0, ""8"": 7, ""9"": 13, ""10"": 6}"
1485,1485,True,,gemm\random\mappings\sample_1485_seed_1485.csv,5.545337030423746,327.52606276363,1.39891768114127,1,0.0001666629,0.14965770833333125,133120.0,24576.0,1.4407855584209481,0.0017866147612237851,True,vec,16,"{""1"": 11, ""2"": 2, ""3"": 4, ""4"": 2, ""5"": 7, ""6"": 12, ""7"": 3, ""8"": 14, ""9"": 9, ""10"": 1}"
1486,1486,True,,gemm\random\mappings\sample_1486_seed_1486.csv,4.483044188892235,326.30757718812,1.4233751508795645,0,0.0001166448,0.0,102400.0,20480.0,1.4915691331085101,0.0015162858910380004,True,vec,16,"{""1"": 13, ""2"": 14, ""3"": 13, ""4"": 0, ""5"": 7, ""6"": 13, ""7"": 2, ""8"": 5, ""9"": 10, ""10"": 4}"
1487,1487,True,,gemm\random\mappings\sample_1487_seed_1487.csv,4.650400203783101,326.96144474067,1.492419597681856,0,0.0001168246,0.0,88064.0,26624.0,1.1741717913112477,0.0015178760685553795,True,vec,16,"{""1"": 5, ""2"": 10, ""3"": 3, ""4"": 6, ""5"": 0, ""6"": 2, ""7"": 5, ""8"": 14, ""9"": 4, ""10"": 6}"
1488,1488,True,,gemm\random\mappings\sample_1488_seed_1488.csv,5.344916860343743,327.23632771939,1.3277148944825237,1,0.0001662606,0.008009615384615625,102400.0,18432.0,2.3929775838127356,0.0017817893897944432,True,vec,16,"{""1"": 8, ""2"": 4, ""3"": 4, ""4"": 6, ""5"": 15, ""6"": 9, ""7"": 9, ""8"": 15, ""9"": 8, ""10"": 8}"
1489,1489,True,,gemm\random\mappings\sample_1489_seed_1489.csv,4.831971980118254,326.80608364423,1.4930166929315123,0,0.000116951,0.0,130048.0,27648.0,1.1868676849831383,0.0015188523354784066,True,vec,16,"{""1"": 13, ""2"": 14, ""3"": 0, ""4"": 10, ""5"": 2, ""6"": 5, ""7"": 15, ""8"": 3, ""9"": 10, ""10"": 1}"
1490,1490,True,,gemm\random\mappings\sample_1490_seed_1490.csv,6.510532314048516,327.86567088843,1.6920002783865444,3,0.000171035,0.2664430572916667,179200.0,32768.0,1.8216623685776632,0.0018226009595795644,True,vec,16,"{""1"": 13, ""2"": 3, ""3"": 3, ""4"": 11, ""5"": 2, ""6"": 2, ""7"": 4, ""8"": 5, ""9"": 0, ""10"": 15}"
1491,1491,True,,gemm\random\mappings\sample_1491_seed_1491.csv,4.983909164738423,326.56824282318,1.4881634394165792,0,0.0001167626,0.0,107520.0,32768.0,1.6820075381868678,0.001517579372987431,True,vec,16,"{""1"": 7, ""2"": 0, ""3"": 9, ""4"": 10, ""5"": 6, ""6"": 0, ""7"": 7, ""8"": 15, ""9"": 9, ""10"": 3}"
1492,1492,True,,gemm\random\mappings\sample_1492_seed_1492.csv,5.249842093333085,328.16368164866,1.9959383066380978,3,0.0001206469,0.873596359375,77824.0,16384.0,1.4407855584209481,0.001563273845289742,True,vec,16,"{""1"": 4, ""2"": 12, ""3"": 8, ""4"": 1, ""5"": 0, ""6"": 12, ""7"": 9, ""8"": 7, ""9"": 13, ""10"": 1}"
1493,1493,True,,gemm\random\mappings\sample_1493_seed_1493.csv,5.262575196625637,327.68390201602,1.5694011276008375,1,0.0001465347,0.222129125,99328.0,18432.0,2.177147391390597,0.0016826479105261326,True,vec,16,"{""1"": 6, ""2"": 7, ""3"": 12, ""4"": 5, ""5"": 3, ""6"": 12, ""7"": 4, ""8"": 12, ""9"": 5, ""10"": 9}"
1494,1494,True,,gemm\random\mappings\sample_1494_seed_1494.csv,4.443247977623751,326.89700748574,1.456508511208362,0,0.0001462488,0.0,50176.0,10240.0,1.7581829002182108,0.0016752794925808702,True,vec,16,"{""1"": 5, ""2"": 1, ""3"": 9, ""4"": 6, ""5"": 5, ""6"": 1, ""7"": 10, ""8"": 12, ""9"": 12, ""10"": 10}"
1495,1495,True,,gemm\random\mappings\sample_1495_seed_1495.csv,5.1490241578813984,327.46781750564,1.631751299871751,1,0.0001472966,0.062007395833333125,125952.0,16384.0,1.5677444951398531,0.0016843432475632542,True,vec,16,"{""1"": 13, ""2"": 7, ""3"": 5, ""4"": 1, ""5"": 6, ""6"": 14, ""7"": 5, ""8"": 15, ""9"": 15, ""10"": 14}"
1496,1496,True,,gemm\random\mappings\sample_1496_seed_1496.csv,5.606580513580104,327.94364221771,1.8741648981896815,3,0.0001205629,0.6919816614583313,142336.0,25600.0,1.1868676849831383,0.0015566327246053335,True,vec,16,"{""1"": 2, ""2"": 0, ""3"": 14, ""4"": 8, ""5"": 4, ""6"": 12, ""7"": 0, ""8"": 15, ""9"": 13, ""10"": 11}"
1497,1497,True,,gemm\random\mappings\sample_1497_seed_1497.csv,5.0646533458070015,327.62590527702,1.4989605487514004,1,0.0001469387,0.19530187499999999,101376.0,18432.0,1.4153937710771671,0.0016836222024369488,True,vec,16,"{""1"": 2, ""2"": 3, ""3"": 9, ""4"": 4, ""5"": 7, ""6"": 14, ""7"": 9, ""8"": 14, ""9"": 10, ""10"": 11}"
1498,1498,True,,gemm\random\mappings\sample_1498_seed_1498.csv,4.786556700851383,327.03958896588,1.5288362257820791,0,0.0001171148,0.0,132096.0,24576.0,1.1868676849831383,0.0015199441821426658,True,vec,16,"{""1"": 4, ""2"": 14, ""3"": 3, ""4"": 8, ""5"": 10, ""6"": 14, ""7"": 12, ""8"": 2, ""9"": 9, ""10"": 15}"
1499,1499,True,,gemm\random\mappings\sample_1499_seed_1499.csv,5.320334420655518,327.46898572506,1.5891052386853717,1,0.0001663949,0.12700825,73728.0,12288.0,2.862725649672684,0.00178617311051997,True,vec,16,"{""1"": 11, ""2"": 15, ""3"": 5, ""4"": 11, ""5"": 11, ""6"": 3, ""7"": 3, ""8"": 12, ""9"": 12, ""10"": 11}"
1500,1500,True,,gemm\random\mappings\sample_1500_seed_1500.csv,4.868092576094931,327.09040650466,1.3902350627050286,0,0.0001462928,0.0,87040.0,19456.0,1.7962705812338822,0.0016754021341870563,True,vec,16,"{""1"": 9, ""2"": 1, ""3"": 13, ""4"": 10, ""5"": 2, ""6"": 10, ""7"": 11, ""8"": 10, ""9"": 7, ""10"": 4}"
1501,1501,True,,gemm\random\mappings\sample_1501_seed_1501.csv,4.90178325258989,326.51254113849,1.5333012744669658,0,0.0001168586,0.0,124928.0,32768.0,0.9202539178734378,0.0015186864752823384,True,vec,16,"{""1"": 7, ""2"": 13, ""3"": 5, ""4"": 1, ""5"": 9, ""6"": 10, ""7"": 8, ""8"": 0, ""9"": 7, ""10"": 11}"
1502,1502,True,,gemm\random\mappings\sample_1502_seed_1502.csv,4.872309369561796,327.99489151631,1.6312973701332498,1,0.0001200569,0.369465,122880.0,18432.0,0.9583415988891093,0.0015444512714775497,True,vec,16,"{""1"": 5, ""2"": 15, ""3"": 8, ""4"": 13, ""5"": 11, ""6"": 1, ""7"": 14, ""8"": 9, ""9"": 3, ""10"": 14}"
1503,1503,True,,gemm\random\mappings\sample_1503_seed_1503.csv,4.695512158634542,327.10292732017,1.5322968981759193,0,0.0001168087,0.0,131072.0,18432.0,1.6439198571711962,0.0015184197361670143,True,vec,16,"{""1"": 14, ""2"": 4, ""3"": 5, ""4"": 3, ""5"": 15, ""6"": 11, ""7"": 6, ""8"": 3, ""9"": 4, ""10"": 14}"
1504,1504,True,,gemm\random\mappings\sample_1504_seed_1504.csv,5.028709007630534,327.25023783029,1.4689999362086215,1,0.0001464567,0.013608920454545625,68608.0,20480.0,1.9867089863122396,0.0016771710461640959,True,vec,16,"{""1"": 13, ""2"": 4, ""3"": 14, ""4"": 10, ""5"": 13, ""6"": 0, ""7"": 9, ""8"": 14, ""9"": 14, ""10"": 6}"
1505,1505,True,,gemm\random\mappings\sample_1505_seed_1505.csv,4.946560626384468,327.55945224538,1.6050008078096383,1,0.0001463086,0.16232275000000002,101376.0,16384.0,1.0345169609204523,0.0016805016857727893,True,vec,16,"{""1"": 3, ""2"": 2, ""3"": 15, ""4"": 1, ""5"": 11, ""6"": 4, ""7"": 10, ""8"": 12, ""9"": 4, ""10"": 0}"
1506,1506,True,,gemm\random\mappings\sample_1506_seed_1506.csv,4.785704199738182,327.17145098085,1.5758440777171263,1,0.0001168069,0.0040745,104448.0,24576.0,1.0599087482642333,0.0015186822020014901,True,vec,16,"{""1"": 5, ""2"": 15, ""3"": 1, ""4"": 3, ""5"": 6, ""6"": 11, ""7"": 12, ""8"": 0, ""9"": 10, ""10"": 1}"
1507,1507,True,,gemm\random\mappings\sample_1507_seed_1507.csv,5.467719310896768,327.55201339631,1.4035222664630735,1,0.0001674769,0.047019875,119808.0,19456.0,2.0882761356873636,0.0017904893934606637,True,vec,16,"{""1"": 1, ""2"": 12, ""3"": 5, ""4"": 12, ""5"": 7, ""6"": 8, ""7"": 1, ""8"": 15, ""9"": 7, ""10"": 8}"
1508,1508,True,,gemm\random\mappings\sample_1508_seed_1508.csv,5.436552408062993,328.16177339022,1.821299662217974,2,0.0001204687,0.656015296875,118784.0,26624.0,1.1868676849831383,0.0015561119364661817,True,vec,16,"{""1"": 9, ""2"": 7, ""3"": 5, ""4"": 11, ""5"": 3, ""6"": 4, ""7"": 7, ""8"": 1, ""9"": 8, ""10"": 0}"
1509,1509,True,,gemm\random\mappings\sample_1509_seed_1509.csv,5.275428413052054,327.68119779935,1.5239135402539323,1,0.0001663607,0.10902291666666875,74752.0,16384.0,2.113667923031145,0.0017861948647784225,True,vec,16,"{""1"": 8, ""2"": 4, ""3"": 8, ""4"": 2, ""5"": 4, ""6"": 0, ""7"": 9, ""8"": 15, ""9"": 0, ""10"": 2}"
1510,1510,True,,gemm\random\mappings\sample_1510_seed_1510.csv,4.953472169944871,327.5232857991,1.7611233263024497,2,0.0001169706,0.12482831140351089,91136.0,19456.0,1.6439198571711962,0.0015221605237591461,True,vec,16,"{""1"": 12, ""2"": 15, ""3"": 12, ""4"": 9, ""5"": 4, ""6"": 14, ""7"": 3, ""8"": 12, ""9"": 7, ""10"": 7}"
1511,1511,True,,gemm\random\mappings\sample_1511_seed_1511.csv,5.087201985136468,327.55943597904,1.5755619887058232,1,0.000146663,0.16235100000000002,109568.0,18432.0,1.2884348343582623,0.001682530273181291,True,vec,16,"{""1"": 5, ""2"": 12, ""3"": 1, ""4"": 8, ""5"": 2, ""6"": 0, ""7"": 15, ""8"": 15, ""9"": 9, ""10"": 1}"
1512,1512,True,,gemm\random\mappings\sample_1512_seed_1512.csv,4.798629086608348,326.4536904165,1.4995886620845587,0,0.0001167266,0.0,128000.0,26624.0,1.3773060900614957,0.0015175117062744535,True,vec,16,"{""1"": 15, ""2"": 4, ""3"": 6, ""4"": 15, ""5"": 5, ""6"": 10, ""7"": 2, ""8"": 4, ""9"": 8, ""10"": 9}"
1513,1513,True,,gemm\random\mappings\sample_1513_seed_1513.csv,4.932814832786085,327.71597449626,1.5951580117440345,1,0.0001180469,0.20531812500000002,95232.0,25600.0,1.1868676849831383,0.0015279380147923947,True,vec,16,"{""1"": 9, ""2"": 3, ""3"": 6, ""4"": 10, ""5"": 5, ""6"": 12, ""7"": 2, ""8"": 10, ""9"": 13, ""10"": 1}"
1514,1514,True,,gemm\random\mappings\sample_1514_seed_1514.csv,5.101090877648315,327.45980457305,1.6917156974400456,1,0.0001175288,0.053441796874999996,131072.0,24576.0,1.5677444951398531,0.0015250206706867208,True,vec,16,"{""1"": 0, ""2"": 4, ""3"": 13, ""4"": 9, ""5"": 15, ""6"": 5, ""7"": 14, ""8"": 9, ""9"": 13, ""10"": 6}"
1515,1515,True,,gemm\random\mappings\sample_1515_seed_1515.csv,4.760223489157416,328.29525889141,1.654771150222902,2,0.0001192989,0.363375390625,90112.0,11264.0,1.4407855584209481,0.0015412353890584857,True,vec,16,"{""1"": 10, ""2"": 2, ""3"": 14, ""4"": 11, ""5"": 12, ""6"": 0, ""7"": 13, ""8"": 12, ""9"": 9, ""10"": 11}"
1516,1516,True,,gemm\random\mappings\sample_1516_seed_1516.csv,5.270810726300278,327.84687839546,1.5628923004497994,1,0.000118055,0.27336104166666875,121856.0,32768.0,1.1868676849831383,0.0015287900653201713,True,vec,16,"{""1"": 7, ""2"": 1, ""3"": 5, ""4"": 10, ""5"": 14, ""6"": 15, ""7"": 2, ""8"": 3, ""9"": 5, ""10"": 13}"
1517,1517,True,,gemm\random\mappings\sample_1517_seed_1517.csv,4.707777507807597,326.36038612238,1.4192553249047932,0,0.0001167607,0.0,120832.0,24576.0,1.5931362824836341,0.001517070384325947,True,vec,16,"{""1"": 12, ""2"": 15, ""3"": 0, ""4"": 9, ""5"": 6, ""6"": 1, ""7"": 4, ""8"": 11, ""9"": 6, ""10"": 6}"
1518,1518,True,,gemm\random\mappings\sample_1518_seed_1518.csv,5.000945233429896,327.62743859626,1.63101213984415,1,0.0001182747,0.194666125,115712.0,27648.0,0.8059908748264233,0.0015313179213980283,True,vec,16,"{""1"": 6, ""2"": 15, ""3"": 8, ""4"": 7, ""5"": 3, ""6"": 1, ""7"": 4, ""8"": 13, ""9"": 9, ""10"": 11}"
1519,1519,True,,gemm\random\mappings\sample_1519_seed_1519.csv,5.293308761392105,326.68767439308,1.549346085046613,0,0.0001168368,0.0,139264.0,32768.0,2.3548899027970642,0.0015184815353027161,True,vec,16,"{""1"": 7, ""2"": 10, ""3"": 14, ""4"": 12, ""5"": 1, ""6"": 1, ""7"": 12, ""8"": 5, ""9"": 10, ""10"": 12}"
1520,1520,True,,gemm\random\mappings\sample_1520_seed_1520.csv,4.8084639361284855,327.6352276868,1.5759002593828595,1,0.0001175783,0.0658375,121856.0,16384.0,1.7073993255306488,0.001525143408941451,True,vec,16,"{""1"": 13, ""2"": 7, ""3"": 6, ""4"": 0, ""5"": 9, ""6"": 0, ""7"": 10, ""8"": 1, ""9"": 13, ""10"": 0}"
1521,1521,True,,gemm\random\mappings\sample_1521_seed_1521.csv,5.363405743958175,327.53372702727,1.561882901309738,1,0.0001467146,0.16292916666666876,134144.0,24576.0,1.2884348343582623,0.0016809794411557855,True,vec,16,"{""1"": 0, ""2"": 11, ""3"": 9, ""4"": 7, ""5"": 4, ""6"": 15, ""7"": 3, ""8"": 15, ""9"": 2, ""10"": 11}"
1522,1522,True,,gemm\random\mappings\sample_1522_seed_1522.csv,4.926860959745153,328.36909242665,1.597101241586607,2,0.0001191826,0.65847725,97280.0,16384.0,1.1487800039674667,0.0015408071546815557,True,vec,16,"{""1"": 5, ""2"": 5, ""3"": 12, ""4"": 14, ""5"": 7, ""6"": 8, ""7"": 1, ""8"": 0, ""9"": 2, ""10"": 1}"
1523,1523,True,,gemm\random\mappings\sample_1523_seed_1523.csv,4.612543028304022,327.77975253296,1.441445053626389,1,0.0001180969,0.25153604166666876,75776.0,19456.0,1.1868676849831383,0.0015275178799032314,True,vec,16,"{""1"": 5, ""2"": 13, ""3"": 7, ""4"": 1, ""5"": 6, ""6"": 0, ""7"": 7, ""8"": 9, ""9"": 4, ""10"": 10}"
1524,1524,True,,gemm\random\mappings\sample_1524_seed_1524.csv,4.985376283813616,328.15414909609,1.7428875728437565,1,0.0001198568,0.444601875,83968.0,18432.0,1.7835746875619918,0.0015452745618984522,True,vec,16,"{""1"": 1, ""2"": 8, ""3"": 6, ""4"": 1, ""5"": 0, ""6"": 3, ""7"": 10, ""8"": 15, ""9"": 6, ""10"": 6}"
1525,1525,True,,gemm\random\mappings\sample_1525_seed_1525.csv,5.609258129644354,327.6193691794,1.3767191021798353,1,0.0001665029,0.17465979166666876,97280.0,24576.0,2.3548899027970642,0.0017854244888145822,True,vec,16,"{""1"": 9, ""2"": 8, ""3"": 2, ""4"": 2, ""5"": 6, ""6"": 13, ""7"": 3, ""8"": 2, ""9"": 15, ""10"": 13}"
1526,1526,True,,gemm\random\mappings\sample_1526_seed_1526.csv,5.206932286526424,326.20516310054,1.3622585213147427,0,0.0001666306,0.0,97280.0,24576.0,1.8216623685776632,0.0017837398074969813,True,vec,16,"{""1"": 7, ""2"": 1, ""3"": 1, ""4"": 11, ""5"": 2, ""6"": 14, ""7"": 8, ""8"": 11, ""9"": 6, ""10"": 9}"
1527,1527,True,,gemm\random\mappings\sample_1527_seed_1527.csv,4.950212099456451,327.00583219991,1.5236237339118435,0,0.0001167568,0.0,120832.0,27648.0,1.7454870065463202,0.0015178405134626833,True,vec,16,"{""1"": 11, ""2"": 13, ""3"": 8, ""4"": 11, ""5"": 0, ""6"": 12, ""7"": 11, ""8"": 3, ""9"": 6, ""10"": 8}"
1528,1528,True,,gemm\random\mappings\sample_1528_seed_1528.csv,4.744743703820318,327.03464470112,1.4384358165746196,0,0.0001466628,0.0,86016.0,19456.0,1.1487800039674667,0.0016776988771459614,True,vec,16,"{""1"": 11, ""2"": 15, ""3"": 7, ""4"": 13, ""5"": 9, ""6"": 4, ""7"": 11, ""8"": 14, ""9"": 14, ""10"": 5}"
1529,1529,True,,gemm\random\mappings\sample_1529_seed_1529.csv,4.75685197877965,327.8489714487,1.6065242253388603,1,0.0001180466,0.270955625,90112.0,18432.0,1.3392184090458243,0.001528775955459284,True,vec,16,"{""1"": 10, ""2"": 3, ""3"": 4, ""4"": 11, ""5"": 14, ""6"": 13, ""7"": 8, ""8"": 14, ""9"": 9, ""10"": 9}"
1530,1530,True,,gemm\random\mappings\sample_1530_seed_1530.csv,5.010604634456122,326.15851080222,1.3190622197838098,0,0.0001666629,0.0,123904.0,18432.0,1.4407855584209481,0.00178350033190218,True,vec,16,"{""1"": 1, ""2"": 14, ""3"": 8, ""4"": 8, ""5"": 3, ""6"": 10, ""7"": 5, ""8"": 0, ""9"": 11, ""10"": 13}"
1531,1531,True,,gemm\random\mappings\sample_1531_seed_1531.csv,5.03376931320444,326.31727170669,1.3693859783137157,0,0.0001464529,0.0,119808.0,24576.0,1.6439198571711962,0.0016759136118638506,True,vec,16,"{""1"": 1, ""2"": 6, ""3"": 14, ""4"": 7, ""5"": 9, ""6"": 1, ""7"": 15, ""8"": 9, ""9"": 1, ""10"": 12}"
1532,1532,True,,gemm\random\mappings\sample_1532_seed_1532.csv,4.931515003427014,326.51092781428,1.3617463301753334,0,0.0001662606,0.0,84992.0,16384.0,1.8216623685776632,0.0017816491620712244,True,vec,16,"{""1"": 5, ""2"": 9, ""3"": 9, ""4"": 2, ""5"": 12, ""6"": 13, ""7"": 12, ""8"": 3, ""9"": 11, ""10"": 8}"
1533,1533,True,,gemm\random\mappings\sample_1533_seed_1533.csv,5.840552262659898,329.50585761565,1.8317125368964677,3,0.000121885,0.9232520312499982,116736.0,29696.0,1.1868676849831383,0.0015682551945155258,True,vec,16,"{""1"": 6, ""2"": 4, ""3"": 3, ""4"": 12, ""5"": 5, ""6"": 3, ""7"": 2, ""8"": 7, ""9"": 11, ""10"": 8}"
1534,1534,True,,gemm\random\mappings\sample_1534_seed_1534.csv,5.541376619941587,327.99973267818,1.7923666339314528,2,0.0001198911,0.462331390625,119808.0,27648.0,1.8724459432652252,0.0015494252610213982,True,vec,16,"{""1"": 11, ""2"": 4, ""3"": 11, ""4"": 12, ""5"": 8, ""6"": 11, ""7"": 10, ""8"": 12, ""9"": 6, ""10"": 3}"
1535,1535,True,,gemm\random\mappings\sample_1535_seed_1535.csv,4.898922464878148,326.58258512089,1.4071279670445065,0,0.0001464906,0.0,93184.0,18432.0,2.164451497718707,0.0016765564027146967,True,vec,16,"{""1"": 9, ""2"": 1, ""3"": 7, ""4"": 5, ""5"": 11, ""6"": 11, ""7"": 0, ""8"": 9, ""9"": 11, ""10"": 7}"
1536,1536,True,,gemm\random\mappings\sample_1536_seed_1536.csv,6.254782483643838,328.95853720301,1.664371939611822,1,0.0001666989,0.845459,132096.0,28672.0,2.177147391390597,0.0018054438165103768,True,vec,16,"{""1"": 3, ""2"": 11, ""3"": 11, ""4"": 14, ""5"": 15, ""6"": 4, ""7"": 4, ""8"": 5, ""9"": 6, ""10"": 11}"
1537,1537,True,,gemm\random\mappings\sample_1537_seed_1537.csv,5.361209088965878,327.17145146386,1.6120986968800894,1,0.0001168886,0.004054,133120.0,32768.0,1.9486213052965682,0.0015195828476600528,True,vec,16,"{""1"": 11, ""2"": 14, ""3"": 12, ""4"": 0, ""5"": 9, ""6"": 14, ""7"": 9, ""8"": 10, ""9"": 0, ""10"": 6}"
1538,1538,True,,gemm\random\mappings\sample_1538_seed_1538.csv,5.523821173628643,327.84451010769,1.5733000651734994,1,0.0001682666,0.0952061875,129024.0,20480.0,1.4407855584209481,0.0017989264460231379,True,vec,16,"{""1"": 8, ""2"": 3, ""3"": 5, ""4"": 0, ""5"": 0, ""6"": 12, ""7"": 6, ""8"": 4, ""9"": 14, ""10"": 15}"
1539,1539,True,,gemm\random\mappings\sample_1539_seed_1539.csv,5.7676434416044335,327.90401771086,1.854297683785696,2,0.0001179286,0.3427401822916687,162816.0,32768.0,1.5677444951398531,0.0015339063940653693,True,vec,16,"{""1"": 0, ""2"": 11, ""3"": 14, ""4"": 13, ""5"": 3, ""6"": 7, ""7"": 12, ""8"": 11, ""9"": 3, ""10"": 2}"
1540,1540,True,,gemm\random\mappings\sample_1540_seed_1540.csv,5.685759298752695,327.93242349705,1.3572105057963308,2,0.0001672086,0.37956645833333125,82944.0,27648.0,1.7073993255306488,0.0017934640154623775,True,vec,16,"{""1"": 1, ""2"": 11, ""3"": 2, ""4"": 4, ""5"": 2, ""6"": 3, ""7"": 1, ""8"": 8, ""9"": 6, ""10"": 6}"
1541,1541,True,,gemm\random\mappings\sample_1541_seed_1541.csv,4.980379064299748,326.27946438382,1.3306608939300992,0,0.0001665067,0.0,73728.0,20480.0,1.8216623685776632,0.0017818936785715016,True,vec,16,"{""1"": 10, ""2"": 11, ""3"": 8, ""4"": 11, ""5"": 6, ""6"": 0, ""7"": 0, ""8"": 5, ""9"": 7, ""10"": 7}"
1542,1542,True,,gemm\random\mappings\sample_1542_seed_1542.csv,4.313562414150651,327.10382266294,1.4810143714929591,0,0.0001166146,0.0,82944.0,16384.0,1.1487800039674667,0.001516468780165176,True,vec,16,"{""1"": 11, ""2"": 6, ""3"": 11, ""4"": 4, ""5"": 3, ""6"": 5, ""7"": 15, ""8"": 9, ""9"": 2, ""10"": 5}"
1543,1543,True,,gemm\random\mappings\sample_1543_seed_1543.csv,5.205383239073599,327.6901999591,1.6052064473865266,1,0.0001187128,0.21937749999999998,162816.0,25600.0,1.1868676849831383,0.0015340652221340304,True,vec,16,"{""1"": 3, ""2"": 12, ""3"": 1, ""4"": 15, ""5"": 13, ""6"": 15, ""7"": 0, ""8"": 9, ""9"": 7, ""10"": 6}"
1544,1544,True,,gemm\random\mappings\sample_1544_seed_1544.csv,4.734701559514751,326.73900407577,1.3382076983402842,0,0.0001464049,0.0,102400.0,20480.0,1.0345169609204523,0.0016755539571611914,True,vec,16,"{""1"": 6, ""2"": 5, ""3"": 0, ""4"": 3, ""5"": 14, ""6"": 7, ""7"": 7, ""8"": 13, ""9"": 10, ""10"": 8}"
1545,1545,True,,gemm\random\mappings\sample_1545_seed_1545.csv,4.372776416097313,326.73173454415,1.4483893874522276,0,0.000116987,0.0,77824.0,18432.0,1.4407855584209481,0.0015186298390512721,True,vec,16,"{""1"": 6, ""2"": 10, ""3"": 7, ""4"": 4, ""5"": 5, ""6"": 0, ""7"": 14, ""8"": 12, ""9"": 10, ""10"": 7}"
1546,1546,True,,gemm\random\mappings\sample_1546_seed_1546.csv,6.2982571791022295,326.18281957456,1.2383969297990423,0,0.0002165528,0.0,129024.0,32768.0,2.710374925609998,0.0020493980001137216,True,vec,16,"{""1"": 4, ""2"": 13, ""3"": 11, ""4"": 13, ""5"": 13, ""6"": 5, ""7"": 7, ""8"": 15, ""9"": 8, ""10"": 6}"
1547,1547,True,,gemm\random\mappings\sample_1547_seed_1547.csv,5.138455162968937,327.40586964002,1.5881126742268823,2,0.0001468248,0.12095700000000001,109568.0,17408.0,1.2884348343582623,0.0016827966490466904,True,vec,16,"{""1"": 3, ""2"": 11, ""3"": 14, ""4"": 7, ""5"": 6, ""6"": 0, ""7"": 13, ""8"": 13, ""9"": 9, ""10"": 6}"
1548,1548,True,,gemm\random\mappings\sample_1548_seed_1548.csv,4.402626345044912,326.29114508112,1.482028254816991,0,0.0001166806,0.0,110592.0,18432.0,1.1487800039674667,0.0015171609837665472,True,vec,16,"{""1"": 5, ""2"": 5, ""3"": 12, ""4"": 15, ""5"": 3, ""6"": 6, ""7"": 2, ""8"": 10, ""9"": 14, ""10"": 10}"
1549,1549,True,,gemm\random\mappings\sample_1549_seed_1549.csv,4.743907025585097,326.73871782585,1.345680603259848,0,0.0001464228,0.0,88064.0,18432.0,1.6058321761555248,0.0016753754051314807,True,vec,16,"{""1"": 5, ""2"": 3, ""3"": 0, ""4"": 5, ""5"": 14, ""6"": 1, ""7"": 1, ""8"": 11, ""9"": 14, ""10"": 13}"
1550,1550,True,,gemm\random\mappings\sample_1550_seed_1550.csv,4.512825445150595,326.29029465786,1.4445106316453127,0,0.0001166469,0.0,97280.0,18432.0,1.9740130926403492,0.0015163916787402389,True,vec,16,"{""1"": 2, ""2"": 1, ""3"": 9, ""4"": 11, ""5"": 10, ""6"": 6, ""7"": 13, ""8"": 1, ""9"": 9, ""10"": 1}"
1551,1551,True,,gemm\random\mappings\sample_1551_seed_1551.csv,4.85562788778268,327.52711080412,1.6988709598352716,1,0.0001180829,0.09309328124999999,99328.0,18432.0,1.7581829002182108,0.0015292546735113709,True,vec,16,"{""1"": 4, ""2"": 12, ""3"": 3, ""4"": 2, ""5"": 4, ""6"": 12, ""7"": 0, ""8"": 3, ""9"": 9, ""10"": 7}"
1552,1552,True,,gemm\random\mappings\sample_1552_seed_1552.csv,5.232662698463068,327.68093375637,1.7609013795790012,2,0.0001181106,0.191257265625,108544.0,24576.0,1.6820075381868678,0.0015333074414547846,True,vec,16,"{""1"": 5, ""2"": 12, ""3"": 0, ""4"": 8, ""5"": 3, ""6"": 5, ""7"": 7, ""8"": 12, ""9"": 3, ""10"": 1}"
1553,1553,True,,gemm\random\mappings\sample_1553_seed_1553.csv,4.883333055056806,327.52928504704,1.455520247689323,1,0.0001176249,0.14246041666666875,97280.0,28672.0,0.9583415988891093,0.0015239537130685896,True,vec,16,"{""1"": 9, ""2"": 2, ""3"": 6, ""4"": 11, ""5"": 8, ""6"": 0, ""7"": 10, ""8"": 1, ""9"": 15, ""10"": 10}"
1554,1554,True,,gemm\random\mappings\sample_1554_seed_1554.csv,6.559219823475905,326.19932368167,1.2241950962098966,0,0.0002167448,0.0,159744.0,28672.0,3.9672683991271573,0.0020508957354746916,True,vec,16,"{""1"": 13, ""2"": 2, ""3"": 2, ""4"": 2, ""5"": 4, ""6"": 4, ""7"": 13, ""8"": 9, ""9"": 8, ""10"": 2}"
1555,1555,True,,gemm\random\mappings\sample_1555_seed_1555.csv,6.5283993957462165,326.64152310596,1.4033888974449098,0,0.0001966328,0.0,145408.0,32768.0,3.979964292799048,0.001945272431143127,True,vec,16,"{""1"": 11, ""2"": 1, ""3"": 4, ""4"": 2, ""5"": 4, ""6"": 4, ""7"": 2, ""8"": 7, ""9"": 4, ""10"": 2}"
1556,1556,True,,gemm\random\mappings\sample_1556_seed_1556.csv,4.876798800201809,327.40166317064,1.6169361910332962,1,0.0001166928,0.037931484375,80896.0,26624.0,1.3773060900614957,0.001518954255949318,True,vec,16,"{""1"": 11, ""2"": 8, ""3"": 14, ""4"": 11, ""5"": 6, ""6"": 10, ""7"": 13, ""8"": 14, ""9"": 7, ""10"": 12}"
1557,1557,True,,gemm\random\mappings\sample_1557_seed_1557.csv,5.5091038285650376,327.75857675674,1.577436303819725,1,0.0001464247,0.159426328125,141312.0,26624.0,1.4153937710771671,0.0016834342531843699,True,vec,16,"{""1"": 2, ""2"": 11, ""3"": 3, ""4"": 15, ""5"": 12, ""6"": 15, ""7"": 1, ""8"": 1, ""9"": 7, ""10"": 6}"
1558,1558,True,,gemm\random\mappings\sample_1558_seed_1558.csv,4.666370239871292,326.27999386282,1.284703372667338,0,0.0001465846,0.0,108544.0,16384.0,1.5169609204522911,0.0016753569750392334,True,vec,16,"{""1"": 4, ""2"": 0, ""3"": 10, ""4"": 3, ""5"": 12, ""6"": 8, ""7"": 8, ""8"": 6, ""9"": 6, ""10"": 10}"
1559,1559,True,,gemm\random\mappings\sample_1559_seed_1559.csv,5.003006765777195,325.99948842207,1.3675170877571359,0,0.0001664846,0.0,94208.0,16384.0,2.202539178734378,0.0017815834421693348,True,vec,16,"{""1"": 14, ""2"": 10, ""3"": 11, ""4"": 5, ""5"": 11, ""6"": 0, ""7"": 11, ""8"": 13, ""9"": 12, ""10"": 8}"
1560,1560,True,,gemm\random\mappings\sample_1560_seed_1560.csv,5.472263927364422,327.78091519887,1.6939207445018776,3,0.0001199267,0.6324572083333313,131072.0,26624.0,1.1868676849831383,0.0015465419898040137,True,vec,16,"{""1"": 14, ""2"": 4, ""3"": 6, ""4"": 0, ""5"": 13, ""6"": 6, ""7"": 10, ""8"": 11, ""9"": 7, ""10"": 9}"
1561,1561,True,,gemm\random\mappings\sample_1561_seed_1561.csv,5.070126433581969,326.50796481168,1.3996588969590955,0,0.0001465849,0.0,133120.0,24576.0,1.4153937710771671,0.0016771960040771606,True,vec,16,"{""1"": 7, ""2"": 12, ""3"": 1, ""4"": 11, ""5"": 14, ""6"": 9, ""7"": 13, ""8"": 13, ""9"": 11, ""10"": 2}"
1562,1562,True,,gemm\random\mappings\sample_1562_seed_1562.csv,5.287781495754179,326.80762078671,1.4327676782612535,0,0.0001466029,0.0,133120.0,32768.0,1.0345169609204523,0.0016774987000563145,True,vec,16,"{""1"": 11, ""2"": 9, ""3"": 12, ""4"": 6, ""5"": 0, ""6"": 4, ""7"": 4, ""8"": 7, ""9"": 5, ""10"": 3}"
1563,1563,True,,gemm\random\mappings\sample_1563_seed_1563.csv,4.777033835487527,326.7224435605,1.4546005347980173,0,0.0001465147,0.0,79872.0,20480.0,1.3773060900614957,0.0016767469128225905,True,vec,16,"{""1"": 10, ""2"": 11, ""3"": 9, ""4"": 10, ""5"": 0, ""6"": 13, ""7"": 15, ""8"": 7, ""9"": 13, ""10"": 15}"
1564,1564,True,,gemm\random\mappings\sample_1564_seed_1564.csv,6.092964093707871,328.38614620747,1.5779156038478444,2,0.0001678726,0.6068501458333313,117760.0,27648.0,2.012100773656021,0.0018024218736426242,True,vec,16,"{""1"": 3, ""2"": 3, ""3"": 4, ""4"": 4, ""5"": 5, ""6"": 0, ""7"": 5, ""8"": 13, ""9"": 6, ""10"": 14}"
1565,1565,True,,gemm\random\mappings\sample_1565_seed_1565.csv,4.977567776815735,328.2974677458,1.779875256458054,2,0.0001206868,0.681341125,75776.0,18432.0,0.9964292799047808,0.0015549411041568568,True,vec,16,"{""1"": 9, ""2"": 15, ""3"": 12, ""4"": 8, ""5"": 9, ""6"": 6, ""7"": 13, ""8"": 5, ""9"": 14, ""10"": 1}"
1566,1566,True,,gemm\random\mappings\sample_1566_seed_1566.csv,4.989149830609268,326.45062104523,1.5224914261449745,0,0.0001461968,0.0,122880.0,16384.0,2.177147391390597,0.0016758344271176108,True,vec,16,"{""1"": 2, ""2"": 0, ""3"": 8, ""4"": 11, ""5"": 7, ""6"": 0, ""7"": 7, ""8"": 15, ""9"": 0, ""10"": 12}"
1567,1567,True,,gemm\random\mappings\sample_1567_seed_1567.csv,6.68153952814519,326.41264803467,1.3290173315727565,0,0.0002166469,0.0,104448.0,28672.0,5.186074191628645,0.0020502637176624387,True,vec,16,"{""1"": 3, ""2"": 5, ""3"": 5, ""4"": 3, ""5"": 5, ""6"": 0, ""7"": 0, ""8"": 5, ""9"": 15, ""10"": 5}"
1568,1568,True,,gemm\random\mappings\sample_1568_seed_1568.csv,5.553779559718985,327.58821256839,1.531618245352311,1,0.0001665548,0.14385875,109568.0,20480.0,2.177147391390597,0.001786781490446529,True,vec,16,"{""1"": 14, ""2"": 15, ""3"": 1, ""4"": 5, ""5"": 15, ""6"": 12, ""7"": 13, ""8"": 3, ""9"": 3, ""10"": 15}"
1569,1569,True,,gemm\random\mappings\sample_1569_seed_1569.csv,5.363344709314416,327.78885952976,1.5462934960064714,1,0.0001465387,0.21192519230769374,92160.0,26624.0,1.6058321761555248,0.0016833996844374042,True,vec,16,"{""1"": 12, ""2"": 12, ""3"": 6, ""4"": 10, ""5"": 13, ""6"": 1, ""7"": 6, ""8"": 9, ""9"": 1, ""10"": 3}"
1570,1570,True,,gemm\random\mappings\sample_1570_seed_1570.csv,5.079029390489536,327.56014550861,1.654209925025656,1,0.0001478229,0.075129147727275,87040.0,16384.0,1.7962705812338822,0.0016889987460698118,True,vec,16,"{""1"": 2, ""2"": 1, ""3"": 7, ""4"": 11, ""5"": 0, ""6"": 0, ""7"": 5, ""8"": 9, ""9"": 0, ""10"": 13}"
1571,1571,True,,gemm\random\mappings\sample_1571_seed_1571.csv,5.274527812914501,326.09019923333,1.4072208222098401,0,0.0001665326,0.0,83968.0,26624.0,2.0374925609998016,0.00178250121662472,True,vec,16,"{""1"": 5, ""2"": 13, ""3"": 4, ""4"": 13, ""5"": 9, ""6"": 5, ""7"": 3, ""8"": 8, ""9"": 3, ""10"": 4}"
1572,1572,True,,gemm\random\mappings\sample_1572_seed_1572.csv,5.44077009677587,327.78528755668,1.642186672943577,1,0.0001180469,0.25829958333333125,120832.0,34816.0,1.5677444951398531,0.0015289107519073457,True,vec,16,"{""1"": 8, ""2"": 5, ""3"": 6, ""4"": 10, ""5"": 2, ""6"": 10, ""7"": 0, ""8"": 4, ""9"": 6, ""10"": 13}"
1573,1573,True,,gemm\random\mappings\sample_1573_seed_1573.csv,5.598973649140107,328.06654964861,1.9817238314281764,3,0.000120629,0.7867530520833311,167936.0,19456.0,1.1868676849831383,0.0015610136066079665,True,vec,16,"{""1"": 12, ""2"": 3, ""3"": 0, ""4"": 4, ""5"": 7, ""6"": 3, ""7"": 2, ""8"": 15, ""9"": 1, ""10"": 8}"
1574,1574,True,,gemm\random\mappings\sample_1574_seed_1574.csv,5.434554624139597,329.28416414827,1.7330152632705706,3,0.0001210008,1.0942391666666895,115712.0,18432.0,1.1487800039674667,0.0015560151987332608,True,vec,16,"{""1"": 15, ""2"": 4, ""3"": 7, ""4"": 6, ""5"": 15, ""6"": 13, ""7"": 12, ""8"": 10, ""9"": 8, ""10"": 10}"
1575,1575,True,,gemm\random\mappings\sample_1575_seed_1575.csv,4.938809847736743,326.66793874429,1.3734107373760107,0,0.0001664066,0.0,80896.0,16384.0,1.8216623685776632,0.001782526176931919,True,vec,16,"{""1"": 7, ""2"": 3, ""3"": 5, ""4"": 10, ""5"": 3, ""6"": 13, ""7"": 14, ""8"": 6, ""9"": 14, ""10"": 13}"
1576,1576,True,,gemm\random\mappings\sample_1576_seed_1576.csv,6.392072598361564,325.91093179889,1.2202417523375269,0,0.0002163607,0.0,60416.0,34816.0,4.2338821662368575,0.0020480521909061245,True,vec,16,"{""1"": 9, ""2"": 10, ""3"": 10, ""4"": 10, ""5"": 11, ""6"": 11, ""7"": 10, ""8"": 14, ""9"": 1, ""10"": 6}"
1577,1577,True,,gemm\random\mappings\sample_1577_seed_1577.csv,5.109496843571818,327.56330395697,1.4463372225091482,1,0.0001466988,0.103779296875,91136.0,18432.0,2.050188454671692,0.0016813954774009589,True,vec,16,"{""1"": 9, ""2"": 11, ""3"": 5, ""4"": 4, ""5"": 15, ""6"": 2, ""7"": 4, ""8"": 2, ""9"": 15, ""10"": 11}"
1578,1578,True,,gemm\random\mappings\sample_1578_seed_1578.csv,6.554954671173772,329.75050671328,1.7496524013531063,3,0.0001802789,1.7688072417582437,60416.0,20480.0,2.8246379686570124,0.0019071979901681196,True,vec,16,"{""1"": 14, ""2"": 11, ""3"": 15, ""4"": 14, ""5"": 10, ""6"": 11, ""7"": 2, ""8"": 11, ""9"": 11, ""10"": 1}"
1579,1579,True,,gemm\random\mappings\sample_1579_seed_1579.csv,5.829493632572536,328.00391304483,1.7614127533211563,4,0.0001490947,0.75177725,90112.0,26624.0,1.1487800039674667,0.001709056733403105,True,vec,16,"{""1"": 3, ""2"": 11, ""3"": 15, ""4"": 2, ""5"": 7, ""6"": 13, ""7"": 13, ""8"": 12, ""9"": 3, ""10"": 5}"
1580,1580,True,,gemm\random\mappings\sample_1580_seed_1580.csv,5.1455478109484405,326.37747835085,1.4010295754280198,0,0.0001666626,0.0,116736.0,16384.0,2.202539178734378,0.0017841238175569092,True,vec,16,"{""1"": 4, ""2"": 0, ""3"": 12, ""4"": 11, ""5"": 11, ""6"": 0, ""7"": 14, ""8"": 8, ""9"": 12, ""10"": 13}"
1581,1581,True,,gemm\random\mappings\sample_1581_seed_1581.csv,5.183356678294289,326.06959027826,1.4375829123196413,0,0.0001664069,0.0,99328.0,18432.0,2.4691529458440784,0.00178218672563553,True,vec,16,"{""1"": 11, ""2"": 15, ""3"": 15, ""4"": 12, ""5"": 2, ""6"": 1, ""7"": 11, ""8"": 1, ""9"": 2, ""10"": 1}"
1582,1582,True,,gemm\random\mappings\sample_1582_seed_1582.csv,5.778138379982141,327.84094128455,1.5754302105704956,2,0.0001663428,0.36339458333333124,117760.0,24576.0,1.5931362824836341,0.0017899752860040235,True,vec,16,"{""1"": 6, ""2"": 7, ""3"": 13, ""4"": 13, ""5"": 12, ""6"": 11, ""7"": 10, ""8"": 1, ""9"": 14, ""10"": 1}"
1583,1583,True,,gemm\random\mappings\sample_1583_seed_1583.csv,5.304926599877277,327.9991867937,1.729952138273142,2,0.0001186867,0.40666015625,119808.0,25600.0,1.3392184090458243,0.0015380686319010988,True,vec,16,"{""1"": 13, ""2"": 6, ""3"": 3, ""4"": 15, ""5"": 5, ""6"": 2, ""7"": 1, ""8"": 14, ""9"": 3, ""10"": 1}"
1584,1584,True,,gemm\random\mappings\sample_1584_seed_1584.csv,5.317572582797369,327.54866414638,1.419886795571376,1,0.0001665809,0.12472875000000001,100352.0,18432.0,1.8216623685776632,0.0017867772044201967,True,vec,16,"{""1"": 10, ""2"": 9, ""3"": 3, ""4"": 2, ""5"": 2, ""6"": 7, ""7"": 5, ""8"": 9, ""9"": 14, ""10"": 4}"
1585,1585,True,,gemm\random\mappings\sample_1585_seed_1585.csv,5.170096046694273,326.25302587864,1.4777191690602514,0,0.0001662288,0.0,114688.0,18432.0,1.9740130926403492,0.0017825334954818192,True,vec,16,"{""1"": 10, ""2"": 0, ""3"": 15, ""4"": 15, ""5"": 8, ""6"": 5, ""7"": 8, ""8"": 12, ""9"": 1, ""10"": 12}"
1586,1586,True,,gemm\random\mappings\sample_1586_seed_1586.csv,4.974171594598267,327.61846400587,1.480990194419409,1,0.0001179308,0.18057604166666874,121856.0,24576.0,1.3773060900614957,0.0015262250917419903,True,vec,16,"{""1"": 11, ""2"": 4, ""3"": 2, ""4"": 11, ""5"": 12, ""6"": 4, ""7"": 14, ""8"": 7, ""9"": 3, ""10"": 15}"
1587,1587,True,,gemm\random\mappings\sample_1587_seed_1587.csv,5.225031766444785,327.08136427798,1.474691258510078,0,0.0001666969,0.0,75776.0,24576.0,1.6312239634993058,0.0017853926803396687,True,vec,16,"{""1"": 2, ""2"": 5, ""3"": 1, ""4"": 5, ""5"": 2, ""6"": 4, ""7"": 13, ""8"": 12, ""9"": 15, ""10"": 6}"
1588,1588,True,,gemm\random\mappings\sample_1588_seed_1588.csv,5.275847616904345,325.6673804755,1.3035562362813522,0,0.000166987,0.0,110592.0,27648.0,1.8216623685776632,0.0017851512128373517,True,vec,16,"{""1"": 4, ""2"": 2, ""3"": 7, ""4"": 8, ""5"": 7, ""6"": 5, ""7"": 10, ""8"": 8, ""9"": 0, ""10"": 11}"
1589,1589,True,,gemm\random\mappings\sample_1589_seed_1589.csv,5.024690855471912,326.45626714153,1.4452748297494873,0,0.0001463568,0.0,117760.0,24576.0,1.4153937710771671,0.0016758890098422868,True,vec,16,"{""1"": 1, ""2"": 5, ""3"": 14, ""4"": 10, ""5"": 3, ""6"": 0, ""7"": 6, ""8"": 0, ""9"": 10, ""10"": 12}"
1590,1590,True,,gemm\random\mappings\sample_1590_seed_1590.csv,5.130357774841778,327.69132802671,1.6995118039818584,1,0.0001186987,0.13894453125,128000.0,26624.0,1.1868676849831383,0.001534231014545103,True,vec,16,"{""1"": 1, ""2"": 11, ""3"": 12, ""4"": 8, ""5"": 0, ""6"": 3, ""7"": 10, ""8"": 12, ""9"": 6, ""10"": 15}"
1591,1591,True,,gemm\random\mappings\sample_1591_seed_1591.csv,4.716899793764689,327.46702284985,1.502769642063079,1,0.000147125,0.06007552083333313,101376.0,11264.0,1.0345169609204523,0.0016823219091572535,True,vec,16,"{""1"": 5, ""2"": 4, ""3"": 14, ""4"": 1, ""5"": 13, ""6"": 3, ""7"": 7, ""8"": 9, ""9"": 3, ""10"": 8}"
1592,1592,True,,gemm\random\mappings\sample_1592_seed_1592.csv,4.825617673021447,327.62311953115,1.7237205533559068,2,0.0001175046,0.21775170833333124,89088.0,18432.0,1.1487800039674667,0.0015260534253902622,True,vec,16,"{""1"": 11, ""2"": 6, ""3"": 7, ""4"": 0, ""5"": 11, ""6"": 3, ""7"": 15, ""8"": 4, ""9"": 14, ""10"": 14}"
1593,1593,True,,gemm\random\mappings\sample_1593_seed_1593.csv,5.854589874255673,327.93252070031,1.7941296427888915,3,0.0001208228,0.6982684861111126,143360.0,33792.0,1.3011307280301527,0.0015541421736849944,True,vec,16,"{""1"": 13, ""2"": 3, ""3"": 10, ""4"": 2, ""5"": 15, ""6"": 12, ""7"": 2, ""8"": 13, ""9"": 14, ""10"": 5}"
1594,1594,True,,gemm\random\mappings\sample_1594_seed_1594.csv,4.444022595013221,326.35853538315,1.4262383642830143,0,0.0001167906,0.0,96256.0,17408.0,1.8216623685776632,0.0015172420030869318,True,vec,16,"{""1"": 5, ""2"": 1, ""3"": 2, ""4"": 15, ""5"": 9, ""6"": 9, ""7"": 7, ""8"": 2, ""9"": 14, ""10"": 1}"
1595,1595,True,,gemm\random\mappings\sample_1595_seed_1595.csv,5.684117946206768,327.84657645018,1.6129420277656132,2,0.000148175,0.22241394188596308,121856.0,25600.0,1.9740130926403492,0.001693927160354523,True,vec,16,"{""1"": 7, ""2"": 0, ""3"": 13, ""4"": 7, ""5"": 2, ""6"": 11, ""7"": 3, ""8"": 7, ""9"": 3, ""10"": 13}"
1596,1596,True,,gemm\random\mappings\sample_1596_seed_1596.csv,5.79840625061914,327.93658947039,1.644070775223835,2,0.0001466489,0.5455257499999999,159744.0,28672.0,1.0345169609204523,0.0016911397784327444,True,vec,16,"{""1"": 3, ""2"": 8, ""3"": 12, ""4"": 7, ""5"": 4, ""6"": 5, ""7"": 0, ""8"": 15, ""9"": 0, ""10"": 10}"
1597,1597,True,,gemm\random\mappings\sample_1597_seed_1597.csv,4.994632987834406,326.60178738193,1.4200425810275468,0,0.0001168388,0.0,129024.0,34816.0,1.1868676849831383,0.0015175428190158525,True,vec,16,"{""1"": 15, ""2"": 14, ""3"": 5, ""4"": 12, ""5"": 2, ""6"": 12, ""7"": 6, ""8"": 11, ""9"": 4, ""10"": 13}"
1598,1598,True,,gemm\random\mappings\sample_1598_seed_1598.csv,5.55499628420428,327.48094453208,1.5211947455490775,1,0.0001667469,0.12195924999999999,106496.0,26624.0,1.4407855584209481,0.0017887501624322543,True,vec,16,"{""1"": 15, ""2"": 13, ""3"": 11, ""4"": 12, ""5"": 13, ""6"": 0, ""7"": 9, ""8"": 2, ""9"": 4, ""10"": 3}"
1599,1599,True,,gemm\random\mappings\sample_1599_seed_1599.csv,6.223838254454194,328.38504156304,1.4579339502774837,2,0.0001664726,0.7082527083333312,147456.0,32768.0,1.5931362824836341,0.00179314673140727,True,vec,16,"{""1"": 15, ""2"": 0, ""3"": 6, ""4"": 12, ""5"": 6, ""6"": 2, ""7"": 3, ""8"": 10, ""9"": 14, ""10"": 10}"
1600,1600,True,,gemm\random\mappings\sample_1600_seed_1600.csv,4.982246286796866,327.99209999351,1.6953244771587235,1,0.0001197788,0.3668865,148480.0,16384.0,1.1868676849831383,0.0015432329085789142,True,vec,16,"{""1"": 0, ""2"": 11, ""3"": 4, ""4"": 12, ""5"": 13, ""6"": 13, ""7"": 6, ""8"": 3, ""9"": 1, ""10"": 15}"
1601,1601,True,,gemm\random\mappings\sample_1601_seed_1601.csv,6.268346884348391,328.38719411282,1.5047635894336815,2,0.000166821,0.526597597222225,117760.0,34816.0,2.0882761356873636,0.001796441115346219,True,vec,16,"{""1"": 12, ""2"": 15, ""3"": 9, ""4"": 5, ""5"": 5, ""6"": 8, ""7"": 12, ""8"": 9, ""9"": 3, ""10"": 8}"
1602,1602,True,,gemm\random\mappings\sample_1602_seed_1602.csv,5.509410438650752,327.62289628077,1.3556394791342283,1,0.0001465526,0.18075645833333123,125952.0,34816.0,1.0345169609204523,0.0016789420217688605,True,vec,16,"{""1"": 8, ""2"": 9, ""3"": 15, ""4"": 7, ""5"": 1, ""6"": 12, ""7"": 13, ""8"": 10, ""9"": 10, ""10"": 6}"
1603,1603,True,,gemm\random\mappings\sample_1603_seed_1603.csv,5.080552585177332,326.30394738477,1.2416107147182858,0,0.0001765027,0.0,110592.0,18432.0,1.5677444951398531,0.0018361648075174571,True,vec,16,"{""1"": 1, ""2"": 13, ""3"": 0, ""4"": 10, ""5"": 6, ""6"": 4, ""7"": 11, ""8"": 4, ""9"": 4, ""10"": 1}"
1604,1604,True,,gemm\random\mappings\sample_1604_seed_1604.csv,5.15957266866546,327.40503375044,1.6313389561057299,2,0.0001171608,0.11061140625,134144.0,24576.0,1.4407855584209481,0.0015224953484610948,True,vec,16,"{""1"": 0, ""2"": 8, ""3"": 14, ""4"": 10, ""5"": 6, ""6"": 9, ""7"": 14, ""8"": 11, ""9"": 13, ""10"": 6}"
1605,1605,True,,gemm\random\mappings\sample_1605_seed_1605.csv,5.950818793252564,329.06134131773,1.5547153201385169,1,0.0001467606,0.8820506250000001,132096.0,32768.0,1.4153937710771671,0.001698192512566648,True,vec,16,"{""1"": 4, ""2"": 2, ""3"": 13, ""4"": 7, ""5"": 3, ""6"": 7, ""7"": 14, ""8"": 9, ""9"": 9, ""10"": 10}"
1606,1606,True,,gemm\random\mappings\sample_1606_seed_1606.csv,5.436401431845713,326.66647915265,1.51590146873455,0,0.0001666506,0.0,116736.0,26624.0,1.6947034318587582,0.001785622929525702,True,vec,16,"{""1"": 14, ""2"": 2, ""3"": 6, ""4"": 2, ""5"": 7, ""6"": 1, ""7"": 15, ""8"": 11, ""9"": 10, ""10"": 7}"
1607,1607,True,,gemm\random\mappings\sample_1607_seed_1607.csv,5.31274611092036,327.0082885477,1.4553227935617838,0,0.0001466467,0.0,140288.0,24576.0,2.050188454671692,0.001678010802117493,True,vec,16,"{""1"": 3, ""2"": 8, ""3"": 15, ""4"": 0, ""5"": 5, ""6"": 8, ""7"": 4, ""8"": 8, ""9"": 7, ""10"": 5}"
1608,1608,True,,gemm\random\mappings\sample_1608_seed_1608.csv,5.281185147451366,326.07801018022,1.344355492397082,0,0.0001666987,0.0,98304.0,24576.0,2.2406268597500496,0.0017829553165609837,True,vec,16,"{""1"": 5, ""2"": 11, ""3"": 11, ""4"": 5, ""5"": 2, ""6"": 10, ""7"": 2, ""8"": 13, ""9"": 13, ""10"": 7}"
1609,1609,True,,gemm\random\mappings\sample_1609_seed_1609.csv,4.949232212010225,326.89501478316,1.5973772275879043,0,0.0001170149,0.0,125952.0,25600.0,1.8216623685776632,0.0015199385340734105,True,vec,16,"{""1"": 13, ""2"": 7, ""3"": 2, ""4"": 5, ""5"": 15, ""6"": 6, ""7"": 15, ""8"": 2, ""9"": 10, ""10"": 5}"
1610,1610,True,,gemm\random\mappings\sample_1610_seed_1610.csv,4.318887706275073,326.69443565537,1.4908254650988673,0,0.0001167727,0.0,82944.0,17408.0,1.1868676849831383,0.001517368525230908,True,vec,16,"{""1"": 9, ""2"": 12, ""3"": 4, ""4"": 10, ""5"": 1, ""6"": 14, ""7"": 0, ""8"": 5, ""9"": 10, ""10"": 8}"
1611,1611,True,,gemm\random\mappings\sample_1611_seed_1611.csv,6.338766887856609,326.19918275079,1.256506455068928,0,0.0002162488,0.0,84992.0,29696.0,4.081531442174172,0.002047922628836022,True,vec,16,"{""1"": 9, ""2"": 8, ""3"": 8, ""4"": 3, ""5"": 8, ""6"": 2, ""7"": 2, ""8"": 1, ""9"": 8, ""10"": 6}"
1612,1612,True,,gemm\random\mappings\sample_1612_seed_1612.csv,5.026344594700245,326.67257126723,1.507784669527914,0,0.000146699,0.0,110592.0,25600.0,1.1487800039674667,0.0016786634574452374,True,vec,16,"{""1"": 4, ""2"": 14, ""3"": 5, ""4"": 13, ""5"": 0, ""6"": 1, ""7"": 9, ""8"": 4, ""9"": 1, ""10"": 15}"
1613,1613,True,,gemm\random\mappings\sample_1613_seed_1613.csv,4.339403384716977,326.23565077385,1.3071418617844008,0,0.0001167128,0.0,95232.0,18432.0,1.5296568141241818,0.0015161539010193285,True,vec,16,"{""1"": 10, ""2"": 2, ""3"": 12, ""4"": 5, ""5"": 11, ""6"": 11, ""7"": 10, ""8"": 4, ""9"": 1, ""10"": 10}"
1614,1614,True,,gemm\random\mappings\sample_1614_seed_1614.csv,5.277461006305215,326.05258871997,1.320546292816446,0,0.0001665507,0.0,81920.0,24576.0,2.583415988891093,0.0017818993600812873,True,vec,16,"{""1"": 6, ""2"": 4, ""3"": 7, ""4"": 11, ""5"": 4, ""6"": 7, ""7"": 5, ""8"": 7, ""9"": 10, ""10"": 5}"
1615,1615,True,,gemm\random\mappings\sample_1615_seed_1615.csv,5.087048027809198,326.66661555123,1.4142866185691283,0,0.0001465649,0.0,121856.0,27648.0,1.1487800039674667,0.0016770474773088325,True,vec,16,"{""1"": 11, ""2"": 9, ""3"": 8, ""4"": 7, ""5"": 0, ""6"": 1, ""7"": 11, ""8"": 5, ""9"": 1, ""10"": 12}"
1616,1616,True,,gemm\random\mappings\sample_1616_seed_1616.csv,5.674986961083967,326.34995383495,1.33909363907409,0,0.0001663766,0.0,116736.0,34816.0,2.164451497718707,0.0017825707622821255,True,vec,16,"{""1"": 11, ""2"": 4, ""3"": 9, ""4"": 9, ""5"": 5, ""6"": 10, ""7"": 4, ""8"": 10, ""9"": 11, ""10"": 14}"
1617,1617,True,,gemm\random\mappings\sample_1617_seed_1617.csv,5.11773613538562,325.94985883871,1.3070729295376162,0,0.0001665068,0.0,116736.0,20480.0,1.8978377306090062,0.0017827678741138679,True,vec,16,"{""1"": 15, ""2"": 7, ""3"": 8, ""4"": 7, ""5"": 6, ""6"": 10, ""7"": 5, ""8"": 6, ""9"": 9, ""10"": 15}"
1618,1618,True,,gemm\random\mappings\sample_1618_seed_1618.csv,5.21540562687014,327.47197807215,1.4891275178991228,1,0.0001464868,0.136760625,131072.0,17408.0,1.9105336242808966,0.001679167562827941,True,vec,16,"{""1"": 2, ""2"": 9, ""3"": 12, ""4"": 3, ""5"": 11, ""6"": 11, ""7"": 2, ""8"": 11, ""9"": 15, ""10"": 5}"
1619,1619,True,,gemm\random\mappings\sample_1619_seed_1619.csv,4.734987837351143,327.62312529859,1.5709855854535237,1,0.0001174908,0.19459104166666874,117760.0,17408.0,1.1868676849831383,0.0015246332633182616,True,vec,16,"{""1"": 1, ""2"": 6, ""3"": 9, ""4"": 8, ""5"": 7, ""6"": 3, ""7"": 7, ""8"": 13, ""9"": 0, ""10"": 15}"
1620,1620,True,,gemm\random\mappings\sample_1620_seed_1620.csv,6.294326754408658,328.07805832565,2.1688895016435485,4,0.0001216486,1.6643311718749998,109568.0,33792.0,1.5296568141241818,0.0015892831003044108,True,vec,16,"{""1"": 2, ""2"": 7, ""3"": 3, ""4"": 15, ""5"": 11, ""6"": 10, ""7"": 3, ""8"": 2, ""9"": 0, ""10"": 2}"
1621,1621,True,,gemm\random\mappings\sample_1621_seed_1621.csv,6.113685872210116,327.83767262983,1.6319951091189526,2,0.0001692746,0.309305125,96256.0,34816.0,1.8216623685776632,0.0018105956200128177,True,vec,16,"{""1"": 5, ""2"": 8, ""3"": 0, ""4"": 0, ""5"": 4, ""6"": 11, ""7"": 8, ""8"": 7, ""9"": 14, ""10"": 3}"
1622,1622,True,,gemm\random\mappings\sample_1622_seed_1622.csv,5.306568903609643,329.05879437468,1.589713818068392,1,0.0001461007,0.85996675,90112.0,18432.0,1.2249553659988097,0.0016940964712531534,True,vec,16,"{""1"": 14, ""2"": 14, ""3"": 11, ""4"": 4, ""5"": 15, ""6"": 5, ""7"": 3, ""8"": 9, ""9"": 5, ""10"": 8}"
1623,1623,True,,gemm\random\mappings\sample_1623_seed_1623.csv,5.215368343624389,327.10377787275,1.3991222618185302,0,0.0001464528,0.0,112640.0,24576.0,2.177147391390597,0.001676289398555556,True,vec,16,"{""1"": 4, ""2"": 12, ""3"": 1, ""4"": 14, ""5"": 9, ""6"": 1, ""7"": 9, ""8"": 3, ""9"": 9, ""10"": 0}"
1624,1624,True,,gemm\random\mappings\sample_1624_seed_1624.csv,4.933988754240125,327.45819312181,1.5090991617105345,1,0.0001170769,0.11266354166666874,114688.0,25600.0,1.3011307280301527,0.001521004780185119,True,vec,16,"{""1"": 7, ""2"": 0, ""3"": 15, ""4"": 9, ""5"": 6, ""6"": 10, ""7"": 11, ""8"": 7, ""9"": 9, ""10"": 4}"
1625,1625,True,,gemm\random\mappings\sample_1625_seed_1625.csv,4.419874720964067,326.66748499962,1.5689329664132887,0,0.0001166489,0.0,61440.0,22528.0,1.1487800039674667,0.001517474714139315,True,vec,16,"{""1"": 10, ""2"": 8, ""3"": 10, ""4"": 9, ""5"": 14, ""6"": 6, ""7"": 4, ""8"": 11, ""9"": 12, ""10"": 6}"
1626,1626,True,,gemm\random\mappings\sample_1626_seed_1626.csv,5.813992426975065,327.61950139805,1.4709698472379589,1,0.000166793,0.149213125,108544.0,34816.0,1.4407855584209481,0.0017877807882845725,True,vec,16,"{""1"": 10, ""2"": 5, ""3"": 4, ""4"": 4, ""5"": 9, ""6"": 3, ""7"": 11, ""8"": 0, ""9"": 15, ""10"": 14}"
1627,1627,True,,gemm\random\mappings\sample_1627_seed_1627.csv,5.835744159767632,327.99966256015,1.6999067577452993,3,0.0001461009,0.704545125,133120.0,26624.0,1.2249553659988097,0.0016909745955792695,True,vec,16,"{""1"": 11, ""2"": 12, ""3"": 8, ""4"": 11, ""5"": 4, ""6"": 7, ""7"": 14, ""8"": 7, ""9"": 3, ""10"": 0}"
1628,1628,True,,gemm\random\mappings\sample_1628_seed_1628.csv,5.020548547257683,327.99209786256,1.7265387398645606,1,0.000119501,0.362861,134144.0,16384.0,1.5677444951398531,0.0015416986356469767,True,vec,16,"{""1"": 3, ""2"": 8, ""3"": 7, ""4"": 14, ""5"": 15, ""6"": 8, ""7"": 2, ""8"": 6, ""9"": 7, ""10"": 12}"
1629,1629,True,,gemm\random\mappings\sample_1629_seed_1629.csv,6.55317280870566,329.75040288419,2.0456641895165877,3,0.0001268111,2.101932,167936.0,33792.0,0.9202539178734378,0.0016209117767651956,True,vec,16,"{""1"": 14, ""2"": 1, ""3"": 5, ""4"": 0, ""5"": 4, ""6"": 6, ""7"": 9, ""8"": 12, ""9"": 14, ""10"": 3}"
1630,1630,True,,gemm\random\mappings\sample_1630_seed_1630.csv,5.35912097189652,328.16121959175,1.7607015711285785,2,0.0001204887,0.7761502499999999,115712.0,24576.0,1.1868676849831383,0.0015558300947087244,True,vec,16,"{""1"": 1, ""2"": 8, ""3"": 10, ""4"": 4, ""5"": 12, ""6"": 9, ""7"": 14, ""8"": 5, ""9"": 4, ""10"": 6}"
1631,1631,True,,gemm\random\mappings\sample_1631_seed_1631.csv,5.063621436805339,326.23167557046,1.3332228790563574,0,0.000166533,0.0,134144.0,17408.0,1.5931362824836341,0.001782972580572263,True,vec,16,"{""1"": 1, ""2"": 11, ""3"": 5, ""4"": 11, ""5"": 13, ""6"": 10, ""7"": 12, ""8"": 0, ""9"": 2, ""10"": 0}"
1632,1632,True,,gemm\random\mappings\sample_1632_seed_1632.csv,6.079770495346405,328.38608674497,1.9236320976740415,4,0.0001206208,1.3751305833333374,112640.0,36864.0,0.8059908748264233,0.0015647648234735545,True,vec,16,"{""1"": 6, ""2"": 4, ""3"": 0, ""4"": 5, ""5"": 13, ""6"": 11, ""7"": 10, ""8"": 15, ""9"": 9, ""10"": 12}"
1633,1633,True,,gemm\random\mappings\sample_1633_seed_1633.csv,5.764028920106862,327.86148660097,1.5550517282676035,1,0.0001467747,0.29889425,157696.0,32768.0,1.2630430470144813,0.0016852451390439013,True,vec,16,"{""1"": 12, ""2"": 15, ""3"": 9, ""4"": 11, ""5"": 3, ""6"": 14, ""7"": 14, ""8"": 4, ""9"": 4, ""10"": 1}"
1634,1634,True,,gemm\random\mappings\sample_1634_seed_1634.csv,4.759958655730464,326.25277845785,1.5037715867838042,0,0.0001167268,0.0,146432.0,26624.0,0.9583415988891093,0.0015177197385202923,True,vec,16,"{""1"": 3, ""2"": 13, ""3"": 0, ""4"": 9, ""5"": 11, ""6"": 1, ""7"": 10, ""8"": 6, ""9"": 14, ""10"": 1}"
1635,1635,True,,gemm\random\mappings\sample_1635_seed_1635.csv,5.496791656330826,329.28336307934,1.8660760467496809,4,0.0001231469,1.3166893333333125,95232.0,16384.0,0.9964292799047808,0.0015734235223189437,True,vec,16,"{""1"": 2, ""2"": 6, ""3"": 15, ""4"": 2, ""5"": 14, ""6"": 10, ""7"": 12, ""8"": 8, ""9"": 13, ""10"": 11}"
1636,1636,True,,gemm\random\mappings\sample_1636_seed_1636.csv,5.84428105485262,327.2921912597,1.5706422561885893,1,0.0001665829,0.00858865384615375,134144.0,26624.0,2.3929775838127356,0.001784789840855845,True,vec,16,"{""1"": 4, ""2"": 15, ""3"": 3, ""4"": 3, ""5"": 4, ""6"": 3, ""7"": 11, ""8"": 7, ""9"": 1, ""10"": 9}"
1637,1637,True,,gemm\random\mappings\sample_1637_seed_1637.csv,5.535139566146192,328.39175382251,1.8747101581712078,4,0.0001219329,1.1879148645833313,104448.0,18432.0,1.3011307280301527,0.001570560114606533,True,vec,16,"{""1"": 10, ""2"": 3, ""3"": 6, ""4"": 2, ""5"": 13, ""6"": 13, ""7"": 10, ""8"": 12, ""9"": 9, ""10"": 0}"
1638,1638,True,,gemm\random\mappings\sample_1638_seed_1638.csv,5.198546713329699,327.62005908546,1.5344467225044287,1,0.0001174927,0.078616875,134144.0,24576.0,2.202539178734378,0.0015245241967677611,True,vec,16,"{""1"": 14, ""2"": 13, ""3"": 8, ""4"": 0, ""5"": 7, ""6"": 0, ""7"": 7, ""8"": 4, ""9"": 13, ""10"": 8}"
1639,1639,True,,gemm\random\mappings\sample_1639_seed_1639.csv,4.7761174143497955,327.04083279942,1.4936250381735299,0,0.0001169867,0.0,123904.0,26624.0,1.0726046419361237,0.0015190282482280624,True,vec,16,"{""1"": 2, ""2"": 0, ""3"": 11, ""4"": 5, ""5"": 8, ""6"": 7, ""7"": 10, ""8"": 12, ""9"": 2, ""10"": 7}"
1640,1640,True,,gemm\random\mappings\sample_1640_seed_1640.csv,5.406526022058977,328.00416659863,1.7699245272574762,3,0.0001186828,0.49859828125000005,101376.0,26624.0,1.3392184090458243,0.0015418960304631182,True,vec,16,"{""1"": 10, ""2"": 15, ""3"": 0, ""4"": 9, ""5"": 4, ""6"": 15, ""7"": 5, ""8"": 11, ""9"": 7, ""10"": 11}"
1641,1641,True,,gemm\random\mappings\sample_1641_seed_1641.csv,5.922754193837983,326.71278180032,1.5096233517380993,0,0.0001664227,0.0,129024.0,33792.0,2.6976790319381077,0.0017828833380086606,True,vec,16,"{""1"": 11, ""2"": 12, ""3"": 14, ""4"": 0, ""5"": 14, ""6"": 14, ""7"": 12, ""8"": 4, ""9"": 11, ""10"": 9}"
1642,1642,True,,gemm\random\mappings\sample_1642_seed_1642.csv,5.079667499795199,325.88460987958,1.37311219762891,0,0.0001467589,0.0,133120.0,24576.0,1.7962705812338822,0.0016777100207420583,True,vec,16,"{""1"": 12, ""2"": 7, ""3"": 4, ""4"": 13, ""5"": 1, ""6"": 15, ""7"": 15, ""8"": 1, ""9"": 4, ""10"": 5}"
1643,1643,True,,gemm\random\mappings\sample_1643_seed_1643.csv,4.468672914747523,326.66655550212,1.5694899258215194,0,0.0001168909,0.0,104448.0,18432.0,1.1868676849831383,0.0015190746758158996,True,vec,16,"{""1"": 10, ""2"": 14, ""3"": 1, ""4"": 2, ""5"": 12, ""6"": 1, ""7"": 9, ""8"": 5, ""9"": 8, ""10"": 7}"
1644,1644,True,,gemm\random\mappings\sample_1644_seed_1644.csv,6.911647118583023,327.30015804531,1.48586308789944,1,0.0002171367,0.018248375,187392.0,32768.0,2.938901011704027,0.0020571674530937,True,vec,16,"{""1"": 14, ""2"": 0, ""3"": 1, ""4"": 0, ""5"": 0, ""6"": 6, ""7"": 8, ""8"": 8, ""9"": 5, ""10"": 2}"
1645,1645,True,,gemm\random\mappings\sample_1645_seed_1645.csv,5.107375501415306,327.11569454999,1.5223799318489877,0,0.0001463629,0.0,63488.0,26624.0,1.9867089863122396,0.0016768772213950653,True,vec,16,"{""1"": 8, ""2"": 10, ""3"": 9, ""4"": 13, ""5"": 8, ""6"": 6, ""7"": 9, ""8"": 11, ""9"": 9, ""10"": 3}"
1646,1646,True,,gemm\random\mappings\sample_1646_seed_1646.csv,4.846602463210146,327.92846671904,1.8272850542423367,1,0.000120773,0.33393203125,73728.0,17408.0,1.4534814520928387,0.00155261227366243,True,vec,16,"{""1"": 13, ""2"": 9, ""3"": 14, ""4"": 15, ""5"": 8, ""6"": 4, ""7"": 11, ""8"": 15, ""9"": 13, ""10"": 4}"
1647,1647,True,,gemm\random\mappings\sample_1647_seed_1647.csv,4.634021122716976,327.4931486337,1.5820930072866348,1,0.0001172989,0.125326875,89088.0,16384.0,1.4915691331085101,0.0015225803081824934,True,vec,16,"{""1"": 14, ""2"": 14, ""3"": 8, ""4"": 13, ""5"": 2, ""6"": 11, ""7"": 0, ""8"": 1, ""9"": 14, ""10"": 7}"
1648,1648,True,,gemm\random\mappings\sample_1648_seed_1648.csv,6.484868547291834,329.50459954136,1.9511504681141492,4,0.0001221471,1.3467839166666644,169984.0,35840.0,1.1741717913112477,0.0015736505652597344,True,vec,16,"{""1"": 0, ""2"": 15, ""3"": 13, ""4"": 3, ""5"": 2, ""6"": 0, ""7"": 8, ""8"": 1, ""9"": 4, ""10"": 15}"
1649,1649,True,,gemm\random\mappings\sample_1649_seed_1649.csv,4.6795686715823175,327.27110420403,1.534452616463363,1,0.0001172628,0.034822,120832.0,16384.0,1.4407855584209481,0.0015215775388683526,True,vec,16,"{""1"": 13, ""2"": 8, ""3"": 6, ""4"": 0, ""5"": 5, ""6"": 3, ""7"": 6, ""8"": 14, ""9"": 4, ""10"": 5}"
1650,1650,True,,gemm\random\mappings\sample_1650_seed_1650.csv,5.321865361230377,327.71189760763,1.3561548422342697,1,0.0001663786,0.20268875,110592.0,16384.0,1.9486213052965682,0.0017850352093998045,True,vec,16,"{""1"": 15, ""2"": 1, ""3"": 11, ""4"": 12, ""5"": 11, ""6"": 4, ""7"": 9, ""8"": 0, ""9"": 7, ""10"": 11}"
1651,1651,True,,gemm\random\mappings\sample_1651_seed_1651.csv,5.768747735694821,327.20343781424,1.4040704837047346,1,0.0001667788,0.009601875,102400.0,34816.0,1.8216623685776632,0.0017851870701862012,True,vec,16,"{""1"": 0, ""2"": 9, ""3"": 1, ""4"": 9, ""5"": 5, ""6"": 7, ""7"": 4, ""8"": 4, ""9"": 8, ""10"": 7}"
1652,1652,True,,gemm\random\mappings\sample_1652_seed_1652.csv,5.211644766920995,327.78449698684,1.7421485240052537,1,0.000117754685,0.090356125,104448.0,25600.0,2.0882761356873636,0.0015283451164213474,True,vec,16,"{""1"": 11, ""2"": 12, ""3"": 10, ""4"": 15, ""5"": 5, ""6"": 10, ""7"": 13, ""8"": 12, ""9"": 11, ""10"": 12}"
1653,1653,True,,gemm\random\mappings\sample_1653_seed_1653.csv,4.496118641122444,327.56236722516,1.7697822364657119,2,0.0001174428,0.22679852564102498,73728.0,10240.0,0.9964292799047808,0.001526840970050775,True,vec,16,"{""1"": 1, ""2"": 1, ""3"": 2, ""4"": 5, ""5"": 8, ""6"": 13, ""7"": 6, ""8"": 12, ""9"": 7, ""10"": 15}"
1654,1654,True,,gemm\random\mappings\sample_1654_seed_1654.csv,4.706783156057287,326.66574543553,1.4271357814415495,0,0.0001167747,0.0,100352.0,25600.0,1.6439198571711962,0.001517157816724214,True,vec,16,"{""1"": 7, ""2"": 0, ""3"": 2, ""4"": 7, ""5"": 9, ""6"": 7, ""7"": 5, ""8"": 15, ""9"": 8, ""10"": 5}"
1655,1655,True,,gemm\random\mappings\sample_1655_seed_1655.csv,5.124732537821187,326.83158847945,1.5362885288742743,0,0.0001466029,0.0,117760.0,24576.0,1.4915691331085101,0.0016783779302748964,True,vec,16,"{""1"": 3, ""2"": 6, ""3"": 11, ""4"": 0, ""5"": 5, ""6"": 4, ""7"": 5, ""8"": 4, ""9"": 12, ""10"": 3}"
1656,1656,True,,gemm\random\mappings\sample_1656_seed_1656.csv,5.678429264894975,327.9954144067,1.4433202101853422,1,0.0001665548,0.12349708333333125,134144.0,23552.0,1.8978377306090062,0.0017881093745418463,True,vec,16,"{""1"": 15, ""2"": 7, ""3"": 7, ""4"": 12, ""5"": 1, ""6"": 15, ""7"": 15, ""8"": 5, ""9"": 14, ""10"": 3}"
1657,1657,True,,gemm\random\mappings\sample_1657_seed_1657.csv,4.797816321188292,326.36348943553,1.4179923654369018,0,0.0001464729,0.0,99328.0,20480.0,1.3773060900614957,0.001676436697563515,True,vec,16,"{""1"": 14, ""2"": 14, ""3"": 3, ""4"": 13, ""5"": 5, ""6"": 0, ""7"": 6, ""8"": 12, ""9"": 12, ""10"": 6}"
1658,1658,True,,gemm\random\mappings\sample_1658_seed_1658.csv,4.390558547826867,326.4276223792,1.5292995627718364,0,0.0001168048,0.0,81920.0,16384.0,1.7200952192025392,0.0015177211544017163,True,vec,16,"{""1"": 14, ""2"": 11, ""3"": 10, ""4"": 13, ""5"": 5, ""6"": 4, ""7"": 10, ""8"": 8, ""9"": 11, ""10"": 8}"
1659,1659,True,,gemm\random\mappings\sample_1659_seed_1659.csv,4.645379047679899,327.69836863307,1.5270959369649033,1,0.0001175007,0.20482791666666875,112640.0,16384.0,1.0599087482642333,0.00152457381314409,True,vec,16,"{""1"": 14, ""2"": 8, ""3"": 11, ""4"": 6, ""5"": 9, ""6"": 3, ""7"": 0, ""8"": 1, ""9"": 10, ""10"": 8}"
1660,1660,True,,gemm\random\mappings\sample_1660_seed_1660.csv,4.781481386691207,327.6902130645,1.6843313176760635,1,0.0001181687,0.17532855769230626,110592.0,16384.0,1.3773060900614957,0.0015314963109598274,True,vec,16,"{""1"": 3, ""2"": 7, ""3"": 3, ""4"": 4, ""5"": 15, ""6"": 0, ""7"": 12, ""8"": 7, ""9"": 9, ""10"": 14}"
1661,1661,True,,gemm\random\mappings\sample_1661_seed_1661.csv,5.232560690440156,328.15514422311,2.0245095890900444,2,0.0001222309,0.6313004146634625,92160.0,18432.0,1.3773060900614957,0.001571237071805834,True,vec,16,"{""1"": 15, ""2"": 2, ""3"": 3, ""4"": 15, ""5"": 11, ""6"": 5, ""7"": 3, ""8"": 7, ""9"": 1, ""10"": 9}"
1662,1662,True,,gemm\random\mappings\sample_1662_seed_1662.csv,5.101793523994594,327.4579979457,1.4532025267320576,1,0.0001667627,0.10049729166666875,68608.0,16384.0,1.6693116445149772,0.001785490181221448,True,vec,16,"{""1"": 9, ""2"": 8, ""3"": 10, ""4"": 13, ""5"": 13, ""6"": 1, ""7"": 1, ""8"": 0, ""9"": 6, ""10"": 3}"
1663,1663,True,,gemm\random\mappings\sample_1663_seed_1663.csv,5.3473157750679485,326.59238702118,1.3623252739815987,0,0.0001666647,0.0,96256.0,24576.0,2.304106328109502,0.0017840699226196787,True,vec,16,"{""1"": 3, ""2"": 2, ""3"": 10, ""4"": 11, ""5"": 10, ""6"": 5, ""7"": 11, ""8"": 6, ""9"": 5, ""10"": 2}"
1664,1664,True,,gemm\random\mappings\sample_1664_seed_1664.csv,5.765543892719224,327.83990415054,1.4366154850443287,1,0.0001665009,0.25181458333333123,128000.0,25600.0,2.075580242015473,0.00178725326058006,True,vec,16,"{""1"": 12, ""2"": 9, ""3"": 0, ""4"": 7, ""5"": 9, ""6"": 8, ""7"": 4, ""8"": 13, ""9"": 7, ""10"": 0}"
1665,1665,True,,gemm\random\mappings\sample_1665_seed_1665.csv,5.83477369479244,328.3730289499,1.926100477452429,3,0.0001221289,0.7924993854166686,147456.0,25600.0,1.6439198571711962,0.001570089011273792,True,vec,16,"{""1"": 14, ""2"": 1, ""3"": 2, ""4"": 8, ""5"": 0, ""6"": 0, ""7"": 2, ""8"": 12, ""9"": 3, ""10"": 14}"
1666,1666,True,,gemm\random\mappings\sample_1666_seed_1666.csv,5.310485054089472,326.36616695516,1.2851366285760242,0,0.0001666007,0.0,138240.0,24576.0,1.6693116445149772,0.0017833358567805485,True,vec,16,"{""1"": 7, ""2"": 0, ""3"": 11, ""4"": 8, ""5"": 0, ""6"": 9, ""7"": 10, ""8"": 3, ""9"": 9, ""10"": 6}"
1667,1667,True,,gemm\random\mappings\sample_1667_seed_1667.csv,5.838789455309233,328.16534801174,1.7890294544530978,3,0.0001202947,0.7779263750000001,152576.0,32768.0,1.0599087482642333,0.0015541134257417927,True,vec,16,"{""1"": 15, ""2"": 9, ""3"": 12, ""4"": 8, ""5"": 2, ""6"": 11, ""7"": 1, ""8"": 3, ""9"": 0, ""10"": 9}"
1668,1668,True,,gemm\random\mappings\sample_1668_seed_1668.csv,5.17566945399187,326.66571303973,1.5207685860149651,0,0.0001168887,0.0,148480.0,32768.0,1.7200952192025392,0.0015186483018136913,True,vec,16,"{""1"": 3, ""2"": 6, ""3"": 0, ""4"": 13, ""5"": 8, ""6"": 14, ""7"": 4, ""8"": 8, ""9"": 6, ""10"": 14}"
1669,1669,True,,gemm\random\mappings\sample_1669_seed_1669.csv,5.711303631519811,326.60347915883,1.3803078732758447,0,0.000166693,0.0,128000.0,32768.0,2.202539178734378,0.0017845708242903982,True,vec,16,"{""1"": 7, ""2"": 4, ""3"": 4, ""4"": 5, ""5"": 14, ""6"": 2, ""7"": 2, ""8"": 12, ""9"": 5, ""10"": 12}"
1670,1670,True,,gemm\random\mappings\sample_1670_seed_1670.csv,5.593846796039011,328.06462718545,1.9177241601736281,2,0.0001195808,0.5616274285714312,110592.0,28672.0,1.7454870065463202,0.0015493336119759612,True,vec,16,"{""1"": 13, ""2"": 13, ""3"": 12, ""4"": 4, ""5"": 0, ""6"": 6, ""7"": 9, ""8"": 15, ""9"": 13, ""10"": 0}"
1671,1671,True,,gemm\random\mappings\sample_1671_seed_1671.csv,5.0739425374121145,328.06462449222,1.8768513418773178,2,0.0001200987,0.5411733906249999,94208.0,18432.0,1.1868676849831383,0.0015518275806124,True,vec,16,"{""1"": 9, ""2"": 8, ""3"": 14, ""4"": 12, ""5"": 15, ""6"": 1, ""7"": 10, ""8"": 3, ""9"": 15, ""10"": 11}"
1672,1672,True,,gemm\random\mappings\sample_1672_seed_1672.csv,5.646687538551666,328.1672278411,1.590074035636123,3,0.0001463106,1.013573359375,108544.0,20480.0,1.4915691331085101,0.0017002379135497285,True,vec,16,"{""1"": 9, ""2"": 6, ""3"": 1, ""4"": 0, ""5"": 2, ""6"": 10, ""7"": 2, ""8"": 10, ""9"": 13, ""10"": 9}"
1673,1673,True,,gemm\random\mappings\sample_1673_seed_1673.csv,4.836520188617055,326.44434636637,1.3107927708640634,0,0.0001466748,0.0,112640.0,18432.0,1.7962705812338822,0.001676959230485973,True,vec,16,"{""1"": 9, ""2"": 2, ""3"": 11, ""4"": 4, ""5"": 12, ""6"": 4, ""7"": 4, ""8"": 15, ""9"": 13, ""10"": 7}"
1674,1674,True,,gemm\random\mappings\sample_1674_seed_1674.csv,5.1694266895923615,326.72501625198,1.3901659219739726,0,0.0001665827,0.0,109568.0,18432.0,2.012100773656021,0.0017840055476234034,True,vec,16,"{""1"": 11, ""2"": 3, ""3"": 5, ""4"": 11, ""5"": 5, ""6"": 4, ""7"": 15, ""8"": 12, ""9"": 3, ""10"": 1}"
1675,1675,True,,gemm\random\mappings\sample_1675_seed_1675.csv,5.067835844832897,327.62442261227,1.6082971696268769,1,0.0001183569,0.190204875,144384.0,26624.0,0.8059908748264233,0.001531188927556039,True,vec,16,"{""1"": 8, ""2"": 13, ""3"": 3, ""4"": 7, ""5"": 0, ""6"": 6, ""7"": 11, ""8"": 4, ""9"": 10, ""10"": 12}"
1676,1676,True,,gemm\random\mappings\sample_1676_seed_1676.csv,5.085457197967287,326.07321956438,1.2722082148224134,0,0.0001466328,0.0,128000.0,24576.0,2.050188454671692,0.0016763246902725126,True,vec,16,"{""1"": 0, ""2"": 1, ""3"": 7, ""4"": 8, ""5"": 10, ""6"": 14, ""7"": 13, ""8"": 1, ""9"": 1, ""10"": 10}"
1677,1677,True,,gemm\random\mappings\sample_1677_seed_1677.csv,5.0482837266254625,326.19435138307,1.2974183468994127,0,0.0001465366,0.0,87040.0,28672.0,1.9105336242808966,0.0016756082318005886,True,vec,16,"{""1"": 10, ""2"": 9, ""3"": 1, ""4"": 7, ""5"": 8, ""6"": 10, ""7"": 1, ""8"": 1, ""9"": 14, ""10"": 2}"
1678,1678,True,,gemm\random\mappings\sample_1678_seed_1678.csv,4.791558492805731,326.45074833496,1.4341919579376057,0,0.000116891,0.0,89088.0,26624.0,2.164451497718707,0.0015176530767101013,True,vec,16,"{""1"": 8, ""2"": 11, ""3"": 1, ""4"": 8, ""5"": 10, ""6"": 2, ""7"": 0, ""8"": 10, ""9"": 11, ""10"": 11}"
1679,1679,True,,gemm\random\mappings\sample_1679_seed_1679.csv,5.069484227824256,327.5389075835,1.4499036267893317,1,0.0001465827,0.14929775,114688.0,18432.0,1.4153937710771671,0.001680701544338726,True,vec,16,"{""1"": 2, ""2"": 6, ""3"": 8, ""4"": 12, ""5"": 3, ""6"": 7, ""7"": 8, ""8"": 9, ""9"": 9, ""10"": 1}"
1680,1680,True,,gemm\random\mappings\sample_1680_seed_1680.csv,4.692754163938573,326.89212086964,1.6057880114709964,0,0.0001168268,0.0,92160.0,24576.0,1.3773060900614957,0.001518576641000349,True,vec,16,"{""1"": 9, ""2"": 7, ""3"": 9, ""4"": 11, ""5"": 2, ""6"": 11, ""7"": 0, ""8"": 6, ""9"": 10, ""10"": 3}"
1681,1681,True,,gemm\random\mappings\sample_1681_seed_1681.csv,6.022939348142751,328.158674431,1.646106545074757,3,0.0001673269,0.497650625,118784.0,22528.0,2.0374925609998016,0.0018022723002743754,True,vec,16,"{""1"": 8, ""2"": 1, ""3"": 4, ""4"": 3, ""5"": 4, ""6"": 8, ""7"": 5, ""8"": 12, ""9"": 12, ""10"": 1}"
1682,1682,True,,gemm\random\mappings\sample_1682_seed_1682.csv,5.1709606639156585,327.78630452599,1.7102700293565833,1,0.0001200446,0.280721484375,94208.0,24576.0,1.9740130926403492,0.0015457994592960609,True,vec,16,"{""1"": 11, ""2"": 8, ""3"": 7, ""4"": 10, ""5"": 12, ""6"": 8, ""7"": 6, ""8"": 12, ""9"": 5, ""10"": 8}"
1683,1683,True,,gemm\random\mappings\sample_1683_seed_1683.csv,5.525544156548451,326.73268643635,1.3682412319734683,0,0.0001665028,0.0,79872.0,26624.0,3.0531640547510412,0.0017817894420146538,True,vec,16,"{""1"": 0, ""2"": 0, ""3"": 5, ""4"": 6, ""5"": 5, ""6"": 3, ""7"": 5, ""8"": 10, ""9"": 14, ""10"": 5}"
1684,1684,True,,gemm\random\mappings\sample_1684_seed_1684.csv,5.7978867015027,327.52417420926,1.8913644226802147,1,0.0001172211,0.08640833333333126,156672.0,36864.0,2.0882761356873636,0.0015252380792968874,True,vec,16,"{""1"": 15, ""2"": 0, ""3"": 8, ""4"": 9, ""5"": 13, ""6"": 14, ""7"": 8, ""8"": 0, ""9"": 15, ""10"": 0}"
1685,1685,True,,gemm\random\mappings\sample_1685_seed_1685.csv,5.299126729694051,327.71692066867,1.5021236362891728,1,0.0001464688,0.149062734375,99328.0,19456.0,2.4056734774846262,0.0016817507722373323,True,vec,16,"{""1"": 4, ""2"": 10, ""3"": 12, ""4"": 2, ""5"": 8, ""6"": 4, ""7"": 12, ""8"": 4, ""9"": 2, ""10"": 4}"
1686,1686,True,,gemm\random\mappings\sample_1686_seed_1686.csv,4.497728401593138,326.82430166678,1.5255774797034256,0,0.0001168406,0.0,110592.0,16384.0,1.5296568141241818,0.0015183596650764995,True,vec,16,"{""1"": 6, ""2"": 2, ""3"": 0, ""4"": 15, ""5"": 8, ""6"": 14, ""7"": 6, ""8"": 7, ""9"": 2, ""10"": 6}"
1687,1687,True,,gemm\random\mappings\sample_1687_seed_1687.csv,4.580530427992257,326.38286017474,1.479548858917099,0,0.0001168008,0.0,122880.0,18432.0,1.7073993255306488,0.0015176834657196514,True,vec,16,"{""1"": 13, ""2"": 2, ""3"": 7, ""4"": 12, ""5"": 4, ""6"": 11, ""7"": 6, ""8"": 13, ""9"": 2, ""10"": 2}"
1688,1688,True,,gemm\random\mappings\sample_1688_seed_1688.csv,5.211598861739596,326.00625120006,1.3674503696354148,0,0.0001667269,0.0,99328.0,22528.0,2.177147391390597,0.001783245780937998,True,vec,16,"{""1"": 9, ""2"": 4, ""3"": 15, ""4"": 1, ""5"": 1, ""6"": 5, ""7"": 10, ""8"": 5, ""9"": 14, ""10"": 1}"
1689,1689,True,,gemm\random\mappings\sample_1689_seed_1689.csv,4.766430161331038,327.99351105631,1.626849402716834,1,0.0001198029,0.364024625,83968.0,18432.0,1.1868676849831383,0.0015425848766422595,True,vec,16,"{""1"": 10, ""2"": 11, ""3"": 12, ""4"": 14, ""5"": 8, ""6"": 6, ""7"": 13, ""8"": 5, ""9"": 11, ""10"": 7}"
1690,1690,True,,gemm\random\mappings\sample_1690_seed_1690.csv,5.449326204963041,327.36673996949,1.5862289422684435,1,0.0001673266,0.0402185,143360.0,18432.0,1.4407855584209481,0.0017915607455347802,True,vec,16,"{""1"": 2, ""2"": 14, ""3"": 0, ""4"": 15, ""5"": 15, ""6"": 7, ""7"": 6, ""8"": 5, ""9"": 12, ""10"": 13}"
1691,1691,True,,gemm\random\mappings\sample_1691_seed_1691.csv,6.608781417095924,328.05887274993,1.5351640283930288,2,0.000218555,0.12821383333333564,84992.0,28672.0,2.8246379686570124,0.0020694743350494474,True,vec,16,"{""1"": 8, ""2"": 14, ""3"": 12, ""4"": 12, ""5"": 12, ""6"": 8, ""7"": 9, ""8"": 11, ""9"": 4, ""10"": 15}"
1692,1692,True,,gemm\random\mappings\sample_1692_seed_1692.csv,4.562318107927179,326.17429580563,1.435539259313607,0,0.0001168427,0.0,108544.0,24576.0,1.1868676849831383,0.0015177375516096886,True,vec,16,"{""1"": 5, ""2"": 6, ""3"": 11, ""4"": 14, ""5"": 0, ""6"": 10, ""7"": 1, ""8"": 6, ""9"": 13, ""10"": 3}"
1693,1693,True,,gemm\random\mappings\sample_1693_seed_1693.csv,5.264484321014863,326.5114750384,1.4105325679875373,0,0.0001463466,0.0,104448.0,34816.0,1.3392184090458243,0.0016755748809459566,True,vec,16,"{""1"": 4, ""2"": 5, ""3"": 6, ""4"": 13, ""5"": 14, ""6"": 8, ""7"": 7, ""8"": 7, ""9"": 15, ""10"": 7}"
1694,1694,True,,gemm\random\mappings\sample_1694_seed_1694.csv,4.447825205914276,327.04080004833,1.5001378479932355,0,0.0001167288,0.0,93184.0,16384.0,1.5677444951398531,0.001517339428494908,True,vec,16,"{""1"": 1, ""2"": 4, ""3"": 6, ""4"": 11, ""5"": 5, ""6"": 3, ""7"": 6, ""8"": 11, ""9"": 13, ""10"": 10}"
1695,1695,True,,gemm\random\mappings\sample_1695_seed_1695.csv,5.213147872869522,326.04904585008,1.4197731533526505,0,0.0001665649,0.0,89088.0,22528.0,2.2406268597500496,0.0017828220249090946,True,vec,16,"{""1"": 2, ""2"": 15, ""3"": 2, ""4"": 1, ""5"": 1, ""6"": 9, ""7"": 9, ""8"": 14, ""9"": 15, ""10"": 8}"
1696,1696,True,,gemm\random\mappings\sample_1696_seed_1696.csv,5.779861211615232,328.2936703703,1.5296147675861644,2,0.0001665507,0.7188877083333313,108544.0,19456.0,2.012100773656021,0.0017940405434635391,True,vec,16,"{""1"": 0, ""2"": 6, ""3"": 12, ""4"": 6, ""5"": 0, ""6"": 7, ""7"": 15, ""8"": 12, ""9"": 3, ""10"": 9}"
1697,1697,True,,gemm\random\mappings\sample_1697_seed_1697.csv,5.350055547710638,327.24277753888,1.5827353042770935,1,0.0001465848,0.017036953125,115712.0,24576.0,1.7962705812338822,0.0016794825960152054,True,vec,16,"{""1"": 11, ""2"": 15, ""3"": 1, ""4"": 6, ""5"": 2, ""6"": 1, ""7"": 2, ""8"": 4, ""9"": 4, ""10"": 10}"
1698,1698,True,,gemm\random\mappings\sample_1698_seed_1698.csv,4.960928876590634,327.9364263002,1.6895829628441805,2,0.0001182771,0.44141588541666876,108544.0,16384.0,1.3773060900614957,0.001534558978858766,True,vec,16,"{""1"": 13, ""2"": 5, ""3"": 6, ""4"": 2, ""5"": 13, ""6"": 3, ""7"": 8, ""8"": 2, ""9"": 1, ""10"": 12}"
1699,1699,True,,gemm\random\mappings\sample_1699_seed_1699.csv,5.50611088066662,329.05878835784,1.7137929748301743,1,0.000146629,0.531229765625,110592.0,19456.0,1.6693116445149772,0.0016979470193210107,True,vec,16,"{""1"": 9, ""2"": 12, ""3"": 7, ""4"": 13, ""5"": 8, ""6"": 3, ""7"": 12, ""8"": 3, ""9"": 11, ""10"": 8}"
1700,1700,True,,gemm\random\mappings\sample_1700_seed_1700.csv,6.028414833718654,327.52757071516,1.6288206924110284,1,0.0001666948,0.133864375,99328.0,28672.0,3.192818885141837,0.0017871202763561002,True,vec,16,"{""1"": 13, ""2"": 4, ""3"": 15, ""4"": 12, ""5"": 4, ""6"": 0, ""7"": 4, ""8"": 12, ""9"": 12, ""10"": 5}"
1701,1701,True,,gemm\random\mappings\sample_1701_seed_1701.csv,5.135316491658332,327.75798853628,1.592586887189959,1,0.0001465827,0.19972009615384376,91136.0,20480.0,1.3773060900614957,0.0016840293877626521,True,vec,16,"{""1"": 15, ""2"": 12, ""3"": 14, ""4"": 15, ""5"": 3, ""6"": 7, ""7"": 5, ""8"": 1, ""9"": 7, ""10"": 5}"
1702,1702,True,,gemm\random\mappings\sample_1702_seed_1702.csv,4.593505564917757,327.62720788798,1.6481981717503844,1,0.0001177007,0.21594583333333123,99328.0,16384.0,0.8059908748264233,0.0015262691914356,True,vec,16,"{""1"": 13, ""2"": 6, ""3"": 9, ""4"": 5, ""5"": 4, ""6"": 1, ""7"": 12, ""8"": 11, ""9"": 0, ""10"": 8}"
1703,1703,True,,gemm\random\mappings\sample_1703_seed_1703.csv,4.523005781718257,326.36544063913,1.48035345570238,0,0.0001167906,0.0,126976.0,18432.0,1.3773060900614957,0.0015177100247262968,True,vec,16,"{""1"": 12, ""2"": 12, ""3"": 6, ""4"": 7, ""5"": 0, ""6"": 11, ""7"": 7, ""8"": 8, ""9"": 1, ""10"": 9}"
1704,1704,True,,gemm\random\mappings\sample_1704_seed_1704.csv,5.523683465282125,329.12612175278,1.6603932370117656,3,0.0001211187,0.35396822916666687,110592.0,27648.0,1.3011307280301527,0.0015536247794634046,True,vec,16,"{""1"": 7, ""2"": 3, ""3"": 13, ""4"": 4, ""5"": 5, ""6"": 7, ""7"": 3, ""8"": 9, ""9"": 2, ""10"": 1}"
1705,1705,True,,gemm\random\mappings\sample_1705_seed_1705.csv,5.769559137226479,327.90636005834,1.715546244170213,3,0.000146731,0.5687958653846156,113664.0,26624.0,1.3773060900614957,0.0016929236582038222,True,vec,16,"{""1"": 3, ""2"": 1, ""3"": 15, ""4"": 2, ""5"": 0, ""6"": 13, ""7"": 3, ""8"": 13, ""9"": 7, ""10"": 3}"
1706,1706,True,,gemm\random\mappings\sample_1706_seed_1706.csv,4.9031627624256595,326.79844981777,1.6033167287304033,0,0.0001466348,0.0,102400.0,18432.0,1.4915691331085101,0.0016780949669042663,True,vec,16,"{""1"": 14, ""2"": 15, ""3"": 0, ""4"": 9, ""5"": 10, ""6"": 14, ""7"": 14, ""8"": 13, ""9"": 13, ""10"": 11}"
1707,1707,True,,gemm\random\mappings\sample_1707_seed_1707.csv,5.531461675785966,328.06463061725,1.6480926944032126,2,0.0001486787,0.623606625,92160.0,20480.0,1.9105336242808966,0.0017037812412734805,True,vec,16,"{""1"": 5, ""2"": 3, ""3"": 0, ""4"": 2, ""5"": 4, ""6"": 4, ""7"": 4, ""8"": 5, ""9"": 10, ""10"": 9}"
1708,1708,True,,gemm\random\mappings\sample_1708_seed_1708.csv,4.430973699524418,326.3024106697,1.3380163901208966,0,0.0001169548,0.0,102400.0,19456.0,1.5677444951398531,0.0015176854943266705,True,vec,16,"{""1"": 10, ""2"": 3, ""3"": 14, ""4"": 0, ""5"": 9, ""6"": 1, ""7"": 6, ""8"": 9, ""9"": 14, ""10"": 7}"
1709,1709,True,,gemm\random\mappings\sample_1709_seed_1709.csv,5.428424560946016,329.05196561458,1.455234945403312,1,0.0001661047,0.878208125,79872.0,11264.0,2.202539178734378,0.0017928157330285466,True,vec,16,"{""1"": 1, ""2"": 14, ""3"": 1, ""4"": 1, ""5"": 4, ""6"": 4, ""7"": 0, ""8"": 5, ""9"": 11, ""10"": 2}"
1710,1710,True,,gemm\random\mappings\sample_1710_seed_1710.csv,4.937922149496878,326.36560429653,1.3095521399631393,0,0.0001664226,0.0,101376.0,18432.0,1.4407855584209481,0.0017821720468775533,True,vec,16,"{""1"": 12, ""2"": 1, ""3"": 4, ""4"": 13, ""5"": 4, ""6"": 14, ""7"": 2, ""8"": 8, ""9"": 5, ""10"": 9}"
1711,1711,True,,gemm\random\mappings\sample_1711_seed_1711.csv,5.862204655620599,328.22711320861,1.4669114395595038,2,0.0001665167,0.3925633333333374,136192.0,24576.0,1.6693116445149772,0.0017918164423740158,True,vec,16,"{""1"": 15, ""2"": 9, ""3"": 2, ""4"": 7, ""5"": 9, ""6"": 11, ""7"": 13, ""8"": 12, ""9"": 12, ""10"": 4}"
1712,1712,True,,gemm\random\mappings\sample_1712_seed_1712.csv,5.239473070868739,327.1150708215,1.680550633678784,0,0.0001169366,0.0,163840.0,32768.0,1.1868676849831383,0.001520574147770396,True,vec,16,"{""1"": 15, ""2"": 5, ""3"": 4, ""4"": 1, ""5"": 6, ""6"": 2, ""7"": 8, ""8"": 10, ""9"": 5, ""10"": 14}"
1713,1713,True,,gemm\random\mappings\sample_1713_seed_1713.csv,5.542518540251123,326.38243453794,1.2601928136533342,0,0.000166651,0.0,122880.0,35840.0,1.4407855584209481,0.0017834022694851938,True,vec,16,"{""1"": 11, ""2"": 6, ""3"": 6, ""4"": 1, ""5"": 13, ""6"": 8, ""7"": 4, ""8"": 10, ""9"": 9, ""10"": 15}"
1714,1714,True,,gemm\random\mappings\sample_1714_seed_1714.csv,4.417143380740362,326.4507854961,1.4596067842787872,0,0.0001171469,0.0,125952.0,16384.0,1.1868676849831383,0.001519660203519184,True,vec,16,"{""1"": 13, ""2"": 0, ""3"": 8, ""4"": 11, ""5"": 10, ""6"": 14, ""7"": 2, ""8"": 11, ""9"": 4, ""10"": 3}"
1715,1715,True,,gemm\random\mappings\sample_1715_seed_1715.csv,5.322884056012813,327.99034425599,1.660637186183862,1,0.000118423,0.332364375,103424.0,27648.0,2.126363816703035,0.0015319281355245613,True,vec,16,"{""1"": 7, ""2"": 1, ""3"": 2, ""4"": 7, ""5"": 13, ""6"": 7, ""7"": 2, ""8"": 14, ""9"": 15, ""10"": 1}"
1716,1716,True,,gemm\random\mappings\sample_1716_seed_1716.csv,4.8440481385916625,327.00741233947,1.563695864361593,0,0.0001168586,0.0,122880.0,24576.0,1.5677444951398531,0.0015184936791389398,True,vec,16,"{""1"": 0, ""2"": 3, ""3"": 5, ""4"": 14, ""5"": 12, ""6"": 3, ""7"": 6, ""8"": 11, ""9"": 12, ""10"": 15}"
1717,1717,True,,gemm\random\mappings\sample_1717_seed_1717.csv,5.441574285424626,328.60603851439,1.7336871080251508,2,0.0001222807,0.820619296875,87040.0,27648.0,1.3392184090458243,0.0015682896361864933,True,vec,16,"{""1"": 5, ""2"": 7, ""3"": 6, ""4"": 3, ""5"": 1, ""6"": 7, ""7"": 4, ""8"": 9, ""9"": 14, ""10"": 14}"
1718,1718,True,,gemm\random\mappings\sample_1718_seed_1718.csv,4.3888055950874865,326.59788371607,1.461453715978733,0,0.0001169207,0.0,113664.0,18432.0,0.9202539178734378,0.0015184465704229497,True,vec,16,"{""1"": 13, ""2"": 5, ""3"": 2, ""4"": 9, ""5"": 6, ""6"": 8, ""7"": 13, ""8"": 7, ""9"": 1, ""10"": 10}"
1719,1719,True,,gemm\random\mappings\sample_1719_seed_1719.csv,5.342063086381628,327.69192085346,1.8266585974996161,1,0.0001191148,0.21241765624999998,169984.0,24576.0,1.3392184090458243,0.0015402210144442629,True,vec,16,"{""1"": 12, ""2"": 0, ""3"": 11, ""4"": 7, ""5"": 1, ""6"": 3, ""7"": 0, ""8"": 4, ""9"": 10, ""10"": 3}"
1720,1720,True,,gemm\random\mappings\sample_1720_seed_1720.csv,5.1822274360819165,325.91577156383,1.3243010363692491,0,0.0001666007,0.0,80896.0,26624.0,1.9232295179527872,0.001782066251498674,True,vec,16,"{""1"": 9, ""2"": 14, ""3"": 10, ""4"": 14, ""5"": 4, ""6"": 8, ""7"": 11, ""8"": 2, ""9"": 8, ""10"": 10}"
1721,1721,True,,gemm\random\mappings\sample_1721_seed_1721.csv,4.999070799825581,328.00343851789,1.664965913046363,1,0.0001195009,0.1864165625,100352.0,20480.0,1.7835746875619918,0.0015410722880333833,True,vec,16,"{""1"": 4, ""2"": 12, ""3"": 13, ""4"": 4, ""5"": 6, ""6"": 11, ""7"": 0, ""8"": 2, ""9"": 12, ""10"": 12}"
1722,1722,True,,gemm\random\mappings\sample_1722_seed_1722.csv,5.864966982310238,326.57898864531,1.4729658084272401,0,0.0001666826,0.0,128000.0,34816.0,2.431065264828407,0.0017836350452374256,True,vec,16,"{""1"": 15, ""2"": 12, ""3"": 9, ""4"": 9, ""5"": 6, ""6"": 13, ""7"": 13, ""8"": 7, ""9"": 9, ""10"": 3}"
1723,1723,True,,gemm\random\mappings\sample_1723_seed_1723.csv,4.73744315760911,326.45450433549,1.5042554697919737,0,0.0001168529,0.0,121856.0,26624.0,1.1868676849831383,0.001518183461224458,True,vec,16,"{""1"": 8, ""2"": 6, ""3"": 4, ""4"": 2, ""5"": 11, ""6"": 9, ""7"": 1, ""8"": 11, ""9"": 7, ""10"": 12}"
1724,1724,True,,gemm\random\mappings\sample_1724_seed_1724.csv,5.16147381442018,327.90512477973,1.7492012585723848,1,0.0001193811,0.20522609375,135168.0,16384.0,2.3548899027970642,0.0015406627145946095,True,vec,16,"{""1"": 2, ""2"": 14, ""3"": 15, ""4"": 0, ""5"": 7, ""6"": 7, ""7"": 0, ""8"": 10, ""9"": 15, ""10"": 0}"
1725,1725,True,,gemm\random\mappings\sample_1725_seed_1725.csv,5.6371827172218785,327.529157724,1.6492734753152203,1,0.0001675487,0.059429759615384374,126976.0,19456.0,2.202539178734378,0.0017949153346414385,True,vec,16,"{""1"": 9, ""2"": 3, ""3"": 0, ""4"": 0, ""5"": 1, ""6"": 2, ""7"": 7, ""8"": 0, ""9"": 10, ""10"": 8}"
1726,1726,True,,gemm\random\mappings\sample_1726_seed_1726.csv,5.1356270066929826,327.40583102582,1.6381813285064608,2,0.0001466028,0.11968925,109568.0,18432.0,1.0345169609204523,0.0016817664856063322,True,vec,16,"{""1"": 5, ""2"": 10, ""3"": 13, ""4"": 8, ""5"": 14, ""6"": 12, ""7"": 7, ""8"": 6, ""9"": 12, ""10"": 15}"
1727,1727,True,,gemm\random\mappings\sample_1727_seed_1727.csv,5.059633606046531,325.89473585501,1.2247185962345921,0,0.0001766008,0.0,125952.0,17408.0,1.5677444951398531,0.0018367014519779232,True,vec,16,"{""1"": 2, ""2"": 4, ""3"": 10, ""4"": 13, ""5"": 7, ""6"": 11, ""7"": 0, ""8"": 11, ""9"": 11, ""10"": 2}"
1728,1728,True,,gemm\random\mappings\sample_1728_seed_1728.csv,4.911962617807677,327.49437291847,1.5665362652620205,1,0.0001177147,0.13305224999999998,134144.0,24576.0,0.8059908748264233,0.0015261969489012558,True,vec,16,"{""1"": 12, ""2"": 1, ""3"": 14, ""4"": 11, ""5"": 0, ""6"": 9, ""7"": 15, ""8"": 8, ""9"": 2, ""10"": 7}"
1729,1729,True,,gemm\random\mappings\sample_1729_seed_1729.csv,4.705671847892626,326.42760735604,1.3124237658403781,0,0.0001461527,0.0,91136.0,18432.0,1.6058321761555248,0.0016738813966643855,True,vec,16,"{""1"": 1, ""2"": 13, ""3"": 14, ""4"": 5, ""5"": 1, ""6"": 5, ""7"": 9, ""8"": 11, ""9"": 9, ""10"": 6}"
1730,1730,True,,gemm\random\mappings\sample_1730_seed_1730.csv,4.351047584548555,326.36042181805,1.4276380193465787,0,0.0001168426,0.0,86016.0,17408.0,1.5677444951398531,0.0015174426208383275,True,vec,16,"{""1"": 6, ""2"": 10, ""3"": 5, ""4"": 12, ""5"": 3, ""6"": 2, ""7"": 5, ""8"": 10, ""9"": 7, ""10"": 11}"
1731,1731,True,,gemm\random\mappings\sample_1731_seed_1731.csv,5.241029371526269,326.48661351079,1.5139474189388213,0,0.0001666931,0.0,132096.0,18432.0,1.7835746875619918,0.0017844575976118692,True,vec,16,"{""1"": 15, ""2"": 3, ""3"": 14, ""4"": 1, ""5"": 3, ""6"": 6, ""7"": 12, ""8"": 6, ""9"": 15, ""10"": 0}"
1732,1732,True,,gemm\random\mappings\sample_1732_seed_1732.csv,5.341164413925106,329.06012176624,1.7076437295583962,1,0.0001205306,0.8314920833333125,121856.0,25600.0,0.9583415988891093,0.0015500134220517293,True,vec,16,"{""1"": 7, ""2"": 3, ""3"": 9, ""4"": 10, ""5"": 12, ""6"": 14, ""7"": 4, ""8"": 15, ""9"": 11, ""10"": 11}"
1733,1733,True,,gemm\random\mappings\sample_1733_seed_1733.csv,5.922673218094817,328.25735234998,1.726276369047105,2,0.000167469,0.4596094038461538,75776.0,24576.0,2.3168022217813924,0.0018011464296484542,True,vec,16,"{""1"": 4, ""2"": 0, ""3"": 1, ""4"": 1, ""5"": 5, ""6"": 9, ""7"": 4, ""8"": 3, ""9"": 1, ""10"": 8}"
1734,1734,True,,gemm\random\mappings\sample_1734_seed_1734.csv,6.5698508124669805,328.73778749093,1.594329402733272,2,0.000170487,0.9090280416666876,181248.0,33792.0,1.5550486014679628,0.0018250222655277761,True,vec,16,"{""1"": 3, ""2"": 12, ""3"": 10, ""4"": 5, ""5"": 12, ""6"": 9, ""7"": 8, ""8"": 4, ""9"": 3, ""10"": 13}"
1735,1735,True,,gemm\random\mappings\sample_1735_seed_1735.csv,6.102420948202006,329.50010281824,1.6234392521160521,3,0.0001716889,0.6519535208333331,114688.0,18432.0,2.0882761356873636,0.0018331865438651518,True,vec,16,"{""1"": 13, ""2"": 12, ""3"": 12, ""4"": 3, ""5"": 1, ""6"": 8, ""7"": 1, ""8"": 14, ""9"": 13, ""10"": 14}"
1736,1736,True,,gemm\random\mappings\sample_1736_seed_1736.csv,4.714354592206301,327.26481975899,1.6007762963739822,1,0.0001167108,0.026886634615384375,88064.0,18432.0,1.7835746875619918,0.0015186324496128962,True,vec,16,"{""1"": 0, ""2"": 8, ""3"": 6, ""4"": 5, ""5"": 0, ""6"": 3, ""7"": 14, ""8"": 5, ""9"": 10, ""10"": 5}"
1737,1737,True,,gemm\random\mappings\sample_1737_seed_1737.csv,4.578312043248753,326.74950509608,1.5720744762472127,0,0.0001167407,0.0,104448.0,16384.0,1.9486213052965682,0.0015180185985015026,True,vec,16,"{""1"": 5, ""2"": 15, ""3"": 3, ""4"": 13, ""5"": 9, ""6"": 13, ""7"": 1, ""8"": 15, ""9"": 9, ""10"": 8}"
1738,1738,True,,gemm\random\mappings\sample_1738_seed_1738.csv,4.660067351660502,326.60541080003,1.4209761607309734,0,0.0001167107,0.0,124928.0,24576.0,1.1868676849831383,0.0015168480587315675,True,vec,16,"{""1"": 3, ""2"": 13, ""3"": 7, ""4"": 10, ""5"": 4, ""6"": 12, ""7"": 2, ""8"": 5, ""9"": 4, ""10"": 9}"
1739,1739,True,,gemm\random\mappings\sample_1739_seed_1739.csv,5.452520784470712,326.46483116332,1.4400930720759946,0,0.0001464846,0.0,126976.0,32768.0,2.050188454671692,0.001676866942304481,True,vec,16,"{""1"": 7, ""2"": 8, ""3"": 14, ""4"": 4, ""5"": 6, ""6"": 15, ""7"": 8, ""8"": 13, ""9"": 8, ""10"": 4}"
1740,1740,True,,gemm\random\mappings\sample_1740_seed_1740.csv,5.8246688357576994,326.95612438159,1.5053031920871,0,0.0001663886,0.0,117760.0,35840.0,2.050188454671692,0.0017828690930757822,True,vec,16,"{""1"": 7, ""2"": 5, ""3"": 1, ""4"": 1, ""5"": 9, ""6"": 3, ""7"": 3, ""8"": 5, ""9"": 6, ""10"": 4}"
1741,1741,True,,gemm\random\mappings\sample_1741_seed_1741.csv,5.9603159694480095,328.22154836051,1.4800318157829881,2,0.0001661507,0.5869139583333312,95232.0,27648.0,2.202539178734378,0.0017897906783028992,True,vec,16,"{""1"": 5, ""2"": 4, ""3"": 8, ""4"": 15, ""5"": 4, ""6"": 6, ""7"": 2, ""8"": 3, ""9"": 4, ""10"": 9}"
1742,1742,True,,gemm\random\mappings\sample_1742_seed_1742.csv,5.549667302466349,328.39288603796,1.8968263260083522,2,0.0001213526,0.81855825,144384.0,25600.0,0.9202539178734378,0.001562701823942036,True,vec,16,"{""1"": 1, ""2"": 15, ""3"": 10, ""4"": 9, ""5"": 11, ""6"": 3, ""7"": 4, ""8"": 5, ""9"": 1, ""10"": 2}"
1743,1743,True,,gemm\random\mappings\sample_1743_seed_1743.csv,6.174589940785141,328.06048958088,1.623293813470941,2,0.0001699166,0.4292941458333312,121856.0,33792.0,1.5550486014679628,0.0018159474259918048,True,vec,16,"{""1"": 5, ""2"": 3, ""3"": 2, ""4"": 15, ""5"": 3, ""6"": 7, ""7"": 0, ""8"": 11, ""9"": 5, ""10"": 4}"
1744,1744,True,,gemm\random\mappings\sample_1744_seed_1744.csv,5.223335357045057,325.51638967386,1.2058656509483852,0,0.0001666487,0.0,74752.0,26624.0,2.659591350922436,0.0017807498449350899,True,vec,16,"{""1"": 9, ""2"": 14, ""3"": 6, ""4"": 6, ""5"": 8, ""6"": 9, ""7"": 6, ""8"": 5, ""9"": 9, ""10"": 2}"
1745,1745,True,,gemm\random\mappings\sample_1745_seed_1745.csv,5.464751145998651,328.96353952587,1.6780244050370456,1,0.0001462308,0.8460339583333125,80896.0,18432.0,1.9867089863122396,0.0016879785591224958,True,vec,16,"{""1"": 9, ""2"": 11, ""3"": 9, ""4"": 7, ""5"": 13, ""6"": 13, ""7"": 12, ""8"": 8, ""9"": 13, ""10"": 1}"
1746,1746,True,,gemm\random\mappings\sample_1746_seed_1746.csv,6.163949345812159,325.92663676833,1.3854532169213072,0,0.0001762186,0.0,119808.0,36864.0,3.6371751636580045,0.001834055144513536,True,vec,16,"{""1"": 7, ""2"": 6, ""3"": 12, ""4"": 6, ""5"": 12, ""6"": 7, ""7"": 7, ""8"": 7, ""9"": 14, ""10"": 7}"
1747,1747,True,,gemm\random\mappings\sample_1747_seed_1747.csv,5.697203764696918,327.39764032229,1.4272408868851676,1,0.0001665528,0.059485546875,101376.0,27648.0,2.3548899027970642,0.0017859352161736942,True,vec,16,"{""1"": 14, ""2"": 11, ""3"": 15, ""4"": 4, ""5"": 11, ""6"": 4, ""7"": 6, ""8"": 9, ""9"": 15, ""10"": 6}"
1748,1748,True,,gemm\random\mappings\sample_1748_seed_1748.csv,6.578240924495276,328.22842265576,1.702482123027648,2,0.000170583,0.42618539583333126,200704.0,34816.0,1.5931362824836341,0.001821546149899106,True,vec,16,"{""1"": 12, ""2"": 15, ""3"": 3, ""4"": 3, ""5"": 7, ""6"": 2, ""7"": 9, ""8"": 13, ""9"": 6, ""10"": 13}"
1749,1749,True,,gemm\random\mappings\sample_1749_seed_1749.csv,6.3536761150625845,329.12404145129,1.890439587439947,4,0.0001237827,1.4737956302083375,164864.0,32768.0,1.1868676849831383,0.0015854492236123913,True,vec,16,"{""1"": 7, ""2"": 13, ""3"": 12, ""4"": 1, ""5"": 8, ""6"": 10, ""7"": 8, ""8"": 15, ""9"": 11, ""10"": 5}"
1750,1750,True,,gemm\random\mappings\sample_1750_seed_1750.csv,4.985395904803316,326.5785752761,1.4230288005044698,0,0.0001170329,0.0,119808.0,32768.0,1.5931362824836341,0.0015188229254996812,True,vec,16,"{""1"": 11, ""2"": 9, ""3"": 1, ""4"": 8, ""5"": 6, ""6"": 6, ""7"": 12, ""8"": 0, ""9"": 14, ""10"": 6}"
1751,1751,True,,gemm\random\mappings\sample_1751_seed_1751.csv,4.666279502309416,326.51238482029,1.2973847511319079,0,0.0001466447,0.0,128000.0,16384.0,1.0345169609204523,0.0016764296137214774,True,vec,16,"{""1"": 0, ""2"": 11, ""3"": 6, ""4"": 4, ""5"": 12, ""6"": 5, ""7"": 9, ""8"": 10, ""9"": 5, ""10"": 8}"
1752,1752,True,,gemm\random\mappings\sample_1752_seed_1752.csv,4.9779457331520165,327.47473320739,1.7279064416429917,1,0.000117633,0.1355275,102400.0,25600.0,1.1868676849831383,0.001525959573561707,True,vec,16,"{""1"": 6, ""2"": 1, ""3"": 3, ""4"": 8, ""5"": 4, ""6"": 2, ""7"": 5, ""8"": 0, ""9"": 8, ""10"": 14}"
1753,1753,True,,gemm\random\mappings\sample_1753_seed_1753.csv,4.843389584962358,327.09667252843,1.4016466251449338,0,0.0001465009,0.0,124928.0,16384.0,1.4153937710771671,0.0016766631238105114,True,vec,16,"{""1"": 1, ""2"": 7, ""3"": 14, ""4"": 8, ""5"": 5, ""6"": 11, ""7"": 7, ""8"": 10, ""9"": 11, ""10"": 12}"
1754,1754,True,,gemm\random\mappings\sample_1754_seed_1754.csv,5.276919753906231,327.68946565186,1.8600146884529156,4,0.0001190249,0.5376674739583313,110592.0,18432.0,1.1868676849831383,0.0015433993848718852,True,vec,16,"{""1"": 6, ""2"": 4, ""3"": 14, ""4"": 15, ""5"": 0, ""6"": 9, ""7"": 14, ""8"": 10, ""9"": 13, ""10"": 2}"
1755,1755,True,,gemm\random\mappings\sample_1755_seed_1755.csv,5.797061353542029,326.8201569808,1.4090520777812343,0,0.0001664567,0.0,98304.0,33792.0,2.8246379686570124,0.0017833052632569484,True,vec,16,"{""1"": 11, ""2"": 14, ""3"": 14, ""4"": 2, ""5"": 6, ""6"": 6, ""7"": 11, ""8"": 7, ""9"": 2, ""10"": 14}"
1756,1756,True,,gemm\random\mappings\sample_1756_seed_1756.csv,6.118741980985303,329.19884807391,1.6496844085463986,2,0.0001713468,0.3450704166666668,104448.0,26624.0,2.050188454671692,0.0018258120466100227,True,vec,16,"{""1"": 9, ""2"": 15, ""3"": 10, ""4"": 12, ""5"": 15, ""6"": 14, ""7"": 12, ""8"": 11, ""9"": 14, ""10"": 7}"
1757,1757,True,,gemm\random\mappings\sample_1757_seed_1757.csv,4.586387001320836,327.10638541702,1.6944044488139705,0,0.0001167969,0.0,107520.0,19456.0,1.0599087482642333,0.0015194181988710108,True,vec,16,"{""1"": 13, ""2"": 12, ""3"": 1, ""4"": 9, ""5"": 4, ""6"": 2, ""7"": 15, ""8"": 5, ""9"": 6, ""10"": 12}"
1758,1758,True,,gemm\random\mappings\sample_1758_seed_1758.csv,5.685847893781428,329.51044909456,1.9640010377267108,3,0.0001255947,1.693117375,111616.0,16384.0,1.1868676849831383,0.0016046221226356872,True,vec,16,"{""1"": 4, ""2"": 8, ""3"": 13, ""4"": 14, ""5"": 12, ""6"": 9, ""7"": 1, ""8"": 14, ""9"": 7, ""10"": 15}"
1759,1759,True,,gemm\random\mappings\sample_1759_seed_1759.csv,5.721270702083631,328.22904540887,1.7112086946702496,2,0.0001207568,0.642738,140288.0,33792.0,1.3011307280301527,0.0015542808743526744,True,vec,16,"{""1"": 14, ""2"": 5, ""3"": 13, ""4"": 1, ""5"": 0, ""6"": 9, ""7"": 5, ""8"": 11, ""9"": 14, ""10"": 8}"
1760,1760,True,,gemm\random\mappings\sample_1760_seed_1760.csv,5.079511826940572,327.5242067125,1.5141701317412206,1,0.0001463566,0.148101,110592.0,18432.0,1.4153937710771671,0.0016798393856522944,True,vec,16,"{""1"": 5, ""2"": 0, ""3"": 15, ""4"": 7, ""5"": 4, ""6"": 13, ""7"": 2, ""8"": 15, ""9"": 13, ""10"": 12}"
1761,1761,True,,gemm\random\mappings\sample_1761_seed_1761.csv,4.1607914771976064,326.80600103075,1.4866560860268767,0,0.0001169869,0.0,107520.0,10240.0,0.9964292799047808,0.0015188814835159282,True,vec,16,"{""1"": 2, ""2"": 13, ""3"": 11, ""4"": 2, ""5"": 10, ""6"": 0, ""7"": 9, ""8"": 6, ""9"": 12, ""10"": 7}"
1762,1762,True,,gemm\random\mappings\sample_1762_seed_1762.csv,6.175435832567857,328.96286367976,1.844912725434475,1,0.0001660686,0.73553625,80896.0,30720.0,2.164451497718707,0.0018099476889712866,True,vec,16,"{""1"": 8, ""2"": 4, ""3"": 4, ""4"": 0, ""5"": 1, ""6"": 2, ""7"": 8, ""8"": 0, ""9"": 12, ""10"": 8}"
1763,1763,True,,gemm\random\mappings\sample_1763_seed_1763.csv,4.5692231850915395,326.66665022846,1.364053612492016,0,0.0001467448,0.0,90112.0,16384.0,1.0345169609204523,0.001677724785302973,True,vec,16,"{""1"": 10, ""2"": 8, ""3"": 7, ""4"": 6, ""5"": 15, ""6"": 4, ""7"": 5, ""8"": 3, ""9"": 5, ""10"": 14}"
1764,1764,True,,gemm\random\mappings\sample_1764_seed_1764.csv,4.143317225940678,326.89951153664,1.5210349622767667,0,0.0001167427,0.0,101376.0,10240.0,0.9202539178734378,0.0015176009842474498,True,vec,16,"{""1"": 6, ""2"": 2, ""3"": 11, ""4"": 12, ""5"": 14, ""6"": 4, ""7"": 6, ""8"": 9, ""9"": 5, ""10"": 1}"
1765,1765,True,,gemm\random\mappings\sample_1765_seed_1765.csv,6.127424839603967,328.16756731528,1.7376962105624896,3,0.0001479467,1.092280875,73728.0,30720.0,2.3675857964689544,0.001710090132081603,True,vec,16,"{""1"": 6, ""2"": 7, ""3"": 6, ""4"": 15, ""5"": 11, ""6"": 6, ""7"": 3, ""8"": 6, ""9"": 14, ""10"": 3}"
1766,1766,True,,gemm\random\mappings\sample_1766_seed_1766.csv,5.619614090202969,326.64095538897,1.3256835432761576,0,0.0001664067,0.0,124928.0,25600.0,2.9769886927196985,0.0017816025783153554,True,vec,16,"{""1"": 6, ""2"": 9, ""3"": 15, ""4"": 12, ""5"": 9, ""6"": 3, ""7"": 4, ""8"": 9, ""9"": 6, ""10"": 9}"
1767,1767,True,,gemm\random\mappings\sample_1767_seed_1767.csv,4.884356453045575,326.50641586918,1.7086708082885254,0,0.0001169388,0.0,111616.0,25600.0,1.7200952192025392,0.0015201068493677732,True,vec,16,"{""1"": 15, ""2"": 9, ""3"": 10, ""4"": 8, ""5"": 11, ""6"": 14, ""7"": 3, ""8"": 10, ""9"": 9, ""10"": 3}"
1768,1768,True,,gemm\random\mappings\sample_1768_seed_1768.csv,5.045373848099014,327.94086527794,1.645141500906964,1,0.0001183648,0.140858046875,112640.0,24576.0,1.3773060900614957,0.0015318587388776367,True,vec,16,"{""1"": 2, ""2"": 12, ""3"": 9, ""4"": 5, ""5"": 2, ""6"": 8, ""7"": 12, ""8"": 14, ""9"": 7, ""10"": 0}"
1769,1769,True,,gemm\random\mappings\sample_1769_seed_1769.csv,5.880880420888174,327.8517025587,1.553396129200656,1,0.0001466647,0.296037375,163840.0,34816.0,1.4153937710771671,0.0016854067762248496,True,vec,16,"{""1"": 0, ""2"": 14, ""3"": 3, ""4"": 6, ""5"": 15, ""6"": 11, ""7"": 13, ""8"": 6, ""9"": 13, ""10"": 10}"
1770,1770,True,,gemm\random\mappings\sample_1770_seed_1770.csv,5.492282411894351,325.94432671297,1.2859468777766767,0,0.000166747,0.0,100352.0,32768.0,2.1898432850624876,0.0017828626674062677,True,vec,16,"{""1"": 10, ""2"": 13, ""3"": 5, ""4"": 13, ""5"": 5, ""6"": 6, ""7"": 10, ""8"": 0, ""9"": 14, ""10"": 11}"
1771,1771,True,,gemm\random\mappings\sample_1771_seed_1771.csv,5.038992232322243,326.38830788029,1.4108038378042482,0,0.0001466007,0.0,77824.0,24576.0,2.278714540765721,0.001676227874169701,True,vec,16,"{""1"": 5, ""2"": 2, ""3"": 9, ""4"": 6, ""5"": 10, ""6"": 10, ""7"": 0, ""8"": 10, ""9"": 0, ""10"": 2}"
1772,1772,True,,gemm\random\mappings\sample_1772_seed_1772.csv,5.690126821454222,327.93571257586,1.3619856519670148,2,0.0001682247,0.099183625,104448.0,25600.0,1.8597500495933346,0.0017965172100730933,True,vec,16,"{""1"": 6, ""2"": 12, ""3"": 6, ""4"": 1, ""5"": 12, ""6"": 8, ""7"": 10, ""8"": 5, ""9"": 10, ""10"": 2}"
1773,1773,True,,gemm\random\mappings\sample_1773_seed_1773.csv,4.405623472120367,326.38263725759,1.3800396118380391,0,0.000116775,0.0,96256.0,21504.0,1.1487800039674667,0.0015167678604075655,True,vec,16,"{""1"": 13, ""2"": 6, ""3"": 9, ""4"": 14, ""5"": 1, ""6"": 3, ""7"": 11, ""8"": 8, ""9"": 13, ""10"": 13}"
1774,1774,True,,gemm\random\mappings\sample_1774_seed_1774.csv,5.451773745588995,327.07965826043,1.3334680646591148,0,0.0001666186,0.0,92160.0,24576.0,2.6976790319381077,0.001782439484594639,True,vec,16,"{""1"": 10, ""2"": 13, ""3"": 4, ""4"": 13, ""5"": 6, ""6"": 13, ""7"": 10, ""8"": 6, ""9"": 14, ""10"": 7}"
1775,1775,True,,gemm\random\mappings\sample_1775_seed_1775.csv,4.904237796065917,326.44430906826,1.5404032461538852,0,0.0001167466,0.0,134144.0,28672.0,1.3773060900614957,0.0015179724379674985,True,vec,16,"{""1"": 12, ""2"": 3, ""3"": 1, ""4"": 12, ""5"": 14, ""6"": 11, ""7"": 4, ""8"": 3, ""9"": 8, ""10"": 7}"
1776,1776,True,,gemm\random\mappings\sample_1776_seed_1776.csv,4.8946202357700885,326.89210363118,1.6351438627054848,0,0.0001169869,0.0,151552.0,24576.0,1.1868676849831383,0.001520191502150168,True,vec,16,"{""1"": 3, ""2"": 11, ""3"": 5, ""4"": 13, ""5"": 14, ""6"": 4, ""7"": 11, ""8"": 8, ""9"": 7, ""10"": 15}"
1777,1777,True,,gemm\random\mappings\sample_1777_seed_1777.csv,5.473414525466664,327.53660346698,1.4145957048570375,1,0.0001664068,0.1525695,112640.0,24576.0,1.4407855584209481,0.0017867756190113684,True,vec,16,"{""1"": 11, ""2"": 7, ""3"": 0, ""4"": 3, ""5"": 7, ""6"": 1, ""7"": 14, ""8"": 8, ""9"": 2, ""10"": 9}"
1778,1778,True,,gemm\random\mappings\sample_1778_seed_1778.csv,5.675783082036087,327.62010346146,1.4725408390005204,2,0.0001664547,0.21509783333333315,88064.0,26624.0,1.8216623685776632,0.001788433463332217,True,vec,16,"{""1"": 1, ""2"": 4, ""3"": 4, ""4"": 0, ""5"": 6, ""6"": 6, ""7"": 5, ""8"": 11, ""9"": 7, ""10"": 13}"
1779,1779,True,,gemm\random\mappings\sample_1779_seed_1779.csv,5.4701806561701005,327.94159954598,1.660830309424022,2,0.0001182486,0.139301328125,140288.0,32768.0,1.1868676849831383,0.0015314547386347792,True,vec,16,"{""1"": 8, ""2"": 1, ""3"": 15, ""4"": 3, ""5"": 10, ""6"": 9, ""7"": 6, ""8"": 11, ""9"": 15, ""10"": 14}"
1780,1780,True,,gemm\random\mappings\sample_1780_seed_1780.csv,5.928385490599833,328.16812343026,1.6659707449071421,3,0.0001465826,1.08158375,160768.0,24576.0,1.0345169609204523,0.0017025094301951062,True,vec,16,"{""1"": 0, ""2"": 10, ""3"": 14, ""4"": 13, ""5"": 12, ""6"": 5, ""7"": 5, ""8"": 3, ""9"": 8, ""10"": 9}"
1781,1781,True,,gemm\random\mappings\sample_1781_seed_1781.csv,5.120255149442294,328.07139935844,1.5283021548373121,2,0.0001463087,0.3098483333333312,99328.0,16384.0,1.1868676849831383,0.0016821275150869259,True,vec,16,"{""1"": 2, ""2"": 14, ""3"": 9, ""4"": 7, ""5"": 6, ""6"": 4, ""7"": 5, ""8"": 0, ""9"": 5, ""10"": 0}"
1782,1782,True,,gemm\random\mappings\sample_1782_seed_1782.csv,5.4567118817894364,327.70693153312,1.4373910640686247,1,0.0001677288,0.061606875000000005,107520.0,18432.0,2.227930966078159,0.001791849053248269,True,vec,16,"{""1"": 15, ""2"": 3, ""3"": 3, ""4"": 13, ""5"": 13, ""6"": 2, ""7"": 9, ""8"": 5, ""9"": 10, ""10"": 2}"
1783,1783,True,,gemm\random\mappings\sample_1783_seed_1783.csv,5.3145905932957485,327.179876319,1.6008218424936749,1,0.0001168466,0.006446,150528.0,33792.0,1.3011307280301527,0.001519352783687734,True,vec,16,"{""1"": 15, ""2"": 12, ""3"": 6, ""4"": 2, ""5"": 1, ""6"": 5, ""7"": 15, ""8"": 1, ""9"": 10, ""10"": 9}"
1784,1784,True,,gemm\random\mappings\sample_1784_seed_1784.csv,5.139691847833136,328.15235985145,1.7641201011149301,1,0.0001202829,0.30519140625,98304.0,21504.0,1.8724459432652252,0.001548606921533724,True,vec,16,"{""1"": 1, ""2"": 1, ""3"": 12, ""4"": 11, ""5"": 0, ""6"": 0, ""7"": 8, ""8"": 9, ""9"": 1, ""10"": 7}"
1785,1785,True,,gemm\random\mappings\sample_1785_seed_1785.csv,4.9318570728808675,327.26536051027,1.602562533380721,1,0.0001166467,0.023236953125,84992.0,28672.0,1.3773060900614957,0.0015184027304875822,True,vec,16,"{""1"": 5, ""2"": 5, ""3"": 3, ""4"": 11, ""5"": 6, ""6"": 10, ""7"": 3, ""8"": 9, ""9"": 12, ""10"": 1}"
1786,1786,True,,gemm\random\mappings\sample_1786_seed_1786.csv,4.588707604007551,326.19470488454,1.3860210555508756,0,0.0001167426,0.0,106496.0,25600.0,1.3011307280301527,0.0015165642527539436,True,vec,16,"{""1"": 4, ""2"": 1, ""3"": 14, ""4"": 10, ""5"": 8, ""6"": 4, ""7"": 9, ""8"": 14, ""9"": 6, ""10"": 13}"
1787,1787,True,,gemm\random\mappings\sample_1787_seed_1787.csv,5.351299090326969,328.01111764053,1.7190366887913242,2,0.0001196787,0.5086884218750001,102400.0,26624.0,1.5677444951398531,0.0015484993303981984,True,vec,16,"{""1"": 5, ""2"": 9, ""3"": 3, ""4"": 7, ""5"": 11, ""6"": 9, ""7"": 10, ""8"": 8, ""9"": 3, ""10"": 13}"
1788,1788,True,,gemm\random\mappings\sample_1788_seed_1788.csv,5.640685323019548,327.1717708844,1.451484614435059,1,0.0001466668,0.004044875,140288.0,35840.0,1.4153937710771671,0.0016784886885160921,True,vec,16,"{""1"": 7, ""2"": 12, ""3"": 0, ""4"": 2, ""5"": 5, ""6"": 5, ""7"": 6, ""8"": 9, ""9"": 6, ""10"": 15}"
1789,1789,True,,gemm\random\mappings\sample_1789_seed_1789.csv,5.599834140967136,327.40310140416,1.5300663545898945,1,0.0001658626,0.058941171875000004,110592.0,20480.0,2.583415988891093,0.0017823976568609684,True,vec,16,"{""1"": 1, ""2"": 15, ""3"": 1, ""4"": 14, ""5"": 1, ""6"": 3, ""7"": 15, ""8"": 3, ""9"": 5, ""10"": 5}"
1790,1790,True,,gemm\random\mappings\sample_1790_seed_1790.csv,4.834325671155847,327.69229817881,1.7687254180330945,2,0.0001176507,0.2815529166666687,94208.0,16384.0,1.1868676849831383,0.001529621466705086,True,vec,16,"{""1"": 5, ""2"": 9, ""3"": 8, ""4"": 3, ""5"": 13, ""6"": 3, ""7"": 15, ""8"": 2, ""9"": 14, ""10"": 11}"
1791,1791,True,,gemm\random\mappings\sample_1791_seed_1791.csv,5.631651448674596,326.50857137744,1.404298906560287,0,0.0001665009,0.0,150528.0,32768.0,1.4407855584209481,0.0017842623320528715,True,vec,16,"{""1"": 11, ""2"": 5, ""3"": 4, ""4"": 5, ""5"": 1, ""6"": 9, ""7"": 3, ""8"": 7, ""9"": 14, ""10"": 8}"
1792,1792,True,,gemm\random\mappings\sample_1792_seed_1792.csv,5.304481450547216,327.92246835642,1.5035886255246491,1,0.0001665328,0.333978125,75776.0,18432.0,1.6312239634993058,0.001788677874281837,True,vec,16,"{""1"": 14, ""2"": 12, ""3"": 11, ""4"": 14, ""5"": 11, ""6"": 4, ""7"": 15, ""8"": 13, ""9"": 6, ""10"": 0}"
1793,1793,True,,gemm\random\mappings\sample_1793_seed_1793.csv,5.4121539462772805,328.60542989932,2.0180818946921075,3,0.0001217168,0.8239600320512812,75776.0,20480.0,1.3773060900614957,0.0015696732424805837,True,vec,16,"{""1"": 0, ""2"": 5, ""3"": 1, ""4"": 0, ""5"": 8, ""6"": 6, ""7"": 2, ""8"": 10, ""9"": 1, ""10"": 12}"
1794,1794,True,,gemm\random\mappings\sample_1794_seed_1794.csv,5.028915877290484,327.55786814178,1.51648906543096,1,0.0001180746,0.161728,119808.0,27648.0,1.1868676849831383,0.001528533473865765,True,vec,16,"{""1"": 10, ""2"": 12, ""3"": 7, ""4"": 1, ""5"": 8, ""6"": 15, ""7"": 0, ""8"": 8, ""9"": 6, ""10"": 11}"
1795,1795,True,,gemm\random\mappings\sample_1795_seed_1795.csv,5.6353590221572025,327.46698957914,1.495702103841195,1,0.0001664087,0.09609769230769374,80896.0,26624.0,2.3675857964689544,0.0017865036843327953,True,vec,16,"{""1"": 3, ""2"": 3, ""3"": 2, ""4"": 14, ""5"": 2, ""6"": 4, ""7"": 5, ""8"": 7, ""9"": 5, ""10"": 2}"
1796,1796,True,,gemm\random\mappings\sample_1796_seed_1796.csv,4.796955335272073,327.59174326525,1.6545975915317888,1,0.0001176587,0.10737169117646876,112640.0,18432.0,1.3265225153739337,0.0015274470131949446,True,vec,16,"{""1"": 15, ""2"": 0, ""3"": 14, ""4"": 15, ""5"": 3, ""6"": 8, ""7"": 6, ""8"": 10, ""9"": 1, ""10"": 15}"
1797,1797,True,,gemm\random\mappings\sample_1797_seed_1797.csv,4.7163970882793445,327.85020662913,1.6182566398886873,1,0.0001183348,0.1365128125,89088.0,18432.0,1.2630430470144813,0.0015314693011460653,True,vec,16,"{""1"": 9, ""2"": 10, ""3"": 2, ""4"": 5, ""5"": 0, ""6"": 12, ""7"": 4, ""8"": 6, ""9"": 0, ""10"": 9}"
1798,1798,True,,gemm\random\mappings\sample_1798_seed_1798.csv,5.850375271975354,328.15417102513,1.7418017026279884,2,0.000120469,0.538598347222225,179200.0,33792.0,1.3011307280301527,0.0015508808010611481,True,vec,16,"{""1"": 15, ""2"": 0, ""3"": 2, ""4"": 4, ""5"": 9, ""6"": 2, ""7"": 14, ""8"": 5, ""9"": 15, ""10"": 12}"
1799,1799,True,,gemm\random\mappings\sample_1799_seed_1799.csv,5.011459731201533,327.60919768064,1.5933607828816654,1,0.0001182709,0.150575,120832.0,24576.0,1.3392184090458243,0.001529824415594203,True,vec,16,"{""1"": 7, ""2"": 4, ""3"": 0, ""4"": 10, ""5"": 15, ""6"": 4, ""7"": 11, ""8"": 9, ""9"": 1, ""10"": 1}"
1800,1800,True,,gemm\random\mappings\sample_1800_seed_1800.csv,4.599489012122796,326.16593962827,1.4316856845076835,0,0.0001165986,0.0,97280.0,28672.0,0.9964292799047808,0.0015161522826803498,True,vec,16,"{""1"": 11, ""2"": 1, ""3"": 5, ""4"": 10, ""5"": 11, ""6"": 9, ""7"": 14, ""8"": 7, ""9"": 4, ""10"": 13}"
1801,1801,True,,gemm\random\mappings\sample_1801_seed_1801.csv,6.009517564129584,328.30116528105,1.791531452743769,2,0.0001209346,0.844731375,181248.0,35840.0,1.1868676849831383,0.0015607082912527342,True,vec,16,"{""1"": 3, ""2"": 8, ""3"": 0, ""4"": 9, ""5"": 12, ""6"": 2, ""7"": 11, ""8"": 6, ""9"": 9, ""10"": 5}"
1802,1802,True,,gemm\random\mappings\sample_1802_seed_1802.csv,5.209230636148396,327.99769500972,1.5833593565189394,1,0.0001467949,0.20145842105263123,93184.0,19456.0,1.7200952192025392,0.0016873978352071547,True,vec,16,"{""1"": 12, ""2"": 12, ""3"": 14, ""4"": 8, ""5"": 6, ""6"": 12, ""7"": 4, ""8"": 7, ""9"": 4, ""10"": 3}"
1803,1803,True,,gemm\random\mappings\sample_1803_seed_1803.csv,5.242927765971659,328.06613313497,1.793909552193888,1,0.0001212268,0.351457890625,110592.0,24576.0,1.5677444951398531,0.0015556238862477767,True,vec,16,"{""1"": 9, ""2"": 12, ""3"": 2, ""4"": 4, ""5"": 0, ""6"": 14, ""7"": 0, ""8"": 4, ""9"": 7, ""10"": 3}"
1804,1804,True,,gemm\random\mappings\sample_1804_seed_1804.csv,4.574374144536453,327.24152364588,1.575739814709407,1,0.0001167408,0.025408333333333127,96256.0,18432.0,1.0599087482642333,0.0015185409572327673,True,vec,16,"{""1"": 9, ""2"": 11, ""3"": 4, ""4"": 7, ""5"": 8, ""6"": 15, ""7"": 1, ""8"": 6, ""9"": 2, ""10"": 8}"
1805,1805,True,,gemm\random\mappings\sample_1805_seed_1805.csv,4.779780963797661,326.14156973827,1.2157568698990162,0,0.0001665668,0.0,84992.0,16384.0,1.5931362824836341,0.001782180955232026,True,vec,16,"{""1"": 10, ""2"": 7, ""3"": 14, ""4"": 14, ""5"": 5, ""6"": 4, ""7"": 3, ""8"": 0, ""9"": 9, ""10"": 9}"
1806,1806,True,,gemm\random\mappings\sample_1806_seed_1806.csv,5.490001924116136,327.48883225015,1.3257897539418169,1,0.0001666329,0.11557770833333124,128000.0,16384.0,2.659591350922436,0.0017851236696148466,True,vec,16,"{""1"": 2, ""2"": 8, ""3"": 8, ""4"": 7, ""5"": 10, ""6"": 2, ""7"": 2, ""8"": 7, ""9"": 12, ""10"": 2}"
1807,1807,True,,gemm\random\mappings\sample_1807_seed_1807.csv,4.629193207691548,326.47361480665,1.4073075187437913,0,0.0001461546,0.0,58368.0,18432.0,1.6058321761555248,0.0016741802135935488,True,vec,16,"{""1"": 5, ""2"": 5, ""3"": 1, ""4"": 6, ""5"": 14, ""6"": 2, ""7"": 2, ""8"": 6, ""9"": 13, ""10"": 3}"
1808,1808,True,,gemm\random\mappings\sample_1808_seed_1808.csv,5.0992505186957775,326.66164946888,1.4714417166643394,0,0.0001465528,0.0,128000.0,24576.0,1.4153937710771671,0.0016774870559122352,True,vec,16,"{""1"": 0, ""2"": 1, ""3"": 4, ""4"": 10, ""5"": 11, ""6"": 14, ""7"": 11, ""8"": 13, ""9"": 14, ""10"": 2}"
1809,1809,True,,gemm\random\mappings\sample_1809_seed_1809.csv,5.163595567056836,326.29518964073,1.2694003501302167,0,0.0001663248,0.0,86016.0,20480.0,2.583415988891093,0.0017800548115036322,True,vec,16,"{""1"": 9, ""2"": 3, ""3"": 5, ""4"": 10, ""5"": 5, ""6"": 10, ""7"": 11, ""8"": 5, ""9"": 6, ""10"": 8}"
1810,1810,True,,gemm\random\mappings\sample_1810_seed_1810.csv,5.653811934252047,327.46131864398,1.45993317766206,1,0.0001668087,0.12153325,113664.0,24576.0,2.202539178734378,0.0017871199413629197,True,vec,16,"{""1"": 2, ""2"": 0, ""3"": 4, ""4"": 4, ""5"": 7, ""6"": 4, ""7"": 10, ""8"": 11, ""9"": 9, ""10"": 14}"
1811,1811,True,,gemm\random\mappings\sample_1811_seed_1811.csv,4.700029038308672,327.24817573942,1.5820119136851083,1,0.000116981,0.032305833333333124,106496.0,17408.0,1.5677444951398531,0.0015197838552277196,True,vec,16,"{""1"": 10, ""2"": 2, ""3"": 5, ""4"": 4, ""5"": 15, ""6"": 1, ""7"": 2, ""8"": 11, ""9"": 5, ""10"": 0}"
1812,1812,True,,gemm\random\mappings\sample_1812_seed_1812.csv,5.081249181453921,327.84942330107,1.7205424112288057,1,0.0001188687,0.29422125000000005,92160.0,25600.0,1.4534814520928387,0.0015366005431543541,True,vec,16,"{""1"": 11, ""2"": 12, ""3"": 10, ""4"": 15, ""5"": 8, ""6"": 4, ""7"": 10, ""8"": 11, ""9"": 5, ""10"": 4}"
1813,1813,True,,gemm\random\mappings\sample_1813_seed_1813.csv,5.625373393133803,326.35272226171,1.2728911900864264,0,0.0001666327,0.0,134144.0,32768.0,2.050188454671692,0.001783335966187192,True,vec,16,"{""1"": 15, ""2"": 12, ""3"": 4, ""4"": 6, ""5"": 6, ""6"": 9, ""7"": 4, ""8"": 10, ""9"": 9, ""10"": 14}"
1814,1814,True,,gemm\random\mappings\sample_1814_seed_1814.csv,5.5888228864657385,328.74578420556,1.8745487062499098,2,0.0001461971,1.403657125,78848.0,18432.0,1.2249553659988097,0.0017083662680181997,True,vec,16,"{""1"": 7, ""2"": 11, ""3"": 15, ""4"": 7, ""5"": 10, ""6"": 0, ""7"": 3, ""8"": 3, ""9"": 9, ""10"": 12}"
1815,1815,True,,gemm\random\mappings\sample_1815_seed_1815.csv,5.145915524487338,328.13251867061,1.77952265375955,3,0.0001187888,0.6325950833333313,109568.0,19456.0,0.8059908748264233,0.0015386554148594635,True,vec,16,"{""1"": 1, ""2"": 4, ""3"": 5, ""4"": 14, ""5"": 8, ""6"": 3, ""7"": 9, ""8"": 13, ""9"": 12, ""10"": 0}"
1816,1816,True,,gemm\random\mappings\sample_1816_seed_1816.csv,6.098129353684766,329.51096299504,1.9502943286865806,3,0.0001259089,1.693464140625,99328.0,28672.0,1.5550486014679628,0.0016066351176081337,True,vec,16,"{""1"": 9, ""2"": 4, ""3"": 8, ""4"": 0, ""5"": 1, ""6"": 11, ""7"": 1, ""8"": 2, ""9"": 9, ""10"": 8}"
1817,1817,True,,gemm\random\mappings\sample_1817_seed_1817.csv,4.774834324544669,327.68393524819,1.5667014464396916,1,0.0001179666,0.17455259615384375,114688.0,18432.0,1.2503471533425907,0.001529346801670092,True,vec,16,"{""1"": 15, ""2"": 11, ""3"": 0, ""4"": 15, ""5"": 9, ""6"": 3, ""7"": 10, ""8"": 5, ""9"": 12, ""10"": 9}"
1818,1818,True,,gemm\random\mappings\sample_1818_seed_1818.csv,4.721419881017991,326.51405475999,1.5080020938154912,0,0.0001170508,0.0,90112.0,29696.0,1.1868676849831383,0.0015193649677626843,True,vec,16,"{""1"": 5, ""2"": 10, ""3"": 6, ""4"": 4, ""5"": 7, ""6"": 4, ""7"": 3, ""8"": 11, ""9"": 12, ""10"": 15}"
1819,1819,True,,gemm\random\mappings\sample_1819_seed_1819.csv,5.516690877891112,328.00491833408,1.6107727193084393,1,0.000149060954,0.1430891346153875,98304.0,20480.0,2.7738543939694504,0.0016988397195929865,True,vec,16,"{""1"": 14, ""2"": 6, ""3"": 8, ""4"": 14, ""5"": 12, ""6"": 12, ""7"": 2, ""8"": 12, ""9"": 2, ""10"": 12}"
1820,1820,True,,gemm\random\mappings\sample_1820_seed_1820.csv,5.830977474242521,327.24895453024,1.4143017443479422,1,0.0001466508,0.029157875,126976.0,35840.0,2.5453283078754216,0.0016783796503774269,True,vec,16,"{""1"": 4, ""2"": 7, ""3"": 13, ""4"": 11, ""5"": 6, ""6"": 13, ""7"": 13, ""8"": 6, ""9"": 4, ""10"": 11}"
1821,1821,True,,gemm\random\mappings\sample_1821_seed_1821.csv,5.40792631887547,327.00999453013,1.349226337440608,0,0.0001665327,0.0,103424.0,27648.0,1.8597500495933346,0.0017830234181538895,True,vec,16,"{""1"": 11, ""2"": 11, ""3"": 5, ""4"": 13, ""5"": 13, ""6"": 4, ""7"": 8, ""8"": 10, ""9"": 8, ""10"": 0}"
1822,1822,True,,gemm\random\mappings\sample_1822_seed_1822.csv,4.884342516293714,327.84913207769,1.7302521724814968,1,0.0001187046,0.183126796875,77824.0,20480.0,1.6312239634993058,0.0015359978027746873,True,vec,16,"{""1"": 11, ""2"": 7, ""3"": 2, ""4"": 6, ""5"": 11, ""6"": 10, ""7"": 8, ""8"": 0, ""9"": 7, ""10"": 6}"
1823,1823,True,,gemm\random\mappings\sample_1823_seed_1823.csv,5.050181082790668,326.44387710302,1.4420882607855465,0,0.0001464207,0.0,112640.0,26624.0,1.3392184090458243,0.0016762471459865556,True,vec,16,"{""1"": 8, ""2"": 10, ""3"": 0, ""4"": 6, ""5"": 11, ""6"": 2, ""7"": 7, ""8"": 4, ""9"": 4, ""10"": 4}"
1824,1824,True,,gemm\random\mappings\sample_1824_seed_1824.csv,6.2256222988783385,328.01712708731,1.5902691812171799,2,0.0001676926,0.32244809375,146432.0,32768.0,1.8216623685776632,0.0018034325742999511,True,vec,16,"{""1"": 7, ""2"": 0, ""3"": 13, ""4"": 1, ""5"": 1, ""6"": 10, ""7"": 2, ""8"": 0, ""9"": 4, ""10"": 8}"
1825,1825,True,,gemm\random\mappings\sample_1825_seed_1825.csv,5.792333297330139,326.86863683878,1.3758231436030894,0,0.0001665507,0.0,96256.0,38912.0,2.151755604046816,0.0017831419451278566,True,vec,16,"{""1"": 0, ""2"": 9, ""3"": 5, ""4"": 2, ""5"": 2, ""6"": 13, ""7"": 8, ""8"": 0, ""9"": 0, ""10"": 5}"
1826,1826,True,,gemm\random\mappings\sample_1826_seed_1826.csv,6.6018230768252995,326.47192982734,1.3388478290738588,0,0.0002165026,0.0,174080.0,32768.0,2.964292799047808,0.0020505505955952766,True,vec,16,"{""1"": 4, ""2"": 15, ""3"": 15, ""4"": 9, ""5"": 15, ""6"": 0, ""7"": 2, ""8"": 5, ""9"": 13, ""10"": 9}"
1827,1827,True,,gemm\random\mappings\sample_1827_seed_1827.csv,4.89024201621149,327.62738571806,1.5688478594700839,1,0.0001177427,0.19430458333333125,82944.0,26624.0,1.1868676849831383,0.0015257147925834096,True,vec,16,"{""1"": 8, ""2"": 6, ""3"": 9, ""4"": 10, ""5"": 4, ""6"": 0, ""7"": 14, ""8"": 12, ""9"": 4, ""10"": 5}"
1828,1828,True,,gemm\random\mappings\sample_1828_seed_1828.csv,6.333904680215084,328.95521469836,1.840368721265541,1,0.0001720866,0.26547384615384373,118784.0,26624.0,2.989684586391589,0.0018309025946285989,True,vec,16,"{""1"": 1, ""2"": 0, ""3"": 12, ""4"": 13, ""5"": 12, ""6"": 13, ""7"": 8, ""8"": 12, ""9"": 9, ""10"": 13}"
1829,1829,True,,gemm\random\mappings\sample_1829_seed_1829.csv,5.443124817266049,326.07543334701,1.2255045091710155,0,0.0001665547,0.0,105472.0,29696.0,2.3929775838127356,0.0017811630045314459,True,vec,16,"{""1"": 11, ""2"": 5, ""3"": 5, ""4"": 8, ""5"": 11, ""6"": 5, ""7"": 10, ""8"": 3, ""9"": 13, ""10"": 15}"
1830,1830,True,,gemm\random\mappings\sample_1830_seed_1830.csv,6.1471208701741045,329.28917372767,1.8550234766691278,3,0.0001244027,1.1264786875,120832.0,33792.0,1.6439198571711962,0.001586550526504884,True,vec,16,"{""1"": 15, ""2"": 12, ""3"": 13, ""4"": 10, ""5"": 8, ""6"": 13, ""7"": 10, ""8"": 3, ""9"": 1, ""10"": 15}"
1831,1831,True,,gemm\random\mappings\sample_1831_seed_1831.csv,4.579004973347423,327.33730681495,1.5773433354744086,1,0.0001168087,0.07686833333333125,76800.0,19456.0,1.1741717913112477,0.0015191876657502919,True,vec,16,"{""1"": 1, ""2"": 3, ""3"": 10, ""4"": 0, ""5"": 5, ""6"": 6, ""7"": 9, ""8"": 2, ""9"": 1, ""10"": 10}"
1832,1832,True,,gemm\random\mappings\sample_1832_seed_1832.csv,5.261450175187941,327.78046832242,1.635518080221242,2,0.0001179268,0.29054052083333126,143360.0,24576.0,1.3392184090458243,0.0015289693570590208,True,vec,16,"{""1"": 15, ""2"": 4, ""3"": 11, ""4"": 8, ""5"": 5, ""6"": 7, ""7"": 4, ""8"": 0, ""9"": 9, ""10"": 9}"
1833,1833,True,,gemm\random\mappings\sample_1833_seed_1833.csv,5.4332504342463235,328.39287684246,1.8331192590686929,3,0.0001210806,1.041207875,76800.0,24576.0,1.1868676849831383,0.0015632732807631766,True,vec,16,"{""1"": 8, ""2"": 9, ""3"": 5, ""4"": 13, ""5"": 12, ""6"": 14, ""7"": 0, ""8"": 1, ""9"": 9, ""10"": 10}"
1834,1834,True,,gemm\random\mappings\sample_1834_seed_1834.csv,5.290170280119933,326.7329534402,1.3432639475897417,0,0.0001664548,0.0,106496.0,26624.0,1.5550486014679628,0.0017829109155616943,True,vec,16,"{""1"": 12, ""2"": 9, ""3"": 9, ""4"": 5, ""5"": 4, ""6"": 12, ""7"": 6, ""8"": 15, ""9"": 2, ""10"": 13}"
1835,1835,True,,gemm\random\mappings\sample_1835_seed_1835.csv,5.4435909636605135,327.50444652176,1.5248294072150042,1,0.0001465028,0.1598153125,132096.0,24576.0,1.7962705812338822,0.0016831266533551225,True,vec,16,"{""1"": 3, ""2"": 8, ""3"": 7, ""4"": 12, ""5"": 2, ""6"": 6, ""7"": 8, ""8"": 12, ""9"": 6, ""10"": 13}"
1836,1836,True,,gemm\random\mappings\sample_1836_seed_1836.csv,4.860457263630255,327.4110548115,1.4851519305577359,1,0.0001467966,0.0510915625,94208.0,17408.0,1.0345169609204523,0.0016797573082873996,True,vec,16,"{""1"": 6, ""2"": 5, ""3"": 11, ""4"": 14, ""5"": 0, ""6"": 12, ""7"": 7, ""8"": 12, ""9"": 13, ""10"": 8}"
1837,1837,True,,gemm\random\mappings\sample_1837_seed_1837.csv,4.678193559197364,326.41676202512,1.5705208329900975,0,0.000116885,0.0,114688.0,25600.0,1.0599087482642333,0.0015187367682024935,True,vec,16,"{""1"": 0, ""2"": 2, ""3"": 9, ""4"": 8, ""5"": 6, ""6"": 14, ""7"": 12, ""8"": 11, ""9"": 3, ""10"": 8}"
1838,1838,True,,gemm\random\mappings\sample_1838_seed_1838.csv,5.998886094869487,328.28897782566,1.893787154994834,3,0.0001206109,0.7262588125,126976.0,34816.0,1.7073993255306488,0.001555913172866665,True,vec,16,"{""1"": 5, ""2"": 14, ""3"": 2, ""4"": 11, ""5"": 3, ""6"": 0, ""7"": 3, ""8"": 5, ""9"": 4, ""10"": 3}"
1839,1839,True,,gemm\random\mappings\sample_1839_seed_1839.csv,5.965089642815533,327.36563258958,1.6194841185569315,1,0.0001766127,0.080082875,96256.0,30720.0,2.278714540765721,0.001840533951044111,True,vec,16,"{""1"": 1, ""2"": 2, ""3"": 2, ""4"": 3, ""5"": 12, ""6"": 8, ""7"": 0, ""8"": 0, ""9"": 0, ""10"": 8}"
1840,1840,True,,gemm\random\mappings\sample_1840_seed_1840.csv,4.677019161934777,327.20957084552,1.5040400487058134,1,0.000116953,0.015621375,104448.0,20480.0,1.2630430470144813,0.0015190869906876753,True,vec,16,"{""1"": 14, ""2"": 1, ""3"": 13, ""4"": 6, ""5"": 2, ""6"": 7, ""7"": 13, ""8"": 10, ""9"": 0, ""10"": 14}"
1841,1841,True,,gemm\random\mappings\sample_1841_seed_1841.csv,6.203776474210982,326.33998945138,1.2072926031234625,0,0.000216747,0.0,96256.0,30720.0,3.1293394167823845,0.002050486233406792,True,vec,16,"{""1"": 5, ""2"": 7, ""3"": 7, ""4"": 7, ""5"": 5, ""6"": 8, ""7"": 13, ""8"": 13, ""9"": 0, ""10"": 3}"
1842,1842,True,,gemm\random\mappings\sample_1842_seed_1842.csv,5.099807293002399,326.2854868661,1.3642766507644126,0,0.0001664548,0.0,92160.0,20480.0,1.9740130926403492,0.001781760482079084,True,vec,16,"{""1"": 5, ""2"": 4, ""3"": 4, ""4"": 15, ""5"": 13, ""6"": 1, ""7"": 10, ""8"": 7, ""9"": 1, ""10"": 1}"
1843,1843,True,,gemm\random\mappings\sample_1843_seed_1843.csv,4.774333527763364,326.45118971699,1.545613806495087,0,0.0001167448,0.0,121856.0,24576.0,1.5677444951398531,0.0015177634426391284,True,vec,16,"{""1"": 12, ""2"": 7, ""3"": 6, ""4"": 8, ""5"": 9, ""6"": 3, ""7"": 9, ""8"": 1, ""9"": 8, ""10"": 2}"
1844,1844,True,,gemm\random\mappings\sample_1844_seed_1844.csv,6.108831867751158,327.77919835676,1.6897876083454606,2,0.0001682029,0.23466256250000003,193536.0,25600.0,1.4407855584209481,0.0018030947591152733,True,vec,16,"{""1"": 3, ""2"": 12, ""3"": 12, ""4"": 15, ""5"": 14, ""6"": 5, ""7"": 13, ""8"": 8, ""9"": 1, ""10"": 7}"
1845,1845,True,,gemm\random\mappings\sample_1845_seed_1845.csv,5.327682434797223,325.92665199755,1.3710675135990595,0,0.0001666468,0.0,128000.0,20480.0,2.532632414203531,0.0017825590185770361,True,vec,16,"{""1"": 2, ""2"": 12, ""3"": 12, ""4"": 6, ""5"": 6, ""6"": 2, ""7"": 10, ""8"": 2, ""9"": 9, ""10"": 1}"
1846,1846,True,,gemm\random\mappings\sample_1846_seed_1846.csv,5.402401327670832,325.90590622653,1.362048735328593,0,0.0001666967,0.0,109568.0,27648.0,2.202539178734378,0.0017829297300115275,True,vec,16,"{""1"": 15, ""2"": 13, ""3"": 13, ""4"": 11, ""5"": 4, ""6"": 13, ""7"": 3, ""8"": 8, ""9"": 5, ""10"": 6}"
1847,1847,True,,gemm\random\mappings\sample_1847_seed_1847.csv,5.99823399476925,328.59778176293,1.5533728638411728,2,0.0001665966,0.444543359375,139264.0,24576.0,1.8216623685776632,0.0017961456054572643,True,vec,16,"{""1"": 1, ""2"": 15, ""3"": 4, ""4"": 7, ""5"": 7, ""6"": 15, ""7"": 14, ""8"": 10, ""9"": 12, ""10"": 8}"
1848,1848,True,,gemm\random\mappings\sample_1848_seed_1848.csv,6.117643515965017,327.48721665512,1.5245022583839785,2,0.0001661807,0.22186379166666878,125952.0,34816.0,1.9740130926403492,0.0017868542006709552,True,vec,16,"{""1"": 15, ""2"": 1, ""3"": 13, ""4"": 12, ""5"": 13, ""6"": 2, ""7"": 3, ""8"": 8, ""9"": 8, ""10"": 8}"
1849,1849,True,,gemm\random\mappings\sample_1849_seed_1849.csv,5.25746021826927,328.2975520438,1.8585228742083355,3,0.0001187907,0.7665116822916688,98304.0,16384.0,1.5677444951398531,0.0015446407676685113,True,vec,16,"{""1"": 9, ""2"": 2, ""3"": 13, ""4"": 0, ""5"": 12, ""6"": 3, ""7"": 2, ""8"": 0, ""9"": 6, ""10"": 1}"
1850,1850,True,,gemm\random\mappings\sample_1850_seed_1850.csv,5.0547016979467925,326.44404414039,1.5976823293700462,0,0.000116613,0.0,128000.0,26624.0,2.3548899027970642,0.001517362154354772,True,vec,16,"{""1"": 0, ""2"": 6, ""3"": 11, ""4"": 0, ""5"": 10, ""6"": 7, ""7"": 0, ""8"": 9, ""9"": 10, ""10"": 0}"
1851,1851,True,,gemm\random\mappings\sample_1851_seed_1851.csv,4.969304458980371,327.55788024424,1.465154601748652,1,0.0001181688,0.159705,140288.0,26624.0,0.8059908748264233,0.0015285395529385732,True,vec,16,"{""1"": 12, ""2"": 3, ""3"": 2, ""4"": 4, ""5"": 13, ""6"": 1, ""7"": 6, ""8"": 14, ""9"": 8, ""10"": 10}"
1852,1852,True,,gemm\random\mappings\sample_1852_seed_1852.csv,5.0802188234876215,326.38243995389,1.2524278439385426,0,0.0001666829,0.0,114688.0,20480.0,1.6693116445149772,0.0017833514271368102,True,vec,16,"{""1"": 2, ""2"": 1, ""3"": 11, ""4"": 8, ""5"": 11, ""6"": 5, ""7"": 10, ""8"": 9, ""9"": 9, ""10"": 3}"
1853,1853,True,,gemm\random\mappings\sample_1853_seed_1853.csv,5.253431612654642,326.50657770252,1.414585090991522,0,0.0001466489,0.0,134144.0,32768.0,1.0345169609204523,0.001677676228981561,True,vec,16,"{""1"": 7, ""2"": 13, ""3"": 10, ""4"": 0, ""5"": 9, ""6"": 8, ""7"": 5, ""8"": 3, ""9"": 8, ""10"": 2}"
1854,1854,True,,gemm\random\mappings\sample_1854_seed_1854.csv,4.608060024830936,327.24040803126,1.6442957131115121,1,0.000117003,0.020839791666666878,77824.0,17408.0,1.5296568141241818,0.0015201519645259482,True,vec,16,"{""1"": 10, ""2"": 5, ""3"": 7, ""4"": 15, ""5"": 10, ""6"": 5, ""7"": 3, ""8"": 8, ""9"": 4, ""10"": 3}"
1855,1855,True,,gemm\random\mappings\sample_1855_seed_1855.csv,5.484820284792665,328.12627705699,1.498000819624396,2,0.000168779,0.1958812291666669,92160.0,16384.0,1.9359254116246776,0.001803807108456089,True,vec,16,"{""1"": 9, ""2"": 12, ""3"": 1, ""4"": 14, ""5"": 12, ""6"": 13, ""7"": 3, ""8"": 9, ""9"": 13, ""10"": 3}"
1856,1856,True,,gemm\random\mappings\sample_1856_seed_1856.csv,5.138284491332727,326.04314856412,1.382932524595069,0,0.0001468427,0.0,121856.0,26624.0,1.8724459432652252,0.001678297727389939,True,vec,16,"{""1"": 15, ""2"": 8, ""3"": 6, ""4"": 7, ""5"": 13, ""6"": 13, ""7"": 13, ""8"": 11, ""9"": 0, ""10"": 15}"
1857,1857,True,,gemm\random\mappings\sample_1857_seed_1857.csv,4.907441107232931,326.0664770335,1.2334165062553033,0,0.0001666327,0.0,57344.0,20480.0,2.075580242015473,0.0017824417652628666,True,vec,16,"{""1"": 6, ""2"": 10, ""3"": 7, ""4"": 5, ""5"": 7, ""6"": 8, ""7"": 2, ""8"": 5, ""9"": 13, ""10"": 10}"
1858,1858,True,,gemm\random\mappings\sample_1858_seed_1858.csv,5.146862138690041,327.62432591439,1.5133322221922094,1,0.000147465,0.1066728125,116736.0,18432.0,1.5550486014679628,0.001685387447922655,True,vec,16,"{""1"": 14, ""2"": 12, ""3"": 14, ""4"": 2, ""5"": 4, ""6"": 0, ""7"": 0, ""8"": 9, ""9"": 1, ""10"": 14}"
1859,1859,True,,gemm\random\mappings\sample_1859_seed_1859.csv,4.9468207658323395,326.33213040318,1.2923613729998795,0,0.0001464907,0.0,109568.0,26624.0,1.2884348343582623,0.0016757590481401578,True,vec,16,"{""1"": 11, ""2"": 14, ""3"": 8, ""4"": 7, ""5"": 4, ""6"": 6, ""7"": 0, ""8"": 10, ""9"": 10, ""10"": 7}"
1860,1860,True,,gemm\random\mappings\sample_1860_seed_1860.csv,5.685609789948823,326.73382079592,1.472501887963628,0,0.0001665649,0.0,137216.0,32768.0,1.6693116445149772,0.0017847086021895054,True,vec,16,"{""1"": 11, ""2"": 12, ""3"": 14, ""4"": 0, ""5"": 14, ""6"": 8, ""7"": 13, ""8"": 3, ""9"": 3, ""10"": 4}"
1861,1861,True,,gemm\random\mappings\sample_1861_seed_1861.csv,5.058553052652018,327.84661451033,1.7194210692126155,1,0.0001177907,0.1054628125,107520.0,26624.0,1.1868676849831383,0.0015281190049716274,True,vec,16,"{""1"": 15, ""2"": 9, ""3"": 3, ""4"": 14, ""5"": 12, ""6"": 0, ""7"": 3, ""8"": 7, ""9"": 5, ""10"": 1}"
1862,1862,True,,gemm\random\mappings\sample_1862_seed_1862.csv,5.061434643410675,326.15855053324,1.2780883271350116,0,0.0001665827,0.0,83968.0,24576.0,1.5931362824836341,0.0017824398080053688,True,vec,16,"{""1"": 8, ""2"": 14, ""3"": 14, ""4"": 9, ""5"": 4, ""6"": 2, ""7"": 13, ""8"": 10, ""9"": 5, ""10"": 5}"
1863,1863,True,,gemm\random\mappings\sample_1863_seed_1863.csv,5.159910688836014,325.41891256638,1.2683301681095764,0,0.0001666168,0.0,125952.0,24576.0,1.6693116445149772,0.001781819787606379,True,vec,16,"{""1"": 12, ""2"": 5, ""3"": 7, ""4"": 5, ""5"": 8, ""6"": 9, ""7"": 9, ""8"": 2, ""9"": 11, ""10"": 14}"
1864,1864,True,,gemm\random\mappings\sample_1864_seed_1864.csv,5.500245322828771,326.85287704828,1.4542146754853964,0,0.0001667288,0.0,94208.0,26624.0,2.431065264828407,0.0017834871038123086,True,vec,16,"{""1"": 2, ""2"": 9, ""3"": 1, ""4"": 9, ""5"": 3, ""6"": 9, ""7"": 8, ""8"": 4, ""9"": 8, ""10"": 10}"
1865,1865,True,,gemm\random\mappings\sample_1865_seed_1865.csv,4.480883830866819,327.62589299376,1.576399200510805,1,0.0001181189,0.1226065625,79872.0,12288.0,1.4407855584209481,0.0015294323594375922,True,vec,16,"{""1"": 5, ""2"": 13, ""3"": 0, ""4"": 10, ""5"": 1, ""6"": 6, ""7"": 0, ""8"": 9, ""9"": 2, ""10"": 13}"
1866,1866,True,,gemm\random\mappings\sample_1866_seed_1866.csv,5.521213230805479,326.5269140963,1.3119957924584336,0,0.0001462128,0.0,134144.0,35840.0,2.062884348343583,0.001674506317470614,True,vec,16,"{""1"": 15, ""2"": 0, ""3"": 10, ""4"": 13, ""5"": 6, ""6"": 10, ""7"": 10, ""8"": 15, ""9"": 4, ""10"": 4}"
1867,1867,True,,gemm\random\mappings\sample_1867_seed_1867.csv,6.446143385999656,326.18708180043,1.447648124047842,0,0.0001961809,0.0,133120.0,27648.0,4.690934338424916,0.0019420621171234089,True,vec,16,"{""1"": 7, ""2"": 13, ""3"": 0, ""4"": 7, ""5"": 0, ""6"": 0, ""7"": 7, ""8"": 0, ""9"": 8, ""10"": 0}"
1868,1868,True,,gemm\random\mappings\sample_1868_seed_1868.csv,4.995954137687309,327.6935622578,1.4114367771568739,1,0.0001464386,0.22487912499999999,92160.0,18432.0,1.4153937710771671,0.0016809644363434914,True,vec,16,"{""1"": 14, ""2"": 15, ""3"": 6, ""4"": 12, ""5"": 8, ""6"": 3, ""7"": 9, ""8"": 6, ""9"": 9, ""10"": 5}"
1869,1869,True,,gemm\random\mappings\sample_1869_seed_1869.csv,6.0089926926234085,329.27519765969,2.1405440564310627,5,0.0001261549,2.1885095952381186,72704.0,16384.0,1.6312239634993058,0.0016151230361646915,True,vec,16,"{""1"": 7, ""2"": 15, ""3"": 11, ""4"": 7, ""5"": 10, ""6"": 12, ""7"": 13, ""8"": 8, ""9"": 10, ""10"": 11}"
1870,1870,True,,gemm\random\mappings\sample_1870_seed_1870.csv,5.26765062905514,328.25336624092,1.5129445175965501,2,0.0001469068,0.60653175,99328.0,19456.0,1.0345169609204523,0.0016923947526516579,True,vec,16,"{""1"": 10, ""2"": 3, ""3"": 7, ""4"": 8, ""5"": 6, ""6"": 14, ""7"": 2, ""8"": 2, ""9"": 5, ""10"": 11}"
1871,1871,True,,gemm\random\mappings\sample_1871_seed_1871.csv,6.014922451627611,328.2908268238,2.010454923950234,4,0.0001200967,1.007097765625,188416.0,24576.0,1.1868676849831383,0.0015601378405113448,True,vec,16,"{""1"": 15, ""2"": 2, ""3"": 3, ""4"": 4, ""5"": 0, ""6"": 12, ""7"": 13, ""8"": 0, ""9"": 9, ""10"": 6}"
1872,1872,True,,gemm\random\mappings\sample_1872_seed_1872.csv,6.276988740878027,326.13818702475,1.15246527887884,0,0.0002162626,0.0,79872.0,32768.0,3.7006546320174567,0.002046956749071735,True,vec,16,"{""1"": 8, ""2"": 9, ""3"": 9, ""4"": 15, ""5"": 9, ""6"": 10, ""7"": 1, ""8"": 3, ""9"": 10, ""10"": 9}"
1873,1873,True,,gemm\random\mappings\sample_1873_seed_1873.csv,5.573032772589702,327.55763677411,1.5954678130867774,1,0.000146313,0.127791826923075,99328.0,26624.0,2.5453283078754216,0.0016801879600655005,True,vec,16,"{""1"": 0, ""2"": 1, ""3"": 0, ""4"": 14, ""5"": 13, ""6"": 6, ""7"": 10, ""8"": 14, ""9"": 14, ""10"": 14}"
1874,1874,True,,gemm\random\mappings\sample_1874_seed_1874.csv,5.064232790599944,326.38530809427,1.4358912811797182,0,0.0001461528,0.0,106496.0,24576.0,1.8597500495933346,0.0016748220987219992,True,vec,16,"{""1"": 11, ""2"": 2, ""3"": 11, ""4"": 4, ""5"": 6, ""6"": 4, ""7"": 15, ""8"": 3, ""9"": 15, ""10"": 6}"
1875,1875,True,,gemm\random\mappings\sample_1875_seed_1875.csv,5.270481196367524,326.57836449196,1.4320198828492716,0,0.0001666989,0.0,90112.0,19456.0,2.6468954572505456,0.0017835762225281951,True,vec,16,"{""1"": 7, ""2"": 9, ""3"": 9, ""4"": 11, ""5"": 7, ""6"": 3, ""7"": 12, ""8"": 6, ""9"": 9, ""10"": 11}"
1876,1876,True,,gemm\random\mappings\sample_1876_seed_1876.csv,5.35521125113533,326.59784635376,1.4889485243414737,0,0.0001467449,0.0,140288.0,32768.0,1.1868676849831383,0.0016786270976647684,True,vec,16,"{""1"": 12, ""2"": 2, ""3"": 9, ""4"": 6, ""5"": 5, ""6"": 3, ""7"": 8, ""8"": 14, ""9"": 3, ""10"": 14}"
1877,1877,True,,gemm\random\mappings\sample_1877_seed_1877.csv,4.936776037312652,326.38833961811,1.5191309118958354,0,0.0001168429,0.0,102400.0,32768.0,1.5677444951398531,0.0015181118685572885,True,vec,16,"{""1"": 4, ""2"": 10, ""3"": 9, ""4"": 5, ""5"": 11, ""6"": 5, ""7"": 8, ""8"": 6, ""9"": 11, ""10"": 15}"
1878,1878,True,,gemm\random\mappings\sample_1878_seed_1878.csv,4.627301771524183,326.44387336414,1.465287130224693,0,0.0001460046,0.0,81920.0,17408.0,1.2249553659988097,0.0016740123886841466,True,vec,16,"{""1"": 9, ""2"": 3, ""3"": 13, ""4"": 10, ""5"": 9, ""6"": 12, ""7"": 11, ""8"": 6, ""9"": 12, ""10"": 8}"
1879,1879,True,,gemm\random\mappings\sample_1879_seed_1879.csv,5.4726380790293785,327.61214538322,1.3561188760353904,1,0.0001668409,0.14691395833333126,116736.0,24576.0,1.4407855584209481,0.0017871549940152811,True,vec,16,"{""1"": 7, ""2"": 1, ""3"": 1, ""4"": 10, ""5"": 3, ""6"": 12, ""7"": 8, ""8"": 11, ""9"": 13, ""10"": 2}"
1880,1880,True,,gemm\random\mappings\sample_1880_seed_1880.csv,4.998937488216372,326.64482379819,1.4461923814286992,0,0.0001465527,0.0,126976.0,24576.0,1.0345169609204523,0.0016770450886038233,True,vec,16,"{""1"": 0, ""2"": 4, ""3"": 5, ""4"": 11, ""5"": 13, ""6"": 15, ""7"": 6, ""8"": 3, ""9"": 15, ""10"": 10}"
1881,1881,True,,gemm\random\mappings\sample_1881_seed_1881.csv,5.397700723441879,328.07825029635,1.806480033338132,2,0.0001200106,0.62942375,114688.0,27648.0,1.0599087482642333,0.0015507456922193826,True,vec,16,"{""1"": 9, ""2"": 11, ""3"": 12, ""4"": 15, ""5"": 7, ""6"": 6, ""7"": 10, ""8"": 3, ""9"": 0, ""10"": 7}"
1882,1882,True,,gemm\random\mappings\sample_1882_seed_1882.csv,5.35983440426844,326.2848819837,1.3988742607096234,0,0.0001666507,0.0,139264.0,24576.0,1.6693116445149772,0.0017834915371969919,True,vec,16,"{""1"": 14, ""2"": 1, ""3"": 13, ""4"": 3, ""5"": 1, ""6"": 4, ""7"": 4, ""8"": 7, ""9"": 10, ""10"": 15}"
1883,1883,True,,gemm\random\mappings\sample_1883_seed_1883.csv,5.6747335618257155,326.73269364655,1.3546701535883352,0,0.0001664227,0.0,153600.0,32768.0,1.5931362824836341,0.001782939507275053,True,vec,16,"{""1"": 12, ""2"": 6, ""3"": 10, ""4"": 10, ""5"": 3, ""6"": 2, ""7"": 5, ""8"": 11, ""9"": 9, ""10"": 9}"
1884,1884,True,,gemm\random\mappings\sample_1884_seed_1884.csv,4.8420963836864725,326.73870508021,1.5148664071742535,0,0.0001168908,0.0,140288.0,26624.0,1.1868676849831383,0.0015185876708228544,True,vec,16,"{""1"": 3, ""2"": 12, ""3"": 9, ""4"": 0, ""5"": 7, ""6"": 8, ""7"": 10, ""8"": 7, ""9"": 14, ""10"": 11}"
1885,1885,True,,gemm\random\mappings\sample_1885_seed_1885.csv,5.306788167617964,326.58660038284,1.4848744337141677,0,0.0001465489,0.0,165888.0,26624.0,1.4153937710771671,0.0016778952588527374,True,vec,16,"{""1"": 12, ""2"": 3, ""3"": 0, ""4"": 11, ""5"": 9, ""6"": 1, ""7"": 15, ""8"": 3, ""9"": 15, ""10"": 8}"
1886,1886,True,,gemm\random\mappings\sample_1886_seed_1886.csv,5.651276908075185,326.73268834184,1.4342876127339372,0,0.0001666288,0.0,107520.0,34816.0,1.8216623685776632,0.0017845546053016344,True,vec,16,"{""1"": 1, ""2"": 10, ""3"": 6, ""4"": 3, ""5"": 10, ""6"": 14, ""7"": 9, ""8"": 8, ""9"": 14, ""10"": 8}"
1887,1887,True,,gemm\random\mappings\sample_1887_seed_1887.csv,5.026795838294042,327.00762382105,1.4409930195321952,0,0.0001665026,0.0,77824.0,16384.0,1.9740130926403492,0.001782402422167534,True,vec,16,"{""1"": 11, ""2"": 15, ""3"": 9, ""4"": 15, ""5"": 6, ""6"": 13, ""7"": 1, ""8"": 0, ""9"": 1, ""10"": 1}"
1888,1888,True,,gemm\random\mappings\sample_1888_seed_1888.csv,4.607556730022385,326.80975066726,1.5602888313602195,0,0.0001167267,0.0,132096.0,18432.0,1.3011307280301527,0.0015180795819622352,True,vec,16,"{""1"": 15, ""2"": 0, ""3"": 5, ""4"": 11, ""5"": 7, ""6"": 4, ""7"": 13, ""8"": 7, ""9"": 15, ""10"": 1}"
1889,1889,True,,gemm\random\mappings\sample_1889_seed_1889.csv,4.4185189035942205,326.68815928777,1.4460655649973457,0,0.0001170309,0.0,105472.0,18432.0,1.1868676849831383,0.0015188731229852266,True,vec,16,"{""1"": 9, ""2"": 6, ""3"": 0, ""4"": 2, ""5"": 13, ""6"": 10, ""7"": 0, ""8"": 12, ""9"": 7, ""10"": 1}"
1890,1890,True,,gemm\random\mappings\sample_1890_seed_1890.csv,4.676698451659722,326.35804588147,1.4177843538198391,0,0.0001168886,0.0,126976.0,24576.0,1.3392184090458243,0.0015177708991827984,True,vec,16,"{""1"": 12, ""2"": 5, ""3"": 10, ""4"": 7, ""5"": 8, ""6"": 3, ""7"": 14, ""8"": 13, ""9"": 5, ""10"": 14}"
1891,1891,True,,gemm\random\mappings\sample_1891_seed_1891.csv,5.5036481894761256,327.68596850812,1.5659733553462192,1,0.0001764566,0.1752241346153875,118784.0,16384.0,1.6820075381868678,0.0018435424084551238,True,vec,16,"{""1"": 0, ""2"": 0, ""3"": 4, ""4"": 15, ""5"": 9, ""6"": 12, ""7"": 3, ""8"": 3, ""9"": 3, ""10"": 2}"
1892,1892,True,,gemm\random\mappings\sample_1892_seed_1892.csv,4.484687307045958,326.73788061446,1.492374225612378,0,0.0001170509,0.0,102400.0,17408.0,1.5677444951398531,0.0015193945859830896,True,vec,16,"{""1"": 9, ""2"": 2, ""3"": 13, ""4"": 15, ""5"": 8, ""6"": 15, ""7"": 1, ""8"": 8, ""9"": 4, ""10"": 7}"
1893,1893,True,,gemm\random\mappings\sample_1893_seed_1893.csv,5.082260599771498,327.26237451437,1.674911646195615,1,0.0001168107,0.026875625,150528.0,25600.0,1.1868676849831383,0.0015196144591120872,True,vec,16,"{""1"": 12, ""2"": 6, ""3"": 8, ""4"": 2, ""5"": 7, ""6"": 13, ""7"": 15, ""8"": 10, ""9"": 6, ""10"": 11}"
1894,1894,True,,gemm\random\mappings\sample_1894_seed_1894.csv,4.363572138398105,326.60473561786,1.4854351805565478,0,0.0001168069,0.0,106496.0,18432.0,0.8821662368577663,0.0015176658345189833,True,vec,16,"{""1"": 1, ""2"": 12, ""3"": 4, ""4"": 7, ""5"": 5, ""6"": 9, ""7"": 0, ""8"": 14, ""9"": 2, ""10"": 1}"
1895,1895,True,,gemm\random\mappings\sample_1895_seed_1895.csv,5.528830102408146,329.05879088758,1.8092532163881552,1,0.0001240807,0.927048375,106496.0,24576.0,1.7200952192025392,0.0015791489855677325,True,vec,16,"{""1"": 9, ""2"": 15, ""3"": 14, ""4"": 11, ""5"": 1, ""6"": 10, ""7"": 0, ""8"": 14, ""9"": 11, ""10"": 10}"
1896,1896,True,,gemm\random\mappings\sample_1896_seed_1896.csv,5.573534544846839,327.46981335942,1.4822310170375335,1,0.0001462946,0.13246291666666876,134144.0,32768.0,1.3392184090458243,0.0016777344743776602,True,vec,16,"{""1"": 3, ""2"": 6, ""3"": 9, ""4"": 5, ""5"": 14, ""6"": 8, ""7"": 12, ""8"": 1, ""9"": 1, ""10"": 1}"
1897,1897,True,,gemm\random\mappings\sample_1897_seed_1897.csv,4.870034295653969,327.71696613694,1.7722310217790913,1,0.0001177649,0.08631375,97280.0,19456.0,1.4915691331085101,0.0015282678897551257,True,vec,16,"{""1"": 15, ""2"": 10, ""3"": 6, ""4"": 15, ""5"": 3, ""6"": 15, ""7"": 9, ""8"": 4, ""9"": 11, ""10"": 8}"
1898,1898,True,,gemm\random\mappings\sample_1898_seed_1898.csv,4.9674912215596105,327.71973712537,1.5780478099725095,1,0.0001188588,0.1489275,100352.0,25600.0,1.3011307280301527,0.001534345604383334,True,vec,16,"{""1"": 9, ""2"": 13, ""3"": 10, ""4"": 2, ""5"": 3, ""6"": 9, ""7"": 3, ""8"": 6, ""9"": 14, ""10"": 7}"
1899,1899,True,,gemm\random\mappings\sample_1899_seed_1899.csv,5.163082091090955,326.89905486236,1.6047790949044978,0,0.000116955,0.0,118784.0,35840.0,1.4534814520928387,0.0015195407296407844,True,vec,16,"{""1"": 4, ""2"": 1, ""3"": 7, ""4"": 9, ""5"": 2, ""6"": 6, ""7"": 4, ""8"": 2, ""9"": 15, ""10"": 15}"
1900,1900,True,,gemm\random\mappings\sample_1900_seed_1900.csv,5.561702749972425,327.84159193205,1.3687229442398716,1,0.0001666488,0.2571139583333313,113664.0,24576.0,1.6693116445149772,0.001787406773529469,True,vec,16,"{""1"": 1, ""2"": 11, ""3"": 4, ""4"": 6, ""5"": 6, ""6"": 3, ""7"": 15, ""8"": 14, ""9"": 3, ""10"": 10}"
1901,1901,True,,gemm\random\mappings\sample_1901_seed_1901.csv,4.52861646265581,327.04829153765,1.8181383146567411,0,0.0001167406,0.0,107520.0,16384.0,0.9964292799047808,0.0015199310913803993,True,vec,16,"{""1"": 3, ""2"": 10, ""3"": 14, ""4"": 11, ""5"": 3, ""6"": 9, ""7"": 0, ""8"": 8, ""9"": 15, ""10"": 4}"
1902,1902,True,,gemm\random\mappings\sample_1902_seed_1902.csv,5.978944547550018,326.11477904596,1.4760792888143035,0,0.0001666627,0.0,169984.0,33792.0,2.5707200952192024,0.0017840566946941364,True,vec,16,"{""1"": 0, ""2"": 1, ""3"": 15, ""4"": 15, ""5"": 6, ""6"": 15, ""7"": 3, ""8"": 9, ""9"": 0, ""10"": 1}"
1903,1903,True,,gemm\random\mappings\sample_1903_seed_1903.csv,5.088539866401688,327.37122378983,1.5521812001029072,1,0.0001463567,0.08583958333333125,95232.0,14336.0,2.3675857964689544,0.0016780170108335202,True,vec,16,"{""1"": 5, ""2"": 9, ""3"": 5, ""4"": 0, ""5"": 14, ""6"": 0, ""7"": 15, ""8"": 14, ""9"": 0, ""10"": 8}"
1904,1904,True,,gemm\random\mappings\sample_1904_seed_1904.csv,5.563623103270361,327.84646201568,1.8801368428805918,1,0.000117981854,0.17286225,135168.0,32768.0,1.7200952192025392,0.0015307304662364385,True,vec,16,"{""1"": 15, ""2"": 13, ""3"": 4, ""4"": 5, ""5"": 9, ""6"": 4, ""7"": 1, ""8"": 5, ""9"": 2, ""10"": 1}"
1905,1905,True,,gemm\random\mappings\sample_1905_seed_1905.csv,5.932307325643917,327.61971945232,1.5579905902429991,1,0.0001682486,0.09815862500000001,112640.0,34816.0,1.6947034318587582,0.0017986075711747178,True,vec,16,"{""1"": 3, ""2"": 0, ""3"": 0, ""4"": 6, ""5"": 1, ""6"": 14, ""7"": 2, ""8"": 10, ""9"": 11, ""10"": 6}"
1906,1906,True,,gemm\random\mappings\sample_1906_seed_1906.csv,4.73778752598502,326.83161144123,1.211274448378401,0,0.0001762508,0.0,71680.0,10240.0,1.6820075381868678,0.0018346398429178899,True,vec,16,"{""1"": 6, ""2"": 13, ""3"": 6, ""4"": 10, ""5"": 3, ""6"": 9, ""7"": 9, ""8"": 9, ""9"": 11, ""10"": 7}"
1907,1907,True,,gemm\random\mappings\sample_1907_seed_1907.csv,5.030943981515066,326.89210409314,1.3343711597585513,0,0.0001465367,0.0,99328.0,24576.0,1.7962705812338822,0.0016763280797486733,True,vec,16,"{""1"": 7, ""2"": 5, ""3"": 14, ""4"": 13, ""5"": 11, ""6"": 9, ""7"": 9, ""8"": 5, ""9"": 11, ""10"": 6}"
1908,1908,True,,gemm\random\mappings\sample_1908_seed_1908.csv,4.474115716792687,326.80537808584,1.5528302000396565,0,0.000116923,0.0,70656.0,19456.0,1.6312239634993058,0.0015188925700437086,True,vec,16,"{""1"": 6, ""2"": 15, ""3"": 5, ""4"": 6, ""5"": 7, ""6"": 12, ""7"": 0, ""8"": 5, ""9"": 10, ""10"": 7}"
1909,1909,True,,gemm\random\mappings\sample_1909_seed_1909.csv,4.864238834131348,326.96283770957,1.7289665738897515,0,0.0001169551,0.0,92160.0,26624.0,1.5677444951398531,0.0015204495980810364,True,vec,16,"{""1"": 8, ""2"": 4, ""3"": 6, ""4"": 5, ""5"": 9, ""6"": 5, ""7"": 9, ""8"": 12, ""9"": 0, ""10"": 3}"
1910,1910,True,,gemm\random\mappings\sample_1910_seed_1910.csv,5.328568455045434,327.99875926482,1.7261742075326278,2,0.0001184367,0.34107385416666874,117760.0,24576.0,1.7200952192025392,0.0015353045136327612,True,vec,16,"{""1"": 1, ""2"": 15, ""3"": 7, ""4"": 6, ""5"": 0, ""6"": 7, ""7"": 0, ""8"": 8, ""9"": 4, ""10"": 8}"
1911,1911,True,,gemm\random\mappings\sample_1911_seed_1911.csv,6.1850678701885515,329.28369869463,1.8223097053671338,4,0.0001212549,1.2965030833333313,148480.0,34816.0,0.8059908748264233,0.0015629197804969328,True,vec,16,"{""1"": 11, ""2"": 0, ""3"": 8, ""4"": 6, ""5"": 12, ""6"": 3, ""7"": 7, ""8"": 2, ""9"": 5, ""10"": 9}"
1912,1912,True,,gemm\random\mappings\sample_1912_seed_1912.csv,4.559175229625856,327.77775822924,1.57031258987568,1,0.0001174809,0.22641458333333125,79872.0,13312.0,1.5296568141241818,0.0015245373908056132,True,vec,16,"{""1"": 1, ""2"": 9, ""3"": 1, ""4"": 6, ""5"": 4, ""6"": 11, ""7"": 15, ""8"": 2, ""9"": 9, ""10"": 2}"
1913,1913,True,,gemm\random\mappings\sample_1913_seed_1913.csv,4.966023510910518,328.16270241956,1.6147905244679335,2,0.0001188929,0.47894601562500005,98304.0,16384.0,1.5677444951398531,0.0015368200761352734,True,vec,16,"{""1"": 13, ""2"": 5, ""3"": 4, ""4"": 9, ""5"": 11, ""6"": 4, ""7"": 15, ""8"": 10, ""9"": 11, ""10"": 8}"
1914,1914,True,,gemm\random\mappings\sample_1914_seed_1914.csv,5.5384741725354765,326.56362431259,1.2809140864213424,0,0.0001668089,0.0,148480.0,26624.0,2.151755604046816,0.0017842951907998481,True,vec,16,"{""1"": 0, ""2"": 7, ""3"": 10, ""4"": 7, ""5"": 8, ""6"": 15, ""7"": 0, ""8"": 0, ""9"": 9, ""10"": 10}"
1915,1915,True,,gemm\random\mappings\sample_1915_seed_1915.csv,4.338630726027586,326.89391953198,1.450406482667283,0,0.0001168888,0.0,97280.0,12288.0,1.7454870065463202,0.0015178261530196188,True,vec,16,"{""1"": 1, ""2"": 10, ""3"": 1, ""4"": 12, ""5"": 9, ""6"": 11, ""7"": 5, ""8"": 1, ""9"": 14, ""10"": 10}"
1916,1916,True,,gemm\random\mappings\sample_1916_seed_1916.csv,5.4119764031771975,326.94254550067,1.5047581538997974,0,0.0001661366,0.0,50176.0,18432.0,3.8530053560801427,0.0017808718512246,True,vec,16,"{""1"": 1, ""2"": 0, ""3"": 2, ""4"": 2, ""5"": 5, ""6"": 5, ""7"": 5, ""8"": 2, ""9"": 9, ""10"": 2}"
1917,1917,True,,gemm\random\mappings\sample_1917_seed_1917.csv,6.307675812065964,328.61513116937,1.7793605995799562,2,0.0001464908,0.8174400156250001,129024.0,37888.0,1.7200952192025392,0.0016988036523206919,True,vec,16,"{""1"": 7, ""2"": 2, ""3"": 4, ""4"": 5, ""5"": 0, ""6"": 4, ""7"": 3, ""8"": 3, ""9"": 14, ""10"": 3}"
1918,1918,True,,gemm\random\mappings\sample_1918_seed_1918.csv,5.283582718408578,325.95115276218,1.2020588850579628,0,0.0001664107,0.0,88064.0,24576.0,2.811942074985122,0.0017813044248373361,True,vec,16,"{""1"": 2, ""2"": 6, ""3"": 8, ""4"": 6, ""5"": 10, ""6"": 5, ""7"": 10, ""8"": 10, ""9"": 8, ""10"": 7}"
1919,1919,True,,gemm\random\mappings\sample_1919_seed_1919.csv,5.343791851023759,326.41360406616,1.419184481418141,0,0.0001667246,0.0,111616.0,24576.0,1.9740130926403492,0.0017849031411910762,True,vec,16,"{""1"": 10, ""2"": 3, ""3"": 13, ""4"": 3, ""5"": 15, ""6"": 5, ""7"": 4, ""8"": 8, ""9"": 15, ""10"": 4}"
1920,1920,True,,gemm\random\mappings\sample_1920_seed_1920.csv,4.5731075724996,327.45980268348,1.7117704921625452,1,0.0001173506,0.117807125,97280.0,16384.0,0.8059908748264233,0.0015247587847409378,True,vec,16,"{""1"": 15, ""2"": 7, ""3"": 10, ""4"": 9, ""5"": 11, ""6"": 6, ""7"": 12, ""8"": 3, ""9"": 5, ""10"": 1}"
1921,1921,True,,gemm\random\mappings\sample_1921_seed_1921.csv,5.671877958355781,326.51090005467,1.3613817517234656,0,0.0001664549,0.0,132096.0,26624.0,2.9262051180321365,0.0017815664146928964,True,vec,16,"{""1"": 0, ""2"": 14, ""3"": 5, ""4"": 14, ""5"": 0, ""6"": 5, ""7"": 14, ""8"": 1, ""9"": 6, ""10"": 1}"
1922,1922,True,,gemm\random\mappings\sample_1922_seed_1922.csv,5.051509994919489,326.96598194062,1.8415410220855826,0,0.0001167107,0.0,90112.0,27648.0,2.0882761356873636,0.001519720680198217,True,vec,16,"{""1"": 1, ""2"": 2, ""3"": 1, ""4"": 7, ""5"": 11, ""6"": 7, ""7"": 2, ""8"": 6, ""9"": 4, ""10"": 1}"
1923,1923,True,,gemm\random\mappings\sample_1923_seed_1923.csv,6.369650611185636,327.84004118351,1.70352723664136,3,0.0001465367,0.572181097222225,160768.0,36864.0,1.9105336242808966,0.0016901339999881723,True,vec,16,"{""1"": 15, ""2"": 13, ""3"": 9, ""4"": 0, ""5"": 1, ""6"": 15, ""7"": 13, ""8"": 14, ""9"": 13, ""10"": 10}"
1924,1924,True,,gemm\random\mappings\sample_1924_seed_1924.csv,4.637400436095148,326.73738380283,1.4616425925473377,0,0.0001168408,0.0,106496.0,26624.0,0.9583415988891093,0.0015180963697041376,True,vec,16,"{""1"": 9, ""2"": 10, ""3"": 2, ""4"": 12, ""5"": 6, ""6"": 0, ""7"": 5, ""8"": 3, ""9"": 14, ""10"": 14}"
1925,1925,True,,gemm\random\mappings\sample_1925_seed_1925.csv,5.715715868965013,325.67934353656,1.2810893403486945,0,0.0001666827,0.0,109568.0,32768.0,3.192818885141837,0.0017820525526153022,True,vec,16,"{""1"": 4, ""2"": 5, ""3"": 2, ""4"": 2, ""5"": 13, ""6"": 13, ""7"": 2, ""8"": 13, ""9"": 11, ""10"": 15}"
1926,1926,True,,gemm\random\mappings\sample_1926_seed_1926.csv,5.673917898760186,327.61970793695,1.6945028444598687,2,0.0001679746,0.17252716666666873,74752.0,24576.0,1.8216623685776632,0.0017990230275165033,True,vec,16,"{""1"": 9, ""2"": 12, ""3"": 8, ""4"": 12, ""5"": 5, ""6"": 0, ""7"": 0, ""8"": 13, ""9"": 1, ""10"": 13}"
1927,1927,True,,gemm\random\mappings\sample_1927_seed_1927.csv,5.003767906363698,327.55949214375,1.6171509960310944,1,0.0001181887,0.160877125,121856.0,26624.0,0.9583415988891093,0.0015298397552042466,True,vec,16,"{""1"": 9, ""2"": 14, ""3"": 13, ""4"": 2, ""5"": 3, ""6"": 4, ""7"": 10, ""8"": 11, ""9"": 12, ""10"": 4}"
1928,1928,True,,gemm\random\mappings\sample_1928_seed_1928.csv,5.129923176250336,327.93494428611,1.553831785278573,1,0.0001179727,0.3006204166666688,133120.0,26624.0,1.1741717913112477,0.0015284253717609574,True,vec,16,"{""1"": 4, ""2"": 6, ""3"": 15, ""4"": 3, ""5"": 8, ""6"": 0, ""7"": 11, ""8"": 4, ""9"": 2, ""10"": 8}"
1929,1929,True,,gemm\random\mappings\sample_1929_seed_1929.csv,4.796084600047423,326.80157395284,1.5760098724736455,0,0.0001169668,0.0,142336.0,25600.0,0.9202539178734378,0.0015195158827951305,True,vec,16,"{""1"": 0, ""2"": 10, ""3"": 12, ""4"": 2, ""5"": 7, ""6"": 0, ""7"": 13, ""8"": 14, ""9"": 8, ""10"": 1}"
1930,1930,True,,gemm\random\mappings\sample_1930_seed_1930.csv,5.859734945151157,327.91709467129,1.549772738551641,1,0.0001463566,0.16071875,146432.0,32768.0,2.050188454671692,0.0016818620671159577,True,vec,16,"{""1"": 7, ""2"": 12, ""3"": 6, ""4"": 0, ""5"": 13, ""6"": 3, ""7"": 13, ""8"": 8, ""9"": 13, ""10"": 12}"
1931,1931,True,,gemm\random\mappings\sample_1931_seed_1931.csv,5.695967968838351,326.64127616488,1.4231846870636902,0,0.0001666609,0.0,169984.0,24576.0,2.4564570521721882,0.0017837946897771085,True,vec,16,"{""1"": 15, ""2"": 0, ""3"": 5, ""4"": 3, ""5"": 5, ""6"": 2, ""7"": 10, ""8"": 5, ""9"": 13, ""10"": 0}"
1932,1932,True,,gemm\random\mappings\sample_1932_seed_1932.csv,5.620056225008538,328.39099940842,1.7591488034923208,2,0.0001191287,0.8281604166666687,90112.0,34816.0,1.3011307280301527,0.0015425442880045296,True,vec,16,"{""1"": 10, ""2"": 1, ""3"": 13, ""4"": 5, ""5"": 9, ""6"": 8, ""7"": 9, ""8"": 10, ""9"": 12, ""10"": 14}"
1933,1933,True,,gemm\random\mappings\sample_1933_seed_1933.csv,4.447711932163856,327.10425705855,1.4641516814957607,0,0.0001166786,0.0,81920.0,19456.0,1.3773060900614957,0.0015168962879744657,True,vec,16,"{""1"": 10, ""2"": 8, ""3"": 11, ""4"": 10, ""5"": 1, ""6"": 11, ""7"": 3, ""8"": 6, ""9"": 14, ""10"": 13}"
1934,1934,True,,gemm\random\mappings\sample_1934_seed_1934.csv,4.601649565297571,326.96357433121,1.6964593017625686,0,0.0001167146,0.0,83968.0,18432.0,1.7581829002182108,0.0015186554861255598,True,vec,16,"{""1"": 8, ""2"": 4, ""3"": 13, ""4"": 1, ""5"": 8, ""6"": 11, ""7"": 1, ""8"": 7, ""9"": 13, ""10"": 3}"
1935,1935,True,,gemm\random\mappings\sample_1935_seed_1935.csv,5.064196468415009,326.63245368881,1.3841895388859193,0,0.0001667789,0.0,110592.0,18432.0,1.5550486014679628,0.0017850432201392608,True,vec,16,"{""1"": 4, ""2"": 0, ""3"": 10, ""4"": 12, ""5"": 12, ""6"": 6, ""7"": 4, ""8"": 3, ""9"": 1, ""10"": 11}"
1936,1936,True,,gemm\random\mappings\sample_1936_seed_1936.csv,4.859590280111109,327.85993954653,1.7875008987722925,1,0.0001178526,0.11441437500000001,93184.0,18432.0,1.5296568141241818,0.0015291084436609187,True,vec,16,"{""1"": 11, ""2"": 7, ""3"": 11, ""4"": 0, ""5"": 2, ""6"": 3, ""7"": 9, ""8"": 4, ""9"": 0, ""10"": 4}"
1937,1937,True,,gemm\random\mappings\sample_1937_seed_1937.csv,5.300699144168502,327.90152331424,1.7493411536397792,3,0.0001192169,0.6161189583333312,117760.0,24576.0,0.8059908748264233,0.001541728399953646,True,vec,16,"{""1"": 4, ""2"": 13, ""3"": 12, ""4"": 3, ""5"": 1, ""6"": 11, ""7"": 15, ""8"": 7, ""9"": 0, ""10"": 2}"
1938,1938,True,,gemm\random\mappings\sample_1938_seed_1938.csv,4.619664960064755,326.5078888703,1.3320831730223617,0,0.0001466488,0.0,97280.0,16384.0,1.2884348343582623,0.0016766558160832886,True,vec,16,"{""1"": 9, ""2"": 2, ""3"": 8, ""4"": 13, ""5"": 15, ""6"": 4, ""7"": 1, ""8"": 4, ""9"": 10, ""10"": 2}"
1939,1939,True,,gemm\random\mappings\sample_1939_seed_1939.csv,4.6706786612889,326.51147839974,1.2865079235861245,0,0.0001466007,0.0,107520.0,18432.0,1.1487800039674667,0.0016763208435027705,True,vec,16,"{""1"": 7, ""2"": 8, ""3"": 11, ""4"": 0, ""5"": 3, ""6"": 5, ""7"": 7, ""8"": 9, ""9"": 5, ""10"": 10}"
1940,1940,True,,gemm\random\mappings\sample_1940_seed_1940.csv,4.645339926006205,326.22424930328,1.4014303999457918,0,0.0001461988,0.0,80896.0,17408.0,1.5550486014679628,0.0016745895130436015,True,vec,16,"{""1"": 9, ""2"": 6, ""3"": 2, ""4"": 9, ""5"": 13, ""6"": 12, ""7"": 0, ""8"": 0, ""9"": 10, ""10"": 9}"
1941,1941,True,,gemm\random\mappings\sample_1941_seed_1941.csv,5.870044418878268,329.12304398194,1.7083459664566185,2,0.0001208188,0.8669064583333543,145408.0,33792.0,1.2630430470144813,0.001552099419620016,True,vec,16,"{""1"": 15, ""2"": 8, ""3"": 1, ""4"": 14, ""5"": 5, ""6"": 3, ""7"": 7, ""8"": 14, ""9"": 2, ""10"": 15}"
1942,1942,True,,gemm\random\mappings\sample_1942_seed_1942.csv,4.83314246370527,327.99208948945,1.6445149859618093,1,0.0001192927,0.2281996875,108544.0,18432.0,1.1868676849831383,0.0015400331487678254,True,vec,16,"{""1"": 9, ""2"": 0, ""3"": 13, ""4"": 2, ""5"": 4, ""6"": 0, ""7"": 7, ""8"": 14, ""9"": 11, ""10"": 8}"
1943,1943,True,,gemm\random\mappings\sample_1943_seed_1943.csv,5.7272068370107165,328.06959642269,1.5492774662654742,2,0.0001467107,0.54143321875,160768.0,24576.0,1.4153937710771671,0.0016926691030279062,True,vec,16,"{""1"": 1, ""2"": 12, ""3"": 15, ""4"": 7, ""5"": 11, ""6"": 6, ""7"": 11, ""8"": 13, ""9"": 6, ""10"": 9}"
1944,1944,True,,gemm\random\mappings\sample_1944_seed_1944.csv,5.344666237975195,327.46690405436,1.4819131222825426,1,0.0001464727,0.130464375,136192.0,24576.0,1.4153937710771671,0.001678929943449153,True,vec,16,"{""1"": 1, ""2"": 14, ""3"": 8, ""4"": 7, ""5"": 11, ""6"": 4, ""7"": 4, ""8"": 7, ""9"": 3, ""10"": 6}"
1945,1945,True,,gemm\random\mappings\sample_1945_seed_1945.csv,5.934343990625624,326.56685050313,1.118000893300679,0,0.0002164106,0.0,91136.0,24576.0,2.964292799047808,0.002047746747185245,True,vec,16,"{""1"": 13, ""2"": 9, ""3"": 7, ""4"": 9, ""5"": 9, ""6"": 11, ""7"": 12, ""8"": 2, ""9"": 6, ""10"": 7}"
1946,1946,True,,gemm\random\mappings\sample_1946_seed_1946.csv,4.871095668513984,328.0098011795,1.6838501671847188,2,0.000118008107,0.4487797916666687,89088.0,11264.0,2.024796667327911,0.0015327106755603265,True,vec,16,"{""1"": 6, ""2"": 3, ""3"": 6, ""4"": 0, ""5"": 14, ""6"": 14, ""7"": 13, ""8"": 6, ""9"": 12, ""10"": 12}"
1947,1947,True,,gemm\random\mappings\sample_1947_seed_1947.csv,6.7714930593793845,327.30054646344,1.428885164251235,1,0.0002165028,0.054016125000000005,145408.0,34816.0,2.862725649672684,0.0020528105410853063,True,vec,16,"{""1"": 2, ""2"": 11, ""3"": 15, ""4"": 11, ""5"": 11, ""6"": 0, ""7"": 5, ""8"": 12, ""9"": 3, ""10"": 5}"
1948,1948,True,,gemm\random\mappings\sample_1948_seed_1948.csv,4.2992494631977225,326.73905152879,1.4020531599975024,0,0.0001168106,0.0,106496.0,16384.0,0.9964292799047808,0.0015171119905514141,True,vec,16,"{""1"": 13, ""2"": 6, ""3"": 11, ""4"": 1, ""5"": 13, ""6"": 10, ""7"": 5, ""8"": 7, ""9"": 0, ""10"": 3}"
1949,1949,True,,gemm\random\mappings\sample_1949_seed_1949.csv,5.040164661093634,326.29255576234,1.3380706679397176,0,0.0001668751,0.0,120832.0,16384.0,1.8089664749057726,0.0017849696736225425,True,vec,16,"{""1"": 2, ""2"": 8, ""3"": 8, ""4"": 3, ""5"": 10, ""6"": 2, ""7"": 12, ""8"": 15, ""9"": 6, ""10"": 3}"
1950,1950,True,,gemm\random\mappings\sample_1950_seed_1950.csv,5.5626848925572405,328.29734736496,1.6275014492634636,2,0.000119167,0.7744439583333312,126976.0,32768.0,1.0599087482642333,0.001541557225478372,True,vec,16,"{""1"": 7, ""2"": 6, ""3"": 1, ""4"": 9, ""5"": 13, ""6"": 10, ""7"": 11, ""8"": 3, ""9"": 15, ""10"": 1}"
1951,1951,True,,gemm\random\mappings\sample_1951_seed_1951.csv,6.069676168033722,328.17350052681,1.7768384183726054,2,0.000147517,0.34880921875,161792.0,32768.0,1.4153937710771671,0.001696849036287423,True,vec,16,"{""1"": 4, ""2"": 15, ""3"": 11, ""4"": 13, ""5"": 9, ""6"": 2, ""7"": 3, ""8"": 3, ""9"": 15, ""10"": 8}"
1952,1952,True,,gemm\random\mappings\sample_1952_seed_1952.csv,5.30353558739467,327.68824382101,1.6304591742490813,1,0.0001183246,0.220013,131072.0,27648.0,1.8724459432652252,0.0015316558398185344,True,vec,16,"{""1"": 11, ""2"": 11, ""3"": 12, ""4"": 0, ""5"": 13, ""6"": 9, ""7"": 0, ""8"": 11, ""9"": 5, ""10"": 4}"
1953,1953,True,,gemm\random\mappings\sample_1953_seed_1953.csv,5.565199914306251,326.23132830326,1.3563554414809265,0,0.000166715,0.0,107520.0,34816.0,1.8216623685776632,0.0017842082133615478,True,vec,16,"{""1"": 8, ""2"": 13, ""3"": 2, ""4"": 13, ""5"": 9, ""6"": 11, ""7"": 9, ""8"": 12, ""9"": 0, ""10"": 7}"
1954,1954,True,,gemm\random\mappings\sample_1954_seed_1954.csv,4.89511490802129,326.80462680472,1.2878328543523683,0,0.0001662507,0.0,73728.0,11264.0,2.6088077762348743,0.0017809391180828164,True,vec,16,"{""1"": 14, ""2"": 9, ""3"": 14, ""4"": 14, ""5"": 7, ""6"": 12, ""7"": 7, ""8"": 2, ""9"": 4, ""10"": 7}"
1955,1955,True,,gemm\random\mappings\sample_1955_seed_1955.csv,4.833815831238104,326.60195777175,1.2529489165507512,0,0.0001462768,0.0,88064.0,16384.0,2.583415988891093,0.0016740229843117205,True,vec,16,"{""1"": 5, ""2"": 4, ""3"": 12, ""4"": 10, ""5"": 2, ""6"": 4, ""7"": 10, ""8"": 10, ""9"": 11, ""10"": 4}"
1956,1956,True,,gemm\random\mappings\sample_1956_seed_1956.csv,5.864664916284603,327.99075428434,1.4057299543429278,1,0.0001665527,0.320889375,112640.0,33792.0,1.5550486014679628,0.001787812833125174,True,vec,16,"{""1"": 11, ""2"": 2, ""3"": 14, ""4"": 13, ""5"": 2, ""6"": 3, ""7"": 9, ""8"": 11, ""9"": 1, ""10"": 6}"
1957,1957,True,,gemm\random\mappings\sample_1957_seed_1957.csv,5.557024550513339,325.98775009685,1.412853636092425,0,0.0001666288,0.0,132096.0,24576.0,2.811942074985122,0.0017832343169987173,True,vec,16,"{""1"": 15, ""2"": 7, ""3"": 10, ""4"": 0, ""5"": 10, ""6"": 7, ""7"": 9, ""8"": 7, ""9"": 0, ""10"": 12}"
1958,1958,True,,gemm\random\mappings\sample_1958_seed_1958.csv,5.368117031078908,325.59271209445,1.2836579432705524,0,0.0001665827,0.0,107520.0,32768.0,1.6693116445149772,0.001781640833971485,True,vec,16,"{""1"": 7, ""2"": 6, ""3"": 14, ""4"": 14, ""5"": 9, ""6"": 5, ""7"": 8, ""8"": 4, ""9"": 5, ""10"": 1}"
1959,1959,True,,gemm\random\mappings\sample_1959_seed_1959.csv,5.110211655749239,328.15990533791,1.8968850411440483,2,0.0001210967,0.612405576923075,80896.0,18432.0,1.3773060900614957,0.0015563840735211352,True,vec,16,"{""1"": 0, ""2"": 1, ""3"": 0, ""4"": 8, ""5"": 9, ""6"": 8, ""7"": 12, ""8"": 5, ""9"": 15, ""10"": 14}"
1960,1960,True,,gemm\random\mappings\sample_1960_seed_1960.csv,5.874119037045315,327.84935831145,1.566707173500049,3,0.0001666348,0.13787591145833314,87040.0,26624.0,2.050188454671692,0.0017903827473266683,True,vec,16,"{""1"": 8, ""2"": 12, ""3"": 10, ""4"": 10, ""5"": 14, ""6"": 12, ""7"": 15, ""8"": 13, ""9"": 13, ""10"": 11}"
1961,1961,True,,gemm\random\mappings\sample_1961_seed_1961.csv,5.25404424179733,328.23957655694,1.8236981038491988,3,0.0001213046,0.6554571093749999,98304.0,19456.0,1.1868676849831383,0.001560794653481764,True,vec,16,"{""1"": 1, ""2"": 5, ""3"": 10, ""4"": 4, ""5"": 0, ""6"": 0, ""7"": 12, ""8"": 11, ""9"": 15, ""10"": 14}"
1962,1962,True,,gemm\random\mappings\sample_1962_seed_1962.csv,4.968769839807772,327.71893311957,1.6149675574761897,1,0.0001179188,0.10040132812500001,97280.0,24576.0,1.5296568141241818,0.00152805680969036,True,vec,16,"{""1"": 5, ""2"": 3, ""3"": 10, ""4"": 11, ""5"": 9, ""6"": 2, ""7"": 3, ""8"": 5, ""9"": 8, ""10"": 5}"
1963,1963,True,,gemm\random\mappings\sample_1963_seed_1963.csv,4.270945609633971,326.70507346037,1.4913555382860608,0,0.0001169809,0.0,99328.0,16384.0,0.8059908748264233,0.0015189844198854198,True,vec,16,"{""1"": 5, ""2"": 9, ""3"": 6, ""4"": 12, ""5"": 2, ""6"": 0, ""7"": 10, ""8"": 3, ""9"": 15, ""10"": 4}"
1964,1964,True,,gemm\random\mappings\sample_1964_seed_1964.csv,5.286832660409602,328.16534500626,1.7116790189737348,2,0.0001205549,0.561079203125,90112.0,27648.0,1.1868676849831383,0.0015526020217014795,True,vec,16,"{""1"": 6, ""2"": 5, ""3"": 4, ""4"": 0, ""5"": 14, ""6"": 3, ""7"": 4, ""8"": 1, ""9"": 9, ""10"": 11}"
1965,1965,True,,gemm\random\mappings\sample_1965_seed_1965.csv,4.871556167674048,326.06568914092,1.2068828712385846,0,0.0001662167,0.0,79872.0,20480.0,1.5931362824836341,0.0017802263287065646,True,vec,16,"{""1"": 10, ""2"": 11, ""3"": 5, ""4"": 2, ""5"": 11, ""6"": 4, ""7"": 14, ""8"": 9, ""9"": 6, ""10"": 6}"
1966,1966,True,,gemm\random\mappings\sample_1966_seed_1966.csv,4.699348745444746,327.68593595307,1.5912581980989717,1,0.0001182849,0.22473474999999998,94208.0,19456.0,0.9964292799047808,0.0015310532309361256,True,vec,16,"{""1"": 1, ""2"": 15, ""3"": 1, ""4"": 6, ""5"": 0, ""6"": 11, ""7"": 13, ""8"": 5, ""9"": 3, ""10"": 4}"
1967,1967,True,,gemm\random\mappings\sample_1967_seed_1967.csv,5.304051457514284,329.02285730074,1.7617743602071771,2,0.0001220808,0.9673046666666876,108544.0,18432.0,1.2630430470144813,0.0015620056803234922,True,vec,16,"{""1"": 10, ""2"": 0, ""3"": 4, ""4"": 11, ""5"": 7, ""6"": 3, ""7"": 12, ""8"": 2, ""9"": 7, ""10"": 10}"
1968,1968,True,,gemm\random\mappings\sample_1968_seed_1968.csv,4.962855643548179,327.04085301388,1.4571847273766283,0,0.0001168406,0.0,113664.0,33792.0,1.1741717913112477,0.0015177952329794692,True,vec,16,"{""1"": 4, ""2"": 1, ""3"": 13, ""4"": 3, ""5"": 6, ""6"": 4, ""7"": 8, ""8"": 10, ""9"": 2, ""10"": 6}"
1969,1969,True,,gemm\random\mappings\sample_1969_seed_1969.csv,5.716117174389247,328.96888683735,1.711171619371657,1,0.0001466188,0.825518125,132096.0,24576.0,1.2884348343582623,0.0016902968042602387,True,vec,16,"{""1"": 12, ""2"": 5, ""3"": 4, ""4"": 1, ""5"": 11, ""6"": 7, ""7"": 2, ""8"": 2, ""9"": 3, ""10"": 11}"
1970,1970,True,,gemm\random\mappings\sample_1970_seed_1970.csv,6.571830123820246,329.22657153222,1.867059346414662,3,0.0001470648,1.44117125,139264.0,37888.0,1.1487800039674667,0.0017143871268902639,True,vec,16,"{""1"": 4, ""2"": 6, ""3"": 11, ""4"": 3, ""5"": 7, ""6"": 1, ""7"": 2, ""8"": 2, ""9"": 4, ""10"": 14}"
1971,1971,True,,gemm\random\mappings\sample_1971_seed_1971.csv,5.268735031985271,327.63354591283,1.472650033937563,1,0.0001662607,0.19798300000000002,77824.0,18432.0,1.7835746875619918,0.0017860795680920984,True,vec,16,"{""1"": 6, ""2"": 2, ""3"": 10, ""4"": 2, ""5"": 3, ""6"": 15, ""7"": 15, ""8"": 6, ""9"": 9, ""10"": 4}"
1972,1972,True,,gemm\random\mappings\sample_1972_seed_1972.csv,5.225503922090742,328.06755420226,1.5058244412742978,2,0.0001474009,0.4294373958333313,106496.0,16384.0,1.4153937710771671,0.0016885761829541419,True,vec,16,"{""1"": 6, ""2"": 9, ""3"": 3, ""4"": 0, ""5"": 10, ""6"": 12, ""7"": 13, ""8"": 13, ""9"": 9, ""10"": 2}"
1973,1973,True,,gemm\random\mappings\sample_1973_seed_1973.csv,5.576665948677215,327.03406097367,1.353452294799662,0,0.0001666787,0.0,106496.0,32768.0,1.8216623685776632,0.0017840050480286257,True,vec,16,"{""1"": 5, ""2"": 10, ""3"": 2, ""4"": 2, ""5"": 11, ""6"": 14, ""7"": 9, ""8"": 12, ""9"": 12, ""10"": 9}"
1974,1974,True,,gemm\random\mappings\sample_1974_seed_1974.csv,5.0618507024642385,326.36545038344,1.341237569350472,0,0.0001465986,0.0,118784.0,24576.0,1.8216623685776632,0.0016765551687385775,True,vec,16,"{""1"": 0, ""2"": 5, ""3"": 15, ""4"": 4, ""5"": 3, ""6"": 10, ""7"": 6, ""8"": 5, ""9"": 6, ""10"": 5}"
1975,1975,True,,gemm\random\mappings\sample_1975_seed_1975.csv,5.102814489315249,326.80340179772,1.4056923894644338,0,0.0001464387,0.0,100352.0,28672.0,1.4153937710771671,0.0016765942287096894,True,vec,16,"{""1"": 5, ""2"": 1, ""3"": 15, ""4"": 2, ""5"": 7, ""6"": 1, ""7"": 6, ""8"": 6, ""9"": 12, ""10"": 9}"
1976,1976,True,,gemm\random\mappings\sample_1976_seed_1976.csv,5.226765523869323,327.04123790411,1.6646741036893598,0,0.0001167786,0.0,150528.0,32768.0,1.4407855584209481,0.0015190105441602259,True,vec,16,"{""1"": 0, ""2"": 1, ""3"": 7, ""4"": 14, ""5"": 11, ""6"": 13, ""7"": 9, ""8"": 7, ""9"": 15, ""10"": 11}"
1977,1977,True,,gemm\random\mappings\sample_1977_seed_1977.csv,5.1942506565719775,327.93398628754,1.4582200260069087,1,0.0001461546,0.34536100000000003,105472.0,20480.0,1.4788732394366197,0.0016822975516181831,True,vec,16,"{""1"": 14, ""2"": 7, ""3"": 14, ""4"": 15, ""5"": 4, ""6"": 8, ""7"": 11, ""8"": 1, ""9"": 11, ""10"": 7}"
1978,1978,True,,gemm\random\mappings\sample_1978_seed_1978.csv,4.781648430762131,326.8013803935,1.4771150641820927,0,0.0001170167,0.0,131072.0,25600.0,1.2630430470144813,0.001519082374397996,True,vec,16,"{""1"": 2, ""2"": 12, ""3"": 9, ""4"": 0, ""5"": 11, ""6"": 7, ""7"": 13, ""8"": 1, ""9"": 11, ""10"": 2}"
1979,1979,True,,gemm\random\mappings\sample_1979_seed_1979.csv,5.171250314034513,327.9493940025,1.4850289221386157,1,0.0001467469,0.341341375,94208.0,20480.0,1.4788732394366197,0.0016856021765674276,True,vec,16,"{""1"": 2, ""2"": 4, ""3"": 0, ""4"": 2, ""5"": 11, ""6"": 1, ""7"": 1, ""8"": 8, ""9"": 7, ""10"": 11}"
1980,1980,True,,gemm\random\mappings\sample_1980_seed_1980.csv,4.975471059985695,327.96212165006,1.7036634690456398,1,0.0001192847,0.339593375,109568.0,19456.0,1.4534814520928387,0.0015396112831819006,True,vec,16,"{""1"": 0, ""2"": 12, ""3"": 13, ""4"": 2, ""5"": 4, ""6"": 13, ""7"": 3, ""8"": 0, ""9"": 8, ""10"": 8}"
1981,1981,True,,gemm\random\mappings\sample_1981_seed_1981.csv,5.163756551428916,326.34660824883,1.3605763733293181,0,0.0001665209,0.0,94208.0,19456.0,2.3548899027970642,0.001781957631746779,True,vec,16,"{""1"": 5, ""2"": 3, ""3"": 4, ""4"": 4, ""5"": 11, ""6"": 4, ""7"": 9, ""8"": 12, ""9"": 6, ""10"": 6}"
1982,1982,True,,gemm\random\mappings\sample_1982_seed_1982.csv,5.368099781313089,327.98863170317,1.7928598789566161,2,0.0001192046,0.64871475,113664.0,26624.0,1.1868676849831383,0.0015436767038250942,True,vec,16,"{""1"": 2, ""2"": 0, ""3"": 8, ""4"": 1, ""5"": 14, ""6"": 13, ""7"": 8, ""8"": 15, ""9"": 11, ""10"": 12}"
1983,1983,True,,gemm\random\mappings\sample_1983_seed_1983.csv,5.59657003337084,327.46652976281,1.487611043959563,1,0.0001465987,0.13326833333333124,139264.0,34816.0,1.0345169609204523,0.001679703395094932,True,vec,16,"{""1"": 3, ""2"": 0, ""3"": 5, ""4"": 14, ""5"": 10, ""6"": 11, ""7"": 2, ""8"": 11, ""9"": 15, ""10"": 9}"
1984,1984,True,,gemm\random\mappings\sample_1984_seed_1984.csv,4.802602828134144,327.49350898437,1.6336528743946197,1,0.0001171189,0.12899145833333125,82944.0,26624.0,0.8059908748264233,0.0015220508621396006,True,vec,16,"{""1"": 11, ""2"": 15, ""3"": 10, ""4"": 9, ""5"": 6, ""6"": 12, ""7"": 2, ""8"": 7, ""9"": 8, ""10"": 1}"
1985,1985,True,,gemm\random\mappings\sample_1985_seed_1985.csv,5.203366432879157,326.27630779989,1.3996447572773767,0,0.0001664567,0.0,120832.0,18432.0,2.164451497718707,0.0017830424734327807,True,vec,16,"{""1"": 12, ""2"": 11, ""3"": 11, ""4"": 0, ""5"": 12, ""6"": 9, ""7"": 14, ""8"": 14, ""9"": 6, ""10"": 14}"
1986,1986,True,,gemm\random\mappings\sample_1986_seed_1986.csv,5.466872891103391,327.62614987665,1.584589004373627,1,0.000118729,0.19205125,155648.0,32768.0,1.5931362824836341,0.0015333728885296872,True,vec,16,"{""1"": 8, ""2"": 3, ""3"": 13, ""4"": 15, ""5"": 2, ""6"": 12, ""7"": 4, ""8"": 10, ""9"": 2, ""10"": 2}"
1987,1987,True,,gemm\random\mappings\sample_1987_seed_1987.csv,5.273073062762925,326.80787170139,1.5503185540041224,0,0.0001167489,0.0,152576.0,32768.0,1.9740130926403492,0.0015181152133848025,True,vec,16,"{""1"": 15, ""2"": 4, ""3"": 8, ""4"": 14, ""5"": 1, ""6"": 2, ""7"": 14, ""8"": 10, ""9"": 8, ""10"": 8}"
1988,1988,True,,gemm\random\mappings\sample_1988_seed_1988.csv,4.694510072733529,326.38389825507,1.5326070041047353,0,0.0001170027,0.0,134144.0,25600.0,0.8821662368577663,0.0015195499560380066,True,vec,16,"{""1"": 3, ""2"": 4, ""3"": 2, ""4"": 5, ""5"": 15, ""6"": 14, ""7"": 8, ""8"": 9, ""9"": 1, ""10"": 3}"
1989,1989,True,,gemm\random\mappings\sample_1989_seed_1989.csv,4.892897990807814,327.56233167414,1.6349766364516232,1,0.0001174469,0.059744609375,86016.0,18432.0,2.3548899027970642,0.001524349049681274,True,vec,16,"{""1"": 5, ""2"": 8, ""3"": 3, ""4"": 13, ""5"": 9, ""6"": 8, ""7"": 2, ""8"": 9, ""9"": 3, ""10"": 9}"
1990,1990,True,,gemm\random\mappings\sample_1990_seed_1990.csv,5.659458347569062,327.84993095622,1.6473375696968828,1,0.0001482728,0.14189583333333125,97280.0,30720.0,2.024796667327911,0.0016924266793284038,True,vec,16,"{""1"": 0, ""2"": 10, ""3"": 2, ""4"": 4, ""5"": 1, ""6"": 0, ""7"": 4, ""8"": 2, ""9"": 0, ""10"": 6}"
1991,1991,True,,gemm\random\mappings\sample_1991_seed_1991.csv,5.449132963796884,327.89286590278,1.744063478310351,1,0.0001198307,0.2814859375,134144.0,25600.0,2.2914104344376116,0.0015455019571777586,True,vec,16,"{""1"": 13, ""2"": 11, ""3"": 6, ""4"": 15, ""5"": 0, ""6"": 0, ""7"": 15, ""8"": 11, ""9"": 13, ""10"": 13}"
1992,1992,True,,gemm\random\mappings\sample_1992_seed_1992.csv,4.533498437488367,327.71950728073,1.7072256177248395,2,0.0001173728,0.2824734375,62464.0,10240.0,1.3773060900614957,0.0015258009307533129,True,vec,16,"{""1"": 10, ""2"": 10, ""3"": 14, ""4"": 13, ""5"": 2, ""6"": 15, ""7"": 14, ""8"": 9, ""9"": 4, ""10"": 12}"
1993,1993,True,,gemm\random\mappings\sample_1993_seed_1993.csv,4.639767948584578,326.44434194042,1.4501722427119903,0,0.0001169009,0.0,141312.0,24576.0,0.8059908748264233,0.001518195856469713,True,vec,16,"{""1"": 15, ""2"": 8, ""3"": 14, ""4"": 1, ""5"": 3, ""6"": 5, ""7"": 10, ""8"": 11, ""9"": 4, ""10"": 12}"
1994,1994,True,,gemm\random\mappings\sample_1994_seed_1994.csv,4.99489016910388,327.40958513278,1.7893697086767562,2,0.0001173087,0.12105812499999999,84992.0,24576.0,1.1868676849831383,0.0015250131074782012,True,vec,16,"{""1"": 15, ""2"": 14, ""3"": 9, ""4"": 13, ""5"": 11, ""6"": 5, ""7"": 0, ""8"": 10, ""9"": 9, ""10"": 8}"
1995,1995,True,,gemm\random\mappings\sample_1995_seed_1995.csv,5.164222584120471,326.51090860104,1.4285552135642652,0,0.0001659569,0.0,100352.0,18432.0,2.202539178734378,0.0017795488113003886,True,vec,16,"{""1"": 14, ""2"": 5, ""3"": 0, ""4"": 14, ""5"": 14, ""6"": 11, ""7"": 9, ""8"": 11, ""9"": 4, ""10"": 4}"
1996,1996,True,,gemm\random\mappings\sample_1996_seed_1996.csv,5.350639108286353,328.35238850614,1.7138066138232024,2,0.0001205009,0.49660787500000003,99328.0,26624.0,1.4407855584209481,0.0015523408890670823,True,vec,16,"{""1"": 14, ""2"": 13, ""3"": 9, ""4"": 7, ""5"": 12, ""6"": 1, ""7"": 8, ""8"": 9, ""9"": 11, ""10"": 12}"
1997,1997,True,,gemm\random\mappings\sample_1997_seed_1997.csv,5.325454392810888,326.59867129545,1.4033929149828333,0,0.0001658,0.0,73728.0,18432.0,3.4340408649077565,0.0017796024010983404,True,vec,16,"{""1"": 7, ""2"": 2, ""3"": 7, ""4"": 4, ""5"": 7, ""6"": 12, ""7"": 10, ""8"": 14, ""9"": 7, ""10"": 7}"
1998,1998,True,,gemm\random\mappings\sample_1998_seed_1998.csv,4.658073737115307,326.66531161565,1.3572900508455483,0,0.0001464687,0.0,90112.0,19456.0,1.0345169609204523,0.0016759587606318613,True,vec,16,"{""1"": 6, ""2"": 4, ""3"": 11, ""4"": 5, ""5"": 3, ""6"": 9, ""7"": 9, ""8"": 7, ""9"": 13, ""10"": 12}"
1999,1999,True,,gemm\random\mappings\sample_1999_seed_1999.csv,5.132927104381535,327.55761151028,1.5469877463983255,1,0.0001464529,0.160973875,148480.0,17408.0,1.0345169609204523,0.0016813256202190868,True,vec,16,"{""1"": 3, ""2"": 11, ""3"": 4, ""4"": 15, ""5"": 8, ""6"": 6, ""7"": 5, ""8"": 6, ""9"": 1, ""10"": 12}"
2000,2000,True,,gemm\random\mappings\sample_2000_seed_2000.csv,4.998528313055766,326.37934564236,1.3623622265347342,0,0.0001466808,0.0,118784.0,27648.0,1.0345169609204523,0.0016772498971574395,True,vec,16,"{""1"": 14, ""2"": 1, ""3"": 15, ""4"": 8, ""5"": 5, ""6"": 4, ""7"": 12, ""8"": 6, ""9"": 4, ""10"": 10}"
2001,2001,True,,gemm\random\mappings\sample_2001_seed_2001.csv,5.712587410242308,326.2051630747,1.4627410956779077,0,0.0001665169,0.0,104448.0,35840.0,2.202539178734378,0.0017827424112222608,True,vec,16,"{""1"": 0, ""2"": 11, ""3"": 1, ""4"": 2, ""5"": 1, ""6"": 5, ""7"": 1, ""8"": 8, ""9"": 14, ""10"": 4}"
2002,2002,True,,gemm\random\mappings\sample_2002_seed_2002.csv,4.941925666645851,326.73247297601,1.581505668097756,0,0.0001169687,0.0,116736.0,25600.0,2.062884348343583,0.001519276657659461,True,vec,16,"{""1"": 0, ""2"": 10, ""3"": 3, ""4"": 8, ""5"": 9, ""6"": 0, ""7"": 3, ""8"": 8, ""9"": 9, ""10"": 2}"
2003,2003,True,,gemm\random\mappings\sample_2003_seed_2003.csv,5.533129263512242,326.51090813145,1.3387556951612618,0,0.0001665207,0.0,141312.0,25600.0,2.3168022217813924,0.0017819336330437666,True,vec,16,"{""1"": 3, ""2"": 7, ""3"": 9, ""4"": 9, ""5"": 12, ""6"": 3, ""7"": 5, ""8"": 10, ""9"": 9, ""10"": 2}"
2004,2004,True,,gemm\random\mappings\sample_2004_seed_2004.csv,4.938779977715282,327.10380136654,1.643227224815177,0,0.0001168368,0.0,132096.0,27648.0,1.1868676849831383,0.0015190285820442422,True,vec,16,"{""1"": 0, ""2"": 6, ""3"": 11, ""4"": 3, ""5"": 4, ""6"": 14, ""7"": 5, ""8"": 4, ""9"": 1, ""10"": 12}"
2005,2005,True,,gemm\random\mappings\sample_2005_seed_2005.csv,4.898290464109797,327.55914431517,1.6952790187229034,1,0.0001174569,0.18195833333333125,124928.0,20480.0,1.1487800039674667,0.0015253240239584535,True,vec,16,"{""1"": 14, ""2"": 0, ""3"": 2, ""4"": 15, ""5"": 6, ""6"": 14, ""7"": 13, ""8"": 3, ""9"": 7, ""10"": 14}"
2006,2006,True,,gemm\random\mappings\sample_2006_seed_2006.csv,5.727291641286286,326.81992427499,1.3788937468527263,0,0.0001668407,0.0,160768.0,32768.0,1.5931362824836341,0.001785639067973892,True,vec,16,"{""1"": 12, ""2"": 2, ""3"": 1, ""4"": 10, ""5"": 2, ""6"": 7, ""7"": 6, ""8"": 14, ""9"": 9, ""10"": 6}"
2007,2007,True,,gemm\random\mappings\sample_2007_seed_2007.csv,4.647729408513636,327.17848775133,1.388770451494374,1,0.0001169349,0.005483541666666688,97280.0,18432.0,1.8216623685776632,0.001518107272878885,True,vec,16,"{""1"": 6, ""2"": 2, ""3"": 13, ""4"": 11, ""5"": 5, ""6"": 5, ""7"": 2, ""8"": 1, ""9"": 15, ""10"": 13}"
2008,2008,True,,gemm\random\mappings\sample_2008_seed_2008.csv,5.192014511328639,326.34566983375,1.4840301401903333,0,0.0001664566,0.0,105472.0,17408.0,2.3168022217813924,0.0017825071048497767,True,vec,16,"{""1"": 4, ""2"": 12, ""3"": 3, ""4"": 1, ""5"": 12, ""6"": 12, ""7"": 11, ""8"": 4, ""9"": 10, ""10"": 14}"
2009,2009,True,,gemm\random\mappings\sample_2009_seed_2009.csv,5.158666769816501,327.24198562906,1.531370138347919,1,0.0001170028,0.029333125,98304.0,35840.0,1.3011307280301527,0.001519489663219075,True,vec,16,"{""1"": 8, ""2"": 5, ""3"": 13, ""4"": 1, ""5"": 10, ""6"": 5, ""7"": 8, ""8"": 3, ""9"": 4, ""10"": 7}"
2010,2010,True,,gemm\random\mappings\sample_2010_seed_2010.csv,6.261723615784936,327.82973049477,1.49675304191776,1,0.0001666666,0.294415875,154624.0,32768.0,2.684983138266217,0.0017906457126450088,True,vec,16,"{""1"": 4, ""2"": 15, ""3"": 14, ""4"": 7, ""5"": 14, ""6"": 14, ""7"": 8, ""8"": 6, ""9"": 6, ""10"": 7}"
2011,2011,True,,gemm\random\mappings\sample_2011_seed_2011.csv,5.621064702906274,326.38830950136,1.2698399661477893,0,0.0001664908,0.0,111616.0,33792.0,2.278714540765721,0.0017825102917413834,True,vec,16,"{""1"": 7, ""2"": 9, ""3"": 5, ""4"": 9, ""5"": 1, ""6"": 11, ""7"": 0, ""8"": 9, ""9"": 6, ""10"": 7}"
2012,2012,True,,gemm\random\mappings\sample_2012_seed_2012.csv,5.418030031097059,328.39885707879,1.930621395863816,2,0.0001215708,0.74533634375,117760.0,19456.0,1.6439198571711962,0.0015670244045134466,True,vec,16,"{""1"": 3, ""2"": 15, ""3"": 11, ""4"": 6, ""5"": 10, ""6"": 0, ""7"": 9, ""8"": 10, ""9"": 15, ""10"": 3}"
2013,2013,True,,gemm\random\mappings\sample_2013_seed_2013.csv,6.048131499226237,329.50156371486,1.5796233428500286,3,0.0001717947,0.6737619375000019,96256.0,20480.0,1.9359254116246776,0.001834001155552803,True,vec,16,"{""1"": 13, ""2"": 1, ""3"": 12, ""4"": 10, ""5"": 12, ""6"": 14, ""7"": 13, ""8"": 8, ""9"": 1, ""10"": 3}"
2014,2014,True,,gemm\random\mappings\sample_2014_seed_2014.csv,4.941055211097247,326.50283007833,1.3875853161052936,0,0.0001664208,0.0,67584.0,16384.0,2.113667923031145,0.0017813624287145058,True,vec,16,"{""1"": 10, ""2"": 12, ""3"": 6, ""4"": 10, ""5"": 6, ""6"": 13, ""7"": 13, ""8"": 15, ""9"": 0, ""10"": 12}"
2015,2015,True,,gemm\random\mappings\sample_2015_seed_2015.csv,4.887802642278612,326.80588603539,1.5451468247797464,0,0.000116779,0.0,101376.0,25600.0,2.1390597103749256,0.0015180465809521923,True,vec,16,"{""1"": 2, ""2"": 1, ""3"": 4, ""4"": 2, ""5"": 13, ""6"": 4, ""7"": 13, ""8"": 11, ""9"": 1, ""10"": 3}"
2016,2016,True,,gemm\random\mappings\sample_2016_seed_2016.csv,5.660647297812437,327.52845945328,1.603226029763503,2,0.0001465348,0.17382966666666874,142336.0,26624.0,1.6693116445149772,0.0016813389433802883,True,vec,16,"{""1"": 14, ""2"": 8, ""3"": 2, ""4"": 9, ""5"": 4, ""6"": 2, ""7"": 15, ""8"": 15, ""9"": 3, ""10"": 9}"
2017,2017,True,,gemm\random\mappings\sample_2017_seed_2017.csv,5.238295162566928,326.22923124469,1.4440386163591294,0,0.0001665651,0.0,67584.0,26624.0,2.012100773656021,0.0017841821466330658,True,vec,16,"{""1"": 6, ""2"": 14, ""3"": 10, ""4"": 10, ""5"": 6, ""6"": 2, ""7"": 14, ""8"": 3, ""9"": 7, ""10"": 12}"
2018,2018,True,,gemm\random\mappings\sample_2018_seed_2018.csv,4.697316704037495,326.70640878793,1.3841779316955207,0,0.0001466788,0.0,111616.0,16384.0,1.1868676849831383,0.0016774010386660496,True,vec,16,"{""1"": 4, ""2"": 0, ""3"": 12, ""4"": 9, ""5"": 3, ""6"": 13, ""7"": 7, ""8"": 7, ""9"": 1, ""10"": 1}"
2019,2019,True,,gemm\random\mappings\sample_2019_seed_2019.csv,5.793604528697554,326.35273850076,1.3519394142097167,0,0.0001668109,0.0,121856.0,32768.0,2.862725649672684,0.001783474259112418,True,vec,16,"{""1"": 4, ""2"": 7, ""3"": 15, ""4"": 5, ""5"": 7, ""6"": 7, ""7"": 10, ""8"": 9, ""9"": 13, ""10"": 7}"
2020,2020,True,,gemm\random\mappings\sample_2020_seed_2020.csv,6.577249851791595,328.95821533419,1.677713723287856,2,0.0001667787,0.8571538557692308,138240.0,33792.0,2.3168022217813924,0.0018053155728603475,True,vec,16,"{""1"": 5, ""2"": 14, ""3"": 14, ""4"": 15, ""5"": 11, ""6"": 13, ""7"": 5, ""8"": 2, ""9"": 14, ""10"": 7}"
2021,2021,True,,gemm\random\mappings\sample_2021_seed_2021.csv,4.697518727862987,326.73280117557,1.285464204242843,0,0.0001167908,0.0,131072.0,26624.0,1.1868676849831383,0.0015164853523060998,True,vec,16,"{""1"": 12, ""2"": 8, ""3"": 7, ""4"": 1, ""5"": 14, ""6"": 15, ""7"": 2, ""8"": 10, ""9"": 8, ""10"": 9}"
2022,2022,True,,gemm\random\mappings\sample_2022_seed_2022.csv,4.5566129860760505,327.2464466617,1.628820065750382,1,0.0001167046,0.017906640625,66560.0,13312.0,2.126363816703035,0.0015185973245219228,True,vec,16,"{""1"": 9, ""2"": 14, ""3"": 9, ""4"": 1, ""5"": 13, ""6"": 10, ""7"": 0, ""8"": 13, ""9"": 9, ""10"": 14}"
2023,2023,True,,gemm\random\mappings\sample_2023_seed_2023.csv,5.4049920106626965,326.50704381969,1.4574830244903505,0,0.0001664386,0.0,98304.0,26624.0,2.0882761356873636,0.0017826671232306236,True,vec,16,"{""1"": 12, ""2"": 14, ""3"": 12, ""4"": 10, ""5"": 10, ""6"": 3, ""7"": 3, ""8"": 9, ""9"": 9, ""10"": 5}"
2024,2024,True,,gemm\random\mappings\sample_2024_seed_2024.csv,5.612484972923464,327.99718435582,1.6780428499212867,2,0.0001184067,0.43617687499999996,132096.0,35840.0,1.1741717913112477,0.0015348107785576922,True,vec,16,"{""1"": 15, ""2"": 5, ""3"": 9, ""4"": 6, ""5"": 13, ""6"": 8, ""7"": 7, ""8"": 15, ""9"": 11, ""10"": 13}"
2025,2025,True,,gemm\random\mappings\sample_2025_seed_2025.csv,5.20627798535808,327.53042101954,1.5923181820273753,1,0.0001465329,0.14940012500000002,122880.0,19456.0,1.4534814520928387,0.001681369897206607,True,vec,16,"{""1"": 2, ""2"": 15, ""3"": 5, ""4"": 0, ""5"": 11, ""6"": 12, ""7"": 7, ""8"": 2, ""9"": 12, ""10"": 12}"
2026,2026,True,,gemm\random\mappings\sample_2026_seed_2026.csv,5.0630442471327886,327.89409425489,1.7789067703300423,2,0.0001182488,0.4987536378205125,105472.0,18432.0,1.3773060900614957,0.0015364951035457706,True,vec,16,"{""1"": 3, ""2"": 10, ""3"": 3, ""4"": 7, ""5"": 13, ""6"": 15, ""7"": 14, ""8"": 7, ""9"": 0, ""10"": 2}"
2027,2027,True,,gemm\random\mappings\sample_2027_seed_2027.csv,5.268965292089423,326.4507619714,1.4438875735710277,0,0.0001467469,0.0,122880.0,32768.0,1.2630430470144813,0.0016776019104239748,True,vec,16,"{""1"": 3, ""2"": 14, ""3"": 2, ""4"": 0, ""5"": 10, ""6"": 12, ""7"": 5, ""8"": 12, ""9"": 5, ""10"": 11}"
2028,2028,True,,gemm\random\mappings\sample_2028_seed_2028.csv,5.28002456972986,327.03493288242,1.288165292475427,0,0.0001661027,0.0,95232.0,20480.0,2.583415988891093,0.0017804626132845607,True,vec,16,"{""1"": 11, ""2"": 5, ""3"": 0, ""4"": 11, ""5"": 11, ""6"": 8, ""7"": 5, ""8"": 0, ""9"": 6, ""10"": 9}"
2029,2029,True,,gemm\random\mappings\sample_2029_seed_2029.csv,5.536787988420361,327.26110442658,1.4004635973051642,1,0.0001665526,0.023788958333333127,109568.0,27648.0,1.6312239634993058,0.0017843846170643308,True,vec,16,"{""1"": 15, ""2"": 15, ""3"": 5, ""4"": 5, ""5"": 13, ""6"": 4, ""7"": 9, ""8"": 10, ""9"": 12, ""10"": 14}"
2030,2030,True,,gemm\random\mappings\sample_2030_seed_2030.csv,5.294479947692981,328.37139262625,1.812637084310569,3,0.0001192867,0.6790725937500001,115712.0,18432.0,1.2630430470144813,0.0015478721374170184,True,vec,16,"{""1"": 9, ""2"": 12, ""3"": 11, ""4"": 0, ""5"": 15, ""6"": 14, ""7"": 13, ""8"": 12, ""9"": 4, ""10"": 9}"
2031,2031,True,,gemm\random\mappings\sample_2031_seed_2031.csv,5.202798950461942,328.15447591557,1.7392795578254119,1,0.0001191348,0.4878872916666687,108544.0,26624.0,1.1868676849831383,0.001538530846979333,True,vec,16,"{""1"": 5, ""2"": 10, ""3"": 11, ""4"": 8, ""5"": 14, ""6"": 14, ""7"": 6, ""8"": 7, ""9"": 15, ""10"": 9}"
2032,2032,True,,gemm\random\mappings\sample_2032_seed_2032.csv,5.980026397066884,327.45951427399,1.4297136385793205,1,0.0001667287,0.12198025,135168.0,35840.0,1.7835746875619918,0.0017867916670497106,True,vec,16,"{""1"": 1, ""2"": 14, ""3"": 3, ""4"": 14, ""5"": 7, ""6"": 5, ""7"": 5, ""8"": 11, ""9"": 1, ""10"": 6}"
2033,2033,True,,gemm\random\mappings\sample_2033_seed_2033.csv,4.872148711631344,327.5587215379,1.6927829314272174,1,0.000116852359,0.0535113125,120832.0,17408.0,1.7073993255306488,0.0015216301977581468,True,vec,16,"{""1"": 13, ""2"": 4, ""3"": 3, ""4"": 12, ""5"": 6, ""6"": 13, ""7"": 11, ""8"": 12, ""9"": 7, ""10"": 12}"
2034,2034,True,,gemm\random\mappings\sample_2034_seed_2034.csv,5.513312285726155,326.71289394191,1.4020288729857575,0,0.000167019,0.0,104448.0,28672.0,2.177147391390597,0.0017864539432548394,True,vec,16,"{""1"": 2, ""2"": 11, ""3"": 11, ""4"": 1, ""5"": 3, ""6"": 9, ""7"": 0, ""8"": 6, ""9"": 0, ""10"": 11}"
2035,2035,True,,gemm\random\mappings\sample_2035_seed_2035.csv,4.953177434483824,327.99663104274,1.647611909900871,2,0.0001183927,0.3758252083333313,101376.0,18432.0,1.3011307280301527,0.0015323099099679956,True,vec,16,"{""1"": 9, ""2"": 5, ""3"": 2, ""4"": 1, ""5"": 15, ""6"": 9, ""7"": 3, ""8"": 11, ""9"": 2, ""10"": 6}"
2036,2036,True,,gemm\random\mappings\sample_2036_seed_2036.csv,5.756345777585656,327.45952121746,1.6690225472142577,1,0.0001672709,0.0484908173076925,81920.0,25600.0,2.684983138266217,0.001791465993048647,True,vec,16,"{""1"": 1, ""2"": 13, ""3"": 0, ""4"": 4, ""5"": 0, ""6"": 12, ""7"": 12, ""8"": 2, ""9"": 0, ""10"": 13}"
2037,2037,True,,gemm\random\mappings\sample_2037_seed_2037.csv,4.967653599119566,327.52561181791,1.582261900142637,1,0.0001170286,0.15706604166666874,89088.0,26624.0,1.5296568141241818,0.001521329548991071,True,vec,16,"{""1"": 8, ""2"": 1, ""3"": 9, ""4"": 14, ""5"": 4, ""6"": 1, ""7"": 12, ""8"": 3, ""9"": 8, ""10"": 8}"
2038,2038,True,,gemm\random\mappings\sample_2038_seed_2038.csv,4.641722484273386,327.75795915312,1.754004784864805,1,0.0001184387,0.257517875,79872.0,16384.0,0.9964292799047808,0.0015338021058855364,True,vec,16,"{""1"": 2, ""2"": 15, ""3"": 2, ""4"": 3, ""5"": 0, ""6"": 7, ""7"": 5, ""8"": 11, ""9"": 1, ""10"": 9}"
2039,2039,True,,gemm\random\mappings\sample_2039_seed_2039.csv,4.491273736227678,326.67419691525,1.5887604379553215,0,0.0001166607,0.0,95232.0,17408.0,1.5677444951398531,0.0015174139715687623,True,vec,16,"{""1"": 12, ""2"": 0, ""3"": 8, ""4"": 9, ""5"": 10, ""6"": 0, ""7"": 14, ""8"": 6, ""9"": 9, ""10"": 4}"
2040,2040,True,,gemm\random\mappings\sample_2040_seed_2040.csv,5.853878543528323,327.55884777909,1.5121182220066145,1,0.0001676946,0.06260149999999999,112640.0,32768.0,1.8216623685776632,0.0017936305460517744,True,vec,16,"{""1"": 12, ""2"": 10, ""3"": 15, ""4"": 15, ""5"": 13, ""6"": 11, ""7"": 5, ""8"": 5, ""9"": 1, ""10"": 1}"
2041,2041,True,,gemm\random\mappings\sample_2041_seed_2041.csv,5.066629486276513,325.78716954911,1.2923303307240566,0,0.0001666286,0.0,130048.0,18432.0,1.8216623685776632,0.0017832242536956588,True,vec,16,"{""1"": 1, ""2"": 14, ""3"": 9, ""4"": 4, ""5"": 14, ""6"": 7, ""7"": 2, ""8"": 4, ""9"": 8, ""10"": 12}"
2042,2042,True,,gemm\random\mappings\sample_2042_seed_2042.csv,4.762381669555925,327.62592516359,1.5621738876374966,1,0.0001183787,0.19384949999999998,106496.0,19456.0,1.1868676849831383,0.0015310308851374825,True,vec,16,"{""1"": 10, ""2"": 7, ""3"": 4, ""4"": 9, ""5"": 3, ""6"": 13, ""7"": 0, ""8"": 2, ""9"": 7, ""10"": 15}"
2043,2043,True,,gemm\random\mappings\sample_2043_seed_2043.csv,4.863369159090549,326.37071575075,1.5303954172877252,0,0.0001168386,0.0,117760.0,26624.0,1.8216623685776632,0.0015182879242180926,True,vec,16,"{""1"": 15, ""2"": 7, ""3"": 13, ""4"": 4, ""5"": 14, ""6"": 8, ""7"": 4, ""8"": 14, ""9"": 11, ""10"": 13}"
2044,2044,True,,gemm\random\mappings\sample_2044_seed_2044.csv,5.016861551569799,327.90405418175,1.687794146024736,2,0.0001176888,0.291813596491225,119808.0,17408.0,1.4915691331085101,0.001530508063622919,True,vec,16,"{""1"": 3, ""2"": 10, ""3"": 3, ""4"": 8, ""5"": 15, ""6"": 1, ""7"": 3, ""8"": 12, ""9"": 2, ""10"": 14}"
2045,2045,True,,gemm\random\mappings\sample_2045_seed_2045.csv,5.4885518090392225,327.92797840127,1.6199341643327672,1,0.0001195227,0.332811,130048.0,35840.0,1.3011307280301527,0.0015404745950295094,True,vec,16,"{""1"": 4, ""2"": 13, ""3"": 1, ""4"": 7, ""5"": 3, ""6"": 9, ""7"": 12, ""8"": 4, ""9"": 7, ""10"": 15}"
2046,2046,True,,gemm\random\mappings\sample_2046_seed_2046.csv,4.845447297308015,326.59781605595,1.5555897453886396,0,0.0001169048,0.0,111616.0,32768.0,0.8059908748264233,0.0015187954530186125,True,vec,16,"{""1"": 12, ""2"": 10, ""3"": 13, ""4"": 9, ""5"": 6, ""6"": 3, ""7"": 15, ""8"": 5, ""9"": 8, ""10"": 14}"
2047,2047,True,,gemm\random\mappings\sample_2047_seed_2047.csv,4.743889781352002,326.41395358091,1.4348396781312178,0,0.0001168387,0.0,133120.0,26624.0,1.1868676849831383,0.0015179242669576146,True,vec,16,"{""1"": 7, ""2"": 15, ""3"": 4, ""4"": 13, ""5"": 1, ""6"": 12, ""7"": 14, ""8"": 1, ""9"": 3, ""10"": 9}"
2048,2048,True,,gemm\random\mappings\sample_2048_seed_2048.csv,5.420761747543799,328.06762977998,1.8343413034601712,3,0.0001199168,0.8044490416666686,112640.0,25600.0,0.8059908748264233,0.001552564867479474,True,vec,16,"{""1"": 9, ""2"": 15, ""3"": 12, ""4"": 11, ""5"": 7, ""6"": 10, ""7"": 0, ""8"": 3, ""9"": 1, ""10"": 4}"
2049,2049,True,,gemm\random\mappings\sample_2049_seed_2049.csv,5.958982535116228,326.0485701965,1.3096604700117032,0,0.0001962147,0.0,114688.0,24576.0,3.573695695298552,0.0019410396054643257,True,vec,16,"{""1"": 8, ""2"": 3, ""3"": 13, ""4"": 13, ""5"": 0, ""6"": 3, ""7"": 13, ""8"": 11, ""9"": 13, ""10"": 5}"
2050,2050,True,,gemm\random\mappings\sample_2050_seed_2050.csv,5.713783360397709,327.62914590982,1.3747241472633387,1,0.0001763249,0.13870392857143124,91136.0,21504.0,2.888117437016465,0.0018404573687742177,True,vec,16,"{""1"": 10, ""2"": 6, ""3"": 12, ""4"": 8, ""5"": 11, ""6"": 13, ""7"": 11, ""8"": 11, ""9"": 11, ""10"": 12}"
2051,2051,True,,gemm\random\mappings\sample_2051_seed_2051.csv,4.551466982133175,327.24644322299,1.5583970600347095,1,0.0001169649,0.028554625,92160.0,16384.0,1.3392184090458243,0.0015197636890735896,True,vec,16,"{""1"": 6, ""2"": 13, ""3"": 14, ""4"": 10, ""5"": 2, ""6"": 3, ""7"": 5, ""8"": 13, ""9"": 4, ""10"": 4}"
2052,2052,True,,gemm\random\mappings\sample_2052_seed_2052.csv,4.942697680080229,326.58264742365,1.5270353850494824,0,0.0001466348,0.0,126976.0,16384.0,1.7962705812338822,0.0016785451358429528,True,vec,16,"{""1"": 10, ""2"": 12, ""3"": 0, ""4"": 7, ""5"": 2, ""6"": 12, ""7"": 3, ""8"": 4, ""9"": 12, ""10"": 15}"
2053,2053,True,,gemm\random\mappings\sample_2053_seed_2053.csv,4.853079448544539,327.0172444726,1.5437691792484947,0,0.0001465971,0.0,95232.0,18432.0,1.4153937710771671,0.0016782683113671538,True,vec,16,"{""1"": 9, ""2"": 8, ""3"": 1, ""4"": 4, ""5"": 6, ""6"": 15, ""7"": 3, ""8"": 8, ""9"": 15, ""10"": 0}"
2054,2054,True,,gemm\random\mappings\sample_2054_seed_2054.csv,5.431163840236738,328.01521312258,1.8536516717159983,2,0.0001196827,0.6363179999999999,69632.0,26624.0,2.0882761356873636,0.0015521200189718032,True,vec,16,"{""1"": 6, ""2"": 3, ""3"": 11, ""4"": 9, ""5"": 7, ""6"": 6, ""7"": 11, ""8"": 5, ""9"": 7, ""10"": 11}"
2055,2055,True,,gemm\random\mappings\sample_2055_seed_2055.csv,4.4077297460703875,326.31731585974,1.3818243593597153,0,0.000116883,0.0,103424.0,18432.0,1.4915691331085101,0.0015176394129587866,True,vec,16,"{""1"": 5, ""2"": 8, ""3"": 5, ""4"": 14, ""5"": 3, ""6"": 2, ""7"": 5, ""8"": 4, ""9"": 10, ""10"": 15}"
2056,2056,True,,gemm\random\mappings\sample_2056_seed_2056.csv,4.974516596820703,326.83108158092,1.563330244266235,0,0.0001167568,0.0,130048.0,32768.0,0.9583415988891093,0.0015180203694141444,True,vec,16,"{""1"": 8, ""2"": 13, ""3"": 6, ""4"": 5, ""5"": 3, ""6"": 0, ""7"": 12, ""8"": 7, ""9"": 2, ""10"": 0}"
2057,2057,True,,gemm\random\mappings\sample_2057_seed_2057.csv,5.95727752071359,328.07698022337,1.937333922290513,4,0.0001189927,1.142571171875,153600.0,25600.0,1.5677444951398531,0.001554501643792004,True,vec,16,"{""1"": 14, ""2"": 8, ""3"": 1, ""4"": 4, ""5"": 3, ""6"": 12, ""7"": 4, ""8"": 0, ""9"": 8, ""10"": 10}"
2058,2058,True,,gemm\random\mappings\sample_2058_seed_2058.csv,5.040096664275939,327.04114043016,1.4806732222635879,0,0.0001167886,0.0,123904.0,33792.0,1.3011307280301527,0.0015176832854207505,True,vec,16,"{""1"": 4, ""2"": 1, ""3"": 3, ""4"": 13, ""5"": 6, ""6"": 10, ""7"": 4, ""8"": 6, ""9"": 14, ""10"": 8}"
2059,2059,True,,gemm\random\mappings\sample_2059_seed_2059.csv,4.7122418946333875,327.72363938324,1.645981819165479,1,0.000117665713,0.144851625,91136.0,16384.0,1.5296568141241818,0.001526288738393962,True,vec,16,"{""1"": 13, ""2"": 2, ""3"": 14, ""4"": 13, ""5"": 8, ""6"": 14, ""7"": 6, ""8"": 4, ""9"": 15, ""10"": 15}"
2060,2060,True,,gemm\random\mappings\sample_2060_seed_2060.csv,5.684408775995858,327.52563129757,1.599554725679469,1,0.0001466327,0.093125,136192.0,26624.0,2.431065264828407,0.0016824433420507582,True,vec,16,"{""1"": 9, ""2"": 11, ""3"": 2, ""4"": 15, ""5"": 0, ""6"": 0, ""7"": 0, ""8"": 12, ""9"": 15, ""10"": 2}"
2061,2061,True,,gemm\random\mappings\sample_2061_seed_2061.csv,4.69631192277914,327.62444032876,1.6629097671936468,1,0.0001176087,0.078496640625,72704.0,18432.0,1.5677444951398531,0.001525863088568904,True,vec,16,"{""1"": 11, ""2"": 9, ""3"": 15, ""4"": 3, ""5"": 10, ""6"": 2, ""7"": 13, ""8"": 3, ""9"": 15, ""10"": 6}"
2062,2062,True,,gemm\random\mappings\sample_2062_seed_2062.csv,5.280264720143104,326.5109077386,1.4329307572259993,0,0.0001664547,0.0,105472.0,20480.0,2.3168022217813924,0.0017825727159562026,True,vec,16,"{""1"": 10, ""2"": 14, ""3"": 5, ""4"": 14, ""5"": 0, ""6"": 10, ""7"": 11, ""8"": 4, ""9"": 14, ""10"": 1}"
2063,2063,True,,gemm\random\mappings\sample_2063_seed_2063.csv,5.835259049638209,328.70720696934,1.8472632170957488,3,0.000120613,0.7942312916666666,130048.0,33792.0,0.8821662368577663,0.0015576193865304104,True,vec,16,"{""1"": 4, ""2"": 5, ""3"": 11, ""4"": 3, ""5"": 7, ""6"": 2, ""7"": 6, ""8"": 15, ""9"": 10, ""10"": 4}"
2064,2064,True,,gemm\random\mappings\sample_2064_seed_2064.csv,5.869070028083433,328.22898436532,1.523118311580198,2,0.0001476467,0.56298225,100352.0,32768.0,1.8724459432652252,0.001697358339854474,True,vec,16,"{""1"": 9, ""2"": 2, ""3"": 14, ""4"": 15, ""5"": 10, ""6"": 14, ""7"": 14, ""8"": 1, ""9"": 6, ""10"": 9}"
2065,2065,True,,gemm\random\mappings\sample_2065_seed_2065.csv,5.6626637003854166,326.73393715655,1.384374569690268,0,0.0001666466,0.0,133120.0,32768.0,1.8216623685776632,0.0017844504798565958,True,vec,16,"{""1"": 8, ""2"": 2, ""3"": 6, ""4"": 5, ""5"": 2, ""6"": 7, ""7"": 1, ""8"": 12, ""9"": 5, ""10"": 9}"
2066,2066,True,,gemm\random\mappings\sample_2066_seed_2066.csv,4.998876122333151,326.74032550614,1.5544725347411639,0,0.0001169527,0.0,139264.0,32768.0,0.9583415988891093,0.0015192177076632225,True,vec,16,"{""1"": 3, ""2"": 9, ""3"": 6, ""4"": 12, ""5"": 1, ""6"": 13, ""7"": 14, ""8"": 11, ""9"": 0, ""10"": 14}"
2067,2067,True,,gemm\random\mappings\sample_2067_seed_2067.csv,4.847069762484196,327.78150313016,1.7071571647364279,1,0.0001180908,0.28613604166666873,88064.0,19456.0,1.4407855584209481,0.0015296008117883513,True,vec,16,"{""1"": 2, ""2"": 6, ""3"": 1, ""4"": 15, ""5"": 7, ""6"": 14, ""7"": 5, ""8"": 7, ""9"": 3, ""10"": 15}"
2068,2068,True,,gemm\random\mappings\sample_2068_seed_2068.csv,5.869677948352452,327.58855950377,1.6129722862177946,2,0.0001680487,0.13776796875,130048.0,25600.0,1.8216623685776632,0.0017996119459939958,True,vec,16,"{""1"": 2, ""2"": 15, ""3"": 15, ""4"": 3, ""5"": 14, ""6"": 12, ""7"": 1, ""8"": 3, ""9"": 7, ""10"": 6}"
2069,2069,True,,gemm\random\mappings\sample_2069_seed_2069.csv,5.693918107865628,325.91577222413,1.2564686407180679,0,0.0001666929,0.0,124928.0,36864.0,2.177147391390597,0.0017833986884492553,True,vec,16,"{""1"": 11, ""2"": 8, ""3"": 9, ""4"": 8, ""5"": 2, ""6"": 7, ""7"": 10, ""8"": 7, ""9"": 5, ""10"": 8}"
2070,2070,True,,gemm\random\mappings\sample_2070_seed_2070.csv,7.28579049752721,327.61836738579,1.3626890675076266,1,0.0002263586,0.192647,169984.0,32768.0,4.411624677643324,0.0021082216681194694,True,vec,16,"{""1"": 12, ""2"": 3, ""3"": 2, ""4"": 2, ""5"": 10, ""6"": 2, ""7"": 2, ""8"": 5, ""9"": 2, ""10"": 1}"
2071,2071,True,,gemm\random\mappings\sample_2071_seed_2071.csv,5.538371956962284,329.12573042706,1.857379046989566,2,0.0001235769,0.591114109375,109568.0,26624.0,1.1868676849831383,0.0015762725394856906,True,vec,16,"{""1"": 0, ""2"": 4, ""3"": 7, ""4"": 3, ""5"": 2, ""6"": 15, ""7"": 10, ""8"": 3, ""9"": 5, ""10"": 14}"
2072,2072,True,,gemm\random\mappings\sample_2072_seed_2072.csv,5.919601421364785,329.05879850811,1.8576326164782122,2,0.0001471347,0.6088015104166687,110592.0,26624.0,1.6693116445149772,0.0017033118284392654,True,vec,16,"{""1"": 11, ""2"": 7, ""3"": 12, ""4"": 13, ""5"": 8, ""6"": 15, ""7"": 12, ""8"": 15, ""9"": 14, ""10"": 13}"
2073,2073,True,,gemm\random\mappings\sample_2073_seed_2073.csv,5.117240254515426,328.16726178723,1.8086361345168867,3,0.0001203027,1.0894590000000002,79872.0,16384.0,0.9964292799047808,0.001561787364495139,True,vec,16,"{""1"": 6, ""2"": 1, ""3"": 0, ""4"": 2, ""5"": 6, ""6"": 3, ""7"": 8, ""8"": 13, ""9"": 11, ""10"": 5}"
2074,2074,True,,gemm\random\mappings\sample_2074_seed_2074.csv,5.897792967770654,327.1159792711,1.514838525563225,0,0.0001669209,0.0,159744.0,34816.0,1.6693116445149772,0.0017862919822205022,True,vec,16,"{""1"": 8, ""2"": 7, ""3"": 7, ""4"": 1, ""5"": 11, ""6"": 0, ""7"": 4, ""8"": 6, ""9"": 0, ""10"": 14}"
2075,2075,True,,gemm\random\mappings\sample_2075_seed_2075.csv,5.400762426742727,328.06204483992,1.7243557384139843,3,0.0001476806,0.7678423958333376,100352.0,16384.0,1.0345169609204523,0.0016999333091726385,True,vec,16,"{""1"": 10, ""2"": 12, ""3"": 15, ""4"": 7, ""5"": 14, ""6"": 2, ""7"": 2, ""8"": 3, ""9"": 1, ""10"": 6}"
2076,2076,True,,gemm\random\mappings\sample_2076_seed_2076.csv,4.753456123292636,326.10295880937,1.3650739713433098,0,0.000146709,0.0,93184.0,18432.0,1.7962705812338822,0.0016774172777962544,True,vec,16,"{""1"": 6, ""2"": 2, ""3"": 8, ""4"": 10, ""5"": 5, ""6"": 15, ""7"": 2, ""8"": 1, ""9"": 2, ""10"": 12}"
2077,2077,True,,gemm\random\mappings\sample_2077_seed_2077.csv,5.722870554199589,326.58873130797,1.4171399741095674,0,0.0001665047,0.0,136192.0,32768.0,2.050188454671692,0.0017829459909626275,True,vec,16,"{""1"": 11, ""2"": 9, ""3"": 2, ""4"": 0, ""5"": 9, ""6"": 1, ""7"": 12, ""8"": 12, ""9"": 2, ""10"": 10}"
2078,2078,True,,gemm\random\mappings\sample_2078_seed_2078.csv,6.158210758870449,327.72070521455,1.4357521899475763,1,0.0001762349,0.236310625,113664.0,26624.0,3.5356080142828805,0.0018413208088929082,True,vec,16,"{""1"": 1, ""2"": 6, ""3"": 1, ""4"": 15, ""5"": 11, ""6"": 11, ""7"": 11, ""8"": 2, ""9"": 11, ""10"": 11}"
2079,2079,True,,gemm\random\mappings\sample_2079_seed_2079.csv,5.156558942941911,326.14434023007,1.398960866880717,0,0.0001664087,0.0,97280.0,18432.0,2.431065264828407,0.0017815553334996157,True,vec,16,"{""1"": 14, ""2"": 6, ""3"": 6, ""4"": 5, ""5"": 12, ""6"": 7, ""7"": 7, ""8"": 0, ""9"": 6, ""10"": 2}"
2080,2080,True,,gemm\random\mappings\sample_2080_seed_2080.csv,5.192776684629253,327.86684232096,1.7848683397093583,3,0.0001190846,0.352751140625,146432.0,16384.0,1.1868676849831383,0.0015407415523432078,True,vec,16,"{""1"": 1, ""2"": 12, ""3"": 13, ""4"": 15, ""5"": 10, ""6"": 5, ""7"": 13, ""8"": 14, ""9"": 7, ""10"": 4}"
2081,2081,True,,gemm\random\mappings\sample_2081_seed_2081.csv,5.572365943140325,327.24647041568,1.4163079063323079,1,0.0001464408,0.028517875,125952.0,32768.0,1.8216623685776632,0.0016770802788740747,True,vec,16,"{""1"": 15, ""2"": 6, ""3"": 1, ""4"": 14, ""5"": 2, ""6"": 13, ""7"": 5, ""8"": 13, ""9"": 6, ""10"": 6}"
2082,2082,True,,gemm\random\mappings\sample_2082_seed_2082.csv,5.012989794782347,327.10378517332,1.5444361068136583,0,0.0001168908,0.0,121856.0,32768.0,1.1868676849831383,0.0015186743463776117,True,vec,16,"{""1"": 3, ""2"": 2, ""3"": 13, ""4"": 0, ""5"": 5, ""6"": 10, ""7"": 8, ""8"": 6, ""9"": 5, ""10"": 11}"
2083,2083,True,,gemm\random\mappings\sample_2083_seed_2083.csv,5.235840148738548,326.41359113825,1.4922599458726074,0,0.0001664208,0.0,84992.0,20480.0,2.3929775838127356,0.001782278997013767,True,vec,16,"{""1"": 0, ""2"": 3, ""3"": 0, ""4"": 8, ""5"": 8, ""6"": 8, ""7"": 1, ""8"": 5, ""9"": 10, ""10"": 4}"
2084,2084,True,,gemm\random\mappings\sample_2084_seed_2084.csv,5.385641900740873,327.61772182342,1.513628802050861,1,0.0001669871,0.1231878125,95232.0,19456.0,1.8216623685776632,0.0017913685499957438,True,vec,16,"{""1"": 13, ""2"": 8, ""3"": 10, ""4"": 10, ""5"": 12, ""6"": 6, ""7"": 15, ""8"": 12, ""9"": 1, ""10"": 3}"
2085,2085,True,,gemm\random\mappings\sample_2085_seed_2085.csv,5.0820955555173795,326.66750016203,1.6598307395329222,0,0.0001467947,0.0,71680.0,18432.0,2.786550287641341,0.0016792333917442764,True,vec,16,"{""1"": 2, ""2"": 5, ""3"": 7, ""4"": 6, ""5"": 1, ""6"": 1, ""7"": 1, ""8"": 5, ""9"": 5, ""10"": 3}"
2086,2086,True,,gemm\random\mappings\sample_2086_seed_2086.csv,5.402935195694904,326.58530774054,1.420082965259606,0,0.0001467307,0.0,126976.0,32768.0,1.7962705812338822,0.0016779788509061558,True,vec,16,"{""1"": 8, ""2"": 6, ""3"": 14, ""4"": 2, ""5"": 5, ""6"": 2, ""7"": 2, ""8"": 10, ""9"": 15, ""10"": 7}"
2087,2087,True,,gemm\random\mappings\sample_2087_seed_2087.csv,5.263090718699715,326.76990300225,1.4971002396187907,0,0.0001463127,0.0,120832.0,26624.0,1.9105336242808966,0.0016761385729471996,True,vec,16,"{""1"": 4, ""2"": 7, ""3"": 4, ""4"": 14, ""5"": 11, ""6"": 2, ""7"": 7, ""8"": 2, ""9"": 0, ""10"": 2}"
2088,2088,True,,gemm\random\mappings\sample_2088_seed_2088.csv,5.614533886703754,326.47863125204,1.4273627381321201,0,0.0001664046,0.0,133120.0,24576.0,2.811942074985122,0.0017821035987723344,True,vec,16,"{""1"": 15, ""2"": 6, ""3"": 12, ""4"": 6, ""5"": 3, ""6"": 12, ""7"": 6, ""8"": 0, ""9"": 0, ""10"": 4}"
2089,2089,True,,gemm\random\mappings\sample_2089_seed_2089.csv,6.181824132057558,327.3955429094,1.4980273459338782,1,0.0001675368,0.027141634615384373,185344.0,32768.0,2.202539178734378,0.001790653315155243,True,vec,16,"{""1"": 12, ""2"": 3, ""3"": 5, ""4"": 3, ""5"": 11, ""6"": 3, ""7"": 2, ""8"": 8, ""9"": 13, ""10"": 6}"
2090,2090,True,,gemm\random\mappings\sample_2090_seed_2090.csv,5.258250658872403,327.46214460579,1.5563280222188964,2,0.0001467628,0.20458092857143123,121856.0,19456.0,1.2884348343582623,0.0016848510078048833,True,vec,16,"{""1"": 7, ""2"": 11, ""3"": 15, ""4"": 0, ""5"": 4, ""6"": 12, ""7"": 2, ""8"": 6, ""9"": 6, ""10"": 15}"
2091,2091,True,,gemm\random\mappings\sample_2091_seed_2091.csv,5.341453907439256,327.61914697149,1.3776673561208448,1,0.0001666126,0.15015770833333125,116736.0,17408.0,1.8216623685776632,0.0017858261882476216,True,vec,16,"{""1"": 9, ""2"": 12, ""3"": 2, ""4"": 4, ""5"": 2, ""6"": 11, ""7"": 15, ""8"": 5, ""9"": 4, ""10"": 8}"
2092,2092,True,,gemm\random\mappings\sample_2092_seed_2092.csv,5.341118546300324,326.50662800123,1.5170990330262817,0,0.000146729,0.0,112640.0,28672.0,2.177147391390597,0.0016787878655625341,True,vec,16,"{""1"": 13, ""2"": 12, ""3"": 6, ""4"": 11, ""5"": 10, ""6"": 6, ""7"": 12, ""8"": 3, ""9"": 12, ""10"": 2}"
2093,2093,True,,gemm\random\mappings\sample_2093_seed_2093.csv,5.073398094700236,327.62746869084,1.612698722270471,1,0.0001184208,0.192301,115712.0,27648.0,1.1741717913112477,0.001531430516547446,True,vec,16,"{""1"": 13, ""2"": 11, ""3"": 0, ""4"": 4, ""5"": 12, ""6"": 6, ""7"": 10, ""8"": 5, ""9"": 13, ""10"": 4}"
2094,2094,True,,gemm\random\mappings\sample_2094_seed_2094.csv,4.825341292920228,326.96360399266,1.51075662094819,0,0.0001466826,0.0,93184.0,18432.0,1.4153937710771671,0.0016784374533925113,True,vec,16,"{""1"": 1, ""2"": 9, ""3"": 0, ""4"": 12, ""5"": 5, ""6"": 11, ""7"": 2, ""8"": 11, ""9"": 9, ""10"": 15}"
2095,2095,True,,gemm\random\mappings\sample_2095_seed_2095.csv,5.645158539238073,328.39067727212,1.7659827796482666,2,0.0001195606,0.4836141927083312,137216.0,32768.0,1.1868676849831383,0.0015451281662091346,True,vec,16,"{""1"": 8, ""2"": 15, ""3"": 5, ""4"": 6, ""5"": 3, ""6"": 11, ""7"": 10, ""8"": 9, ""9"": 15, ""10"": 14}"
2096,2096,True,,gemm\random\mappings\sample_2096_seed_2096.csv,5.671331456440879,326.44992798722,1.2631765339425203,0,0.0001664866,0.0,136192.0,33792.0,2.062884348343583,0.0017825218488265807,True,vec,16,"{""1"": 0, ""2"": 3, ""3"": 9, ""4"": 9, ""5"": 13, ""6"": 6, ""7"": 7, ""8"": 10, ""9"": 0, ""10"": 9}"
2097,2097,True,,gemm\random\mappings\sample_2097_seed_2097.csv,4.942459506330473,327.78635740602,1.6669582634490434,2,0.0001179448,0.3657304166666687,118784.0,16384.0,1.3265225153739337,0.0015308603732175215,True,vec,16,"{""1"": 2, ""2"": 12, ""3"": 2, ""4"": 8, ""5"": 7, ""6"": 11, ""7"": 6, ""8"": 5, ""9"": 15, ""10"": 2}"
2098,2098,True,,gemm\random\mappings\sample_2098_seed_2098.csv,5.583356564140872,327.36306776637,1.6714270140485024,1,0.0001670647,0.0316891826923075,90112.0,20480.0,2.5453283078754216,0.001789535108461389,True,vec,16,"{""1"": 7, ""2"": 3, ""3"": 3, ""4"": 7, ""5"": 12, ""6"": 6, ""7"": 11, ""8"": 1, ""9"": 3, ""10"": 6}"
2099,2099,True,,gemm\random\mappings\sample_2099_seed_2099.csv,5.033665356336884,327.68564869997,1.6729806968138163,2,0.0001187128,0.29993640625,131072.0,17408.0,1.4407855584209481,0.0015356083291848948,True,vec,16,"{""1"": 13, ""2"": 6, ""3"": 12, ""4"": 8, ""5"": 3, ""6"": 1, ""7"": 0, ""8"": 7, ""9"": 12, ""10"": 6}"
2100,2100,True,,gemm\random\mappings\sample_2100_seed_2100.csv,5.893607481287515,327.4580957858,1.4116364952328833,1,0.0001664886,0.12072175,116736.0,32768.0,2.202539178734378,0.0017862052885429696,True,vec,16,"{""1"": 9, ""2"": 15, ""3"": 2, ""4"": 14, ""5"": 2, ""6"": 13, ""7"": 11, ""8"": 1, ""9"": 2, ""10"": 6}"
2101,2101,True,,gemm\random\mappings\sample_2101_seed_2101.csv,5.66401220573868,327.84868091752,1.9428229136337978,1,0.0001191686,0.183831796875,136192.0,32768.0,1.9486213052965682,0.00154051572309772,True,vec,16,"{""1"": 11, ""2"": 5, ""3"": 1, ""4"": 8, ""5"": 4, ""6"": 4, ""7"": 5, ""8"": 1, ""9"": 6, ""10"": 2}"
2102,2102,True,,gemm\random\mappings\sample_2102_seed_2102.csv,5.26898385554554,326.38248334933,1.3363268956382899,0,0.0001665706,0.0,101376.0,24576.0,2.012100773656021,0.0017831853944179563,True,vec,16,"{""1"": 9, ""2"": 3, ""3"": 14, ""4"": 9, ""5"": 14, ""6"": 13, ""7"": 2, ""8"": 5, ""9"": 3, ""10"": 7}"
2103,2103,True,,gemm\random\mappings\sample_2103_seed_2103.csv,5.36881930024095,326.36354798557,1.3606958933351374,0,0.000166427,0.0,104448.0,26624.0,2.0882761356873636,0.001782706004958552,True,vec,16,"{""1"": 2, ""2"": 10, ""3"": 1, ""4"": 13, ""5"": 1, ""6"": 8, ""7"": 13, ""8"": 2, ""9"": 15, ""10"": 15}"
2104,2104,True,,gemm\random\mappings\sample_2104_seed_2104.csv,5.530659713068917,327.84934260409,1.465148841597486,1,0.0001464588,0.29401425,119808.0,29696.0,1.5169609204522911,0.00168328525603525,True,vec,16,"{""1"": 5, ""2"": 6, ""3"": 15, ""4"": 12, ""5"": 11, ""6"": 5, ""7"": 13, ""8"": 4, ""9"": 5, ""10"": 11}"
2105,2105,True,,gemm\random\mappings\sample_2105_seed_2105.csv,5.702619008312491,326.07153413766,1.4228682984908259,0,0.0001666969,0.0,125952.0,32768.0,2.3548899027970642,0.0017836283369928258,True,vec,16,"{""1"": 4, ""2"": 13, ""3"": 1, ""4"": 13, ""5"": 14, ""6"": 2, ""7"": 2, ""8"": 15, ""9"": 1, ""10"": 2}"
2106,2106,True,,gemm\random\mappings\sample_2106_seed_2106.csv,5.306918863160601,326.66682158268,1.3434226424034794,0,0.0001666306,0.0,135168.0,24576.0,1.4407855584209481,0.0017836800700436733,True,vec,16,"{""1"": 12, ""2"": 6, ""3"": 10, ""4"": 0, ""5"": 6, ""6"": 3, ""7"": 8, ""8"": 4, ""9"": 2, ""10"": 1}"
2107,2107,True,,gemm\random\mappings\sample_2107_seed_2107.csv,5.196580174663453,328.05961769065,1.7289536247492892,2,0.0001184728,0.5361009999999999,112640.0,20480.0,1.5550486014679628,0.0015367747449731937,True,vec,16,"{""1"": 1, ""2"": 6, ""3"": 8, ""4"": 12, ""5"": 2, ""6"": 0, ""7"": 3, ""8"": 8, ""9"": 1, ""10"": 6}"
2108,2108,True,,gemm\random\mappings\sample_2108_seed_2108.csv,4.711933417466567,326.75690572196,1.5680470023584079,0,0.0001168267,0.0,108544.0,25600.0,1.1741717913112477,0.0015185227678916348,True,vec,16,"{""1"": 8, ""2"": 5, ""3"": 11, ""4"": 4, ""5"": 7, ""6"": 8, ""7"": 9, ""8"": 13, ""9"": 6, ""10"": 11}"
2109,2109,True,,gemm\random\mappings\sample_2109_seed_2109.csv,5.596209923777927,326.95594250297,1.3585798394668183,0,0.0001663886,0.0,122880.0,33792.0,1.5169609204522911,0.0017826368745278598,True,vec,16,"{""1"": 12, ""2"": 13, ""3"": 10, ""4"": 1, ""5"": 10, ""6"": 15, ""7"": 3, ""8"": 6, ""9"": 8, ""10"": 12}"
2110,2110,True,,gemm\random\mappings\sample_2110_seed_2110.csv,5.553566322463526,326.58881790469,1.419538404788902,0,0.000166923,0.0,130048.0,28672.0,1.9359254116246776,0.0017861953557665134,True,vec,16,"{""1"": 3, ""2"": 7, ""3"": 15, ""4"": 15, ""5"": 5, ""6"": 13, ""7"": 5, ""8"": 0, ""9"": 3, ""10"": 11}"
2111,2111,True,,gemm\random\mappings\sample_2111_seed_2111.csv,5.341292800606879,329.19504637187,1.7520575184905,2,0.0001462806,1.0787278076923061,59392.0,10240.0,1.9867089863122396,0.0017017360590195114,True,vec,16,"{""1"": 11, ""2"": 15, ""3"": 11, ""4"": 14, ""5"": 3, ""6"": 14, ""7"": 7, ""8"": 14, ""9"": 0, ""10"": 10}"
2112,2112,True,,gemm\random\mappings\sample_2112_seed_2112.csv,5.369895390040832,326.65615695337,1.509654839496626,0,0.0001468587,0.0,148480.0,26624.0,1.9105336242808966,0.0016795112009052033,True,vec,16,"{""1"": 3, ""2"": 15, ""3"": 9, ""4"": 8, ""5"": 1, ""6"": 3, ""7"": 15, ""8"": 15, ""9"": 10, ""10"": 7}"
2113,2113,True,,gemm\random\mappings\sample_2113_seed_2113.csv,4.911606597673925,325.63157191659,1.2123669094137917,0,0.0001663087,0.0,104448.0,18432.0,1.8216623685776632,0.0017806255610190126,True,vec,16,"{""1"": 0, ""2"": 8, ""3"": 8, ""4"": 5, ""5"": 10, ""6"": 2, ""7"": 9, ""8"": 5, ""9"": 11, ""10"": 4}"
2114,2114,True,,gemm\random\mappings\sample_2114_seed_2114.csv,4.991901895236014,328.15563754372,1.693299303241164,1,0.0001200727,0.442265375,77824.0,19456.0,1.8724459432652252,0.0015461058039439412,True,vec,16,"{""1"": 7, ""2"": 6, ""3"": 14, ""4"": 7, ""5"": 15, ""6"": 8, ""7"": 1, ""8"": 6, ""9"": 7, ""10"": 10}"
2115,2115,True,,gemm\random\mappings\sample_2115_seed_2115.csv,4.94448231275598,328.16730184229,1.8837745909965735,3,0.0001200227,0.890406190789475,51200.0,11264.0,1.4915691331085101,0.001560683246453304,True,vec,16,"{""1"": 11, ""2"": 11, ""3"": 15, ""4"": 7, ""5"": 6, ""6"": 10, ""7"": 11, ""8"": 5, ""9"": 1, ""10"": 9}"
2116,2116,True,,gemm\random\mappings\sample_2116_seed_2116.csv,6.664661192597565,325.91555059974,1.064627559865027,0,0.0002261007,0.0,102400.0,35840.0,4.411624677643324,0.002099635748277788,True,vec,16,"{""1"": 4, ""2"": 5, ""3"": 11, ""4"": 5, ""5"": 13, ""6"": 15, ""7"": 5, ""8"": 5, ""9"": 5, ""10"": 8}"
2117,2117,True,,gemm\random\mappings\sample_2117_seed_2117.csv,5.372337961985131,329.05879018083,1.8323748936856383,3,0.0001240468,0.8826666770833331,101376.0,16384.0,1.3392184090458243,0.0015780894480901463,True,vec,16,"{""1"": 6, ""2"": 15, ""3"": 14, ""4"": 4, ""5"": 11, ""6"": 4, ""7"": 13, ""8"": 5, ""9"": 8, ""10"": 13}"
2118,2118,True,,gemm\random\mappings\sample_2118_seed_2118.csv,5.256840533316899,327.56326323447,1.6809948864153939,1,0.0001486728,0.12113994318181875,97280.0,18432.0,1.9867089863122396,0.0016961030560399088,True,vec,16,"{""1"": 13, ""2"": 13, ""3"": 4, ""4"": 0, ""5"": 14, ""6"": 7, ""7"": 0, ""8"": 1, ""9"": 0, ""10"": 6}"
2119,2119,True,,gemm\random\mappings\sample_2119_seed_2119.csv,4.6461254882996545,326.56917587874,1.3435903713133208,0,0.0001465808,0.0,101376.0,16384.0,1.2884348343582623,0.0016763862771778458,True,vec,16,"{""1"": 5, ""2"": 8, ""3"": 0, ""4"": 15, ""5"": 6, ""6"": 1, ""7"": 1, ""8"": 13, ""9"": 14, ""10"": 8}"
2120,2120,True,,gemm\random\mappings\sample_2120_seed_2120.csv,5.501862876758027,328.06873014417,1.6140555323129053,3,0.0001487288,0.45863020833333756,138240.0,18432.0,1.0345169609204523,0.0017002668971931609,True,vec,16,"{""1"": 14, ""2"": 7, ""3"": 3, ""4"": 13, ""5"": 4, ""6"": 12, ""7"": 12, ""8"": 8, ""9"": 9, ""10"": 10}"
2121,2121,True,,gemm\random\mappings\sample_2121_seed_2121.csv,5.192730303397001,327.9993115937,1.8376221531828756,4,0.0001205168,0.7699193452380958,89088.0,16384.0,1.0599087482642333,0.001553310326955638,True,vec,16,"{""1"": 5, ""2"": 1, ""3"": 9, ""4"": 13, ""5"": 0, ""6"": 11, ""7"": 7, ""8"": 14, ""9"": 3, ""10"": 0}"
2122,2122,True,,gemm\random\mappings\sample_2122_seed_2122.csv,5.001163370680245,326.45140189479,1.4579336513035823,0,0.0001168887,0.0,132096.0,32768.0,1.4407855584209481,0.001518111947633494,True,vec,16,"{""1"": 12, ""2"": 14, ""3"": 6, ""4"": 2, ""5"": 9, ""6"": 13, ""7"": 3, ""8"": 9, ""9"": 11, ""10"": 6}"
2123,2123,True,,gemm\random\mappings\sample_2123_seed_2123.csv,4.965738159833214,328.74260018681,1.657281603914806,2,0.0001200329,0.91015015625,109568.0,10240.0,1.3773060900614957,0.0015535438693091849,True,vec,16,"{""1"": 13, ""2"": 1, ""3"": 13, ""4"": 7, ""5"": 8, ""6"": 0, ""7"": 2, ""8"": 5, ""9"": 1, ""10"": 14}"
2124,2124,True,,gemm\random\mappings\sample_2124_seed_2124.csv,5.080992188892998,327.71791595819,1.5039969983405175,1,0.0001174127,0.20965895833333126,115712.0,27648.0,1.4407855584209481,0.0015236459684348333,True,vec,16,"{""1"": 0, ""2"": 1, ""3"": 4, ""4"": 10, ""5"": 7, ""6"": 12, ""7"": 2, ""8"": 13, ""9"": 10, ""10"": 4}"
2125,2125,True,,gemm\random\mappings\sample_2125_seed_2125.csv,4.821721743424807,326.60588689,1.4222861797766602,0,0.0001468589,0.0,99328.0,17408.0,1.7835746875619918,0.00167899597117254,True,vec,16,"{""1"": 10, ""2"": 1, ""3"": 15, ""4"": 7, ""5"": 6, ""6"": 5, ""7"": 1, ""8"": 5, ""9"": 10, ""10"": 15}"
2126,2126,True,,gemm\random\mappings\sample_2126_seed_2126.csv,5.601315897131779,327.36307615189,1.5316962357398787,1,0.000166295,0.07860725,125952.0,18432.0,2.583415988891093,0.001785435764051958,True,vec,16,"{""1"": 7, ""2"": 3, ""3"": 8, ""4"": 12, ""5"": 3, ""6"": 8, ""7"": 15, ""8"": 5, ""9"": 3, ""10"": 13}"
2127,2127,True,,gemm\random\mappings\sample_2127_seed_2127.csv,5.668399844051296,327.62586733629,1.5026810157204045,1,0.0001465687,0.13466875,117760.0,33792.0,1.7835746875619918,0.0016801151819488779,True,vec,16,"{""1"": 3, ""2"": 10, ""3"": 5, ""4"": 2, ""5"": 14, ""6"": 7, ""7"": 7, ""8"": 10, ""9"": 3, ""10"": 2}"
2128,2128,True,,gemm\random\mappings\sample_2128_seed_2128.csv,4.981284559768492,326.44386814217,1.4296485755433177,0,0.0001464226,0.0,130048.0,24576.0,1.0345169609204523,0.0016764979147149896,True,vec,16,"{""1"": 3, ""2"": 6, ""3"": 12, ""4"": 7, ""5"": 10, ""6"": 2, ""7"": 2, ""8"": 15, ""9"": 4, ""10"": 1}"
2129,2129,True,,gemm\random\mappings\sample_2129_seed_2129.csv,5.324062847760085,326.65886463597,1.289250301425885,0,0.0001665709,0.0,110592.0,26624.0,1.7835746875619918,0.0017830376908783217,True,vec,16,"{""1"": 4, ""2"": 15, ""3"": 9, ""4"": 9, ""5"": 4, ""6"": 0, ""7"": 2, ""8"": 13, ""9"": 7, ""10"": 7}"
2130,2130,True,,gemm\random\mappings\sample_2130_seed_2130.csv,5.63115168584266,327.24276051317,1.469614848468556,1,0.0001465009,0.0271535,136192.0,32768.0,1.7962705812338822,0.001677994431026939,True,vec,16,"{""1"": 7, ""2"": 9, ""3"": 0, ""4"": 13, ""5"": 14, ""6"": 11, ""7"": 0, ""8"": 9, ""9"": 11, ""10"": 4}"
2131,2131,True,,gemm\random\mappings\sample_2131_seed_2131.csv,5.410325925608133,327.62693392902,1.4327095969190915,1,0.0001461007,0.06492105263158125,117760.0,27648.0,1.7200952192025392,0.0016770848480071935,True,vec,16,"{""1"": 12, ""2"": 11, ""3"": 6, ""4"": 5, ""5"": 12, ""6"": 13, ""7"": 10, ""8"": 12, ""9"": 10, ""10"": 8}"
2132,2132,True,,gemm\random\mappings\sample_2132_seed_2132.csv,5.077017956487731,327.62050866536,1.5120075169178493,1,0.0001466328,0.18897212500000002,121856.0,12288.0,1.9867089863122396,0.0016822476856749105,True,vec,16,"{""1"": 14, ""2"": 3, ""3"": 4, ""4"": 14, ""5"": 2, ""6"": 8, ""7"": 4, ""8"": 4, ""9"": 1, ""10"": 10}"
2133,2133,True,,gemm\random\mappings\sample_2133_seed_2133.csv,5.702811742073494,327.40584541171,1.6362304444475384,2,0.000146503,0.11982475000000001,118784.0,34816.0,1.1487800039674667,0.001681265625747852,True,vec,16,"{""1"": 1, ""2"": 10, ""3"": 11, ""4"": 7, ""5"": 2, ""6"": 14, ""7"": 3, ""8"": 1, ""9"": 3, ""10"": 13}"
2134,2134,True,,gemm\random\mappings\sample_2134_seed_2134.csv,5.029144828165976,327.6919867025,1.605897119660347,1,0.0001177828,0.21639875000000003,92160.0,24576.0,1.8216623685776632,0.0015265978515875533,True,vec,16,"{""1"": 14, ""2"": 10, ""3"": 13, ""4"": 9, ""5"": 4, ""6"": 10, ""7"": 4, ""8"": 3, ""9"": 0, ""10"": 9}"
2135,2135,True,,gemm\random\mappings\sample_2135_seed_2135.csv,5.338057442160188,326.44512749362,1.2632441811775688,0,0.0001661647,0.0,115712.0,24576.0,2.227930966078159,0.0017803572985491509,True,vec,16,"{""1"": 0, ""2"": 5, ""3"": 5, ""4"": 8, ""5"": 11, ""6"": 15, ""7"": 8, ""8"": 4, ""9"": 7, ""10"": 8}"
2136,2136,True,,gemm\random\mappings\sample_2136_seed_2136.csv,5.66231030778086,327.92397281431,1.3482261310020505,1,0.0001667288,0.30058416666666876,106496.0,26624.0,1.9232295179527872,0.0017881444986928825,True,vec,16,"{""1"": 5, ""2"": 0, ""3"": 14, ""4"": 7, ""5"": 7, ""6"": 1, ""7"": 8, ""8"": 3, ""9"": 8, ""10"": 14}"
2137,2137,True,,gemm\random\mappings\sample_2137_seed_2137.csv,4.756677194153492,326.35947109191,1.3877959592173768,0,0.000146697,0.0,100352.0,20480.0,1.2249553659988097,0.0016774059532412896,True,vec,16,"{""1"": 9, ""2"": 11, ""3"": 9, ""4"": 0, ""5"": 7, ""6"": 12, ""7"": 10, ""8"": 12, ""9"": 5, ""10"": 2}"
2138,2138,True,,gemm\random\mappings\sample_2138_seed_2138.csv,4.654554757130179,326.66661912575,1.3366060048557966,0,0.0001463588,0.0,80896.0,18432.0,1.3773060900614957,0.0016750412414586304,True,vec,16,"{""1"": 11, ""2"": 10, ""3"": 11, ""4"": 4, ""5"": 3, ""6"": 6, ""7"": 9, ""8"": 13, ""9"": 6, ""10"": 13}"
2139,2139,True,,gemm\random\mappings\sample_2139_seed_2139.csv,4.547772084878083,326.60195075891,1.459266001851734,0,0.0001165007,0.0,92160.0,19456.0,1.9105336242808966,0.0015155547987264315,True,vec,16,"{""1"": 7, ""2"": 1, ""3"": 15, ""4"": 7, ""5"": 9, ""6"": 6, ""7"": 9, ""8"": 1, ""9"": 4, ""10"": 4}"
2140,2140,True,,gemm\random\mappings\sample_2140_seed_2140.csv,5.210388032222749,326.43943536259,1.2748278438321756,0,0.0001661507,0.0,94208.0,20480.0,2.583415988891093,0.0017803780090015077,True,vec,16,"{""1"": 11, ""2"": 11, ""3"": 11, ""4"": 8, ""5"": 0, ""6"": 13, ""7"": 8, ""8"": 0, ""9"": 2, ""10"": 5}"
2141,2141,True,,gemm\random\mappings\sample_2141_seed_2141.csv,5.533548566994965,328.05887653516,1.769298776357078,2,0.0001185249,0.39453400000000005,116736.0,33792.0,1.1868676849831383,0.001534432457640506,True,vec,16,"{""1"": 12, ""2"": 7, ""3"": 13, ""4"": 14, ""5"": 9, ""6"": 7, ""7"": 15, ""8"": 1, ""9"": 3, ""10"": 4}"
2142,2142,True,,gemm\random\mappings\sample_2142_seed_2142.csv,6.269823790075874,328.06532936718,1.6268917210247908,2,0.000170195,0.2985905625,108544.0,36864.0,1.8978377306090062,0.0018153534796107517,True,vec,16,"{""1"": 5, ""2"": 3, ""3"": 3, ""4"": 2, ""5"": 6, ""6"": 5, ""7"": 1, ""8"": 9, ""9"": 5, ""10"": 15}"
2143,2143,True,,gemm\random\mappings\sample_2143_seed_2143.csv,5.193433044268856,325.92639280125,1.3051249380241527,0,0.0001665487,0.0,100352.0,26624.0,1.6693116445149772,0.0017829316985558793,True,vec,16,"{""1"": 6, ""2"": 0, ""3"": 10, ""4"": 14, ""5"": 14, ""6"": 4, ""7"": 7, ""8"": 2, ""9"": 4, ""10"": 12}"
2144,2144,True,,gemm\random\mappings\sample_2144_seed_2144.csv,6.581635008521848,329.51044215826,1.802735455864474,3,0.0001470749,1.6506224999999999,124928.0,35840.0,1.5296568141241818,0.0017182972230714467,True,vec,16,"{""1"": 13, ""2"": 11, ""3"": 7, ""4"": 15, ""5"": 14, ""6"": 4, ""7"": 13, ""8"": 7, ""9"": 4, ""10"": 3}"
2145,2145,True,,gemm\random\mappings\sample_2145_seed_2145.csv,5.450610489454537,327.8460516641,1.7139913136500204,1,0.0001181868,0.29265041666666874,110592.0,34816.0,1.5677444951398531,0.0015306647148981894,True,vec,16,"{""1"": 12, ""2"": 1, ""3"": 13, ""4"": 10, ""5"": 9, ""6"": 9, ""7"": 4, ""8"": 8, ""9"": 13, ""10"": 11}"
2146,2146,True,,gemm\random\mappings\sample_2146_seed_2146.csv,4.4569833596205335,327.10403499541,1.5514226304506347,0,0.000117113,0.0,92160.0,18432.0,1.1741717913112477,0.0015200369411047568,True,vec,16,"{""1"": 5, ""2"": 10, ""3"": 14, ""4"": 9, ""5"": 1, ""6"": 8, ""7"": 0, ""8"": 5, ""9"": 13, ""10"": 14}"
2147,2147,True,,gemm\random\mappings\sample_2147_seed_2147.csv,5.963941639177473,327.83283489882,1.521870943403223,1,0.0001668429,0.295541,130048.0,26624.0,2.5580242015473122,0.0017931710322310035,True,vec,16,"{""1"": 5, ""2"": 11, ""3"": 13, ""4"": 11, ""5"": 15, ""6"": 1, ""7"": 13, ""8"": 1, ""9"": 14, ""10"": 11}"
2148,2148,True,,gemm\random\mappings\sample_2148_seed_2148.csv,5.098609575961492,327.50373083548,1.595706264268573,1,0.000146827,0.12121937499999999,122880.0,16384.0,1.4153937710771671,0.0016825684257539084,True,vec,16,"{""1"": 12, ""2"": 2, ""3"": 8, ""4"": 0, ""5"": 5, ""6"": 10, ""7"": 8, ""8"": 4, ""9"": 4, ""10"": 15}"
2149,2149,True,,gemm\random\mappings\sample_2149_seed_2149.csv,5.532968161198469,326.94254965455,1.4719424336069564,0,0.0001763949,0.0,76800.0,18432.0,3.4594326522515373,0.001836285559922824,True,vec,16,"{""1"": 0, ""2"": 8, ""3"": 5, ""4"": 5, ""5"": 0, ""6"": 8, ""7"": 8, ""8"": 8, ""9"": 6, ""10"": 7}"
2150,2150,True,,gemm\random\mappings\sample_2150_seed_2150.csv,6.153973354256324,328.38656915397,1.5485905611176765,2,0.0001667951,0.508527375,152576.0,27648.0,1.8978377306090062,0.0017971382613057318,True,vec,16,"{""1"": 12, ""2"": 10, ""3"": 11, ""4"": 0, ""5"": 10, ""6"": 12, ""7"": 13, ""8"": 9, ""9"": 12, ""10"": 3}"
2151,2151,True,,gemm\random\mappings\sample_2151_seed_2151.csv,4.901171619566751,326.67258007251,1.3405410548256989,0,0.0001467288,0.0,104448.0,24576.0,1.1868676849831383,0.0016774808097486103,True,vec,16,"{""1"": 9, ""2"": 14, ""3"": 3, ""4"": 6, ""5"": 13, ""6"": 4, ""7"": 4, ""8"": 2, ""9"": 10, ""10"": 10}"
2152,2152,True,,gemm\random\mappings\sample_2152_seed_2152.csv,5.349279032133142,326.56621521481,1.2941253287702474,0,0.0001665328,0.0,132096.0,26624.0,1.5550486014679628,0.0017829144560793625,True,vec,16,"{""1"": 15, ""2"": 7, ""3"": 9, ""4"": 5, ""5"": 9, ""6"": 13, ""7"": 15, ""8"": 0, ""9"": 14, ""10"": 8}"
2153,2153,True,,gemm\random\mappings\sample_2153_seed_2153.csv,5.226566314496941,326.66512016193,1.383388023029444,0,0.0001467629,0.0,113664.0,24576.0,2.431065264828407,0.0016778549085225709,True,vec,16,"{""1"": 3, ""2"": 0, ""3"": 6, ""4"": 7, ""5"": 8, ""6"": 8, ""7"": 15, ""8"": 6, ""9"": 8, ""10"": 7}"
2154,2154,True,,gemm\random\mappings\sample_2154_seed_2154.csv,5.182059877618788,327.84724036584,1.6710958638527464,1,0.000118221906,0.0891705625,115712.0,26624.0,1.7073993255306488,0.001530451698982298,True,vec,16,"{""1"": 14, ""2"": 15, ""3"": 4, ""4"": 1, ""5"": 13, ""6"": 14, ""7"": 3, ""8"": 15, ""9"": 6, ""10"": 15}"
2155,2155,True,,gemm\random\mappings\sample_2155_seed_2155.csv,5.91102049825011,326.20516117314,1.4404225193150662,0,0.0001665968,0.0,177152.0,32768.0,2.3168022217813924,0.0017834949527004496,True,vec,16,"{""1"": 0, ""2"": 7, ""3"": 13, ""4"": 7, ""5"": 14, ""6"": 5, ""7"": 7, ""8"": 0, ""9"": 9, ""10"": 12}"
2156,2156,True,,gemm\random\mappings\sample_2156_seed_2156.csv,5.656410693505792,328.13188730185,1.7431536568885266,3,0.0001203267,0.7463014166666687,139264.0,28672.0,1.1868676849831383,0.001552943306147564,True,vec,16,"{""1"": 13, ""2"": 6, ""3"": 12, ""4"": 3, ""5"": 7, ""6"": 0, ""7"": 15, ""8"": 14, ""9"": 6, ""10"": 9}"
2157,2157,True,,gemm\random\mappings\sample_2157_seed_2157.csv,5.383773783872755,327.68594168035,1.51586250744694,1,0.0001467627,0.21979274999999998,126976.0,27648.0,1.0345169609204523,0.0016835624182167323,True,vec,16,"{""1"": 11, ""2"": 12, ""3"": 8, ""4"": 3, ""5"": 5, ""6"": 13, ""7"": 7, ""8"": 10, ""9"": 7, ""10"": 15}"
2158,2158,True,,gemm\random\mappings\sample_2158_seed_2158.csv,5.105386804976842,327.68927470908,1.7573574640556313,2,0.000117931,0.3190980208333312,108544.0,20480.0,1.5677444951398531,0.0015319472766599552,True,vec,16,"{""1"": 14, ""2"": 8, ""3"": 10, ""4"": 15, ""5"": 4, ""6"": 12, ""7"": 15, ""8"": 8, ""9"": 11, ""10"": 7}"
2159,2159,True,,gemm\random\mappings\sample_2159_seed_2159.csv,4.9917435350117945,327.56569990101,1.6341059790028607,1,0.0001173166,0.18902229166666873,106496.0,25600.0,1.3011307280301527,0.001523996904428608,True,vec,16,"{""1"": 10, ""2"": 1, ""3"": 9, ""4"": 5, ""5"": 3, ""6"": 14, ""7"": 1, ""8"": 0, ""9"": 10, ""10"": 4}"
2160,2160,True,,gemm\random\mappings\sample_2160_seed_2160.csv,5.21169467513989,327.68014085884,1.3874904873831284,1,0.0001677846,0.067016625,96256.0,17408.0,1.5550486014679628,0.001793163358853056,True,vec,16,"{""1"": 9, ""2"": 13, ""3"": 15, ""4"": 15, ""5"": 4, ""6"": 9, ""7"": 14, ""8"": 5, ""9"": 0, ""10"": 6}"
2161,2161,True,,gemm\random\mappings\sample_2161_seed_2161.csv,5.696300388949909,327.02162693972,1.5236572205801169,0,0.0001467469,0.0,171008.0,33792.0,1.7962705812338822,0.0016796017775638356,True,vec,16,"{""1"": 3, ""2"": 8, ""3"": 13, ""4"": 4, ""5"": 10, ""6"": 14, ""7"": 8, ""8"": 0, ""9"": 8, ""10"": 7}"
2162,2162,True,,gemm\random\mappings\sample_2162_seed_2162.csv,5.545588402551554,329.12944969129,1.6050988325766473,3,0.0001462486,0.9256418942307695,70656.0,18432.0,1.6058321761555248,0.0016962115017871411,True,vec,16,"{""1"": 13, ""2"": 12, ""3"": 8, ""4"": 6, ""5"": 13, ""6"": 10, ""7"": 5, ""8"": 6, ""9"": 10, ""10"": 14}"
2163,2163,True,,gemm\random\mappings\sample_2163_seed_2163.csv,5.111910330079224,327.62671579779,1.5976382651421264,1,0.0001179869,0.204815,89088.0,28672.0,1.7200952192025392,0.001527368820485827,True,vec,16,"{""1"": 14, ""2"": 9, ""3"": 13, ""4"": 5, ""5"": 6, ""6"": 13, ""7"": 11, ""8"": 12, ""9"": 6, ""10"": 11}"
2164,2164,True,,gemm\random\mappings\sample_2164_seed_2164.csv,5.495909252189023,327.61770359271,1.4346191524286374,1,0.0001666829,0.1936745,104448.0,18432.0,2.431065264828407,0.0017878457076009355,True,vec,16,"{""1"": 9, ""2"": 4, ""3"": 6, ""4"": 0, ""5"": 6, ""6"": 6, ""7"": 5, ""8"": 14, ""9"": 5, ""10"": 15}"
2165,2165,True,,gemm\random\mappings\sample_2165_seed_2165.csv,6.164300163238526,328.0629038589,1.545907702647109,2,0.0001666188,0.27608604166666245,145408.0,32768.0,1.7454870065463202,0.0017910243725043223,True,vec,16,"{""1"": 15, ""2"": 14, ""3"": 5, ""4"": 8, ""5"": 5, ""6"": 0, ""7"": 1, ""8"": 0, ""9"": 6, ""10"": 15}"
2166,2166,True,,gemm\random\mappings\sample_2166_seed_2166.csv,4.948337736818073,326.56917635116,1.2379430728105782,0,0.0001463748,0.0,126976.0,25600.0,1.1487800039674667,0.001674820504988849,True,vec,16,"{""1"": 4, ""2"": 3, ""3"": 5, ""4"": 11, ""5"": 12, ""6"": 14, ""7"": 6, ""8"": 4, ""9"": 6, ""10"": 13}"
2167,2167,True,,gemm\random\mappings\sample_2167_seed_2167.csv,4.50605928050025,326.51131785947,1.4707747996739293,0,0.0001167747,0.0,124928.0,20480.0,0.9964292799047808,0.0015176460187577465,True,vec,16,"{""1"": 3, ""2"": 13, ""3"": 0, ""4"": 3, ""5"": 15, ""6"": 4, ""7"": 11, ""8"": 6, ""9"": 12, ""10"": 9}"
2168,2168,True,,gemm\random\mappings\sample_2168_seed_2168.csv,5.619584064118463,327.46793237494,1.465687645655069,1,0.0001662626,0.09846519230769377,97280.0,28672.0,1.7835746875619918,0.001785295082250377,True,vec,16,"{""1"": 3, ""2"": 3, ""3"": 9, ""4"": 2, ""5"": 9, ""6"": 10, ""7"": 5, ""8"": 11, ""9"": 13, ""10"": 13}"
2169,2169,True,,gemm\random\mappings\sample_2169_seed_2169.csv,5.791899173709834,328.39288439602,1.6952005116593498,3,0.0001463926,0.9291030416666688,112640.0,25600.0,1.1106923229517953,0.0016972417983952901,True,vec,16,"{""1"": 10, ""2"": 4, ""3"": 5, ""4"": 6, ""5"": 0, ""6"": 8, ""7"": 15, ""8"": 14, ""9"": 14, ""10"": 10}"
2170,2170,True,,gemm\random\mappings\sample_2170_seed_2170.csv,5.564286708996262,326.35232515238,1.4260674993371991,0,0.0001664208,0.0,119808.0,26624.0,2.583415988891093,0.001781851598798944,True,vec,16,"{""1"": 13, ""2"": 9, ""3"": 3, ""4"": 14, ""5"": 3, ""6"": 9, ""7"": 1, ""8"": 9, ""9"": 0, ""10"": 0}"
2171,2171,True,,gemm\random\mappings\sample_2171_seed_2171.csv,6.184652752601976,327.75007299366,1.5176713238053436,1,0.0001669811,0.20906270833333124,166912.0,32768.0,2.177147391390597,0.0017905483773977028,True,vec,16,"{""1"": 7, ""2"": 12, ""3"": 12, ""4"": 9, ""5"": 6, ""6"": 3, ""7"": 3, ""8"": 4, ""9"": 0, ""10"": 12}"
2172,2172,True,,gemm\random\mappings\sample_2172_seed_2172.csv,5.950364995226497,327.68156600499,1.5955585245675101,1,0.0001692726,0.1597510625,113664.0,32768.0,1.8216623685776632,0.001807394242858599,True,vec,16,"{""1"": 5, ""2"": 8, ""3"": 0, ""4"": 12, ""5"": 12, ""6"": 1, ""7"": 8, ""8"": 15, ""9"": 10, ""10"": 14}"
2173,2173,True,,gemm\random\mappings\sample_2173_seed_2173.csv,5.354095848778935,326.43886438253,1.533968757597959,0,0.000166841,0.0,143360.0,18432.0,2.075580242015473,0.001785900232656028,True,vec,16,"{""1"": 7, ""2"": 13, ""3"": 15, ""4"": 15, ""5"": 13, ""6"": 1, ""7"": 2, ""8"": 3, ""9"": 0, ""10"": 14}"
2174,2174,True,,gemm\random\mappings\sample_2174_seed_2174.csv,4.45634182781143,326.41201079437,1.4815232326710344,0,0.0001167906,0.0,128000.0,19456.0,0.8821662368577663,0.0015176223777998933,True,vec,16,"{""1"": 1, ""2"": 0, ""3"": 7, ""4"": 15, ""5"": 8, ""6"": 6, ""7"": 9, ""8"": 2, ""9"": 4, ""10"": 1}"
2175,2175,True,,gemm\random\mappings\sample_2175_seed_2175.csv,5.035084154490194,326.83157597975,1.5676505213444307,0,0.0001170186,0.0,130048.0,34816.0,0.9202539178734378,0.0015196991046132675,True,vec,16,"{""1"": 11, ""2"": 5, ""3"": 12, ""4"": 9, ""5"": 2, ""6"": 1, ""7"": 7, ""8"": 11, ""9"": 4, ""10"": 3}"
2176,2176,True,,gemm\random\mappings\sample_2176_seed_2176.csv,5.585433784432549,327.8502709064,1.5061347235005142,1,0.0001465028,0.29511775,126976.0,32768.0,1.1106923229517953,0.0016841326236601544,True,vec,16,"{""1"": 5, ""2"": 2, ""3"": 3, ""4"": 10, ""5"": 15, ""6"": 11, ""7"": 11, ""8"": 8, ""9"": 0, ""10"": 5}"
2177,2177,True,,gemm\random\mappings\sample_2177_seed_2177.csv,4.756462261155846,327.26727246088,1.6146626899173007,1,0.0001168068,0.013514843749999998,101376.0,18432.0,1.7200952192025392,0.0015191225333615313,True,vec,16,"{""1"": 1, ""2"": 9, ""3"": 12, ""4"": 7, ""5"": 0, ""6"": 5, ""7"": 12, ""8"": 4, ""9"": 9, ""10"": 5}"
2178,2178,True,,gemm\random\mappings\sample_2178_seed_2178.csv,5.831821530284928,327.85073575259,1.4135925942545693,1,0.0001766489,0.293730875,155648.0,24576.0,1.4915691331085101,0.0018454148257751363,True,vec,16,"{""1"": 1, ""2"": 14, ""3"": 15, ""4"": 12, ""5"": 6, ""6"": 10, ""7"": 8, ""8"": 8, ""9"": 8, ""10"": 2}"
2179,2179,True,,gemm\random\mappings\sample_2179_seed_2179.csv,4.95006757145567,327.26483234188,1.4725783729341455,1,0.000146581,0.034901375,79872.0,19456.0,1.5296568141241818,0.001678278764161264,True,vec,16,"{""1"": 11, ""2"": 15, ""3"": 10, ""4"": 9, ""5"": 7, ""6"": 2, ""7"": 2, ""8"": 11, ""9"": 9, ""10"": 12}"
2180,2180,True,,gemm\random\mappings\sample_2180_seed_2180.csv,4.781073938155054,327.85254324287,1.5538861141351485,1,0.0001181787,0.26414708333333126,128000.0,16384.0,1.1868676849831383,0.0015295181399211139,True,vec,16,"{""1"": 5, ""2"": 1, ""3"": 12, ""4"": 15, ""5"": 10, ""6"": 10, ""7"": 3, ""8"": 0, ""9"": 2, ""10"": 11}"
2181,2181,True,,gemm\random\mappings\sample_2181_seed_2181.csv,5.59569908099935,327.90024264614,1.8135870987744955,3,0.0001188286,0.32320779513888753,146432.0,24576.0,1.8343582622495536,0.0015403889310237828,True,vec,16,"{""1"": 4, ""2"": 15, ""3"": 0, ""4"": 2, ""5"": 11, ""6"": 4, ""7"": 15, ""8"": 0, ""9"": 8, ""10"": 8}"
2182,2182,True,,gemm\random\mappings\sample_2182_seed_2182.csv,5.43531854675818,327.92664801016,1.5848541662791538,1,0.0001182627,0.32636437500000004,124928.0,35840.0,1.3011307280301527,0.001530538115446762,True,vec,16,"{""1"": 8, ""2"": 11, ""3"": 14, ""4"": 13, ""5"": 1, ""6"": 8, ""7"": 12, ""8"": 7, ""9"": 14, ""10"": 9}"
2183,2183,True,,gemm\random\mappings\sample_2183_seed_2183.csv,5.684356058702962,327.04147227518,1.5212555092732816,0,0.0001765008,0.0,147456.0,24576.0,1.8724459432652252,0.0018387146395018518,True,vec,16,"{""1"": 15, ""2"": 3, ""3"": 6, ""4"": 1, ""5"": 8, ""6"": 0, ""7"": 0, ""8"": 0, ""9"": 8, ""10"": 12}"
2184,2184,True,,gemm\random\mappings\sample_2184_seed_2184.csv,5.667673656375829,326.86760395651,1.3161744900392622,0,0.0001664727,0.0,105472.0,37888.0,1.6947034318587582,0.0017828451256688607,True,vec,16,"{""1"": 1, ""2"": 6, ""3"": 2, ""4"": 14, ""5"": 2, ""6"": 0, ""7"": 8, ""8"": 7, ""9"": 9, ""10"": 14}"
2185,2185,True,,gemm\random\mappings\sample_2185_seed_2185.csv,5.576301397343531,327.68684034037,1.4499965328398348,1,0.0001678008,0.06395625,132096.0,24576.0,1.4407855584209481,0.0017935644796213109,True,vec,16,"{""1"": 8, ""2"": 3, ""3"": 3, ""4"": 12, ""5"": 5, ""6"": 7, ""7"": 15, ""8"": 0, ""9"": 9, ""10"": 6}"
2186,2186,True,,gemm\random\mappings\sample_2186_seed_2186.csv,5.595316528114122,328.16498432116,1.727921923037082,2,0.0001204907,0.591142375,160768.0,25600.0,1.5931362824836341,0.0015519181514434097,True,vec,16,"{""1"": 3, ""2"": 9, ""3"": 7, ""4"": 12, ""5"": 8, ""6"": 7, ""7"": 1, ""8"": 15, ""9"": 10, ""10"": 7}"
2187,2187,True,,gemm\random\mappings\sample_2187_seed_2187.csv,4.960685157028174,326.16724186762,1.287117168623109,0,0.0001466507,0.0,118784.0,25600.0,1.4153937710771671,0.0016765328987968535,True,vec,16,"{""1"": 3, ""2"": 11, ""3"": 2, ""4"": 4, ""5"": 9, ""6"": 5, ""7"": 9, ""8"": 1, ""9"": 5, ""10"": 7}"
2188,2188,True,,gemm\random\mappings\sample_2188_seed_2188.csv,5.906126202192171,327.85513230369,1.6131325922669075,3,0.0001468568,0.3609625,128000.0,34816.0,1.0345169609204523,0.0016885365356552173,True,vec,16,"{""1"": 9, ""2"": 10, ""3"": 7, ""4"": 3, ""5"": 15, ""6"": 12, ""7"": 5, ""8"": 0, ""9"": 5, ""10"": 14}"
2189,2189,True,,gemm\random\mappings\sample_2189_seed_2189.csv,5.159444775536338,327.10314171045,1.3041218389097105,0,0.0001664527,0.0,118784.0,18432.0,1.8216623685776632,0.001782394464775841,True,vec,16,"{""1"": 2, ""2"": 15, ""3"": 6, ""4"": 9, ""5"": 9, ""6"": 14, ""7"": 12, ""8"": 6, ""9"": 1, ""10"": 4}"
2190,2190,True,,gemm\random\mappings\sample_2190_seed_2190.csv,5.446475691825505,325.99615845909,1.3135272021303446,0,0.0001668228,0.0,136192.0,24576.0,2.431065264828407,0.0017835497445041577,True,vec,16,"{""1"": 11, ""2"": 1, ""3"": 7, ""4"": 1, ""5"": 13, ""6"": 13, ""7"": 13, ""8"": 15, ""9"": 4, ""10"": 9}"
2191,2191,True,,gemm\random\mappings\sample_2191_seed_2191.csv,6.055714751474181,328.16742754894,1.9666070889844987,4,0.0001205167,1.3487354583333313,116736.0,35840.0,0.8059908748264233,0.001567368420259937,True,vec,16,"{""1"": 5, ""2"": 11, ""3"": 7, ""4"": 10, ""5"": 3, ""6"": 6, ""7"": 8, ""8"": 15, ""9"": 14, ""10"": 12}"
2192,2192,True,,gemm\random\mappings\sample_2192_seed_2192.csv,4.971712191448455,326.66670834104,1.377314490132775,0,0.0001170808,0.0,128000.0,32768.0,1.4407855584209481,0.0015189248767067144,True,vec,16,"{""1"": 11, ""2"": 6, ""3"": 0, ""4"": 14, ""5"": 9, ""6"": 13, ""7"": 15, ""8"": 9, ""9"": 2, ""10"": 6}"
2193,2193,True,,gemm\random\mappings\sample_2193_seed_2193.csv,6.181981855275076,327.85512682989,1.5762626082737325,3,0.0001466147,0.360521375,131072.0,36864.0,2.050188454671692,0.001686739275272377,True,vec,16,"{""1"": 2, ""2"": 12, ""3"": 8, ""4"": 5, ""5"": 0, ""6"": 2, ""7"": 10, ""8"": 5, ""9"": 2, ""10"": 5}"
2194,2194,True,,gemm\random\mappings\sample_2194_seed_2194.csv,5.681036739325369,328.74578367052,2.0388312690757466,2,0.0001237688,1.2832545,101376.0,24576.0,1.3392184090458243,0.0015931519740797991,True,vec,16,"{""1"": 12, ""2"": 4, ""3"": 8, ""4"": 0, ""5"": 5, ""6"": 11, ""7"": 6, ""8"": 1, ""9"": 0, ""10"": 6}"
2195,2195,True,,gemm\random\mappings\sample_2195_seed_2195.csv,4.744169216765168,326.56918844977,1.4894579401640637,0,0.0001167408,0.0,117760.0,24576.0,1.5677444951398531,0.0015173937284894243,True,vec,16,"{""1"": 7, ""2"": 3, ""3"": 12, ""4"": 4, ""5"": 10, ""6"": 4, ""7"": 14, ""8"": 10, ""9"": 9, ""10"": 8}"
2196,2196,True,,gemm\random\mappings\sample_2196_seed_2196.csv,4.643414076055533,326.73188103651,1.5263588024062633,0,0.000116905,0.0,116736.0,24576.0,0.9583415988891093,0.0015185871759026647,True,vec,16,"{""1"": 3, ""2"": 11, ""3"": 1, ""4"": 5, ""5"": 14, ""6"": 6, ""7"": 0, ""8"": 12, ""9"": 2, ""10"": 2}"
2197,2197,True,,gemm\random\mappings\sample_2197_seed_2197.csv,5.511421512216235,327.39542370467,1.469708965583855,1,0.0001666308,0.09375525,129024.0,18432.0,2.202539178734378,0.0017858492399220258,True,vec,16,"{""1"": 2, ""2"": 0, ""3"": 11, ""4"": 11, ""5"": 4, ""6"": 11, ""7"": 9, ""8"": 8, ""9"": 7, ""10"": 1}"
2198,2198,True,,gemm\random\mappings\sample_2198_seed_2198.csv,5.5767029701980615,327.84813807446,1.646450401435551,1,0.0001468088,0.299139125,72704.0,26624.0,2.583415988891093,0.0016865803992999783,True,vec,16,"{""1"": 0, ""2"": 2, ""3"": 1, ""4"": 4, ""5"": 5, ""6"": 2, ""7"": 4, ""8"": 11, ""9"": 4, ""10"": 2}"
2199,2199,True,,gemm\random\mappings\sample_2199_seed_2199.csv,5.491745661580816,328.81050920976,2.059758113904023,3,0.0001243168,1.0142081907894749,63488.0,17408.0,1.8724459432652252,0.0015917481811627545,True,vec,16,"{""1"": 3, ""2"": 2, ""3"": 6, ""4"": 11, ""5"": 3, ""6"": 6, ""7"": 7, ""8"": 8, ""9"": 3, ""10"": 0}"
2200,2200,True,,gemm\random\mappings\sample_2200_seed_2200.csv,5.13089228645048,327.59511441619,1.726645554224926,1,0.0001182666,0.1282817857142875,116736.0,25600.0,1.5550486014679628,0.0015314968096446985,True,vec,16,"{""1"": 10, ""2"": 3, ""3"": 12, ""4"": 15, ""5"": 7, ""6"": 7, ""7"": 2, ""8"": 10, ""9"": 13, ""10"": 3}"
2201,2201,True,,gemm\random\mappings\sample_2201_seed_2201.csv,5.133999937351073,326.50423534821,1.3443534009955687,0,0.0001665027,0.0,79872.0,21504.0,2.1390597103749256,0.0017828953744257322,True,vec,16,"{""1"": 5, ""2"": 13, ""3"": 4, ""4"": 5, ""5"": 13, ""6"": 1, ""7"": 3, ""8"": 15, ""9"": 8, ""10"": 13}"
2202,2202,True,,gemm\random\mappings\sample_2202_seed_2202.csv,5.964030042033353,327.82936441843,1.6151852836595342,2,0.0001677407,0.29680885416666686,73728.0,20480.0,3.726046419361238,0.0017945126242880798,True,vec,16,"{""1"": 0, ""2"": 2, ""3"": 4, ""4"": 4, ""5"": 2, ""6"": 4, ""7"": 8, ""8"": 8, ""9"": 12, ""10"": 4}"
2203,2203,True,,gemm\random\mappings\sample_2203_seed_2203.csv,5.124166639561076,326.77116632813,1.43564390700781,0,0.0001666346,0.0,109568.0,16384.0,1.9740130926403492,0.0017848670371128107,True,vec,16,"{""1"": 9, ""2"": 12, ""3"": 1, ""4"": 1, ""5"": 4, ""6"": 3, ""7"": 12, ""8"": 7, ""9"": 11, ""10"": 3}"
2204,2204,True,,gemm\random\mappings\sample_2204_seed_2204.csv,4.510846541274387,326.29029821276,1.402127274017988,0,0.000116811,0.0,96256.0,24576.0,1.1868676849831383,0.0015171528478970576,True,vec,16,"{""1"": 1, ""2"": 2, ""3"": 8, ""4"": 6, ""5"": 10, ""6"": 2, ""7"": 4, ""8"": 13, ""9"": 11, ""10"": 15}"
2205,2205,True,,gemm\random\mappings\sample_2205_seed_2205.csv,5.489528431695143,326.2902949065,1.4843860250667031,0,0.0001463089,0.0,140288.0,33792.0,1.8343582622495536,0.0016761504643081344,True,vec,16,"{""1"": 3, ""2"": 10, ""3"": 4, ""4"": 14, ""5"": 6, ""6"": 12, ""7"": 3, ""8"": 10, ""9"": 12, ""10"": 12}"
2206,2206,True,,gemm\random\mappings\sample_2206_seed_2206.csv,5.213802747908389,327.92796836954,1.5357570472047701,1,0.0001192247,0.335525375,109568.0,26624.0,1.9105336242808966,0.001538131591246269,True,vec,16,"{""1"": 14, ""2"": 13, ""3"": 4, ""4"": 12, ""5"": 7, ""6"": 14, ""7"": 7, ""8"": 9, ""9"": 4, ""10"": 14}"
2207,2207,True,,gemm\random\mappings\sample_2207_seed_2207.csv,4.56076237197072,326.60177437955,1.3132055887485914,0,0.0001466148,0.0,96256.0,16384.0,1.0345169609204523,0.0016763366739245703,True,vec,16,"{""1"": 8, ""2"": 10, ""3"": 7, ""4"": 12, ""5"": 4, ""6"": 2, ""7"": 0, ""8"": 13, ""9"": 2, ""10"": 9}"
2208,2208,True,,gemm\random\mappings\sample_2208_seed_2208.csv,6.141104328450812,327.68473164991,1.4195802682648715,2,0.0001662987,0.3863233333333375,112640.0,34816.0,2.278714540765721,0.0017876795637735996,True,vec,16,"{""1"": 3, ""2"": 6, ""3"": 0, ""4"": 6, ""5"": 14, ""6"": 1, ""7"": 5, ""8"": 6, ""9"": 2, ""10"": 3}"
2209,2209,True,,gemm\random\mappings\sample_2209_seed_2209.csv,4.44546105661698,326.37371673567,1.4303805293945966,0,0.0001168589,0.0,122880.0,17408.0,1.3392184090458243,0.0015178279943405652,True,vec,16,"{""1"": 2, ""2"": 14, ""3"": 13, ""4"": 7, ""5"": 4, ""6"": 1, ""7"": 11, ""8"": 7, ""9"": 8, ""10"": 11}"
2210,2210,True,,gemm\random\mappings\sample_2210_seed_2210.csv,5.437164537788409,326.5735340716,1.4673846201586502,0,0.0001665548,0.0,140288.0,20480.0,2.3168022217813924,0.0017831725438433965,True,vec,16,"{""1"": 3, ""2"": 11, ""3"": 12, ""4"": 9, ""5"": 11, ""6"": 3, ""7"": 11, ""8"": 5, ""9"": 14, ""10"": 7}"
2211,2211,True,,gemm\random\mappings\sample_2211_seed_2211.csv,6.319734960239562,328.22990307033,1.4968122304396883,2,0.0001678249,0.5490690208333312,171008.0,32768.0,1.6947034318587582,0.0018004558729471623,True,vec,16,"{""1"": 0, ""2"": 11, ""3"": 6, ""4"": 14, ""5"": 11, ""6"": 10, ""7"": 5, ""8"": 15, ""9"": 4, ""10"": 14}"
2212,2212,True,,gemm\random\mappings\sample_2212_seed_2212.csv,4.615228350977478,326.19610651241,1.3550919583422087,0,0.0001465849,0.0,80896.0,12288.0,2.2406268597500496,0.0016764273355707252,True,vec,16,"{""1"": 6, ""2"": 6, ""3"": 13, ""4"": 11, ""5"": 2, ""6"": 13, ""7"": 8, ""8"": 13, ""9"": 1, ""10"": 2}"
2213,2213,True,,gemm\random\mappings\sample_2213_seed_2213.csv,4.76653256253255,328.15619967825,1.740919752903677,1,0.0001201127,0.45257924999999993,80896.0,17408.0,0.9583415988891093,0.0015468784831705836,True,vec,16,"{""1"": 9, ""2"": 12, ""3"": 5, ""4"": 13, ""5"": 4, ""6"": 14, ""7"": 11, ""8"": 8, ""9"": 3, ""10"": 14}"
2214,2214,True,,gemm\random\mappings\sample_2214_seed_2214.csv,5.650025411462911,327.61418574477,1.324540844835085,1,0.0001666188,0.064192109375,129024.0,24576.0,2.202539178734378,0.00178573298299174,True,vec,16,"{""1"": 8, ""2"": 14, ""3"": 3, ""4"": 14, ""5"": 4, ""6"": 4, ""7"": 7, ""8"": 13, ""9"": 3, ""10"": 11}"
2215,2215,True,,gemm\random\mappings\sample_2215_seed_2215.csv,5.883888190435945,327.55264870568,1.4076769354086656,1,0.0001667127,0.14670916666666875,125952.0,32768.0,1.9232295179527872,0.0017865840432710175,True,vec,16,"{""1"": 7, ""2"": 6, ""3"": 13, ""4"": 13, ""5"": 14, ""6"": 2, ""7"": 11, ""8"": 11, ""9"": 12, ""10"": 14}"
2216,2216,True,,gemm\random\mappings\sample_2216_seed_2216.csv,5.509719609379807,326.88433212778,1.3173422181683736,0,0.0001665548,0.0,102400.0,33792.0,1.5931362824836341,0.0017831913268512875,True,vec,16,"{""1"": 10, ""2"": 5, ""3"": 13, ""4"": 5, ""5"": 4, ""6"": 14, ""7"": 11, ""8"": 8, ""9"": 7, ""10"": 11}"
2217,2217,True,,gemm\random\mappings\sample_2217_seed_2217.csv,5.3179759636111195,328.16643540565,1.7560099227950687,3,0.0001204848,0.6974977916666688,97280.0,25600.0,0.8059908748264233,0.0015534693882551457,True,vec,16,"{""1"": 5, ""2"": 8, ""3"": 3, ""4"": 6, ""5"": 2, ""6"": 13, ""7"": 10, ""8"": 11, ""9"": 7, ""10"": 4}"
2218,2218,True,,gemm\random\mappings\sample_2218_seed_2218.csv,5.331136553694677,326.05287825339,1.3732147821753966,0,0.0001665668,0.0,139264.0,18432.0,2.583415988891093,0.0017825769128143863,True,vec,16,"{""1"": 2, ""2"": 8, ""3"": 11, ""4"": 11, ""5"": 4, ""6"": 4, ""7"": 5, ""8"": 13, ""9"": 11, ""10"": 1}"
2219,2219,True,,gemm\random\mappings\sample_2219_seed_2219.csv,5.22541856472498,327.54280320069,1.6069038288272575,1,0.0001474546,0.09068187500000001,94208.0,24576.0,1.2884348343582623,0.0016854087960326734,True,vec,16,"{""1"": 2, ""2"": 7, ""3"": 5, ""4"": 9, ""5"": 1, ""6"": 0, ""7"": 0, ""8"": 12, ""9"": 4, ""10"": 1}"
2220,2220,True,,gemm\random\mappings\sample_2220_seed_2220.csv,5.333303277527765,327.78453125088,1.5252956983163724,1,0.0001181927,0.248025,131072.0,32768.0,1.4407855584209481,0.0015287286649581094,True,vec,16,"{""1"": 15, ""2"": 6, ""3"": 10, ""4"": 5, ""5"": 8, ""6"": 10, ""7"": 2, ""8"": 9, ""9"": 3, ""10"": 6}"
2221,2221,True,,gemm\random\mappings\sample_2221_seed_2221.csv,5.112527144757261,326.29027851536,1.44770151291699,0,0.0001466989,0.0,117760.0,24576.0,1.8724459432652252,0.001677999308886811,True,vec,16,"{""1"": 15, ""2"": 1, ""3"": 11, ""4"": 9, ""5"": 10, ""6"": 1, ""7"": 10, ""8"": 2, ""9"": 2, ""10"": 15}"
2222,2222,True,,gemm\random\mappings\sample_2222_seed_2222.csv,5.508537349818424,326.86918582423,1.3656159135190042,0,0.0001667767,0.0,106496.0,26624.0,2.431065264828407,0.001784895506830026,True,vec,16,"{""1"": 6, ""2"": 8, ""3"": 2, ""4"": 4, ""5"": 8, ""6"": 0, ""7"": 7, ""8"": 2, ""9"": 2, ""10"": 10}"
2223,2223,True,,gemm\random\mappings\sample_2223_seed_2223.csv,4.983147352180033,328.12991487992,1.6102899527521923,2,0.000118617,0.5331510416666687,117760.0,18432.0,0.9964292799047808,0.0015351761236230604,True,vec,16,"{""1"": 8, ""2"": 0, ""3"": 15, ""4"": 7, ""5"": 8, ""6"": 12, ""7"": 3, ""8"": 9, ""9"": 13, ""10"": 2}"
2224,2224,True,,gemm\random\mappings\sample_2224_seed_2224.csv,5.220946725471373,327.85005098386,1.6715450642268286,1,0.0001497349,0.183464375,84992.0,17408.0,1.9486213052965682,0.001704366524272363,True,vec,16,"{""1"": 5, ""2"": 1, ""3"": 12, ""4"": 0, ""5"": 6, ""6"": 0, ""7"": 0, ""8"": 4, ""9"": 13, ""10"": 13}"
2225,2225,True,,gemm\random\mappings\sample_2225_seed_2225.csv,5.765715197459464,329.12865578635,1.7641283304696598,4,0.0001228768,1.0330326413690667,94208.0,23552.0,1.8216623685776632,0.0015684800972404372,True,vec,16,"{""1"": 5, ""2"": 10, ""3"": 1, ""4"": 8, ""5"": 12, ""6"": 4, ""7"": 1, ""8"": 10, ""9"": 0, ""10"": 12}"
2226,2226,True,,gemm\random\mappings\sample_2226_seed_2226.csv,4.687244842703511,327.55600472261,1.5306453097656527,1,0.000117475,0.155189375,106496.0,13312.0,1.9105336242808966,0.0015237359270364552,True,vec,16,"{""1"": 2, ""2"": 2, ""3"": 11, ""4"": 8, ""5"": 10, ""6"": 8, ""7"": 7, ""8"": 11, ""9"": 12, ""10"": 7}"
2227,2227,True,,gemm\random\mappings\sample_2227_seed_2227.csv,5.042852784257924,326.50575735961,1.2467050466052179,0,0.0001665026,0.0,92160.0,20480.0,1.8597500495933346,0.0017820119245349178,True,vec,16,"{""1"": 8, ""2"": 11, ""3"": 11, ""4"": 0, ""5"": 8, ""6"": 4, ""7"": 9, ""8"": 3, ""9"": 9, ""10"": 5}"
2228,2228,True,,gemm\random\mappings\sample_2228_seed_2228.csv,4.511419706574836,327.21097254292,1.6492493096287006,1,0.000116811,0.012753958333333124,75776.0,18432.0,0.9964292799047808,0.0015188945813517057,True,vec,16,"{""1"": 9, ""2"": 8, ""3"": 9, ""4"": 0, ""5"": 14, ""6"": 11, ""7"": 7, ""8"": 4, ""9"": 10, ""10"": 15}"
2229,2229,True,,gemm\random\mappings\sample_2229_seed_2229.csv,4.69814989142293,326.95978243087,1.4089017872342826,0,0.0001168729,0.0,122880.0,26624.0,0.9583415988891093,0.001517790281704289,True,vec,16,"{""1"": 14, ""2"": 4, ""3"": 1, ""4"": 13, ""5"": 7, ""6"": 10, ""7"": 0, ""8"": 6, ""9"": 3, ""10"": 10}"
2230,2230,True,,gemm\random\mappings\sample_2230_seed_2230.csv,5.617228265584215,327.83755830427,1.4473860636002998,2,0.0001462006,0.27261903125000003,87040.0,27648.0,2.4056734774846262,0.001680960874973727,True,vec,16,"{""1"": 5, ""2"": 11, ""3"": 5, ""4"": 15, ""5"": 6, ""6"": 5, ""7"": 11, ""8"": 10, ""9"": 10, ""10"": 10}"
2231,2231,True,,gemm\random\mappings\sample_2231_seed_2231.csv,5.229037340932852,327.56097727696,1.6013336991534801,1,0.0001175607,0.142505625,122880.0,32768.0,1.1868676849831383,0.0015243923541965196,True,vec,16,"{""1"": 0, ""2"": 7, ""3"": 5, ""4"": 2, ""5"": 10, ""6"": 12, ""7"": 13, ""8"": 2, ""9"": 6, ""10"": 14}"
2232,2232,True,,gemm\random\mappings\sample_2232_seed_2232.csv,5.681521676537311,328.01322592232,1.8676135789596733,3,0.0001187226,0.5655969791666646,146432.0,24576.0,1.8216623685776632,0.0015410947659462671,True,vec,16,"{""1"": 1, ""2"": 11, ""3"": 8, ""4"": 10, ""5"": 14, ""6"": 13, ""7"": 14, ""8"": 15, ""9"": 8, ""10"": 11}"
2233,2233,True,,gemm\random\mappings\sample_2233_seed_2233.csv,5.7198083019077,328.73780165838,1.9619919123693659,4,0.0001236189,1.8084666607142876,105472.0,18432.0,1.0599087482642333,0.0015879938373882653,True,vec,16,"{""1"": 2, ""2"": 3, ""3"": 6, ""4"": 14, ""5"": 7, ""6"": 8, ""7"": 12, ""8"": 4, ""9"": 9, ""10"": 7}"
2234,2234,True,,gemm\random\mappings\sample_2234_seed_2234.csv,5.000913904755684,327.99754625288,1.6384462291105462,1,0.000118083558,0.110892,123904.0,20480.0,1.5931362824836341,0.0015303559663608483,True,vec,16,"{""1"": 2, ""2"": 3, ""3"": 12, ""4"": 1, ""5"": 11, ""6"": 12, ""7"": 6, ""8"": 14, ""9"": 8, ""10"": 12}"
2235,2235,True,,gemm\random\mappings\sample_2235_seed_2235.csv,4.5502389238592995,327.33392020863,1.6089856256109867,1,0.0001166067,0.04830788461538437,64512.0,18432.0,1.3773060900614957,0.0015184996648681802,True,vec,16,"{""1"": 8, ""2"": 9, ""3"": 4, ""4"": 6, ""5"": 8, ""6"": 3, ""7"": 4, ""8"": 1, ""9"": 10, ""10"": 5}"
2236,2236,True,,gemm\random\mappings\sample_2236_seed_2236.csv,4.432457364727189,326.66551275837,1.3613031840574068,0,0.0001464886,0.0,55296.0,13312.0,1.4788732394366197,0.0016758415166064195,True,vec,16,"{""1"": 5, ""2"": 5, ""3"": 9, ""4"": 4, ""5"": 2, ""6"": 14, ""7"": 1, ""8"": 6, ""9"": 6, ""10"": 2}"
2237,2237,True,,gemm\random\mappings\sample_2237_seed_2237.csv,5.8616218260170285,327.61770460998,1.5242162181173395,1,0.0001667589,0.194661875,107520.0,34816.0,1.5169609204522911,0.0017901951154701836,True,vec,16,"{""1"": 1, ""2"": 2, ""3"": 10, ""4"": 3, ""5"": 10, ""6"": 6, ""7"": 15, ""8"": 9, ""9"": 12, ""10"": 1}"
2238,2238,True,,gemm\random\mappings\sample_2238_seed_2238.csv,4.822436850821625,327.55677819005,1.4044488353805047,1,0.0001464408,0.162594625,93184.0,16384.0,1.0345169609204523,0.0016795749550542775,True,vec,16,"{""1"": 6, ""2"": 3, ""3"": 4, ""4"": 7, ""5"": 13, ""6"": 11, ""7"": 9, ""8"": 11, ""9"": 8, ""10"": 2}"
2239,2239,True,,gemm\random\mappings\sample_2239_seed_2239.csv,5.989657896591196,328.16562236929,1.695400282964697,2,0.0001469067,0.61684675,150528.0,32768.0,1.1868676849831383,0.001694422758446798,True,vec,16,"{""1"": 8, ""2"": 3, ""3"": 7, ""4"": 1, ""5"": 10, ""6"": 13, ""7"": 13, ""8"": 15, ""9"": 11, ""10"": 15}"
2240,2240,True,,gemm\random\mappings\sample_2240_seed_2240.csv,5.556279079078511,327.92269266628,1.4669112572460785,2,0.0001666148,0.39009541666666875,93184.0,20480.0,1.7454870065463202,0.0017908792969636524,True,vec,16,"{""1"": 9, ""2"": 11, ""3"": 11, ""4"": 12, ""5"": 13, ""6"": 2, ""7"": 2, ""8"": 4, ""9"": 0, ""10"": 9}"
2241,2241,True,,gemm\random\mappings\sample_2241_seed_2241.csv,5.112217494814846,327.71862676156,1.5367702131398235,1,0.0001463086,0.1866653846153875,105472.0,18432.0,1.4788732394366197,0.0016813325017835566,True,vec,16,"{""1"": 15, ""2"": 15, ""3"": 11, ""4"": 6, ""5"": 4, ""6"": 2, ""7"": 8, ""8"": 8, ""9"": 1, ""10"": 4}"
2242,2242,True,,gemm\random\mappings\sample_2242_seed_2242.csv,5.065040585684116,326.66860802699,1.357916630723507,0,0.0001663428,0.0,67584.0,20480.0,2.0882761356873636,0.0017818722477412658,True,vec,16,"{""1"": 9, ""2"": 13, ""3"": 8, ""4"": 7, ""5"": 8, ""6"": 13, ""7"": 9, ""8"": 2, ""9"": 1, ""10"": 1}"
2243,2243,True,,gemm\random\mappings\sample_2243_seed_2243.csv,6.096404148220407,328.14823567272,1.6290409572416042,1,0.0001699588,0.2090493125,105472.0,35840.0,1.8216623685776632,0.001812973117278135,True,vec,16,"{""1"": 14, ""2"": 1, ""3"": 12, ""4"": 12, ""5"": 13, ""6"": 13, ""7"": 5, ""8"": 15, ""9"": 4, ""10"": 9}"
2244,2244,True,,gemm\random\mappings\sample_2244_seed_2244.csv,4.9497590447773465,326.80787585416,1.5719337301775598,0,0.0001168568,0.0,121856.0,27648.0,1.7073993255306488,0.0015187671709419545,True,vec,16,"{""1"": 2, ""2"": 4, ""3"": 8, ""4"": 2, ""5"": 13, ""6"": 13, ""7"": 14, ""8"": 1, ""9"": 11, ""10"": 2}"
2245,2245,True,,gemm\random\mappings\sample_2245_seed_2245.csv,5.411971280359226,329.12407318478,1.8234047743066657,2,0.0001237987,0.9498823618421051,78848.0,19456.0,1.8724459432652252,0.0015780916797765664,True,vec,16,"{""1"": 4, ""2"": 13, ""3"": 4, ""4"": 0, ""5"": 1, ""6"": 4, ""7"": 7, ""8"": 8, ""9"": 13, ""10"": 5}"
2246,2246,True,,gemm\random\mappings\sample_2246_seed_2246.csv,5.636104205061288,326.13969836558,1.4362902024356072,0,0.0001667406,0.0,150528.0,26624.0,2.431065264828407,0.0017841389089057926,True,vec,16,"{""1"": 1, ""2"": 8, ""3"": 15, ""4"": 15, ""5"": 2, ""6"": 2, ""7"": 6, ""8"": 0, ""9"": 2, ""10"": 4}"
2247,2247,True,,gemm\random\mappings\sample_2247_seed_2247.csv,5.800150523770033,326.89318529778,1.419548537449496,0,0.0001667789,0.0,166912.0,33792.0,1.5550486014679628,0.0017858385217660079,True,vec,16,"{""1"": 0, ""2"": 6, ""3"": 10, ""4"": 10, ""5"": 11, ""6"": 5, ""7"": 9, ""8"": 8, ""9"": 0, ""10"": 15}"
2248,2248,True,,gemm\random\mappings\sample_2248_seed_2248.csv,4.681315722509131,326.56916785029,1.2941705411765367,0,0.0001466347,0.0,103424.0,18432.0,1.2249553659988097,0.0016764690891201987,True,vec,16,"{""1"": 9, ""2"": 0, ""3"": 2, ""4"": 15, ""5"": 9, ""6"": 12, ""7"": 6, ""8"": 6, ""9"": 7, ""10"": 11}"
2249,2249,True,,gemm\random\mappings\sample_2249_seed_2249.csv,5.188559935270248,326.07681376124,1.3680461710450258,0,0.0001667449,0.0,95232.0,25600.0,1.6693116445149772,0.0017832491746383964,True,vec,16,"{""1"": 10, ""2"": 4, ""3"": 15, ""4"": 4, ""5"": 9, ""6"": 1, ""7"": 14, ""8"": 8, ""9"": 1, ""10"": 2}"
2250,2250,True,,gemm\random\mappings\sample_2250_seed_2250.csv,6.110353325418839,328.60538032074,1.7015171927906767,2,0.0001487209,0.89723825,110592.0,35840.0,1.4026978774052767,0.0017099891257849077,True,vec,16,"{""1"": 15, ""2"": 14, ""3"": 12, ""4"": 8, ""5"": 9, ""6"": 15, ""7"": 4, ""8"": 4, ""9"": 10, ""10"": 14}"
2251,2251,True,,gemm\random\mappings\sample_2251_seed_2251.csv,4.6572155640013,326.66995219415,1.4223485652587713,0,0.0001167888,0.0,105472.0,26624.0,1.1868676849831383,0.0015171814972084346,True,vec,16,"{""1"": 1, ""2"": 2, ""3"": 9, ""4"": 14, ""5"": 6, ""6"": 9, ""7"": 5, ""8"": 7, ""9"": 15, ""10"": 4}"
2252,2252,True,,gemm\random\mappings\sample_2252_seed_2252.csv,5.442301863310062,325.70555342483,1.2257118069047328,0,0.0001665046,0.0,95232.0,32768.0,2.304106328109502,0.0017808118147745286,True,vec,16,"{""1"": 4, ""2"": 10, ""3"": 6, ""4"": 9, ""5"": 9, ""6"": 2, ""7"": 11, ""8"": 2, ""9"": 10, ""10"": 6}"
2253,2253,True,,gemm\random\mappings\sample_2253_seed_2253.csv,5.738107543881584,327.9366372304,1.7897614110587392,4,0.0001466829,0.8143394619963438,99328.0,20480.0,1.4788732394366197,0.0016978582598708456,True,vec,16,"{""1"": 14, ""2"": 15, ""3"": 14, ""4"": 1, ""5"": 13, ""6"": 4, ""7"": 0, ""8"": 8, ""9"": 8, ""10"": 15}"
2254,2254,True,,gemm\random\mappings\sample_2254_seed_2254.csv,5.344422143666427,329.28914878299,1.7530748587056884,3,0.0001244547,1.2069522499999998,71680.0,18432.0,1.1487800039674667,0.0015863111843707723,True,vec,16,"{""1"": 5, ""2"": 0, ""3"": 1, ""4"": 4, ""5"": 6, ""6"": 8, ""7"": 14, ""8"": 3, ""9"": 5, ""10"": 5}"
2255,2255,True,,gemm\random\mappings\sample_2255_seed_2255.csv,5.124293092150396,328.29514625322,1.6616815240256877,2,0.0001190669,0.35507481770833127,126976.0,19456.0,1.3011307280301527,0.0015400038520369521,True,vec,16,"{""1"": 0, ""2"": 4, ""3"": 12, ""4"": 10, ""5"": 3, ""6"": 12, ""7"": 13, ""8"": 0, ""9"": 9, ""10"": 11}"
2256,2256,True,,gemm\random\mappings\sample_2256_seed_2256.csv,5.374274729043679,326.6671160367,1.3084453693750602,0,0.0001666669,0.0,126976.0,25600.0,1.8216623685776632,0.0017838697277737154,True,vec,16,"{""1"": 3, ""2"": 8, ""3"": 5, ""4"": 7, ""5"": 5, ""6"": 11, ""7"": 1, ""8"": 4, ""9"": 4, ""10"": 11}"
2257,2257,True,,gemm\random\mappings\sample_2257_seed_2257.csv,5.37749529048831,328.24758616175,1.7305993597245999,2,0.0001201927,0.606202875,120832.0,27648.0,0.9583415988891093,0.0015505592806298884,True,vec,16,"{""1"": 1, ""2"": 3, ""3"": 7, ""4"": 6, ""5"": 8, ""6"": 0, ""7"": 9, ""8"": 12, ""9"": 2, ""10"": 2}"
2258,2258,True,,gemm\random\mappings\sample_2258_seed_2258.csv,4.915748139566726,327.110101602,1.5997022103670864,0,0.0001466131,0.0,114688.0,10240.0,2.3675857964689544,0.0016787772242318527,True,vec,16,"{""1"": 2, ""2"": 13, ""3"": 10, ""4"": 15, ""5"": 2, ""6"": 15, ""7"": 7, ""8"": 15, ""9"": 10, ""10"": 0}"
2259,2259,True,,gemm\random\mappings\sample_2259_seed_2259.csv,6.098841589763996,328.23540651446,1.6367279864636572,2,0.0001464728,0.681386375,168960.0,32768.0,1.4153937710771671,0.0016929577028643322,True,vec,16,"{""1"": 3, ""2"": 8, ""3"": 6, ""4"": 12, ""5"": 9, ""6"": 10, ""7"": 7, ""8"": 7, ""9"": 6, ""10"": 14}"
2260,2260,True,,gemm\random\mappings\sample_2260_seed_2260.csv,5.109945854950219,326.89210583466,1.4331793267832824,0,0.0001465366,0.0,114688.0,25600.0,1.5296568141241818,0.001676979501429108,True,vec,16,"{""1"": 8, ""2"": 2, ""3"": 1, ""4"": 10, ""5"": 4, ""6"": 13, ""7"": 8, ""8"": 13, ""9"": 2, ""10"": 14}"
2261,2261,True,,gemm\random\mappings\sample_2261_seed_2261.csv,5.568401058600933,328.16498164105,1.493411824321085,2,0.0001465368,0.5400482812499999,109568.0,25600.0,1.5296568141241818,0.0016898980464318447,True,vec,16,"{""1"": 9, ""2"": 6, ""3"": 3, ""4"": 13, ""5"": 2, ""6"": 4, ""7"": 2, ""8"": 4, ""9"": 9, ""10"": 10}"
2262,2262,True,,gemm\random\mappings\sample_2262_seed_2262.csv,5.950012646308947,327.83053867772,1.5770097583590301,1,0.0001666129,0.295113125,125952.0,27648.0,2.3168022217813924,0.0017908362384011348,True,vec,16,"{""1"": 6, ""2"": 8, ""3"": 12, ""4"": 8, ""5"": 14, ""6"": 6, ""7"": 8, ""8"": 13, ""9"": 10, ""10"": 0}"
2263,2263,True,,gemm\random\mappings\sample_2263_seed_2263.csv,5.483793002618851,328.15852609105,1.3869655336833373,2,0.0001669368,0.45317786231884255,99328.0,12288.0,2.4564570521721882,0.0017928017756776197,True,vec,16,"{""1"": 1, ""2"": 14, ""3"": 8, ""4"": 1, ""5"": 1, ""6"": 0, ""7"": 5, ""8"": 11, ""9"": 8, ""10"": 14}"
2264,2264,True,,gemm\random\mappings\sample_2264_seed_2264.csv,4.727197546863577,326.96140909203,1.5902593529600524,0,0.000116789,0.0,96256.0,26624.0,1.1741717913112477,0.0015183090577593227,True,vec,16,"{""1"": 1, ""2"": 0, ""3"": 3, ""4"": 10, ""5"": 6, ""6"": 13, ""7"": 1, ""8"": 11, ""9"": 7, ""10"": 0}"
2265,2265,True,,gemm\random\mappings\sample_2265_seed_2265.csv,5.418643930915058,326.7450698259,1.5017583763037463,0,0.0001664688,0.0,111616.0,26624.0,1.7073993255306488,0.001784335149005807,True,vec,16,"{""1"": 1, ""2"": 13, ""3"": 9, ""4"": 8, ""5"": 9, ""6"": 12, ""7"": 11, ""8"": 1, ""9"": 15, ""10"": 12}"
2266,2266,True,,gemm\random\mappings\sample_2266_seed_2266.csv,5.693160370678849,328.37710827274,1.982216763555099,3,0.0001209727,0.7415391875,82944.0,26624.0,1.9740130926403492,0.0015635803418295208,True,vec,16,"{""1"": 1, ""2"": 8, ""3"": 4, ""4"": 2, ""5"": 0, ""6"": 12, ""7"": 7, ""8"": 0, ""9"": 8, ""10"": 0}"
2267,2267,True,,gemm\random\mappings\sample_2267_seed_2267.csv,5.319232913146265,328.15502338948,1.493750772659926,1,0.0001463266,0.44120425,92160.0,24576.0,1.4153937710771671,0.0016856083810654447,True,vec,16,"{""1"": 6, ""2"": 9, ""3"": 2, ""4"": 0, ""5"": 4, ""6"": 3, ""7"": 5, ""8"": 5, ""9"": 9, ""10"": 1}"
2268,2268,True,,gemm\random\mappings\sample_2268_seed_2268.csv,7.2363534623272585,327.53457914372,1.6018462370209272,1,0.0002164286,0.0834926136363625,90112.0,32768.0,5.757389406863718,0.002056657831869192,True,vec,16,"{""1"": 5, ""2"": 8, ""3"": 12, ""4"": 8, ""5"": 8, ""6"": 12, ""7"": 15, ""8"": 8, ""9"": 12, ""10"": 8}"
2269,2269,True,,gemm\random\mappings\sample_2269_seed_2269.csv,4.986475228630951,327.46770936321,1.541277944839675,1,0.0001472027,0.06386697916666875,103424.0,16384.0,1.4153937710771671,0.0016830433540625414,True,vec,16,"{""1"": 9, ""2"": 14, ""3"": 0, ""4"": 5, ""5"": 12, ""6"": 5, ""7"": 11, ""8"": 15, ""9"": 15, ""10"": 7}"
2270,2270,True,,gemm\random\mappings\sample_2270_seed_2270.csv,5.882540343858902,329.28525029054,1.8646539457155373,3,0.0001237871,0.6953816319444438,103424.0,27648.0,2.062884348343583,0.0015801031945722069,True,vec,16,"{""1"": 8, ""2"": 11, ""3"": 5, ""4"": 13, ""5"": 12, ""6"": 8, ""7"": 12, ""8"": 5, ""9"": 13, ""10"": 3}"
2271,2271,True,,gemm\random\mappings\sample_2271_seed_2271.csv,5.446118641457488,326.06462413025,1.2729455256458475,0,0.0001665009,0.0,117760.0,28672.0,2.2406268597500496,0.0017822792318201396,True,vec,16,"{""1"": 13, ""2"": 11, ""3"": 11, ""4"": 2, ""5"": 13, ""6"": 9, ""7"": 14, ""8"": 14, ""9"": 2, ""10"": 4}"
2272,2272,True,,gemm\random\mappings\sample_2272_seed_2272.csv,5.5598564066877705,327.33389674276,1.5291192908761149,1,0.0001465809,0.062648,122880.0,32768.0,1.4915691331085101,0.0016793682580309769,True,vec,16,"{""1"": 8, ""2"": 5, ""3"": 10, ""4"": 1, ""5"": 2, ""6"": 13, ""7"": 15, ""8"": 2, ""9"": 15, ""10"": 8}"
2273,2273,True,,gemm\random\mappings\sample_2273_seed_2273.csv,5.098947485091488,326.52810943179,1.445282794618273,0,0.000146603,0.0,109568.0,27648.0,1.4153937710771671,0.0016774140040589135,True,vec,16,"{""1"": 3, ""2"": 2, ""3"": 14, ""4"": 7, ""5"": 5, ""6"": 0, ""7"": 2, ""8"": 9, ""9"": 0, ""10"": 11}"
2274,2274,True,,gemm\random\mappings\sample_2274_seed_2274.csv,5.248000467896552,327.24752036341,1.5168900666837133,1,0.0001170008,0.01048578125,141312.0,32768.0,1.4407855584209481,0.0015196703038498184,True,vec,16,"{""1"": 0, ""2"": 14, ""3"": 2, ""4"": 5, ""5"": 7, ""6"": 4, ""7"": 10, ""8"": 13, ""9"": 14, ""10"": 2}"
2275,2275,True,,gemm\random\mappings\sample_2275_seed_2275.csv,4.294754445613006,326.87491197534,1.5331294080859355,0,0.0001168888,0.0,96256.0,16384.0,0.8059908748264233,0.0015186899924437484,True,vec,16,"{""1"": 11, ""2"": 15, ""3"": 13, ""4"": 7, ""5"": 8, ""6"": 4, ""7"": 12, ""8"": 6, ""9"": 1, ""10"": 10}"
2276,2276,True,,gemm\random\mappings\sample_2276_seed_2276.csv,4.863358381165659,327.56462058493,1.740240461272495,2,0.0001178508,0.15779529166666875,92160.0,18432.0,1.3011307280301527,0.0015281451188292703,True,vec,16,"{""1"": 12, ""2"": 5, ""3"": 4, ""4"": 14, ""5"": 8, ""6"": 2, ""7"": 12, ""8"": 6, ""9"": 8, ""10"": 15}"
2277,2277,True,,gemm\random\mappings\sample_2277_seed_2277.csv,5.804220071089395,327.52340600809,1.7077469079196026,2,0.0001672488,0.17030937499999999,118784.0,18432.0,2.583415988891093,0.0017935660978980147,True,vec,16,"{""1"": 11, ""2"": 3, ""3"": 13, ""4"": 3, ""5"": 2, ""6"": 4, ""7"": 3, ""8"": 2, ""9"": 0, ""10"": 10}"
2278,2278,True,,gemm\random\mappings\sample_2278_seed_2278.csv,5.629478784630061,329.12688982505,1.7281213948788923,3,0.0001469287,1.0035586644736845,72704.0,17408.0,1.7200952192025392,0.0017029159960506518,True,vec,16,"{""1"": 4, ""2"": 0, ""3"": 4, ""4"": 1, ""5"": 7, ""6"": 8, ""7"": 4, ""8"": 8, ""9"": 15, ""10"": 10}"
2279,2279,True,,gemm\random\mappings\sample_2279_seed_2279.csv,6.009057686331688,328.22378672964,1.5985828220208005,2,0.0001701448,0.29196500000000003,98304.0,29696.0,1.8978377306090062,0.0018165402120399838,True,vec,16,"{""1"": 14, ""2"": 12, ""3"": 12, ""4"": 7, ""5"": 13, ""6"": 11, ""7"": 2, ""8"": 9, ""9"": 13, ""10"": 14}"
2280,2280,True,,gemm\random\mappings\sample_2280_seed_2280.csv,4.796139987845241,326.80761272175,1.504450750811673,0,0.0001168049,0.0,128000.0,26624.0,1.1868676849831383,0.001518214998996489,True,vec,16,"{""1"": 11, ""2"": 6, ""3"": 0, ""4"": 3, ""5"": 9, ""6"": 15, ""7"": 8, ""8"": 10, ""9"": 3, ""10"": 4}"
2281,2281,True,,gemm\random\mappings\sample_2281_seed_2281.csv,5.58544419247741,326.50690996939,1.5521737167860425,0,0.0001665986,0.0,121856.0,24576.0,2.583415988891093,0.0017843187244966638,True,vec,16,"{""1"": 10, ""2"": 3, ""3"": 15, ""4"": 1, ""5"": 3, ""6"": 3, ""7"": 1, ""8"": 5, ""9"": 14, ""10"": 13}"
2282,2282,True,,gemm\random\mappings\sample_2282_seed_2282.csv,4.447924169541423,326.67111808292,1.5535330649715282,0,0.0001168048,0.0,117760.0,16384.0,1.1868676849831383,0.0015182906072066726,True,vec,16,"{""1"": 5, ""2"": 1, ""3"": 13, ""4"": 3, ""5"": 15, ""6"": 2, ""7"": 1, ""8"": 12, ""9"": 9, ""10"": 0}"
2283,2283,True,,gemm\random\mappings\sample_2283_seed_2283.csv,4.587268757028655,327.03714218365,1.711850608086426,0,0.0001170168,0.0,101376.0,18432.0,1.3011307280301527,0.001520812001822795,True,vec,16,"{""1"": 2, ""2"": 14, ""3"": 11, ""4"": 3, ""5"": 10, ""6"": 7, ""7"": 0, ""8"": 2, ""9"": 14, ""10"": 6}"
2284,2284,True,,gemm\random\mappings\sample_2284_seed_2284.csv,5.326325544321387,327.5308304598,1.6637615794291287,2,0.0001468147,0.16709029166666875,91136.0,24576.0,1.1868676849831383,0.0016827283344606554,True,vec,16,"{""1"": 11, ""2"": 10, ""3"": 15, ""4"": 13, ""5"": 6, ""6"": 0, ""7"": 3, ""8"": 3, ""9"": 1, ""10"": 1}"
2285,2285,True,,gemm\random\mappings\sample_2285_seed_2285.csv,5.344395633025014,325.18702984632,1.224140307703409,0,0.0001662767,0.0,59392.0,31744.0,2.888117437016465,0.0017790623370611937,True,vec,16,"{""1"": 9, ""2"": 2, ""3"": 9, ""4"": 10, ""5"": 10, ""6"": 6, ""7"": 10, ""8"": 8, ""9"": 9, ""10"": 4}"
2286,2286,True,,gemm\random\mappings\sample_2286_seed_2286.csv,5.362470582062493,326.43853547476,1.3394185575094544,0,0.0001666147,0.0,139264.0,25600.0,1.5931362824836341,0.0017835008483446074,True,vec,16,"{""1"": 12, ""2"": 4, ""3"": 11, ""4"": 11, ""5"": 10, ""6"": 13, ""7"": 0, ""8"": 15, ""9"": 2, ""10"": 13}"
2287,2287,True,,gemm\random\mappings\sample_2287_seed_2287.csv,5.311957351933253,327.53042818525,1.6160114777016164,1,0.0001461667,0.149013375,113664.0,24576.0,1.3392184090458243,0.001679469450487204,True,vec,16,"{""1"": 4, ""2"": 5, ""3"": 15, ""4"": 11, ""5"": 0, ""6"": 13, ""7"": 10, ""8"": 14, ""9"": 13, ""10"": 13}"
2288,2288,True,,gemm\random\mappings\sample_2288_seed_2288.csv,4.855131768587854,326.24311331069,1.3673484112726526,0,0.0001167428,0.0,110592.0,33792.0,1.3011307280301527,0.00151665513932552,True,vec,16,"{""1"": 11, ""2"": 2, ""3"": 4, ""4"": 9, ""5"": 14, ""6"": 10, ""7"": 0, ""8"": 9, ""9"": 11, ""10"": 1}"
2289,2289,True,,gemm\random\mappings\sample_2289_seed_2289.csv,4.863624400543504,327.62633047016,1.4970724462943128,1,0.0001173849,0.19024041666666874,115712.0,24576.0,0.9583415988891093,0.0015233208852034775,True,vec,16,"{""1"": 13, ""2"": 6, ""3"": 14, ""4"": 8, ""5"": 3, ""6"": 2, ""7"": 15, ""8"": 11, ""9"": 5, ""10"": 2}"
2290,2290,True,,gemm\random\mappings\sample_2290_seed_2290.csv,4.779548628495649,327.04619610519,1.7529171076282222,0,0.0001168587,0.0,103424.0,24576.0,1.1868676849831383,0.0015203911455770355,True,vec,16,"{""1"": 7, ""2"": 4, ""3"": 3, ""4"": 1, ""5"": 5, ""6"": 8, ""7"": 0, ""8"": 3, ""9"": 13, ""10"": 11}"
2291,2291,True,,gemm\random\mappings\sample_2291_seed_2291.csv,5.1783067348894365,327.62500119379,1.6152299495414977,1,0.0001466029,0.19272575,101376.0,20480.0,1.4153937710771671,0.0016829086791872528,True,vec,16,"{""1"": 2, ""2"": 3, ""3"": 15, ""4"": 1, ""5"": 14, ""6"": 0, ""7"": 13, ""8"": 0, ""9"": 14, ""10"": 7}"
2292,2292,True,,gemm\random\mappings\sample_2292_seed_2292.csv,4.885786331584001,326.60299385393,1.338453914192701,0,0.0001466648,0.0,101376.0,20480.0,1.7962705812338822,0.0016769343784097297,True,vec,16,"{""1"": 9, ""2"": 6, ""3"": 0, ""4"": 8, ""5"": 11, ""6"": 8, ""7"": 7, ""8"": 4, ""9"": 8, ""10"": 14}"
2293,2293,True,,gemm\random\mappings\sample_2293_seed_2293.csv,5.51356968539679,327.93476442282,1.4643567418814303,2,0.0001681288,0.09608335416666666,111616.0,20480.0,1.4407855584209481,0.0017968456050637383,True,vec,16,"{""1"": 14, ""2"": 12, ""3"": 6, ""4"": 12, ""5"": 3, ""6"": 13, ""7"": 10, ""8"": 11, ""9"": 5, ""10"": 2}"
2294,2294,True,,gemm\random\mappings\sample_2294_seed_2294.csv,5.195596694174956,327.84744208022,1.6778779129663013,1,0.000118223,0.11296125000000001,138240.0,27648.0,1.1868676849831383,0.0015310513695007747,True,vec,16,"{""1"": 7, ""2"": 15, ""3"": 12, ""4"": 5, ""5"": 9, ""6"": 14, ""7"": 6, ""8"": 15, ""9"": 3, ""10"": 1}"
2295,2295,True,,gemm\random\mappings\sample_2295_seed_2295.csv,4.874436543785282,327.52660283697,1.6561014985096836,1,0.0001179567,0.09303132812499999,122880.0,16384.0,1.8216623685776632,0.0015284019252623567,True,vec,16,"{""1"": 8, ""2"": 12, ""3"": 2, ""4"": 4, ""5"": 3, ""6"": 4, ""7"": 3, ""8"": 6, ""9"": 14, ""10"": 12}"
2296,2296,True,,gemm\random\mappings\sample_2296_seed_2296.csv,6.214629479795752,327.92986129575,1.5864578887146297,3,0.0001665667,0.474676277777775,180224.0,26624.0,1.5550486014679628,0.0017941622526977923,True,vec,16,"{""1"": 15, ""2"": 0, ""3"": 4, ""4"": 4, ""5"": 7, ""6"": 13, ""7"": 14, ""8"": 12, ""9"": 15, ""10"": 9}"
2297,2297,True,,gemm\random\mappings\sample_2297_seed_2297.csv,5.823420091747596,327.39916670424,1.4922469778161382,2,0.0001666027,0.10535099999999999,134144.0,27648.0,1.7073993255306488,0.0017874121391883062,True,vec,16,"{""1"": 14, ""2"": 7, ""3"": 3, ""4"": 7, ""5"": 8, ""6"": 11, ""7"": 10, ""8"": 14, ""9"": 1, ""10"": 11}"
2298,2298,True,,gemm\random\mappings\sample_2298_seed_2298.csv,4.940616343113804,326.74099045256,1.3518513823451899,0,0.0001664529,0.0,95232.0,17408.0,1.4407855584209481,0.0017828590547788734,True,vec,16,"{""1"": 9, ""2"": 13, ""3"": 7, ""4"": 13, ""5"": 6, ""6"": 4, ""7"": 8, ""8"": 11, ""9"": 3, ""10"": 12}"
2299,2299,True,,gemm\random\mappings\sample_2299_seed_2299.csv,4.515892985531238,326.67743711352,1.4311237888101342,0,0.0001168067,0.0,105472.0,24576.0,0.8059908748264233,0.0015173840696779438,True,vec,16,"{""1"": 4, ""2"": 14, ""3"": 5, ""4"": 7, ""5"": 0, ""6"": 8, ""7"": 3, ""8"": 6, ""9"": 9, ""10"": 13}"
2300,2300,True,,gemm\random\mappings\sample_2300_seed_2300.csv,5.158218158104255,326.58276232184,1.3602572971261502,0,0.0001464066,0.0,114688.0,32768.0,1.0345169609204523,0.0016757532856447109,True,vec,16,"{""1"": 15, ""2"": 13, ""3"": 9, ""4"": 10, ""5"": 2, ""6"": 6, ""7"": 4, ""8"": 3, ""9"": 6, ""10"": 5}"
2301,2301,True,,gemm\random\mappings\sample_2301_seed_2301.csv,5.583877124071407,327.03484437368,1.2808624196797345,0,0.0001666988,0.0,109568.0,33792.0,1.8089664749057726,0.001783922774688767,True,vec,16,"{""1"": 9, ""2"": 7, ""3"": 14, ""4"": 6, ""5"": 6, ""6"": 13, ""7"": 3, ""8"": 1, ""9"": 9, ""10"": 7}"
2302,2302,True,,gemm\random\mappings\sample_2302_seed_2302.csv,5.38493639073734,327.85132123562,1.6397904766920293,3,0.0001178369,0.30875270833333335,130048.0,27648.0,1.1868676849831383,0.001528728571134298,True,vec,16,"{""1"": 2, ""2"": 1, ""3"": 10, ""4"": 9, ""5"": 12, ""6"": 7, ""7"": 3, ""8"": 15, ""9"": 10, ""10"": 4}"
2303,2303,True,,gemm\random\mappings\sample_2303_seed_2303.csv,5.33021580231144,327.5594424125,1.7900461798989242,1,0.0001183069,0.1603715,144384.0,32768.0,0.8059908748264233,0.0015318848979740123,True,vec,16,"{""1"": 3, ""2"": 1, ""3"": 8, ""4"": 2, ""5"": 12, ""6"": 9, ""7"": 4, ""8"": 6, ""9"": 5, ""10"": 15}"
2304,2304,True,,gemm\random\mappings\sample_2304_seed_2304.csv,4.589782929191507,327.56328725136,1.5282538866552535,1,0.0001177666,0.165532875,94208.0,18432.0,0.9202539178734378,0.0015267097704045186,True,vec,16,"{""1"": 10, ""2"": 14, ""3"": 15, ""4"": 1, ""5"": 5, ""6"": 2, ""7"": 13, ""8"": 7, ""9"": 10, ""10"": 9}"
2305,2305,True,,gemm\random\mappings\sample_2305_seed_2305.csv,4.954779616497518,327.99208479007,1.6619463903917675,2,0.0001198168,0.5686020833333312,114688.0,16384.0,1.0599087482642333,0.0015456286845833692,True,vec,16,"{""1"": 5, ""2"": 12, ""3"": 8, ""4"": 14, ""5"": 1, ""6"": 2, ""7"": 3, ""8"": 9, ""9"": 10, ""10"": 14}"
2306,2306,True,,gemm\random\mappings\sample_2306_seed_2306.csv,5.651113600811013,327.56623818782,1.5918568125761603,1,0.0001470328,0.17030046875,152576.0,24576.0,2.177147391390597,0.0016870745650957473,True,vec,16,"{""1"": 15, ""2"": 3, ""3"": 2, ""4"": 9, ""5"": 8, ""6"": 2, ""7"": 13, ""8"": 3, ""9"": 2, ""10"": 14}"
2307,2307,True,,gemm\random\mappings\sample_2307_seed_2307.csv,4.637047468306578,327.29814317564,1.644591688264473,1,0.0001170228,0.036460375,66560.0,20480.0,1.3773060900614957,0.001520870298510236,True,vec,16,"{""1"": 9, ""2"": 15, ""3"": 10, ""4"": 13, ""5"": 9, ""6"": 12, ""7"": 10, ""8"": 1, ""9"": 11, ""10"": 5}"
2308,2308,True,,gemm\random\mappings\sample_2308_seed_2308.csv,5.201090699434445,327.45978470682,1.445890909103205,1,0.0001463888,0.1154345,125952.0,24576.0,1.0345169609204523,0.0016790905487195206,True,vec,16,"{""1"": 14, ""2"": 1, ""3"": 2, ""4"": 9, ""5"": 5, ""6"": 10, ""7"": 7, ""8"": 10, ""9"": 4, ""10"": 12}"
2309,2309,True,,gemm\random\mappings\sample_2309_seed_2309.csv,5.532192067093423,329.05558779186,1.6035538410752217,1,0.0001207048,0.825491875,99328.0,29696.0,1.8724459432652252,0.0015498731533075808,True,vec,16,"{""1"": 8, ""2"": 11, ""3"": 8, ""4"": 5, ""5"": 7, ""6"": 12, ""7"": 13, ""8"": 8, ""9"": 7, ""10"": 10}"
2310,2310,True,,gemm\random\mappings\sample_2310_seed_2310.csv,5.331030750243775,328.06760913423,1.7932286963181043,2,0.0001195928,0.392671328125,101376.0,24576.0,1.7200952192025392,0.0015485770160555729,True,vec,16,"{""1"": 9, ""2"": 13, ""3"": 12, ""4"": 4, ""5"": 0, ""6"": 0, ""7"": 10, ""8"": 7, ""9"": 12, ""10"": 10}"
2311,2311,True,,gemm\random\mappings\sample_2311_seed_2311.csv,4.691711500059596,326.96141430911,1.3680407271555923,0,0.0001466327,0.0,83968.0,16384.0,1.5677444951398531,0.0016768331562772645,True,vec,16,"{""1"": 4, ""2"": 12, ""3"": 9, ""4"": 10, ""5"": 0, ""6"": 5, ""7"": 5, ""8"": 10, ""9"": 2, ""10"": 2}"
2312,2312,True,,gemm\random\mappings\sample_2312_seed_2312.csv,4.74456065146404,326.87401471128,1.4955784019044949,0,0.0001169829,0.0,151552.0,24576.0,0.8059908748264233,0.0015192155234627683,True,vec,16,"{""1"": 15, ""2"": 0, ""3"": 8, ""4"": 3, ""5"": 10, ""6"": 12, ""7"": 4, ""8"": 11, ""9"": 14, ""10"": 1}"
2313,2313,True,,gemm\random\mappings\sample_2313_seed_2313.csv,5.1368300525357595,327.5330543359,1.6385207723930322,1,0.0001473308,0.0798121875,88064.0,18432.0,1.8216623685776632,0.0016847715146842187,True,vec,16,"{""1"": 14, ""2"": 15, ""3"": 2, ""4"": 13, ""5"": 9, ""6"": 3, ""7"": 7, ""8"": 15, ""9"": 3, ""10"": 15}"
2314,2314,True,,gemm\random\mappings\sample_2314_seed_2314.csv,5.77144491218572,327.16280476576,1.5153993611087064,1,0.0001667788,0.0003507291666666688,147456.0,24576.0,2.2914104344376116,0.0017864666606329709,True,vec,16,"{""1"": 6, ""2"": 0, ""3"": 15, ""4"": 15, ""5"": 12, ""6"": 6, ""7"": 3, ""8"": 3, ""9"": 1, ""10"": 15}"
2315,2315,True,,gemm\random\mappings\sample_2315_seed_2315.csv,5.0525457263873745,326.60270336237,1.4340119913863745,0,0.000116901,0.0,137216.0,32768.0,1.5677444951398531,0.0015180794443029426,True,vec,16,"{""1"": 8, ""2"": 6, ""3"": 1, ""4"": 15, ""5"": 13, ""6"": 1, ""7"": 14, ""8"": 4, ""9"": 6, ""10"": 0}"
2316,2316,True,,gemm\random\mappings\sample_2316_seed_2316.csv,5.586539107357442,327.60566796891,1.4035594855504485,1,0.000166677,0.15341208333333126,121856.0,25600.0,1.6312239634993058,0.00178659981171323,True,vec,16,"{""1"": 14, ""2"": 14, ""3"": 9, ""4"": 4, ""5"": 4, ""6"": 15, ""7"": 0, ""8"": 3, ""9"": 7, ""10"": 12}"
2317,2317,True,,gemm\random\mappings\sample_2317_seed_2317.csv,5.41476531083673,326.7334482678,1.3212486799027399,0,0.0001665526,0.0,151552.0,24576.0,1.6693116445149772,0.0017832117081001942,True,vec,16,"{""1"": 12, ""2"": 3, ""3"": 4, ""4"": 10, ""5"": 10, ""6"": 8, ""7"": 15, ""8"": 5, ""9"": 15, ""10"": 14}"
2318,2318,True,,gemm\random\mappings\sample_2318_seed_2318.csv,5.0400026999796825,327.99769495179,1.5225379157675447,1,0.0001463728,0.29044375,89088.0,18432.0,1.2249553659988097,0.0016844794003939808,True,vec,16,"{""1"": 3, ""2"": 9, ""3"": 2, ""4"": 3, ""5"": 11, ""6"": 1, ""7"": 5, ""8"": 5, ""9"": 13, ""10"": 12}"
2319,2319,True,,gemm\random\mappings\sample_2319_seed_2319.csv,5.064171404387578,327.55412323938,1.5811025112363415,1,0.0001180308,0.146992875,141312.0,26624.0,0.9964292799047808,0.001528502637992616,True,vec,16,"{""1"": 3, ""2"": 3, ""3"": 1, ""4"": 12, ""5"": 8, ""6"": 13, ""7"": 0, ""8"": 11, ""9"": 6, ""10"": 5}"
2320,2320,True,,gemm\random\mappings\sample_2320_seed_2320.csv,5.326237935340085,326.88654899098,1.2478788262283913,0,0.0001665988,0.0,104448.0,24576.0,2.177147391390597,0.0017827519004924783,True,vec,16,"{""1"": 15, ""2"": 13, ""3"": 11, ""4"": 13, ""5"": 2, ""6"": 5, ""7"": 6, ""8"": 6, ""9"": 0, ""10"": 13}"
2321,2321,True,,gemm\random\mappings\sample_2321_seed_2321.csv,5.040785110413526,327.60819889098,1.6429328067390871,1,0.0001184468,0.112124765625,139264.0,18432.0,1.9486213052965682,0.0015323557413077242,True,vec,16,"{""1"": 11, ""2"": 8, ""3"": 3, ""4"": 12, ""5"": 15, ""6"": 15, ""7"": 12, ""8"": 3, ""9"": 0, ""10"": 5}"
2322,2322,True,,gemm\random\mappings\sample_2322_seed_2322.csv,5.439959143573048,327.62370153169,1.422662286999744,1,0.0001666929,0.10229724999999999,133120.0,18432.0,1.7835746875619918,0.001787088412245008,True,vec,16,"{""1"": 2, ""2"": 13, ""3"": 14, ""4"": 13, ""5"": 2, ""6"": 0, ""7"": 7, ""8"": 1, ""9"": 12, ""10"": 12}"
2323,2323,True,,gemm\random\mappings\sample_2323_seed_2323.csv,6.077050797663204,327.70718976911,1.3623355612945445,1,0.0001665488,0.19345125,123904.0,32768.0,2.837333862328903,0.0017846479909615458,True,vec,16,"{""1"": 12, ""2"": 1, ""3"": 1, ""4"": 9, ""5"": 9, ""6"": 0, ""7"": 6, ""8"": 11, ""9"": 1, ""10"": 8}"
2324,2324,True,,gemm\random\mappings\sample_2324_seed_2324.csv,5.333849746796058,326.5413845944,1.5101545346879959,0,0.0001469871,0.0,142336.0,26624.0,1.8978377306090062,0.0016804016197028116,True,vec,16,"{""1"": 12, ""2"": 10, ""3"": 3, ""4"": 8, ""5"": 9, ""6"": 12, ""7"": 12, ""8"": 9, ""9"": 7, ""10"": 3}"
2325,2325,True,,gemm\random\mappings\sample_2325_seed_2325.csv,5.795480695658341,329.12945010275,1.5534818473230336,3,0.0001465007,0.9182665535714287,95232.0,25600.0,1.4026978774052767,0.0016973767287891636,True,vec,16,"{""1"": 14, ""2"": 12, ""3"": 6, ""4"": 8, ""5"": 13, ""6"": 5, ""7"": 2, ""8"": 14, ""9"": 5, ""10"": 8}"
2326,2326,True,,gemm\random\mappings\sample_2326_seed_2326.csv,4.448997632024848,327.62588974858,1.498936917630784,1,0.0001179446,0.195577375,86016.0,14336.0,0.9964292799047808,0.0015278321590464939,True,vec,16,"{""1"": 13, ""2"": 13, ""3"": 1, ""4"": 12, ""5"": 6, ""6"": 2, ""7"": 7, ""8"": 9, ""9"": 14, ""10"": 10}"
2327,2327,True,,gemm\random\mappings\sample_2327_seed_2327.csv,5.209275318881587,329.12693521845,1.6119546612613445,3,0.0001205828,0.9005097656250207,63488.0,19456.0,1.4407855584209481,0.0015501739679534188,True,vec,16,"{""1"": 6, ""2"": 2, ""3"": 10, ""4"": 4, ""5"": 5, ""6"": 3, ""7"": 7, ""8"": 9, ""9"": 2, ""10"": 5}"
2328,2328,True,,gemm\random\mappings\sample_2328_seed_2328.csv,5.197736918563644,327.6935257848,1.5405636575156956,1,0.0001465369,0.22220362500000002,104448.0,16384.0,2.1390597103749256,0.00168237952163137,True,vec,16,"{""1"": 6, ""2"": 12, ""3"": 8, ""4"": 6, ""5"": 15, ""6"": 15, ""7"": 10, ""8"": 2, ""9"": 15, ""10"": 2}"
2329,2329,True,,gemm\random\mappings\sample_2329_seed_2329.csv,4.647527107469397,326.96357261753,1.6748726898032669,0,0.0001168566,0.0,94208.0,17408.0,1.9740130926403492,0.0015193754765434244,True,vec,16,"{""1"": 6, ""2"": 15, ""3"": 2, ""4"": 7, ""5"": 12, ""6"": 7, ""7"": 2, ""8"": 11, ""9"": 1, ""10"": 2}"
2330,2330,True,,gemm\random\mappings\sample_2330_seed_2330.csv,5.381034070930127,328.16502572081,1.6596130532677023,2,0.0001201569,0.54974253125,119808.0,24576.0,1.6820075381868678,0.001549715987900984,True,vec,16,"{""1"": 8, ""2"": 0, ""3"": 5, ""4"": 14, ""5"": 1, ""6"": 3, ""7"": 14, ""8"": 1, ""9"": 8, ""10"": 4}"
2331,2331,True,,gemm\random\mappings\sample_2331_seed_2331.csv,4.362875284955325,326.80760943976,1.5235459742683521,0,0.0001169388,0.0,95232.0,16384.0,1.1868676849831383,0.0015187321769007146,True,vec,16,"{""1"": 8, ""2"": 12, ""3"": 0, ""4"": 5, ""5"": 10, ""6"": 6, ""7"": 14, ""8"": 10, ""9"": 1, ""10"": 7}"
2332,2332,True,,gemm\random\mappings\sample_2332_seed_2332.csv,4.509092519661319,327.33388592995,1.5868716583813216,1,0.0001173146,0.0627175,80896.0,16384.0,1.1868676849831383,0.0015224496395780489,True,vec,16,"{""1"": 5, ""2"": 14, ""3"": 9, ""4"": 6, ""5"": 13, ""6"": 8, ""7"": 7, ""8"": 6, ""9"": 10, ""10"": 11}"
2333,2333,True,,gemm\random\mappings\sample_2333_seed_2333.csv,5.790471264861342,327.9938760234,1.5717515602658503,2,0.0001669709,0.35870395833333124,115712.0,24576.0,1.5931362824836341,0.0017939340837345172,True,vec,16,"{""1"": 1, ""2"": 8, ""3"": 4, ""4"": 9, ""5"": 8, ""6"": 15, ""7"": 7, ""8"": 11, ""9"": 2, ""10"": 15}"
2334,2334,True,,gemm\random\mappings\sample_2334_seed_2334.csv,5.651292573615833,328.28906993983,1.5543879941628054,2,0.000166645,0.5572733333333313,121856.0,18432.0,1.4407855584209481,0.0017928714469567495,True,vec,16,"{""1"": 10, ""2"": 12, ""3"": 12, ""4"": 11, ""5"": 3, ""6"": 1, ""7"": 15, ""8"": 0, ""9"": 5, ""10"": 4}"
2335,2335,True,,gemm\random\mappings\sample_2335_seed_2335.csv,5.627325033455556,326.27408836931,1.3902711638351466,0,0.0001665708,0.0,97280.0,34816.0,2.202539178734378,0.001783813630611272,True,vec,16,"{""1"": 10, ""2"": 0, ""3"": 9, ""4"": 9, ""5"": 13, ""6"": 3, ""7"": 0, ""8"": 15, ""9"": 15, ""10"": 3}"
2336,2336,True,,gemm\random\mappings\sample_2336_seed_2336.csv,5.07556940904221,327.99601293611,1.7185348443152177,1,0.0001193807,0.372154875,83968.0,19456.0,2.278714540765721,0.001540819547282594,True,vec,16,"{""1"": 14, ""2"": 14, ""3"": 12, ""4"": 11, ""5"": 8, ""6"": 1, ""7"": 5, ""8"": 14, ""9"": 8, ""10"": 8}"
2337,2337,True,,gemm\random\mappings\sample_2337_seed_2337.csv,5.186514719901439,326.66430776305,1.411003833690786,0,0.0001462767,0.0,93184.0,34816.0,1.1106923229517953,0.0016753418976821913,True,vec,16,"{""1"": 8, ""2"": 13, ""3"": 9, ""4"": 5, ""5"": 11, ""6"": 15, ""7"": 10, ""8"": 10, ""9"": 3, ""10"": 8}"
2338,2338,True,,gemm\random\mappings\sample_2338_seed_2338.csv,4.6828865862311675,326.45460586647,1.3848252833446617,0,0.0001465347,0.0,110592.0,16384.0,1.2630430470144813,0.0016755704468209662,True,vec,16,"{""1"": 12, ""2"": 10, ""3"": 4, ""4"": 2, ""5"": 8, ""6"": 6, ""7"": 6, ""8"": 5, ""9"": 5, ""10"": 1}"
2339,2339,True,,gemm\random\mappings\sample_2339_seed_2339.csv,5.252191614098562,327.52565770768,1.5256895650776219,1,0.0001467287,0.14662975,124928.0,24576.0,1.0345169609204523,0.001682155380362628,True,vec,16,"{""1"": 2, ""2"": 8, ""3"": 3, ""4"": 1, ""5"": 12, ""6"": 11, ""7"": 10, ""8"": 13, ""9"": 11, ""10"": 6}"
2340,2340,True,,gemm\random\mappings\sample_2340_seed_2340.csv,4.640764089300717,327.24518137694,1.4828655242417006,1,0.000116987,0.02732375,89088.0,17408.0,1.8216623685776632,0.0015191554013235043,True,vec,16,"{""1"": 5, ""2"": 9, ""3"": 4, ""4"": 3, ""5"": 10, ""6"": 4, ""7"": 9, ""8"": 11, ""9"": 8, ""10"": 3}"
2341,2341,True,,gemm\random\mappings\sample_2341_seed_2341.csv,5.276766910841248,327.95754290741,1.6140139011465744,2,0.0001195807,0.345735125,137216.0,25600.0,1.1868676849831383,0.0015410075154128457,True,vec,16,"{""1"": 13, ""2"": 10, ""3"": 5, ""4"": 3, ""5"": 2, ""6"": 7, ""7"": 5, ""8"": 14, ""9"": 4, ""10"": 12}"
2342,2342,True,,gemm\random\mappings\sample_2342_seed_2342.csv,5.450440176768036,326.88592091143,1.3709081199438589,0,0.0001665489,0.0,115712.0,29696.0,1.5550486014679628,0.0017838172182667023,True,vec,16,"{""1"": 6, ""2"": 4, ""3"": 8, ""4"": 4, ""5"": 14, ""6"": 3, ""7"": 10, ""8"": 11, ""9"": 6, ""10"": 12}"
2343,2343,True,,gemm\random\mappings\sample_2343_seed_2343.csv,4.313312640539648,326.29206337552,1.4644593889045958,0,0.0001168248,0.0,103424.0,16384.0,1.1868676849831383,0.0015176725945373825,True,vec,16,"{""1"": 1, ""2"": 7, ""3"": 5, ""4"": 12, ""5"": 2, ""6"": 8, ""7"": 2, ""8"": 10, ""9"": 6, ""10"": 14}"
2344,2344,True,,gemm\random\mappings\sample_2344_seed_2344.csv,4.732692682910579,327.45979752001,1.7052685710610094,2,0.0001175188,0.142001,90112.0,16384.0,1.1868676849831383,0.0015258377976032455,True,vec,16,"{""1"": 12, ""2"": 8, ""3"": 9, ""4"": 4, ""5"": 10, ""6"": 11, ""7"": 1, ""8"": 7, ""9"": 10, ""10"": 5}"
2345,2345,True,,gemm\random\mappings\sample_2345_seed_2345.csv,5.496024366023758,329.11961122121,1.7959698030201803,2,0.000120342484,0.5352297916666668,149504.0,24576.0,0.9583415988891093,0.001550182530066813,True,vec,16,"{""1"": 15, ""2"": 6, ""3"": 1, ""4"": 9, ""5"": 3, ""6"": 12, ""7"": 11, ""8"": 8, ""9"": 13, ""10"": 12}"
2346,2346,True,,gemm\random\mappings\sample_2346_seed_2346.csv,5.4707962759428,327.62528561359,1.44391306961686,1,0.0001462967,0.20737416666666875,123904.0,26624.0,1.8597500495933346,0.0016781591100729482,True,vec,16,"{""1"": 12, ""2"": 11, ""3"": 5, ""4"": 12, ""5"": 2, ""6"": 3, ""7"": 5, ""8"": 7, ""9"": 7, ""10"": 2}"
2347,2347,True,,gemm\random\mappings\sample_2347_seed_2347.csv,4.861297299535282,328.16943678024,1.5785762747416534,2,0.000118780403,0.4305393333333313,69632.0,16384.0,1.7200952192025392,0.0015363710632887904,True,vec,16,"{""1"": 6, ""2"": 9, ""3"": 1, ""4"": 7, ""5"": 10, ""6"": 15, ""7"": 1, ""8"": 10, ""9"": 11, ""10"": 15}"
2348,2348,True,,gemm\random\mappings\sample_2348_seed_2348.csv,5.552332536517073,327.61774468352,1.4806485643538563,1,0.0001681747,0.0994849375,93184.0,26624.0,1.6312239634993058,0.001797367401630577,True,vec,16,"{""1"": 5, ""2"": 7, ""3"": 5, ""4"": 3, ""5"": 3, ""6"": 6, ""7"": 1, ""8"": 9, ""9"": 10, ""10"": 13}"
2349,2349,True,,gemm\random\mappings\sample_2349_seed_2349.csv,5.479841969585095,325.87411810266,1.2573085079496487,0,0.0001667609,0.0,136192.0,32768.0,1.5931362824836341,0.0017837339043810325,True,vec,16,"{""1"": 11, ""2"": 6, ""3"": 13, ""4"": 1, ""5"": 1, ""6"": 4, ""7"": 7, ""8"": 10, ""9"": 0, ""10"": 10}"
2350,2350,True,,gemm\random\mappings\sample_2350_seed_2350.csv,5.663890903430497,327.00917528714,1.3224885881250517,0,0.0001663407,0.0,124928.0,35840.0,1.5550486014679628,0.0017822611637587698,True,vec,16,"{""1"": 7, ""2"": 13, ""3"": 4, ""4"": 10, ""5"": 10, ""6"": 1, ""7"": 7, ""8"": 2, ""9"": 14, ""10"": 12}"
2351,2351,True,,gemm\random\mappings\sample_2351_seed_2351.csv,5.1565482790658645,327.46749838648,1.5823821893915435,1,0.0001464546,0.13387666666666875,96256.0,24576.0,1.0345169609204523,0.0016792579890447018,True,vec,16,"{""1"": 15, ""2"": 7, ""3"": 14, ""4"": 6, ""5"": 13, ""6"": 2, ""7"": 4, ""8"": 3, ""9"": 2, ""10"": 1}"
2352,2352,True,,gemm\random\mappings\sample_2352_seed_2352.csv,5.188949571880131,327.68120785281,1.3838671563120781,1,0.0001675008,0.0636750625,98304.0,17408.0,1.4407855584209481,0.0017912297086624162,True,vec,16,"{""1"": 13, ""2"": 9, ""3"": 15, ""4"": 15, ""5"": 1, ""6"": 14, ""7"": 3, ""8"": 7, ""9"": 8, ""10"": 4}"
2353,2353,True,,gemm\random\mappings\sample_2353_seed_2353.csv,5.739096688170095,326.32390407306,1.5191400015075842,0,0.0001667308,0.0,119808.0,32768.0,2.304106328109502,0.001784847850427496,True,vec,16,"{""1"": 7, ""2"": 2, ""3"": 2, ""4"": 1, ""5"": 1, ""6"": 14, ""7"": 8, ""8"": 8, ""9"": 13, ""10"": 11}"
2354,2354,True,,gemm\random\mappings\sample_2354_seed_2354.csv,5.432079129284991,327.33388816341,1.6297881892503536,1,0.0001172626,0.062544125,147456.0,33792.0,1.6820075381868678,0.0015227639603624136,True,vec,16,"{""1"": 12, ""2"": 7, ""3"": 10, ""4"": 5, ""5"": 11, ""6"": 14, ""7"": 5, ""8"": 12, ""9"": 10, ""10"": 9}"
2355,2355,True,,gemm\random\mappings\sample_2355_seed_2355.csv,5.173615703674589,328.37299791041,1.7892816648020728,2,0.0001212128,0.8527872499999999,108544.0,18432.0,1.0599087482642333,0.0015617164279790499,True,vec,16,"{""1"": 9, ""2"": 0, ""3"": 8, ""4"": 1, ""5"": 2, ""6"": 14, ""7"": 13, ""8"": 6, ""9"": 7, ""10"": 8}"
2356,2356,True,,gemm\random\mappings\sample_2356_seed_2356.csv,5.338845039628933,327.62341694984,1.608363083608137,1,0.0001176528,0.19048083333333127,130048.0,36864.0,0.8821662368577663,0.001525539093749528,True,vec,16,"{""1"": 12, ""2"": 13, ""3"": 6, ""4"": 9, ""5"": 7, ""6"": 4, ""7"": 3, ""8"": 14, ""9"": 15, ""10"": 12}"
2357,2357,True,,gemm\random\mappings\sample_2357_seed_2357.csv,5.047073418796682,326.94055526073,1.3878426788553326,0,0.0001665809,0.0,72704.0,19456.0,1.8597500495933346,0.0017824999646966764,True,vec,16,"{""1"": 10, ""2"": 6, ""3"": 5, ""4"": 10, ""5"": 5, ""6"": 8, ""7"": 8, ""8"": 0, ""9"": 11, ""10"": 4}"
2358,2358,True,,gemm\random\mappings\sample_2358_seed_2358.csv,5.3951965811229465,327.55365536025,1.3994779530320045,1,0.000166709,0.136785625,126976.0,20480.0,1.4407855584209481,0.0017865178315568996,True,vec,16,"{""1"": 14, ""2"": 8, ""3"": 3, ""4"": 8, ""5"": 10, ""6"": 11, ""7"": 7, ""8"": 15, ""9"": 12, ""10"": 4}"
2359,2359,True,,gemm\random\mappings\sample_2359_seed_2359.csv,5.315969095444716,325.75699569569,1.368135380700996,0,0.0001464529,0.0,126976.0,26624.0,2.786550287641341,0.001675175636250015,True,vec,16,"{""1"": 2, ""2"": 1, ""3"": 7, ""4"": 8, ""5"": 13, ""6"": 7, ""7"": 1, ""8"": 7, ""9"": 1, ""10"": 0}"
2360,2360,True,,gemm\random\mappings\sample_2360_seed_2360.csv,5.177969946253378,328.74219878466,1.6397219341844007,2,0.0001199288,1.3294275000000002,109568.0,18432.0,0.8059908748264233,0.0015526895988492225,True,vec,16,"{""1"": 14, ""2"": 6, ""3"": 15, ""4"": 9, ""5"": 1, ""6"": 4, ""7"": 0, ""8"": 5, ""9"": 8, ""10"": 10}"
2361,2361,True,,gemm\random\mappings\sample_2361_seed_2361.csv,6.22450661891113,328.1251124751,1.4727051592747242,2,0.0001672267,0.4273944166666687,160768.0,32768.0,1.6947034318587582,0.0017950102968233746,True,vec,16,"{""1"": 8, ""2"": 1, ""3"": 14, ""4"": 1, ""5"": 3, ""6"": 15, ""7"": 0, ""8"": 11, ""9"": 5, ""10"": 3}"
2362,2362,True,,gemm\random\mappings\sample_2362_seed_2362.csv,5.907840198051348,327.71294419412,1.530656584148977,2,0.0001668427,0.33935350000000003,168960.0,24576.0,1.4407855584209481,0.0017923786909747848,True,vec,16,"{""1"": 12, ""2"": 1, ""3"": 7, ""4"": 0, ""5"": 7, ""6"": 8, ""7"": 3, ""8"": 5, ""9"": 10, ""10"": 15}"
2363,2363,True,,gemm\random\mappings\sample_2363_seed_2363.csv,5.121918361786474,326.89211943758,1.3913339364485406,0,0.0001463106,0.0,83968.0,27648.0,1.9359254116246776,0.0016752878254786977,True,vec,16,"{""1"": 5, ""2"": 7, ""3"": 11, ""4"": 5, ""5"": 14, ""6"": 6, ""7"": 7, ""8"": 0, ""9"": 6, ""10"": 5}"
2364,2364,True,,gemm\random\mappings\sample_2364_seed_2364.csv,4.501544460672586,326.73763969572,1.5288050167056928,0,0.0001170008,0.0,94208.0,18432.0,1.5677444951398531,0.0015192028162447874,True,vec,16,"{""1"": 9, ""2"": 11, ""3"": 8, ""4"": 13, ""5"": 0, ""6"": 7, ""7"": 11, ""8"": 0, ""9"": 14, ""10"": 2}"
2365,2365,True,,gemm\random\mappings\sample_2365_seed_2365.csv,5.706070103031776,329.50554542984,1.6687155111778702,3,0.0001215109,1.5322552083333356,114688.0,26624.0,0.8059908748264233,0.0015640019374126147,True,vec,16,"{""1"": 2, ""2"": 1, ""3"": 13, ""4"": 10, ""5"": 4, ""6"": 11, ""7"": 14, ""8"": 15, ""9"": 7, ""10"": 5}"
2366,2366,True,,gemm\random\mappings\sample_2366_seed_2366.csv,5.936250638722975,328.22360463904,1.5095147968561433,2,0.0001666969,0.3713792447916688,142336.0,24576.0,1.8216623685776632,0.0017940315493831492,True,vec,16,"{""1"": 11, ""2"": 13, ""3"": 3, ""4"": 13, ""5"": 0, ""6"": 0, ""7"": 4, ""8"": 15, ""9"": 5, ""10"": 2}"
2367,2367,True,,gemm\random\mappings\sample_2367_seed_2367.csv,4.708720952059464,327.11374908335,1.700867907500674,0,0.0001168427,0.0,103424.0,18432.0,1.8216623685776632,0.0015196455807118116,True,vec,16,"{""1"": 12, ""2"": 8, ""3"": 7, ""4"": 4, ""5"": 13, ""6"": 13, ""7"": 5, ""8"": 9, ""9"": 8, ""10"": 7}"
2368,2368,True,,gemm\random\mappings\sample_2368_seed_2368.csv,5.291416343923618,327.04716146505,1.3769286478837826,0,0.0001664586,0.0,90112.0,26624.0,1.6312239634993058,0.0017831103391967628,True,vec,16,"{""1"": 11, ""2"": 9, ""3"": 9, ""4"": 8, ""5"": 11, ""6"": 0, ""7"": 14, ""8"": 5, ""9"": 6, ""10"": 15}"
2369,2369,True,,gemm\random\mappings\sample_2369_seed_2369.csv,5.479954402483981,327.71707645085,1.59044163471307,1,0.0001188289,0.232395875,159744.0,34816.0,1.1868676849831383,0.0015345686446602803,True,vec,16,"{""1"": 12, ""2"": 2, ""3"": 3, ""4"": 13, ""5"": 10, ""6"": 4, ""7"": 13, ""8"": 15, ""9"": 6, ""10"": 0}"
2370,2370,True,,gemm\random\mappings\sample_2370_seed_2370.csv,5.874912226619018,327.4581010254,1.4854486909094382,1,0.0001674707,0.061209125,135168.0,24576.0,2.811942074985122,0.0017911309121632025,True,vec,16,"{""1"": 12, ""2"": 4, ""3"": 0, ""4"": 0, ""5"": 7, ""6"": 14, ""7"": 7, ""8"": 4, ""9"": 7, ""10"": 9}"
2371,2371,True,,gemm\random\mappings\sample_2371_seed_2371.csv,5.298580046363716,327.55705517096,1.599846139934383,1,0.0001174226,0.14209458333333125,133120.0,32768.0,1.3392184090458243,0.001523673488408991,True,vec,16,"{""1"": 0, ""2"": 5, ""3"": 14, ""4"": 2, ""5"": 7, ""6"": 7, ""7"": 12, ""8"": 13, ""9"": 11, ""10"": 13}"
2372,2372,True,,gemm\random\mappings\sample_2372_seed_2372.csv,4.686093873731804,327.47224727333,1.6053977719691264,1,0.0001169249,0.09809708333333125,110592.0,19456.0,0.9202539178734378,0.001520457789097325,True,vec,16,"{""1"": 13, ""2"": 12, ""3"": 6, ""4"": 2, ""5"": 5, ""6"": 15, ""7"": 10, ""8"": 7, ""9"": 13, ""10"": 8}"
2373,2373,True,,gemm\random\mappings\sample_2373_seed_2373.csv,5.5410730723915345,325.92637750375,1.3758968993558374,0,0.0001666028,0.0,141312.0,26624.0,2.3929775838127356,0.001782765154806134,True,vec,16,"{""1"": 12, ""2"": 2, ""3"": 12, ""4"": 2, ""5"": 6, ""6"": 13, ""7"": 13, ""8"": 11, ""9"": 11, ""10"": 11}"
2374,2374,True,,gemm\random\mappings\sample_2374_seed_2374.csv,4.479352004141774,327.94507405286,1.5857691326123522,2,0.0001195108,0.3506725,70656.0,11264.0,0.8059908748264233,0.0015402871139347017,True,vec,16,"{""1"": 10, ""2"": 15, ""3"": 6, ""4"": 14, ""5"": 9, ""6"": 12, ""7"": 1, ""8"": 11, ""9"": 7, ""10"": 5}"
2375,2375,True,,gemm\random\mappings\sample_2375_seed_2375.csv,4.898250552552481,327.99768863505,1.6881924644901838,2,0.0001194607,0.39229591666666686,88064.0,17408.0,1.2630430470144813,0.0015413469469931105,True,vec,16,"{""1"": 8, ""2"": 4, ""3"": 13, ""4"": 12, ""5"": 6, ""6"": 6, ""7"": 11, ""8"": 0, ""9"": 7, ""10"": 8}"
2376,2376,True,,gemm\random\mappings\sample_2376_seed_2376.csv,5.62519039839213,327.00260807309,1.2810002795821223,0,0.0001662606,0.0,115712.0,32768.0,2.075580242015473,0.0017814296190234763,True,vec,16,"{""1"": 11, ""2"": 9, ""3"": 14, ""4"": 4, ""5"": 9, ""6"": 12, ""7"": 3, ""8"": 14, ""9"": 5, ""10"": 4}"
2377,2377,True,,gemm\random\mappings\sample_2377_seed_2377.csv,5.362350969616762,326.43658649361,1.200600379633417,0,0.0001661988,0.0,88064.0,24576.0,2.964292799047808,0.001780001102291531,True,vec,16,"{""1"": 14, ""2"": 10, ""3"": 10, ""4"": 2, ""5"": 4, ""6"": 2, ""7"": 10, ""8"": 6, ""9"": 4, ""10"": 1}"
2378,2378,True,,gemm\random\mappings\sample_2378_seed_2378.csv,5.328196263013141,327.5432592202,1.6184491019956675,1,0.000147405,0.05304369318181812,132096.0,18432.0,1.9867089863122396,0.0016857178435948212,True,vec,16,"{""1"": 3, ""2"": 10, ""3"": 12, ""4"": 3, ""5"": 15, ""6"": 15, ""7"": 5, ""8"": 14, ""9"": 15, ""10"": 4}"
2379,2379,True,,gemm\random\mappings\sample_2379_seed_2379.csv,5.715984327588234,326.80761610895,1.231965797252898,0,0.0001766829,0.0,105472.0,29696.0,2.7484626066256697,0.001837534257776916,True,vec,16,"{""1"": 6, ""2"": 5, ""3"": 10, ""4"": 0, ""5"": 12, ""6"": 6, ""7"": 5, ""8"": 5, ""9"": 5, ""10"": 15}"
2380,2380,True,,gemm\random\mappings\sample_2380_seed_2380.csv,5.283242481501812,328.16305710821,1.6743347625335498,2,0.0001189049,0.564661875,129024.0,26624.0,0.8059908748264233,0.0015378389703115918,True,vec,16,"{""1"": 13, ""2"": 6, ""3"": 7, ""4"": 2, ""5"": 12, ""6"": 5, ""7"": 0, ""8"": 4, ""9"": 14, ""10"": 10}"
2381,2381,True,,gemm\random\mappings\sample_2381_seed_2381.csv,4.786817563478102,327.85238661089,1.6541976852812774,1,0.0001183786,0.11596273437499999,103424.0,16384.0,1.5677444951398531,0.0015314364681816815,True,vec,16,"{""1"": 6, ""2"": 3, ""3"": 11, ""4"": 14, ""5"": 0, ""6"": 2, ""7"": 10, ""8"": 0, ""9"": 3, ""10"": 7}"
2382,2382,True,,gemm\random\mappings\sample_2382_seed_2382.csv,5.224470221616696,326.22756313006,1.2356316644876462,0,0.0001667927,0.0,124928.0,24576.0,1.6693116445149772,0.0017836494862659628,True,vec,16,"{""1"": 15, ""2"": 8, ""3"": 6, ""4"": 11, ""5"": 8, ""6"": 9, ""7"": 14, ""8"": 2, ""9"": 2, ""10"": 10}"
2383,2383,True,,gemm\random\mappings\sample_2383_seed_2383.csv,4.449660918679132,326.73869685742,1.4467171363514884,0,0.0001167746,0.0,125952.0,18432.0,0.9583415988891093,0.0015174269670866767,True,vec,16,"{""1"": 13, ""2"": 5, ""3"": 0, ""4"": 14, ""5"": 3, ""6"": 7, ""7"": 9, ""8"": 8, ""9"": 10, ""10"": 9}"
2384,2384,True,,gemm\random\mappings\sample_2384_seed_2384.csv,4.762593758793676,327.26711306931,1.7131272907794168,1,0.0001169387,0.034231875,136192.0,16384.0,1.1868676849831383,0.0015209143720474041,True,vec,16,"{""1"": 12, ""2"": 6, ""3"": 4, ""4"": 3, ""5"": 8, ""6"": 9, ""7"": 8, ""8"": 5, ""9"": 0, ""10"": 7}"
2385,2385,True,,gemm\random\mappings\sample_2385_seed_2385.csv,5.273787211254633,326.4514182616,1.373643094476348,0,0.0001464066,0.0,130048.0,34816.0,1.0345169609204523,0.001676022339716368,True,vec,16,"{""1"": 15, ""2"": 0, ""3"": 14, ""4"": 10, ""5"": 8, ""6"": 7, ""7"": 11, ""8"": 9, ""9"": 9, ""10"": 5}"
2386,2386,True,,gemm\random\mappings\sample_2386_seed_2386.csv,5.126675194963236,328.38551445263,1.7417490798287312,2,0.0001193227,0.7804829166666687,111616.0,18432.0,1.0726046419361237,0.0015430206100746232,True,vec,16,"{""1"": 13, ""2"": 10, ""3"": 5, ""4"": 1, ""5"": 6, ""6"": 13, ""7"": 7, ""8"": 15, ""9"": 11, ""10"": 7}"
2387,2387,True,,gemm\random\mappings\sample_2387_seed_2387.csv,5.192131441734829,327.78245371073,1.8129109094672877,1,0.0001187766,0.16756859375,99328.0,24576.0,1.9486213052965682,0.001536015660007315,True,vec,16,"{""1"": 0, ""2"": 3, ""3"": 5, ""4"": 7, ""5"": 4, ""6"": 6, ""7"": 4, ""8"": 3, ""9"": 5, ""10"": 2}"
2388,2388,True,,gemm\random\mappings\sample_2388_seed_2388.csv,4.855753019456496,327.78138727134,1.7370178117907915,1,0.000119977,0.26729828125,120832.0,16384.0,1.1868676849831383,0.0015460016185769017,True,vec,16,"{""1"": 5, ""2"": 12, ""3"": 11, ""4"": 8, ""5"": 10, ""6"": 13, ""7"": 12, ""8"": 15, ""9"": 1, ""10"": 2}"
2389,2389,True,,gemm\random\mappings\sample_2389_seed_2389.csv,4.517825706540271,327.02531133581,1.5351875718819057,0,0.0001169048,0.0,91136.0,18432.0,1.5550486014679628,0.0015186580915765066,True,vec,16,"{""1"": 6, ""2"": 0, ""3"": 10, ""4"": 7, ""5"": 15, ""6"": 9, ""7"": 15, ""8"": 6, ""9"": 3, ""10"": 10}"
2390,2390,True,,gemm\random\mappings\sample_2390_seed_2390.csv,5.5778780116248505,327.77715843209,1.5168263287864994,1,0.0001665686,0.27762625,109568.0,21504.0,1.9486213052965682,0.001788451384048054,True,vec,16,"{""1"": 15, ""2"": 11, ""3"": 2, ""4"": 7, ""5"": 2, ""6"": 10, ""7"": 3, ""8"": 4, ""9"": 6, ""10"": 2}"
2391,2391,True,,gemm\random\mappings\sample_2391_seed_2391.csv,5.853185091820791,327.52667742288,1.5528690241785876,1,0.0001667126,0.12806645833333125,152576.0,24576.0,2.202539178734378,0.001786964522259237,True,vec,16,"{""1"": 7, ""2"": 3, ""3"": 9, ""4"": 12, ""5"": 12, ""6"": 12, ""7"": 14, ""8"": 15, ""9"": 6, ""10"": 10}"
2392,2392,True,,gemm\random\mappings\sample_2392_seed_2392.csv,6.146793304627726,328.16758696565,1.675324542238593,4,0.0001676289,1.0169996666666687,99328.0,25600.0,1.4407855584209481,0.0018080778126591136,True,vec,16,"{""1"": 9, ""2"": 14, ""3"": 14, ""4"": 15, ""5"": 8, ""6"": 12, ""7"": 7, ""8"": 10, ""9"": 13, ""10"": 0}"
2393,2393,True,,gemm\random\mappings\sample_2393_seed_2393.csv,5.281096546117074,327.78709910967,1.5574350773836083,1,0.0001464066,0.26866,122880.0,20480.0,1.4915691331085101,0.0016826951876652808,True,vec,16,"{""1"": 1, ""2"": 6, ""3"": 10, ""4"": 8, ""5"": 12, ""6"": 0, ""7"": 7, ""8"": 8, ""9"": 0, ""10"": 1}"
2394,2394,True,,gemm\random\mappings\sample_2394_seed_2394.csv,4.42677708793979,326.67427473028,1.6201429059821075,0,0.000116523,0.0,57344.0,16384.0,2.024796667327911,0.001516821541603581,True,vec,16,"{""1"": 14, ""2"": 10, ""3"": 12, ""4"": 6, ""5"": 14, ""6"": 2, ""7"": 12, ""8"": 7, ""9"": 14, ""10"": 7}"
2395,2395,True,,gemm\random\mappings\sample_2395_seed_2395.csv,5.322588848320575,327.00133824698,1.2092216604584773,0,0.0001664087,0.0,95232.0,29696.0,1.6312239634993058,0.001781416190670819,True,vec,16,"{""1"": 8, ""2"": 10, ""3"": 10, ""4"": 2, ""5"": 8, ""6"": 7, ""7"": 9, ""8"": 0, ""9"": 15, ""10"": 14}"
2396,2396,True,,gemm\random\mappings\sample_2396_seed_2396.csv,5.58786792570395,327.26064311877,1.3892535641575092,1,0.000166651,0.022304166666666875,101376.0,28672.0,1.8851418369371156,0.001784602128700515,True,vec,16,"{""1"": 4, ""2"": 6, ""3"": 15, ""4"": 4, ""5"": 6, ""6"": 10, ""7"": 11, ""8"": 3, ""9"": 1, ""10"": 15}"
2397,2397,True,,gemm\random\mappings\sample_2397_seed_2397.csv,5.221586120773143,327.69026955593,1.5942015807204635,2,0.0001461527,0.4452563749999999,101376.0,18432.0,1.2249553659988097,0.00168600398592738,True,vec,16,"{""1"": 2, ""2"": 15, ""3"": 2, ""4"": 14, ""5"": 3, ""6"": 1, ""7"": 5, ""8"": 8, ""9"": 5, ""10"": 10}"
2398,2398,True,,gemm\random\mappings\sample_2398_seed_2398.csv,4.396407236178711,326.82980384545,1.4344535903466649,0,0.0001170829,0.0,104448.0,18432.0,1.0599087482642333,0.001519007935657736,True,vec,16,"{""1"": 9, ""2"": 7, ""3"": 4, ""4"": 15, ""5"": 13, ""6"": 6, ""7"": 3, ""8"": 8, ""9"": 10, ""10"": 7}"
2399,2399,True,,gemm\random\mappings\sample_2399_seed_2399.csv,5.331613322973343,328.82537617787,1.934287855882426,3,0.0001222147,0.9336175416666667,61440.0,17408.0,1.6439198571711962,0.0015695462215810105,True,vec,16,"{""1"": 10, ""2"": 10, ""3"": 7, ""4"": 15, ""5"": 14, ""6"": 13, ""7"": 11, ""8"": 10, ""9"": 9, ""10"": 13}"
2400,2400,True,,gemm\random\mappings\sample_2400_seed_2400.csv,5.203455793464725,328.09903338654,1.7938026481582017,2,0.0001193868,0.5302798750000001,103424.0,22528.0,1.2503471533425907,0.001545233428642221,True,vec,16,"{""1"": 2, ""2"": 2, ""3"": 15, ""4"": 0, ""5"": 1, ""6"": 8, ""7"": 4, ""8"": 3, ""9"": 14, ""10"": 15}"
2401,2401,True,,gemm\random\mappings\sample_2401_seed_2401.csv,5.208929340590102,326.81307564829,1.3223969194234169,0,0.0001665327,0.0,109568.0,18432.0,2.304106328109502,0.001781778573019328,True,vec,16,"{""1"": 1, ""2"": 6, ""3"": 6, ""4"": 13, ""5"": 13, ""6"": 15, ""7"": 9, ""8"": 9, ""9"": 4, ""10"": 12}"
2402,2402,True,,gemm\random\mappings\sample_2402_seed_2402.csv,5.2821264866706485,326.91470469178,1.5790340728838683,0,0.0001466628,0.0,134144.0,16384.0,2.964292799047808,0.0016790676082314715,True,vec,16,"{""1"": 2, ""2"": 8, ""3"": 15, ""4"": 10, ""5"": 9, ""6"": 15, ""7"": 9, ""8"": 15, ""9"": 10, ""10"": 9}"
2403,2403,True,,gemm\random\mappings\sample_2403_seed_2403.csv,5.839191880284623,328.38601323635,1.531701399049792,2,0.0001690689,0.4036876666666687,99328.0,26624.0,1.5550486014679628,0.0018083968769507842,True,vec,16,"{""1"": 2, ""2"": 15, ""3"": 3, ""4"": 4, ""5"": 3, ""6"": 6, ""7"": 7, ""8"": 5, ""9"": 2, ""10"": 8}"
2404,2404,True,,gemm\random\mappings\sample_2404_seed_2404.csv,6.073749575268781,327.8376663477,1.6155549692028974,2,0.0001766128,0.304512375,164864.0,20480.0,2.126363816703035,0.001848711315140045,True,vec,16,"{""1"": 13, ""2"": 2, ""3"": 0, ""4"": 0, ""5"": 1, ""6"": 10, ""7"": 10, ""8"": 14, ""9"": 10, ""10"": 4}"
2405,2405,True,,gemm\random\mappings\sample_2405_seed_2405.csv,5.3504323041691615,327.83350246235,1.5182976696362023,1,0.0001665348,0.29917425000000003,90112.0,18432.0,1.6312239634993058,0.001790904370052695,True,vec,16,"{""1"": 7, ""2"": 15, ""3"": 14, ""4"": 14, ""5"": 7, ""6"": 5, ""7"": 10, ""8"": 13, ""9"": 2, ""10"": 1}"
2406,2406,True,,gemm\random\mappings\sample_2406_seed_2406.csv,4.928186447734397,326.52176529142,1.4731489883150615,0,0.0001461027,0.0,76800.0,20480.0,2.202539178734378,0.0016743017838684905,True,vec,16,"{""1"": 13, ""2"": 10, ""3"": 9, ""4"": 13, ""5"": 2, ""6"": 15, ""7"": 13, ""8"": 15, ""9"": 6, ""10"": 13}"
2407,2407,True,,gemm\random\mappings\sample_2407_seed_2407.csv,4.809932855384953,326.82630932648,1.6604557335629548,0,0.0001167926,0.0,97280.0,27648.0,1.3011307280301527,0.0015189943104627602,True,vec,16,"{""1"": 12, ""2"": 13, ""3"": 8, ""4"": 9, ""5"": 11, ""6"": 4, ""7"": 11, ""8"": 12, ""9"": 5, ""10"": 6}"
2408,2408,True,,gemm\random\mappings\sample_2408_seed_2408.csv,5.090475787217824,327.33673262563,1.6396070419013922,1,0.0001169486,0.06304041666666875,146432.0,24576.0,1.4407855584209481,0.0015204424435412585,True,vec,16,"{""1"": 12, ""2"": 0, ""3"": 10, ""4"": 14, ""5"": 3, ""6"": 5, ""7"": 1, ""8"": 2, ""9"": 10, ""10"": 0}"
2409,2409,True,,gemm\random\mappings\sample_2409_seed_2409.csv,5.048095273162609,327.45980724978,1.5795852876528782,1,0.0001465568,0.11757887499999999,104448.0,18432.0,1.2884348343582623,0.0016808674033216037,True,vec,16,"{""1"": 12, ""2"": 9, ""3"": 8, ""4"": 10, ""5"": 4, ""6"": 7, ""7"": 7, ""8"": 15, ""9"": 13, ""10"": 4}"
2410,2410,True,,gemm\random\mappings\sample_2410_seed_2410.csv,4.940317847787177,326.44451558081,1.5090555699176607,0,0.0001168529,0.0,146432.0,24576.0,1.9740130926403492,0.001518460391068758,True,vec,16,"{""1"": 3, ""2"": 4, ""3"": 8, ""4"": 10, ""5"": 11, ""6"": 11, ""7"": 12, ""8"": 2, ""9"": 4, ""10"": 4}"
2411,2411,True,,gemm\random\mappings\sample_2411_seed_2411.csv,5.415179251850435,327.69021541862,1.493459726783808,1,0.0001468408,0.22162237499999998,139264.0,26624.0,1.1487800039674667,0.0016841156996540176,True,vec,16,"{""1"": 3, ""2"": 7, ""3"": 0, ""4"": 4, ""5"": 12, ""6"": 3, ""7"": 9, ""8"": 1, ""9"": 9, ""10"": 2}"
2412,2412,True,,gemm\random\mappings\sample_2412_seed_2412.csv,4.485123588387195,326.67703599894,1.4919251577201103,0,0.0001168867,0.0,119808.0,17408.0,1.3011307280301527,0.001518401386018281,True,vec,16,"{""1"": 10, ""2"": 15, ""3"": 0, ""4"": 7, ""5"": 12, ""6"": 14, ""7"": 10, ""8"": 5, ""9"": 0, ""10"": 13}"
2413,2413,True,,gemm\random\mappings\sample_2413_seed_2413.csv,4.7910031863383375,326.79846857832,1.4300724722320153,0,0.000146727,0.0,123904.0,17408.0,1.1106923229517953,0.001678048815452406,True,vec,16,"{""1"": 13, ""2"": 5, ""3"": 15, ""4"": 0, ""5"": 6, ""6"": 14, ""7"": 3, ""8"": 8, ""9"": 3, ""10"": 13}"
2414,2414,True,,gemm\random\mappings\sample_2414_seed_2414.csv,4.751393197117764,327.5242066778,1.4048287766461471,1,0.0001464567,0.14809962499999998,104448.0,10240.0,1.4153937710771671,0.0016797455638032505,True,vec,16,"{""1"": 5, ""2"": 15, ""3"": 0, ""4"": 13, ""5"": 1, ""6"": 9, ""7"": 7, ""8"": 15, ""9"": 9, ""10"": 6}"
2415,2415,True,,gemm\random\mappings\sample_2415_seed_2415.csv,4.589346083981393,327.24033268566,1.644077594124372,1,0.0001168627,0.02129125,73728.0,18432.0,1.3773060900614957,0.001519127607439063,True,vec,16,"{""1"": 7, ""2"": 7, ""3"": 5, ""4"": 15, ""5"": 2, ""6"": 4, ""7"": 9, ""8"": 15, ""9"": 8, ""10"": 13}"
2416,2416,True,,gemm\random\mappings\sample_2416_seed_2416.csv,4.90547585355087,326.07359302221,1.1755353738332857,0,0.0001665848,0.0,57344.0,22528.0,1.8978377306090062,0.001781787874089624,True,vec,16,"{""1"": 10, ""2"": 14, ""3"": 6, ""4"": 9, ""5"": 6, ""6"": 2, ""7"": 14, ""8"": 8, ""9"": 4, ""10"": 10}"
2417,2417,True,,gemm\random\mappings\sample_2417_seed_2417.csv,5.6386884896420435,326.8253783323,1.493551214050283,0,0.0001466146,0.0,150528.0,32768.0,2.202539178734378,0.0016779100706599327,True,vec,16,"{""1"": 0, ""2"": 9, ""3"": 15, ""4"": 6, ""5"": 13, ""6"": 6, ""7"": 14, ""8"": 13, ""9"": 14, ""10"": 13}"
2418,2418,True,,gemm\random\mappings\sample_2418_seed_2418.csv,5.543388997214282,328.0659694378,1.9283489156299838,2,0.0001200288,0.42468100000000003,144384.0,24576.0,1.5931362824836341,0.0015518725870707916,True,vec,16,"{""1"": 7, ""2"": 14, ""3"": 8, ""4"": 15, ""5"": 12, ""6"": 9, ""7"": 12, ""8"": 3, ""9"": 5, ""10"": 12}"
2419,2419,True,,gemm\random\mappings\sample_2419_seed_2419.csv,5.116755419208542,326.57900235695,1.3693877465277176,0,0.0001670031,0.0,103424.0,19456.0,1.8216623685776632,0.0017859851297517436,True,vec,16,"{""1"": 1, ""2"": 5, ""3"": 0, ""4"": 10, ""5"": 10, ""6"": 8, ""7"": 6, ""8"": 13, ""9"": 0, ""10"": 15}"
2420,2420,True,,gemm\random\mappings\sample_2420_seed_2420.csv,4.720966868808718,326.80784163055,1.4546579356188525,0,0.0001466027,0.0,83968.0,19456.0,1.1487800039674667,0.0016774715300080986,True,vec,16,"{""1"": 10, ""2"": 7, ""3"": 11, ""4"": 14, ""5"": 1, ""6"": 6, ""7"": 2, ""8"": 6, ""9"": 10, ""10"": 3}"
2421,2421,True,,gemm\random\mappings\sample_2421_seed_2421.csv,5.682853870682707,327.98533498001,1.5602539788213663,1,0.0001684508,0.1043525625,107520.0,22528.0,2.202539178734378,0.001799798353225961,True,vec,16,"{""1"": 0, ""2"": 3, ""3"": 4, ""4"": 3, ""5"": 8, ""6"": 4, ""7"": 7, ""8"": 1, ""9"": 1, ""10"": 7}"
2422,2422,True,,gemm\random\mappings\sample_2422_seed_2422.csv,5.109840144413663,326.73870359375,1.385495902233861,0,0.0001464366,0.0,146432.0,25600.0,1.1487800039674667,0.0016763084302730085,True,vec,16,"{""1"": 15, ""2"": 0, ""3"": 9, ""4"": 12, ""5"": 7, ""6"": 15, ""7"": 8, ""8"": 8, ""9"": 1, ""10"": 4}"
2423,2423,True,,gemm\random\mappings\sample_2423_seed_2423.csv,4.580368311091874,326.82978331274,1.4760546326055128,0,0.0001168567,0.0,112640.0,24576.0,0.8059908748264233,0.001518103071314749,True,vec,16,"{""1"": 7, ""2"": 1, ""3"": 5, ""4"": 9, ""5"": 15, ""6"": 10, ""7"": 8, ""8"": 6, ""9"": 3, ""10"": 14}"
2424,2424,True,,gemm\random\mappings\sample_2424_seed_2424.csv,5.477035386093339,327.0095153814,1.506403106487596,0,0.0001667889,0.0,137216.0,24576.0,1.6693116445149772,0.0017852444794343772,True,vec,16,"{""1"": 9, ""2"": 0, ""3"": 12, ""4"": 0, ""5"": 2, ""6"": 14, ""7"": 5, ""8"": 15, ""9"": 14, ""10"": 8}"
2425,2425,True,,gemm\random\mappings\sample_2425_seed_2425.csv,5.1556420674292855,328.07059650262,1.7742906235471247,2,0.0001183806,0.5774089583333313,83968.0,24576.0,1.1487800039674667,0.0015353495492376316,True,vec,16,"{""1"": 8, ""2"": 9, ""3"": 0, ""4"": 5, ""5"": 10, ""6"": 14, ""7"": 8, ""8"": 12, ""9"": 15, ""10"": 8}"
2426,2426,True,,gemm\random\mappings\sample_2426_seed_2426.csv,5.916903102162395,329.02172011335,1.7436041428112774,1,0.0001208986,0.5385643055555562,151552.0,35840.0,1.8343582622495536,0.001552270599848495,True,vec,16,"{""1"": 15, ""2"": 0, ""3"": 6, ""4"": 14, ""5"": 2, ""6"": 15, ""7"": 0, ""8"": 11, ""9"": 14, ""10"": 11}"
2427,2427,True,,gemm\random\mappings\sample_2427_seed_2427.csv,7.358977594169776,325.31308899066,1.1529501823833221,0,0.0002665007,0.0,163840.0,32768.0,4.881372743503273,0.002316996114077986,True,vec,16,"{""1"": 13, ""2"": 7, ""3"": 7, ""4"": 7, ""5"": 7, ""6"": 13, ""7"": 2, ""8"": 4, ""9"": 9, ""10"": 4}"
2428,2428,True,,gemm\random\mappings\sample_2428_seed_2428.csv,5.040136457651972,327.56776920551,1.634321704651635,1,0.0001173406,0.188408125,102400.0,27648.0,1.3011307280301527,0.0015240866692731883,True,vec,16,"{""1"": 10, ""2"": 3, ""3"": 5, ""4"": 1, ""5"": 9, ""6"": 1, ""7"": 0, ""8"": 14, ""9"": 10, ""10"": 4}"
2429,2429,True,,gemm\random\mappings\sample_2429_seed_2429.csv,5.293430360004632,327.56194295532,1.6334813515143976,1,0.0001180466,0.160944375,154624.0,32768.0,0.8059908748264233,0.0015295569234102962,True,vec,16,"{""1"": 11, ""2"": 2, ""3"": 13, ""4"": 12, ""5"": 1, ""6"": 7, ""7"": 0, ""8"": 6, ""9"": 15, ""10"": 5}"
2430,2430,True,,gemm\random\mappings\sample_2430_seed_2430.csv,5.444063600416617,326.32569531724,1.3127659285937197,0,0.0001666807,0.0,153600.0,25600.0,1.8216623685776632,0.001784004908630251,True,vec,16,"{""1"": 3, ""2"": 4, ""3"": 7, ""4"": 8, ""5"": 8, ""6"": 7, ""7"": 1, ""8"": 11, ""9"": 5, ""10"": 2}"
2431,2431,True,,gemm\random\mappings\sample_2431_seed_2431.csv,5.573971579480376,326.50822734551,1.3629061855825457,0,0.0001665187,0.0,123904.0,34816.0,1.4407855584209481,0.0017836742160381924,True,vec,16,"{""1"": 12, ""2"": 10, ""3"": 11, ""4"": 14, ""5"": 10, ""6"": 13, ""7"": 2, ""8"": 5, ""9"": 6, ""10"": 9}"
2432,2432,True,,gemm\random\mappings\sample_2432_seed_2432.csv,5.482370259622709,327.6286969304,1.479892324053928,1,0.0001467427,0.19557375000000002,108544.0,28672.0,1.7962705812338822,0.001683046385103519,True,vec,16,"{""1"": 10, ""2"": 15, ""3"": 1, ""4"": 11, ""5"": 3, ""6"": 11, ""7"": 11, ""8"": 2, ""9"": 8, ""10"": 9}"
2433,2433,True,,gemm\random\mappings\sample_2433_seed_2433.csv,5.11703021042977,328.29510201102,1.8677027242955193,2,0.0001190288,0.3450706770833313,90112.0,20480.0,1.3392184090458243,0.001540843160638772,True,vec,16,"{""1"": 9, ""2"": 13, ""3"": 4, ""4"": 15, ""5"": 8, ""6"": 15, ""7"": 10, ""8"": 12, ""9"": 11, ""10"": 12}"
2434,2434,True,,gemm\random\mappings\sample_2434_seed_2434.csv,5.38757244087178,327.52906086479,1.6264023656797468,1,0.0001177668,0.07136468750000001,117760.0,36864.0,1.4407855584209481,0.001526454598403782,True,vec,16,"{""1"": 12, ""2"": 15, ""3"": 13, ""4"": 6, ""5"": 9, ""6"": 0, ""7"": 8, ""8"": 15, ""9"": 11, ""10"": 9}"
2435,2435,True,,gemm\random\mappings\sample_2435_seed_2435.csv,5.026000378902098,327.11446919628,1.5333559835542019,0,0.0001465329,0.0,102400.0,24576.0,1.1868676849831383,0.0016780729291933534,True,vec,16,"{""1"": 7, ""2"": 11, ""3"": 10, ""4"": 9, ""5"": 14, ""6"": 5, ""7"": 2, ""8"": 8, ""9"": 2, ""10"": 8}"
2436,2436,True,,gemm\random\mappings\sample_2436_seed_2436.csv,5.82228266183232,329.12983800579,1.8110800745911257,3,0.000124005,0.4713425625,147456.0,25600.0,1.7073993255306488,0.0015779388509764,True,vec,16,"{""1"": 2, ""2"": 13, ""3"": 12, ""4"": 8, ""5"": 6, ""6"": 12, ""7"": 2, ""8"": 1, ""9"": 10, ""10"": 12}"
2437,2437,True,,gemm\random\mappings\sample_2437_seed_2437.csv,5.526375775974756,327.6177013111,1.4461717283425566,1,0.0001664047,0.195788875,65536.0,22528.0,2.659591350922436,0.0017861801699120862,True,vec,16,"{""1"": 10, ""2"": 15, ""3"": 11, ""4"": 9, ""5"": 9, ""6"": 9, ""7"": 3, ""8"": 10, ""9"": 10, ""10"": 8}"
2438,2438,True,,gemm\random\mappings\sample_2438_seed_2438.csv,4.240379158494131,326.23120510836,1.3745987707035947,0,0.0001168749,0.0,110592.0,12288.0,1.5296568141241818,0.0015174812832549074,True,vec,16,"{""1"": 14, ""2"": 6, ""3"": 7, ""4"": 14, ""5"": 4, ""6"": 1, ""7"": 12, ""8"": 6, ""9"": 11, ""10"": 11}"
2439,2439,True,,gemm\random\mappings\sample_2439_seed_2439.csv,5.655505419171769,326.20516148764,1.4074491373882538,0,0.0001666447,0.0,155648.0,33792.0,1.4407855584209481,0.001784472832158515,True,vec,16,"{""1"": 0, ""2"": 1, ""3"": 7, ""4"": 11, ""5"": 11, ""6"": 2, ""7"": 12, ""8"": 6, ""9"": 13, ""10"": 8}"
2440,2440,True,,gemm\random\mappings\sample_2440_seed_2440.csv,5.307073561567963,328.16542576793,1.7251448650246803,2,0.0001197887,0.5245713942307687,87040.0,26624.0,1.5296568141241818,0.0015482937528473232,True,vec,16,"{""1"": 15, ""2"": 14, ""3"": 4, ""4"": 15, ""5"": 10, ""6"": 9, ""7"": 8, ""8"": 10, ""9"": 2, ""10"": 8}"
2441,2441,True,,gemm\random\mappings\sample_2441_seed_2441.csv,5.232521859710413,327.55623332099,1.4629021584969666,1,0.0001665548,0.14668041666666876,93184.0,18432.0,1.4407855584209481,0.0017862176720076525,True,vec,16,"{""1"": 12, ""2"": 8, ""3"": 11, ""4"": 13, ""5"": 8, ""6"": 15, ""7"": 14, ""8"": 4, ""9"": 1, ""10"": 7}"
2442,2442,True,,gemm\random\mappings\sample_2442_seed_2442.csv,5.521948390641584,327.7589185996,1.5383289428887539,1,0.0001466988,0.2514345,143360.0,26624.0,1.4153937710771671,0.0016847674972707573,True,vec,16,"{""1"": 10, ""2"": 3, ""3"": 12, ""4"": 4, ""5"": 0, ""6"": 9, ""7"": 9, ""8"": 3, ""9"": 1, ""10"": 15}"
2443,2443,True,,gemm\random\mappings\sample_2443_seed_2443.csv,5.218081552597486,326.66573141346,1.4524889011228863,0,0.0001465529,0.0,128000.0,28672.0,1.4153937710771671,0.001677450943481519,True,vec,16,"{""1"": 13, ""2"": 3, ""3"": 11, ""4"": 5, ""5"": 14, ""6"": 0, ""7"": 12, ""8"": 14, ""9"": 12, ""10"": 6}"
2444,2444,True,,gemm\random\mappings\sample_2444_seed_2444.csv,5.37081616186072,328.41037513369,1.7918614142347318,2,0.0001204006,0.557624609375,92160.0,27648.0,1.2630430470144813,0.001551983074284657,True,vec,16,"{""1"": 14, ""2"": 9, ""3"": 13, ""4"": 12, ""5"": 2, ""6"": 13, ""7"": 8, ""8"": 15, ""9"": 0, ""10"": 14}"
2445,2445,True,,gemm\random\mappings\sample_2445_seed_2445.csv,4.352026728176389,326.80650650791,1.4123876464172371,0,0.0001167446,0.0,111616.0,18432.0,0.8059908748264233,0.0015170099949947883,True,vec,16,"{""1"": 14, ""2"": 13, ""3"": 0, ""4"": 7, ""5"": 10, ""6"": 11, ""7"": 2, ""8"": 1, ""9"": 4, ""10"": 6}"
2446,2446,True,,gemm\random\mappings\sample_2446_seed_2446.csv,5.411503718977738,327.55941002625,1.700261543772454,1,0.0001183309,0.161472625,138240.0,34816.0,1.1868676849831383,0.001531306654354306,True,vec,16,"{""1"": 11, ""2"": 8, ""3"": 1, ""4"": 2, ""5"": 12, ""6"": 9, ""7"": 1, ""8"": 10, ""9"": 4, ""10"": 3}"
2447,2447,True,,gemm\random\mappings\sample_2447_seed_2447.csv,4.843120100392969,327.52422864294,1.5837069028832051,1,0.0001178027,0.1475185,118784.0,18432.0,1.5677444951398531,0.0015271106755981297,True,vec,16,"{""1"": 13, ""2"": 11, ""3"": 15, ""4"": 0, ""5"": 8, ""6"": 9, ""7"": 2, ""8"": 0, ""9"": 11, ""10"": 7}"
2448,2448,True,,gemm\random\mappings\sample_2448_seed_2448.csv,5.4454853347309005,327.5911362279,1.705669394011916,1,0.0001178187,0.1022451388888875,174080.0,33792.0,0.9202539178734378,0.00152749533510783,True,vec,16,"{""1"": 15, ""2"": 5, ""3"": 1, ""4"": 4, ""5"": 10, ""6"": 3, ""7"": 14, ""8"": 15, ""9"": 0, ""10"": 7}"
2449,2449,True,,gemm\random\mappings\sample_2449_seed_2449.csv,4.6725211165189995,327.2073874616,1.626409747361044,1,0.0001167586,0.011395416666666875,81920.0,24576.0,0.8059908748264233,0.0015185357085237175,True,vec,16,"{""1"": 2, ""2"": 10, ""3"": 6, ""4"": 14, ""5"": 3, ""6"": 5, ""7"": 4, ""8"": 8, ""9"": 11, ""10"": 9}"
2450,2450,True,,gemm\random\mappings\sample_2450_seed_2450.csv,5.62753515433422,328.14828055876,1.4903992388253828,1,0.0001685728,0.131357375,137216.0,18432.0,2.050188454671692,0.0018011297534603645,True,vec,16,"{""1"": 15, ""2"": 5, ""3"": 3, ""4"": 3, ""5"": 9, ""6"": 1, ""7"": 5, ""8"": 1, ""9"": 7, ""10"": 8}"
2451,2451,True,,gemm\random\mappings\sample_2451_seed_2451.csv,4.515308803618607,327.62870191256,1.7419260490995374,1,0.0001177766,0.19671462500000003,81920.0,12288.0,1.1487800039674667,0.0015287885686180477,True,vec,16,"{""1"": 7, ""2"": 15, ""3"": 13, ""4"": 3, ""5"": 7, ""6"": 9, ""7"": 1, ""8"": 2, ""9"": 10, ""10"": 2}"
2452,2452,True,,gemm\random\mappings\sample_2452_seed_2452.csv,5.138883332990228,326.20514315965,1.34919345494613,0,0.0001666666,0.0,96256.0,18432.0,2.431065264828407,0.0017839844168680036,True,vec,16,"{""1"": 6, ""2"": 1, ""3"": 11, ""4"": 1, ""5"": 7, ""6"": 11, ""7"": 13, ""8"": 11, ""9"": 8, ""10"": 15}"
2453,2453,True,,gemm\random\mappings\sample_2453_seed_2453.csv,5.9291651221434165,328.22899099113,1.7853391590243237,2,0.000120707,0.4618090625,163840.0,34816.0,1.7200952192025392,0.0015548528221679926,True,vec,16,"{""1"": 15, ""2"": 5, ""3"": 13, ""4"": 1, ""5"": 0, ""6"": 14, ""7"": 13, ""8"": 11, ""9"": 0, ""10"": 11}"
2454,2454,True,,gemm\random\mappings\sample_2454_seed_2454.csv,5.205825343960401,329.2891762233,1.7676747986776575,3,0.0001246146,1.2011102500000002,69632.0,16384.0,0.8059908748264233,0.0015870878808634044,True,vec,16,"{""1"": 6, ""2"": 7, ""3"": 3, ""4"": 10, ""5"": 2, ""6"": 11, ""7"": 13, ""8"": 5, ""9"": 4, ""10"": 9}"
2455,2455,True,,gemm\random\mappings\sample_2455_seed_2455.csv,5.173274241080898,327.69024850947,1.718792468084197,2,0.0001187027,0.440319875,167936.0,17408.0,1.1868676849831383,0.0015396337841352568,True,vec,16,"{""1"": 15, ""2"": 4, ""3"": 7, ""4"": 3, ""5"": 0, ""6"": 2, ""7"": 10, ""8"": 4, ""9"": 14, ""10"": 9}"
2456,2456,True,,gemm\random\mappings\sample_2456_seed_2456.csv,5.417478514508371,326.81922935495,1.3427129917968785,0,0.0001665189,0.0,122880.0,28672.0,1.5169609204522911,0.0017833441355696994,True,vec,16,"{""1"": 1, ""2"": 11, ""3"": 9, ""4"": 13, ""5"": 9, ""6"": 7, ""7"": 15, ""8"": 6, ""9"": 14, ""10"": 1}"
2457,2457,True,,gemm\random\mappings\sample_2457_seed_2457.csv,5.0189753607828855,327.99766215399,1.6890069741873788,2,0.0001195089,0.6773580416666688,95232.0,18432.0,1.2503471533425907,0.0015451800497769952,True,vec,16,"{""1"": 1, ""2"": 1, ""3"": 8, ""4"": 10, ""5"": 0, ""6"": 15, ""7"": 5, ""8"": 14, ""9"": 7, ""10"": 8}"
2458,2458,True,,gemm\random\mappings\sample_2458_seed_2458.csv,4.48412518535131,326.73924341734,1.4275158046716145,0,0.0001168386,0.0,112640.0,16384.0,1.6820075381868678,0.0015176497679289676,True,vec,16,"{""1"": 5, ""2"": 2, ""3"": 13, ""4"": 0, ""5"": 15, ""6"": 0, ""7"": 10, ""8"": 13, ""9"": 5, ""10"": 9}"
2459,2459,True,,gemm\random\mappings\sample_2459_seed_2459.csv,4.423323475823167,326.4777992643,1.5072349177110957,0,0.0001166167,0.0,95232.0,18432.0,1.3773060900614957,0.0015169816048819565,True,vec,16,"{""1"": 11, ""2"": 5, ""3"": 4, ""4"": 11, ""5"": 7, ""6"": 3, ""7"": 4, ""8"": 12, ""9"": 15, ""10"": 6}"
2460,2460,True,,gemm\random\mappings\sample_2460_seed_2460.csv,6.227231965500095,328.15991563914,1.993112048456605,4,0.0001217311,0.8722100625,139264.0,35840.0,1.5677444951398531,0.0015668944915432303,True,vec,16,"{""1"": 2, ""2"": 12, ""3"": 5, ""4"": 0, ""5"": 8, ""6"": 0, ""7"": 4, ""8"": 6, ""9"": 8, ""10"": 15}"
2461,2461,True,,gemm\random\mappings\sample_2461_seed_2461.csv,4.792126008712901,326.45627793482,1.3437689172556118,0,0.0001461186,0.0,90112.0,19456.0,1.7962705812338822,0.0016738801847999139,True,vec,16,"{""1"": 1, ""2"": 10, ""3"": 5, ""4"": 3, ""5"": 4, ""6"": 2, ""7"": 5, ""8"": 5, ""9"": 7, ""10"": 9}"
2462,2462,True,,gemm\random\mappings\sample_2462_seed_2462.csv,5.474480411891578,327.84551229376,1.7465041595435162,2,0.0001178566,0.302679875,116736.0,32768.0,1.3392184090458243,0.0015295131483669736,True,vec,16,"{""1"": 4, ""2"": 1, ""3"": 9, ""4"": 13, ""5"": 14, ""6"": 14, ""7"": 11, ""8"": 10, ""9"": 7, ""10"": 10}"
2463,2463,True,,gemm\random\mappings\sample_2463_seed_2463.csv,5.198168074075686,327.63337093825,1.6221944542935836,1,0.0001689169,0.1505242391304375,61440.0,12288.0,2.202539178734378,0.0018054194627028168,True,vec,16,"{""1"": 3, ""2"": 10, ""3"": 7, ""4"": 3, ""5"": 3, ""6"": 14, ""7"": 7, ""8"": 8, ""9"": 1, ""10"": 12}"
2464,2464,True,,gemm\random\mappings\sample_2464_seed_2464.csv,5.908767973788319,327.69750826411,1.6204898083126225,1,0.0001466008,0.22492312499999997,151552.0,33792.0,1.9105336242808966,0.0016838783214943183,True,vec,16,"{""1"": 15, ""2"": 12, ""3"": 0, ""4"": 6, ""5"": 8, ""6"": 13, ""7"": 8, ""8"": 15, ""9"": 8, ""10"": 14}"
2465,2465,True,,gemm\random\mappings\sample_2465_seed_2465.csv,5.165590275870441,326.80136850457,1.4720407900985413,0,0.0001467629,0.0,133120.0,18432.0,2.431065264828407,0.0016789509032441648,True,vec,16,"{""1"": 14, ""2"": 3, ""3"": 4, ""4"": 15, ""5"": 6, ""6"": 8, ""7"": 4, ""8"": 4, ""9"": 15, ""10"": 3}"
2466,2466,True,,gemm\random\mappings\sample_2466_seed_2466.csv,4.4843071226588425,326.66871713273,1.6572020110938077,0,0.0001167587,0.0,54272.0,16384.0,2.25332275342194,0.0015185494319636817,True,vec,16,"{""1"": 10, ""2"": 11, ""3"": 10, ""4"": 2, ""5"": 6, ""6"": 10, ""7"": 11, ""8"": 12, ""9"": 6, ""10"": 9}"
2467,2467,True,,gemm\random\mappings\sample_2467_seed_2467.csv,6.038052316772677,328.36490512789,1.577426641390299,2,0.0001693848,0.4201283541666687,133120.0,25600.0,1.8978377306090062,0.0018109997224482436,True,vec,16,"{""1"": 6, ""2"": 2, ""3"": 0, ""4"": 12, ""5"": 12, ""6"": 4, ""7"": 14, ""8"": 13, ""9"": 0, ""10"": 6}"
2468,2468,True,,gemm\random\mappings\sample_2468_seed_2468.csv,4.598566964309845,326.47263870644,1.5078586834188699,0,0.0001168067,0.0,87040.0,24576.0,1.4407855584209481,0.0015177536175789731,True,vec,16,"{""1"": 8, ""2"": 15, ""3"": 9, ""4"": 4, ""5"": 5, ""6"": 6, ""7"": 13, ""8"": 5, ""9"": 2, ""10"": 9}"
2469,2469,True,,gemm\random\mappings\sample_2469_seed_2469.csv,5.019698487680936,326.89209964979,1.594715684090482,0,0.0001167886,0.0,121856.0,34816.0,0.9202539178734378,0.001518316545098709,True,vec,16,"{""1"": 8, ""2"": 7, ""3"": 2, ""4"": 11, ""5"": 9, ""6"": 6, ""7"": 13, ""8"": 15, ""9"": 8, ""10"": 12}"
2470,2470,True,,gemm\random\mappings\sample_2470_seed_2470.csv,4.820551548268418,327.61937543482,1.4975450616934187,1,0.0001175208,0.191563125,91136.0,24576.0,1.1868676849831383,0.0015239988367389144,True,vec,16,"{""1"": 8, ""2"": 5, ""3"": 4, ""4"": 13, ""5"": 10, ""6"": 0, ""7"": 13, ""8"": 7, ""9"": 1, ""10"": 6}"
2471,2471,True,,gemm\random\mappings\sample_2471_seed_2471.csv,4.801264674425167,327.40060556945,1.485405075605436,1,0.0001169068,0.026045000000000002,109568.0,17408.0,2.126363816703035,0.0015194568991203905,True,vec,16,"{""1"": 13, ""2"": 4, ""3"": 13, ""4"": 6, ""5"": 7, ""6"": 9, ""7"": 13, ""8"": 4, ""9"": 14, ""10"": 7}"
2472,2472,True,,gemm\random\mappings\sample_2472_seed_2472.csv,5.469770822067658,327.90400517233,1.8488884751210695,2,0.0001191789,0.40658017187500006,144384.0,24576.0,1.5677444951398531,0.0015446174956112253,True,vec,16,"{""1"": 12, ""2"": 1, ""3"": 0, ""4"": 15, ""5"": 2, ""6"": 2, ""7"": 0, ""8"": 6, ""9"": 10, ""10"": 7}"
2473,2473,True,,gemm\random\mappings\sample_2473_seed_2473.csv,5.282182099039,329.12945656109,1.7724945289521261,3,0.000123923,0.918703125,95232.0,18432.0,0.8059908748264233,0.001577541536839323,True,vec,16,"{""1"": 11, ""2"": 7, ""3"": 9, ""4"": 2, ""5"": 3, ""6"": 10, ""7"": 8, ""8"": 5, ""9"": 1, ""10"": 15}"
2474,2474,True,,gemm\random\mappings\sample_2474_seed_2474.csv,4.890100566588701,328.23546812803,1.7940299892424731,2,0.000120557,0.5098847664835187,76800.0,12288.0,1.6312239634993058,0.001554514364339214,True,vec,16,"{""1"": 13, ""2"": 12, ""3"": 13, ""4"": 6, ""5"": 9, ""6"": 7, ""7"": 10, ""8"": 5, ""9"": 6, ""10"": 12}"
2475,2475,True,,gemm\random\mappings\sample_2475_seed_2475.csv,5.024664277111536,328.00116063023,1.6585205425572473,3,0.000118349,0.6291022916666645,95232.0,18432.0,0.9964292799047808,0.001535197461687035,True,vec,16,"{""1"": 1, ""2"": 6, ""3"": 9, ""4"": 10, ""5"": 1, ""6"": 13, ""7"": 15, ""8"": 8, ""9"": 14, ""10"": 4}"
2476,2476,True,,gemm\random\mappings\sample_2476_seed_2476.csv,4.768666121850646,326.67258623376,1.3151136454595547,0,0.0001462626,0.0,98304.0,18432.0,1.6439198571711962,0.0016746835507404495,True,vec,16,"{""1"": 6, ""2"": 7, ""3"": 11, ""4"": 12, ""5"": 9, ""6"": 6, ""7"": 6, ""8"": 11, ""9"": 4, ""10"": 5}"
2477,2477,True,,gemm\random\mappings\sample_2477_seed_2477.csv,6.251599966764104,328.19851110887,1.727659194502013,3,0.0001481407,0.9225953906250001,144384.0,32768.0,1.5677444951398531,0.0017113560632450319,True,vec,16,"{""1"": 7, ""2"": 13, ""3"": 12, ""4"": 14, ""5"": 10, ""6"": 13, ""7"": 1, ""8"": 1, ""9"": 4, ""10"": 4}"
2478,2478,True,,gemm\random\mappings\sample_2478_seed_2478.csv,5.444032970700558,326.36414782393,1.3086817390483088,0,0.0001666646,0.0,130048.0,27648.0,1.9359254116246776,0.001783663390899085,True,vec,16,"{""1"": 6, ""2"": 11, ""3"": 12, ""4"": 12, ""5"": 4, ""6"": 5, ""7"": 6, ""8"": 14, ""9"": 11, ""10"": 10}"
2479,2479,True,,gemm\random\mappings\sample_2479_seed_2479.csv,5.462117366555204,327.69067586591,1.8674062110697343,3,0.0001196169,0.45874233159722505,180224.0,18432.0,1.3011307280301527,0.0015478971524480445,True,vec,16,"{""1"": 12, ""2"": 7, ""3"": 4, ""4"": 0, ""5"": 3, ""6"": 13, ""7"": 15, ""8"": 3, ""9"": 12, ""10"": 6}"
2480,2480,True,,gemm\random\mappings\sample_2480_seed_2480.csv,4.922105008811699,327.78882821144,1.4829731740187033,1,0.0001464067,0.26868975,75776.0,16384.0,1.4153937710771671,0.0016820227145781185,True,vec,16,"{""1"": 2, ""2"": 1, ""3"": 10, ""4"": 6, ""5"": 0, ""6"": 13, ""7"": 6, ""8"": 13, ""9"": 9, ""10"": 5}"
2481,2481,True,,gemm\random\mappings\sample_2481_seed_2481.csv,5.260132315258501,326.41359230292,1.5037862615329458,0,0.0001663567,0.0,90112.0,20480.0,2.3929775838127356,0.001782108262169654,True,vec,16,"{""1"": 3, ""2"": 1, ""3"": 3, ""4"": 15, ""5"": 1, ""6"": 8, ""7"": 5, ""8"": 1, ""9"": 6, ""10"": 4}"
2482,2482,True,,gemm\random\mappings\sample_2482_seed_2482.csv,4.275242082593288,326.80589070812,1.5106462537350394,0,0.0001168106,0.0,93184.0,12288.0,1.4407855584209481,0.0015180007324491545,True,vec,16,"{""1"": 6, ""2"": 14, ""3"": 2, ""4"": 13, ""5"": 11, ""6"": 2, ""7"": 5, ""8"": 10, ""9"": 9, ""10"": 11}"
2483,2483,True,,gemm\random\mappings\sample_2483_seed_2483.csv,5.980894804779483,327.45809222741,1.4310208266944668,1,0.0001666929,0.12020774999999999,156672.0,34816.0,1.5550486014679628,0.001787658747494689,True,vec,16,"{""1"": 4, ""2"": 14, ""3"": 2, ""4"": 3, ""5"": 14, ""6"": 4, ""7"": 5, ""8"": 10, ""9"": 7, ""10"": 8}"
2484,2484,True,,gemm\random\mappings\sample_2484_seed_2484.csv,4.666827528250883,326.76214626078,1.6453996665604345,0,0.0001168211,0.0,83968.0,24576.0,1.3773060900614957,0.001518910133089711,True,vec,16,"{""1"": 7, ""2"": 9, ""3"": 6, ""4"": 2, ""5"": 7, ""6"": 15, ""7"": 9, ""8"": 8, ""9"": 3, ""10"": 0}"
2485,2485,True,,gemm\random\mappings\sample_2485_seed_2485.csv,4.584662176737679,326.51238729312,1.5079587686046558,0,0.0001166927,0.0,123904.0,18432.0,1.5931362824836341,0.0015171426784738797,True,vec,16,"{""1"": 0, ""2"": 4, ""3"": 12, ""4"": 11, ""5"": 6, ""6"": 2, ""7"": 12, ""8"": 14, ""9"": 1, ""10"": 12}"
2486,2486,True,,gemm\random\mappings\sample_2486_seed_2486.csv,5.245156502529782,327.77463847865,1.3215914056981393,1,0.0001665869,0.23281041666666874,79872.0,20480.0,1.5550486014679628,0.001786193337484215,True,vec,16,"{""1"": 5, ""2"": 10, ""3"": 2, ""4"": 4, ""5"": 4, ""6"": 5, ""7"": 7, ""8"": 3, ""9"": 1, ""10"": 11}"
2487,2487,True,,gemm\random\mappings\sample_2487_seed_2487.csv,5.695152781938339,327.46473819787,1.562434723279455,1,0.0001677527,0.06398025,120832.0,24576.0,2.050188454671692,0.001793318597041602,True,vec,16,"{""1"": 8, ""2"": 15, ""3"": 5, ""4"": 0, ""5"": 15, ""6"": 14, ""7"": 14, ""8"": 5, ""9"": 13, ""10"": 10}"
2488,2488,True,,gemm\random\mappings\sample_2488_seed_2488.csv,4.973368401175,326.39210723647,1.425877590609739,0,0.0001459909,0.0,75776.0,20480.0,2.5961118825629836,0.0016736337340124538,True,vec,16,"{""1"": 11, ""2"": 7, ""3"": 11, ""4"": 4, ""5"": 9, ""6"": 7, ""7"": 11, ""8"": 0, ""9"": 11, ""10"": 1}"
2489,2489,True,,gemm\random\mappings\sample_2489_seed_2489.csv,4.9788810701663095,326.40830424426,1.3763244089887132,0,0.0001462167,0.0,72704.0,24576.0,2.177147391390597,0.0016745638894054393,True,vec,16,"{""1"": 5, ""2"": 2, ""3"": 6, ""4"": 9, ""5"": 11, ""6"": 10, ""7"": 6, ""8"": 6, ""9"": 11, ""10"": 14}"
2490,2490,True,,gemm\random\mappings\sample_2490_seed_2490.csv,5.912984938610217,327.29946162692,1.455576386351508,1,0.0001962928,0.03501770833333313,67584.0,20480.0,3.3832572902201945,0.00194308860487382,True,vec,16,"{""1"": 9, ""2"": 1, ""3"": 1, ""4"": 9, ""5"": 13, ""6"": 2, ""7"": 0, ""8"": 1, ""9"": 1, ""10"": 8}"
2491,2491,True,,gemm\random\mappings\sample_2491_seed_2491.csv,4.928535263331331,326.3829002691,1.4571450765768459,0,0.0001763568,0.0,100352.0,9216.0,1.8724459432652252,0.0018370875370151932,True,vec,16,"{""1"": 5, ""2"": 4, ""3"": 13, ""4"": 15, ""5"": 1, ""6"": 12, ""7"": 12, ""8"": 4, ""9"": 12, ""10"": 0}"
2492,2492,True,,gemm\random\mappings\sample_2492_seed_2492.csv,5.933171353539922,329.51046727148,1.9827453256769842,3,0.0001254007,1.47476109375,144384.0,18432.0,1.6439198571711962,0.0016035184803708925,True,vec,16,"{""1"": 14, ""2"": 3, ""3"": 1, ""4"": 2, ""5"": 7, ""6"": 11, ""7"": 12, ""8"": 1, ""9"": 2, ""10"": 14}"
2493,2493,True,,gemm\random\mappings\sample_2493_seed_2493.csv,4.687060219774279,326.82664858088,1.5485539536956388,0,0.0001166626,0.0,96256.0,26624.0,1.1487800039674667,0.0015172504095104147,True,vec,16,"{""1"": 5, ""2"": 2, ""3"": 10, ""4"": 5, ""5"": 15, ""6"": 13, ""7"": 8, ""8"": 11, ""9"": 9, ""10"": 13}"
2494,2494,True,,gemm\random\mappings\sample_2494_seed_2494.csv,5.67780918406171,326.50741845158,1.3777249643087717,0,0.0001664568,0.0,78848.0,34816.0,2.684983138266217,0.0017829466816295485,True,vec,16,"{""1"": 5, ""2"": 6, ""3"": 2, ""4"": 6, ""5"": 11, ""6"": 1, ""7"": 10, ""8"": 11, ""9"": 11, ""10"": 2}"
2495,2495,True,,gemm\random\mappings\sample_2495_seed_2495.csv,4.552244826631142,327.03510576922,1.599405549054011,0,0.0001168907,0.0,113664.0,18432.0,1.1741717913112477,0.001519022321832299,True,vec,16,"{""1"": 2, ""2"": 3, ""3"": 13, ""4"": 11, ""5"": 4, ""6"": 7, ""7"": 6, ""8"": 2, ""9"": 0, ""10"": 3}"
2496,2496,True,,gemm\random\mappings\sample_2496_seed_2496.csv,5.07592635174132,326.23086953856,1.4103906960165766,0,0.0001465029,0.0,135168.0,24576.0,1.5169609204522911,0.0016758971689391502,True,vec,16,"{""1"": 3, ""2"": 11, ""3"": 8, ""4"": 9, ""5"": 1, ""6"": 14, ""7"": 14, ""8"": 0, ""9"": 0, ""10"": 1}"
2497,2497,True,,gemm\random\mappings\sample_2497_seed_2497.csv,4.75557611379582,327.49437165289,1.5831116208515414,1,0.000117915,0.135478375,125952.0,18432.0,1.0599087482642333,0.0015276199126146002,True,vec,16,"{""1"": 14, ""2"": 4, ""3"": 11, ""4"": 15, ""5"": 1, ""6"": 7, ""7"": 9, ""8"": 0, ""9"": 2, ""10"": 11}"
2498,2498,True,,gemm\random\mappings\sample_2498_seed_2498.csv,6.112916566128865,327.83099173856,1.6120027533599108,1,0.0001702869,0.22348824999999997,125952.0,32768.0,2.126363816703035,0.0018154250279576994,True,vec,16,"{""1"": 5, ""2"": 3, ""3"": 11, ""4"": 3, ""5"": 2, ""6"": 2, ""7"": 4, ""8"": 15, ""9"": 15, ""10"": 5}"
2499,2499,True,,gemm\random\mappings\sample_2499_seed_2499.csv,5.037886406457376,327.62368690968,1.58352202464095,1,0.000117377,0.18136333333333127,138240.0,24576.0,1.1868676849831383,0.001524169087694314,True,vec,16,"{""1"": 8, ""2"": 4, ""3"": 2, ""4"": 7, ""5"": 15, ""6"": 0, ""7"": 3, ""8"": 11, ""9"": 4, ""10"": 14}"
2500,2500,True,,gemm\random\mappings\sample_2500_seed_2500.csv,5.724695572048154,327.45870221623,1.8406220073656165,2,0.0001177826,0.151702,159744.0,33792.0,1.7200952192025392,0.001528225277645864,True,vec,16,"{""1"": 0, ""2"": 7, ""3"": 15, ""4"": 10, ""5"": 6, ""6"": 1, ""7"": 2, ""8"": 10, ""9"": 6, ""10"": 1}"
2501,2501,True,,gemm\random\mappings\sample_2501_seed_2501.csv,5.35473562915062,328.09131091568,1.6658576083252465,3,0.0001465067,0.5172063125,91136.0,16384.0,1.4153937710771671,0.0016910378632084006,True,vec,16,"{""1"": 5, ""2"": 10, ""3"": 3, ""4"": 0, ""5"": 1, ""6"": 3, ""7"": 7, ""8"": 6, ""9"": 6, ""10"": 11}"
2502,2502,True,,gemm\random\mappings\sample_2502_seed_2502.csv,5.353514785704663,325.75127217507,1.1898587460596772,0,0.0001665506,0.0,125952.0,25600.0,2.431065264828407,0.0017819647654716037,True,vec,16,"{""1"": 4, ""2"": 2, ""3"": 8, ""4"": 11, ""5"": 2, ""6"": 14, ""7"": 7, ""8"": 8, ""9"": 8, ""10"": 9}"
2503,2503,True,,gemm\random\mappings\sample_2503_seed_2503.csv,5.210778708153199,327.67672484474,1.290822011708998,1,0.0001663927,0.181840625,82944.0,20480.0,1.5169609204522911,0.0017842830921192263,True,vec,16,"{""1"": 10, ""2"": 12, ""3"": 5, ""4"": 6, ""5"": 6, ""6"": 15, ""7"": 0, ""8"": 14, ""9"": 2, ""10"": 10}"
2504,2504,True,,gemm\random\mappings\sample_2504_seed_2504.csv,5.836562776958812,327.61973769004,1.630239611922972,1,0.0001665046,0.08180955,86016.0,26624.0,2.8500297560007937,0.0017888991045367174,True,vec,16,"{""1"": 3, ""2"": 3, ""3"": 5, ""4"": 5, ""5"": 2, ""6"": 3, ""7"": 3, ""8"": 10, ""9"": 0, ""10"": 14}"
2505,2505,True,,gemm\random\mappings\sample_2505_seed_2505.csv,5.056647339467281,328.20338112875,1.7109949958105684,2,0.0001205047,0.5762929999999999,119808.0,16384.0,1.1868676849831383,0.001551859174632725,True,vec,16,"{""1"": 9, ""2"": 15, ""3"": 1, ""4"": 0, ""5"": 5, ""6"": 4, ""7"": 8, ""8"": 7, ""9"": 15, ""10"": 2}"
2506,2506,True,,gemm\random\mappings\sample_2506_seed_2506.csv,5.022161692606328,327.55788251198,1.5590056808691155,1,0.0001182108,0.1608125,128000.0,26624.0,1.0599087482642333,0.0015294412414271225,True,vec,16,"{""1"": 14, ""2"": 11, ""3"": 4, ""4"": 13, ""5"": 0, ""6"": 5, ""7"": 1, ""8"": 15, ""9"": 8, ""10"": 11}"
2507,2507,True,,gemm\random\mappings\sample_2507_seed_2507.csv,5.8719979393352535,327.61993276686,1.4746713981114548,1,0.0001677626,0.0584603125,178176.0,24576.0,1.9740130926403492,0.0017940076698549003,True,vec,16,"{""1"": 3, ""2"": 12, ""3"": 10, ""4"": 15, ""5"": 12, ""6"": 11, ""7"": 8, ""8"": 6, ""9"": 10, ""10"": 11}"
2508,2508,True,,gemm\random\mappings\sample_2508_seed_2508.csv,4.846424919905071,327.85211486882,1.8798266809137678,3,0.0001187587,0.4908447135416687,76800.0,10240.0,1.3773060900614957,0.00154125656447519,True,vec,16,"{""1"": 4, ""2"": 0, ""3"": 4, ""4"": 12, ""5"": 6, ""6"": 5, ""7"": 0, ""8"": 2, ""9"": 3, ""10"": 13}"
2509,2509,True,,gemm\random\mappings\sample_2509_seed_2509.csv,6.589205061811698,327.84163348771,1.7428809991564982,2,0.0001693668,0.26940855769230626,203776.0,32768.0,2.202539178734378,0.001811417262829333,True,vec,16,"{""1"": 15, ""2"": 0, ""3"": 2, ""4"": 1, ""5"": 0, ""6"": 3, ""7"": 0, ""8"": 5, ""9"": 7, ""10"": 9}"
2510,2510,True,,gemm\random\mappings\sample_2510_seed_2510.csv,4.706166545117247,327.62308188728,1.59584103966264,1,0.0001171646,0.07287234375,93184.0,16384.0,1.7200952192025392,0.0015228077570568785,True,vec,16,"{""1"": 9, ""2"": 12, ""3"": 6, ""4"": 2, ""5"": 5, ""6"": 12, ""7"": 8, ""8"": 15, ""9"": 2, ""10"": 8}"
2511,2511,True,,gemm\random\mappings\sample_2511_seed_2511.csv,5.68759158806946,328.23589025162,1.9254118129459996,2,0.0001220668,0.57621053125,177152.0,24576.0,1.3392184090458243,0.0015670186124314006,True,vec,16,"{""1"": 12, ""2"": 6, ""3"": 4, ""4"": 3, ""5"": 7, ""6"": 3, ""7"": 15, ""8"": 2, ""9"": 0, ""10"": 15}"
2512,2512,True,,gemm\random\mappings\sample_2512_seed_2512.csv,5.046366746289188,327.78202847806,1.6730727698533492,2,0.0001192488,0.3214645833333312,124928.0,20480.0,1.0726046419361237,0.0015387944400540368,True,vec,16,"{""1"": 3, ""2"": 11, ""3"": 15, ""4"": 8, ""5"": 1, ""6"": 7, ""7"": 3, ""8"": 14, ""9"": 10, ""10"": 10}"
2513,2513,True,,gemm\random\mappings\sample_2513_seed_2513.csv,5.5279227449618835,328.22349896916,1.7597438530018819,3,0.0001215926,0.8217133333333312,117760.0,24576.0,1.3392184090458243,0.0015592611614317175,True,vec,16,"{""1"": 11, ""2"": 7, ""3"": 12, ""4"": 8, ""5"": 14, ""6"": 14, ""7"": 3, ""8"": 2, ""9"": 6, ""10"": 2}"
2514,2514,True,,gemm\random\mappings\sample_2514_seed_2514.csv,5.5656567819106835,326.65880255306,1.3525118452291263,0,0.000166837,0.0,160768.0,26624.0,1.8597500495933346,0.0017853074492732571,True,vec,16,"{""1"": 3, ""2"": 3, ""3"": 8, ""4"": 8, ""5"": 14, ""6"": 9, ""7"": 15, ""8"": 7, ""9"": 7, ""10"": 12}"
2515,2515,True,,gemm\random\mappings\sample_2515_seed_2515.csv,4.703216103330977,327.53041189794,1.599325823782188,1,0.0001181848,0.15014424999999998,104448.0,17408.0,1.2630430470144813,0.0015294596575239029,True,vec,16,"{""1"": 6, ""2"": 0, ""3"": 11, ""4"": 15, ""5"": 5, ""6"": 14, ""7"": 9, ""8"": 8, ""9"": 5, ""10"": 6}"
2516,2516,True,,gemm\random\mappings\sample_2516_seed_2516.csv,4.754394248933774,327.04086739236,1.4287774339953536,0,0.0001466028,0.0,90112.0,18432.0,1.2884348343582623,0.0016774117821556245,True,vec,16,"{""1"": 10, ""2"": 8, ""3"": 11, ""4"": 6, ""5"": 3, ""6"": 1, ""7"": 12, ""8"": 2, ""9"": 2, ""10"": 11}"
2517,2517,True,,gemm\random\mappings\sample_2517_seed_2517.csv,5.009217926329023,326.2753838209,1.3412861216687193,0,0.0001665547,0.0,105472.0,17408.0,1.8089664749057726,0.0017833368733448456,True,vec,16,"{""1"": 6, ""2"": 9, ""3"": 15, ""4"": 9, ""5"": 3, ""6"": 11, ""7"": 6, ""8"": 7, ""9"": 14, ""10"": 15}"
2518,2518,True,,gemm\random\mappings\sample_2518_seed_2518.csv,4.750547366745577,326.50509996168,1.3879790487897827,0,0.0001661009,0.0,84992.0,10240.0,1.8216623685776632,0.001781276320714973,True,vec,16,"{""1"": 13, ""2"": 0, ""3"": 13, ""4"": 13, ""5"": 9, ""6"": 15, ""7"": 1, ""8"": 14, ""9"": 3, ""10"": 4}"
2519,2519,True,,gemm\random\mappings\sample_2519_seed_2519.csv,5.787120167984083,326.82545997258,1.3976877232256815,0,0.0001665807,0.0,161792.0,32768.0,1.8216623685776632,0.0017840905366367527,True,vec,16,"{""1"": 0, ""2"": 13, ""3"": 10, ""4"": 10, ""5"": 11, ""6"": 12, ""7"": 7, ""8"": 13, ""9"": 9, ""10"": 8}"
2520,2520,True,,gemm\random\mappings\sample_2520_seed_2520.csv,5.741002519401445,327.62735356573,1.6611647726210366,1,0.0001466148,0.20160791666666875,134144.0,33792.0,1.4153937710771671,0.001682430060021357,True,vec,16,"{""1"": 13, ""2"": 2, ""3"": 7, ""4"": 10, ""5"": 6, ""6"": 11, ""7"": 15, ""8"": 6, ""9"": 11, ""10"": 5}"
2521,2521,True,,gemm\random\mappings\sample_2521_seed_2521.csv,4.791534234025931,326.96281305136,1.5969240851150917,0,0.0001168067,0.0,141312.0,25600.0,0.8059908748264233,0.0015189250100022637,True,vec,16,"{""1"": 8, ""2"": 7, ""3"": 0, ""4"": 14, ""5"": 2, ""6"": 3, ""7"": 15, ""8"": 6, ""9"": 10, ""10"": 13}"
2522,2522,True,,gemm\random\mappings\sample_2522_seed_2522.csv,4.729548239789575,327.8464217045,1.578080850338077,1,0.0001177686,0.25916125,101376.0,19456.0,0.9583415988891093,0.001526844552548592,True,vec,16,"{""1"": 10, ""2"": 0, ""3"": 13, ""4"": 6, ""5"": 2, ""6"": 3, ""7"": 15, ""8"": 9, ""9"": 14, ""10"": 14}"
2523,2523,True,,gemm\random\mappings\sample_2523_seed_2523.csv,5.183960734488177,326.4253832636,1.3499887805951827,0,0.0001662326,0.0,108544.0,20480.0,2.050188454671692,0.0017806641628231928,True,vec,16,"{""1"": 3, ""2"": 9, ""3"": 11, ""4"": 1, ""5"": 11, ""6"": 3, ""7"": 3, ""8"": 0, ""9"": 10, ""10"": 10}"
2524,2524,True,,gemm\random\mappings\sample_2524_seed_2524.csv,5.404025193485008,328.15362077632,1.7908903924883528,1,0.000118456824,0.284487125,112640.0,27648.0,2.024796667327911,0.0015344941622737554,True,vec,16,"{""1"": 2, ""2"": 2, ""3"": 4, ""4"": 5, ""5"": 12, ""6"": 4, ""7"": 9, ""8"": 0, ""9"": 2, ""10"": 0}"
2525,2525,True,,gemm\random\mappings\sample_2525_seed_2525.csv,5.6696238823331,328.1470435207,1.3645988461048628,1,0.0001664086,0.3827402083333313,80896.0,26624.0,2.202539178734378,0.0017876416442016566,True,vec,16,"{""1"": 9, ""2"": 5, ""3"": 14, ""4"": 5, ""5"": 1, ""6"": 7, ""7"": 1, ""8"": 14, ""9"": 3, ""10"": 10}"
2526,2526,True,,gemm\random\mappings\sample_2526_seed_2526.csv,5.132168473700284,326.3875374097,1.5023581390337224,0,0.000146759,0.0,117760.0,24576.0,1.7962705812338822,0.0016789678789780077,True,vec,16,"{""1"": 7, ""2"": 12, ""3"": 15, ""4"": 2, ""5"": 6, ""6"": 3, ""7"": 15, ""8"": 3, ""9"": 12, ""10"": 13}"
2527,2527,True,,gemm\random\mappings\sample_2527_seed_2527.csv,5.280018764417747,326.67074577866,1.3879908816874522,0,0.0001465368,0.0,118784.0,32768.0,1.4153937710771671,0.0016765231459161302,True,vec,16,"{""1"": 4, ""2"": 11, ""3"": 9, ""4"": 5, ""5"": 3, ""6"": 6, ""7"": 14, ""8"": 14, ""9"": 11, ""10"": 2}"
2528,2528,True,,gemm\random\mappings\sample_2528_seed_2528.csv,4.962049922419088,326.70570035959,1.521115301207692,0,0.0001167886,0.0,109568.0,33792.0,1.2630430470144813,0.0015177821705139958,True,vec,16,"{""1"": 8, ""2"": 10, ""3"": 5, ""4"": 14, ""5"": 1, ""6"": 15, ""7"": 0, ""8"": 10, ""9"": 12, ""10"": 8}"
2529,2529,True,,gemm\random\mappings\sample_2529_seed_2529.csv,4.660018161066887,327.20955481393,1.6068145756239418,1,0.0001166827,0.015754,76800.0,18432.0,1.7581829002182108,0.0015179161690936304,True,vec,16,"{""1"": 8, ""2"": 5, ""3"": 8, ""4"": 4, ""5"": 11, ""6"": 11, ""7"": 5, ""8"": 13, ""9"": 7, ""10"": 15}"
2530,2530,True,,gemm\random\mappings\sample_2530_seed_2530.csv,4.57055704584302,327.17044243672,1.6286177696011686,1,0.0001166928,0.0035310416666666875,93184.0,17408.0,1.1868676849831383,0.0015182478723731402,True,vec,16,"{""1"": 5, ""2"": 9, ""3"": 8, ""4"": 10, ""5"": 11, ""6"": 15, ""7"": 12, ""8"": 7, ""9"": 10, ""10"": 4}"
2531,2531,True,,gemm\random\mappings\sample_2531_seed_2531.csv,6.118851792437999,329.50057362031,1.5745142107588765,3,0.0001719367,0.8142679166666669,143360.0,19456.0,1.4407855584209481,0.0018346188362750224,True,vec,16,"{""1"": 14, ""2"": 0, ""3"": 15, ""4"": 6, ""5"": 0, ""6"": 4, ""7"": 1, ""8"": 8, ""9"": 13, ""10"": 10}"
2532,2532,True,,gemm\random\mappings\sample_2532_seed_2532.csv,5.052272029327713,327.10548199466,1.5759716131844435,0,0.0001169209,0.0,106496.0,32768.0,1.5677444951398531,0.0015191336398505783,True,vec,16,"{""1"": 7, ""2"": 14, ""3"": 0, ""4"": 6, ""5"": 5, ""6"": 13, ""7"": 8, ""8"": 0, ""9"": 5, ""10"": 2}"
2533,2533,True,,gemm\random\mappings\sample_2533_seed_2533.csv,4.799084429023338,326.8785515697,1.5546344015633968,0,0.0001165327,0.0,94208.0,28672.0,1.3773060900614957,0.0015166168642444804,True,vec,16,"{""1"": 1, ""2"": 14, ""3"": 2, ""4"": 7, ""5"": 1, ""6"": 13, ""7"": 5, ""8"": 7, ""9"": 15, ""10"": 8}"
2534,2534,True,,gemm\random\mappings\sample_2534_seed_2534.csv,4.683282181807767,326.67776397258,1.4653493063125358,0,0.0001464247,0.0,82944.0,18432.0,1.1868676849831383,0.0016763953734153711,True,vec,16,"{""1"": 9, ""2"": 14, ""3"": 5, ""4"": 0, ""5"": 10, ""6"": 7, ""7"": 7, ""8"": 2, ""9"": 1, ""10"": 2}"
2535,2535,True,,gemm\random\mappings\sample_2535_seed_2535.csv,5.041325229172895,327.62591710459,1.5548297276703438,1,0.0001184168,0.19081275,115712.0,24576.0,1.5931362824836341,0.001530945939495555,True,vec,16,"{""1"": 1, ""2"": 5, ""3"": 15, ""4"": 14, ""5"": 2, ""6"": 12, ""7"": 9, ""8"": 6, ""9"": 2, ""10"": 2}"
2536,2536,True,,gemm\random\mappings\sample_2536_seed_2536.csv,5.147224664501625,327.52543689941,1.6552774655338676,1,0.0001177206,0.145726,121856.0,26624.0,1.5931362824836341,0.0015270269777938406,True,vec,16,"{""1"": 13, ""2"": 14, ""3"": 12, ""4"": 2, ""5"": 3, ""6"": 0, ""7"": 5, ""8"": 11, ""9"": 2, ""10"": 2}"
2537,2537,True,,gemm\random\mappings\sample_2537_seed_2537.csv,4.5821669393241695,327.33303028147,1.5753249817824018,1,0.0001171026,0.04349333333333313,101376.0,17408.0,1.0726046419361237,0.0015206718213200644,True,vec,16,"{""1"": 1, ""2"": 4, ""3"": 7, ""4"": 8, ""5"": 6, ""6"": 5, ""7"": 2, ""8"": 1, ""9"": 10, ""10"": 5}"
2538,2538,True,,gemm\random\mappings\sample_2538_seed_2538.csv,5.00898740780473,326.07213814724,1.3115057838904993,0,0.0001465708,0.0,116736.0,25600.0,1.6693116445149772,0.0016763842140653626,True,vec,16,"{""1"": 15, ""2"": 9, ""3"": 14, ""4"": 11, ""5"": 4, ""6"": 6, ""7"": 5, ""8"": 5, ""9"": 14, ""10"": 11}"
2539,2539,True,,gemm\random\mappings\sample_2539_seed_2539.csv,5.154194147004812,326.51491703871,1.3879818595216498,0,0.0001465368,0.0,148480.0,26624.0,1.2630430470144813,0.001677025315397386,True,vec,16,"{""1"": 13, ""2"": 0, ""3"": 7, ""4"": 10, ""5"": 2, ""6"": 1, ""7"": 13, ""8"": 13, ""9"": 15, ""10"": 6}"
2540,2540,True,,gemm\random\mappings\sample_2540_seed_2540.csv,5.395512529221457,327.77785201951,1.4449541540996864,1,0.0001677248,0.07648825,94208.0,20480.0,1.8216623685776632,0.0017936341797445854,True,vec,16,"{""1"": 1, ""2"": 12, ""3"": 5, ""4"": 3, ""5"": 3, ""6"": 4, ""7"": 5, ""8"": 2, ""9"": 6, ""10"": 8}"
2541,2541,True,,gemm\random\mappings\sample_2541_seed_2541.csv,5.019257995213785,326.01511209684,1.2968456125339822,0,0.0001467628,0.0,123904.0,26624.0,1.4915691331085101,0.0016773163785317447,True,vec,16,"{""1"": 15, ""2"": 10, ""3"": 13, ""4"": 7, ""5"": 1, ""6"": 4, ""7"": 7, ""8"": 6, ""9"": 6, ""10"": 15}"
2542,2542,True,,gemm\random\mappings\sample_2542_seed_2542.csv,5.412472136921272,327.99396231074,1.7090077889633515,2,0.0001197348,0.4459472500000001,105472.0,27648.0,1.7454870065463202,0.0015437360736735317,True,vec,16,"{""1"": 2, ""2"": 2, ""3"": 4, ""4"": 0, ""5"": 13, ""6"": 5, ""7"": 10, ""8"": 1, ""9"": 2, ""10"": 13}"
2543,2543,True,,gemm\random\mappings\sample_2543_seed_2543.csv,4.876571338766116,326.36047216565,1.47759764616707,0,0.0001168708,0.0,126976.0,32768.0,0.9583415988891093,0.0015181863958036626,True,vec,16,"{""1"": 0, ""2"": 2, ""3"": 9, ""4"": 1, ""5"": 15, ""6"": 5, ""7"": 13, ""8"": 14, ""9"": 3, ""10"": 5}"
2544,2544,True,,gemm\random\mappings\sample_2544_seed_2544.csv,5.221567085161702,325.93096400718,1.322986174471636,0,0.0001465507,0.0,131072.0,24576.0,2.583415988891093,0.001676031225675995,True,vec,16,"{""1"": 12, ""2"": 11, ""3"": 8, ""4"": 5, ""5"": 2, ""6"": 5, ""7"": 2, ""8"": 7, ""9"": 2, ""10"": 5}"
2545,2545,True,,gemm\random\mappings\sample_2545_seed_2545.csv,4.919972874495619,327.84944665339,1.7859634584495454,2,0.0001188207,0.4342777500000001,88064.0,19456.0,0.9202539178734378,0.001538586069022075,True,vec,16,"{""1"": 14, ""2"": 15, ""3"": 9, ""4"": 12, ""5"": 11, ""6"": 2, ""7"": 8, ""8"": 14, ""9"": 3, ""10"": 0}"
2546,2546,True,,gemm\random\mappings\sample_2546_seed_2546.csv,5.117926259294753,327.68613094782,1.6986510034867175,1,0.0001182347,0.164272625,116736.0,27648.0,1.1868676849831383,0.0015308245394078089,True,vec,16,"{""1"": 10, ""2"": 1, ""3"": 12, ""4"": 2, ""5"": 8, ""6"": 13, ""7"": 14, ""8"": 8, ""9"": 6, ""10"": 11}"
2547,2547,True,,gemm\random\mappings\sample_2547_seed_2547.csv,5.374376752180321,328.00687825322,1.809442655094271,2,0.000121003,0.502381484375,99328.0,24576.0,1.7581829002182108,0.0015595466374906627,True,vec,16,"{""1"": 10, ""2"": 10, ""3"": 0, ""4"": 8, ""5"": 4, ""6"": 15, ""7"": 0, ""8"": 4, ""9"": 13, ""10"": 11}"
2548,2548,True,,gemm\random\mappings\sample_2548_seed_2548.csv,5.627772015167658,327.47822753139,1.4342816005295378,1,0.000146635,0.057669609375,136192.0,34816.0,1.4153937710771671,0.0016797336337125899,True,vec,16,"{""1"": 8, ""2"": 3, ""3"": 14, ""4"": 9, ""5"": 1, ""6"": 4, ""7"": 7, ""8"": 4, ""9"": 3, ""10"": 15}"
2549,2549,True,,gemm\random\mappings\sample_2549_seed_2549.csv,5.774537324717043,327.3654131984,1.529963664730815,1,0.000166519,0.0497625,109568.0,24576.0,2.811942074985122,0.001785497480161373,True,vec,16,"{""1"": 5, ""2"": 3, ""3"": 2, ""4"": 2, ""5"": 12, ""6"": 10, ""7"": 12, ""8"": 3, ""9"": 12, ""10"": 13}"
2550,2550,True,,gemm\random\mappings\sample_2550_seed_2550.csv,5.102919601110418,327.9901948914,1.6356830396878619,1,0.0001182826,0.33298666666666876,115712.0,27648.0,0.9583415988891093,0.0015311273240331442,True,vec,16,"{""1"": 5, ""2"": 12, ""3"": 6, ""4"": 11, ""5"": 14, ""6"": 7, ""7"": 4, ""8"": 3, ""9"": 1, ""10"": 7}"
2551,2551,True,,gemm\random\mappings\sample_2551_seed_2551.csv,4.354680910682259,326.03366531895,1.2994481064623702,0,0.0001465529,0.0,78848.0,10240.0,1.5677444951398531,0.0016758012318096064,True,vec,16,"{""1"": 5, ""2"": 1, ""3"": 11, ""4"": 4, ""5"": 9, ""6"": 13, ""7"": 9, ""8"": 2, ""9"": 13, ""10"": 2}"
2552,2552,True,,gemm\random\mappings\sample_2552_seed_2552.csv,5.392826179259557,328.16377678001,1.7356771309201375,3,0.0001188628,0.97147125,108544.0,24576.0,0.9583415988891093,0.0015428487089272022,True,vec,16,"{""1"": 1, ""2"": 11, ""3"": 10, ""4"": 6, ""5"": 0, ""6"": 12, ""7"": 5, ""8"": 8, ""9"": 4, ""10"": 5}"
2553,2553,True,,gemm\random\mappings\sample_2553_seed_2553.csv,6.648049531161513,328.73361219595,1.7842605354438537,2,0.0001737027,0.744684796875,132096.0,34816.0,2.202539178734378,0.0018548106985374134,True,vec,16,"{""1"": 4, ""2"": 7, ""3"": 6, ""4"": 3, ""5"": 3, ""6"": 6, ""7"": 11, ""8"": 7, ""9"": 14, ""10"": 9}"
2554,2554,True,,gemm\random\mappings\sample_2554_seed_2554.csv,5.575534121918005,326.82028405717,1.4560956413447552,0,0.0001665026,0.0,91136.0,32768.0,1.9740130926403492,0.0017839078122063592,True,vec,16,"{""1"": 10, ""2"": 5, ""3"": 9, ""4"": 5, ""5"": 1, ""6"": 13, ""7"": 1, ""8"": 12, ""9"": 4, ""10"": 13}"
2555,2555,True,,gemm\random\mappings\sample_2555_seed_2555.csv,4.881410226874097,326.94943497135,1.3481690491674736,0,0.0001466808,0.0,106496.0,18432.0,1.7962705812338822,0.00167720775628606,True,vec,16,"{""1"": 9, ""2"": 1, ""3"": 14, ""4"": 3, ""5"": 8, ""6"": 8, ""7"": 8, ""8"": 5, ""9"": 0, ""10"": 6}"
2556,2556,True,,gemm\random\mappings\sample_2556_seed_2556.csv,6.1246550933709685,327.77859331707,1.4343638225921638,1,0.0001665506,0.141612777777775,167936.0,36864.0,1.5550486014679628,0.0017873983532990358,True,vec,16,"{""1"": 3, ""2"": 9, ""3"": 0, ""4"": 8, ""5"": 9, ""6"": 3, ""7"": 10, ""8"": 2, ""9"": 1, ""10"": 5}"
2557,2557,True,,gemm\random\mappings\sample_2557_seed_2557.csv,4.91530806620076,327.56088219209,1.71124504522714,1,0.0001175048,0.14131145833333125,94208.0,24576.0,1.1868676849831383,0.0015249262770723282,True,vec,16,"{""1"": 0, ""2"": 9, ""3"": 1, ""4"": 8, ""5"": 5, ""6"": 5, ""7"": 11, ""8"": 4, ""9"": 15, ""10"": 6}"
2558,2558,True,,gemm\random\mappings\sample_2558_seed_2558.csv,4.234608332492616,326.73736493195,1.5569935263455872,0,0.0001168248,0.0,81920.0,11264.0,1.5296568141241818,0.001518444126483143,True,vec,16,"{""1"": 10, ""2"": 0, ""3"": 10, ""4"": 11, ""5"": 14, ""6"": 13, ""7"": 0, ""8"": 3, ""9"": 6, ""10"": 6}"
2559,2559,True,,gemm\random\mappings\sample_2559_seed_2559.csv,4.723637803873786,327.84938959975,1.788839076297013,1,0.0001192266,0.300261875,92160.0,17408.0,0.8059908748264233,0.001539463296516565,True,vec,16,"{""1"": 9, ""2"": 12, ""3"": 13, ""4"": 5, ""5"": 0, ""6"": 2, ""7"": 6, ""8"": 4, ""9"": 8, ""10"": 3}"
2560,2560,True,,gemm\random\mappings\sample_2560_seed_2560.csv,5.0593214775137625,327.71406057507,1.6980984232195895,1,0.0001174848,0.19776166666666872,109568.0,26624.0,1.1868676849831383,0.0015254353170550247,True,vec,16,"{""1"": 14, ""2"": 8, ""3"": 4, ""4"": 13, ""5"": 10, ""6"": 7, ""7"": 5, ""8"": 3, ""9"": 8, ""10"": 0}"
2561,2561,True,,gemm\random\mappings\sample_2561_seed_2561.csv,5.650520613641537,326.89023522091,1.3560312919391497,0,0.0001664067,0.0,130048.0,32768.0,1.8216623685776632,0.0017828867970281672,True,vec,16,"{""1"": 4, ""2"": 6, ""3"": 15, ""4"": 13, ""5"": 6, ""6"": 15, ""7"": 10, ""8"": 2, ""9"": 14, ""10"": 9}"
2562,2562,True,,gemm\random\mappings\sample_2562_seed_2562.csv,5.391740590198669,326.76365209016,1.4557146331481425,0,0.0001464227,0.0,86016.0,33792.0,2.177147391390597,0.001676619404607482,True,vec,16,"{""1"": 9, ""2"": 14, ""3"": 10, ""4"": 2, ""5"": 6, ""6"": 10, ""7"": 15, ""8"": 6, ""9"": 6, ""10"": 1}"
2563,2563,True,,gemm\random\mappings\sample_2563_seed_2563.csv,5.6632084928388196,326.22784898929,1.2777384283585285,0,0.0001666128,0.0,159744.0,32768.0,1.8216623685776632,0.00178323767902602,True,vec,16,"{""1"": 3, ""2"": 13, ""3"": 4, ""4"": 4, ""5"": 10, ""6"": 14, ""7"": 10, ""8"": 1, ""9"": 7, ""10"": 8}"
2564,2564,True,,gemm\random\mappings\sample_2564_seed_2564.csv,4.997208002974719,325.41926165201,1.1672288975936966,0,0.0001764087,0.0,106496.0,16384.0,2.126363816703035,0.001833856584987594,True,vec,16,"{""1"": 3, ""2"": 6, ""3"": 4, ""4"": 11, ""5"": 11, ""6"": 5, ""7"": 5, ""8"": 8, ""9"": 5, ""10"": 10}"
2565,2565,True,,gemm\random\mappings\sample_2565_seed_2565.csv,5.9914544657089115,328.06974493909,1.5536051105976072,2,0.0001665067,0.47822746875,141312.0,25600.0,1.8216623685776632,0.0017966411914460152,True,vec,16,"{""1"": 3, ""2"": 10, ""3"": 15, ""4"": 14, ""5"": 10, ""6"": 14, ""7"": 8, ""8"": 0, ""9"": 9, ""10"": 11}"
2566,2566,True,,gemm\random\mappings\sample_2566_seed_2566.csv,5.430950633129708,326.74964122039,1.5203036443348543,0,0.0001664889,0.0,120832.0,19456.0,2.583415988891093,0.0017844656843742292,True,vec,16,"{""1"": 3, ""2"": 15, ""3"": 6, ""4"": 10, ""5"": 15, ""6"": 8, ""7"": 10, ""8"": 0, ""9"": 15, ""10"": 2}"
2567,2567,True,,gemm\random\mappings\sample_2567_seed_2567.csv,5.119519744866875,326.60913216407,1.4310585251655252,0,0.0001463749,0.0,91136.0,26624.0,1.9867089863122396,0.0016760550858883475,True,vec,16,"{""1"": 11, ""2"": 10, ""3"": 11, ""4"": 0, ""5"": 14, ""6"": 4, ""7"": 14, ""8"": 2, ""9"": 14, ""10"": 1}"
2568,2568,True,,gemm\random\mappings\sample_2568_seed_2568.csv,5.890930530161025,327.61413637549,1.4840867321023767,1,0.0001675309,0.03763346153846125,153600.0,21504.0,2.9515969053759177,0.0017911333307100608,True,vec,16,"{""1"": 15, ""2"": 3, ""3"": 8, ""4"": 8, ""5"": 3, ""6"": 2, ""7"": 15, ""8"": 3, ""9"": 4, ""10"": 11}"
2569,2569,True,,gemm\random\mappings\sample_2569_seed_2569.csv,5.053323762878136,327.85076647189,1.6576029586695225,1,0.0001188866,0.29746849999999997,115712.0,24576.0,1.1868676849831383,0.0015365441114617514,True,vec,16,"{""1"": 11, ""2"": 3, ""3"": 10, ""4"": 2, ""5"": 0, ""6"": 5, ""7"": 10, ""8"": 13, ""9"": 4, ""10"": 1}"
2570,2570,True,,gemm\random\mappings\sample_2570_seed_2570.csv,4.742094164083195,327.40244790571,1.8246254613573658,2,0.0001169828,0.09407979166666876,91136.0,16384.0,1.0599087482642333,0.001522535561613718,True,vec,16,"{""1"": 0, ""2"": 1, ""3"": 12, ""4"": 4, ""5"": 5, ""6"": 6, ""7"": 11, ""8"": 7, ""9"": 14, ""10"": 5}"
2571,2571,True,,gemm\random\mappings\sample_2571_seed_2571.csv,5.040911113873228,327.89500970586,1.619258123071617,1,0.000119625,0.31810649999999996,134144.0,24576.0,0.8059908748264233,0.0015407957260013187,True,vec,16,"{""1"": 4, ""2"": 11, ""3"": 2, ""4"": 3, ""5"": 12, ""6"": 8, ""7"": 6, ""8"": 0, ""9"": 13, ""10"": 14}"
2572,2572,True,,gemm\random\mappings\sample_2572_seed_2572.csv,5.125150564528725,326.3820729784,1.411135441972642,0,0.0001665868,0.0,87040.0,24576.0,1.4407855584209481,0.0017838534579734746,True,vec,16,"{""1"": 1, ""2"": 13, ""3"": 4, ""4"": 5, ""5"": 5, ""6"": 11, ""7"": 9, ""8"": 10, ""9"": 3, ""10"": 15}"
2573,2573,True,,gemm\random\mappings\sample_2573_seed_2573.csv,4.940906496996344,326.45075750489,1.483915666715991,0,0.0001466029,0.0,125952.0,18432.0,1.6693116445149772,0.001677907843929879,True,vec,16,"{""1"": 3, ""2"": 4, ""3"": 15, ""4"": 5, ""5"": 7, ""6"": 6, ""7"": 5, ""8"": 2, ""9"": 2, ""10"": 15}"
2574,2574,True,,gemm\random\mappings\sample_2574_seed_2574.csv,4.853665846140115,327.71859560049,1.6870085572611955,1,0.0001181967,0.240301125,93184.0,19456.0,1.4915691331085101,0.0015315464777334521,True,vec,16,"{""1"": 1, ""2"": 6, ""3"": 0, ""4"": 1, ""5"": 14, ""6"": 2, ""7"": 4, ""8"": 11, ""9"": 1, ""10"": 12}"
2575,2575,True,,gemm\random\mappings\sample_2575_seed_2575.csv,5.185332482496424,327.2427601217,1.531420688843741,1,0.0001464708,0.027092375,97280.0,19456.0,2.202539178734378,0.0016780598785139974,True,vec,16,"{""1"": 9, ""2"": 2, ""3"": 5, ""4"": 1, ""5"": 12, ""6"": 3, ""7"": 3, ""8"": 12, ""9"": 5, ""10"": 5}"
2576,2576,True,,gemm\random\mappings\sample_2576_seed_2576.csv,5.549640918623657,327.71707427233,1.65394283703028,2,0.0001186449,0.330247,145408.0,34816.0,1.0726046419361237,0.001535513604844807,True,vec,16,"{""1"": 12, ""2"": 10, ""3"": 2, ""4"": 3, ""5"": 13, ""6"": 12, ""7"": 1, ""8"": 7, ""9"": 8, ""10"": 8}"
2577,2577,True,,gemm\random\mappings\sample_2577_seed_2577.csv,5.292341064985081,327.47367812929,1.5907770852043985,1,0.0001171108,0.1161975,131072.0,33792.0,1.3011307280301527,0.0015219142021528434,True,vec,16,"{""1"": 11, ""2"": 14, ""3"": 0, ""4"": 6, ""5"": 2, ""6"": 3, ""7"": 11, ""8"": 1, ""9"": 6, ""10"": 5}"
2578,2578,True,,gemm\random\mappings\sample_2578_seed_2578.csv,5.978589089136184,328.30054597546,1.6945083609682643,2,0.000150937,0.3920631590909062,163840.0,25600.0,1.8724459432652252,0.0017174993802827564,True,vec,16,"{""1"": 14, ""2"": 5, ""3"": 4, ""4"": 3, ""5"": 0, ""6"": 15, ""7"": 13, ""8"": 0, ""9"": 0, ""10"": 14}"
2579,2579,True,,gemm\random\mappings\sample_2579_seed_2579.csv,5.186041775520214,326.06047913855,1.3473400399597186,0,0.0001665171,0.0,90112.0,18432.0,2.837333862328903,0.0017818160076209257,True,vec,16,"{""1"": 11, ""2"": 8, ""3"": 8, ""4"": 7, ""5"": 7, ""6"": 5, ""7"": 8, ""8"": 2, ""9"": 15, ""10"": 0}"
2580,2580,True,,gemm\random\mappings\sample_2580_seed_2580.csv,4.8108393994038225,327.17142815698,1.6804977743190963,1,0.0001166607,0.0021178289473684376,94208.0,19456.0,1.8724459432652252,0.0015184108007773422,True,vec,16,"{""1"": 3, ""2"": 6, ""3"": 11, ""4"": 3, ""5"": 0, ""6"": 11, ""7"": 3, ""8"": 14, ""9"": 9, ""10"": 4}"
2581,2581,True,,gemm\random\mappings\sample_2581_seed_2581.csv,5.838099081275988,326.64152163695,1.4094863159565745,0,0.0001665648,0.0,147456.0,36864.0,1.7835746875619918,0.001784264816958905,True,vec,16,"{""1"": 4, ""2"": 11, ""3"": 7, ""4"": 14, ""5"": 7, ""6"": 12, ""7"": 4, ""8"": 10, ""9"": 13, ""10"": 4}"
2582,2582,True,,gemm\random\mappings\sample_2582_seed_2582.csv,4.659863762773218,326.44432285531,1.368236701190562,0,0.0001168067,0.0,113664.0,24576.0,1.5677444951398531,0.001516912587426234,True,vec,16,"{""1"": 4, ""2"": 13, ""3"": 0, ""4"": 11, ""5"": 2, ""6"": 10, ""7"": 2, ""8"": 13, ""9"": 1, ""10"": 5}"
2583,2583,True,,gemm\random\mappings\sample_2583_seed_2583.csv,5.875791424430353,329.51333218245,1.8918349695566,3,0.000155287,1.060989,80896.0,16384.0,1.7962705812338822,0.0017629386732814232,True,vec,16,"{""1"": 10, ""2"": 14, ""3"": 11, ""4"": 15, ""5"": 13, ""6"": 15, ""7"": 7, ""8"": 12, ""9"": 15, ""10"": 1}"
2584,2584,True,,gemm\random\mappings\sample_2584_seed_2584.csv,4.291941907204675,326.23341529807,1.3657048353369046,0,0.0001168888,0.0,79872.0,19456.0,1.3011307280301527,0.0015172824128108638,True,vec,16,"{""1"": 9, ""2"": 13, ""3"": 1, ""4"": 11, ""5"": 10, ""6"": 9, ""7"": 11, ""8"": 5, ""9"": 2, ""10"": 14}"
2585,2585,True,,gemm\random\mappings\sample_2585_seed_2585.csv,5.3880352359585375,327.94282893986,1.7790346250660696,3,0.0001203127,0.5157126346153874,89088.0,26624.0,1.3773060900614957,0.0015489332442603606,True,vec,16,"{""1"": 3, ""2"": 3, ""3"": 5, ""4"": 10, ""5"": 2, ""6"": 12, ""7"": 13, ""8"": 15, ""9"": 5, ""10"": 14}"
2586,2586,True,,gemm\random\mappings\sample_2586_seed_2586.csv,5.076600380479126,328.74225829248,1.6415857634790008,2,0.0001202708,0.8925244010416875,95232.0,16384.0,1.3011307280301527,0.0015542929466875156,True,vec,16,"{""1"": 9, ""2"": 15, ""3"": 5, ""4"": 2, ""5"": 8, ""6"": 12, ""7"": 9, ""8"": 8, ""9"": 4, ""10"": 1}"
2587,2587,True,,gemm\random\mappings\sample_2587_seed_2587.csv,5.10423922047228,326.73846482492,1.4587067864697576,0,0.0001169829,0.0,120832.0,32768.0,1.9740130926403492,0.0015185208628458186,True,vec,16,"{""1"": 8, ""2"": 13, ""3"": 5, ""4"": 7, ""5"": 14, ""6"": 10, ""7"": 13, ""8"": 0, ""9"": 5, ""10"": 13}"
2588,2588,True,,gemm\random\mappings\sample_2588_seed_2588.csv,4.995664703838211,326.6424363073,1.4518231134689814,0,0.0001662509,0.0,70656.0,18432.0,1.8216623685776632,0.0017824356869674677,True,vec,16,"{""1"": 4, ""2"": 4, ""3"": 2, ""4"": 4, ""5"": 1, ""6"": 14, ""7"": 6, ""8"": 8, ""9"": 11, ""10"": 15}"
2589,2589,True,,gemm\random\mappings\sample_2589_seed_2589.csv,5.135344169841602,326.44621095139,1.429040473034323,0,0.0001467788,0.0,152576.0,26624.0,1.0345169609204523,0.0016785293208039218,True,vec,16,"{""1"": 3, ""2"": 8, ""3"": 1, ""4"": 15, ""5"": 13, ""6"": 4, ""7"": 6, ""8"": 5, ""9"": 4, ""10"": 7}"
2590,2590,True,,gemm\random\mappings\sample_2590_seed_2590.csv,6.004087804568046,328.74130070501,1.8270204581229714,2,0.0001198387,1.050655694444425,173056.0,33792.0,1.1741717913112477,0.0015528913555671075,True,vec,16,"{""1"": 3, ""2"": 13, ""3"": 14, ""4"": 5, ""5"": 8, ""6"": 11, ""7"": 7, ""8"": 3, ""9"": 6, ""10"": 5}"
2591,2591,True,,gemm\random\mappings\sample_2591_seed_2591.csv,5.2541641035915365,326.83370483657,1.5289798399575605,0,0.0001463628,0.0,117760.0,28672.0,1.5296568141241818,0.0016767153672460444,True,vec,16,"{""1"": 11, ""2"": 11, ""3"": 9, ""4"": 5, ""5"": 0, ""6"": 1, ""7"": 15, ""8"": 15, ""9"": 2, ""10"": 15}"
2592,2592,True,,gemm\random\mappings\sample_2592_seed_2592.csv,5.245202386556035,327.99318627436,1.5914335170213163,1,0.0001464567,0.36324125,119808.0,20480.0,1.1106923229517953,0.0016855999751155014,True,vec,16,"{""1"": 10, ""2"": 7, ""3"": 3, ""4"": 4, ""5"": 1, ""6"": 15, ""7"": 6, ""8"": 0, ""9"": 15, ""10"": 10}"
2593,2593,True,,gemm\random\mappings\sample_2593_seed_2593.csv,5.427766629587393,328.06828075026,1.698427310905907,3,0.0001470127,0.76291675,96256.0,18432.0,1.0345169609204523,0.001694444820465203,True,vec,16,"{""1"": 14, ""2"": 1, ""3"": 15, ""4"": 13, ""5"": 11, ""6"": 2, ""7"": 6, ""8"": 2, ""9"": 3, ""10"": 0}"
2594,2594,True,,gemm\random\mappings\sample_2594_seed_2594.csv,4.971860708884602,326.64152800016,1.3997530084609753,0,0.0001663107,0.0,70656.0,18432.0,1.8216623685776632,0.0017823848340267506,True,vec,16,"{""1"": 10, ""2"": 14, ""3"": 13, ""4"": 8, ""5"": 14, ""6"": 6, ""7"": 1, ""8"": 12, ""9"": 13, ""10"": 5}"
2595,2595,True,,gemm\random\mappings\sample_2595_seed_2595.csv,4.710061583957202,326.88129821194,1.5633774641289881,0,0.0001169226,0.0,112640.0,24576.0,1.1868676849831383,0.0015191572538039524,True,vec,16,"{""1"": 7, ""2"": 10, ""3"": 12, ""4"": 3, ""5"": 6, ""6"": 3, ""7"": 11, ""8"": 9, ""9"": 1, ""10"": 15}"
2596,2596,True,,gemm\random\mappings\sample_2596_seed_2596.csv,5.041294347637148,326.36893618493,1.4299981491508553,0,0.0001169549,0.0,125952.0,33792.0,1.6820075381868678,0.0015183988623420467,True,vec,16,"{""1"": 4, ""2"": 11, ""3"": 1, ""4"": 9, ""5"": 14, ""6"": 14, ""7"": 4, ""8"": 1, ""9"": 13, ""10"": 7}"
2597,2597,True,,gemm\random\mappings\sample_2597_seed_2597.csv,5.190836605536193,327.53042056551,1.536578113206405,1,0.0001469329,0.152512875,124928.0,21504.0,1.1487800039674667,0.001683379984155408,True,vec,16,"{""1"": 1, ""2"": 15, ""3"": 4, ""4"": 10, ""5"": 0, ""6"": 2, ""7"": 12, ""8"": 1, ""9"": 2, ""10"": 8}"
2598,2598,True,,gemm\random\mappings\sample_2598_seed_2598.csv,6.044119739645489,329.50385002875,1.5519990138672852,3,0.0001686526,0.8752002361111044,88064.0,20480.0,2.0882761356873636,0.0018161372017237805,True,vec,16,"{""1"": 12, ""2"": 8, ""3"": 15, ""4"": 8, ""5"": 5, ""6"": 4, ""7"": 13, ""8"": 5, ""9"": 12, ""10"": 4}"
2599,2599,True,,gemm\random\mappings\sample_2599_seed_2599.csv,4.713438828783463,326.44387448106,1.4654487630584103,0,0.0001465169,0.0,107520.0,16384.0,1.2884348343582623,0.0016769614187526227,True,vec,16,"{""1"": 2, ""2"": 10, ""3"": 7, ""4"": 6, ""5"": 12, ""6"": 11, ""7"": 11, ""8"": 8, ""9"": 14, ""10"": 12}"
2600,2600,True,,gemm\random\mappings\sample_2600_seed_2600.csv,5.173729502893274,327.015388251,1.6045735658983054,0,0.0001169027,0.0,158720.0,32768.0,1.1868676849831383,0.001519575467795214,True,vec,16,"{""1"": 15, ""2"": 2, ""3"": 13, ""4"": 4, ""5"": 1, ""6"": 2, ""7"": 5, ""8"": 7, ""9"": 11, ""10"": 9}"
2601,2601,True,,gemm\random\mappings\sample_2601_seed_2601.csv,5.483364885184508,327.78091720832,1.4703063494264772,1,0.0001467727,0.263143125,148480.0,25600.0,1.4153937710771671,0.001684322579803171,True,vec,16,"{""1"": 0, ""2"": 11, ""3"": 13, ""4"": 5, ""5"": 12, ""6"": 6, ""7"": 11, ""8"": 2, ""9"": 6, ""10"": 4}"
2602,2602,True,,gemm\random\mappings\sample_2602_seed_2602.csv,4.792574363153321,326.66685018182,1.311232319630072,0,0.0001465048,0.0,116736.0,16384.0,1.7200952192025392,0.0016758629315769874,True,vec,16,"{""1"": 2, ""2"": 9, ""3"": 13, ""4"": 15, ""5"": 2, ""6"": 8, ""7"": 8, ""8"": 2, ""9"": 10, ""10"": 6}"
2603,2603,True,,gemm\random\mappings\sample_2603_seed_2603.csv,4.521250520153611,326.80588474469,1.4750450152374757,0,0.0001465509,0.0,88064.0,11264.0,1.2884348343582623,0.0016774510507096402,True,vec,16,"{""1"": 9, ""2"": 8, ""3"": 14, ""4"": 1, ""5"": 13, ""6"": 7, ""7"": 2, ""8"": 7, ""9"": 15, ""10"": 13}"
2604,2604,True,,gemm\random\mappings\sample_2604_seed_2604.csv,4.417775263103058,326.77710829747,1.4623815387356938,0,0.0001168868,0.0,114688.0,19456.0,0.8059908748264233,0.0015182163400564062,True,vec,16,"{""1"": 0, ""2"": 8, ""3"": 2, ""4"": 10, ""5"": 4, ""6"": 1, ""7"": 12, ""8"": 3, ""9"": 11, ""10"": 5}"
2605,2605,True,,gemm\random\mappings\sample_2605_seed_2605.csv,5.2928400131755895,327.55890701694,1.5691682656769843,1,0.0001171726,0.14250666666666875,137216.0,29696.0,1.7581829002182108,0.001522107935336775,True,vec,16,"{""1"": 0, ""2"": 11, ""3"": 14, ""4"": 0, ""5"": 2, ""6"": 2, ""7"": 13, ""8"": 11, ""9"": 12, ""10"": 8}"
2606,2606,True,,gemm\random\mappings\sample_2606_seed_2606.csv,4.8427852061253915,326.73933366429,1.653355192893521,0,0.000116829,0.0,140288.0,24576.0,1.1868676849831383,0.0015194309035261447,True,vec,16,"{""1"": 13, ""2"": 0, ""3"": 14, ""4"": 11, ""5"": 7, ""6"": 7, ""7"": 6, ""8"": 2, ""9"": 8, ""10"": 12}"
2607,2607,True,,gemm\random\mappings\sample_2607_seed_2607.csv,5.560097573776406,327.52536448629,1.582344538928823,1,0.0001673546,0.034427884615384374,98304.0,20480.0,2.3929775838127356,0.001790212140489607,True,vec,16,"{""1"": 6, ""2"": 0, ""3"": 6, ""4"": 15, ""5"": 15, ""6"": 14, ""7"": 3, ""8"": 15, ""9"": 7, ""10"": 11}"
2608,2608,True,,gemm\random\mappings\sample_2608_seed_2608.csv,5.5917215557067035,327.23971966892,1.3335859277155433,1,0.0001665226,0.018065208333333128,102400.0,32768.0,1.4407855584209481,0.0017830704575306081,True,vec,16,"{""1"": 8, ""2"": 6, ""3"": 13, ""4"": 13, ""5"": 1, ""6"": 10, ""7"": 14, ""8"": 11, ""9"": 2, ""10"": 15}"
2609,2609,True,,gemm\random\mappings\sample_2609_seed_2609.csv,5.957243503011199,327.51671836725,1.4659947056863376,2,0.0001673528,0.15926485416666875,172032.0,26624.0,1.7073993255306488,0.0017928482998625975,True,vec,16,"{""1"": 1, ""2"": 15, ""3"": 14, ""4"": 15, ""5"": 4, ""6"": 1, ""7"": 0, ""8"": 6, ""9"": 13, ""10"": 6}"
2610,2610,True,,gemm\random\mappings\sample_2610_seed_2610.csv,5.342788753787481,327.36306369832,1.5595129771172178,1,0.0001666448,0.079280375,118784.0,18432.0,1.4407855584209481,0.0017874594095790926,True,vec,16,"{""1"": 15, ""2"": 12, ""3"": 3, ""4"": 13, ""5"": 3, ""6"": 11, ""7"": 1, ""8"": 5, ""9"": 2, ""10"": 4}"
2611,2611,True,,gemm\random\mappings\sample_2611_seed_2611.csv,5.117024859814206,326.36039001821,1.3129732640868457,0,0.0001668109,0.0,135168.0,16384.0,1.9359254116246776,0.0017846125207706823,True,vec,16,"{""1"": 13, ""2"": 9, ""3"": 0, ""4"": 11, ""5"": 0, ""6"": 3, ""7"": 9, ""8"": 13, ""9"": 5, ""10"": 15}"
2612,2612,True,,gemm\random\mappings\sample_2612_seed_2612.csv,4.770739654149092,327.62049747767,1.5707127647310646,1,0.0001184827,0.191182625,106496.0,20480.0,1.0599087482642333,0.0015317832614437478,True,vec,16,"{""1"": 5, ""2"": 13, ""3"": 0, ""4"": 7, ""5"": 4, ""6"": 3, ""7"": 15, ""8"": 12, ""9"": 10, ""10"": 7}"
2613,2613,True,,gemm\random\mappings\sample_2613_seed_2613.csv,4.364877532733042,326.30237639423,1.4294120408468198,0,0.0001170349,0.0,105472.0,17408.0,1.3011307280301527,0.0015185814296216598,True,vec,16,"{""1"": 8, ""2"": 12, ""3"": 7, ""4"": 10, ""5"": 0, ""6"": 10, ""7"": 8, ""8"": 11, ""9"": 2, ""10"": 15}"
2614,2614,True,,gemm\random\mappings\sample_2614_seed_2614.csv,4.811644971885567,326.51135580797,1.4108899748878212,0,0.0001168727,0.0,120832.0,26624.0,1.7200952192025392,0.0015177882071031904,True,vec,16,"{""1"": 4, ""2"": 14, ""3"": 7, ""4"": 0, ""5"": 13, ""6"": 7, ""7"": 0, ""8"": 8, ""9"": 10, ""10"": 10}"
2615,2615,True,,gemm\random\mappings\sample_2615_seed_2615.csv,5.533481174099313,329.28428552056,1.7420227904021024,4,0.0001209849,1.2066096145833125,105472.0,18432.0,1.1868676849831383,0.0015601444649092132,True,vec,16,"{""1"": 9, ""2"": 12, ""3"": 1, ""4"": 15, ""5"": 11, ""6"": 0, ""7"": 1, ""8"": 6, ""9"": 4, ""10"": 10}"
2616,2616,True,,gemm\random\mappings\sample_2616_seed_2616.csv,5.380664013442477,327.84336574372,1.456741840518797,1,0.0001665026,0.24617083333333123,94208.0,20480.0,1.5931362824836341,0.0017870905382736686,True,vec,16,"{""1"": 14, ""2"": 0, ""3"": 10, ""4"": 15, ""5"": 15, ""6"": 13, ""7"": 5, ""8"": 12, ""9"": 9, ""10"": 13}"
2617,2617,True,,gemm\random\mappings\sample_2617_seed_2617.csv,5.257564210339272,328.07396301882,1.5713052285485534,2,0.0001487448,0.26965669270833126,111616.0,16384.0,1.4153937710771671,0.0016970376260224671,True,vec,16,"{""1"": 2, ""2"": 6, ""3"": 4, ""4"": 13, ""5"": 14, ""6"": 9, ""7"": 12, ""8"": 12, ""9"": 13, ""10"": 10}"
2618,2618,True,,gemm\random\mappings\sample_2618_seed_2618.csv,4.738059644765288,327.10243804738,1.5554509724705596,0,0.0001169189,0.0,106496.0,24576.0,1.3392184090458243,0.0015188157669722836,True,vec,16,"{""1"": 15, ""2"": 7, ""3"": 10, ""4"": 14, ""5"": 8, ""6"": 1, ""7"": 12, ""8"": 9, ""9"": 14, ""10"": 1}"
2619,2619,True,,gemm\random\mappings\sample_2619_seed_2619.csv,4.882373807439748,328.15429830535,1.726726536341295,1,0.0001199048,0.23945967105263125,78848.0,19456.0,1.4915691331085101,0.001545311429525398,True,vec,16,"{""1"": 15, ""2"": 13, ""3"": 11, ""4"": 6, ""5"": 15, ""6"": 4, ""7"": 15, ""8"": 2, ""9"": 8, ""10"": 14}"
2620,2620,True,,gemm\random\mappings\sample_2620_seed_2620.csv,5.6274190340379615,329.28913947187,1.8351714816742934,3,0.0001242966,1.1619040625000001,119808.0,20480.0,1.1868676849831383,0.0015858856893955998,True,vec,16,"{""1"": 15, ""2"": 3, ""3"": 10, ""4"": 2, ""5"": 7, ""6"": 2, ""7"": 12, ""8"": 14, ""9"": 9, ""10"": 6}"
2621,2621,True,,gemm\random\mappings\sample_2621_seed_2621.csv,5.657245743574789,327.69328096184,1.821872609522332,2,0.0001193968,0.18725727384868437,163840.0,28672.0,1.8724459432652252,0.0015412329137081725,True,vec,16,"{""1"": 12, ""2"": 10, ""3"": 7, ""4"": 3, ""5"": 12, ""6"": 13, ""7"": 15, ""8"": 12, ""9"": 3, ""10"": 0}"
2622,2622,True,,gemm\random\mappings\sample_2622_seed_2622.csv,5.42092272921098,327.90395988366,1.7669609279550316,2,0.0001192789,0.517601875,138240.0,27648.0,1.0726046419361237,0.0015441955196149985,True,vec,16,"{""1"": 8, ""2"": 11, ""3"": 3, ""4"": 12, ""5"": 7, ""6"": 5, ""7"": 9, ""8"": 10, ""9"": 8, ""10"": 9}"
2623,2623,True,,gemm\random\mappings\sample_2623_seed_2623.csv,5.09176797889098,327.69267774569,1.5565801454823145,1,0.000117737,0.236396875,149504.0,24576.0,1.1868676849831383,0.0015266348460390325,True,vec,16,"{""1"": 0, ""2"": 7, ""3"": 14, ""4"": 9, ""5"": 8, ""6"": 8, ""7"": 6, ""8"": 15, ""9"": 12, ""10"": 2}"
2624,2624,True,,gemm\random\mappings\sample_2624_seed_2624.csv,5.332758588076204,327.36308653401,1.607584356010986,1,0.0001669651,0.03667239130434813,90112.0,18432.0,1.8216623685776632,0.0017895440086379223,True,vec,16,"{""1"": 3, ""2"": 2, ""3"": 12, ""4"": 3, ""5"": 3, ""6"": 1, ""7"": 14, ""8"": 5, ""9"": 15, ""10"": 0}"
2625,2625,True,,gemm\random\mappings\sample_2625_seed_2625.csv,5.532007723269373,328.00413770009,1.6957943654881316,3,0.0001463466,0.6838519038461539,77824.0,18432.0,1.9867089863122396,0.0016927050910543935,True,vec,16,"{""1"": 2, ""2"": 7, ""3"": 2, ""4"": 1, ""5"": 0, ""6"": 12, ""7"": 7, ""8"": 4, ""9"": 7, ""10"": 11}"
2626,2626,True,,gemm\random\mappings\sample_2626_seed_2626.csv,5.233388980339716,326.1251042576,1.393327188474535,0,0.0001664386,0.0,62464.0,25600.0,2.3929775838127356,0.001781493678129256,True,vec,16,"{""1"": 9, ""2"": 10, ""3"": 9, ""4"": 11, ""5"": 11, ""6"": 14, ""7"": 0, ""8"": 11, ""9"": 6, ""10"": 5}"
2627,2627,True,,gemm\random\mappings\sample_2627_seed_2627.csv,5.842153531858388,327.61932001605,1.6538151887036874,1,0.0001664527,0.20665937499999998,109568.0,24576.0,2.583415988891093,0.0017867647982151645,True,vec,16,"{""1"": 14, ""2"": 7, ""3"": 7, ""4"": 15, ""5"": 2, ""6"": 10, ""7"": 2, ""8"": 7, ""9"": 3, ""10"": 0}"
2628,2628,True,,gemm\random\mappings\sample_2628_seed_2628.csv,4.457849831970309,326.96233768203,1.519168606248337,0,0.0001166806,0.0,98304.0,11264.0,2.25332275342194,0.0015173714087257488,True,vec,16,"{""1"": 9, ""2"": 3, ""3"": 9, ""4"": 5, ""5"": 0, ""6"": 10, ""7"": 3, ""8"": 0, ""9"": 9, ""10"": 6}"
2629,2629,True,,gemm\random\mappings\sample_2629_seed_2629.csv,4.795072518493957,327.24517610666,1.6100037212234561,1,0.0001168588,0.026818958333333125,130048.0,19456.0,1.2503471533425907,0.001519306952264195,True,vec,16,"{""1"": 12, ""2"": 12, ""3"": 0, ""4"": 7, ""5"": 11, ""6"": 14, ""7"": 10, ""8"": 2, ""9"": 13, ""10"": 11}"
2630,2630,True,,gemm\random\mappings\sample_2630_seed_2630.csv,6.513406440741358,329.18659759024,1.683163816878239,2,0.0001723566,0.39936428125,147456.0,32768.0,2.050188454671692,0.00183449761324302,True,vec,16,"{""1"": 7, ""2"": 13, ""3"": 0, ""4"": 1, ""5"": 0, ""6"": 4, ""7"": 3, ""8"": 1, ""9"": 4, ""10"": 8}"
2631,2631,True,,gemm\random\mappings\sample_2631_seed_2631.csv,5.768361493489162,325.91539599285,1.3103828560846733,0,0.0001666947,0.0,132096.0,36864.0,2.278714540765721,0.0017827260838581928,True,vec,16,"{""1"": 8, ""2"": 14, ""3"": 2, ""4"": 10, ""5"": 2, ""6"": 8, ""7"": 6, ""8"": 8, ""9"": 10, ""10"": 13}"
2632,2632,True,,gemm\random\mappings\sample_2632_seed_2632.csv,4.854306138579177,327.59171217398,1.741070906976202,1,0.0001179307,0.12880703124999998,103424.0,18432.0,1.5296568141241818,0.0015298811582042386,True,vec,16,"{""1"": 7, ""2"": 0, ""3"": 12, ""4"": 7, ""5"": 3, ""6"": 5, ""7"": 6, ""8"": 11, ""9"": 3, ""10"": 11}"
2633,2633,True,,gemm\random\mappings\sample_2633_seed_2633.csv,4.171490544225365,327.05482574107,1.5119320781563674,0,0.0001167288,0.0,79872.0,10240.0,1.3773060900614957,0.0015174299426326608,True,vec,16,"{""1"": 9, ""2"": 0, ""3"": 5, ""4"": 6, ""5"": 9, ""6"": 5, ""7"": 13, ""8"": 11, ""9"": 3, ""10"": 14}"
2634,2634,True,,gemm\random\mappings\sample_2634_seed_2634.csv,5.6577259360557655,327.61772047012,1.500538360857143,1,0.0001663246,0.13809544642856875,121856.0,24576.0,1.9232295179527872,0.0017864016127151594,True,vec,16,"{""1"": 12, ""2"": 0, ""3"": 9, ""4"": 1, ""5"": 9, ""6"": 6, ""7"": 6, ""8"": 10, ""9"": 4, ""10"": 0}"
2635,2635,True,,gemm\random\mappings\sample_2635_seed_2635.csv,4.46301850872658,327.0408709405,1.5087538505660198,0,0.0001167469,0.0,81920.0,19456.0,1.3773060900614957,0.001517518743941505,True,vec,16,"{""1"": 6, ""2"": 13, ""3"": 1, ""4"": 6, ""5"": 3, ""6"": 9, ""7"": 10, ""8"": 5, ""9"": 1, ""10"": 11}"
2636,2636,True,,gemm\random\mappings\sample_2636_seed_2636.csv,4.27864966462421,326.38170760091,1.5238947606047524,0,0.0001169011,0.0,92160.0,13312.0,1.4915691331085101,0.001518285053561028,True,vec,16,"{""1"": 13, ""2"": 5, ""3"": 13, ""4"": 4, ""5"": 10, ""6"": 11, ""7"": 8, ""8"": 3, ""9"": 13, ""10"": 12}"
2637,2637,True,,gemm\random\mappings\sample_2637_seed_2637.csv,5.49081289772512,328.01087504781,1.8384147948410952,3,0.0001200407,0.7906622916666687,97280.0,24576.0,1.5677444951398531,0.0015548361916882982,True,vec,16,"{""1"": 8, ""2"": 14, ""3"": 13, ""4"": 6, ""5"": 12, ""6"": 12, ""7"": 15, ""8"": 6, ""9"": 11, ""10"": 10}"
2638,2638,True,,gemm\random\mappings\sample_2638_seed_2638.csv,5.1809397896793286,326.51013077889,1.3936746210072675,0,0.0001664846,0.0,115712.0,17408.0,2.202539178734378,0.0017820741927381707,True,vec,16,"{""1"": 9, ""2"": 14, ""3"": 1, ""4"": 3, ""5"": 1, ""6"": 10, ""7"": 15, ""8"": 1, ""9"": 8, ""10"": 12}"
2639,2639,True,,gemm\random\mappings\sample_2639_seed_2639.csv,4.6003034775150935,326.31968586992,1.4236835848248717,0,0.0001167126,0.0,89088.0,26624.0,1.3773060900614957,0.001516678697208501,True,vec,16,"{""1"": 8, ""2"": 8, ""3"": 5, ""4"": 10, ""5"": 14, ""6"": 2, ""7"": 15, ""8"": 9, ""9"": 5, ""10"": 6}"
2640,2640,True,,gemm\random\mappings\sample_2640_seed_2640.csv,5.490622455663967,327.62134132234,1.495254569029001,1,0.0001465169,0.18735270833333126,134144.0,26624.0,1.6693116445149772,0.0016800848417682964,True,vec,16,"{""1"": 14, ""2"": 0, ""3"": 12, ""4"": 2, ""5"": 9, ""6"": 10, ""7"": 10, ""8"": 3, ""9"": 2, ""10"": 0}"
2641,2641,True,,gemm\random\mappings\sample_2641_seed_2641.csv,6.374268112408335,328.06533366907,1.696885485424462,3,0.0001720588,0.5861730833333313,112640.0,35840.0,1.4407855584209481,0.0018341770321016933,True,vec,16,"{""1"": 6, ""2"": 0, ""3"": 0, ""4"": 1, ""5"": 5, ""6"": 4, ""7"": 14, ""8"": 8, ""9"": 15, ""10"": 7}"
2642,2642,True,,gemm\random\mappings\sample_2642_seed_2642.csv,4.9630424601062755,326.51118815513,1.3325665295613864,0,0.000166727,0.0,100352.0,18432.0,1.4407855584209481,0.0017841085641008524,True,vec,16,"{""1"": 5, ""2"": 9, ""3"": 12, ""4"": 2, ""5"": 2, ""6"": 4, ""7"": 13, ""8"": 14, ""9"": 15, ""10"": 1}"
2643,2643,True,,gemm\random\mappings\sample_2643_seed_2643.csv,4.499894953362511,326.51236083144,1.390154135847756,0,0.0001169366,0.0,108544.0,19456.0,1.5677444951398531,0.0015180476332424784,True,vec,16,"{""1"": 6, ""2"": 3, ""3"": 11, ""4"": 9, ""5"": 4, ""6"": 9, ""7"": 5, ""8"": 3, ""9"": 15, ""10"": 14}"
2644,2644,True,,gemm\random\mappings\sample_2644_seed_2644.csv,4.7319713747881496,326.80595468714,1.4499126366965156,0,0.0001169509,0.0,134144.0,24576.0,1.1868676849831383,0.0015185100757052516,True,vec,16,"{""1"": 0, ""2"": 14, ""3"": 5, ""4"": 6, ""5"": 8, ""6"": 7, ""7"": 2, ""8"": 8, ""9"": 1, ""10"": 13}"
2645,2645,True,,gemm\random\mappings\sample_2645_seed_2645.csv,5.051156391197204,326.89391198155,1.3438977041033429,0,0.0001468589,0.0,102400.0,24576.0,1.7962705812338822,0.0016782449181143003,True,vec,16,"{""1"": 6, ""2"": 9, ""3"": 12, ""4"": 1, ""5"": 10, ""6"": 8, ""7"": 9, ""8"": 9, ""9"": 7, ""10"": 3}"
2646,2646,True,,gemm\random\mappings\sample_2646_seed_2646.csv,5.813382098869693,327.55943966906,1.4524423519018141,1,0.0001675467,0.051723125,132096.0,32768.0,1.4407855584209481,0.0017917347942066056,True,vec,16,"{""1"": 0, ""2"": 3, ""3"": 10, ""4"": 5, ""5"": 3, ""6"": 9, ""7"": 2, ""8"": 8, ""9"": 15, ""10"": 7}"
2647,2647,True,,gemm\random\mappings\sample_2647_seed_2647.csv,5.1123612489544215,327.11446485953,1.6371347296128684,0,0.0001465186,0.0,99328.0,24576.0,1.4153937710771671,0.0016786590517882097,True,vec,16,"{""1"": 11, ""2"": 6, ""3"": 2, ""4"": 7, ""5"": 5, ""6"": 0, ""7"": 0, ""8"": 15, ""9"": 6, ""10"": 1}"
2648,2648,True,,gemm\random\mappings\sample_2648_seed_2648.csv,5.895844386966512,327.39575603156,1.4543574902307808,1,0.0001664106,0.09237187499999999,131072.0,33792.0,1.7835746875619918,0.0017858044847208717,True,vec,16,"{""1"": 11, ""2"": 14, ""3"": 4, ""4"": 0, ""5"": 14, ""6"": 11, ""7"": 6, ""8"": 13, ""9"": 10, ""10"": 11}"
2649,2649,True,,gemm\random\mappings\sample_2649_seed_2649.csv,5.234025042016159,327.40261325278,1.3985541834117612,2,0.0001664728,0.08067312500000187,72704.0,16384.0,1.9232295179527872,0.0017843646350049385,True,vec,16,"{""1"": 4, ""2"": 9, ""3"": 8, ""4"": 8, ""5"": 6, ""6"": 14, ""7"": 13, ""8"": 13, ""9"": 10, ""10"": 6}"
2650,2650,True,,gemm\random\mappings\sample_2650_seed_2650.csv,6.615974389050506,327.61156108132,1.2794950058696932,1,0.0002167449,0.063393671875,110592.0,25600.0,4.2338821662368575,0.002053168563327542,True,vec,16,"{""1"": 8, ""2"": 6, ""3"": 6, ""4"": 6, ""5"": 0, ""6"": 4, ""7"": 6, ""8"": 15, ""9"": 0, ""10"": 2}"
2651,2651,True,,gemm\random\mappings\sample_2651_seed_2651.csv,6.000984209711952,327.97843649486,1.569818758250572,2,0.0001485748,0.4930943125,162816.0,32768.0,1.4153937710771671,0.001701907286616792,True,vec,16,"{""1"": 15, ""2"": 4, ""3"": 0, ""4"": 14, ""5"": 8, ""6"": 10, ""7"": 10, ""8"": 5, ""9"": 4, ""10"": 1}"
2652,2652,True,,gemm\random\mappings\sample_2652_seed_2652.csv,5.378360454905104,327.20875064463,1.5555421125255386,1,0.0001668029,0.001813125,132096.0,17408.0,1.6693116445149772,0.0017857002368648243,True,vec,16,"{""1"": 2, ""2"": 14, ""3"": 13, ""4"": 6, ""5"": 13, ""6"": 8, ""7"": 8, ""8"": 0, ""9"": 12, ""10"": 11}"
2653,2653,True,,gemm\random\mappings\sample_2653_seed_2653.csv,5.30249428699388,326.3657457678,1.4403891416543624,0,0.0001464527,0.0,122880.0,34816.0,1.1868676849831383,0.0016762511923335613,True,vec,16,"{""1"": 0, ""2"": 13, ""3"": 1, ""4"": 6, ""5"": 10, ""6"": 14, ""7"": 12, ""8"": 14, ""9"": 11, ""10"": 12}"
2654,2654,True,,gemm\random\mappings\sample_2654_seed_2654.csv,4.714605281427243,326.80761635467,1.5188187557802564,0,0.0001169168,0.0,143360.0,17408.0,1.8216623685776632,0.0015189247154581724,True,vec,16,"{""1"": 13, ""2"": 3, ""3"": 0, ""4"": 10, ""5"": 5, ""6"": 9, ""7"": 5, ""8"": 15, ""9"": 3, ""10"": 0}"
2655,2655,True,,gemm\random\mappings\sample_2655_seed_2655.csv,4.669775511254121,326.39309698723,1.3702514040063098,0,0.0001167627,0.0,97280.0,26624.0,1.6312239634993058,0.0015165340404711025,True,vec,16,"{""1"": 4, ""2"": 9, ""3"": 6, ""4"": 15, ""5"": 4, ""6"": 9, ""7"": 14, ""8"": 7, ""9"": 1, ""10"": 15}"
2656,2656,True,,gemm\random\mappings\sample_2656_seed_2656.csv,4.988225510506322,327.77938104248,1.6282841920453826,1,0.0001175449,0.23994645833333128,75776.0,26624.0,1.5296568141241818,0.0015254916773430255,True,vec,16,"{""1"": 4, ""2"": 10, ""3"": 5, ""4"": 4, ""5"": 9, ""6"": 14, ""7"": 2, ""8"": 15, ""9"": 9, ""10"": 2}"
2657,2657,True,,gemm\random\mappings\sample_2657_seed_2657.csv,5.228978057109736,325.91367363411,1.380152567417136,0,0.000166725,0.0,100352.0,26624.0,1.6693116445149772,0.0017831374812531764,True,vec,16,"{""1"": 1, ""2"": 10, ""3"": 10, ""4"": 5, ""5"": 6, ""6"": 13, ""7"": 2, ""8"": 8, ""9"": 13, ""10"": 12}"
2658,2658,True,,gemm\random\mappings\sample_2658_seed_2658.csv,4.947571715447697,326.90077473757,1.4415686727014847,0,0.0001463727,0.0,109568.0,16384.0,2.177147391390597,0.0016761133721552152,True,vec,16,"{""1"": 1, ""2"": 15, ""3"": 5, ""4"": 10, ""5"": 9, ""6"": 10, ""7"": 10, ""8"": 13, ""9"": 9, ""10"": 8}"
2659,2659,True,,gemm\random\mappings\sample_2659_seed_2659.csv,4.534997870889661,326.76886682919,1.6048226421616318,0,0.000116661,0.0,88064.0,20480.0,1.3773060900614957,0.0015176734770038498,True,vec,16,"{""1"": 2, ""2"": 2, ""3"": 1, ""4"": 7, ""5"": 13, ""6"": 9, ""7"": 10, ""8"": 7, ""9"": 14, ""10"": 0}"
2660,2660,True,,gemm\random\mappings\sample_2660_seed_2660.csv,5.3221423443093565,326.66239511479,1.4776832332162224,0,0.0001665507,0.0,90112.0,20480.0,2.6088077762348743,0.0017830594418046916,True,vec,16,"{""1"": 3, ""2"": 3, ""3"": 14, ""4"": 3, ""5"": 14, ""6"": 6, ""7"": 13, ""8"": 1, ""9"": 8, ""10"": 13}"
2661,2661,True,,gemm\random\mappings\sample_2661_seed_2661.csv,4.939754437933099,326.73276595756,1.4296907326139476,0,0.0001663449,0.0,51200.0,12288.0,2.786550287641341,0.001782762762595549,True,vec,16,"{""1"": 10, ""2"": 6, ""3"": 10, ""4"": 15, ""5"": 10, ""6"": 13, ""7"": 6, ""8"": 11, ""9"": 0, ""10"": 10}"
2662,2662,True,,gemm\random\mappings\sample_2662_seed_2662.csv,4.937839790233674,327.69291717754,1.678277723776027,1,0.0001185869,0.14035984375,136192.0,18432.0,1.3773060900614957,0.001533661831902764,True,vec,16,"{""1"": 3, ""2"": 3, ""3"": 8, ""4"": 14, ""5"": 15, ""6"": 15, ""7"": 2, ""8"": 13, ""9"": 1, ""10"": 11}"
2663,2663,True,,gemm\random\mappings\sample_2663_seed_2663.csv,4.356274340774345,326.50742070041,1.5107258081045156,0,0.000117051,0.0,86016.0,18432.0,1.1868676849831383,0.001519163394225276,True,vec,16,"{""1"": 10, ""2"": 4, ""3"": 6, ""4"": 11, ""5"": 2, ""6"": 13, ""7"": 7, ""8"": 2, ""9"": 0, ""10"": 3}"
2664,2664,True,,gemm\random\mappings\sample_2664_seed_2664.csv,5.851855357345806,329.12896106046,2.126262376781495,4,0.0001230848,0.7905906816789207,77824.0,22528.0,2.0882761356873636,0.001582793787679452,True,vec,16,"{""1"": 12, ""2"": 12, ""3"": 0, ""4"": 4, ""5"": 13, ""6"": 10, ""7"": 0, ""8"": 1, ""9"": 4, ""10"": 12}"
2665,2665,True,,gemm\random\mappings\sample_2665_seed_2665.csv,5.049841495028419,326.50529639721,1.341259734711178,0,0.0001664867,0.0,103424.0,18432.0,1.7835746875619918,0.0017824366880735984,True,vec,16,"{""1"": 13, ""2"": 5, ""3"": 2, ""4"": 13, ""5"": 2, ""6"": 9, ""7"": 10, ""8"": 1, ""9"": 3, ""10"": 1}"
2666,2666,True,,gemm\random\mappings\sample_2666_seed_2666.csv,5.634729712616468,326.20878756722,1.4910528416400002,0,0.0001666986,0.0,96256.0,32768.0,2.3548899027970642,0.0017842339317436509,True,vec,16,"{""1"": 9, ""2"": 14, ""3"": 7, ""4"": 10, ""5"": 7, ""6"": 11, ""7"": 13, ""8"": 11, ""9"": 10, ""10"": 11}"
2667,2667,True,,gemm\random\mappings\sample_2667_seed_2667.csv,6.08317871676289,327.3954599342,1.594317212337182,1,0.000166517,0.09336687499999999,115712.0,35840.0,2.3168022217813924,0.0017860912409102215,True,vec,16,"{""1"": 3, ""2"": 0, ""3"": 1, ""4"": 14, ""5"": 1, ""6"": 2, ""7"": 1, ""8"": 12, ""9"": 3, ""10"": 8}"
2668,2668,True,,gemm\random\mappings\sample_2668_seed_2668.csv,4.843325504690578,327.47162067149,1.5828449629106964,1,0.0001465547,0.10838895833333125,81920.0,16384.0,1.0345169609204523,0.0016797352058830388,True,vec,16,"{""1"": 9, ""2"": 4, ""3"": 5, ""4"": 1, ""5"": 13, ""6"": 14, ""7"": 15, ""8"": 8, ""9"": 14, ""10"": 11}"
2669,2669,True,,gemm\random\mappings\sample_2669_seed_2669.csv,5.338906970911243,327.84494875851,1.6645031142614553,1,0.000118283,0.26582,126976.0,32768.0,1.1868676849831383,0.0015308303235278566,True,vec,16,"{""1"": 8, ""2"": 11, ""3"": 13, ""4"": 2, ""5"": 10, ""6"": 5, ""7"": 4, ""8"": 1, ""9"": 2, ""10"": 15}"
2670,2670,True,,gemm\random\mappings\sample_2670_seed_2670.csv,5.659671995700669,327.52916028123,1.7101210129667113,1,0.0001675446,0.059979375,101376.0,16384.0,3.065859948422932,0.0017945693636822562,True,vec,16,"{""1"": 10, ""2"": 15, ""3"": 14, ""4"": 15, ""5"": 12, ""6"": 12, ""7"": 0, ""8"": 15, ""9"": 0, ""10"": 14}"
2671,2671,True,,gemm\random\mappings\sample_2671_seed_2671.csv,6.013656647689305,328.01781120213,1.8311745925244272,4,0.0001197308,0.49381865624999793,158720.0,34816.0,1.3011307280301527,0.0015478762522908845,True,vec,16,"{""1"": 3, ""2"": 12, ""3"": 8, ""4"": 6, ""5"": 2, ""6"": 2, ""7"": 3, ""8"": 1, ""9"": 4, ""10"": 11}"
2672,2672,True,,gemm\random\mappings\sample_2672_seed_2672.csv,4.834027401118999,326.3693362469,1.4849598365372823,0,0.0001463246,0.0,82944.0,18432.0,1.9867089863122396,0.001675799558074124,True,vec,16,"{""1"": 11, ""2"": 13, ""3"": 7, ""4"": 8, ""5"": 11, ""6"": 5, ""7"": 8, ""8"": 9, ""9"": 8, ""10"": 4}"
2673,2673,True,,gemm\random\mappings\sample_2673_seed_2673.csv,4.356610899629009,326.81104056899,1.5075845678988076,0,0.000117003,0.0,108544.0,17408.0,0.8059908748264233,0.0015192812943184246,True,vec,16,"{""1"": 6, ""2"": 14, ""3"": 2, ""4"": 0, ""5"": 8, ""6"": 9, ""7"": 15, ""8"": 4, ""9"": 13, ""10"": 3}"
2674,2674,True,,gemm\random\mappings\sample_2674_seed_2674.csv,5.602974590016389,328.39509617495,1.8750320451125588,3,0.0001213667,0.8631411510416669,119808.0,21504.0,1.7200952192025392,0.00156569828010726,True,vec,16,"{""1"": 1, ""2"": 9, ""3"": 10, ""4"": 13, ""5"": 12, ""6"": 13, ""7"": 5, ""8"": 14, ""9"": 10, ""10"": 5}"
2675,2675,True,,gemm\random\mappings\sample_2675_seed_2675.csv,5.211415492194927,327.56178842608,1.6651643251112784,1,0.0001188068,0.17115984374999998,149504.0,24576.0,1.5677444951398531,0.0015358931217917618,True,vec,16,"{""1"": 0, ""2"": 15, ""3"": 14, ""4"": 4, ""5"": 1, ""6"": 5, ""7"": 4, ""8"": 11, ""9"": 15, ""10"": 9}"
2676,2676,True,,gemm\random\mappings\sample_2676_seed_2676.csv,6.786334952511271,327.45763646256,1.4465311947867387,1,0.0002173509,0.029433791666666875,145408.0,32768.0,3.091251735766713,0.0020580661880390486,True,vec,16,"{""1"": 8, ""2"": 15, ""3"": 15, ""4"": 15, ""5"": 5, ""6"": 5, ""7"": 14, ""8"": 7, ""9"": 11, ""10"": 13}"
2677,2677,True,,gemm\random\mappings\sample_2677_seed_2677.csv,5.629496865918919,327.89740274988,1.771099953802767,3,0.0001205011,0.5611687916666688,128000.0,26624.0,1.7835746875619918,0.001550929919229187,True,vec,16,"{""1"": 7, ""2"": 7, ""3"": 0, ""4"": 9, ""5"": 4, ""6"": 0, ""7"": 15, ""8"": 14, ""9"": 13, ""10"": 0}"
2678,2678,True,,gemm\random\mappings\sample_2678_seed_2678.csv,5.103497949110088,327.5576630688,1.475516205225912,1,0.0001465867,0.161539125,111616.0,19456.0,1.4026978774052767,0.0016812488342129723,True,vec,16,"{""1"": 3, ""2"": 7, ""3"": 0, ""4"": 11, ""5"": 4, ""6"": 10, ""7"": 9, ""8"": 9, ""9"": 3, ""10"": 11}"
2679,2679,True,,gemm\random\mappings\sample_2679_seed_2679.csv,5.716852422900959,327.68036057245,1.388331909383712,1,0.0001668408,0.08673104166666876,126976.0,26624.0,2.050188454671692,0.0017876085732204832,True,vec,16,"{""1"": 11, ""2"": 9, ""3"": 4, ""4"": 15, ""5"": 4, ""6"": 15, ""7"": 2, ""8"": 3, ""9"": 3, ""10"": 10}"
2680,2680,True,,gemm\random\mappings\sample_2680_seed_2680.csv,5.434676413170836,327.99322518851,1.6418016641296793,3,0.0001464387,0.38676543402777774,76800.0,19456.0,1.8343582622495536,0.0016864551760128765,True,vec,16,"{""1"": 14, ""2"": 11, ""3"": 13, ""4"": 15, ""5"": 8, ""6"": 9, ""7"": 13, ""8"": 9, ""9"": 14, ""10"": 9}"
2681,2681,True,,gemm\random\mappings\sample_2681_seed_2681.csv,5.193988360046848,327.75795892383,1.754699210557884,1,0.0001188371,0.253457,114688.0,26624.0,1.4407855584209481,0.0015362175379450432,True,vec,16,"{""1"": 1, ""2"": 2, ""3"": 15, ""4"": 3, ""5"": 0, ""6"": 5, ""7"": 8, ""8"": 15, ""9"": 13, ""10"": 0}"
2682,2682,True,,gemm\random\mappings\sample_2682_seed_2682.csv,6.279534402238696,327.78259479533,1.6785152075622443,1,0.0001694769,0.1677265,160768.0,35840.0,1.8216623685776632,0.0018095193014878558,True,vec,16,"{""1"": 1, ""2"": 11, ""3"": 15, ""4"": 3, ""5"": 15, ""6"": 9, ""7"": 14, ""8"": 5, ""9"": 3, ""10"": 4}"
2683,2683,True,,gemm\random\mappings\sample_2683_seed_2683.csv,6.28137852067956,325.98160885034,1.1083881076042112,0,0.0002165008,0.0,122880.0,34816.0,2.8246379686570124,0.002048164161215768,True,vec,16,"{""1"": 14, ""2"": 5, ""3"": 5, ""4"": 5, ""5"": 9, ""6"": 2, ""7"": 14, ""8"": 6, ""9"": 15, ""10"": 8}"
2684,2684,True,,gemm\random\mappings\sample_2684_seed_2684.csv,4.484510777910008,326.5978186296,1.531157761523148,0,0.0001167306,0.0,66560.0,20480.0,1.7581829002182108,0.0015176132521796983,True,vec,16,"{""1"": 10, ""2"": 5, ""3"": 14, ""4"": 10, ""5"": 9, ""6"": 3, ""7"": 5, ""8"": 12, ""9"": 14, ""10"": 7}"
2685,2685,True,,gemm\random\mappings\sample_2685_seed_2685.csv,5.221085406834938,327.45950841193,1.4593938421680897,1,0.0001674726,0.0626418125,70656.0,16384.0,2.164451497718707,0.0017916962978161539,True,vec,16,"{""1"": 7, ""2"": 14, ""3"": 7, ""4"": 3, ""5"": 3, ""6"": 8, ""7"": 10, ""8"": 5, ""9"": 14, ""10"": 10}"
2686,2686,True,,gemm\random\mappings\sample_2686_seed_2686.csv,5.036813919380726,327.84665099133,1.9251538820267826,3,0.0001181667,0.64599575,60416.0,18432.0,1.1487800039674667,0.001540435338303038,True,vec,16,"{""1"": 7, ""2"": 10, ""3"": 11, ""4"": 7, ""5"": 6, ""6"": 0, ""7"": 3, ""8"": 9, ""9"": 1, ""10"": 1}"
2687,2687,True,,gemm\random\mappings\sample_2687_seed_2687.csv,4.924869198450977,326.18952623257,1.3449492425487732,0,0.0001666008,0.0,81920.0,16384.0,2.012100773656021,0.0017833126407796303,True,vec,16,"{""1"": 14, ""2"": 11, ""3"": 11, ""4"": 9, ""5"": 14, ""6"": 2, ""7"": 4, ""8"": 10, ""9"": 4, ""10"": 2}"
2688,2688,True,,gemm\random\mappings\sample_2688_seed_2688.csv,6.2356589015895505,329.51040401534,1.9626278455151023,3,0.0001254727,1.4761696071428565,120832.0,32768.0,1.4407855584209481,0.0016027133703965604,True,vec,16,"{""1"": 4, ""2"": 7, ""3"": 3, ""4"": 1, ""5"": 2, ""6"": 11, ""7"": 7, ""8"": 9, ""9"": 0, ""10"": 2}"
2689,2689,True,,gemm\random\mappings\sample_2689_seed_2689.csv,6.218560004475126,327.84306671014,1.8472438897720123,3,0.0001709608,0.5055873269230751,71680.0,28672.0,2.3929775838127356,0.001826877446571909,True,vec,16,"{""1"": 1, ""2"": 3, ""3"": 3, ""4"": 2, ""5"": 1, ""6"": 11, ""7"": 5, ""8"": 7, ""9"": 3, ""10"": 14}"
2690,2690,True,,gemm\random\mappings\sample_2690_seed_2690.csv,5.441751451711158,327.00972690575,1.422425776992126,0,0.0001662286,0.0,101376.0,25600.0,2.202539178734378,0.0017821237989687543,True,vec,16,"{""1"": 10, ""2"": 2, ""3"": 1, ""4"": 13, ""5"": 13, ""6"": 6, ""7"": 14, ""8"": 11, ""9"": 13, ""10"": 12}"
2691,2691,True,,gemm\random\mappings\sample_2691_seed_2691.csv,5.524322580114746,327.03468363417,1.4629024748773705,0,0.0001462667,0.0,111616.0,35840.0,1.9105336242808966,0.0016758927229545112,True,vec,16,"{""1"": 11, ""2"": 4, ""3"": 10, ""4"": 14, ""5"": 12, ""6"": 8, ""7"": 10, ""8"": 10, ""9"": 11, ""10"": 15}"
2692,2692,True,,gemm\random\mappings\sample_2692_seed_2692.csv,4.764760843004573,326.73962224046,1.4528854018428348,0,0.0001464368,0.0,98304.0,18432.0,1.2884348343582623,0.0016765488063143312,True,vec,16,"{""1"": 8, ""2"": 12, ""3"": 15, ""4"": 4, ""5"": 10, ""6"": 9, ""7"": 5, ""8"": 5, ""9"": 1, ""10"": 12}"
2693,2693,True,,gemm\random\mappings\sample_2693_seed_2693.csv,5.231677024613956,326.6633064159,1.2616726450299136,0,0.0001666327,0.0,100352.0,26624.0,1.5931362824836341,0.0017831033826326912,True,vec,16,"{""1"": 6, ""2"": 11, ""3"": 9, ""4"": 9, ""5"": 13, ""6"": 3, ""7"": 1, ""8"": 2, ""9"": 10, ""10"": 10}"
2694,2694,True,,gemm\random\mappings\sample_2694_seed_2694.csv,5.766260062730426,328.38749821024,1.711506678650421,2,0.0001489549,0.756485,98304.0,27648.0,1.4153937710771671,0.0017111602824805652,True,vec,16,"{""1"": 9, ""2"": 8, ""3"": 4, ""4"": 14, ""5"": 12, ""6"": 5, ""7"": 8, ""8"": 0, ""9"": 5, ""10"": 15}"
2695,2695,True,,gemm\random\mappings\sample_2695_seed_2695.csv,5.820204254451185,329.11972655061,1.6562780543467988,2,0.0001204968,0.5871139583333331,153600.0,33792.0,1.3011307280301527,0.0015500024019449116,True,vec,16,"{""1"": 12, ""2"": 9, ""3"": 6, ""4"": 2, ""5"": 11, ""6"": 12, ""7"": 11, ""8"": 13, ""9"": 8, ""10"": 10}"
2696,2696,True,,gemm\random\mappings\sample_2696_seed_2696.csv,6.005262964087226,326.64309961421,1.4873634284503991,0,0.0001667569,0.0,190464.0,32768.0,2.202539178734378,0.0017851164904632785,True,vec,16,"{""1"": 15, ""2"": 4, ""3"": 1, ""4"": 4, ""5"": 2, ""6"": 13, ""7"": 3, ""8"": 10, ""9"": 4, ""10"": 0}"
2697,2697,True,,gemm\random\mappings\sample_2697_seed_2697.csv,5.160575200446553,327.00832466483,1.3448596971235671,0,0.0001461026,0.0,108544.0,24576.0,2.177147391390597,0.0016741124744366366,True,vec,16,"{""1"": 10, ""2"": 9, ""3"": 3, ""4"": 4, ""5"": 12, ""6"": 9, ""7"": 4, ""8"": 14, ""9"": 9, ""10"": 5}"
2698,2698,True,,gemm\random\mappings\sample_2698_seed_2698.csv,4.561224461121601,326.1675184703,1.4411323540141359,0,0.0001167407,0.0,97280.0,24576.0,1.3773060900614957,0.0015169358130031085,True,vec,16,"{""1"": 7, ""2"": 1, ""3"": 4, ""4"": 7, ""5"": 10, ""6"": 5, ""7"": 14, ""8"": 11, ""9"": 1, ""10"": 12}"
2699,2699,True,,gemm\random\mappings\sample_2699_seed_2699.csv,5.8448416361588995,327.4583174782,1.6341461390130303,1,0.0001671967,0.023115541666666874,144384.0,19456.0,2.9769886927196985,0.0017895500893826534,True,vec,16,"{""1"": 13, ""2"": 7, ""3"": 0, ""4"": 0, ""5"": 15, ""6"": 13, ""7"": 0, ""8"": 2, ""9"": 4, ""10"": 0}"
2700,2700,True,,gemm\random\mappings\sample_2700_seed_2700.csv,4.787555668562751,327.2083894365,1.510698357284262,1,0.0001169627,0.014451249999999999,112640.0,25600.0,0.8821662368577663,0.0015191514149725711,True,vec,16,"{""1"": 7, ""2"": 14, ""3"": 5, ""4"": 0, ""5"": 11, ""6"": 1, ""7"": 6, ""8"": 2, ""9"": 13, ""10"": 7}"
2701,2701,True,,gemm\random\mappings\sample_2701_seed_2701.csv,5.140392358465865,327.11066572108,1.5601320876478062,0,0.0001169208,0.0,114688.0,34816.0,1.5677444951398531,0.0015190715962401053,True,vec,16,"{""1"": 15, ""2"": 6, ""3"": 14, ""4"": 12, ""5"": 9, ""6"": 1, ""7"": 9, ""8"": 3, ""9"": 6, ""10"": 10}"
2702,2702,True,,gemm\random\mappings\sample_2702_seed_2702.csv,6.1892500957608,329.52731842836,2.046263350102609,4,0.0001253167,1.39343834375,136192.0,24576.0,1.5677444951398531,0.0016045606891535735,True,vec,16,"{""1"": 5, ""2"": 13, ""3"": 14, ""4"": 11, ""5"": 15, ""6"": 3, ""7"": 15, ""8"": 2, ""9"": 13, ""10"": 8}"
2703,2703,True,,gemm\random\mappings\sample_2703_seed_2703.csv,4.367312643884753,326.51235965755,1.395780007862716,0,0.0001167927,0.0,94208.0,20480.0,1.0599087482642333,0.0015170413710195712,True,vec,16,"{""1"": 13, ""2"": 12, ""3"": 14, ""4"": 6, ""5"": 1, ""6"": 15, ""7"": 4, ""8"": 5, ""9"": 3, ""10"": 6}"
2704,2704,True,,gemm\random\mappings\sample_2704_seed_2704.csv,5.561057187685307,326.28466203717,1.2061947326348528,0,0.0001662626,0.0,119808.0,32768.0,2.202539178734378,0.0017806052796402586,True,vec,16,"{""1"": 3, ""2"": 10, ""3"": 13, ""4"": 2, ""5"": 10, ""6"": 14, ""7"": 6, ""8"": 4, ""9"": 10, ""10"": 9}"
2705,2705,True,,gemm\random\mappings\sample_2705_seed_2705.csv,5.214019096066545,327.9282563004,1.613190632694012,1,0.0001466766,0.334809125,109568.0,20480.0,1.1487800039674667,0.0016860596479847628,True,vec,16,"{""1"": 5, ""2"": 14, ""3"": 7, ""4"": 8, ""5"": 12, ""6"": 4, ""7"": 1, ""8"": 5, ""9"": 4, ""10"": 0}"
2706,2706,True,,gemm\random\mappings\sample_2706_seed_2706.csv,5.543658353413853,326.28549050178,1.4331264083419524,0,0.0001666348,0.0,102400.0,26624.0,2.7992461813132317,0.001783213118597257,True,vec,16,"{""1"": 7, ""2"": 11, ""3"": 2, ""4"": 0, ""5"": 2, ""6"": 5, ""7"": 2, ""8"": 7, ""9"": 5, ""10"": 11}"
2707,2707,True,,gemm\random\mappings\sample_2707_seed_2707.csv,5.322317618857624,326.79307377938,1.3748065986232747,0,0.0001663626,0.0,79872.0,25600.0,2.227930966078159,0.0017824060136034598,True,vec,16,"{""1"": 11, ""2"": 6, ""3"": 7, ""4"": 6, ""5"": 14, ""6"": 12, ""7"": 3, ""8"": 7, ""9"": 10, ""10"": 7}"
2708,2708,True,,gemm\random\mappings\sample_2708_seed_2708.csv,5.282662730709117,327.46408278355,1.512658028827687,1,0.0001665228,0.124138375,99328.0,17408.0,1.6693116445149772,0.0017864052886727595,True,vec,16,"{""1"": 6, ""2"": 0, ""3"": 10, ""4"": 10, ""5"": 1, ""6"": 15, ""7"": 4, ""8"": 13, ""9"": 15, ""10"": 11}"
2709,2709,True,,gemm\random\mappings\sample_2709_seed_2709.csv,5.452120166004008,327.24251275685,1.2572559014669136,1,0.0001664247,0.0194325,105472.0,25600.0,1.9359254116246776,0.0017823122938535438,True,vec,16,"{""1"": 5, ""2"": 11, ""3"": 2, ""4"": 2, ""5"": 8, ""6"": 5, ""7"": 11, ""8"": 6, ""9"": 1, ""10"": 14}"
2710,2710,True,,gemm\random\mappings\sample_2710_seed_2710.csv,5.226363000795398,327.79112282829,1.7595258648134293,2,0.0001184167,0.295581671875,116736.0,24576.0,1.3392184090458243,0.0015351464654307552,True,vec,16,"{""1"": 7, ""2"": 15, ""3"": 9, ""4"": 8, ""5"": 14, ""6"": 10, ""7"": 1, ""8"": 13, ""9"": 14, ""10"": 10}"
2711,2711,True,,gemm\random\mappings\sample_2711_seed_2711.csv,4.811219111034846,326.31880608232,1.482503231484245,0,0.0001167146,0.0,83968.0,29696.0,1.8724459432652252,0.0015169517766651514,True,vec,16,"{""1"": 8, ""2"": 10, ""3"": 8, ""4"": 5, ""5"": 14, ""6"": 8, ""7"": 6, ""8"": 5, ""9"": 11, ""10"": 15}"
2712,2712,True,,gemm\random\mappings\sample_2712_seed_2712.csv,4.709798844142724,327.8470522055,1.6768748477702002,2,0.0001180309,0.27795450320513,78848.0,16384.0,0.9964292799047808,0.001529475178007962,True,vec,16,"{""1"": 8, ""2"": 8, ""3"": 9, ""4"": 4, ""5"": 2, ""6"": 12, ""7"": 14, ""8"": 6, ""9"": 15, ""10"": 5}"
2713,2713,True,,gemm\random\mappings\sample_2713_seed_2713.csv,5.534745188976743,326.40812453826,1.3917748985891458,0,0.0001665687,0.0,100352.0,25600.0,2.9769886927196985,0.0017823494684414923,True,vec,16,"{""1"": 15, ""2"": 6, ""3"": 9, ""4"": 6, ""5"": 11, ""6"": 6, ""7"": 2, ""8"": 3, ""9"": 15, ""10"": 6}"
2714,2714,True,,gemm\random\mappings\sample_2714_seed_2714.csv,5.311586593092191,327.84834853661,1.7505825381001021,2,0.0001181728,0.289881125,101376.0,26624.0,1.7200952192025392,0.0015342654145397011,True,vec,16,"{""1"": 14, ""2"": 1, ""3"": 12, ""4"": 6, ""5"": 13, ""6"": 4, ""7"": 6, ""8"": 0, ""9"": 12, ""10"": 0}"
2715,2715,True,,gemm\random\mappings\sample_2715_seed_2715.csv,5.671654815005077,326.07316284532,1.373369420103905,0,0.000166619,0.0,140288.0,20480.0,3.827613568736362,0.0017823348284305087,True,vec,16,"{""1"": 13, ""2"": 6, ""3"": 0, ""4"": 6, ""5"": 0, ""6"": 14, ""7"": 6, ""8"": 14, ""9"": 0, ""10"": 11}"
2716,2716,True,,gemm\random\mappings\sample_2716_seed_2716.csv,6.016155589437586,327.54987690575,1.5078502220715255,1,0.000167553,0.0442788125,156672.0,28672.0,2.4183693711565164,0.0017921808038389088,True,vec,16,"{""1"": 0, ""2"": 15, ""3"": 2, ""4"": 15, ""5"": 0, ""6"": 2, ""7"": 4, ""8"": 12, ""9"": 14, ""10"": 2}"
2717,2717,True,,gemm\random\mappings\sample_2717_seed_2717.csv,4.855507404938865,325.63726008676,1.2837116592944098,0,0.0001168047,0.0,128000.0,33792.0,1.4534814520928387,0.0015166148882998765,True,vec,16,"{""1"": 7, ""2"": 4, ""3"": 2, ""4"": 9, ""5"": 14, ""6"": 14, ""7"": 8, ""8"": 7, ""9"": 5, ""10"": 8}"
2718,2718,True,,gemm\random\mappings\sample_2718_seed_2718.csv,4.5694861097433135,326.95920011536,1.5011216092301547,0,0.0001167307,0.0,88064.0,16384.0,2.25332275342194,0.001517362216893931,True,vec,16,"{""1"": 6, ""2"": 0, ""3"": 10, ""4"": 8, ""5"": 6, ""6"": 6, ""7"": 0, ""8"": 10, ""9"": 3, ""10"": 7}"
2719,2719,True,,gemm\random\mappings\sample_2719_seed_2719.csv,4.5797919405307566,326.23563592517,1.271693309114795,0,0.0001462767,0.0,100352.0,18432.0,1.0345169609204523,0.001674136372104716,True,vec,16,"{""1"": 6, ""2"": 3, ""3"": 10, ""4"": 13, ""5"": 4, ""6"": 9, ""7"": 14, ""8"": 1, ""9"": 14, ""10"": 12}"
2720,2720,True,,gemm\random\mappings\sample_2720_seed_2720.csv,4.8465814825422475,327.47554558386,1.7991458208272493,2,0.0001175227,0.1400655,55296.0,20480.0,1.5296568141241818,0.0015272567719565701,True,vec,16,"{""1"": 6, ""2"": 5, ""3"": 11, ""4"": 6, ""5"": 7, ""6"": 13, ""7"": 7, ""8"": 15, ""9"": 10, ""10"": 15}"
2721,2721,True,,gemm\random\mappings\sample_2721_seed_2721.csv,5.44261095441823,327.9363445814,1.878411057114984,3,0.0001184106,0.35830666666666877,102400.0,19456.0,2.4691529458440784,0.0015382151605289305,True,vec,16,"{""1"": 15, ""2"": 6, ""3"": 11, ""4"": 7, ""5"": 1, ""6"": 7, ""7"": 15, ""8"": 11, ""9"": 1, ""10"": 7}"
2722,2722,True,,gemm\random\mappings\sample_2722_seed_2722.csv,4.470788205820157,326.79964272708,1.4863603168296198,0,0.000117035,0.0,72704.0,19456.0,1.7200952192025392,0.0015188494224694555,True,vec,16,"{""1"": 9, ""2"": 10, ""3"": 5, ""4"": 6, ""5"": 8, ""6"": 15, ""7"": 3, ""8"": 8, ""9"": 10, ""10"": 3}"
2723,2723,True,,gemm\random\mappings\sample_2723_seed_2723.csv,4.950921783443986,326.66569130404,1.4659487283089898,0,0.0001168368,0.0,134144.0,32768.0,1.0599087482642333,0.0015177941960238018,True,vec,16,"{""1"": 3, ""2"": 8, ""3"": 10, ""4"": 14, ""5"": 2, ""6"": 11, ""7"": 4, ""8"": 12, ""9"": 5, ""10"": 8}"
2724,2724,True,,gemm\random\mappings\sample_2724_seed_2724.csv,5.124970824853848,326.27512815893,1.534076448414835,0,0.0001659909,0.0,100352.0,11264.0,2.9262051180321365,0.0017807003676621807,True,vec,16,"{""1"": 12, ""2"": 12, ""3"": 4, ""4"": 3, ""5"": 12, ""6"": 11, ""7"": 10, ""8"": 10, ""9"": 12, ""10"": 1}"
2725,2725,True,,gemm\random\mappings\sample_2725_seed_2725.csv,5.692785505221303,327.69095069881,1.4761542585948184,1,0.0001676109,0.068026875,112640.0,26624.0,1.9740130926403492,0.001793120364007049,True,vec,16,"{""1"": 14, ""2"": 12, ""3"": 0, ""4"": 12, ""5"": 10, ""6"": 0, ""7"": 8, ""8"": 11, ""9"": 6, ""10"": 11}"
2726,2726,True,,gemm\random\mappings\sample_2726_seed_2726.csv,4.438667933207925,326.74050788613,1.5387635582868735,0,0.0001166807,0.0,96256.0,16384.0,1.5296568141241818,0.0015174744855420304,True,vec,16,"{""1"": 5, ""2"": 0, ""3"": 11, ""4"": 5, ""5"": 3, ""6"": 14, ""7"": 12, ""8"": 1, ""9"": 3, ""10"": 14}"
2727,2727,True,,gemm\random\mappings\sample_2727_seed_2727.csv,5.538840589487765,327.51845192044,1.4472903561064843,1,0.0001673391,0.11718666666666874,96256.0,18432.0,2.837333862328903,0.0017885402069898243,True,vec,16,"{""1"": 9, ""2"": 14, ""3"": 14, ""4"": 1, ""5"": 1, ""6"": 2, ""7"": 12, ""8"": 1, ""9"": 0, ""10"": 15}"
2728,2728,True,,gemm\random\mappings\sample_2728_seed_2728.csv,4.908991582285453,326.89391009161,1.4884204144277735,0,0.0001168226,0.0,122880.0,27648.0,1.6439198571711962,0.0015179789919715892,True,vec,16,"{""1"": 1, ""2"": 10, ""3"": 15, ""4"": 2, ""5"": 9, ""6"": 10, ""7"": 2, ""8"": 13, ""9"": 7, ""10"": 1}"
2729,2729,True,,gemm\random\mappings\sample_2729_seed_2729.csv,4.633765598604947,326.63920075081,1.4565616934228127,0,0.0001169848,0.0,118784.0,25600.0,0.9202539178734378,0.0015187898548156289,True,vec,16,"{""1"": 4, ""2"": 5, ""3"": 0, ""4"": 13, ""5"": 15, ""6"": 2, ""7"": 11, ""8"": 8, ""9"": 4, ""10"": 10}"
2730,2730,True,,gemm\random\mappings\sample_2730_seed_2730.csv,4.659009430086996,326.63923276194,1.3959027039663736,0,0.0001166649,0.0,126976.0,24576.0,1.1868676849831383,0.001516371693193472,True,vec,16,"{""1"": 0, ""2"": 13, ""3"": 6, ""4"": 4, ""5"": 11, ""6"": 9, ""7"": 3, ""8"": 12, ""9"": 11, ""10"": 14}"
2731,2731,True,,gemm\random\mappings\sample_2731_seed_2731.csv,4.7435758466171185,327.78459425458,1.4708431702689413,1,0.0001179447,0.25056520833333124,94208.0,18432.0,1.5550486014679628,0.001526799935604281,True,vec,16,"{""1"": 2, ""2"": 12, ""3"": 10, ""4"": 6, ""5"": 1, ""6"": 9, ""7"": 3, ""8"": 10, ""9"": 2, ""10"": 6}"
2732,2732,True,,gemm\random\mappings\sample_2732_seed_2732.csv,5.34651971578235,328.16534451081,1.5670159257500589,2,0.0001465368,0.5686155,104448.0,19456.0,1.2884348343582623,0.0016913384943332882,True,vec,16,"{""1"": 10, ""2"": 6, ""3"": 8, ""4"": 3, ""5"": 2, ""6"": 4, ""7"": 9, ""8"": 9, ""9"": 12, ""10"": 2}"
2733,2733,True,,gemm\random\mappings\sample_2733_seed_2733.csv,4.352155147189983,326.45460622958,1.4929232330810949,0,0.0001167908,0.0,97280.0,16384.0,1.3392184090458243,0.0015175437226208125,True,vec,16,"{""1"": 2, ""2"": 11, ""3"": 7, ""4"": 1, ""5"": 9, ""6"": 4, ""7"": 14, ""8"": 1, ""9"": 13, ""10"": 13}"
2734,2734,True,,gemm\random\mappings\sample_2734_seed_2734.csv,5.631147431857875,325.59336623151,1.2299314250909006,0,0.0001668888,0.0,173056.0,32768.0,1.8216623685776632,0.0017844307317116553,True,vec,16,"{""1"": 0, ""2"": 5, ""3"": 14, ""4"": 11, ""5"": 11, ""6"": 13, ""7"": 2, ""8"": 5, ""9"": 4, ""10"": 10}"
2735,2735,True,,gemm\random\mappings\sample_2735_seed_2735.csv,4.664478095601608,326.66396740108,1.3990486086672136,0,0.0001167587,0.0,105472.0,24576.0,1.5677444951398531,0.0015168517323014509,True,vec,16,"{""1"": 8, ""2"": 1, ""3"": 4, ""4"": 11, ""5"": 14, ""6"": 3, ""7"": 4, ""8"": 5, ""9"": 11, ""10"": 9}"
2736,2736,True,,gemm\random\mappings\sample_2736_seed_2736.csv,5.012348649831817,326.66748353416,1.5598944463209328,0,0.0001464847,0.0,117760.0,16384.0,2.177147391390597,0.0016779010454739656,True,vec,16,"{""1"": 1, ""2"": 13, ""3"": 10, ""4"": 11, ""5"": 9, ""6"": 9, ""7"": 10, ""8"": 9, ""9"": 14, ""10"": 12}"
2737,2737,True,,gemm\random\mappings\sample_2737_seed_2737.csv,5.32971214950152,327.16796022825,1.5546670190058447,1,0.0001665971,0.001123125,106496.0,16384.0,2.075580242015473,0.0017845377727440568,True,vec,16,"{""1"": 11, ""2"": 2, ""3"": 2, ""4"": 15, ""5"": 15, ""6"": 1, ""7"": 3, ""8"": 5, ""9"": 0, ""10"": 12}"
2738,2738,True,,gemm\random\mappings\sample_2738_seed_2738.csv,5.287249744114794,327.84942595546,1.5667994788947897,1,0.0001465367,0.23359086538461252,90112.0,18432.0,2.3675857964689544,0.001684576481405557,True,vec,16,"{""1"": 12, ""2"": 13, ""3"": 12, ""4"": 0, ""5"": 5, ""6"": 7, ""7"": 5, ""8"": 5, ""9"": 0, ""10"": 10}"
2739,2739,True,,gemm\random\mappings\sample_2739_seed_2739.csv,5.789876839000748,327.90156030902,1.7556278744845017,2,0.0001182568,0.2725500173611125,154624.0,33792.0,1.9359254116246776,0.0015341558783019801,True,vec,16,"{""1"": 12, ""2"": 13, ""3"": 10, ""4"": 3, ""5"": 11, ""6"": 3, ""7"": 14, ""8"": 13, ""9"": 12, ""10"": 10}"
2740,2740,True,,gemm\random\mappings\sample_2740_seed_2740.csv,5.464982809785248,327.99328297667,1.6770705557318164,1,0.0001196549,0.37184,120832.0,32768.0,1.5931362824836341,0.0015425577852672117,True,vec,16,"{""1"": 14, ""2"": 1, ""3"": 12, ""4"": 4, ""5"": 13, ""6"": 3, ""7"": 0, ""8"": 11, ""9"": 13, ""10"": 13}"
2741,2741,True,,gemm\random\mappings\sample_2741_seed_2741.csv,6.1636097475752365,325.90320244302,1.2807489043950855,0,0.0002165508,0.0,137216.0,26624.0,2.862725649672684,0.0020499848230689757,True,vec,16,"{""1"": 14, ""2"": 2, ""3"": 2, ""4"": 1, ""5"": 2, ""6"": 11, ""7"": 10, ""8"": 13, ""9"": 4, ""10"": 13}"
2742,2742,True,,gemm\random\mappings\sample_2742_seed_2742.csv,4.886800659762234,327.20829365484,1.536185098022956,1,0.0001167808,0.01418875,112640.0,24576.0,1.4407855584209481,0.0015180425738739128,True,vec,16,"{""1"": 12, ""2"": 4, ""3"": 9, ""4"": 11, ""5"": 14, ""6"": 6, ""7"": 11, ""8"": 8, ""9"": 7, ""10"": 4}"
2743,2743,True,,gemm\random\mappings\sample_2743_seed_2743.csv,5.889774303616079,327.45950676294,1.4717673419798638,1,0.0001666168,0.07543796875,132096.0,32768.0,1.8216623685776632,0.0017878324490413586,True,vec,16,"{""1"": 6, ""2"": 8, ""3"": 1, ""4"": 1, ""5"": 12, ""6"": 13, ""7"": 14, ""8"": 12, ""9"": 3, ""10"": 10}"
2744,2744,True,,gemm\random\mappings\sample_2744_seed_2744.csv,4.6640863197497735,327.62342912806,1.509053713949622,1,0.0001174568,0.1821375,111616.0,16384.0,1.2630430470144813,0.0015240264049102446,True,vec,16,"{""1"": 10, ""2"": 7, ""3"": 8, ""4"": 15, ""5"": 0, ""6"": 0, ""7"": 12, ""8"": 13, ""9"": 2, ""10"": 10}"
2745,2745,True,,gemm\random\mappings\sample_2745_seed_2745.csv,5.360240372736557,326.35794651694,1.3569184624003077,0,0.0001465549,0.0,143360.0,33792.0,1.4153937710771671,0.0016768018800725744,True,vec,16,"{""1"": 15, ""2"": 10, ""3"": 5, ""4"": 2, ""5"": 8, ""6"": 9, ""7"": 9, ""8"": 10, ""9"": 13, ""10"": 3}"
2746,2746,True,,gemm\random\mappings\sample_2746_seed_2746.csv,5.764540262344365,328.16149829842,1.7457461738317195,2,0.0001203809,0.6522978906249999,143360.0,34816.0,1.2630430470144813,0.0015552656182959378,True,vec,16,"{""1"": 4, ""2"": 9, ""3"": 15, ""4"": 11, ""5"": 7, ""6"": 2, ""7"": 14, ""8"": 11, ""9"": 0, ""10"": 4}"
2747,2747,True,,gemm\random\mappings\sample_2747_seed_2747.csv,5.366633441946076,326.83161403428,1.4757117600868348,0,0.0001463567,0.0,126976.0,32768.0,1.4153937710771671,0.001676269081183669,True,vec,16,"{""1"": 7, ""2"": 5, ""3"": 9, ""4"": 12, ""5"": 2, ""6"": 8, ""7"": 8, ""8"": 1, ""9"": 9, ""10"": 0}"
2748,2748,True,,gemm\random\mappings\sample_2748_seed_2748.csv,5.111938912481421,328.15419954863,1.7012859777440976,1,0.0001198768,0.43963137500000005,100352.0,19456.0,2.024796667327911,0.0015448403070370152,True,vec,16,"{""1"": 9, ""2"": 0, ""3"": 9, ""4"": 4, ""5"": 2, ""6"": 12, ""7"": 2, ""8"": 9, ""9"": 15, ""10"": 12}"
2749,2749,True,,gemm\random\mappings\sample_2749_seed_2749.csv,6.116904038504418,327.3944768233,1.4655233729656114,1,0.0001666468,0.088149375,112640.0,32768.0,3.243602459829399,0.0017846803220368083,True,vec,16,"{""1"": 4, ""2"": 13, ""3"": 13, ""4"": 1, ""5"": 2, ""6"": 13, ""7"": 11, ""8"": 2, ""9"": 3, ""10"": 13}"
2750,2750,True,,gemm\random\mappings\sample_2750_seed_2750.csv,5.0979896043823985,327.6287251864,1.7603771750244706,1,0.0001180648,0.19662762500000003,129024.0,24576.0,1.1868676849831383,0.001531079192599396,True,vec,16,"{""1"": 4, ""2"": 11, ""3"": 3, ""4"": 0, ""5"": 1, ""6"": 1, ""7"": 9, ""8"": 2, ""9"": 7, ""10"": 14}"
2751,2751,True,,gemm\random\mappings\sample_2751_seed_2751.csv,4.8451910313697,326.80136619254,1.5774363004430936,0,0.0001166126,0.0,121856.0,26624.0,1.3773060900614957,0.0015172330735113784,True,vec,16,"{""1"": 3, ""2"": 0, ""3"": 5, ""4"": 13, ""5"": 3, ""6"": 10, ""7"": 0, ""8"": 8, ""9"": 11, ""10"": 12}"
2752,2752,True,,gemm\random\mappings\sample_2752_seed_2752.csv,4.707012643698286,326.96362586211,1.7255716638041034,0,0.0001166647,0.0,87040.0,24576.0,1.2503471533425907,0.0015185555290367966,True,vec,16,"{""1"": 3, ""2"": 6, ""3"": 5, ""4"": 0, ""5"": 3, ""6"": 14, ""7"": 11, ""8"": 1, ""9"": 7, ""10"": 6}"
2753,2753,True,,gemm\random\mappings\sample_2753_seed_2753.csv,4.216421129376203,326.67651998457,1.4251165986366348,0,0.0001168849,0.0,84992.0,12288.0,1.5550486014679628,0.0015176966392654134,True,vec,16,"{""1"": 6, ""2"": 10, ""3"": 8, ""4"": 2, ""5"": 7, ""6"": 6, ""7"": 2, ""8"": 12, ""9"": 9, ""10"": 8}"
2754,2754,True,,gemm\random\mappings\sample_2754_seed_2754.csv,4.771995680476534,326.65009496321,1.437053261804839,0,0.0001464847,0.0,92160.0,16384.0,1.7962705812338822,0.0016764005776010707,True,vec,16,"{""1"": 10, ""2"": 14, ""3"": 1, ""4"": 6, ""5"": 4, ""6"": 4, ""7"": 4, ""8"": 13, ""9"": 8, ""10"": 12}"
2755,2755,True,,gemm\random\mappings\sample_2755_seed_2755.csv,5.180289192357756,326.23087729163,1.3609745910782396,0,0.0001464069,0.0,95232.0,24576.0,2.811942074985122,0.0016755020359738972,True,vec,16,"{""1"": 14, ""2"": 11, ""3"": 9, ""4"": 13, ""5"": 1, ""6"": 11, ""7"": 11, ""8"": 13, ""9"": 9, ""10"": 1}"
2756,2756,True,,gemm\random\mappings\sample_2756_seed_2756.csv,5.1876900307535125,326.66131964492,1.3945465656781288,0,0.0001665008,0.0,98304.0,24576.0,1.4407855584209481,0.0017835046602706793,True,vec,16,"{""1"": 15, ""2"": 1, ""3"": 11, ""4"": 14, ""5"": 14, ""6"": 10, ""7"": 9, ""8"": 8, ""9"": 6, ""10"": 0}"
2757,2757,True,,gemm\random\mappings\sample_2757_seed_2757.csv,5.143930727972863,328.16298589893,1.6796291479795675,2,0.0001186728,0.56776875,83968.0,24576.0,1.2503471533425907,0.0015361871194229275,True,vec,16,"{""1"": 11, ""2"": 11, ""3"": 10, ""4"": 14, ""5"": 4, ""6"": 7, ""7"": 6, ""8"": 3, ""9"": 13, ""10"": 10}"
2758,2758,True,,gemm\random\mappings\sample_2758_seed_2758.csv,4.503373180710642,326.89615865289,1.5662542507482944,0,0.0001169386,0.0,109568.0,17408.0,1.3011307280301527,0.0015190729866917233,True,vec,16,"{""1"": 9, ""2"": 14, ""3"": 4, ""4"": 12, ""5"": 3, ""6"": 10, ""7"": 6, ""8"": 9, ""9"": 14, ""10"": 15}"
2759,2759,True,,gemm\random\mappings\sample_2759_seed_2759.csv,5.526507833471556,327.99441896727,1.3329508471278648,2,0.0001674388,0.37809364583333127,74752.0,19456.0,2.304106328109502,0.001793738934750381,True,vec,16,"{""1"": 6, ""2"": 7, ""3"": 9, ""4"": 7, ""5"": 9, ""6"": 11, ""7"": 3, ""8"": 11, ""9"": 8, ""10"": 5}"
2760,2760,True,,gemm\random\mappings\sample_2760_seed_2760.csv,5.720599129778698,326.66126042734,1.376549184434939,0,0.0001668408,0.0,150528.0,32768.0,1.8216623685776632,0.0017853926425626112,True,vec,16,"{""1"": 7, ""2"": 14, ""3"": 12, ""4"": 12, ""5"": 6, ""6"": 1, ""7"": 10, ""8"": 11, ""9"": 14, ""10"": 2}"
2761,2761,True,,gemm\random\mappings\sample_2761_seed_2761.csv,5.033548071609165,326.43852923305,1.22743167213166,0,0.0001666467,0.0,101376.0,18432.0,2.012100773656021,0.00178279663920686,True,vec,16,"{""1"": 5, ""2"": 11, ""3"": 8, ""4"": 5, ""5"": 11, ""6"": 8, ""7"": 7, ""8"": 0, ""9"": 1, ""10"": 9}"
2762,2762,True,,gemm\random\mappings\sample_2762_seed_2762.csv,4.313989064124159,326.51444472554,1.4732220622804482,0,0.0001167789,0.0,86016.0,16384.0,1.3773060900614957,0.0015174804999903218,True,vec,16,"{""1"": 5, ""2"": 15, ""3"": 6, ""4"": 8, ""5"": 5, ""6"": 14, ""7"": 6, ""8"": 11, ""9"": 12, ""10"": 3}"
2763,2763,True,,gemm\random\mappings\sample_2763_seed_2763.csv,4.437915528062095,326.8247561475,1.6250105117415512,0,0.0001167608,0.0,88064.0,18432.0,1.1487800039674667,0.0015182422213376472,True,vec,16,"{""1"": 11, ""2"": 9, ""3"": 11, ""4"": 12, ""5"": 3, ""6"": 2, ""7"": 6, ""8"": 14, ""9"": 7, ""10"": 2}"
2764,2764,True,,gemm\random\mappings\sample_2764_seed_2764.csv,4.954191298754743,326.46097821439,1.4305863288382854,0,0.0001169988,0.0,135168.0,33792.0,1.0726046419361237,0.001518612786003581,True,vec,16,"{""1"": 15, ""2"": 8, ""3"": 13, ""4"": 10, ""5"": 1, ""6"": 9, ""7"": 6, ""8"": 5, ""9"": 15, ""10"": 9}"
2765,2765,True,,gemm\random\mappings\sample_2765_seed_2765.csv,5.883717492153524,327.52472319846,1.5934634290649985,1,0.0001676368,0.03780764423076938,141312.0,26624.0,2.202539178734378,0.001792477945895728,True,vec,16,"{""1"": 2, ""2"": 5, ""3"": 15, ""4"": 7, ""5"": 15, ""6"": 14, ""7"": 3, ""8"": 15, ""9"": 0, ""10"": 12}"
2766,2766,True,,gemm\random\mappings\sample_2766_seed_2766.csv,6.253356916474241,325.74765345323,1.196808630878918,0,0.0002162307,0.0,109568.0,34816.0,2.862725649672684,0.0020471353103506773,True,vec,16,"{""1"": 15, ""2"": 1, ""3"": 13, ""4"": 13, ""5"": 13, ""6"": 4, ""7"": 6, ""8"": 9, ""9"": 5, ""10"": 5}"
2767,2767,True,,gemm\random\mappings\sample_2767_seed_2767.csv,6.404337959004821,327.8376555166,1.652174908866063,2,0.0001679707,0.37471068750000003,191488.0,34816.0,1.4407855584209481,0.0018044631641405229,True,vec,16,"{""1"": 15, ""2"": 8, ""3"": 4, ""4"": 0, ""5"": 4, ""6"": 12, ""7"": 2, ""8"": 1, ""9"": 6, ""10"": 11}"
2768,2768,True,,gemm\random\mappings\sample_2768_seed_2768.csv,4.917603753287759,327.49350525449,1.5383795922945565,1,0.0001171848,0.12834416666666876,113664.0,26624.0,0.9964292799047808,0.0015217314993037174,True,vec,16,"{""1"": 0, ""2"": 9, ""3"": 5, ""4"": 0, ""5"": 11, ""6"": 7, ""7"": 12, ""8"": 2, ""9"": 13, ""10"": 10}"
2769,2769,True,,gemm\random\mappings\sample_2769_seed_2769.csv,5.475254240658376,327.84156525271,1.543417688711296,2,0.0001665067,0.345981,109568.0,16384.0,1.5931362824836341,0.0017901895452020148,True,vec,16,"{""1"": 5, ""2"": 2, ""3"": 2, ""4"": 13, ""5"": 12, ""6"": 15, ""7"": 7, ""8"": 10, ""9"": 3, ""10"": 15}"
2770,2770,True,,gemm\random\mappings\sample_2770_seed_2770.csv,5.212092080911998,327.46246341659,1.4811258155949802,1,0.0001663267,0.09651663461538751,75776.0,16384.0,2.012100773656021,0.0017857577976405248,True,vec,16,"{""1"": 3, ""2"": 14, ""3"": 3, ""4"": 7, ""5"": 7, ""6"": 11, ""7"": 9, ""8"": 4, ""9"": 11, ""10"": 9}"
2771,2771,True,,gemm\random\mappings\sample_2771_seed_2771.csv,5.067458090154897,327.89500481403,1.6984997674969697,2,0.0001194829,0.45288101190476254,111616.0,18432.0,1.4407855584209481,0.001543434700464353,True,vec,16,"{""1"": 6, ""2"": 7, ""3"": 1, ""4"": 12, ""5"": 3, ""6"": 14, ""7"": 0, ""8"": 1, ""9"": 9, ""10"": 3}"
2772,2772,True,,gemm\random\mappings\sample_2772_seed_2772.csv,5.009412551784355,327.68871144735,1.8074688868205258,3,0.0001178487,0.53018425,94208.0,16384.0,1.1868676849831383,0.0015334026055256109,True,vec,16,"{""1"": 14, ""2"": 10, ""3"": 11, ""4"": 7, ""5"": 9, ""6"": 7, ""7"": 4, ""8"": 3, ""9"": 0, ""10"": 6}"
2773,2773,True,,gemm\random\mappings\sample_2773_seed_2773.csv,4.3911496912940775,326.230843861,1.30614441260047,0,0.0001464849,0.0,90112.0,11264.0,1.2884348343582623,0.0016755540751517543,True,vec,16,"{""1"": 5, ""2"": 9, ""3"": 11, ""4"": 8, ""5"": 1, ""6"": 14, ""7"": 6, ""8"": 2, ""9"": 2, ""10"": 8}"
2774,2774,True,,gemm\random\mappings\sample_2774_seed_2774.csv,5.913234394891029,329.06200600468,1.8432995623853454,1,0.000123593,0.5312099218749999,176128.0,32768.0,1.4407855584209481,0.0015754793979926873,True,vec,16,"{""1"": 15, ""2"": 1, ""3"": 14, ""4"": 4, ""5"": 0, ""6"": 12, ""7"": 5, ""8"": 3, ""9"": 0, ""10"": 14}"
2775,2775,True,,gemm\random\mappings\sample_2775_seed_2775.csv,5.476165596835245,327.48759535653,1.3427778741662646,1,0.0001667947,0.10892020833333126,124928.0,24576.0,1.4407855584209481,0.0017860826336274366,True,vec,16,"{""1"": 14, ""2"": 4, ""3"": 9, ""4"": 10, ""5"": 4, ""6"": 15, ""7"": 11, ""8"": 1, ""9"": 2, ""10"": 7}"
2776,2776,True,,gemm\random\mappings\sample_2776_seed_2776.csv,5.577411629161828,327.59346945429,1.7041257324297288,2,0.0001179107,0.27716458333333127,126976.0,34816.0,1.5677444951398531,0.0015313288835984954,True,vec,16,"{""1"": 11, ""2"": 6, ""3"": 12, ""4"": 2, ""5"": 8, ""6"": 2, ""7"": 12, ""8"": 0, ""9"": 3, ""10"": 9}"
2777,2777,True,,gemm\random\mappings\sample_2777_seed_2777.csv,5.803699595717581,329.51040936321,1.905188735109647,3,0.0001256408,1.4961975178571438,93184.0,25600.0,1.0599087482642333,0.0016032865565143546,True,vec,16,"{""1"": 9, ""2"": 14, ""3"": 11, ""4"": 15, ""5"": 13, ""6"": 10, ""7"": 6, ""8"": 5, ""9"": 8, ""10"": 14}"
2778,2778,True,,gemm\random\mappings\sample_2778_seed_2778.csv,4.8702471970799674,327.46576989793,1.7152687610879678,2,0.0001177567,0.240423375,111616.0,16384.0,1.3011307280301527,0.001529850386458944,True,vec,16,"{""1"": 9, ""2"": 7, ""3"": 13, ""4"": 12, ""5"": 3, ""6"": 7, ""7"": 8, ""8"": 15, ""9"": 9, ""10"": 4}"
2779,2779,True,,gemm\random\mappings\sample_2779_seed_2779.csv,4.990548746732251,327.99646939742,1.589020207834513,1,0.0001184606,0.37113520833333125,99328.0,25600.0,1.0726046419361237,0.0015318380845973157,True,vec,16,"{""1"": 6, ""2"": 15, ""3"": 13, ""4"": 9, ""5"": 1, ""6"": 14, ""7"": 12, ""8"": 8, ""9"": 6, ""10"": 8}"
2780,2780,True,,gemm\random\mappings\sample_2780_seed_2780.csv,5.520235422862082,327.84227456554,1.7388131319994091,2,0.0001503707,0.281221484375,89088.0,18432.0,2.3675857964689544,0.0017121730505233663,True,vec,16,"{""1"": 9, ""2"": 9, ""3"": 4, ""4"": 14, ""5"": 15, ""6"": 15, ""7"": 14, ""8"": 15, ""9"": 13, ""10"": 7}"
2781,2781,True,,gemm\random\mappings\sample_2781_seed_2781.csv,5.591922632460982,328.39309671473,1.9862593709127823,4,0.0001227367,1.601026942307694,53248.0,18432.0,1.7581829002182108,0.001580906652330206,True,vec,16,"{""1"": 8, ""2"": 9, ""3"": 12, ""4"": 10, ""5"": 8, ""6"": 9, ""7"": 14, ""8"": 10, ""9"": 15, ""10"": 6}"
2782,2782,True,,gemm\random\mappings\sample_2782_seed_2782.csv,5.049545276722164,326.34628245098,1.3929227695064421,0,0.0001666669,0.0,94208.0,18432.0,1.8978377306090062,0.0017832952002678026,True,vec,16,"{""1"": 10, ""2"": 2, ""3"": 14, ""4"": 0, ""5"": 14, ""6"": 10, ""7"": 10, ""8"": 9, ""9"": 4, ""10"": 11}"
2783,2783,True,,gemm\random\mappings\sample_2783_seed_2783.csv,5.870825076143038,326.51127574662,1.4272423837474295,0,0.000167019,0.0,142336.0,34816.0,2.3168022217813924,0.0017854696713007132,True,vec,16,"{""1"": 11, ""2"": 0, ""3"": 9, ""4"": 6, ""5"": 0, ""6"": 0, ""7"": 11, ""8"": 5, ""9"": 13, ""10"": 3}"
2784,2784,True,,gemm\random\mappings\sample_2784_seed_2784.csv,5.955483813109092,327.81443731333,1.5490108326285121,1,0.0001661647,0.197352375,101376.0,33792.0,2.0882761356873636,0.001787082942050571,True,vec,16,"{""1"": 3, ""2"": 1, ""3"": 0, ""4"": 6, ""5"": 1, ""6"": 4, ""7"": 13, ""8"": 3, ""9"": 4, ""10"": 4}"
2785,2785,True,,gemm\random\mappings\sample_2785_seed_2785.csv,4.768206332609666,327.99624480843,1.5849585720885728,1,0.0001181188,0.3664675,70656.0,17408.0,1.7581829002182108,0.0015297984040370158,True,vec,16,"{""1"": 10, ""2"": 11, ""3"": 5, ""4"": 10, ""5"": 3, ""6"": 15, ""7"": 13, ""8"": 5, ""9"": 11, ""10"": 9}"
2786,2786,True,,gemm\random\mappings\sample_2786_seed_2786.csv,4.571229893348472,326.45011696898,1.4557589863498166,0,0.0001466808,0.0,91136.0,14336.0,1.2249553659988097,0.0016776756116659544,True,vec,16,"{""1"": 13, ""2"": 13, ""3"": 8, ""4"": 15, ""5"": 1, ""6"": 14, ""7"": 7, ""8"": 12, ""9"": 12, ""10"": 10}"
2787,2787,True,,gemm\random\mappings\sample_2787_seed_2787.csv,4.7051687786513465,326.73368094634,1.4389644603839045,0,0.0001462606,0.0,101376.0,17408.0,1.1487800039674667,0.0016754852639801548,True,vec,16,"{""1"": 9, ""2"": 6, ""3"": 12, ""4"": 0, ""5"": 2, ""6"": 5, ""7"": 8, ""8"": 9, ""9"": 5, ""10"": 4}"
2788,2788,True,,gemm\random\mappings\sample_2788_seed_2788.csv,4.4154499899658575,326.81103331172,1.534450565277306,0,0.0001167628,0.0,91136.0,17408.0,1.3392184090458243,0.0015176460733937463,True,vec,16,"{""1"": 11, ""2"": 7, ""3"": 1, ""4"": 13, ""5"": 15, ""6"": 3, ""7"": 1, ""8"": 10, ""9"": 14, ""10"": 3}"
2789,2789,True,,gemm\random\mappings\sample_2789_seed_2789.csv,4.433268306838834,327.05478035854,1.53903706203701,0,0.0001170029,0.0,81920.0,18432.0,1.3011307280301527,0.0015192267431976662,True,vec,16,"{""1"": 2, ""2"": 5, ""3"": 6, ""4"": 10, ""5"": 3, ""6"": 2, ""7"": 14, ""8"": 12, ""9"": 5, ""10"": 11}"
2790,2790,True,,gemm\random\mappings\sample_2790_seed_2790.csv,5.418320463370555,327.61410550411,1.3994587740004774,1,0.000166725,0.08040541666666876,99328.0,18432.0,2.3548899027970642,0.0017866219710837078,True,vec,16,"{""1"": 2, ""2"": 0, ""3"": 14, ""4"": 2, ""5"": 14, ""6"": 4, ""7"": 2, ""8"": 3, ""9"": 3, ""10"": 8}"
2791,2791,True,,gemm\random\mappings\sample_2791_seed_2791.csv,5.267766809692005,326.21958749414,1.3810458793168114,0,0.0001664566,0.0,84992.0,28672.0,1.6947034318587582,0.0017828916217633914,True,vec,16,"{""1"": 9, ""2"": 8, ""3"": 14, ""4"": 8, ""5"": 4, ""6"": 1, ""7"": 7, ""8"": 15, ""9"": 13, ""10"": 14}"
2792,2792,True,,gemm\random\mappings\sample_2792_seed_2792.csv,4.74101403623349,327.10896568786,1.5389812369082725,0,0.0001166647,0.0,102400.0,21504.0,1.9105336242808966,0.0015172151753496143,True,vec,16,"{""1"": 4, ""2"": 8, ""3"": 15, ""4"": 7, ""5"": 4, ""6"": 5, ""7"": 7, ""8"": 10, ""9"": 15, ""10"": 10}"
2793,2793,True,,gemm\random\mappings\sample_2793_seed_2793.csv,4.323251915049518,327.55678567488,1.536515254771311,1,0.0001177707,0.164154625,86016.0,10240.0,0.9964292799047808,0.0015263689966882675,True,vec,16,"{""1"": 1, ""2"": 0, ""3"": 13, ""4"": 1, ""5"": 11, ""6"": 5, ""7"": 15, ""8"": 2, ""9"": 10, ""10"": 7}"
2794,2794,True,,gemm\random\mappings\sample_2794_seed_2794.csv,5.161051803430322,328.22611291374,1.5906091707868124,2,0.0001186588,0.5861789583333312,121856.0,24576.0,0.8059908748264233,0.0015358674449844816,True,vec,16,"{""1"": 1, ""2"": 4, ""3"": 14, ""4"": 6, ""5"": 7, ""6"": 12, ""7"": 11, ""8"": 8, ""9"": 9, ""10"": 15}"
2795,2795,True,,gemm\random\mappings\sample_2795_seed_2795.csv,5.091367346316167,327.85712554435,1.8400040255801002,3,0.0001186086,0.22981661184210625,88064.0,18432.0,1.4915691331085101,0.001537785275848292,True,vec,16,"{""1"": 12, ""2"": 12, ""3"": 8, ""4"": 5, ""5"": 0, ""6"": 10, ""7"": 11, ""8"": 2, ""9"": 12, ""10"": 14}"
2796,2796,True,,gemm\random\mappings\sample_2796_seed_2796.csv,5.963725062235616,327.83597219729,1.587051623524088,2,0.0001463427,0.33495949999999997,135168.0,32768.0,2.050188454671692,0.0016820491145191254,True,vec,16,"{""1"": 7, ""2"": 4, ""3"": 10, ""4"": 12, ""5"": 9, ""6"": 4, ""7"": 0, ""8"": 4, ""9"": 2, ""10"": 9}"
2797,2797,True,,gemm\random\mappings\sample_2797_seed_2797.csv,5.339865084568341,327.26999544769,1.5985616617674434,1,0.0001465689,0.035838249999999995,152576.0,24576.0,1.0345169609204523,0.0016798686535463912,True,vec,16,"{""1"": 0, ""2"": 10, ""3"": 9, ""4"": 12, ""5"": 14, ""6"": 5, ""7"": 13, ""8"": 13, ""9"": 4, ""10"": 2}"
2798,2798,True,,gemm\random\mappings\sample_2798_seed_2798.csv,5.2139647734539,326.7327630128,1.3854400133610496,0,0.0001663606,0.0,63488.0,21504.0,2.6088077762348743,0.0017824645706798548,True,vec,16,"{""1"": 6, ""2"": 6, ""3"": 10, ""4"": 10, ""5"": 15, ""6"": 11, ""7"": 5, ""8"": 2, ""9"": 6, ""10"": 6}"
2799,2799,True,,gemm\random\mappings\sample_2799_seed_2799.csv,4.485486369732666,326.89254504604,1.6402577494314088,0,0.0001166508,0.0,92160.0,16384.0,1.5296568141241818,0.0015179395739325543,True,vec,16,"{""1"": 6, ""2"": 8, ""3"": 13, ""4"": 6, ""5"": 14, ""6"": 10, ""7"": 11, ""8"": 14, ""9"": 2, ""10"": 11}"
2800,2800,True,,gemm\random\mappings\sample_2800_seed_2800.csv,4.4146789138333125,326.23475185952,1.357753863532609,0,0.0001168569,0.0,81920.0,21504.0,1.5550486014679628,0.001517175488401236,True,vec,16,"{""1"": 9, ""2"": 13, ""3"": 8, ""4"": 10, ""5"": 7, ""6"": 9, ""7"": 7, ""8"": 0, ""9"": 14, ""10"": 10}"
2801,2801,True,,gemm\random\mappings\sample_2801_seed_2801.csv,5.441869789353458,326.86243593834,1.3569803712198563,0,0.0001667428,0.0,123904.0,27648.0,1.6947034318587582,0.0017846697885897397,True,vec,16,"{""1"": 14, ""2"": 1, ""3"": 11, ""4"": 12, ""5"": 12, ""6"": 15, ""7"": 9, ""8"": 0, ""9"": 7, ""10"": 1}"
2802,2802,True,,gemm\random\mappings\sample_2802_seed_2802.csv,5.545089379589504,327.84070463441,1.323256120318892,1,0.0001665049,0.246681875,99328.0,26624.0,1.6693116445149772,0.0017863429338782994,True,vec,16,"{""1"": 10, ""2"": 9, ""3"": 7, ""4"": 1, ""5"": 9, ""6"": 11, ""7"": 12, ""8"": 15, ""9"": 12, ""10"": 6}"
2803,2803,True,,gemm\random\mappings\sample_2803_seed_2803.csv,4.601274573334112,327.03423414297,1.7167680713661413,0,0.0001167586,0.0,107520.0,16384.0,1.5550486014679628,0.0015192422358003652,True,vec,16,"{""1"": 9, ""2"": 2, ""3"": 4, ""4"": 1, ""5"": 7, ""6"": 9, ""7"": 0, ""8"": 8, ""9"": 2, ""10"": 1}"
2804,2804,True,,gemm\random\mappings\sample_2804_seed_2804.csv,5.764497807562458,327.4580991432,1.4968253241105784,1,0.0001673508,0.04703913461538437,114688.0,24576.0,2.659591350922436,0.0017914572434369756,True,vec,16,"{""1"": 9, ""2"": 4, ""3"": 0, ""4"": 7, ""5"": 0, ""6"": 6, ""7"": 14, ""8"": 7, ""9"": 0, ""10"": 9}"
2805,2805,True,,gemm\random\mappings\sample_2805_seed_2805.csv,5.366362773361558,327.99318985995,1.6579941069092525,1,0.0001464528,0.36461387500000003,133120.0,20480.0,1.2884348343582623,0.001686346604552589,True,vec,16,"{""1"": 4, ""2"": 11, ""3"": 14, ""4"": 12, ""5"": 8, ""6"": 5, ""7"": 1, ""8"": 2, ""9"": 1, ""10"": 8}"
2806,2806,True,,gemm\random\mappings\sample_2806_seed_2806.csv,5.435054939458672,327.84851197127,1.504477007728549,3,0.0001678307,0.12560335416666643,71680.0,18432.0,1.5550486014679628,0.0017960008283805517,True,vec,16,"{""1"": 1, ""2"": 0, ""3"": 10, ""4"": 0, ""5"": 5, ""6"": 1, ""7"": 3, ""8"": 4, ""9"": 6, ""10"": 9}"
2807,2807,True,,gemm\random\mappings\sample_2807_seed_2807.csv,5.4389024909644546,327.93319864823,1.6941461021094468,2,0.0001471927,0.33721402243590004,99328.0,18432.0,1.9867089863122396,0.0016913803904152534,True,vec,16,"{""1"": 0, ""2"": 11, ""3"": 1, ""4"": 8, ""5"": 0, ""6"": 1, ""7"": 12, ""8"": 8, ""9"": 12, ""10"": 14}"
2808,2808,True,,gemm\random\mappings\sample_2808_seed_2808.csv,5.337634734735536,326.50306102433,1.5298724544501616,0,0.0001667309,0.0,106496.0,20480.0,2.3421940091251736,0.0017849000551445596,True,vec,16,"{""1"": 4, ""2"": 0, ""3"": 2, ""4"": 2, ""5"": 0, ""6"": 11, ""7"": 12, ""8"": 4, ""9"": 1, ""10"": 11}"
2809,2809,True,,gemm\random\mappings\sample_2809_seed_2809.csv,6.570943216323,328.74577766892,1.8610772971568468,2,0.0001466289,1.1750296607142874,190464.0,34816.0,1.6693116445149772,0.0017109536419170292,True,vec,16,"{""1"": 3, ""2"": 8, ""3"": 12, ""4"": 4, ""5"": 9, ""6"": 4, ""7"": 2, ""8"": 2, ""9"": 1, ""10"": 8}"
2810,2810,True,,gemm\random\mappings\sample_2810_seed_2810.csv,4.692553367262234,327.62873587386,1.711668690646126,1,0.0001183608,0.193649875,89088.0,18432.0,0.9964292799047808,0.0015317838395991115,True,vec,16,"{""1"": 12, ""2"": 4, ""3"": 0, ""4"": 14, ""5"": 12, ""6"": 6, ""7"": 3, ""8"": 8, ""9"": 11, ""10"": 10}"
2811,2811,True,,gemm\random\mappings\sample_2811_seed_2811.csv,5.417607135837614,327.59179520438,1.7606295144971615,2,0.0001176468,0.2396665,141312.0,32768.0,0.8059908748264233,0.0015284837330963993,True,vec,16,"{""1"": 0, ""2"": 11, ""3"": 7, ""4"": 6, ""5"": 1, ""6"": 12, ""7"": 15, ""8"": 3, ""9"": 13, ""10"": 5}"
2812,2812,True,,gemm\random\mappings\sample_2812_seed_2812.csv,5.572922226706226,327.90797457282,1.7698485221798117,2,0.0001195607,0.40180889062499997,152576.0,26624.0,1.7581829002182108,0.0015460759783292885,True,vec,16,"{""1"": 3, ""2"": 3, ""3"": 13, ""4"": 14, ""5"": 12, ""6"": 1, ""7"": 14, ""8"": 12, ""9"": 2, ""10"": 10}"
2813,2813,True,,gemm\random\mappings\sample_2813_seed_2813.csv,5.012342411688888,327.62714479199,1.8132666033051015,2,0.0001187329,0.3050327083333313,123904.0,17408.0,1.1868676849831383,0.0015369983023602637,True,vec,16,"{""1"": 2, ""2"": 3, ""3"": 14, ""4"": 7, ""5"": 13, ""6"": 15, ""7"": 3, ""8"": 1, ""9"": 11, ""10"": 8}"
2814,2814,True,,gemm\random\mappings\sample_2814_seed_2814.csv,5.109520255428105,328.0044016037,1.6591494593193583,2,0.0001182908,0.5888041666666687,117760.0,18432.0,1.4915691331085101,0.001534306900017531,True,vec,16,"{""1"": 14, ""2"": 11, ""3"": 0, ""4"": 5, ""5"": 14, ""6"": 12, ""7"": 14, ""8"": 13, ""9"": 6, ""10"": 15}"
2815,2815,True,,gemm\random\mappings\sample_2815_seed_2815.csv,4.6694282792958655,326.70639483598,1.5908220198843381,0,0.0001167889,0.0,121856.0,18432.0,1.7454870065463202,0.0015182495743165595,True,vec,16,"{""1"": 12, ""2"": 0, ""3"": 3, ""4"": 9, ""5"": 12, ""6"": 1, ""7"": 10, ""8"": 12, ""9"": 6, ""10"": 0}"
2816,2816,True,,gemm\random\mappings\sample_2816_seed_2816.csv,5.298421691985771,327.842405569,1.5192547400778071,2,0.0001466787,0.46443999999999996,105472.0,20480.0,1.2630430470144813,0.001684314141472154,True,vec,16,"{""1"": 14, ""2"": 6, ""3"": 10, ""4"": 8, ""5"": 5, ""6"": 12, ""7"": 13, ""8"": 14, ""9"": 14, ""10"": 9}"
2817,2817,True,,gemm\random\mappings\sample_2817_seed_2817.csv,4.685149291634221,326.90081757011,1.579932922895171,0,0.0001168368,0.0,89088.0,25600.0,1.3011307280301527,0.0015185266087034425,True,vec,16,"{""1"": 11, ""2"": 9, ""3"": 6, ""4"": 3, ""5"": 10, ""6"": 10, ""7"": 11, ""8"": 5, ""9"": 2, ""10"": 12}"
2818,2818,True,,gemm\random\mappings\sample_2818_seed_2818.csv,4.900108231030321,326.86882671687,1.6127659174047901,0,0.0001169867,0.0,124928.0,27648.0,1.3011307280301527,0.0015200231661932713,True,vec,16,"{""1"": 2, ""2"": 3, ""3"": 12, ""4"": 0, ""5"": 5, ""6"": 0, ""7"": 7, ""8"": 13, ""9"": 2, ""10"": 15}"
2819,2819,True,,gemm\random\mappings\sample_2819_seed_2819.csv,4.943729224683599,326.4567152746,1.4268466568493654,0,0.0001168547,0.0,113664.0,32768.0,1.5677444951398531,0.00151770041148679,True,vec,16,"{""1"": 7, ""2"": 8, ""3"": 10, ""4"": 14, ""5"": 5, ""6"": 1, ""7"": 10, ""8"": 8, ""9"": 2, ""10"": 9}"
2820,2820,True,,gemm\random\mappings\sample_2820_seed_2820.csv,4.644089229029209,326.29859864586,1.4133995379019324,0,0.0001467447,0.0,88064.0,18432.0,1.1868676849831383,0.001677695432428751,True,vec,16,"{""1"": 5, ""2"": 13, ""3"": 0, ""4"": 6, ""5"": 7, ""6"": 14, ""7"": 12, ""8"": 3, ""9"": 12, ""10"": 14}"
2821,2821,True,,gemm\random\mappings\sample_2821_seed_2821.csv,5.135558783313639,327.55677871241,1.566542263308517,1,0.0001177708,0.10259359374999999,117760.0,27648.0,1.6820075381868678,0.001527127983235328,True,vec,16,"{""1"": 13, ""2"": 4, ""3"": 15, ""4"": 14, ""5"": 2, ""6"": 7, ""7"": 15, ""8"": 4, ""9"": 13, ""10"": 3}"
2822,2822,True,,gemm\random\mappings\sample_2822_seed_2822.csv,5.094431255335066,326.51135946402,1.4272909325081404,0,0.0001465386,0.0,143360.0,24576.0,1.2884348343582623,0.0016769125945695089,True,vec,16,"{""1"": 12, ""2"": 0, ""3"": 11, ""4"": 13, ""5"": 3, ""6"": 2, ""7"": 14, ""8"": 2, ""9"": 6, ""10"": 3}"
2823,2823,True,,gemm\random\mappings\sample_2823_seed_2823.csv,4.648173156238794,327.6897277324,1.4660131235470109,1,0.0001178408,0.20417895833333127,96256.0,18432.0,1.1868676849831383,0.001525923132277579,True,vec,16,"{""1"": 9, ""2"": 2, ""3"": 13, ""4"": 7, ""5"": 8, ""6"": 14, ""7"": 12, ""8"": 15, ""9"": 2, ""10"": 6}"
2824,2824,True,,gemm\random\mappings\sample_2824_seed_2824.csv,4.442602526875466,326.23722203433,1.4351291608730452,0,0.0001464688,0.0,82944.0,12288.0,1.2249553659988097,0.0016762598013498322,True,vec,16,"{""1"": 6, ""2"": 14, ""3"": 6, ""4"": 0, ""5"": 7, ""6"": 15, ""7"": 5, ""8"": 15, ""9"": 9, ""10"": 12}"
2825,2825,True,,gemm\random\mappings\sample_2825_seed_2825.csv,5.320280224907497,326.50699732432,1.3518517785444155,0,0.0001662126,0.0,82944.0,25600.0,2.3548899027970642,0.0017811711103501583,True,vec,16,"{""1"": 5, ""2"": 4, ""3"": 11, ""4"": 8, ""5"": 4, ""6"": 12, ""7"": 6, ""8"": 11, ""9"": 8, ""10"": 12}"
2826,2826,True,,gemm\random\mappings\sample_2826_seed_2826.csv,6.142856972891158,326.64023657174,1.3275025536084384,0,0.0002162766,0.0,107520.0,26624.0,2.862725649672684,0.002049048455440369,True,vec,16,"{""1"": 5, ""2"": 15, ""3"": 13, ""4"": 13, ""5"": 13, ""6"": 8, ""7"": 14, ""8"": 6, ""9"": 9, ""10"": 8}"
2827,2827,True,,gemm\random\mappings\sample_2827_seed_2827.csv,4.793217724567293,327.52423056018,1.6852998960710428,1,0.0001173107,0.116245576923075,129024.0,18432.0,0.9964292799047808,0.001525132331226607,True,vec,16,"{""1"": 3, ""2"": 12, ""3"": 4, ""4"": 7, ""5"": 3, ""6"": 2, ""7"": 14, ""8"": 0, ""9"": 6, ""10"": 1}"
2828,2828,True,,gemm\random\mappings\sample_2828_seed_2828.csv,5.448488663487092,326.47861443811,1.3586308630377895,0,0.0001666808,0.0,116736.0,26624.0,2.177147391390597,0.001783168254872806,True,vec,16,"{""1"": 13, ""2"": 15, ""3"": 0, ""4"": 10, ""5"": 10, ""6"": 8, ""7"": 3, ""8"": 8, ""9"": 4, ""10"": 10}"
2829,2829,True,,gemm\random\mappings\sample_2829_seed_2829.csv,5.522915227483944,328.39075226926,1.8374215811733976,3,0.0001207886,0.985307,106496.0,19456.0,1.8724459432652252,0.0015611827062778135,True,vec,16,"{""1"": 8, ""2"": 2, ""3"": 0, ""4"": 1, ""5"": 8, ""6"": 12, ""7"": 8, ""8"": 2, ""9"": 11, ""10"": 4}"
2830,2830,True,,gemm\random\mappings\sample_2830_seed_2830.csv,5.857871785516315,327.77909367672,1.5079616700175935,1,0.0001677887,0.06768635416666875,145408.0,24576.0,2.329498115453283,0.0017948947845293594,True,vec,16,"{""1"": 13, ""2"": 8, ""3"": 0, ""4"": 7, ""5"": 0, ""6"": 1, ""7"": 7, ""8"": 6, ""9"": 2, ""10"": 0}"
2831,2831,True,,gemm\random\mappings\sample_2831_seed_2831.csv,5.691030894534686,328.00028177575,1.8715086818661881,3,0.0001209388,0.6266431510416646,152576.0,24576.0,1.5677444951398531,0.0015576070630383897,True,vec,16,"{""1"": 15, ""2"": 0, ""3"": 9, ""4"": 7, ""5"": 4, ""6"": 1, ""7"": 0, ""8"": 7, ""9"": 2, ""10"": 3}"
2832,2832,True,,gemm\random\mappings\sample_2832_seed_2832.csv,5.556127653230106,326.89042789925,1.4302565482916043,0,0.000166647,0.0,145408.0,26624.0,1.8216623685776632,0.0017849284251900128,True,vec,16,"{""1"": 1, ""2"": 10, ""3"": 8, ""4"": 10, ""5"": 15, ""6"": 6, ""7"": 2, ""8"": 3, ""9"": 15, ""10"": 13}"
2833,2833,True,,gemm\random\mappings\sample_2833_seed_2833.csv,4.999691264276499,327.62870193743,1.7754592128172264,2,0.0001181589,0.1275483854166667,93184.0,21504.0,1.3773060900614957,0.0015314211509548565,True,vec,16,"{""1"": 2, ""2"": 8, ""3"": 0, ""4"": 2, ""5"": 3, ""6"": 13, ""7"": 3, ""8"": 9, ""9"": 14, ""10"": 1}"
2834,2834,True,,gemm\random\mappings\sample_2834_seed_2834.csv,5.2599985514853715,326.06546762429,1.3009390632994635,0,0.0001666347,0.0,124928.0,19456.0,2.5072406268597502,0.0017834440594595969,True,vec,16,"{""1"": 15, ""2"": 10, ""3"": 0, ""4"": 7, ""5"": 7, ""6"": 10, ""7"": 8, ""8"": 13, ""9"": 10, ""10"": 15}"
2835,2835,True,,gemm\random\mappings\sample_2835_seed_2835.csv,6.111369376101091,328.12630973666,1.5201740015989147,2,0.0001673548,0.4824138333333312,136192.0,32768.0,1.4407855584209481,0.0017969857731931925,True,vec,16,"{""1"": 6, ""2"": 8, ""3"": 0, ""4"": 13, ""5"": 8, ""6"": 9, ""7"": 12, ""8"": 3, ""9"": 2, ""10"": 11}"
2836,2836,True,,gemm\random\mappings\sample_2836_seed_2836.csv,4.989920215168142,325.57161787223,1.2512973667634542,0,0.0001462987,0.0,87040.0,25600.0,2.481848839515969,0.0016740372454411448,True,vec,16,"{""1"": 4, ""2"": 9, ""3"": 10, ""4"": 4, ""5"": 7, ""6"": 9, ""7"": 2, ""8"": 4, ""9"": 9, ""10"": 11}"
2837,2837,True,,gemm\random\mappings\sample_2837_seed_2837.csv,5.018107763553312,326.44623373103,1.3506034780016618,0,0.0001466168,0.0,105472.0,24576.0,1.7962705812338822,0.001676785059404355,True,vec,16,"{""1"": 9, ""2"": 3, ""3"": 11, ""4"": 8, ""5"": 14, ""6"": 14, ""7"": 14, ""8"": 4, ""9"": 5, ""10"": 2}"
2838,2838,True,,gemm\random\mappings\sample_2838_seed_2838.csv,5.519878564769731,327.40202034439,1.5447091764856715,1,0.0001667467,0.059844218750000004,112640.0,18432.0,2.3929775838127356,0.0017870953631587496,True,vec,16,"{""1"": 14, ""2"": 1, ""3"": 1, ""4"": 14, ""5"": 15, ""6"": 4, ""7"": 15, ""8"": 7, ""9"": 4, ""10"": 7}"
2839,2839,True,,gemm\random\mappings\sample_2839_seed_2839.csv,4.301392796915751,326.24251807875,1.3982688730902066,0,0.0001166167,0.0,82944.0,18432.0,1.3773060900614957,0.0015158763328714604,True,vec,16,"{""1"": 13, ""2"": 13, ""3"": 9, ""4"": 5, ""5"": 3, ""6"": 9, ""7"": 14, ""8"": 1, ""9"": 7, ""10"": 10}"
2840,2840,True,,gemm\random\mappings\sample_2840_seed_2840.csv,4.698741290454191,326.60362063234,1.4879639757680692,0,0.0001166486,0.0,79872.0,25600.0,1.8724459432652252,0.001516704507287809,True,vec,16,"{""1"": 11, ""2"": 5, ""3"": 13, ""4"": 10, ""5"": 11, ""6"": 3, ""7"": 10, ""8"": 8, ""9"": 11, ""10"": 6}"
2841,2841,True,,gemm\random\mappings\sample_2841_seed_2841.csv,4.787758291451849,327.75627351068,1.6699804612494407,1,0.0001177888,0.09908656249999999,103424.0,18432.0,1.3392184090458243,0.0015277883083596423,True,vec,16,"{""1"": 11, ""2"": 8, ""3"": 2, ""4"": 15, ""5"": 7, ""6"": 3, ""7"": 12, ""8"": 14, ""9"": 15, ""10"": 12}"
2842,2842,True,,gemm\random\mappings\sample_2842_seed_2842.csv,5.678993517853969,328.23348390749,1.7934180171705847,2,0.0001207907,0.4621346875,180224.0,24576.0,1.7200952192025392,0.0015552883955918283,True,vec,16,"{""1"": 0, ""2"": 10, ""3"": 11, ""4"": 8, ""5"": 15, ""6"": 8, ""7"": 1, ""8"": 15, ""9"": 4, ""10"": 1}"
2843,2843,True,,gemm\random\mappings\sample_2843_seed_2843.csv,5.138951434979891,326.50657837311,1.5035666604908304,0,0.0001462007,0.0,101376.0,26624.0,1.7962705812338822,0.0016755407967864043,True,vec,16,"{""1"": 1, ""2"": 0, ""3"": 7, ""4"": 10, ""5"": 6, ""6"": 0, ""7"": 0, ""8"": 11, ""9"": 8, ""10"": 2}"
2844,2844,True,,gemm\random\mappings\sample_2844_seed_2844.csv,5.364053114186033,326.7326952416,1.404462441605124,0,0.0001665648,0.0,106496.0,24576.0,2.050188454671692,0.0017838171216092477,True,vec,16,"{""1"": 14, ""2"": 3, ""3"": 6, ""4"": 6, ""5"": 10, ""6"": 13, ""7"": 0, ""8"": 0, ""9"": 10, ""10"": 12}"
2845,2845,True,,gemm\random\mappings\sample_2845_seed_2845.csv,5.019507280192396,327.68596084591,1.668176588749101,1,0.0001184107,0.15862848214285624,99328.0,20480.0,2.126363816703035,0.001532406878988917,True,vec,16,"{""1"": 6, ""2"": 11, ""3"": 6, ""4"": 15, ""5"": 0, ""6"": 4, ""7"": 6, ""8"": 10, ""9"": 11, ""10"": 15}"
2846,2846,True,,gemm\random\mappings\sample_2846_seed_2846.csv,5.562739354439622,327.9447098531,1.6751374869959663,2,0.0001466086,0.35069799999999995,86016.0,27648.0,1.5296568141241818,0.0016862810359828367,True,vec,16,"{""1"": 11, ""2"": 15, ""3"": 14, ""4"": 6, ""5"": 9, ""6"": 6, ""7"": 3, ""8"": 3, ""9"": 11, ""10"": 2}"
2847,2847,True,,gemm\random\mappings\sample_2847_seed_2847.csv,7.374795187714845,326.41323036832,1.202417743389115,0,0.0002463947,0.0,147456.0,32768.0,5.706605832176155,0.002209474760847461,True,vec,16,"{""1"": 0, ""2"": 10, ""3"": 7, ""4"": 10, ""5"": 10, ""6"": 10, ""7"": 15, ""8"": 10, ""9"": 15, ""10"": 7}"
2848,2848,True,,gemm\random\mappings\sample_2848_seed_2848.csv,5.550170904619881,326.90000938706,1.6052315877176486,0,0.0001465008,0.0,135168.0,32768.0,1.7962705812338822,0.0016782871611379553,True,vec,16,"{""1"": 4, ""2"": 3, ""3"": 10, ""4"": 14, ""5"": 6, ""6"": 3, ""7"": 12, ""8"": 11, ""9"": 3, ""10"": 0}"
2849,2849,True,,gemm\random\mappings\sample_2849_seed_2849.csv,4.721678370490982,326.37897679585,1.2963453578328958,0,0.0001660528,0.0,92160.0,10240.0,1.8216623685776632,0.0017800362061880376,True,vec,16,"{""1"": 14, ""2"": 14, ""3"": 0, ""4"": 2, ""5"": 14, ""6"": 7, ""7"": 6, ""8"": 1, ""9"": 10, ""10"": 4}"
2850,2850,True,,gemm\random\mappings\sample_2850_seed_2850.csv,4.665260100089403,326.57926181675,1.440203234157913,0,0.0001167709,0.0,120832.0,24576.0,1.2503471533425907,0.0015173040572572039,True,vec,16,"{""1"": 0, ""2"": 11, ""3"": 3, ""4"": 0, ""5"": 9, ""6"": 7, ""7"": 14, ""8"": 8, ""9"": 1, ""10"": 3}"
2851,2851,True,,gemm\random\mappings\sample_2851_seed_2851.csv,5.651923294930247,329.28590146972,1.7335040687836707,3,0.0001216691,0.5781676822916687,125952.0,24576.0,1.5677444951398531,0.0015610993540366412,True,vec,16,"{""1"": 10, ""2"": 5, ""3"": 3, ""4"": 13, ""5"": 0, ""6"": 7, ""7"": 2, ""8"": 5, ""9"": 3, ""10"": 12}"
2852,2852,True,,gemm\random\mappings\sample_2852_seed_2852.csv,6.558285795443842,327.61311068853,1.566350956905075,1,0.0002175868,0.042949083333333124,77824.0,30720.0,3.167427097798056,0.0020612338051043287,True,vec,16,"{""1"": 1, ""2"": 0, ""3"": 7, ""4"": 0, ""5"": 0, ""6"": 1, ""7"": 6, ""8"": 1, ""9"": 3, ""10"": 15}"
2853,2853,True,,gemm\random\mappings\sample_2853_seed_2853.csv,4.62112053348223,326.2239611332,1.3994478503683676,0,0.0001465347,0.0,111616.0,16384.0,1.0345169609204523,0.0016767440875969652,True,vec,16,"{""1"": 5, ""2"": 1, ""3"": 12, ""4"": 2, ""5"": 15, ""6"": 14, ""7"": 4, ""8"": 4, ""9"": 13, ""10"": 9}"
2854,2854,True,,gemm\random\mappings\sample_2854_seed_2854.csv,4.970550218218866,327.69026955593,1.7640070457289907,2,0.0001183686,0.44530149999999996,91136.0,18432.0,1.3773060900614957,0.0015375443059173555,True,vec,16,"{""1"": 2, ""2"": 15, ""3"": 14, ""4"": 2, ""5"": 3, ""6"": 14, ""7"": 1, ""8"": 5, ""9"": 6, ""10"": 10}"
2855,2855,True,,gemm\random\mappings\sample_2855_seed_2855.csv,5.607734426878092,328.7457803713,1.9337916850919938,2,0.0001225509,1.1604287812499998,100352.0,24576.0,1.4407855584209481,0.0015820347343580784,True,vec,16,"{""1"": 9, ""2"": 10, ""3"": 13, ""4"": 15, ""5"": 14, ""6"": 15, ""7"": 7, ""8"": 8, ""9"": 0, ""10"": 13}"
2856,2856,True,,gemm\random\mappings\sample_2856_seed_2856.csv,5.287160559815961,327.68339103273,1.403606584646965,1,0.0001674787,0.06406625,90112.0,20480.0,1.5550486014679628,0.0017912366307907522,True,vec,16,"{""1"": 2, ""2"": 3, ""3"": 3, ""4"": 13, ""5"": 5, ""6"": 2, ""7"": 4, ""8"": 14, ""9"": 0, ""10"": 1}"
2857,2857,True,,gemm\random\mappings\sample_2857_seed_2857.csv,5.072581557916673,326.88721727753,1.5384059928620806,0,0.0001169308,0.0,137216.0,32768.0,1.3011307280301527,0.0015191458554227333,True,vec,16,"{""1"": 3, ""2"": 10, ""3"": 8, ""4"": 2, ""5"": 0, ""6"": 3, ""7"": 13, ""8"": 8, ""9"": 14, ""10"": 11}"
2858,2858,True,,gemm\random\mappings\sample_2858_seed_2858.csv,4.935090663857314,327.10161989965,1.546449293818331,0,0.000116903,0.0,122880.0,32768.0,0.8059908748264233,0.001519029101350584,True,vec,16,"{""1"": 7, ""2"": 5, ""3"": 10, ""4"": 0, ""5"": 9, ""6"": 4, ""7"": 11, ""8"": 6, ""9"": 3, ""10"": 13}"
2859,2859,True,,gemm\random\mappings\sample_2859_seed_2859.csv,5.925113232241298,327.53554603785,1.7035962561372169,2,0.0001476067,0.1929633522727275,141312.0,29696.0,2.164451497718707,0.0016905462708572746,True,vec,16,"{""1"": 15, ""2"": 13, ""3"": 1, ""4"": 12, ""5"": 3, ""6"": 15, ""7"": 3, ""8"": 3, ""9"": 7, ""10"": 1}"
2860,2860,True,,gemm\random\mappings\sample_2860_seed_2860.csv,7.180492052785146,327.29807694873,1.5324805017575294,1,0.0002171848,0.015368020833333124,129024.0,39936.0,4.081531442174172,0.002056938541939868,True,vec,16,"{""1"": 3, ""2"": 0, ""3"": 1, ""4"": 0, ""5"": 0, ""6"": 11, ""7"": 11, ""8"": 0, ""9"": 7, ""10"": 14}"
2861,2861,True,,gemm\random\mappings\sample_2861_seed_2861.csv,4.942001252353909,325.99187151396,1.3532214018380562,0,0.0001665209,0.0,69632.0,17408.0,2.2406268597500496,0.0017818682569593447,True,vec,16,"{""1"": 10, ""2"": 4, ""3"": 14, ""4"": 14, ""5"": 10, ""6"": 4, ""7"": 3, ""8"": 12, ""9"": 3, ""10"": 6}"
2862,2862,True,,gemm\random\mappings\sample_2862_seed_2862.csv,4.961405361682708,326.44220654494,1.2663942904002028,0,0.0001464226,0.0,83968.0,27648.0,1.6693116445149772,0.001674947994823839,True,vec,16,"{""1"": 6, ""2"": 13, ""3"": 9, ""4"": 5, ""5"": 11, ""6"": 5, ""7"": 10, ""8"": 7, ""9"": 10, ""10"": 9}"
2863,2863,True,,gemm\random\mappings\sample_2863_seed_2863.csv,5.457542523429726,327.83396855368,1.522732664297113,1,0.0001465528,0.2897325,124928.0,26624.0,1.4153937710771671,0.0016816597700194883,True,vec,16,"{""1"": 1, ""2"": 2, ""3"": 14, ""4"": 7, ""5"": 13, ""6"": 8, ""7"": 12, ""8"": 8, ""9"": 14, ""10"": 6}"
2864,2864,True,,gemm\random\mappings\sample_2864_seed_2864.csv,5.213981236171648,327.10028893953,1.4866669040629157,0,0.0001464387,0.0,121856.0,24576.0,1.8216623685776632,0.0016769999535544164,True,vec,16,"{""1"": 8, ""2"": 15, ""3"": 7, ""4"": 0, ""5"": 5, ""6"": 1, ""7"": 2, ""8"": 2, ""9"": 5, ""10"": 5}"
2865,2865,True,,gemm\random\mappings\sample_2865_seed_2865.csv,6.030696160501383,328.22869949048,1.3708703415919,2,0.0001665069,0.5260632291666688,96256.0,32768.0,2.050188454671692,0.0017910468240197482,True,vec,16,"{""1"": 4, ""2"": 5, ""3"": 2, ""4"": 10, ""5"": 5, ""6"": 1, ""7"": 10, ""8"": 0, ""9"": 1, ""10"": 11}"
2866,2866,True,,gemm\random\mappings\sample_2866_seed_2866.csv,5.977273760431851,328.38865663133,1.5947459300693216,2,0.0001666346,0.5643626302083312,110592.0,26624.0,1.8216623685776632,0.0017975903262884608,True,vec,16,"{""1"": 15, ""2"": 11, ""3"": 9, ""4"": 12, ""5"": 9, ""6"": 10, ""7"": 12, ""8"": 13, ""9"": 3, ""10"": 7}"
2867,2867,True,,gemm\random\mappings\sample_2867_seed_2867.csv,5.662187482551637,326.49549226666,1.399075217126868,0,0.0001666989,0.0,114688.0,33792.0,2.075580242015473,0.001783609590874934,True,vec,16,"{""1"": 1, ""2"": 6, ""3"": 6, ""4"": 10, ""5"": 10, ""6"": 0, ""7"": 12, ""8"": 7, ""9"": 14, ""10"": 11}"
2868,2868,True,,gemm\random\mappings\sample_2868_seed_2868.csv,5.180970710091153,326.8037238916,1.5742684818963657,0,0.000116875,0.0,150528.0,32768.0,1.5296568141241818,0.0015190598911698076,True,vec,16,"{""1"": 15, ""2"": 2, ""3"": 4, ""4"": 10, ""5"": 5, ""6"": 0, ""7"": 15, ""8"": 10, ""9"": 9, ""10"": 15}"
2869,2869,True,,gemm\random\mappings\sample_2869_seed_2869.csv,5.578165388358997,327.24214091595,1.3967951213668413,1,0.0001665506,0.018845833333333124,144384.0,24576.0,1.6693116445149772,0.0017841922091527645,True,vec,16,"{""1"": 15, ""2"": 5, ""3"": 7, ""4"": 2, ""5"": 5, ""6"": 4, ""7"": 14, ""8"": 8, ""9"": 14, ""10"": 13}"
2870,2870,True,,gemm\random\mappings\sample_2870_seed_2870.csv,5.0731304505495345,325.75145802317,1.2742764340994648,0,0.0001665527,0.0,94208.0,16384.0,2.837333862328903,0.0017814302152437925,True,vec,16,"{""1"": 13, ""2"": 7, ""3"": 13, ""4"": 13, ""5"": 7, ""6"": 10, ""7"": 4, ""8"": 4, ""9"": 5, ""10"": 10}"
2871,2871,True,,gemm\random\mappings\sample_2871_seed_2871.csv,5.391218540581069,327.93555680732,1.8461840787127741,4,0.0001190169,0.6833202222222188,120832.0,18432.0,1.3011307280301527,0.0015442201180324295,True,vec,16,"{""1"": 1, ""2"": 3, ""3"": 12, ""4"": 13, ""5"": 2, ""6"": 2, ""7"": 1, ""8"": 0, ""9"": 11, ""10"": 14}"
2872,2872,True,,gemm\random\mappings\sample_2872_seed_2872.csv,5.56504460450013,326.64153499565,1.459819533207358,0,0.0001763087,0.0,122880.0,22528.0,2.380281690140845,0.0018352866264333874,True,vec,16,"{""1"": 0, ""2"": 4, ""3"": 13, ""4"": 13, ""5"": 8, ""6"": 1, ""7"": 1, ""8"": 11, ""9"": 1, ""10"": 4}"
2873,2873,True,,gemm\random\mappings\sample_2873_seed_2873.csv,5.190018185429883,327.61951003207,1.2865628591394065,1,0.0001664528,0.16374875,81920.0,18432.0,1.7835746875619918,0.0017841100666741376,True,vec,16,"{""1"": 9, ""2"": 14, ""3"": 1, ""4"": 14, ""5"": 9, ""6"": 4, ""7"": 3, ""8"": 2, ""9"": 0, ""10"": 4}"
2874,2874,True,,gemm\random\mappings\sample_2874_seed_2874.csv,5.194804230027364,325.70590416502,1.2173045934031668,0,0.0001665369,0.0,78848.0,27648.0,2.202539178734378,0.0017807399005666442,True,vec,16,"{""1"": 5, ""2"": 11, ""3"": 8, ""4"": 6, ""5"": 6, ""6"": 6, ""7"": 9, ""8"": 10, ""9"": 4, ""10"": 14}"
2875,2875,True,,gemm\random\mappings\sample_2875_seed_2875.csv,4.618033209025277,327.71708085159,1.498488298445732,1,0.0001178747,0.21767875,91136.0,17408.0,1.1868676849831383,0.0015262418274465301,True,vec,16,"{""1"": 5, ""2"": 3, ""3"": 6, ""4"": 13, ""5"": 8, ""6"": 11, ""7"": 6, ""8"": 4, ""9"": 15, ""10"": 7}"
2876,2876,True,,gemm\random\mappings\sample_2876_seed_2876.csv,5.30589345673122,327.56367632461,1.3863317756271334,1,0.0001464887,0.1640895,133120.0,24576.0,1.4153937710771671,0.0016800401904222403,True,vec,16,"{""1"": 12, ""2"": 1, ""3"": 11, ""4"": 10, ""5"": 0, ""6"": 9, ""7"": 10, ""8"": 9, ""9"": 2, ""10"": 6}"
2877,2877,True,,gemm\random\mappings\sample_2877_seed_2877.csv,6.48252206052272,328.06410583804,1.690931062913435,2,0.0001667471,0.28273614583333123,171008.0,32768.0,2.431065264828407,0.0017931537797375402,True,vec,16,"{""1"": 12, ""2"": 5, ""3"": 3, ""4"": 5, ""5"": 1, ""6"": 0, ""7"": 4, ""8"": 0, ""9"": 5, ""10"": 15}"
2878,2878,True,,gemm\random\mappings\sample_2878_seed_2878.csv,5.189586684282732,326.80859337539,1.4421981698787334,0,0.0001466828,0.0,139264.0,28672.0,1.0345169609204523,0.001678298788349855,True,vec,16,"{""1"": 4, ""2"": 11, ""3"": 14, ""4"": 7, ""5"": 8, ""6"": 5, ""7"": 0, ""8"": 5, ""9"": 15, ""10"": 3}"
2879,2879,True,,gemm\random\mappings\sample_2879_seed_2879.csv,5.405529326835,326.73143885307,1.3600178658283097,0,0.0001666488,0.0,116736.0,26624.0,1.8597500495933346,0.0017839318007028548,True,vec,16,"{""1"": 0, ""2"": 10, ""3"": 2, ""4"": 0, ""5"": 10, ""6"": 4, ""7"": 3, ""8"": 15, ""9"": 15, ""10"": 6}"
2880,2880,True,,gemm\random\mappings\sample_2880_seed_2880.csv,4.773012797657351,327.92827875157,1.6551269203446402,1,0.0001188609,0.2652847115384625,98304.0,16384.0,1.3773060900614957,0.0015369745159022484,True,vec,16,"{""1"": 15, ""2"": 7, ""3"": 14, ""4"": 15, ""5"": 1, ""6"": 1, ""7"": 4, ""8"": 11, ""9"": 9, ""10"": 12}"
2881,2881,True,,gemm\random\mappings\sample_2881_seed_2881.csv,6.409917115512063,326.56808140286,1.2184730719137387,0,0.0002164567,0.0,134144.0,34816.0,2.710374925609998,0.0020490439755837106,True,vec,16,"{""1"": 0, ""2"": 9, ""3"": 9, ""4"": 9, ""5"": 13, ""6"": 12, ""7"": 6, ""8"": 5, ""9"": 11, ""10"": 2}"
2882,2882,True,,gemm\random\mappings\sample_2882_seed_2882.csv,4.888322983672268,327.92451233977,1.736979534198031,2,0.000120591,0.589834125,92160.0,16384.0,0.9583415988891093,0.0015498517299975267,True,vec,16,"{""1"": 4, ""2"": 0, ""3"": 12, ""4"": 8, ""5"": 10, ""6"": 7, ""7"": 15, ""8"": 1, ""9"": 14, ""10"": 1}"
2883,2883,True,,gemm\random\mappings\sample_2883_seed_2883.csv,4.5785717277277085,326.96066150961,1.5252826354075526,0,0.0001166308,0.0,83968.0,24576.0,1.1487800039674667,0.0015169060865254502,True,vec,16,"{""1"": 7, ""2"": 2, ""3"": 10, ""4"": 7, ""5"": 9, ""6"": 5, ""7"": 3, ""8"": 15, ""9"": 6, ""10"": 5}"
2884,2884,True,,gemm\random\mappings\sample_2884_seed_2884.csv,5.025911075150766,326.82635865773,1.4115744008446163,0,0.0001464387,0.0,106496.0,24576.0,1.5169609204522911,0.0016756867192960036,True,vec,16,"{""1"": 4, ""2"": 8, ""3"": 9, ""4"": 11, ""5"": 13, ""6"": 5, ""7"": 10, ""8"": 5, ""9"": 10, ""10"": 13}"
2885,2885,True,,gemm\random\mappings\sample_2885_seed_2885.csv,5.9952722911270975,327.61660320925,1.5447410742093763,1,0.0001663628,0.064993359375,96256.0,32768.0,2.735766712953779,0.0017848141232270137,True,vec,16,"{""1"": 1, ""2"": 6, ""3"": 10, ""4"": 6, ""5"": 3, ""6"": 6, ""7"": 15, ""8"": 15, ""9"": 14, ""10"": 15}"
2886,2886,True,,gemm\random\mappings\sample_2886_seed_2886.csv,5.45460949049172,325.91576786123,1.3402904783282332,0,0.0001666287,0.0,107520.0,24576.0,2.964292799047808,0.0017822663963433833,True,vec,16,"{""1"": 8, ""2"": 14, ""3"": 4, ""4"": 14, ""5"": 5, ""6"": 4, ""7"": 14, ""8"": 5, ""9"": 1, ""10"": 0}"
2887,2887,True,,gemm\random\mappings\sample_2887_seed_2887.csv,5.277334222332642,326.51089767753,1.321891626963544,0,0.0001666028,0.0,106496.0,25600.0,1.7835746875619918,0.001783428402280037,True,vec,16,"{""1"": 3, ""2"": 6, ""3"": 6, ""4"": 8, ""5"": 3, ""6"": 0, ""7"": 13, ""8"": 14, ""9"": 11, ""10"": 11}"
2888,2888,True,,gemm\random\mappings\sample_2888_seed_2888.csv,4.745296889948513,326.50615274916,1.4502935825815497,0,0.0001169849,0.0,89088.0,28672.0,1.5931362824836341,0.0015184128511024132,True,vec,16,"{""1"": 9, ""2"": 8, ""3"": 10, ""4"": 2, ""5"": 14, ""6"": 6, ""7"": 5, ""8"": 15, ""9"": 2, ""10"": 2}"
2889,2889,True,,gemm\random\mappings\sample_2889_seed_2889.csv,6.4047498202852156,327.82881261392,1.615848483877631,2,0.000166963,0.2958173958333333,158720.0,36864.0,1.9486213052965682,0.0017949585010953578,True,vec,16,"{""1"": 8, ""2"": 3, ""3"": 11, ""4"": 11, ""5"": 2, ""6"": 7, ""7"": 12, ""8"": 0, ""9"": 10, ""10"": 11}"
2890,2890,True,,gemm\random\mappings\sample_2890_seed_2890.csv,5.845538992453295,327.84524224872,1.5521530856343895,1,0.000166779,0.29191979166666876,131072.0,24576.0,2.227930966078159,0.001790347868424267,True,vec,16,"{""1"": 8, ""2"": 4, ""3"": 1, ""4"": 3, ""5"": 1, ""6"": 9, ""7"": 3, ""8"": 0, ""9"": 13, ""10"": 3}"
2891,2891,True,,gemm\random\mappings\sample_2891_seed_2891.csv,5.069414241564597,326.8076165338,1.4769794757095687,0,0.0001168689,0.0,131072.0,32768.0,1.5677444951398531,0.0015182212564342887,True,vec,16,"{""1"": 11, ""2"": 0, ""3"": 12, ""4"": 6, ""5"": 9, ""6"": 2, ""7"": 14, ""8"": 0, ""9"": 9, ""10"": 8}"
2892,2892,True,,gemm\random\mappings\sample_2892_seed_2892.csv,4.920352888541369,326.36271039589,1.3320685051736303,0,0.0001464228,0.0,123904.0,24576.0,1.1106923229517953,0.0016756627970322088,True,vec,16,"{""1"": 13, ""2"": 2, ""3"": 10, ""4"": 7, ""5"": 8, ""6"": 6, ""7"": 6, ""8"": 1, ""9"": 5, ""10"": 13}"
2893,2893,True,,gemm\random\mappings\sample_2893_seed_2893.csv,4.729361600625178,327.62751761012,1.6300972120039139,1,0.0001175509,0.091633203125,78848.0,20480.0,1.3773060900614957,0.0015258098445780368,True,vec,16,"{""1"": 7, ""2"": 6, ""3"": 15, ""4"": 9, ""5"": 7, ""6"": 11, ""7"": 15, ""8"": 3, ""9"": 4, ""10"": 5}"
2894,2894,True,,gemm\random\mappings\sample_2894_seed_2894.csv,5.01545903487134,328.23541245223,1.6981963014188801,2,0.0001206689,0.6126102343750001,83968.0,18432.0,1.3011307280301527,0.0015543447329759343,True,vec,16,"{""1"": 5, ""2"": 12, ""3"": 13, ""4"": 6, ""5"": 9, ""6"": 13, ""7"": 15, ""8"": 7, ""9"": 5, ""10"": 0}"
2895,2895,True,,gemm\random\mappings\sample_2895_seed_2895.csv,5.247363358781349,326.82482245325,1.5689399657640806,0,0.0001168226,0.0,151552.0,32768.0,1.8216623685776632,0.0015187251694668059,True,vec,16,"{""1"": 3, ""2"": 12, ""3"": 10, ""4"": 1, ""5"": 14, ""6"": 5, ""7"": 12, ""8"": 4, ""9"": 10, ""10"": 1}"
2896,2896,True,,gemm\random\mappings\sample_2896_seed_2896.csv,4.953230776724442,325.99949571,1.3207986813170027,0,0.0001668108,0.0,107520.0,16384.0,1.8216623685776632,0.0017833552141665945,True,vec,16,"{""1"": 13, ""2"": 10, ""3"": 5, ""4"": 4, ""5"": 4, ""6"": 7, ""7"": 2, ""8"": 2, ""9"": 9, ""10"": 7}"
2897,2897,True,,gemm\random\mappings\sample_2897_seed_2897.csv,5.655583053825051,327.36275694568,1.5641657291591484,1,0.0001669467,0.0196616826923075,98304.0,23552.0,2.5453283078754216,0.0017872392715685928,True,vec,16,"{""1"": 7, ""2"": 8, ""3"": 5, ""4"": 3, ""5"": 3, ""6"": 3, ""7"": 12, ""8"": 7, ""9"": 15, ""10"": 7}"
2898,2898,True,,gemm\random\mappings\sample_2898_seed_2898.csv,4.727861158884563,326.44461616044,1.322118138668601,0,0.0001662469,0.0,71680.0,12288.0,1.8216623685776632,0.0017813309201054218,True,vec,16,"{""1"": 5, ""2"": 5, ""3"": 8, ""4"": 5, ""5"": 2, ""6"": 15, ""7"": 4, ""8"": 12, ""9"": 13, ""10"": 1}"
2899,2899,True,,gemm\random\mappings\sample_2899_seed_2899.csv,5.552361833444698,327.85628900845,1.630278199198466,3,0.0001471528,0.36784524999999996,102400.0,24576.0,1.2630430470144813,0.001689243593081105,True,vec,16,"{""1"": 8, ""2"": 10, ""3"": 12, ""4"": 13, ""5"": 15, ""6"": 5, ""7"": 9, ""8"": 9, ""9"": 5, ""10"": 2}"
2900,2900,True,,gemm\random\mappings\sample_2900_seed_2900.csv,4.446093700870723,326.47911282341,1.4660188707761026,0,0.0001169688,0.0,124928.0,17408.0,1.1741717913112477,0.0015188590521723684,True,vec,16,"{""1"": 9, ""2"": 2, ""3"": 15, ""4"": 12, ""5"": 0, ""6"": 13, ""7"": 11, ""8"": 5, ""9"": 9, ""10"": 2}"
2901,2901,True,,gemm\random\mappings\sample_2901_seed_2901.csv,4.965615356535398,326.66751362674,1.5439445783142864,0,0.0001466006,0.0,91136.0,24576.0,1.2884348343582623,0.0016782469592893845,True,vec,16,"{""1"": 3, ""2"": 10, ""3"": 6, ""4"": 2, ""5"": 11, ""6"": 7, ""7"": 15, ""8"": 9, ""9"": 7, ""10"": 6}"
2902,2902,True,,gemm\random\mappings\sample_2902_seed_2902.csv,5.059550324455382,326.75880258404,1.6827661358646975,0,0.0001169068,0.0,131072.0,34816.0,0.8059908748264233,0.0015200516123459265,True,vec,16,"{""1"": 7, ""2"": 6, ""3"": 8, ""4"": 13, ""5"": 9, ""6"": 4, ""7"": 15, ""8"": 5, ""9"": 1, ""10"": 3}"
2903,2903,True,,gemm\random\mappings\sample_2903_seed_2903.csv,5.3596093065914205,326.50584361903,1.5209798466498954,0,0.0001665486,0.0,118784.0,24576.0,1.6693116445149772,0.001783539319749565,True,vec,16,"{""1"": 3, ""2"": 0, ""3"": 11, ""4"": 0, ""5"": 10, ""6"": 9, ""7"": 8, ""8"": 13, ""9"": 9, ""10"": 12}"
2904,2904,True,,gemm\random\mappings\sample_2904_seed_2904.csv,6.024665702994125,328.28976423583,1.4006902415962525,2,0.0001663767,0.577393125,96256.0,34816.0,1.5931362824836341,0.001790151268497051,True,vec,16,"{""1"": 11, ""2"": 9, ""3"": 2, ""4"": 9, ""5"": 10, ""6"": 15, ""7"": 8, ""8"": 14, ""9"": 12, ""10"": 14}"
2905,2905,True,,gemm\random\mappings\sample_2905_seed_2905.csv,4.294875512864674,326.36057016349,1.3576967671574756,0,0.0001166607,0.0,96256.0,19456.0,0.9964292799047808,0.0015160864644381247,True,vec,16,"{""1"": 5, ""2"": 2, ""3"": 5, ""4"": 11, ""5"": 13, ""6"": 4, ""7"": 15, ""8"": 8, ""9"": 6, ""10"": 0}"
2906,2906,True,,gemm\random\mappings\sample_2906_seed_2906.csv,5.1485649070985025,326.79595893601,1.2887825901755061,0,0.0001664246,0.0,125952.0,18432.0,1.8216623685776632,0.0017824797423325258,True,vec,16,"{""1"": 3, ""2"": 9, ""3"": 11, ""4"": 11, ""5"": 4, ""6"": 0, ""7"": 7, ""8"": 9, ""9"": 2, ""10"": 10}"
2907,2907,True,,gemm\random\mappings\sample_2907_seed_2907.csv,4.628461214358809,326.29837248629,1.437974713971277,0,0.0001168048,0.0,99328.0,24576.0,1.5931362824836341,0.001517404562106477,True,vec,16,"{""1"": 7, ""2"": 1, ""3"": 6, ""4"": 4, ""5"": 11, ""6"": 14, ""7"": 4, ""8"": 10, ""9"": 3, ""10"": 4}"
2908,2908,True,,gemm\random\mappings\sample_2908_seed_2908.csv,5.423414173704453,327.55682198196,1.4073247634658257,1,0.0001467107,0.160827,124928.0,24576.0,2.050188454671692,0.0016810681438975703,True,vec,16,"{""1"": 12, ""2"": 11, ""3"": 1, ""4"": 0, ""5"": 13, ""6"": 5, ""7"": 5, ""8"": 1, ""9"": 11, ""10"": 13}"
2909,2909,True,,gemm\random\mappings\sample_2909_seed_2909.csv,4.5838989449394445,327.63226259093,1.6556883918417225,1,0.0001180128,0.198643,84992.0,10240.0,1.8724459432652252,0.001529688112358299,True,vec,16,"{""1"": 7, ""2"": 13, ""3"": 7, ""4"": 3, ""5"": 15, ""6"": 13, ""7"": 7, ""8"": 10, ""9"": 1, ""10"": 4}"
2910,2910,True,,gemm\random\mappings\sample_2910_seed_2910.csv,4.7346657926257665,327.78150951167,1.6160225434944262,1,0.0001181246,0.20899019230769378,94208.0,17408.0,1.3773060900614957,0.0015311553878073736,True,vec,16,"{""1"": 0, ""2"": 9, ""3"": 7, ""4"": 0, ""5"": 4, ""6"": 11, ""7"": 3, ""8"": 4, ""9"": 14, ""10"": 8}"
2911,2911,True,,gemm\random\mappings\sample_2911_seed_2911.csv,5.750044557642718,326.66477249165,1.2727447071094768,0,0.0001667089,0.0,148480.0,35840.0,1.7835746875619918,0.0017838242737251806,True,vec,16,"{""1"": 15, ""2"": 13, ""3"": 8, ""4"": 2, ""5"": 2, ""6"": 15, ""7"": 10, ""8"": 4, ""9"": 10, ""10"": 0}"
2912,2912,True,,gemm\random\mappings\sample_2912_seed_2912.csv,5.340100244175642,327.85515059553,1.8014067812042953,3,0.0001191347,0.362181625,116736.0,26624.0,0.8821662368577663,0.0015407247651616875,True,vec,16,"{""1"": 1, ""2"": 5, ""3"": 12, ""4"": 8, ""5"": 0, ""6"": 15, ""7"": 9, ""8"": 3, ""9"": 10, ""10"": 1}"
2913,2913,True,,gemm\random\mappings\sample_2913_seed_2913.csv,5.333451650866861,326.5735394027,1.2946201342495938,0,0.0001662147,0.0,108544.0,24576.0,2.202539178734378,0.0017813035787343388,True,vec,16,"{""1"": 9, ""2"": 3, ""3"": 6, ""4"": 4, ""5"": 6, ""6"": 12, ""7"": 7, ""8"": 0, ""9"": 6, ""10"": 1}"
2914,2914,True,,gemm\random\mappings\sample_2914_seed_2914.csv,5.708626211688462,327.9365890961,1.7243511381467984,3,0.0001194787,0.7068322499999999,153600.0,32768.0,0.8059908748264233,0.0015476126140293069,True,vec,16,"{""1"": 3, ""2"": 2, ""3"": 13, ""4"": 12, ""5"": 14, ""6"": 1, ""7"": 11, ""8"": 8, ""9"": 15, ""10"": 5}"
2915,2915,True,,gemm\random\mappings\sample_2915_seed_2915.csv,5.009614073066292,327.55788668972,1.6291598330452095,1,0.0001174287,0.12788125,115712.0,27648.0,0.9964292799047808,0.0015254590434609996,True,vec,16,"{""1"": 12, ""2"": 12, ""3"": 2, ""4"": 13, ""5"": 11, ""6"": 5, ""7"": 15, ""8"": 6, ""9"": 10, ""10"": 8}"
2916,2916,True,,gemm\random\mappings\sample_2916_seed_2916.csv,5.431243923528464,328.16557384761,1.842594754688337,4,0.0001203867,0.7850846904761917,115712.0,17408.0,1.4407855584209481,0.0015561156445230648,True,vec,16,"{""1"": 15, ""2"": 7, ""3"": 3, ""4"": 6, ""5"": 13, ""6"": 0, ""7"": 6, ""8"": 9, ""9"": 1, ""10"": 3}"
2917,2917,True,,gemm\random\mappings\sample_2917_seed_2917.csv,4.916781618444174,327.46246375101,1.781379054803767,2,0.0001177946,0.23909075,110592.0,20480.0,0.8059908748264233,0.0015304651042981113,True,vec,16,"{""1"": 2, ""2"": 15, ""3"": 0, ""4"": 11, ""5"": 1, ""6"": 7, ""7"": 4, ""8"": 8, ""9"": 6, ""10"": 3}"
2918,2918,True,,gemm\random\mappings\sample_2918_seed_2918.csv,5.405947900621661,327.52662113205,1.296382986350053,1,0.0001664268,0.11831979166666874,68608.0,24576.0,2.202539178734378,0.001783725259540402,True,vec,16,"{""1"": 1, ""2"": 2, ""3"": 9, ""4"": 5, ""5"": 5, ""6"": 0, ""7"": 15, ""8"": 14, ""9"": 5, ""10"": 11}"
2919,2919,True,,gemm\random\mappings\sample_2919_seed_2919.csv,5.304008870438799,326.95647259723,1.3774127506793659,0,0.0001662027,0.0,102400.0,20480.0,2.4056734774846262,0.0017818038124366206,True,vec,16,"{""1"": 3, ""2"": 3, ""3"": 14, ""4"": 3, ""5"": 4, ""6"": 9, ""7"": 10, ""8"": 6, ""9"": 15, ""10"": 3}"
2920,2920,True,,gemm\random\mappings\sample_2920_seed_2920.csv,4.878041172207556,327.78745961629,1.5121604928034056,1,0.000118227,0.26120375,100352.0,18432.0,1.9486213052965682,0.0015290101213330071,True,vec,16,"{""1"": 14, ""2"": 0, ""3"": 10, ""4"": 6, ""5"": 13, ""6"": 6, ""7"": 10, ""8"": 12, ""9"": 13, ""10"": 7}"
2921,2921,True,,gemm\random\mappings\sample_2921_seed_2921.csv,5.417939927794399,326.40971750981,1.472301769768847,0,0.0001666947,0.0,123904.0,26624.0,1.6947034318587582,0.0017851040283471539,True,vec,16,"{""1"": 2, ""2"": 15, ""3"": 7, ""4"": 15, ""5"": 1, ""6"": 13, ""7"": 0, ""8"": 3, ""9"": 8, ""10"": 1}"
2922,2922,True,,gemm\random\mappings\sample_2922_seed_2922.csv,4.737909865115146,326.89421090713,1.4079388983280257,0,0.0001170329,0.0,138240.0,24576.0,1.1868676849831383,0.0015189279226331552,True,vec,16,"{""1"": 0, ""2"": 2, ""3"": 11, ""4"": 13, ""5"": 4, ""6"": 5, ""7"": 4, ""8"": 3, ""9"": 6, ""10"": 14}"
2923,2923,True,,gemm\random\mappings\sample_2923_seed_2923.csv,4.766413687866352,326.70642100394,1.4386172716991799,0,0.0001466027,0.0,104448.0,18432.0,1.2249553659988097,0.0016773805428236717,True,vec,16,"{""1"": 0, ""2"": 12, ""3"": 9, ""4"": 0, ""5"": 3, ""6"": 10, ""7"": 10, ""8"": 14, ""9"": 6, ""10"": 7}"
2924,2924,True,,gemm\random\mappings\sample_2924_seed_2924.csv,5.212971869661185,327.26258761553,1.4890265302570682,1,0.0001169489,0.029012500000000004,132096.0,34816.0,1.1868676849831383,0.001518962899619149,True,vec,16,"{""1"": 12, ""2"": 13, ""3"": 1, ""4"": 5, ""5"": 11, ""6"": 10, ""7"": 15, ""8"": 13, ""9"": 6, ""10"": 8}"
2925,2925,True,,gemm\random\mappings\sample_2925_seed_2925.csv,5.856152300610126,329.1903197026,1.7939615247165064,3,0.0001210467,0.9849155416666437,115712.0,32768.0,1.0599087482642333,0.0015555234293479143,True,vec,16,"{""1"": 8, ""2"": 14, ""3"": 10, ""4"": 1, ""5"": 13, ""6"": 3, ""7"": 2, ""8"": 7, ""9"": 0, ""10"": 1}"
2926,2926,True,,gemm\random\mappings\sample_2926_seed_2926.csv,4.904403998075537,326.27537796762,1.4380331751408768,0,0.0001463907,0.0,102400.0,21504.0,1.6693116445149772,0.0016760656159492287,True,vec,16,"{""1"": 13, ""2"": 8, ""3"": 1, ""4"": 9, ""5"": 15, ""6"": 15, ""7"": 12, ""8"": 12, ""9"": 5, ""10"": 9}"
2927,2927,True,,gemm\random\mappings\sample_2927_seed_2927.csv,5.196438572900753,327.78882924042,1.607186245151501,1,0.000146565,0.17123078125,93184.0,20480.0,1.6058321761555248,0.001684293106430499,True,vec,16,"{""1"": 1, ""2"": 6, ""3"": 1, ""4"": 10, ""5"": 0, ""6"": 7, ""7"": 11, ""8"": 0, ""9"": 7, ""10"": 12}"
2928,2928,True,,gemm\random\mappings\sample_2928_seed_2928.csv,6.040156546081242,326.72763807886,1.352942028131249,0,0.0001662949,0.0,141312.0,33792.0,3.3578655028764133,0.0017820646060383895,True,vec,16,"{""1"": 11, ""2"": 4, ""3"": 1, ""4"": 9, ""5"": 1, ""6"": 11, ""7"": 9, ""8"": 12, ""9"": 1, ""10"": 1}"
2929,2929,True,,gemm\random\mappings\sample_2929_seed_2929.csv,4.402824916919007,326.87494662818,1.57966019321836,0,0.0001167107,0.0,108544.0,16384.0,0.9964292799047808,0.0015177061323474882,True,vec,16,"{""1"": 8, ""2"": 0, ""3"": 8, ""4"": 7, ""5"": 2, ""6"": 6, ""7"": 12, ""8"": 3, ""9"": 4, ""10"": 1}"
2930,2930,True,,gemm\random\mappings\sample_2930_seed_2930.csv,6.262983438921689,328.29241905395,1.6397847127473144,2,0.0001665008,0.563265625,152576.0,28672.0,2.062884348343583,0.0017948004138868458,True,vec,16,"{""1"": 15, ""2"": 12, ""3"": 1, ""4"": 12, ""5"": 3, ""6"": 15, ""7"": 10, ""8"": 0, ""9"": 14, ""10"": 12}"
2931,2931,True,,gemm\random\mappings\sample_2931_seed_2931.csv,5.308693033678269,328.15038014408,1.6785597214181165,2,0.0001194228,0.69994975,120832.0,24576.0,1.1868676849831383,0.0015451804134849168,True,vec,16,"{""1"": 10, ""2"": 12, ""3"": 4, ""4"": 13, ""5"": 7, ""6"": 7, ""7"": 5, ""8"": 3, ""9"": 1, ""10"": 9}"
2932,2932,True,,gemm\random\mappings\sample_2932_seed_2932.csv,5.650119075212564,327.55104493059,1.4432438515937787,1,0.0001675349,0.0472984375,134144.0,25600.0,1.7073993255306488,0.0017914083697713385,True,vec,16,"{""1"": 11, ""2"": 0, ""3"": 10, ""4"": 0, ""5"": 3, ""6"": 1, ""7"": 13, ""8"": 12, ""9"": 11, ""10"": 1}"
2933,2933,True,,gemm\random\mappings\sample_2933_seed_2933.csv,5.317092881247481,327.85536117703,1.6386658150492799,3,0.0001470127,0.361406625,113664.0,16384.0,1.1487800039674667,0.001689093590261098,True,vec,16,"{""1"": 9, ""2"": 3, ""3"": 0, ""4"": 5, ""5"": 2, ""6"": 1, ""7"": 9, ""8"": 8, ""9"": 1, ""10"": 4}"
2934,2934,True,,gemm\random\mappings\sample_2934_seed_2934.csv,5.788748509870411,327.93891251361,1.788504600016049,3,0.0001185391,0.35655747222222295,175104.0,33792.0,0.9202539178734378,0.001537154047437559,True,vec,16,"{""1"": 12, ""2"": 11, ""3"": 1, ""4"": 2, ""5"": 15, ""6"": 13, ""7"": 12, ""8"": 10, ""9"": 5, ""10"": 3}"
2935,2935,True,,gemm\random\mappings\sample_2935_seed_2935.csv,6.605673258102008,327.83469947571,1.47456958486368,2,0.0002172988,0.17904866666666688,106496.0,26624.0,2.9769886927196985,0.0020611128666520756,True,vec,16,"{""1"": 6, ""2"": 14, ""3"": 12, ""4"": 14, ""5"": 14, ""6"": 15, ""7"": 13, ""8"": 6, ""9"": 3, ""10"": 15}"
2936,2936,True,,gemm\random\mappings\sample_2936_seed_2936.csv,6.571228582464196,325.81875550856,1.2871940437884928,0,0.0002164547,0.0,131072.0,33792.0,3.8530053560801427,0.0020488968168981495,True,vec,16,"{""1"": 6, ""2"": 13, ""3"": 13, ""4"": 8, ""5"": 13, ""6"": 7, ""7"": 0, ""8"": 13, ""9"": 10, ""10"": 5}"
2937,2937,True,,gemm\random\mappings\sample_2937_seed_2937.csv,5.460423669100129,326.86854856108,1.393964672217196,0,0.0001668228,0.0,124928.0,26624.0,1.8216623685776632,0.00178527100632795,True,vec,16,"{""1"": 13, ""2"": 11, ""3"": 8, ""4"": 4, ""5"": 4, ""6"": 14, ""7"": 11, ""8"": 12, ""9"": 3, ""10"": 5}"
2938,2938,True,,gemm\random\mappings\sample_2938_seed_2938.csv,5.433043593561318,327.69697877811,1.5583738371678855,1,0.0001466029,0.1414290625,125952.0,26624.0,1.4153937710771671,0.0016834472011405595,True,vec,16,"{""1"": 2, ""2"": 8, ""3"": 12, ""4"": 0, ""5"": 6, ""6"": 4, ""7"": 12, ""8"": 10, ""9"": 4, ""10"": 11}"
2939,2939,True,,gemm\random\mappings\sample_2939_seed_2939.csv,5.052435897688527,327.89858044358,1.759506567978026,2,0.0001188627,0.4895330929487188,108544.0,20480.0,0.9964292799047808,0.0015404467457947628,True,vec,16,"{""1"": 15, ""2"": 14, ""3"": 0, ""4"": 15, ""5"": 7, ""6"": 11, ""7"": 12, ""8"": 5, ""9"": 8, ""10"": 13}"
2940,2940,True,,gemm\random\mappings\sample_2940_seed_2940.csv,5.21646832815075,326.2425158465,1.3745784946369004,0,0.0001466788,0.0,121856.0,32768.0,1.2884348343582623,0.0016772320927886117,True,vec,16,"{""1"": 12, ""2"": 1, ""3"": 9, ""4"": 5, ""5"": 15, ""6"": 2, ""7"": 8, ""8"": 6, ""9"": 2, ""10"": 9}"
2941,2941,True,,gemm\random\mappings\sample_2941_seed_2941.csv,4.743479701767335,328.00504037866,1.7052183098448541,2,0.0001194927,0.555693,70656.0,12288.0,1.3773060900614957,0.001546169058389491,True,vec,16,"{""1"": 14, ""2"": 15, ""3"": 14, ""4"": 13, ""5"": 2, ""6"": 1, ""7"": 5, ""8"": 13, ""9"": 7, ""10"": 4}"
2942,2942,True,,gemm\random\mappings\sample_2942_seed_2942.csv,5.184787502855142,326.74031355579,1.4070999291760404,0,0.0001463467,0.0,135168.0,24576.0,1.7962705812338822,0.0016757987082766277,True,vec,16,"{""1"": 12, ""2"": 10, ""3"": 5, ""4"": 0, ""5"": 7, ""6"": 10, ""7"": 9, ""8"": 10, ""9"": 11, ""10"": 15}"
2943,2943,True,,gemm\random\mappings\sample_2943_seed_2943.csv,5.298488969664236,326.50704202162,1.476547683431781,0,0.0001665687,0.0,84992.0,26624.0,1.7835746875619918,0.001784262518136655,True,vec,16,"{""1"": 0, ""2"": 6, ""3"": 2, ""4"": 2, ""5"": 0, ""6"": 10, ""7"": 4, ""8"": 15, ""9"": 8, ""10"": 10}"
2944,2944,True,,gemm\random\mappings\sample_2944_seed_2944.csv,5.20124522907277,327.52352591403,1.6285392177328872,1,0.0001178008,0.106383472222225,128000.0,27648.0,1.6820075381868678,0.001526403505662408,True,vec,16,"{""1"": 0, ""2"": 1, ""3"": 4, ""4"": 15, ""5"": 3, ""6"": 4, ""7"": 7, ""8"": 0, ""9"": 15, ""10"": 6}"
2945,2945,True,,gemm\random\mappings\sample_2945_seed_2945.csv,4.363563713861101,327.10849780893,1.5027241265273363,0,0.0001170667,0.0,86016.0,18432.0,0.9583415988891093,0.0015192453423063703,True,vec,16,"{""1"": 9, ""2"": 6, ""3"": 0, ""4"": 13, ""5"": 8, ""6"": 7, ""7"": 15, ""8"": 5, ""9"": 10, ""10"": 7}"
2946,2946,True,,gemm\random\mappings\sample_2946_seed_2946.csv,4.8021552100124,326.60180987253,1.3680467653344475,0,0.0001461506,0.0,81920.0,18432.0,2.012100773656021,0.0016739379756165779,True,vec,16,"{""1"": 11, ""2"": 8, ""3"": 3, ""4"": 11, ""5"": 5, ""6"": 4, ""7"": 2, ""8"": 4, ""9"": 5, ""10"": 5}"
2947,2947,True,,gemm\random\mappings\sample_2947_seed_2947.csv,6.330530352119778,328.95613975368,1.669696523216961,1,0.0001665967,0.8401058333333125,101376.0,34816.0,2.202539178734378,0.001795736075088974,True,vec,16,"{""1"": 7, ""2"": 14, ""3"": 10, ""4"": 14, ""5"": 6, ""6"": 11, ""7"": 14, ""8"": 9, ""9"": 15, ""10"": 12}"
2948,2948,True,,gemm\random\mappings\sample_2948_seed_2948.csv,5.768941127142894,327.46116589203,1.4635237307934872,1,0.0001665489,0.120644,111616.0,28672.0,2.1898432850624876,0.001785807271168149,True,vec,16,"{""1"": 8, ""2"": 8, ""3"": 11, ""4"": 11, ""5"": 15, ""6"": 9, ""7"": 9, ""8"": 2, ""9"": 3, ""10"": 8}"
2949,2949,True,,gemm\random\mappings\sample_2949_seed_2949.csv,5.605462277959634,329.03148956045,1.660384199168847,1,0.0001465527,0.8860266250000001,100352.0,20480.0,1.9359254116246776,0.0016976107663021812,True,vec,16,"{""1"": 14, ""2"": 11, ""3"": 14, ""4"": 15, ""5"": 0, ""6"": 6, ""7"": 11, ""8"": 1, ""9"": 6, ""10"": 14}"
2950,2950,True,,gemm\random\mappings\sample_2950_seed_2950.csv,4.86465190948446,327.62217512488,1.608661717689565,1,0.0001176727,0.17052916666666873,95232.0,19456.0,1.8216623685776632,0.0015255507888396111,True,vec,16,"{""1"": 10, ""2"": 12, ""3"": 11, ""4"": 7, ""5"": 2, ""6"": 0, ""7"": 12, ""8"": 11, ""9"": 1, ""10"": 2}"
2951,2951,True,,gemm\random\mappings\sample_2951_seed_2951.csv,5.417657255260179,326.87493045821,1.4462915985426763,0,0.0001467087,0.0,148480.0,33792.0,1.1487800039674667,0.0016783211786299986,True,vec,16,"{""1"": 7, ""2"": 14, ""3"": 1, ""4"": 12, ""5"": 4, ""6"": 7, ""7"": 11, ""8"": 13, ""9"": 13, ""10"": 8}"
2952,2952,True,,gemm\random\mappings\sample_2952_seed_2952.csv,5.258261739300107,327.78231739345,1.5545284679455096,1,0.0001180347,0.24563479166666877,114688.0,33792.0,1.1868676849831383,0.0015279439001879404,True,vec,16,"{""1"": 3, ""2"": 1, ""3"": 2, ""4"": 13, ""5"": 10, ""6"": 14, ""7"": 2, ""8"": 15, ""9"": 9, ""10"": 7}"
2953,2953,True,,gemm\random\mappings\sample_2953_seed_2953.csv,5.869168462338411,326.12489611209,1.399237846945084,0,0.0001665649,0.0,145408.0,32768.0,2.811942074985122,0.0017826113040091878,True,vec,16,"{""1"": 12, ""2"": 2, ""3"": 11, ""4"": 9, ""5"": 11, ""6"": 10, ""7"": 11, ""8"": 9, ""9"": 10, ""10"": 0}"
2954,2954,True,,gemm\random\mappings\sample_2954_seed_2954.csv,4.616259713770311,327.71530760605,1.3956627223814237,1,0.0001179668,0.222280625,109568.0,18432.0,0.9202539178734378,0.0015262183066437828,True,vec,16,"{""1"": 2, ""2"": 11, ""3"": 6, ""4"": 9, ""5"": 4, ""6"": 13, ""7"": 2, ""8"": 10, ""9"": 3, ""10"": 5}"
2955,2955,True,,gemm\random\mappings\sample_2955_seed_2955.csv,5.481698581914836,326.31117941977,1.3699055798802002,0,0.0001669067,0.0,154624.0,27648.0,1.5550486014679628,0.0017858016898422773,True,vec,16,"{""1"": 1, ""2"": 8, ""3"": 11, ""4"": 7, ""5"": 11, ""6"": 6, ""7"": 13, ""8"": 9, ""9"": 1, ""10"": 3}"
2956,2956,True,,gemm\random\mappings\sample_2956_seed_2956.csv,5.844042149311173,328.72513697984,1.9600501264932413,2,0.0001223648,0.8484457187500001,109568.0,34816.0,1.1868676849831383,0.001574820330665874,True,vec,16,"{""1"": 1, ""2"": 7, ""3"": 3, ""4"": 6, ""5"": 10, ""6"": 4, ""7"": 3, ""8"": 12, ""9"": 2, ""10"": 0}"
2957,2957,True,,gemm\random\mappings\sample_2957_seed_2957.csv,5.059570292412455,326.33089744334,1.470162068201692,0,0.0001170489,0.0,141312.0,32768.0,1.5677444951398531,0.0015192094655907236,True,vec,16,"{""1"": 0, ""2"": 11, ""3"": 5, ""4"": 2, ""5"": 10, ""6"": 4, ""7"": 8, ""8"": 11, ""9"": 2, ""10"": 14}"
2958,2958,True,,gemm\random\mappings\sample_2958_seed_2958.csv,4.680079840304609,327.525627185,1.6747649033449798,1,0.000117749,0.148143875,110592.0,16384.0,1.0599087482642333,0.0015274685211431084,True,vec,16,"{""1"": 11, ""2"": 3, ""3"": 12, ""4"": 7, ""5"": 14, ""6"": 2, ""7"": 10, ""8"": 9, ""9"": 1, ""10"": 12}"
2959,2959,True,,gemm\random\mappings\sample_2959_seed_2959.csv,5.795099579208755,327.5524321455,1.4679434829334277,1,0.0001665688,0.13816195312500001,130048.0,26624.0,2.202539178734378,0.0017895192484915163,True,vec,16,"{""1"": 10, ""2"": 0, ""3"": 1, ""4"": 11, ""5"": 1, ""6"": 13, ""7"": 11, ""8"": 0, ""9"": 2, ""10"": 14}"
2960,2960,True,,gemm\random\mappings\sample_2960_seed_2960.csv,5.433937384051325,326.57445019253,1.4523968617605636,0,0.0001664371,0.0,123904.0,19456.0,2.7738543939694504,0.001783415913840505,True,vec,16,"{""1"": 2, ""2"": 15, ""3"": 13, ""4"": 2, ""5"": 15, ""6"": 5, ""7"": 13, ""8"": 3, ""9"": 15, ""10"": 0}"
2961,2961,True,,gemm\random\mappings\sample_2961_seed_2961.csv,4.444280872434571,326.82986609804,1.3740993097530205,0,0.0001166968,0.0,75776.0,20480.0,1.6439198571711962,0.0015162313600604414,True,vec,16,"{""1"": 10, ""2"": 2, ""3"": 10, ""4"": 9, ""5"": 4, ""6"": 15, ""7"": 1, ""8"": 10, ""9"": 6, ""10"": 6}"
2962,2962,True,,gemm\random\mappings\sample_2962_seed_2962.csv,4.563398998912691,327.24521229877,1.6037912642418108,1,0.0001168889,0.028370624999999997,111616.0,16384.0,0.9583415988891093,0.0015195823721648408,True,vec,16,"{""1"": 4, ""2"": 5, ""3"": 12, ""4"": 0, ""5"": 15, ""6"": 10, ""7"": 2, ""8"": 14, ""9"": 13, ""10"": 2}"
2963,2963,True,,gemm\random\mappings\sample_2963_seed_2963.csv,4.941370853863051,328.15282053948,1.6709932001733236,1,0.0001187408,0.16137390625,137216.0,16384.0,1.4407855584209481,0.0015350409158899929,True,vec,16,"{""1"": 0, ""2"": 2, ""3"": 4, ""4"": 15, ""5"": 12, ""6"": 14, ""7"": 7, ""8"": 6, ""9"": 15, ""10"": 12}"
2964,2964,True,,gemm\random\mappings\sample_2964_seed_2964.csv,6.017018550269304,327.59011931293,1.5635320992657744,1,0.0001676406,0.06775375,128000.0,37888.0,1.4407855584209481,0.0017945198599743737,True,vec,16,"{""1"": 1, ""2"": 3, ""3"": 3, ""4"": 11, ""5"": 6, ""6"": 12, ""7"": 13, ""8"": 0, ""9"": 2, ""10"": 14}"
2965,2965,True,,gemm\random\mappings\sample_2965_seed_2965.csv,4.921600203632818,328.39221337883,1.816978327736962,3,0.0001191188,0.9780509166666687,65536.0,11264.0,1.1487800039674667,0.001545418356145063,True,vec,16,"{""1"": 6, ""2"": 6, ""3"": 1, ""4"": 2, ""5"": 11, ""6"": 5, ""7"": 0, ""8"": 9, ""9"": 4, ""10"": 9}"
2966,2966,True,,gemm\random\mappings\sample_2966_seed_2966.csv,5.650880851502448,327.36550735739,1.4447290294447315,1,0.0001664206,0.07873225,147456.0,26624.0,1.4407855584209481,0.0017855776555281602,True,vec,16,"{""1"": 14, ""2"": 0, ""3"": 1, ""4"": 1, ""5"": 15, ""6"": 13, ""7"": 6, ""8"": 9, ""9"": 5, ""10"": 8}"
2967,2967,True,,gemm\random\mappings\sample_2967_seed_2967.csv,6.089346863394601,326.29051662758,1.4284575623956715,0,0.0001668587,0.0,184320.0,33792.0,2.837333862328903,0.0017844662263952087,True,vec,16,"{""1"": 3, ""2"": 5, ""3"": 12, ""4"": 12, ""5"": 5, ""6"": 12, ""7"": 10, ""8"": 7, ""9"": 1, ""10"": 15}"
2968,2968,True,,gemm\random\mappings\sample_2968_seed_2968.csv,5.457045671251664,328.06205769872,1.6199088868090816,1,0.0001465346,0.40077262500000005,121856.0,26624.0,1.0345169609204523,0.0016870815014238978,True,vec,16,"{""1"": 1, ""2"": 14, ""3"": 0, ""4"": 8, ""5"": 12, ""6"": 13, ""7"": 11, ""8"": 10, ""9"": 13, ""10"": 9}"
2969,2969,True,,gemm\random\mappings\sample_2969_seed_2969.csv,5.938539153930477,327.99987001757,1.5878969873154143,2,0.000148339,0.47557776136363755,116736.0,30720.0,2.2152350724062684,0.0017000473537820003,True,vec,16,"{""1"": 7, ""2"": 0, ""3"": 4, ""4"": 7, ""5"": 8, ""6"": 4, ""7"": 4, ""8"": 6, ""9"": 6, ""10"": 15}"
2970,2970,True,,gemm\random\mappings\sample_2970_seed_2970.csv,4.751485835365823,327.5551985789,1.5052597497550164,1,0.0001170808,0.14235604166666874,92160.0,21504.0,1.3773060900614957,0.0015210182604284178,True,vec,16,"{""1"": 12, ""2"": 4, ""3"": 12, ""4"": 6, ""5"": 14, ""6"": 4, ""7"": 3, ""8"": 7, ""9"": 13, ""10"": 10}"
2971,2971,True,,gemm\random\mappings\sample_2971_seed_2971.csv,5.562398884082268,328.28933129378,1.5095864112778146,2,0.0001671489,0.5037000833333313,97280.0,19456.0,1.4407855584209481,0.001795813824095888,True,vec,16,"{""1"": 1, ""2"": 2, ""3"": 0, ""4"": 2, ""5"": 13, ""6"": 15, ""7"": 6, ""8"": 11, ""9"": 3, ""10"": 12}"
2972,2972,True,,gemm\random\mappings\sample_2972_seed_2972.csv,5.175930915361907,326.80149101196,1.3415959541051576,0,0.0001663106,0.0,97280.0,20480.0,2.050188454671692,0.0017818761040925709,True,vec,16,"{""1"": 2, ""2"": 3, ""3"": 13, ""4"": 9, ""5"": 3, ""6"": 6, ""7"": 9, ""8"": 15, ""9"": 6, ""10"": 5}"
2973,2973,True,,gemm\random\mappings\sample_2973_seed_2973.csv,5.234916527787398,327.63419000856,1.6988976329317451,1,0.0001463469,0.09278703125,101376.0,20480.0,1.6058321761555248,0.0016816479701091687,True,vec,16,"{""1"": 13, ""2"": 13, ""3"": 8, ""4"": 5, ""5"": 0, ""6"": 4, ""7"": 0, ""8"": 4, ""9"": 12, ""10"": 11}"
2974,2974,True,,gemm\random\mappings\sample_2974_seed_2974.csv,5.05514942442287,327.85183874504,1.6609381472247886,3,0.000118345,0.3222229947916644,105472.0,19456.0,1.1868676849831383,0.0015317378981187593,True,vec,16,"{""1"": 1, ""2"": 6, ""3"": 13, ""4"": 0, ""5"": 3, ""6"": 5, ""7"": 0, ""8"": 8, ""9"": 12, ""10"": 2}"
2975,2975,True,,gemm\random\mappings\sample_2975_seed_2975.csv,5.421539925461299,326.80538564107,1.4167104271301079,0,0.0001665847,0.0,152576.0,24576.0,1.4407855584209481,0.0017845365153236555,True,vec,16,"{""1"": 12, ""2"": 4, ""3"": 1, ""4"": 1, ""5"": 2, ""6"": 11, ""7"": 13, ""8"": 9, ""9"": 3, ""10"": 14}"
2976,2976,True,,gemm\random\mappings\sample_2976_seed_2976.csv,5.357422300806497,326.51262159402,1.405616795825137,0,0.000176295,0.0,84992.0,26624.0,1.6820075381868678,0.001836418918597029,True,vec,16,"{""1"": 9, ""2"": 9, ""3"": 14, ""4"": 2, ""5"": 10, ""6"": 15, ""7"": 15, ""8"": 15, ""9"": 6, ""10"": 1}"
2977,2977,True,,gemm\random\mappings\sample_2977_seed_2977.csv,5.4380276914475765,325.98775099456,1.3078316205238505,0,0.0001667469,0.0,142336.0,24576.0,2.304106328109502,0.0017831559974509602,True,vec,16,"{""1"": 14, ""2"": 4, ""3"": 9, ""4"": 3, ""5"": 4, ""6"": 2, ""7"": 15, ""8"": 2, ""9"": 9, ""10"": 3}"
2978,2978,True,,gemm\random\mappings\sample_2978_seed_2978.csv,5.550045624001063,326.41915013426,1.256640204729545,0,0.0001666027,0.0,125952.0,33792.0,1.7073993255306488,0.0017830822131001017,True,vec,16,"{""1"": 4, ""2"": 10, ""3"": 10, ""4"": 1, ""5"": 14, ""6"": 11, ""7"": 6, ""8"": 8, ""9"": 4, ""10"": 11}"
2979,2979,True,,gemm\random\mappings\sample_2979_seed_2979.csv,6.224773089398585,329.19538641883,1.8320332723690909,2,0.000153721761,0.4772903653846125,146432.0,25600.0,2.3548899027970642,0.0017408506929522062,True,vec,16,"{""1"": 4, ""2"": 12, ""3"": 14, ""4"": 11, ""5"": 15, ""6"": 5, ""7"": 15, ""8"": 15, ""9"": 3, ""10"": 15}"
2980,2980,True,,gemm\random\mappings\sample_2980_seed_2980.csv,5.347693353519956,327.92716312253,1.7795227617195755,3,0.0001180149,0.44648181249999996,90112.0,26624.0,1.3773060900614957,0.0015334671691358552,True,vec,16,"{""1"": 4, ""2"": 6, ""3"": 2, ""4"": 4, ""5"": 1, ""6"": 2, ""7"": 11, ""8"": 3, ""9"": 13, ""10"": 9}"
2981,2981,True,,gemm\random\mappings\sample_2981_seed_2981.csv,5.224313630697853,327.84242300297,1.4321487057255835,1,0.0001659107,0.3035925,56320.0,12288.0,2.735766712953779,0.001786822155535428,True,vec,16,"{""1"": 4, ""2"": 2, ""3"": 4, ""4"": 0, ""5"": 4, ""6"": 2, ""7"": 9, ""8"": 11, ""9"": 9, ""10"": 9}"
2982,2982,True,,gemm\random\mappings\sample_2982_seed_2982.csv,4.908006294644076,328.15937555085,1.5893949074117268,2,0.0001185686,0.4805131770833313,100352.0,17408.0,1.1868676849831383,0.0015373578376955432,True,vec,16,"{""1"": 10, ""2"": 5, ""3"": 2, ""4"": 12, ""5"": 15, ""6"": 7, ""7"": 9, ""8"": 11, ""9"": 15, ""10"": 14}"
2983,2983,True,,gemm\random\mappings\sample_2983_seed_2983.csv,4.985853642054341,327.2484836546,1.7196425959977428,1,0.0001169029,0.03546416666666687,100352.0,26624.0,1.3773060900614957,0.0015205015487388853,True,vec,16,"{""1"": 11, ""2"": 11, ""3"": 9, ""4"": 12, ""5"": 14, ""6"": 8, ""7"": 9, ""8"": 2, ""9"": 4, ""10"": 13}"
2984,2984,True,,gemm\random\mappings\sample_2984_seed_2984.csv,5.104587837754464,326.94258749251,1.659709181657912,0,0.0001661008,0.0,61440.0,10240.0,3.0785558420948225,0.0017821120295203117,True,vec,16,"{""1"": 3, ""2"": 3, ""3"": 6, ""4"": 11, ""5"": 3, ""6"": 3, ""7"": 4, ""8"": 1, ""9"": 11, ""10"": 8}"
2985,2985,True,,gemm\random\mappings\sample_2985_seed_2985.csv,4.567459837039592,326.67777932964,1.4261275198410759,0,0.0001168107,0.0,103424.0,19456.0,1.8216623685776632,0.0015174477692001286,True,vec,16,"{""1"": 11, ""2"": 15, ""3"": 7, ""4"": 8, ""5"": 1, ""6"": 5, ""7"": 10, ""8"": 15, ""9"": 1, ""10"": 7}"
2986,2986,True,,gemm\random\mappings\sample_2986_seed_2986.csv,5.905239363181627,327.83945333116,1.6064194633765627,2,0.0001464727,0.31817881944444376,160768.0,33792.0,1.1487800039674667,0.0016837369904891973,True,vec,16,"{""1"": 3, ""2"": 13, ""3"": 10, ""4"": 4, ""5"": 9, ""6"": 7, ""7"": 11, ""8"": 3, ""9"": 11, ""10"": 6}"
2987,2987,True,,gemm\random\mappings\sample_2987_seed_2987.csv,6.745367797650937,328.06530678136,1.615875425501241,2,0.0001675948,0.4395724166666669,197632.0,33792.0,2.9769886927196985,0.0018015743618064843,True,vec,16,"{""1"": 0, ""2"": 15, ""3"": 11, ""4"": 11, ""5"": 10, ""6"": 0, ""7"": 11, ""8"": 5, ""9"": 2, ""10"": 11}"
2988,2988,True,,gemm\random\mappings\sample_2988_seed_2988.csv,6.392240223904203,326.56834625241,1.4376872188988477,0,0.000216601,0.0,77824.0,30720.0,3.726046419361238,0.002051587794227473,True,vec,16,"{""1"": 2, ""2"": 3, ""3"": 14, ""4"": 3, ""5"": 3, ""6"": 6, ""7"": 14, ""8"": 0, ""9"": 0, ""10"": 14}"
2989,2989,True,,gemm\random\mappings\sample_2989_seed_2989.csv,5.400801013537913,327.39924832581,1.4114187022960025,1,0.0001667468,0.07535854166666875,111616.0,16384.0,2.431065264828407,0.0017848435553815918,True,vec,16,"{""1"": 10, ""2"": 4, ""3"": 6, ""4"": 3, ""5"": 4, ""6"": 4, ""7"": 14, ""8"": 15, ""9"": 14, ""10"": 7}"
2990,2990,True,,gemm\random\mappings\sample_2990_seed_2990.csv,6.311759368762349,325.76318781577,1.281641387236197,0,0.0002164207,0.0,140288.0,24576.0,3.8530053560801427,0.0020492839367597933,True,vec,16,"{""1"": 2, ""2"": 15, ""3"": 4, ""4"": 4, ""5"": 4, ""6"": 11, ""7"": 6, ""8"": 15, ""9"": 12, ""10"": 4}"
2991,2991,True,,gemm\random\mappings\sample_2991_seed_2991.csv,6.7667349033842035,327.2980922016,1.382828344985331,1,0.0002164706,0.053963250000000004,137216.0,28672.0,3.9672683991271573,0.002051359738690725,True,vec,16,"{""1"": 13, ""2"": 0, ""3"": 1, ""4"": 1, ""5"": 1, ""6"": 7, ""7"": 1, ""8"": 11, ""9"": 13, ""10"": 9}"
2992,2992,True,,gemm\random\mappings\sample_2992_seed_2992.csv,4.64910677559403,327.03464362822,1.6297830446288348,0,0.0001166607,0.0,95232.0,19456.0,1.7454870065463202,0.001517872520108864,True,vec,16,"{""1"": 0, ""2"": 0, ""3"": 2, ""4"": 9, ""5"": 8, ""6"": 3, ""7"": 15, ""8"": 0, ""9"": 13, ""10"": 8}"
2993,2993,True,,gemm\random\mappings\sample_2993_seed_2993.csv,5.335577445686321,327.6211903732,1.6155994504132123,2,0.0001184429,0.3589242916666687,128000.0,25600.0,1.8216623685776632,0.0015338661491490465,True,vec,16,"{""1"": 15, ""2"": 12, ""3"": 11, ""4"": 1, ""5"": 13, ""6"": 1, ""7"": 7, ""8"": 13, ""9"": 0, ""10"": 11}"
2994,2994,True,,gemm\random\mappings\sample_2994_seed_2994.csv,5.895318077117474,327.15224445641,1.5563945611578942,1,0.0001665529,4.0625000000000005e-06,106496.0,34816.0,2.050188454671692,0.0017840902608774088,True,vec,16,"{""1"": 13, ""2"": 10, ""3"": 15, ""4"": 10, ""5"": 6, ""6"": 14, ""7"": 8, ""8"": 15, ""9"": 14, ""10"": 2}"
2995,2995,True,,gemm\random\mappings\sample_2995_seed_2995.csv,4.954546082787977,326.81989167225,1.6055543812375614,0,0.000116839,0.0,120832.0,29696.0,1.3773060900614957,0.001519064375724847,True,vec,16,"{""1"": 11, ""2"": 4, ""3"": 11, ""4"": 13, ""5"": 8, ""6"": 10, ""7"": 4, ""8"": 12, ""9"": 15, ""10"": 1}"
2996,2996,True,,gemm\random\mappings\sample_2996_seed_2996.csv,4.69063167415015,327.04150957698,1.4895375493481378,0,0.0001166946,0.0,104448.0,24576.0,1.3392184090458243,0.0015173533761900925,True,vec,16,"{""1"": 6, ""2"": 2, ""3"": 9, ""4"": 12, ""5"": 4, ""6"": 15, ""7"": 3, ""8"": 4, ""9"": 5, ""10"": 5}"
2997,2997,True,,gemm\random\mappings\sample_2997_seed_2997.csv,5.4347682420512955,327.9376507745,1.7156335639794398,2,0.0001194946,0.48400481249999994,129024.0,25600.0,1.7073993255306488,0.0015459025449281207,True,vec,16,"{""1"": 1, ""2"": 7, ""3"": 1, ""4"": 11, ""5"": 15, ""6"": 8, ""7"": 4, ""8"": 11, ""9"": 2, ""10"": 1}"
2998,2998,True,,gemm\random\mappings\sample_2998_seed_2998.csv,5.1070448050868,326.18911990295,1.2919792763983096,0,0.0001664207,0.0,117760.0,18432.0,2.050188454671692,0.0017819136778242388,True,vec,16,"{""1"": 12, ""2"": 2, ""3"": 4, ""4"": 4, ""5"": 9, ""6"": 2, ""7"": 13, ""8"": 13, ""9"": 6, ""10"": 8}"
2999,2999,True,,gemm\random\mappings\sample_2999_seed_2999.csv,4.984573550360587,326.60323694889,1.3040933920011106,0,0.0001462027,0.0,90112.0,28672.0,1.3773060900614957,0.0016739320982836242,True,vec,16,"{""1"": 8, ""2"": 10, ""3"": 1, ""4"": 8, ""5"": 6, ""6"": 0, ""7"": 5, ""8"": 5, ""9"": 7, ""10"": 7}"
