sample_id,sample_seed,valid_for_cost,failure_reason,mapping_csv,TR2_composite_cost,T1_pe_peak_temp_K,T3_temp_std_K,T5_over_throttle_count,P1_makespan_s,P3_dvfs_penalty_pct,C1_total_comm_cost,raw_congestion_cost,raw_load_imbalance,E7_pe_optical_comm_energy_J,run_ok,temperature_source,parsed_pe_count,assignment
0,0,True,,mpeg4\random\mappings\sample_000_seed_0.csv,5.234834445657772,325.90628118302,1.2737846101614025,0,0.0001215316,0.0,516000.0,96000.0,1.3784435733669582,0.0011289912444505622,True,vec,16,"{""1"": 12, ""2"": 13, ""3"": 15, ""4"": 12, ""5"": 9, ""6"": 15, ""7"": 11, ""8"": 1, ""9"": 6, ""10"": 4, ""11"": 8}"
1,1,True,,mpeg4\random\mappings\sample_001_seed_1.csv,6.3015363706490835,327.27395614383,1.412591537841248,2,0.0001221069,0.007184249999999999,668000.0,92000.0,1.5319481373865849,0.0011343205577289428,True,vec,16,"{""1"": 4, ""2"": 2, ""3"": 15, ""4"": 14, ""5"": 15, ""6"": 12, ""7"": 6, ""8"": 8, ""9"": 3, ""10"": 15, ""11"": 3}"
2,2,True,,mpeg4\random\mappings\sample_002_seed_2.csv,5.027914697165023,325.52635881452,1.1029932584131388,0,0.0001216487,0.0,452000.0,104000.0,1.267920287272827,0.00112849968288789,True,vec,16,"{""1"": 1, ""2"": 2, ""3"": 5, ""4"": 9, ""5"": 8, ""6"": 6, ""7"": 1, ""8"": 2, ""9"": 5, ""10"": 13, ""11"": 11}"
3,3,True,,mpeg4\random\mappings\sample_003_seed_3.csv,5.695940015901268,327.19011491557,1.2789411766526182,1,0.0001230269,0.00029374999999999996,600000.0,88000.0,1.3345851265042077,0.0011380606911890084,True,vec,16,"{""1"": 7, ""2"": 4, ""3"": 2, ""4"": 0, ""5"": 15, ""6"": 8, ""7"": 7, ""8"": 11, ""9"": 6, ""10"": 15, ""11"": 15}"
4,4,True,,mpeg4\random\mappings\sample_004_seed_4.csv,5.115657890238889,326.27733823694,1.2178778797538667,0,0.0001216957,0.0,624000.0,72000.0,1.2951125243277322,0.001129820228485717,True,vec,16,"{""1"": 7, ""2"": 9, ""3"": 15, ""4"": 4, ""5"": 2, ""6"": 2, ""7"": 0, ""8"": 3, ""9"": 12, ""10"": 9, ""11"": 12}"
5,5,True,,mpeg4\random\mappings\sample_005_seed_5.csv,5.42020626966098,327.15815727756,1.2495169855106618,1,0.0001221087,5.125e-05,500000.0,84000.0,1.0231901537786794,0.001132486231440343,True,vec,16,"{""1"": 8, ""2"": 11, ""3"": 7, ""4"": 1, ""5"": 5, ""6"": 3, ""7"": 11, ""8"": 0, ""9"": 15, ""10"": 7, ""11"": 14}"
6,6,True,,mpeg4\random\mappings\sample_006_seed_6.csv,5.827883020399657,327.27875734775,1.292406572991762,1,0.0001223476,0.012733571428571249,748000.0,80000.0,1.2600257668375319,0.001134545442434954,True,vec,16,"{""1"": 2, ""2"": 15, ""3"": 0, ""4"": 4, ""5"": 15, ""6"": 11, ""7"": 10, ""8"": 8, ""9"": 0, ""10"": 8, ""11"": 1}"
7,7,True,,mpeg4\random\mappings\sample_007_seed_7.csv,5.730535278550461,327.27554366929,1.3006871369591664,1,0.0001219867,0.0165940625,512000.0,84000.0,1.466160467092459,0.0011319893993428799,True,vec,16,"{""1"": 10, ""2"": 4, ""3"": 2, ""4"": 3, ""5"": 11, ""6"": 1, ""7"": 6, ""8"": 12, ""9"": 1, ""10"": 2, ""11"": 1}"
8,8,True,,mpeg4\random\mappings\sample_008_seed_8.csv,5.235276383283466,326.17340473009,1.1449807886727044,0,0.0001222198,0.0,548000.0,96000.0,1.470546311778734,0.0011323667662966937,True,vec,16,"{""1"": 7, ""2"": 11, ""3"": 6, ""4"": 1, ""5"": 2, ""6"": 4, ""7"": 7, ""8"": 12, ""9"": 6, ""10"": 12, ""11"": 4}"
9,9,True,,mpeg4\random\mappings\sample_009_seed_9.csv,5.016516496533672,326.40760617984,1.177644055060692,0,0.0001217468,0.0,620000.0,72000.0,1.071434445327705,0.001130286995362168,True,vec,16,"{""1"": 14, ""2"": 11, ""3"": 5, ""4"": 0, ""5"": 10, ""6"": 14, ""7"": 2, ""8"": 8, ""9"": 10, ""10"": 1, ""11"": 4}"
10,10,True,,mpeg4\random\mappings\sample_010_seed_10.csv,5.096760718392831,326.14394865225,1.191984298366611,0,0.0001220337,0.0,616000.0,72000.0,1.3477426605630327,0.0011317900600791525,True,vec,16,"{""1"": 1, ""2"": 13, ""3"": 6, ""4"": 14, ""5"": 15, ""6"": 8, ""7"": 5, ""8"": 15, ""9"": 1, ""10"": 15, ""11"": 0}"
11,11,True,,mpeg4\random\mappings\sample_011_seed_11.csv,5.976175742156147,327.38262416279,1.2080399153085954,1,0.0001207959,0.038802500000000004,460000.0,72000.0,2.4345549738219896,0.001124657707959438,True,vec,16,"{""1"": 14, ""2"": 14, ""3"": 5, ""4"": 15, ""5"": 5, ""6"": 3, ""7"": 14, ""8"": 14, ""9"": 9, ""10"": 4, ""11"": 6}"
12,12,True,,mpeg4\random\mappings\sample_012_seed_12.csv,5.481871813800815,325.8939560747,1.3052234822242994,0,0.0001224139,0.0,580000.0,112000.0,1.4486170883473588,0.0011346944446190659,True,vec,16,"{""1"": 15, ""2"": 8, ""3"": 12, ""4"": 0, ""5"": 11, ""6"": 15, ""7"": 8, ""8"": 11, ""9"": 14, ""10"": 7, ""11"": 4}"
13,13,True,,mpeg4\random\mappings\sample_013_seed_13.csv,5.281799733937113,325.55380393671,1.0955672118980468,0,0.0001219298,0.0,468000.0,108000.0,1.8521147994846632,0.0011303765515965037,True,vec,16,"{""1"": 8, ""2"": 9, ""3"": 4, ""4"": 7, ""5"": 5, ""6"": 4, ""7"": 2, ""8"": 5, ""9"": 6, ""10"": 9, ""11"": 7}"
14,14,True,,mpeg4\random\mappings\sample_014_seed_14.csv,5.083648159018294,326.10573508023,1.1549109289838753,0,0.0001275507,0.0,568000.0,56000.0,1.7029960801513115,0.0011610152872095084,True,vec,16,"{""1"": 3, ""2"": 7, ""3"": 9, ""4"": 2, ""5"": 14, ""6"": 9, ""7"": 14, ""8"": 8, ""9"": 12, ""10"": 12, ""11"": 8}"
15,15,True,,mpeg4\random\mappings\sample_015_seed_15.csv,7.134548842545784,327.83053588931,1.3301289322141352,2,0.0001231709,0.08499555921052632,552000.0,160000.0,1.4179161755434335,0.0011403135371335488,True,vec,16,"{""1"": 6, ""2"": 0, ""3"": 7, ""4"": 0, ""5"": 1, ""6"": 4, ""7"": 11, ""8"": 1, ""9"": 7, ""10"": 3, ""11"": 5}"
16,16,True,,mpeg4\random\mappings\sample_016_seed_16.csv,5.037936567839735,326.63652072292,1.2636303927738433,0,0.0001218409,0.0,508000.0,64000.0,1.3556371809983279,0.0011307514708530052,True,vec,16,"{""1"": 11, ""2"": 15, ""3"": 13, ""4"": 7, ""5"": 14, ""6"": 0, ""7"": 13, ""8"": 15, ""9"": 8, ""10"": 7, ""11"": 9}"
17,17,True,,mpeg4\random\mappings\sample_017_seed_17.csv,4.9698434507170335,326.75873288411,1.2591629041692551,0,0.0001217949,0.0,516000.0,72000.0,0.9354732600531783,0.001130279662357928,True,vec,16,"{""1"": 13, ""2"": 9, ""3"": 5, ""4"": 8, ""5"": 3, ""6"": 0, ""7"": 7, ""8"": 11, ""9"": 12, ""10"": 13, ""11"": 9}"
18,18,True,,mpeg4\random\mappings\sample_018_seed_18.csv,5.1126365548716075,326.01018803387,1.3093044815801114,0,0.0001217369,0.0,464000.0,72000.0,1.5977358076807104,0.0011302584891022744,True,vec,16,"{""1"": 5, ""2"": 3, ""3"": 7, ""4"": 6, ""5"": 15, ""6"": 15, ""7"": 5, ""8"": 14, ""9"": 15, ""10"": 9, ""11"": 10}"
19,19,True,,mpeg4\random\mappings\sample_019_seed_19.csv,4.916386038323186,326.37055592904,1.173380779363293,0,0.000121795,0.0,540000.0,72000.0,1.0231901537786794,0.0011298389175407341,True,vec,16,"{""1"": 1, ""2"": 3, ""3"": 11, ""4"": 9, ""5"": 4, ""6"": 8, ""7"": 3, ""8"": 6, ""9"": 8, ""10"": 13, ""11"": 12}"
20,20,True,,mpeg4\random\mappings\sample_020_seed_20.csv,5.090753697539648,326.82021316751,1.2185920210115078,0,0.0001213469,0.0,608000.0,64000.0,1.2951125243277322,0.001128420941830639,True,vec,16,"{""1"": 4, ""2"": 8, ""3"": 5, ""4"": 0, ""5"": 13, ""6"": 13, ""7"": 2, ""8"": 3, ""9"": 3, ""10"": 4, ""11"": 10}"
21,21,True,,mpeg4\random\mappings\sample_021_seed_21.csv,5.2196641027004524,326.42563186296,1.2094919062926937,0,0.0001272467,0.0,400000.0,84000.0,1.7065047559003317,0.001159209697809164,True,vec,16,"{""1"": 5, ""2"": 13, ""3"": 15, ""4"": 6, ""5"": 15, ""6"": 5, ""7"": 7, ""8"": 13, ""9"": 0, ""10"": 0, ""11"": 9}"
22,22,True,,mpeg4\random\mappings\sample_022_seed_22.csv,4.805555814286537,325.98057794306,1.1411137244621101,0,0.0001223807,0.0,500000.0,80000.0,0.803897919464927,0.0011328068519955564,True,vec,16,"{""1"": 4, ""2"": 7, ""3"": 5, ""4"": 3, ""5"": 11, ""6"": 2, ""7"": 7, ""8"": 0, ""9"": 8, ""10"": 1, ""11"": 14}"
23,23,True,,mpeg4\random\mappings\sample_023_seed_23.csv,5.473373529199493,327.27680434524,1.2112306524743515,1,0.0001219867,0.01765,568000.0,84000.0,0.7644253172884515,0.0011314685142083407,True,vec,16,"{""1"": 9, ""2"": 2, ""3"": 13, ""4"": 12, ""5"": 11, ""6"": 4, ""7"": 6, ""8"": 0, ""9"": 8, ""10"": 14, ""11"": 9}"
24,24,True,,mpeg4\random\mappings\sample_024_seed_24.csv,5.073599490785058,325.7609024114,1.1885017194845564,0,0.0001216007,0.0,484000.0,72000.0,1.7775554398179874,0.001128263132529786,True,vec,16,"{""1"": 12, ""2"": 5, ""3"": 6, ""4"": 5, ""5"": 2, ""6"": 4, ""7"": 9, ""8"": 6, ""9"": 0, ""10"": 14, ""11"": 5}"
25,25,True,,mpeg4\random\mappings\sample_025_seed_25.csv,4.961721603165326,326.15703227482,1.1886203716293626,0,0.0001220337,0.0,596000.0,64000.0,1.2030097859159563,0.0011315482756469283,True,vec,16,"{""1"": 12, ""2"": 0, ""3"": 15, ""4"": 1, ""5"": 8, ""6"": 1, ""7"": 9, ""8"": 6, ""9"": 13, ""10"": 3, ""11"": 9}"
26,26,True,,mpeg4\random\mappings\sample_026_seed_26.csv,5.093664711777445,325.77015891321,1.0564409021486694,0,0.0001313537,0.0,420000.0,88000.0,1.5933499629944354,0.0011813100060739227,True,vec,16,"{""1"": 6, ""2"": 6, ""3"": 4, ""4"": 15, ""5"": 1, ""6"": 5, ""7"": 13, ""8"": 13, ""9"": 7, ""10"": 13, ""11"": 1}"
27,27,True,,mpeg4\random\mappings\sample_027_seed_27.csv,5.477586550584499,326.88065985676,1.1512161431970191,0,0.0001227027,0.0,616000.0,92000.0,1.821413886680738,0.0011351007704298673,True,vec,16,"{""1"": 15, ""2"": 8, ""3"": 2, ""4"": 2, ""5"": 8, ""6"": 10, ""7"": 8, ""8"": 9, ""9"": 11, ""10"": 12, ""11"": 6}"
28,28,True,,mpeg4\random\mappings\sample_028_seed_28.csv,5.076460030024944,325.83765632634,1.134129886491285,0,0.0001213043,0.0,500000.0,80000.0,1.6679093226611112,0.0011265832893135516,True,vec,16,"{""1"": 3, ""2"": 4, ""3"": 4, ""4"": 14, ""5"": 13, ""6"": 6, ""7"": 6, ""8"": 5, ""9"": 4, ""10"": 12, ""11"": 7}"
29,29,True,,mpeg4\random\mappings\sample_029_seed_29.csv,4.935108507207748,325.8478648974,1.2136443976399114,0,0.0001210736,0.0,544000.0,72000.0,1.1591513390532058,0.0011262586219140441,True,vec,16,"{""1"": 2, ""2"": 11, ""3"": 11, ""4"": 12, ""5"": 13, ""6"": 0, ""7"": 1, ""8"": 9, ""9"": 3, ""10"": 14, ""11"": 2}"
30,30,True,,mpeg4\random\mappings\sample_030_seed_30.csv,4.99513529345525,326.32313406423,1.2087003258695816,0,0.0001224988,0.0,504000.0,80000.0,1.07582029001398,0.0011338644343388878,True,vec,16,"{""1"": 9, ""2"": 0, ""3"": 1, ""4"": 12, ""5"": 12, ""6"": 4, ""7"": 2, ""8"": 6, ""9"": 14, ""10"": 0, ""11"": 8}"
31,31,True,,mpeg4\random\mappings\sample_031_seed_31.csv,5.90549096959616,325.98919693102,1.2771530028771474,0,0.0001277669,0.0,728000.0,104000.0,2.277541734053343,0.0011637587881328307,True,vec,16,"{""1"": 0, ""2"": 15, ""3"": 4, ""4"": 1, ""5"": 4, ""6"": 3, ""7"": 7, ""8"": 3, ""9"": 4, ""10"": 4, ""11"": 12}"
32,32,True,,mpeg4\random\mappings\sample_032_seed_32.csv,5.240750346035696,326.17708799616,1.2058432175704663,0,0.0001273308,0.0,540000.0,120000.0,0.6547792001315753,0.0011606075736496654,True,vec,16,"{""1"": 2, ""2"": 6, ""3"": 7, ""4"": 15, ""5"": 0, ""6"": 1, ""7"": 3, ""8"": 4, ""9"": 10, ""10"": 10, ""11"": 9}"
33,33,True,,mpeg4\random\mappings\sample_033_seed_33.csv,5.186494745517404,326.14539826409,1.0627832816164138,0,0.0001319537,0.0,508000.0,96000.0,1.2907266796414572,0.0011849811590402266,True,vec,16,"{""1"": 5, ""2"": 7, ""3"": 5, ""4"": 10, ""5"": 15, ""6"": 14, ""7"": 9, ""8"": 8, ""9"": 2, ""10"": 9, ""11"": 15}"
34,34,True,,mpeg4\random\mappings\sample_034_seed_34.csv,5.019110549643222,325.96689979709,1.1788052775913977,0,0.0001219856,0.0,736000.0,64000.0,1.0670486006414297,0.0011319020052580992,True,vec,16,"{""1"": 11, ""2"": 0, ""3"": 12, ""4"": 11, ""5"": 2, ""6"": 13, ""7"": 9, ""8"": 7, ""9"": 10, ""10"": 3, ""11"": 0}"
35,35,True,,mpeg4\random\mappings\sample_035_seed_35.csv,4.96031549767347,325.97995382557,1.1444305501482408,0,0.0001217588,0.0,516000.0,76000.0,1.3038842137002824,0.0011296939277412469,True,vec,16,"{""1"": 10, ""2"": 4, ""3"": 9, ""4"": 13, ""5"": 8, ""6"": 1, ""7"": 8, ""8"": 10, ""9"": 11, ""10"": 3, ""11"": 4}"
36,36,True,,mpeg4\random\mappings\sample_036_seed_36.csv,5.438571455855916,327.45329740688,1.2362147723164525,1,0.0001219749,0.021053453947368125,528000.0,72000.0,0.8828431238178778,0.0011319464572702544,True,vec,16,"{""1"": 10, ""2"": 1, ""3"": 2, ""4"": 0, ""5"": 5, ""6"": 7, ""7"": 8, ""8"": 0, ""9"": 13, ""10"": 11, ""11"": 9}"
37,37,True,,mpeg4\random\mappings\sample_037_seed_37.csv,4.887956182017502,325.87345519969,1.2238401300781148,0,0.0001213536,0.0,488000.0,72000.0,1.1372221156218305,0.001127648267960852,True,vec,16,"{""1"": 2, ""2"": 1, ""3"": 3, ""4"": 14, ""5"": 9, ""6"": 12, ""7"": 13, ""8"": 11, ""9"": 14, ""10"": 4, ""11"": 14}"
38,38,True,,mpeg4\random\mappings\sample_038_seed_38.csv,5.694499990245034,327.16265296888,1.2409629096802497,1,0.0001206016,0.00022881944444444374,552000.0,88000.0,1.637208409857186,0.0011241423858355597,True,vec,16,"{""1"": 13, ""2"": 13, ""3"": 11, ""4"": 14, ""5"": 11, ""6"": 1, ""7"": 5, ""8"": 3, ""9"": 11, ""10"": 10, ""11"": 2}"
39,39,True,,mpeg4\random\mappings\sample_039_seed_39.csv,6.121927618350547,327.37547294565,1.2892187427427215,1,0.0001215437,0.012758717105263126,700000.0,100000.0,1.7775554398179874,0.001130271338214045,True,vec,16,"{""1"": 6, ""2"": 8, ""3"": 6, ""4"": 7, ""5"": 12, ""6"": 0, ""7"": 8, ""8"": 12, ""9"": 11, ""10"": 5, ""11"": 0}"
40,40,True,,mpeg4\random\mappings\sample_040_seed_40.csv,4.741208658695987,326.85982637975,1.113008249966407,0,0.0001229698,0.0,500000.0,56000.0,0.9398591047394534,0.0011358791181750759,True,vec,16,"{""1"": 14, ""2"": 1, ""3"": 6, ""4"": 4, ""5"": 11, ""6"": 8, ""7"": 14, ""8"": 7, ""9"": 0, ""10"": 4, ""11"": 9}"
41,41,True,,mpeg4\random\mappings\sample_041_seed_41.csv,5.807714295188592,326.41065192023,1.2780341694636757,0,0.0001320318,0.0,636000.0,100000.0,2.0626353444258654,0.0011869584428279185,True,vec,16,"{""1"": 12, ""2"": 10, ""3"": 12, ""4"": 9, ""5"": 8, ""6"": 12, ""7"": 0, ""8"": 7, ""9"": 7, ""10"": 0, ""11"": 5}"
42,42,True,,mpeg4\random\mappings\sample_042_seed_42.csv,5.645747187154776,326.89774078337,1.2688930108247742,0,0.0001226079,0.0,516000.0,136000.0,1.3170417477591074,0.0011349150948331914,True,vec,16,"{""1"": 3, ""2"": 0, ""3"": 7, ""4"": 4, ""5"": 3, ""6"": 2, ""7"": 13, ""8"": 8, ""9"": 1, ""10"": 0, ""11"": 7}"
43,43,True,,mpeg4\random\mappings\sample_043_seed_43.csv,4.899905938981482,326.17517305847,1.248405434104391,0,0.0001219421,0.0,572000.0,60000.0,1.0495052218963297,0.0011315598979943337,True,vec,16,"{""1"": 1, ""2"": 9, ""3"": 11, ""4"": 3, ""5"": 14, ""6"": 15, ""7"": 0, ""8"": 4, ""9"": 13, ""10"": 11, ""11"": 14}"
44,44,True,,mpeg4\random\mappings\sample_044_seed_44.csv,5.538494386553513,325.93997617648,1.1970206024203334,0,0.0001328376,0.0,552000.0,100000.0,1.8170280419944629,0.0011906008672513944,True,vec,16,"{""1"": 13, ""2"": 3, ""3"": 7, ""4"": 9, ""5"": 0, ""6"": 7, ""7"": 3, ""8"": 5, ""9"": 0, ""10"": 3, ""11"": 12}"
45,45,True,,mpeg4\random\mappings\sample_045_seed_45.csv,5.0320519644691695,326.23032708584,1.2066487582766838,0,0.0001216277,0.0,520000.0,68000.0,1.470546311778734,0.001129062261028329,True,vec,16,"{""1"": 8, ""2"": 13, ""3"": 2, ""4"": 9, ""5"": 10, ""6"": 0, ""7"": 2, ""8"": 15, ""9"": 15, ""10"": 0, ""11"": 8}"
46,46,True,,mpeg4\random\mappings\sample_046_seed_46.csv,5.56248568570023,326.88912925766,1.2611529611742527,0,0.0001224187,0.0,456000.0,116000.0,1.7205394588964118,0.0011335200887604075,True,vec,16,"{""1"": 2, ""2"": 12, ""3"": 4, ""4"": 1, ""5"": 0, ""6"": 2, ""7"": 10, ""8"": 1, ""9"": 1, ""10"": 0, ""11"": 7}"
47,47,True,,mpeg4\random\mappings\sample_047_seed_47.csv,5.093951588390263,326.82405295555,1.275495100963142,0,0.0001222079,0.0,536000.0,72000.0,1.1635371837394808,0.001132747989907392,True,vec,16,"{""1"": 11, ""2"": 2, ""3"": 10, ""4"": 8, ""5"": 12, ""6"": 12, ""7"": 1, ""8"": 13, ""9"": 13, ""10"": 0, ""11"": 14}"
48,48,True,,mpeg4\random\mappings\sample_048_seed_48.csv,4.786700628307965,326.11527101436,1.175765394474617,0,0.0001232598,0.0,448000.0,68000.0,1.0144184644061292,0.0011380773192466893,True,vec,16,"{""1"": 10, ""2"": 4, ""3"": 13, ""4"": 5, ""5"": 4, ""6"": 3, ""7"": 15, ""8"": 9, ""9"": 7, ""10"": 6, ""11"": 6}"
49,49,True,,mpeg4\random\mappings\sample_049_seed_49.csv,5.00603703303622,326.12086884406,1.1211550378613766,0,0.0001216636,0.0,548000.0,80000.0,1.2687974562100819,0.001129059401525985,True,vec,16,"{""1"": 2, ""2"": 11, ""3"": 10, ""4"": 1, ""5"": 1, ""6"": 8, ""7"": 4, ""8"": 13, ""9"": 14, ""10"": 1, ""11"": 3}"
50,50,True,,mpeg4\random\mappings\sample_050_seed_50.csv,5.113336426429542,326.40453873615,1.206450096786227,0,0.0001225397,0.0,520000.0,64000.0,1.7073819248375868,0.001134313582352242,True,vec,16,"{""1"": 15, ""2"": 8, ""3"": 15, ""4"": 10, ""5"": 2, ""6"": 10, ""7"": 7, ""8"": 11, ""9"": 2, ""10"": 4, ""11"": 7}"
51,51,True,,mpeg4\random\mappings\sample_051_seed_51.csv,5.416169276212663,327.33175289931,1.213225621083084,1,0.0001214036,0.017228125,356000.0,64000.0,1.632822565170911,0.0011274976385257365,True,vec,16,"{""1"": 7, ""2"": 5, ""3"": 8, ""4"": 12, ""5"": 14, ""6"": 10, ""7"": 11, ""8"": 7, ""9"": 12, ""10"": 8, ""11"": 7}"
52,52,True,,mpeg4\random\mappings\sample_052_seed_52.csv,5.393734754839885,327.16931016036,1.1298680414535065,1,0.0001213537,0.00043125,476000.0,72000.0,1.5626490501905101,0.0011272912732742057,True,vec,16,"{""1"": 8, ""2"": 1, ""3"": 13, ""4"": 1, ""5"": 4, ""6"": 5, ""7"": 13, ""8"": 15, ""9"": 5, ""10"": 11, ""11"": 11}"
53,53,True,,mpeg4\random\mappings\sample_053_seed_53.csv,7.9666720001538875,328.67667830678,1.2520597421983166,1,0.0001217958,0.438924652777775,484000.0,72000.0,1.1591513390532058,0.0011339663833839209,True,vec,16,"{""1"": 6, ""2"": 14, ""3"": 14, ""4"": 0, ""5"": 1, ""6"": 5, ""7"": 11, ""8"": 15, ""9"": 4, ""10"": 8, ""11"": 11}"
54,54,True,,mpeg4\random\mappings\sample_054_seed_54.csv,5.669175485440145,327.369653246,1.284736478710224,1,0.0001216516,0.0060828125000000005,516000.0,84000.0,1.466160467092459,0.0011299090031340773,True,vec,16,"{""1"": 4, ""2"": 14, ""3"": 15, ""4"": 12, ""5"": 7, ""6"": 14, ""7"": 10, ""8"": 9, ""9"": 12, ""10"": 6, ""11"": 15}"
55,55,True,,mpeg4\random\mappings\sample_055_seed_55.csv,5.466312758494742,326.87406285829,1.134866259492171,0,0.0001214518,0.0,588000.0,88000.0,2.0363202763082153,0.0011282650079307358,True,vec,16,"{""1"": 2, ""2"": 6, ""3"": 2, ""4"": 5, ""5"": 9, ""6"": 2, ""7"": 11, ""8"": 4, ""9"": 15, ""10"": 12, ""11"": 9}"
56,56,True,,mpeg4\random\mappings\sample_056_seed_56.csv,5.611805741941782,327.27235026394,1.2997653703162686,1,0.0001224827,0.015681874999999998,620000.0,96000.0,0.5670623064060744,0.0011349964316960583,True,vec,16,"{""1"": 0, ""2"": 15, ""3"": 7, ""4"": 3, ""5"": 11, ""6"": 2, ""7"": 10, ""8"": 9, ""9"": 8, ""10"": 6, ""11"": 13}"
57,57,True,,mpeg4\random\mappings\sample_057_seed_57.csv,4.571339041098609,326.40186115671,1.2344233046788415,0,0.0001217836,0.0,436000.0,48000.0,0.7249527151119761,0.001129731927982864,True,vec,16,"{""1"": 1, ""2"": 11, ""3"": 10, ""4"": 15, ""5"": 9, ""6"": 13, ""7"": 12, ""8"": 0, ""9"": 0, ""10"": 5, ""11"": 7}"
58,58,True,,mpeg4\random\mappings\sample_058_seed_58.csv,5.382073109115851,325.649643506,1.0841943978348791,0,0.0001385697,0.0,376000.0,72000.0,2.6187604506455413,0.0012184851369280586,True,vec,16,"{""1"": 6, ""2"": 6, ""3"": 6, ""4"": 14, ""5"": 12, ""6"": 11, ""7"": 9, ""8"": 6, ""9"": 8, ""10"": 14, ""11"": 1}"
59,59,True,,mpeg4\random\mappings\sample_059_seed_59.csv,5.638471495567931,326.09587877053,1.2817633441012186,0,0.0001321731,0.0,712000.0,88000.0,1.7293111482689618,0.0011879937543336717,True,vec,16,"{""1"": 7, ""2"": 2, ""3"": 4, ""4"": 9, ""5"": 0, ""6"": 0, ""7"": 15, ""8"": 14, ""9"": 12, ""10"": 15, ""11"": 0}"
60,60,True,,mpeg4\random\mappings\sample_060_seed_60.csv,4.874404209601142,326.88273188736,1.2281853012692137,0,0.0001215678,0.0,412000.0,80000.0,0.803897919464927,0.0011287074450459316,True,vec,16,"{""1"": 9, ""2"": 9, ""3"": 7, ""4"": 15, ""5"": 14, ""6"": 10, ""7"": 1, ""8"": 4, ""9"": 2, ""10"": 5, ""11"": 8}"
61,61,True,,mpeg4\random\mappings\sample_061_seed_61.csv,5.301260626555586,325.66339785567,1.2119880742165243,0,0.0001332796,0.0,544000.0,96000.0,1.2907266796414572,0.0011934334279958912,True,vec,16,"{""1"": 15, ""2"": 5, ""3"": 9, ""4"": 10, ""5"": 0, ""6"": 15, ""7"": 11, ""8"": 6, ""9"": 11, ""10"": 2, ""11"": 10}"
62,62,True,,mpeg4\random\mappings\sample_062_seed_62.csv,5.174903379761544,326.40232333712,1.0759996002653753,0,0.0001203886,0.0,400000.0,72000.0,2.387187851210219,0.0011210586185736217,True,vec,16,"{""1"": 5, ""2"": 2, ""3"": 9, ""4"": 11, ""5"": 5, ""6"": 5, ""7"": 5, ""8"": 7, ""9"": 0, ""10"": 8, ""11"": 14}"
63,63,True,,mpeg4\random\mappings\sample_063_seed_63.csv,5.145151718412981,325.89046617597,1.2610038350717971,0,0.0001204405,0.0,388000.0,76000.0,1.9924618294454648,0.0011221495739020871,True,vec,16,"{""1"": 14, ""2"": 14, ""3"": 15, ""4"": 2, ""5"": 12, ""6"": 2, ""7"": 2, ""8"": 9, ""9"": 6, ""10"": 9, ""11"": 8}"
64,64,True,,mpeg4\random\mappings\sample_064_seed_64.csv,5.049481227635596,325.9113698742,1.1404186211966014,0,0.0001211238,0.0,672000.0,84000.0,1.0056467750335791,0.001126821910224687,True,vec,16,"{""1"": 15, ""2"": 3, ""3"": 6, ""4"": 8, ""5"": 6, ""6"": 4, ""7"": 2, ""8"": 12, ""9"": 13, ""10"": 14, ""11"": 0}"
65,65,True,,mpeg4\random\mappings\sample_065_seed_65.csv,5.269484588053761,325.131631347,1.0752496544453445,0,0.0001407857,0.0,372000.0,72000.0,2.408239905704339,0.0012307212391678675,True,vec,16,"{""1"": 13, ""2"": 9, ""3"": 14, ""4"": 14, ""5"": 14, ""6"": 10, ""7"": 13, ""8"": 9, ""9"": 7, ""10"": 2, ""11"": 7}"
66,66,True,,mpeg4\random\mappings\sample_066_seed_66.csv,5.1408288891560785,326.94651907086,1.2361671508067842,0,0.0001220518,0.0,628000.0,72000.0,1.1021353581316302,0.0011321322672527194,True,vec,16,"{""1"": 2, ""2"": 9, ""3"": 14, ""4"": 9, ""5"": 8, ""6"": 3, ""7"": 15, ""8"": 13, ""9"": 5, ""10"": 14, ""11"": 7}"
67,67,True,,mpeg4\random\mappings\sample_067_seed_67.csv,5.523049556640619,325.8528715738,1.2799585429767382,0,0.0001215989,0.0,696000.0,84000.0,1.9793042953866395,0.0011302714243999728,True,vec,16,"{""1"": 2, ""2"": 3, ""3"": 13, ""4"": 8, ""5"": 13, ""6"": 15, ""7"": 8, ""8"": 13, ""9"": 6, ""10"": 1, ""11"": 14}"
68,68,True,,mpeg4\random\mappings\sample_068_seed_68.csv,5.768025253797203,327.26706005946,1.2122910772848183,1,0.0001221637,0.0057183035714285626,604000.0,112000.0,1.0538910665826047,0.001132829962956374,True,vec,16,"{""1"": 14, ""2"": 3, ""3"": 15, ""4"": 8, ""5"": 10, ""6"": 14, ""7"": 11, ""8"": 7, ""9"": 5, ""10"": 3, ""11"": 13}"
69,69,True,,mpeg4\random\mappings\sample_069_seed_69.csv,5.22419731714581,327.38736597293,1.3099969800285374,1,0.0001220496,0.026494444444444373,292000.0,48000.0,1.2249390093473316,0.0011314632223377147,True,vec,16,"{""1"": 1, ""2"": 3, ""3"": 11, ""4"": 10, ""5"": 13, ""6"": 14, ""7"": 13, ""8"": 5, ""9"": 14, ""10"": 10, ""11"": 2}"
70,70,True,,mpeg4\random\mappings\sample_070_seed_70.csv,5.398772375006014,326.86658580974,1.209939836609484,0,0.0001219637,0.0,640000.0,84000.0,1.6152791864258107,0.0011311662890176163,True,vec,16,"{""1"": 3, ""2"": 9, ""3"": 4, ""4"": 10, ""5"": 3, ""6"": 4, ""7"": 6, ""8"": 14, ""9"": 13, ""10"": 12, ""11"": 14}"
71,71,True,,mpeg4\random\mappings\sample_071_seed_71.csv,6.300121065865967,327.57465843334,1.2088749222918882,2,0.0001224817,0.04856340773809563,468000.0,80000.0,2.0275485869356653,0.0011342425191495664,True,vec,16,"{""1"": 10, ""2"": 0, ""3"": 6, ""4"": 8, ""5"": 2, ""6"": 6, ""7"": 1, ""8"": 8, ""9"": 6, ""10"": 0, ""11"": 4}"
72,72,True,,mpeg4\random\mappings\sample_072_seed_72.csv,5.138218132656714,326.87189287032,1.1165281132603273,0,0.000122022,0.0,576000.0,96000.0,0.9793317069159289,0.001131026043403895,True,vec,16,"{""1"": 2, ""2"": 5, ""3"": 9, ""4"": 4, ""5"": 10, ""6"": 7, ""7"": 12, ""8"": 11, ""9"": 4, ""10"": 0, ""11"": 11}"
73,73,True,,mpeg4\random\mappings\sample_073_seed_73.csv,5.112869033038893,326.0610532672,1.212442675808452,0,0.0001225908,0.0,680000.0,72000.0,1.181080562484581,0.0011351951063989197,True,vec,16,"{""1"": 8, ""2"": 3, ""3"": 14, ""4"": 9, ""5"": 2, ""6"": 15, ""7"": 12, ""8"": 15, ""9"": 6, ""10"": 14, ""11"": 5}"
74,74,True,,mpeg4\random\mappings\sample_074_seed_74.csv,5.707456092464581,326.05427462196,1.189211930981188,0,0.0001327179,0.0,616000.0,120000.0,1.6591376332885612,0.0011898934642227354,True,vec,16,"{""1"": 3, ""2"": 10, ""3"": 5, ""4"": 6, ""5"": 11, ""6"": 3, ""7"": 14, ""8"": 3, ""9"": 14, ""10"": 8, ""11"": 9}"
75,75,True,,mpeg4\random\mappings\sample_075_seed_75.csv,5.514432693859097,327.28858595684,1.2733915736984855,1,0.0001274307,0.0244815,436000.0,80000.0,0.8916148131904279,0.0011610288765600415,True,vec,16,"{""1"": 14, ""2"": 13, ""3"": 15, ""4"": 11, ""5"": 3, ""6"": 10, ""7"": 2, ""8"": 14, ""9"": 8, ""10"": 8, ""11"": 1}"
76,76,True,,mpeg4\random\mappings\sample_076_seed_76.csv,5.146848121103698,326.24155506751,1.083416215196027,0,0.0001323478,0.0,592000.0,72000.0,1.4047586414846085,0.0011875279900598504,True,vec,16,"{""1"": 11, ""2"": 14, ""3"": 9, ""4"": 1, ""5"": 13, ""6"": 7, ""7"": 9, ""8"": 12, ""9"": 9, ""10"": 14, ""11"": 6}"
77,77,True,,mpeg4\random\mappings\sample_077_seed_77.csv,5.30011049344218,326.80490559206,1.254830180185138,0,0.0001213077,0.0,684000.0,84000.0,1.1591513390532058,0.0011283671375552898,True,vec,16,"{""1"": 8, ""2"": 10, ""3"": 6, ""4"": 3, ""5"": 9, ""6"": 15, ""7"": 7, ""8"": 6, ""9"": 4, ""10"": 0, ""11"": 7}"
78,78,True,,mpeg4\random\mappings\sample_078_seed_78.csv,4.804118631876165,325.83483370031,1.181088333242212,0,0.0001221629,0.0,552000.0,64000.0,0.9837175516022039,0.0011321698695775546,True,vec,16,"{""1"": 6, ""2"": 3, ""3"": 13, ""4"": 1, ""5"": 4, ""6"": 12, ""7"": 6, ""8"": 9, ""9"": 15, ""10"": 12, ""11"": 8}"
79,79,True,,mpeg4\random\mappings\sample_079_seed_79.csv,5.616435161142331,326.14724238556,1.2137064909222925,0,0.0001222188,0.0,620000.0,128000.0,1.4924755352101093,0.001132902762905686,True,vec,16,"{""1"": 4, ""2"": 14, ""3"": 7, ""4"": 7, ""5"": 15, ""6"": 4, ""7"": 2, ""8"": 11, ""9"": 11, ""10"": 0, ""11"": 5}"
80,80,True,,mpeg4\random\mappings\sample_080_seed_80.csv,5.847705279818098,327.39652595472,1.3342121892089658,1,0.0001213908,0.0110779481132075,484000.0,60000.0,2.413502919327869,0.0011289829606956733,True,vec,16,"{""1"": 8, ""2"": 12, ""3"": 11, ""4"": 12, ""5"": 11, ""6"": 0, ""7"": 12, ""8"": 13, ""9"": 7, ""10"": 1, ""11"": 11}"
81,81,True,,mpeg4\random\mappings\sample_081_seed_81.csv,5.056190057352493,326.45268271335,1.2548642196360464,0,0.000122294,0.0,472000.0,72000.0,1.3828294180532332,0.001133153191717214,True,vec,16,"{""1"": 14, ""2"": 10, ""3"": 0, ""4"": 5, ""5"": 4, ""6"": 14, ""7"": 0, ""8"": 12, ""9"": 10, ""10"": 9, ""11"": 15}"
82,82,True,,mpeg4\random\mappings\sample_082_seed_82.csv,5.1639720366398745,326.02684576117,1.1333599204082656,0,0.0001220248,0.0,596000.0,72000.0,1.7556262163866123,0.0011317143436953845,True,vec,16,"{""1"": 4, ""2"": 15, ""3"": 5, ""4"": 8, ""5"": 5, ""6"": 1, ""7"": 13, ""8"": 9, ""9"": 15, ""10"": 3, ""11"": 5}"
83,83,True,,mpeg4\random\mappings\sample_083_seed_83.csv,4.877119843136594,325.82587368049,1.1430959704124715,0,0.0001209442,0.0,512000.0,72000.0,1.2468682327787066,0.001124904210996186,True,vec,16,"{""1"": 15, ""2"": 14, ""3"": 12, ""4"": 1, ""5"": 1, ""6"": 6, ""7"": 6, ""8"": 2, ""9"": 5, ""10"": 9, ""11"": 4}"
84,84,True,,mpeg4\random\mappings\sample_084_seed_84.csv,5.247372288126279,327.16278183853,1.2310596858647396,1,0.0001214836,0.00011291666666666874,564000.0,60000.0,0.9617883281708286,0.0011285980273327068,True,vec,16,"{""1"": 9, ""2"": 1, ""3"": 10, ""4"": 6, ""5"": 14, ""6"": 15, ""7"": 11, ""8"": 15, ""9"": 4, ""10"": 8, ""11"": 0}"
85,85,True,,mpeg4\random\mappings\sample_085_seed_85.csv,5.153075670172812,326.54334624734,1.2190272834487634,0,0.000121943,0.0,396000.0,72000.0,1.926674159151339,0.0011305862312214327,True,vec,16,"{""1"": 6, ""2"": 3, ""3"": 7, ""4"": 14, ""5"": 11, ""6"": 7, ""7"": 12, ""8"": 10, ""9"": 7, ""10"": 14, ""11"": 6}"
86,86,True,,mpeg4\random\mappings\sample_086_seed_86.csv,5.488845967582353,326.39622005155,1.341933114330342,0,0.00012216,0.0,608000.0,96000.0,1.5319481373865849,0.0011330797265102696,True,vec,16,"{""1"": 0, ""2"": 10, ""3"": 9, ""4"": 12, ""5"": 3, ""6"": 3, ""7"": 13, ""8"": 0, ""9"": 14, ""10"": 0, ""11"": 2}"
87,87,True,,mpeg4\random\mappings\sample_087_seed_87.csv,5.360900877777121,326.87597954909,1.1923385665015434,0,0.000122382,0.0,568000.0,96000.0,1.453002933033634,0.0011332244380142934,True,vec,16,"{""1"": 4, ""2"": 6, ""3"": 10, ""4"": 10, ""5"": 3, ""6"": 11, ""7"": 0, ""8"": 3, ""9"": 8, ""10"": 12, ""11"": 8}"
88,88,True,,mpeg4\random\mappings\sample_088_seed_88.csv,5.492891955011671,326.82212922138,1.2449371703298373,0,0.0001225589,0.0,716000.0,96000.0,1.3214275924453824,0.0011353941293375846,True,vec,16,"{""1"": 12, ""2"": 6, ""3"": 0, ""4"": 0, ""5"": 10, ""6"": 14, ""7"": 4, ""8"": 10, ""9"": 7, ""10"": 3, ""11"": 5}"
89,89,True,,mpeg4\random\mappings\sample_089_seed_89.csv,4.866060314769857,325.93679209457,1.1266984236485285,0,0.0001224916,0.0,480000.0,64000.0,1.4310737096022588,0.001133381047965117,True,vec,16,"{""1"": 2, ""2"": 8, ""3"": 2, ""4"": 4, ""5"": 13, ""6"": 10, ""7"": 6, ""8"": 4, ""9"": 9, ""10"": 10, ""11"": 11}"
90,90,True,,mpeg4\random\mappings\sample_090_seed_90.csv,5.025233366811247,326.85994718956,1.1881842050370388,0,0.0001217949,0.0,476000.0,64000.0,1.5056330692689346,0.0011300476725937942,True,vec,16,"{""1"": 6, ""2"": 2, ""3"": 11, ""4"": 14, ""5"": 9, ""6"": 8, ""7"": 15, ""8"": 15, ""9"": 8, ""10"": 11, ""11"": 9}"
91,91,True,,mpeg4\random\mappings\sample_091_seed_91.csv,5.887874541361028,325.83022309734,1.1136813588574748,0,0.0001409668,0.0,504000.0,72000.0,3.504701077273101,0.0012322474545146524,True,vec,16,"{""1"": 2, ""2"": 5, ""3"": 14, ""4"": 14, ""5"": 14, ""6"": 14, ""7"": 8, ""8"": 5, ""9"": 7, ""10"": 6, ""11"": 12}"
92,92,True,,mpeg4\random\mappings\sample_092_seed_92.csv,5.2108382982918835,327.47124860343,1.1962242803175371,1,0.0001207983,0.023308125,436000.0,48000.0,1.1152928921904552,0.0011243540122217069,True,vec,16,"{""1"": 13, ""2"": 8, ""3"": 5, ""4"": 2, ""5"": 10, ""6"": 1, ""7"": 1, ""8"": 3, ""9"": 0, ""10"": 5, ""11"": 15}"
93,93,True,,mpeg4\random\mappings\sample_093_seed_93.csv,5.899950239456036,327.595116901,1.2792202706265001,1,0.0001219401,0.04016496212121188,668000.0,72000.0,1.374057728680683,0.001132879558857463,True,vec,16,"{""1"": 15, ""2"": 11, ""3"": 11, ""4"": 4, ""5"": 5, ""6"": 12, ""7"": 3, ""8"": 3, ""9"": 5, ""10"": 1, ""11"": 2}"
94,94,True,,mpeg4\random\mappings\sample_094_seed_94.csv,4.9758875598924845,325.96154779473,1.234427356692999,0,0.0001223137,0.0,548000.0,72000.0,1.1416079603081055,0.001132942342905486,True,vec,16,"{""1"": 5, ""2"": 3, ""3"": 13, ""4"": 0, ""5"": 15, ""6"": 11, ""7"": 9, ""8"": 8, ""9"": 13, ""10"": 8, ""11"": 9}"
95,95,True,,mpeg4\random\mappings\sample_095_seed_95.csv,5.3299300337996,327.18118708474,1.2844105425502268,1,0.0001220177,0.00041555232558139374,476000.0,56000.0,1.3784435733669582,0.0011315860277475946,True,vec,16,"{""1"": 4, ""2"": 15, ""3"": 0, ""4"": 2, ""5"": 8, ""6"": 6, ""7"": 1, ""8"": 0, ""9"": 6, ""10"": 3, ""11"": 4}"
96,96,True,,mpeg4\random\mappings\sample_096_seed_96.csv,5.098999977112035,326.03375493113,1.2199499200016148,0,0.0001213537,0.0,532000.0,88000.0,1.2161673199747813,0.0011277487896842124,True,vec,16,"{""1"": 11, ""2"": 10, ""3"": 3, ""4"": 10, ""5"": 1, ""6"": 0, ""7"": 5, ""8"": 12, ""9"": 13, ""10"": 10, ""11"": 6}"
97,97,True,,mpeg4\random\mappings\sample_097_seed_97.csv,5.651676946123421,327.27684694901,1.2692092987937973,1,0.0001225148,0.006930568181818125,544000.0,60000.0,1.9003590910336887,0.0011347867971927006,True,vec,16,"{""1"": 6, ""2"": 13, ""3"": 0, ""4"": 1, ""5"": 0, ""6"": 8, ""7"": 11, ""8"": 11, ""9"": 0, ""10"": 2, ""11"": 1}"
98,98,True,,mpeg4\random\mappings\sample_098_seed_98.csv,4.9325705297981335,325.92749203981,1.1178976644159622,0,0.0001218589,0.0,588000.0,60000.0,1.461774622406184,0.001130243450911866,True,vec,16,"{""1"": 11, ""2"": 1, ""3"": 1, ""4"": 15, ""5"": 9, ""6"": 2, ""7"": 15, ""8"": 11, ""9"": 6, ""10"": 12, ""11"": 13}"
99,99,True,,mpeg4\random\mappings\sample_099_seed_99.csv,5.415718155017878,326.7930275852,1.2317149272032626,0,0.0001209919,0.0,644000.0,80000.0,1.751240371700337,0.0011257203397663559,True,vec,16,"{""1"": 12, ""2"": 12, ""3"": 7, ""4"": 7, ""5"": 4, ""6"": 2, ""7"": 8, ""8"": 6, ""9"": 12, ""10"": 2, ""11"": 5}"
100,100,True,,mpeg4\random\mappings\sample_100_seed_100.csv,5.216123054455276,327.10212573028,1.3135013875776234,0,0.0001212425,0.0,492000.0,72000.0,1.4959842109591295,0.0011274257402452852,True,vec,16,"{""1"": 4, ""2"": 14, ""3"": 12, ""4"": 11, ""5"": 13, ""6"": 3, ""7"": 3, ""8"": 14, ""9"": 2, ""10"": 14, ""11"": 5}"
101,101,True,,mpeg4\random\mappings\sample_101_seed_101.csv,4.944254438090587,325.76537308427,1.1762688767154457,0,0.0001224098,0.0,420000.0,72000.0,1.5801924289356104,0.0011332394332129756,True,vec,16,"{""1"": 6, ""2"": 11, ""3"": 6, ""4"": 7, ""5"": 9, ""6"": 15, ""7"": 6, ""8"": 14, ""9"": 10, ""10"": 14, ""11"": 1}"
102,102,True,,mpeg4\random\mappings\sample_102_seed_102.csv,5.083255376096016,326.6161144645,1.1768632790756834,0,0.0001218256,0.0,524000.0,72000.0,1.457388777719909,0.0011298267672361988,True,vec,16,"{""1"": 4, ""2"": 11, ""3"": 12, ""4"": 9, ""5"": 13, ""6"": 1, ""7"": 5, ""8"": 5, ""9"": 12, ""10"": 14, ""11"": 5}"
103,103,True,,mpeg4\random\mappings\sample_103_seed_103.csv,6.233174129094547,327.81288941638,1.3033002567945664,2,0.0001221148,0.038677857142857125,620000.0,80000.0,1.3170417477591074,0.0011338340308672966,True,vec,16,"{""1"": 14, ""2"": 6, ""3"": 12, ""4"": 14, ""5"": 10, ""6"": 3, ""7"": 15, ""8"": 2, ""9"": 2, ""10"": 4, ""11"": 3}"
104,104,True,,mpeg4\random\mappings\sample_104_seed_104.csv,5.336732972879762,325.82940371334,1.244451936770486,0,0.0001216167,0.0,508000.0,96000.0,1.7731695951317124,0.001129349577080795,True,vec,16,"{""1"": 0, ""2"": 6, ""3"": 10, ""4"": 0, ""5"": 4, ""6"": 0, ""7"": 5, ""8"": 7, ""9"": 3, ""10"": 4, ""11"": 12}"
105,105,True,,mpeg4\random\mappings\sample_105_seed_105.csv,5.492836860280824,326.07140286472,1.1012902346250675,0,0.0001219048,0.0,628000.0,120000.0,1.5801924289356104,0.0011307393961390974,True,vec,16,"{""1"": 11, ""2"": 3, ""3"": 10, ""4"": 9, ""5"": 5, ""6"": 11, ""7"": 5, ""8"": 0, ""9"": 4, ""10"": 3, ""11"": 9}"
106,106,True,,mpeg4\random\mappings\sample_106_seed_106.csv,5.457075107727484,327.13266649095,1.2876971074975927,0,0.0001220356,0.0,540000.0,96000.0,1.5275622927003099,0.0011319693667326857,True,vec,16,"{""1"": 15, ""2"": 0, ""3"": 8, ""4"": 2, ""5"": 6, ""6"": 15, ""7"": 11, ""8"": 15, ""9"": 13, ""10"": 14, ""11"": 1}"
107,107,True,,mpeg4\random\mappings\sample_107_seed_107.csv,5.040206967239376,326.37192616541,1.2471479982257534,0,0.0001224096,0.0,500000.0,72000.0,1.2994983690140074,0.0011333498459543082,True,vec,16,"{""1"": 7, ""2"": 13, ""3"": 4, ""4"": 13, ""5"": 3, ""6"": 8, ""7"": 9, ""8"": 15, ""9"": 1, ""10"": 8, ""11"": 9}"
108,108,True,,mpeg4\random\mappings\sample_108_seed_108.csv,5.587752049504554,327.18379839855,1.1205203164028534,1,0.0001334027,0.00043953488372093123,492000.0,64000.0,1.8477289547983882,0.0011930684633733072,True,vec,16,"{""1"": 4, ""2"": 2, ""3"": 12, ""4"": 6, ""5"": 2, ""6"": 9, ""7"": 6, ""8"": 12, ""9"": 5, ""10"": 6, ""11"": 8}"
109,109,True,,mpeg4\random\mappings\sample_109_seed_109.csv,5.165922951140988,326.28603548108,1.2086200865501753,0,0.0001223768,0.0,616000.0,72000.0,1.453002933033634,0.0011336721598787403,True,vec,16,"{""1"": 8, ""2"": 7, ""3"": 1, ""4"": 3, ""5"": 7, ""6"": 15, ""7"": 9, ""8"": 14, ""9"": 2, ""10"": 7, ""11"": 14}"
110,110,True,,mpeg4\random\mappings\sample_110_seed_110.csv,5.077988070075479,327.1489810895,1.2014729020731842,0,0.0001226568,0.0,576000.0,72000.0,1.0582769112688797,0.0011354222928435895,True,vec,16,"{""1"": 12, ""2"": 7, ""3"": 8, ""4"": 2, ""5"": 13, ""6"": 10, ""7"": 1, ""8"": 13, ""9"": 3, ""10"": 2, ""11"": 15}"
111,111,True,,mpeg4\random\mappings\sample_111_seed_111.csv,5.479207738116856,327.27951939199,1.1911906004887387,1,0.0001223598,0.01760325,380000.0,60000.0,1.8608864888572134,0.0011332612332341395,True,vec,16,"{""1"": 6, ""2"": 10, ""3"": 12, ""4"": 13, ""5"": 5, ""6"": 6, ""7"": 13, ""8"": 15, ""9"": 7, ""10"": 5, ""11"": 6}"
112,112,True,,mpeg4\random\mappings\sample_112_seed_112.csv,5.214650509029346,326.87497949175,1.20412392916277,0,0.000122838,0.0,516000.0,96000.0,1.1372221156218305,0.0011359613230847987,True,vec,16,"{""1"": 15, ""2"": 9, ""3"": 5, ""4"": 11, ""5"": 7, ""6"": 14, ""7"": 0, ""8"": 14, ""9"": 12, ""10"": 7, ""11"": 13}"
113,113,True,,mpeg4\random\mappings\sample_113_seed_113.csv,5.213658896474114,326.16881784192,1.310325658997503,0,0.0001218587,0.0,576000.0,72000.0,1.5275622927003099,0.0011310077443730474,True,vec,16,"{""1"": 0, ""2"": 8, ""3"": 11, ""4"": 7, ""5"": 13, ""6"": 0, ""7"": 2, ""8"": 0, ""9"": 9, ""10"": 4, ""11"": 15}"
114,114,True,,mpeg4\random\mappings\sample_114_seed_114.csv,5.457189365418317,327.40029148967,1.252697149011048,1,0.0001223238,0.0196609375,404000.0,80000.0,1.080206134700255,0.001133633023265697,True,vec,16,"{""1"": 7, ""2"": 3, ""3"": 1, ""4"": 4, ""5"": 9, ""6"": 2, ""7"": 11, ""8"": 10, ""9"": 10, ""10"": 3, ""11"": 7}"
115,115,True,,mpeg4\random\mappings\sample_115_seed_115.csv,5.920951488927283,326.35977578935,1.0983115307463585,0,0.0001212117,0.0,516000.0,156000.0,2.2292974425043175,0.00112634202682293,True,vec,16,"{""1"": 9, ""2"": 6, ""3"": 10, ""4"": 9, ""5"": 9, ""6"": 10, ""7"": 15, ""8"": 3, ""9"": 1, ""10"": 4, ""11"": 3}"
116,116,True,,mpeg4\random\mappings\sample_116_seed_116.csv,6.15547592226739,327.28287343597,1.2583462488254342,1,0.0001328757,0.009853125,712000.0,120000.0,1.1372221156218305,0.0011919666341820424,True,vec,16,"{""1"": 9, ""2"": 0, ""3"": 15, ""4"": 15, ""5"": 7, ""6"": 8, ""7"": 13, ""8"": 3, ""9"": 13, ""10"": 2, ""11"": 4}"
117,117,True,,mpeg4\random\mappings\sample_117_seed_117.csv,5.108894341261246,325.97011004441,1.2459363585811036,0,0.0001223308,0.0,484000.0,80000.0,1.4828266769003042,0.0011330595756847304,True,vec,16,"{""1"": 7, ""2"": 5, ""3"": 12, ""4"": 5, ""5"": 13, ""6"": 3, ""7"": 10, ""8"": 5, ""9"": 11, ""10"": 14, ""11"": 6}"
118,118,True,,mpeg4\random\mappings\sample_118_seed_118.csv,4.913037273264023,326.20460347569,1.0870415463785759,0,0.0001207029,0.0,404000.0,48000.0,2.1985965297003918,0.001123546064955383,True,vec,16,"{""1"": 5, ""2"": 9, ""3"": 9, ""4"": 0, ""5"": 9, ""6"": 10, ""7"": 0, ""8"": 3, ""9"": 15, ""10"": 10, ""11"": 11}"
119,119,True,,mpeg4\random\mappings\sample_119_seed_119.csv,4.733361151210839,325.89732078636,1.0354866503425935,0,0.0001324007,0.0,400000.0,52000.0,1.4091444861708835,0.0011868302974328187,True,vec,16,"{""1"": 9, ""2"": 5, ""3"": 2, ""4"": 13, ""5"": 7, ""6"": 5, ""7"": 8, ""8"": 13, ""9"": 8, ""10"": 6, ""11"": 3}"
120,120,True,,mpeg4\random\mappings\sample_120_seed_120.csv,4.9731697708856215,325.75824442151,1.139528041106112,0,0.0001214517,0.0,432000.0,84000.0,1.474932156465009,0.0011277653163383054,True,vec,16,"{""1"": 7, ""2"": 6, ""3"": 10, ""4"": 6, ""5"": 7, ""6"": 8, ""7"": 10, ""8"": 14, ""9"": 11, ""10"": 5, ""11"": 2}"
121,121,True,,mpeg4\random\mappings\sample_121_seed_121.csv,5.14489891976392,326.01148994425,1.0162996195575391,0,0.0001321047,0.0,388000.0,84000.0,1.9047449357199637,0.0011850270593321591,True,vec,16,"{""1"": 2, ""2"": 6, ""3"": 5, ""4"": 10, ""5"": 9, ""6"": 5, ""7"": 13, ""8"": 12, ""9"": 1, ""10"": 13, ""11"": 5}"
122,122,True,,mpeg4\random\mappings\sample_122_seed_122.csv,4.673138853132683,325.66404889821,1.101148533319743,0,0.0001223769,0.0,516000.0,52000.0,1.1986239412296813,0.0011331062556413983,True,vec,16,"{""1"": 6, ""2"": 9, ""3"": 7, ""4"": 14, ""5"": 5, ""6"": 3, ""7"": 9, ""8"": 2, ""9"": 14, ""10"": 7, ""11"": 11}"
123,123,True,,mpeg4\random\mappings\sample_123_seed_123.csv,5.270912814961523,325.76383159319,1.1424784373157686,0,0.0001323178,0.0,632000.0,72000.0,1.6635234779748362,0.0011878700945176257,True,vec,16,"{""1"": 1, ""2"": 8, ""3"": 8, ""4"": 3, ""5"": 1, ""6"": 12, ""7"": 10, ""8"": 2, ""9"": 10, ""10"": 1, ""11"": 13}"
124,124,True,,mpeg4\random\mappings\sample_124_seed_124.csv,6.755470377724456,327.83410814475,1.2621930309687996,2,0.0001224668,0.13860814236111252,576000.0,84000.0,1.3170417477591074,0.0011353616810025364,True,vec,16,"{""1"": 8, ""2"": 0, ""3"": 13, ""4"": 8, ""5"": 11, ""6"": 1, ""7"": 10, ""8"": 5, ""9"": 5, ""10"": 12, ""11"": 1}"
125,125,True,,mpeg4\random\mappings\sample_125_seed_125.csv,4.7754160028084165,325.66400782211,1.133541324743191,0,0.0001212427,0.0,476000.0,64000.0,1.2951125243277322,0.0011266050078703196,True,vec,16,"{""1"": 7, ""2"": 7, ""3"": 11, ""4"": 4, ""5"": 9, ""6"": 0, ""7"": 2, ""8"": 9, ""9"": 4, ""10"": 15, ""11"": 5}"
126,126,True,,mpeg4\random\mappings\sample_126_seed_126.csv,5.123512260229931,326.15548570734,1.2003527826835865,0,0.0001218956,0.0,480000.0,60000.0,2.0450919656807653,0.001130610127143201,True,vec,16,"{""1"": 1, ""2"": 14, ""3"": 15, ""4"": 15, ""5"": 7, ""6"": 5, ""7"": 4, ""8"": 7, ""9"": 15, ""10"": 2, ""11"": 5}"
127,127,True,,mpeg4\random\mappings\sample_127_seed_127.csv,5.113017774384324,326.40101133199,1.180548900856073,0,0.0001329158,0.0,560000.0,80000.0,0.9354732600531783,0.0011906214020483883,True,vec,16,"{""1"": 1, ""2"": 3, ""3"": 8, ""4"": 6, ""5"": 13, ""6"": 7, ""7"": 9, ""8"": 0, ""9"": 9, ""10"": 12, ""11"": 0}"
128,128,True,,mpeg4\random\mappings\sample_128_seed_128.csv,4.763446475466201,326.17338854267,1.1508696459314531,0,0.0001226547,0.0,580000.0,60000.0,0.8302129875825772,0.0011348540264570516,True,vec,16,"{""1"": 7, ""2"": 12, ""3"": 15, ""4"": 0, ""5"": 4, ""6"": 10, ""7"": 8, ""8"": 11, ""9"": 9, ""10"": 2, ""11"": 4}"
129,129,True,,mpeg4\random\mappings\sample_129_seed_129.csv,4.846807444035415,325.8353556624,1.195621390838041,0,0.0001211884,0.0,504000.0,48000.0,1.5977358076807104,0.001126422149567002,True,vec,16,"{""1"": 8, ""2"": 1, ""3"": 10, ""4"": 7, ""5"": 3, ""6"": 4, ""7"": 4, ""8"": 12, ""9"": 8, ""10"": 7, ""11"": 7}"
130,130,True,,mpeg4\random\mappings\sample_130_seed_130.csv,4.951157328696301,327.00849686857,1.1934435979470872,0,0.0001217957,0.0,392000.0,72000.0,1.2863408349551821,0.001129715430671423,True,vec,16,"{""1"": 13, ""2"": 8, ""3"": 0, ""4"": 11, ""5"": 7, ""6"": 10, ""7"": 7, ""8"": 14, ""9"": 10, ""10"": 3, ""11"": 14}"
131,131,True,,mpeg4\random\mappings\sample_131_seed_131.csv,4.85856514596397,326.16178276645,1.2200120732582747,0,0.0001215477,0.0,504000.0,56000.0,1.2863408349551821,0.0011289265489639385,True,vec,16,"{""1"": 10, ""2"": 11, ""3"": 9, ""4"": 0, ""5"": 12, ""6"": 3, ""7"": 11, ""8"": 2, ""9"": 3, ""10"": 5, ""11"": 12}"
132,132,True,,mpeg4\random\mappings\sample_132_seed_132.csv,4.697967560509627,325.75493314305,1.2158756863077973,0,0.0001216468,0.0,464000.0,56000.0,1.0670486006414297,0.001129188928344426,True,vec,16,"{""1"": 13, ""2"": 4, ""3"": 5, ""4"": 1, ""5"": 9, ""6"": 3, ""7"": 0, ""8"": 13, ""9"": 7, ""10"": 14, ""11"": 1}"
133,133,True,,mpeg4\random\mappings\sample_133_seed_133.csv,5.933281713516903,327.89682774218,1.2352305574089344,2,0.0001212636,0.10273001893939375,308000.0,40000.0,1.352128505249308,0.001128107360592878,True,vec,16,"{""1"": 15, ""2"": 11, ""3"": 10, ""4"": 1, ""5"": 2, ""6"": 9, ""7"": 8, ""8"": 15, ""9"": 9, ""10"": 6, ""11"": 10}"
134,134,True,,mpeg4\random\mappings\sample_134_seed_134.csv,6.416241848230109,327.36495979016,1.364187196360949,2,0.000121980904,0.017414999999999996,652000.0,100000.0,1.641594254543461,0.0011329066957212806,True,vec,16,"{""1"": 15, ""2"": 6, ""3"": 15, ""4"": 3, ""5"": 12, ""6"": 7, ""7"": 15, ""8"": 4, ""9"": 7, ""10"": 14, ""11"": 0}"
135,135,True,,mpeg4\random\mappings\sample_135_seed_135.csv,5.093228015366589,326.02952996439,1.2325031176584493,0,0.0001224876,0.0,604000.0,80000.0,1.1196787368767303,0.0011344805204521239,True,vec,16,"{""1"": 11, ""2"": 8, ""3"": 3, ""4"": 14, ""5"": 9, ""6"": 0, ""7"": 4, ""8"": 15, ""9"": 11, ""10"": 8, ""11"": 9}"
136,136,True,,mpeg4\random\mappings\sample_136_seed_136.csv,4.949108567782501,326.11253746337,1.1004819928191,0,0.0001220429,0.0,380000.0,64000.0,1.9573750719552643,0.0011302768758002775,True,vec,16,"{""1"": 13, ""2"": 1, ""3"": 6, ""4"": 13, ""5"": 4, ""6"": 5, ""7"": 15, ""8"": 13, ""9"": 1, ""10"": 5, ""11"": 15}"
137,137,True,,mpeg4\random\mappings\sample_137_seed_137.csv,4.774530030109118,325.82202251516,1.2000644783185859,0,0.00012199,0.0,548000.0,72000.0,0.6986376469943258,0.0011312497750892475,True,vec,16,"{""1"": 2, ""2"": 5, ""3"": 6, ""4"": 7, ""5"": 15, ""6"": 11, ""7"": 0, ""8"": 13, ""9"": 12, ""10"": 10, ""11"": 10}"
138,138,True,,mpeg4\random\mappings\sample_138_seed_138.csv,4.978343918211037,326.73804418338,1.1021495722393175,0,0.0001221996,0.0,424000.0,84000.0,1.2731833008963571,0.001131439448711436,True,vec,16,"{""1"": 6, ""2"": 12, ""3"": 6, ""4"": 8, ""5"": 7, ""6"": 5, ""7"": 4, ""8"": 14, ""9"": 14, ""10"": 5, ""11"": 9}"
139,139,True,,mpeg4\random\mappings\sample_139_seed_139.csv,5.203787170252404,326.05496129303,1.1921707443025615,0,0.0001215549,0.0,484000.0,96000.0,1.5100189139552096,0.0011285751065423216,True,vec,16,"{""1"": 0, ""2"": 9, ""3"": 8, ""4"": 11, ""5"": 4, ""6"": 8, ""7"": 7, ""8"": 0, ""9"": 9, ""10"": 15, ""11"": 10}"
140,140,True,,mpeg4\random\mappings\sample_140_seed_140.csv,6.365261456017719,327.37042389278,1.3055929754228657,1,0.0001325929,0.010581367924528125,644000.0,132000.0,1.5144047586414846,0.00119010443593386,True,vec,16,"{""1"": 3, ""2"": 0, ""3"": 1, ""4"": 7, ""5"": 0, ""6"": 6, ""7"": 12, ""8"": 8, ""9"": 12, ""10"": 9, ""11"": 0}"
141,141,True,,mpeg4\random\mappings\sample_141_seed_141.csv,5.8996942076766405,327.21668004626,1.2765088996471199,1,0.0001220737,0.0030677083333333125,680000.0,84000.0,1.7731695951317124,0.0011327254808609919,True,vec,16,"{""1"": 0, ""2"": 15, ""3"": 0, ""4"": 8, ""5"": 0, ""6"": 10, ""7"": 13, ""8"": 5, ""9"": 7, ""10"": 8, ""11"": 14}"
142,142,True,,mpeg4\random\mappings\sample_142_seed_142.csv,5.015281929468065,326.04723887731,1.19381589880365,0,0.0001224447,0.0,500000.0,68000.0,1.5319481373865849,0.0011332308802489066,True,vec,16,"{""1"": 15, ""2"": 5, ""3"": 11, ""4"": 11, ""5"": 8, ""6"": 1, ""7"": 3, ""8"": 15, ""9"": 9, ""10"": 5, ""11"": 9}"
143,143,True,,mpeg4\random\mappings\sample_143_seed_143.csv,5.418086713061141,327.34642723097,1.1912576371208845,1,0.0001273268,0.019566319444444376,520000.0,48000.0,1.356514349935583,0.0011603907166105193,True,vec,16,"{""1"": 5, ""2"": 1, ""3"": 4, ""4"": 7, ""5"": 2, ""6"": 13, ""7"": 15, ""8"": 0, ""9"": 4, ""10"": 4, ""11"": 7}"
144,144,True,,mpeg4\random\mappings\sample_144_seed_144.csv,5.623875824236721,327.19617815137,1.2109404328455446,1,0.000122255496,0.0019983333333333125,504000.0,96000.0,1.356514349935583,0.0011328863516413686,True,vec,16,"{""1"": 14, ""2"": 1, ""3"": 5, ""4"": 12, ""5"": 2, ""6"": 13, ""7"": 15, ""8"": 14, ""9"": 7, ""10"": 14, ""11"": 2}"
145,145,True,,mpeg4\random\mappings\sample_145_seed_145.csv,5.4444674160666615,326.43104930736,1.2490247182093297,0,0.000122622,0.0,732000.0,104000.0,1.0670486006414297,0.0011355173542359097,True,vec,16,"{""1"": 13, ""2"": 0, ""3"": 10, ""4"": 15, ""5"": 8, ""6"": 3, ""7"": 8, ""8"": 14, ""9"": 5, ""10"": 1, ""11"": 0}"
146,146,True,,mpeg4\random\mappings\sample_146_seed_146.csv,4.752515800903086,325.09636265154,1.097637593932115,0,0.0001214719,0.0,492000.0,80000.0,1.0670486006414297,0.0011276757578524133,True,vec,16,"{""1"": 4, ""2"": 4, ""3"": 5, ""4"": 9, ""5"": 2, ""6"": 11, ""7"": 1, ""8"": 10, ""9"": 6, ""10"": 13, ""11"": 2}"
147,147,True,,mpeg4\random\mappings\sample_147_seed_147.csv,5.148463178302567,326.11094273679,1.2292466399231905,0,0.0001219229,0.0,524000.0,56000.0,2.0363202763082153,0.0011310302715843803,True,vec,16,"{""1"": 4, ""2"": 12, ""3"": 5, ""4"": 9, ""5"": 13, ""6"": 14, ""7"": 3, ""8"": 14, ""9"": 14, ""10"": 11, ""11"": 14}"
148,148,True,,mpeg4\random\mappings\sample_148_seed_148.csv,4.695814336550173,325.90039626287,1.2038771671460184,0,0.0001218428,0.0,552000.0,48000.0,0.9793317069159289,0.0011303504956966801,True,vec,16,"{""1"": 12, ""2"": 1, ""3"": 9, ""4"": 8, ""5"": 3, ""6"": 6, ""7"": 15, ""8"": 12, ""9"": 2, ""10"": 8, ""11"": 11}"
149,149,True,,mpeg4\random\mappings\sample_149_seed_149.csv,5.799810037744465,327.1409059344,1.351289569705742,0,0.0001216967,0.0,564000.0,140000.0,1.3126559030728324,0.0011302262350900757,True,vec,16,"{""1"": 2, ""2"": 3, ""3"": 4, ""4"": 4, ""5"": 1, ""6"": 0, ""7"": 5, ""8"": 8, ""9"": 1, ""10"": 12, ""11"": 12}"
150,150,True,,mpeg4\random\mappings\sample_150_seed_150.csv,4.4996875033996,325.97142058336,1.100049994214973,0,0.0001223847,0.0,420000.0,56000.0,0.7863545407198268,0.0011326413049501276,True,vec,16,"{""1"": 10, ""2"": 12, ""3"": 9, ""4"": 15, ""5"": 4, ""6"": 5, ""7"": 13, ""8"": 6, ""9"": 2, ""10"": 9, ""11"": 7}"
151,151,True,,mpeg4\random\mappings\sample_151_seed_151.csv,5.2165354859018755,326.81978517829,1.2944130832429641,0,0.0001223859,0.0,492000.0,84000.0,1.3126559030728324,0.0011340953443279061,True,vec,16,"{""1"": 13, ""2"": 6, ""3"": 11, ""4"": 3, ""5"": 14, ""6"": 15, ""7"": 2, ""8"": 11, ""9"": 14, ""10"": 3, ""11"": 9}"
152,152,True,,mpeg4\random\mappings\sample_152_seed_152.csv,5.025191973286754,326.78822735763,1.4137394186289745,0,0.0001214068,0.0,440000.0,48000.0,1.5056330692689346,0.0011288502963661782,True,vec,16,"{""1"": 12, ""2"": 4, ""3"": 2, ""4"": 0, ""5"": 3, ""6"": 3, ""7"": 0, ""8"": 12, ""9"": 11, ""10"": 15, ""11"": 6}"
153,153,True,,mpeg4\random\mappings\sample_153_seed_153.csv,5.187532526264674,326.06982136762,1.2240112954482731,0,0.0001218347,0.0,544000.0,84000.0,1.4880896905238343,0.0011308006673430649,True,vec,16,"{""1"": 15, ""2"": 2, ""3"": 13, ""4"": 10, ""5"": 13, ""6"": 7, ""7"": 10, ""8"": 1, ""9"": 6, ""10"": 7, ""11"": 8}"
154,154,True,,mpeg4\random\mappings\sample_154_seed_154.csv,5.10349358594085,327.01823982312,1.2216272593964155,0,0.0001213196,0.0,444000.0,76000.0,1.4398453989748088,0.0011270634598429287,True,vec,16,"{""1"": 6, ""2"": 12, ""3"": 14, ""4"": 0, ""5"": 14, ""6"": 8, ""7"": 12, ""8"": 15, ""9"": 13, ""10"": 1, ""11"": 6}"
155,155,True,,mpeg4\random\mappings\sample_155_seed_155.csv,4.739787746856082,325.67308534112,1.117575283059972,0,0.0001322037,0.0,392000.0,68000.0,0.9828403826649489,0.0011860948360682619,True,vec,16,"{""1"": 9, ""2"": 13, ""3"": 6, ""4"": 1, ""5"": 0, ""6"": 2, ""7"": 5, ""8"": 13, ""9"": 5, ""10"": 7, ""11"": 8}"
156,156,True,,mpeg4\random\mappings\sample_156_seed_156.csv,5.105717459361016,326.02638323044,1.193357976842911,0,0.0001225299,0.0,500000.0,84000.0,1.4310737096022588,0.0011342799832750143,True,vec,16,"{""1"": 15, ""2"": 13, ""3"": 4, ""4"": 7, ""5"": 5, ""6"": 4, ""7"": 14, ""8"": 7, ""9"": 12, ""10"": 10, ""11"": 11}"
157,157,True,,mpeg4\random\mappings\sample_157_seed_157.csv,5.36549966758012,326.34988723933,1.1923002149151485,0,0.0001217717,0.0,636000.0,88000.0,1.641594254543461,0.0011302291118902852,True,vec,16,"{""1"": 15, ""2"": 7, ""3"": 0, ""4"": 11, ""5"": 11, ""6"": 7, ""7"": 10, ""8"": 5, ""9"": 4, ""10"": 2, ""11"": 0}"
158,158,True,,mpeg4\random\mappings\sample_158_seed_158.csv,4.8739158089038215,326.18568008949,1.198140160928458,0,0.0001214036,0.0,532000.0,64000.0,1.1196787368767303,0.0011278728353706288,True,vec,16,"{""1"": 7, ""2"": 3, ""3"": 10, ""4"": 14, ""5"": 1, ""6"": 2, ""7"": 3, ""8"": 1, ""9"": 0, ""10"": 9, ""11"": 13}"
159,159,True,,mpeg4\random\mappings\sample_159_seed_159.csv,5.597089092084748,326.91859213798,1.1998666106321216,0,0.0001218398,0.0,704000.0,120000.0,1.2030097859159563,0.001130860621320453,True,vec,16,"{""1"": 12, ""2"": 5, ""3"": 6, ""4"": 6, ""5"": 0, ""6"": 15, ""7"": 12, ""8"": 14, ""9"": 1, ""10"": 8, ""11"": 7}"
160,160,True,,mpeg4\random\mappings\sample_160_seed_160.csv,5.452308655270161,327.28838989127,1.2548023304402425,1,0.0001214997,0.014119107142856874,612000.0,72000.0,0.8302129875825772,0.0011292902751248008,True,vec,16,"{""1"": 3, ""2"": 10, ""3"": 11, ""4"": 15, ""5"": 6, ""6"": 13, ""7"": 15, ""8"": 12, ""9"": 0, ""10"": 8, ""11"": 5}"
161,161,True,,mpeg4\random\mappings\sample_161_seed_161.csv,5.772960995753069,326.79167194391,1.2113520660231514,0,0.0001216919,0.0,596000.0,80000.0,2.9134892135632247,0.0011301593550018434,True,vec,16,"{""1"": 6, ""2"": 5, ""3"": 1, ""4"": 15, ""5"": 15, ""6"": 1, ""7"": 14, ""8"": 7, ""9"": 1, ""10"": 15, ""11"": 15}"
162,162,True,,mpeg4\random\mappings\sample_162_seed_162.csv,4.958718003874348,326.23046878808,1.1712382676084623,0,0.000121926,0.0,568000.0,64000.0,1.2898495107042023,0.0011308389859359931,True,vec,16,"{""1"": 1, ""2"": 6, ""3"": 15, ""4"": 9, ""5"": 14, ""6"": 14, ""7"": 0, ""8"": 6, ""9"": 5, ""10"": 3, ""11"": 13}"
163,163,True,,mpeg4\random\mappings\sample_163_seed_163.csv,5.182140440710163,326.03531250689,1.118181143603895,0,0.0001328409,0.0,496000.0,72000.0,1.733696992955237,0.0011896954862743528,True,vec,16,"{""1"": 14, ""2"": 5, ""3"": 6, ""4"": 11, ""5"": 6, ""6"": 11, ""7"": 4, ""8"": 15, ""9"": 4, ""10"": 5, ""11"": 9}"
164,164,True,,mpeg4\random\mappings\sample_164_seed_164.csv,5.694497802932984,326.86878999251,1.35349239936639,0,0.0001221769,0.0,756000.0,120000.0,1.0056467750335791,0.0011338358626100545,True,vec,16,"{""1"": 3, ""2"": 9, ""3"": 15, ""4"": 12, ""5"": 3, ""6"": 2, ""7"": 13, ""8"": 8, ""9"": 12, ""10"": 0, ""11"": 14}"
165,165,True,,mpeg4\random\mappings\sample_165_seed_165.csv,5.1672901316842115,326.1803708777,1.2038502729445033,0,0.0001216757,0.0,584000.0,84000.0,1.3389709711904827,0.0011299401335745942,True,vec,16,"{""1"": 0, ""2"": 1, ""3"": 15, ""4"": 7, ""5"": 5, ""6"": 13, ""7"": 10, ""8"": 13, ""9"": 15, ""10"": 1, ""11"": 2}"
166,166,True,,mpeg4\random\mappings\sample_166_seed_166.csv,4.868510067939639,325.72035331202,1.1516039560453657,0,0.0001212577,0.0,468000.0,88000.0,0.9828403826649489,0.0011264657265025139,True,vec,16,"{""1"": 5, ""2"": 13, ""3"": 10, ""4"": 1, ""5"": 15, ""6"": 11, ""7"": 9, ""8"": 13, ""9"": 6, ""10"": 5, ""11"": 0}"
167,167,True,,mpeg4\random\mappings\sample_167_seed_167.csv,5.1541868122449594,326.01517518514,1.1513409230793776,0,0.0001216437,0.0,584000.0,72000.0,1.738082837641512,0.001129414932605605,True,vec,16,"{""1"": 7, ""2"": 2, ""3"": 10, ""4"": 2, ""5"": 0, ""6"": 13, ""7"": 15, ""8"": 10, ""9"": 7, ""10"": 1, ""11"": 13}"
168,168,True,,mpeg4\random\mappings\sample_168_seed_168.csv,5.313393145807176,326.00221510898,1.216164920185437,0,0.0001214518,0.0,604000.0,84000.0,1.733696992955237,0.0011286434910754968,True,vec,16,"{""1"": 3, ""2"": 11, ""3"": 7, ""4"": 6, ""5"": 6, ""6"": 15, ""7"": 6, ""8"": 12, ""9"": 12, ""10"": 3, ""11"": 5}"
169,169,True,,mpeg4\random\mappings\sample_169_seed_169.csv,5.209137697087488,326.89959902141,1.1737315883896087,0,0.0001212077,0.0,644000.0,88000.0,1.071434445327705,0.0011273831039439535,True,vec,16,"{""1"": 8, ""2"": 5, ""3"": 8, ""4"": 15, ""5"": 6, ""6"": 2, ""7"": 0, ""8"": 3, ""9"": 4, ""10"": 15, ""11"": 11}"
170,170,True,,mpeg4\random\mappings\sample_170_seed_170.csv,5.320426249536268,325.71768671489,1.178299654219099,0,0.0001216437,0.0,564000.0,108000.0,1.4828266769003042,0.0011287602879016406,True,vec,16,"{""1"": 11, ""2"": 10, ""3"": 7, ""4"": 10, ""5"": 8, ""6"": 3, ""7"": 6, ""8"": 10, ""9"": 0, ""10"": 12, ""11"": 2}"
171,171,True,,mpeg4\random\mappings\sample_171_seed_171.csv,5.536447285937658,325.97950632059,1.0572088936050132,0,0.0001419377,0.0,460000.0,104000.0,1.9486033825827143,0.0012386826703260408,True,vec,16,"{""1"": 12, ""2"": 13, ""3"": 5, ""4"": 12, ""5"": 9, ""6"": 10, ""7"": 5, ""8"": 3, ""9"": 5, ""10"": 5, ""11"": 14}"
172,172,True,,mpeg4\random\mappings\sample_172_seed_172.csv,5.2160644809005765,325.66658857015,1.1436158300036245,0,0.0001209922,0.0,472000.0,88000.0,2.00035634988076,0.0011249169908080152,True,vec,16,"{""1"": 11, ""2"": 6, ""3"": 11, ""4"": 1, ""5"": 12, ""6"": 14, ""7"": 14, ""8"": 6, ""9"": 6, ""10"": 1, ""11"": 9}"
173,173,True,,mpeg4\random\mappings\sample_173_seed_173.csv,6.695552026526523,327.66338841161,1.2604842609897797,2,0.0001326796,0.10922136330409063,524000.0,84000.0,1.453002933033634,0.0011911480664450666,True,vec,16,"{""1"": 10, ""2"": 15, ""3"": 13, ""4"": 0, ""5"": 11, ""6"": 0, ""7"": 4, ""8"": 11, ""9"": 14, ""10"": 4, ""11"": 7}"
174,174,True,,mpeg4\random\mappings\sample_174_seed_174.csv,5.092837968573977,327.14012467487,1.2865551106435575,0,0.0001209876,0.0,544000.0,64000.0,1.2424823880924316,0.0011261599911929104,True,vec,16,"{""1"": 0, ""2"": 14, ""3"": 11, ""4"": 2, ""5"": 7, ""6"": 7, ""7"": 3, ""8"": 0, ""9"": 10, ""10"": 13, ""11"": 15}"
175,175,True,,mpeg4\random\mappings\sample_175_seed_175.csv,5.414799279814372,325.87185645726,1.2527154965674325,0,0.0001217636,0.0,648000.0,96000.0,1.5801924289356104,0.001130487646451976,True,vec,16,"{""1"": 14, ""2"": 7, ""3"": 8, ""4"": 2, ""5"": 15, ""6"": 15, ""7"": 14, ""8"": 1, ""9"": 1, ""10"": 8, ""11"": 6}"
176,176,True,,mpeg4\random\mappings\sample_176_seed_176.csv,6.439949118606683,327.57296231949,1.3432147887807486,1,0.0001324738,0.018066093749999998,652000.0,136000.0,1.356514349935583,0.0011900406091839362,True,vec,16,"{""1"": 0, ""2"": 1, ""3"": 12, ""4"": 10, ""5"": 15, ""6"": 3, ""7"": 0, ""8"": 7, ""9"": 0, ""10"": 9, ""11"": 3}"
177,177,True,,mpeg4\random\mappings\sample_177_seed_177.csv,4.783251406752219,326.79835339791,1.1702439654936976,0,0.0001212556,0.0,508000.0,52000.0,1.080206134700255,0.0011270119207772785,True,vec,16,"{""1"": 6, ""2"": 15, ""3"": 12, ""4"": 1, ""5"": 13, ""6"": 9, ""7"": 8, ""8"": 13, ""9"": 2, ""10"": 3, ""11"": 6}"
178,178,True,,mpeg4\random\mappings\sample_178_seed_178.csv,5.205766368879306,325.98635105657,1.1972481743686914,0,0.0001278857,0.0,520000.0,96000.0,1.2073956306022313,0.0011638100405805631,True,vec,16,"{""1"": 3, ""2"": 14, ""3"": 15, ""4"": 9, ""5"": 5, ""6"": 2, ""7"": 14, ""8"": 7, ""9"": 7, ""10"": 7, ""11"": 10}"
179,179,True,,mpeg4\random\mappings\sample_179_seed_179.csv,6.529588464986766,327.66275861667,1.1767756244472831,2,0.0001334229,0.11824027777777937,556000.0,72000.0,1.181080562484581,0.0011950601475340398,True,vec,16,"{""1"": 6, ""2"": 3, ""3"": 9, ""4"": 14, ""5"": 1, ""6"": 8, ""7"": 7, ""8"": 2, ""9"": 7, ""10"": 9, ""11"": 1}"
180,180,True,,mpeg4\random\mappings\sample_180_seed_180.csv,4.777686439593263,326.99169722322,1.2825527788487099,0,0.0001222387,0.0,388000.0,48000.0,1.1416079603081055,0.0011324172896844406,True,vec,16,"{""1"": 4, ""2"": 2, ""3"": 3, ""4"": 14, ""5"": 7, ""6"": 1, ""7"": 4, ""8"": 0, ""9"": 3, ""10"": 0, ""11"": 8}"
181,181,True,,mpeg4\random\mappings\sample_181_seed_181.csv,5.407666893275657,325.6180516394,1.1032440220794963,0,0.0001323018,0.0,464000.0,112000.0,1.733696992955237,0.0011869253984962047,True,vec,16,"{""1"": 3, ""2"": 1, ""3"": 6, ""4"": 9, ""5"": 10, ""6"": 7, ""7"": 14, ""8"": 10, ""9"": 14, ""10"": 7, ""11"": 10}"
182,182,True,,mpeg4\random\mappings\sample_182_seed_182.csv,5.055556755236105,326.99835381756,1.239398571906401,0,0.0001219739,0.0,476000.0,72000.0,1.2512540774649819,0.0011314300182533898,True,vec,16,"{""1"": 14, ""2"": 11, ""3"": 10, ""4"": 11, ""5"": 9, ""6"": 2, ""7"": 8, ""8"": 7, ""9"": 1, ""10"": 14, ""11"": 7}"
183,183,True,,mpeg4\random\mappings\sample_183_seed_183.csv,5.860254089301618,327.23374583325,1.2577997185626242,1,0.000121609228,0.001993939393939375,360000.0,88000.0,2.5056056577396455,0.0011289090895799138,True,vec,16,"{""1"": 3, ""2"": 2, ""3"": 9, ""4"": 7, ""5"": 2, ""6"": 2, ""7"": 0, ""8"": 0, ""9"": 1, ""10"": 2, ""11"": 11}"
184,184,True,,mpeg4\random\mappings\sample_184_seed_184.csv,5.438748253323999,327.13784270004,1.1659810943738205,0,0.000122086,0.0,656000.0,72000.0,1.9661467613278145,0.0011319154479386437,True,vec,16,"{""1"": 8, ""2"": 0, ""3"": 10, ""4"": 10, ""5"": 6, ""6"": 14, ""7"": 0, ""8"": 7, ""9"": 4, ""10"": 8, ""11"": 10}"
185,185,True,,mpeg4\random\mappings\sample_185_seed_185.csv,5.263171810312693,326.07005729829,1.2539244004891685,0,0.0001216877,0.0,708000.0,80000.0,1.2898495107042023,0.0011298991312533916,True,vec,16,"{""1"": 3, ""2"": 4, ""3"": 15, ""4"": 15, ""5"": 12, ""6"": 5, ""7"": 0, ""8"": 4, ""9"": 7, ""10"": 8, ""11"": 9}"
186,186,True,,mpeg4\random\mappings\sample_186_seed_186.csv,5.009205367799361,325.94182816909,1.2376044873360426,0,0.0001219396,0.0,524000.0,64000.0,1.4924755352101093,0.001131546441543363,True,vec,16,"{""1"": 10, ""2"": 13, ""3"": 15, ""4"": 3, ""5"": 0, ""6"": 6, ""7"": 10, ""8"": 14, ""9"": 3, ""10"": 14, ""11"": 3}"
187,187,True,,mpeg4\random\mappings\sample_187_seed_187.csv,5.2569721264278755,327.1433704273,1.2406260409434187,0,0.0001219068,0.0,580000.0,72000.0,1.4968613798963843,0.0011316744090611472,True,vec,16,"{""1"": 11, ""2"": 15, ""3"": 7, ""4"": 15, ""5"": 14, ""6"": 5, ""7"": 14, ""8"": 4, ""9"": 11, ""10"": 7, ""11"": 0}"
188,188,True,,mpeg4\random\mappings\sample_188_seed_188.csv,5.297029086561458,326.23110947804,1.2229939537257257,0,0.0001220828,0.0,444000.0,64000.0,2.4661330555631698,0.0011311279351698671,True,vec,16,"{""1"": 7, ""2"": 8, ""3"": 2, ""4"": 8, ""5"": 12, ""6"": 8, ""7"": 11, ""8"": 0, ""9"": 9, ""10"": 8, ""11"": 7}"
189,189,True,,mpeg4\random\mappings\sample_189_seed_189.csv,5.111034747021918,325.94103951856,1.3325796677497903,0,0.0001217597,0.0,548000.0,80000.0,1.1547654943669308,0.0011306941479600737,True,vec,16,"{""1"": 15, ""2"": 8, ""3"": 12, ""4"": 0, ""5"": 0, ""6"": 1, ""7"": 4, ""8"": 4, ""9"": 6, ""10"": 9, ""11"": 3}"
190,190,True,,mpeg4\random\mappings\sample_190_seed_190.csv,5.1143375052442765,325.82749731342,1.2245719137239566,0,0.000132443,0.0,628000.0,72000.0,1.0275759984649544,0.001188842544219617,True,vec,16,"{""1"": 2, ""2"": 5, ""3"": 6, ""4"": 7, ""5"": 15, ""6"": 12, ""7"": 2, ""8"": 10, ""9"": 4, ""10"": 2, ""11"": 11}"
191,191,True,,mpeg4\random\mappings\sample_191_seed_191.csv,5.626648030493925,326.19744322097,1.2744511193340589,0,0.0001325176,0.0,644000.0,96000.0,1.6722951673473863,0.0011900249690738204,True,vec,16,"{""1"": 4, ""2"": 12, ""3"": 3, ""4"": 1, ""5"": 12, ""6"": 15, ""7"": 11, ""8"": 15, ""9"": 13, ""10"": 11, ""11"": 1}"
192,192,True,,mpeg4\random\mappings\sample_192_seed_192.csv,4.888873774670224,325.7567554656,1.1272284242873516,0,0.0001208797,0.0,440000.0,72000.0,1.5319481373865849,0.0011247503387317307,True,vec,16,"{""1"": 11, ""2"": 9, ""3"": 9, ""4"": 13, ""5"": 10, ""6"": 13, ""7"": 8, ""8"": 2, ""9"": 7, ""10"": 11, ""11"": 14}"
193,193,True,,mpeg4\random\mappings\sample_193_seed_193.csv,5.217405087939429,326.15901258707,1.1212588284045661,0,0.0001274597,0.0,528000.0,104000.0,1.1679230284257558,0.0011607544093803143,True,vec,16,"{""1"": 14, ""2"": 5, ""3"": 7, ""4"": 0, ""5"": 9, ""6"": 4, ""7"": 14, ""8"": 9, ""9"": 6, ""10"": 6, ""11"": 8}"
194,194,True,,mpeg4\random\mappings\sample_194_seed_194.csv,5.144621718070197,326.13919533935,1.202153566346535,0,0.0001207981,0.0,532000.0,64000.0,1.913516625092514,0.00112449704728207,True,vec,16,"{""1"": 2, ""2"": 4, ""3"": 8, ""4"": 13, ""5"": 14, ""6"": 13, ""7"": 13, ""8"": 11, ""9"": 11, ""10"": 4, ""11"": 12}"
195,195,True,,mpeg4\random\mappings\sample_195_seed_195.csv,5.522348732689792,325.86868691366,1.0908757845441197,0,0.0001324296,0.0,504000.0,108000.0,1.9880759847591898,0.0011878539210580694,True,vec,16,"{""1"": 12, ""2"": 1, ""3"": 12, ""4"": 2, ""5"": 9, ""6"": 6, ""7"": 10, ""8"": 6, ""9"": 10, ""10"": 7, ""11"": 6}"
196,196,True,,mpeg4\random\mappings\sample_196_seed_196.csv,4.933365101594288,325.77918928772,1.1452055114484971,0,0.000122076,0.0,548000.0,88000.0,0.9179298813080782,0.0011314642261983762,True,vec,16,"{""1"": 0, ""2"": 6, ""3"": 2, ""4"": 9, ""5"": 4, ""6"": 8, ""7"": 3, ""8"": 13, ""9"": 4, ""10"": 9, ""11"": 10}"
197,197,True,,mpeg4\random\mappings\sample_197_seed_197.csv,6.071418100636563,327.84239532049,1.391646523313707,2,0.0001213636,0.06578680555555351,452000.0,60000.0,1.1591513390532058,0.0011294745599532403,True,vec,16,"{""1"": 0, ""2"": 4, ""3"": 6, ""4"": 3, ""5"": 1, ""6"": 15, ""7"": 14, ""8"": 5, ""9"": 3, ""10"": 6, ""11"": 0}"
198,198,True,,mpeg4\random\mappings\sample_198_seed_198.csv,5.562642764578805,327.29505053938,1.2015127820317777,1,0.0001219928,0.007525946969696874,648000.0,80000.0,1.0670486006414297,0.0011317797131986903,True,vec,16,"{""1"": 1, ""2"": 15, ""3"": 14, ""4"": 1, ""5"": 9, ""6"": 6, ""7"": 13, ""8"": 3, ""9"": 5, ""10"": 12, ""11"": 15}"
199,199,True,,mpeg4\random\mappings\sample_199_seed_199.csv,6.711077752111097,327.82374009121,1.283333629030556,1,0.0001236919,0.09749598214285625,628000.0,132000.0,1.3828294180532332,0.001142762700181122,True,vec,16,"{""1"": 11, ""2"": 12, ""3"": 0, ""4"": 15, ""5"": 11, ""6"": 8, ""7"": 7, ""8"": 8, ""9"": 10, ""10"": 12, ""11"": 9}"
200,200,True,,mpeg4\random\mappings\sample_200_seed_200.csv,5.732040062015849,327.42374006328,1.2480002785493431,1,0.0001217437,0.012693985849056875,484000.0,80000.0,1.7775554398179874,0.0011300458014228097,True,vec,16,"{""1"": 1, ""2"": 6, ""3"": 8, ""4"": 0, ""5"": 14, ""6"": 5, ""7"": 0, ""8"": 0, ""9"": 14, ""10"": 8, ""11"": 4}"
201,201,True,,mpeg4\random\mappings\sample_201_seed_201.csv,5.886111561705035,327.16913025162,1.235179169959932,1,0.000127574293,0.00021765625,584000.0,112000.0,1.3214275924453824,0.0011623891726647631,True,vec,16,"{""1"": 2, ""2"": 10, ""3"": 9, ""4"": 10, ""5"": 15, ""6"": 8, ""7"": 14, ""8"": 13, ""9"": 15, ""10"": 15, ""11"": 0}"
202,202,True,,mpeg4\random\mappings\sample_202_seed_202.csv,5.589808820600373,326.37231636158,1.1490153352715344,0,0.0001325496,0.0,484000.0,112000.0,1.8608864888572134,0.0011886386594900176,True,vec,16,"{""1"": 12, ""2"": 15, ""3"": 6, ""4"": 12, ""5"": 1, ""6"": 13, ""7"": 14, ""8"": 13, ""9"": 14, ""10"": 1, ""11"": 6}"
203,203,True,,mpeg4\random\mappings\sample_203_seed_203.csv,5.690389205445928,327.09976559542,1.3123764324868965,0,0.0001219549,0.0,624000.0,120000.0,1.3784435733669582,0.001132640169011288,True,vec,16,"{""1"": 2, ""2"": 1, ""3"": 0, ""4"": 8, ""5"": 7, ""6"": 0, ""7"": 7, ""8"": 15, ""9"": 11, ""10"": 3, ""11"": 6}"
204,204,True,,mpeg4\random\mappings\sample_204_seed_204.csv,5.238948697730301,326.17079929549,1.2177190961698487,0,0.0001222338,0.0,748000.0,88000.0,0.9617883281708286,0.001133433932279035,True,vec,16,"{""1"": 12, ""2"": 2, ""3"": 13, ""4"": 15, ""5"": 10, ""6"": 3, ""7"": 5, ""8"": 6, ""9"": 10, ""10"": 13, ""11"": 4}"
205,205,True,,mpeg4\random\mappings\sample_205_seed_205.csv,5.9862183986662245,327.69959013929,1.3121986039852038,1,0.0001217467,0.051316477272727506,524000.0,88000.0,1.374057728680683,0.0011315064402319364,True,vec,16,"{""1"": 13, ""2"": 15, ""3"": 14, ""4"": 7, ""5"": 5, ""6"": 3, ""7"": 6, ""8"": 3, ""9"": 7, ""10"": 4, ""11"": 15}"
206,206,True,,mpeg4\random\mappings\sample_206_seed_206.csv,5.12643999699519,325.79839796412,1.1078932761752875,0,0.0001219867,0.0,504000.0,88000.0,1.6635234779748362,0.0011304453036987629,True,vec,16,"{""1"": 0, ""2"": 2, ""3"": 4, ""4"": 7, ""5"": 7, ""6"": 5, ""7"": 10, ""8"": 9, ""9"": 8, ""10"": 4, ""11"": 7}"
207,207,True,,mpeg4\random\mappings\sample_207_seed_207.csv,4.972528268707701,326.39705678136,1.1722307415689925,0,0.0001221708,0.0,564000.0,80000.0,0.9179298813080782,0.0011324632894340594,True,vec,16,"{""1"": 7, ""2"": 5, ""3"": 4, ""4"": 15, ""5"": 2, ""6"": 1, ""7"": 10, ""8"": 0, ""9"": 11, ""10"": 4, ""11"": 11}"
208,208,True,,mpeg4\random\mappings\sample_208_seed_208.csv,5.290012749905625,325.57252729713,1.1629829507106406,0,0.0001209298,0.0,512000.0,104000.0,1.7293111482689618,0.0011245855505285906,True,vec,16,"{""1"": 8, ""2"": 6, ""3"": 14, ""4"": 8, ""5"": 14, ""6"": 11, ""7"": 13, ""8"": 1, ""9"": 5, ""10"": 4, ""11"": 8}"
209,209,True,,mpeg4\random\mappings\sample_209_seed_209.csv,5.140240736130372,325.42025944745,1.11968750388633,0,0.0001209797,0.0,444000.0,80000.0,2.1678956168964665,0.0011248914721347378,True,vec,16,"{""1"": 0, ""2"": 5, ""3"": 5, ""4"": 2, ""5"": 11, ""6"": 5, ""7"": 7, ""8"": 9, ""9"": 13, ""10"": 10, ""11"": 2}"
210,210,True,,mpeg4\random\mappings\sample_210_seed_210.csv,4.984426413885654,326.47009123516,1.2829143545566333,0,0.0001209757,0.0,524000.0,64000.0,1.1986239412296813,0.0011260460035695601,True,vec,16,"{""1"": 12, ""2"": 0, ""3"": 0, ""4"": 9, ""5"": 7, ""6"": 1, ""7"": 4, ""8"": 12, ""9"": 3, ""10"": 15, ""11"": 5}"
211,211,True,,mpeg4\random\mappings\sample_211_seed_211.csv,5.045596496520453,325.87973646985,1.0739805326979537,0,0.0001315857,0.0,472000.0,72000.0,1.5977358076807104,0.0011830444474674785,True,vec,16,"{""1"": 11, ""2"": 7, ""3"": 10, ""4"": 4, ""5"": 13, ""6"": 13, ""7"": 5, ""8"": 0, ""9"": 11, ""10"": 5, ""11"": 10}"
212,212,True,,mpeg4\random\mappings\sample_212_seed_212.csv,5.546688181273406,325.60812747896,1.234802224937761,0,0.0001216016,0.0,472000.0,92000.0,2.645075518763192,0.001128296489375557,True,vec,16,"{""1"": 12, ""2"": 1, ""3"": 4, ""4"": 4, ""5"": 1, ""6"": 9, ""7"": 5, ""8"": 1, ""9"": 10, ""10"": 4, ""11"": 9}"
213,213,True,,mpeg4\random\mappings\sample_213_seed_213.csv,5.1492814405442955,325.97221934136,1.1000170096742339,0,0.0001219856,0.0,492000.0,96000.0,1.54510567144541,0.0011305956638220848,True,vec,16,"{""1"": 4, ""2"": 13, ""3"": 0, ""4"": 6, ""5"": 13, ""6"": 9, ""7"": 5, ""8"": 7, ""9"": 11, ""10"": 13, ""11"": 9}"
214,214,True,,mpeg4\random\mappings\sample_214_seed_214.csv,5.483556756298821,326.88273334485,1.2272324921171167,0,0.0001224598,0.0,596000.0,120000.0,1.1021353581316302,0.0011343936303922848,True,vec,16,"{""1"": 11, ""2"": 13, ""3"": 7, ""4"": 13, ""5"": 1, ""6"": 8, ""7"": 6, ""8"": 9, ""9"": 7, ""10"": 2, ""11"": 14}"
215,215,True,,mpeg4\random\mappings\sample_215_seed_215.csv,4.9499071222971756,326.03408191129,1.23321433218084,0,0.0001222177,0.0,632000.0,56000.0,1.185466407170856,0.001132991919759367,True,vec,16,"{""1"": 1, ""2"": 10, ""3"": 7, ""4"": 2, ""5"": 1, ""6"": 12, ""7"": 9, ""8"": 3, ""9"": 0, ""10"": 3, ""11"": 9}"
216,216,True,,mpeg4\random\mappings\sample_216_seed_216.csv,5.574503651822441,326.80194649228,1.285549577589978,0,0.0001213517,0.0,668000.0,96000.0,1.641594254543461,0.0011289990832789609,True,vec,16,"{""1"": 6, ""2"": 5, ""3"": 0, ""4"": 12, ""5"": 3, ""6"": 0, ""7"": 8, ""8"": 15, ""9"": 11, ""10"": 15, ""11"": 15}"
217,217,True,,mpeg4\random\mappings\sample_217_seed_217.csv,5.270868004189297,327.28787050946,1.2035109328022433,1,0.0001215516,0.0264809375,404000.0,48000.0,1.3345851265042077,0.0011285717763925573,True,vec,16,"{""1"": 9, ""2"": 7, ""3"": 7, ""4"": 3, ""5"": 10, ""6"": 4, ""7"": 8, ""8"": 5, ""9"": 10, ""10"": 13, ""11"": 8}"
218,218,True,,mpeg4\random\mappings\sample_218_seed_218.csv,4.999353006291088,327.09697747115,1.1742189835365575,0,0.0001216276,0.0,400000.0,72000.0,1.4223020202297085,0.001129021535830608,True,vec,16,"{""1"": 9, ""2"": 5, ""3"": 10, ""4"": 6, ""5"": 1, ""6"": 11, ""7"": 15, ""8"": 3, ""9"": 6, ""10"": 11, ""11"": 11}"
219,219,True,,mpeg4\random\mappings\sample_219_seed_219.csv,5.177680243812709,326.30516375219,1.083667663381318,0,0.0001221718,0.0,428000.0,80000.0,2.088950412543516,0.0011312984169065273,True,vec,16,"{""1"": 10, ""2"": 1, ""3"": 9, ""4"": 13, ""5"": 10, ""6"": 9, ""7"": 15, ""8"": 10, ""9"": 1, ""10"": 4, ""11"": 3}"
220,220,True,,mpeg4\random\mappings\sample_220_seed_220.csv,6.045632591841964,327.28753374871,1.2802008358972357,1,0.0001214036,0.021892750000000002,540000.0,128000.0,1.2687974562100819,0.0011290205354660744,True,vec,16,"{""1"": 7, ""2"": 7, ""3"": 12, ""4"": 13, ""5"": 15, ""6"": 6, ""7"": 10, ""8"": 14, ""9"": 7, ""10"": 15, ""11"": 8}"
221,221,True,,mpeg4\random\mappings\sample_221_seed_221.csv,4.982342249817096,326.15475255048,1.138457977237069,0,0.0001223158,0.0,624000.0,64000.0,1.2863408349551821,0.0011329230764989212,True,vec,16,"{""1"": 7, ""2"": 13, ""3"": 8, ""4"": 7, ""5"": 11, ""6"": 14, ""7"": 2, ""8"": 2, ""9"": 1, ""10"": 8, ""11"": 15}"
222,222,True,,mpeg4\random\mappings\sample_222_seed_222.csv,6.630596831834193,327.50495688015,1.2188221818698666,1,0.0001422438,0.0779478125,680000.0,104000.0,1.549491516131685,0.001242462963806718,True,vec,16,"{""1"": 3, ""2"": 7, ""3"": 1, ""4"": 0, ""5"": 15, ""6"": 7, ""7"": 14, ""8"": 9, ""9"": 14, ""10"": 14, ""11"": 9}"
223,223,True,,mpeg4\random\mappings\sample_223_seed_223.csv,5.073030035064319,326.90684429503,1.2353967602117377,0,0.0001224539,0.0,504000.0,68000.0,1.3345851265042077,0.001134330531363008,True,vec,16,"{""1"": 10, ""2"": 11, ""3"": 12, ""4"": 3, ""5"": 0, ""6"": 10, ""7"": 0, ""8"": 14, ""9"": 3, ""10"": 2, ""11"": 6}"
224,224,True,,mpeg4\random\mappings\sample_224_seed_224.csv,5.120601421577248,327.2877984074,1.2914256767671992,1,0.0001213036,0.025360625,396000.0,48000.0,0.7644253172884515,0.001127518481104617,True,vec,16,"{""1"": 2, ""2"": 6, ""3"": 7, ""4"": 3, ""5"": 13, ""6"": 4, ""7"": 0, ""8"": 14, ""9"": 10, ""10"": 8, ""11"": 2}"
225,225,True,,mpeg4\random\mappings\sample_225_seed_225.csv,5.362493705386743,326.0583661548,1.1747248657020826,0,0.0001220797,0.0,464000.0,112000.0,1.6722951673473863,0.0011311669532234208,True,vec,16,"{""1"": 7, ""2"": 5, ""3"": 11, ""4"": 4, ""5"": 0, ""6"": 5, ""7"": 0, ""8"": 4, ""9"": 8, ""10"": 7, ""11"": 6}"
226,226,True,,mpeg4\random\mappings\sample_226_seed_226.csv,5.750287761724186,325.85874353887,1.2067122191488575,0,0.0001330057,0.0,712000.0,120000.0,1.5310709684493298,0.0011921208370124874,True,vec,16,"{""1"": 15, ""2"": 1, ""3"": 11, ""4"": 10, ""5"": 12, ""6"": 14, ""7"": 11, ""8"": 1, ""9"": 2, ""10"": 11, ""11"": 5}"
227,227,True,,mpeg4\random\mappings\sample_227_seed_227.csv,4.883072883684504,325.8573764742,1.172645671338461,0,0.0001222207,0.0,596000.0,72000.0,0.9179298813080782,0.001132518833238992,True,vec,16,"{""1"": 12, ""2"": 11, ""3"": 7, ""4"": 13, ""5"": 13, ""6"": 1, ""7"": 3, ""8"": 2, ""9"": 8, ""10"": 5, ""11"": 14}"
228,228,True,,mpeg4\random\mappings\sample_228_seed_228.csv,5.321438593105104,325.44054541416,1.1049463688841423,0,0.0001315937,0.0,420000.0,88000.0,2.2240344288807874,0.001182593841825815,True,vec,16,"{""1"": 7, ""2"": 7, ""3"": 14, ""4"": 4, ""5"": 2, ""6"": 4, ""7"": 9, ""8"": 7, ""9"": 13, ""10"": 9, ""11"": 14}"
229,229,True,,mpeg4\random\mappings\sample_229_seed_229.csv,4.7305224641760635,326.36020839146,1.1369190075820244,0,0.0001220748,0.0,476000.0,72000.0,0.7424960938570763,0.001130908876792327,True,vec,16,"{""1"": 4, ""2"": 7, ""3"": 6, ""4"": 5, ""5"": 15, ""6"": 9, ""7"": 2, ""8"": 13, ""9"": 0, ""10"": 5, ""11"": 8}"
230,230,True,,mpeg4\random\mappings\sample_230_seed_230.csv,5.255071625444001,326.04375685163,1.255441725499727,0,0.0001214477,0.0,568000.0,64000.0,2.018776897563115,0.0011285248664438111,True,vec,16,"{""1"": 5, ""2"": 9, ""3"": 0, ""4"": 15, ""5"": 15, ""6"": 13, ""7"": 8, ""8"": 0, ""9"": 0, ""10"": 11, ""11"": 13}"
231,231,True,,mpeg4\random\mappings\sample_231_seed_231.csv,4.680045615892276,326.37361005779,1.2134161460618729,0,0.0001214836,0.0,452000.0,56000.0,0.8740714344453278,0.001128220691515633,True,vec,16,"{""1"": 0, ""2"": 4, ""3"": 7, ""4"": 6, ""5"": 9, ""6"": 13, ""7"": 14, ""8"": 12, ""9"": 10, ""10"": 9, ""11"": 10}"
232,232,True,,mpeg4\random\mappings\sample_232_seed_232.csv,7.657526851786445,328.66029539635,1.2209528633562534,1,0.0001233697,0.26824776785714377,632000.0,92000.0,2.1503522381513664,0.0011425426666213313,True,vec,16,"{""1"": 8, ""2"": 3, ""3"": 2, ""4"": 8, ""5"": 8, ""6"": 5, ""7"": 13, ""8"": 7, ""9"": 5, ""10"": 3, ""11"": 2}"
233,233,True,,mpeg4\random\mappings\sample_233_seed_233.csv,6.04213695703437,327.29218072371,1.3114777768288957,1,0.0001224229,0.02938125,480000.0,112000.0,1.5582632055042351,0.0011346320294848495,True,vec,16,"{""1"": 5, ""2"": 7, ""3"": 2, ""4"": 3, ""5"": 8, ""6"": 7, ""7"": 0, ""8"": 15, ""9"": 2, ""10"": 7, ""11"": 6}"
234,234,True,,mpeg4\random\mappings\sample_234_seed_234.csv,5.466712540055647,326.99908434886,1.2200148175838206,0,0.0001211383,0.0,500000.0,116000.0,1.4310737096022588,0.0011267179763248083,True,vec,16,"{""1"": 10, ""2"": 8, ""3"": 15, ""4"": 7, ""5"": 8, ""6"": 11, ""7"": 11, ""8"": 1, ""9"": 15, ""10"": 2, ""11"": 13}"
235,235,True,,mpeg4\random\mappings\sample_235_seed_235.csv,5.2087405590231075,326.4218816328,1.2203455243519328,0,0.0001327216,0.0,448000.0,80000.0,1.4223020202297085,0.001190130752350077,True,vec,16,"{""1"": 11, ""2"": 1, ""3"": 2, ""4"": 0, ""5"": 8, ""6"": 5, ""7"": 1, ""8"": 7, ""9"": 3, ""10"": 1, ""11"": 2}"
236,236,True,,mpeg4\random\mappings\sample_236_seed_236.csv,5.428557608966593,327.34012870392,1.1924902968635998,1,0.0001274928,0.022665625,468000.0,48000.0,1.470546311778734,0.0011616798823135322,True,vec,16,"{""1"": 11, ""2"": 15, ""3"": 12, ""4"": 4, ""5"": 9, ""6"": 5, ""7"": 8, ""8"": 11, ""9"": 11, ""10"": 11, ""11"": 2}"
237,237,True,,mpeg4\random\mappings\sample_237_seed_237.csv,5.242093215852687,326.82436281722,1.2516041330527676,0,0.0001231321,0.0,632000.0,72000.0,1.3433568158767577,0.0011385160277533424,True,vec,16,"{""1"": 15, ""2"": 5, ""3"": 1, ""4"": 5, ""5"": 13, ""6"": 0, ""7"": 15, ""8"": 7, ""9"": 2, ""10"": 11, ""11"": 13}"
238,238,True,,mpeg4\random\mappings\sample_238_seed_238.csv,5.5711821409185385,326.59140525312,1.1742995125573952,0,0.0001364167,0.0,508000.0,80000.0,2.211754063759217,0.0012082630106776417,True,vec,16,"{""1"": 11, ""2"": 2, ""3"": 2, ""4"": 4, ""5"": 5, ""6"": 3, ""7"": 1, ""8"": 13, ""9"": 2, ""10"": 5, ""11"": 2}"
239,239,True,,mpeg4\random\mappings\sample_239_seed_239.csv,5.423892743410868,325.76722814493,1.1678049102531392,0,0.0001219048,0.0,688000.0,100000.0,1.6196650311120857,0.001131037043160735,True,vec,16,"{""1"": 3, ""2"": 6, ""3"": 3, ""4"": 13, ""5"": 1, ""6"": 11, ""7"": 13, ""8"": 4, ""9"": 0, ""10"": 9, ""11"": 13}"
240,240,True,,mpeg4\random\mappings\sample_240_seed_240.csv,5.03474612159194,325.74646888477,1.20912289123104,0,0.0001212276,0.0,368000.0,72000.0,1.9529892272689893,0.0011261924333555967,True,vec,16,"{""1"": 1, ""2"": 1, ""3"": 10, ""4"": 1, ""5"": 11, ""6"": 3, ""7"": 7, ""8"": 10, ""9"": 0, ""10"": 11, ""11"": 4}"
241,241,True,,mpeg4\random\mappings\sample_241_seed_241.csv,6.056389545077985,327.32044901779,1.2682822731481336,1,0.0001226229,0.0058068749999999995,572000.0,124000.0,1.5319481373865849,0.0011352321013067231,True,vec,16,"{""1"": 3, ""2"": 11, ""3"": 5, ""4"": 8, ""5"": 8, ""6"": 11, ""7"": 4, ""8"": 2, ""9"": 0, ""10"": 5, ""11"": 7}"
242,242,True,,mpeg4\random\mappings\sample_242_seed_242.csv,5.181429375413831,326.43871391318,1.1239073629873004,0,0.0001329888,0.0,460000.0,72000.0,1.6898385460924865,0.0011907892302943034,True,vec,16,"{""1"": 10, ""2"": 0, ""3"": 5, ""4"": 0, ""5"": 6, ""6"": 8, ""7"": 6, ""8"": 15, ""9"": 6, ""10"": 12, ""11"": 15}"
243,243,True,,mpeg4\random\mappings\sample_243_seed_243.csv,4.620155792675021,326.09835961863,1.2118705685752824,0,0.0001221028,0.0,412000.0,60000.0,0.7863545407198268,0.0011317631672691283,True,vec,16,"{""1"": 10, ""2"": 13, ""3"": 9, ""4"": 5, ""5"": 8, ""6"": 3, ""7"": 0, ""8"": 1, ""9"": 3, ""10"": 11, ""11"": 14}"
244,244,True,,mpeg4\random\mappings\sample_244_seed_244.csv,5.146868590883504,326.18537334468,1.1647092562176469,0,0.0001322977,0.0,596000.0,88000.0,0.8740714344453278,0.0011876050896030904,True,vec,16,"{""1"": 13, ""2"": 12, ""3"": 11, ""4"": 3, ""5"": 4, ""6"": 10, ""7"": 8, ""8"": 14, ""9"": 8, ""10"": 4, ""11"": 2}"
245,245,True,,mpeg4\random\mappings\sample_245_seed_245.csv,4.916366084772374,326.024268616,1.1929616644709466,0,0.0001212037,0.0,528000.0,72000.0,1.1372221156218305,0.001126672024800819,True,vec,16,"{""1"": 4, ""2"": 9, ""3"": 14, ""4"": 10, ""5"": 14, ""6"": 1, ""7"": 6, ""8"": 15, ""9"": 8, ""10"": 4, ""11"": 2}"
246,246,True,,mpeg4\random\mappings\sample_246_seed_246.csv,4.648169276283456,326.45931618016,1.069274516581075,0,0.0001225318,0.0,504000.0,48000.0,1.07582029001398,0.0011339960067054294,True,vec,16,"{""1"": 1, ""2"": 12, ""3"": 14, ""4"": 5, ""5"": 5, ""6"": 10, ""7"": 3, ""8"": 11, ""9"": 11, ""10"": 6, ""11"": 2}"
247,247,True,,mpeg4\random\mappings\sample_247_seed_247.csv,4.721349728173758,326.14379682045,1.2122804372026839,0,0.0001220718,0.0,472000.0,56000.0,0.988103396288479,0.0011315210354701122,True,vec,16,"{""1"": 14, ""2"": 10, ""3"": 15, ""4"": 1, ""5"": 11, ""6"": 4, ""7"": 13, ""8"": 0, ""9"": 0, ""10"": 5, ""11"": 11}"
248,248,True,,mpeg4\random\mappings\sample_248_seed_248.csv,5.606303569686541,327.37840604683,1.2803695294489383,1,0.0001222036,0.013482196969696875,492000.0,88000.0,1.1328362709355555,0.0011331836630950694,True,vec,16,"{""1"": 13, ""2"": 15, ""3"": 3, ""4"": 10, ""5"": 8, ""6"": 14, ""7"": 15, ""8"": 6, ""9"": 11, ""10"": 2, ""11"": 14}"
249,249,True,,mpeg4\random\mappings\sample_249_seed_249.csv,4.84642564712441,325.95648743204,1.1944444689743232,0,0.0001212908,0.0,520000.0,64000.0,1.1547654943669308,0.0011273657194527285,True,vec,16,"{""1"": 8, ""2"": 8, ""3"": 0, ""4"": 13, ""5"": 13, ""6"": 2, ""7"": 11, ""8"": 15, ""9"": 3, ""10"": 4, ""11"": 5}"
250,250,True,,mpeg4\random\mappings\sample_250_seed_250.csv,5.25978838138193,325.99412521429,1.1587325168435167,0,0.0001314498,0.0,612000.0,88000.0,1.2512540774649819,0.0011826832845422415,True,vec,16,"{""1"": 12, ""2"": 12, ""3"": 1, ""4"": 7, ""5"": 5, ""6"": 11, ""7"": 13, ""8"": 5, ""9"": 8, ""10"": 13, ""11"": 2}"
251,251,True,,mpeg4\random\mappings\sample_251_seed_251.csv,4.916714725635006,326.1871607241,1.2297036696195998,0,0.0001219068,0.0,496000.0,64000.0,1.2512540774649819,0.0011308246875960802,True,vec,16,"{""1"": 14, ""2"": 12, ""3"": 13, ""4"": 15, ""5"": 2, ""6"": 8, ""7"": 6, ""8"": 14, ""9"": 14, ""10"": 12, ""11"": 7}"
252,252,True,,mpeg4\random\mappings\sample_252_seed_252.csv,4.807139642223066,325.84403643192,1.2150762585800359,0,0.0001218629,0.0,572000.0,60000.0,0.9617883281708286,0.0011307288601525773,True,vec,16,"{""1"": 0, ""2"": 9, ""3"": 10, ""4"": 8, ""5"": 14, ""6"": 15, ""7"": 8, ""8"": 4, ""9"": 0, ""10"": 3, ""11"": 6}"
253,253,True,,mpeg4\random\mappings\sample_253_seed_253.csv,4.9408740844016465,326.00248782483,1.1589134783918906,0,0.0001209596,0.0,556000.0,64000.0,1.4003727967983335,0.001125662046035795,True,vec,16,"{""1"": 12, ""2"": 13, ""3"": 2, ""4"": 14, ""5"": 2, ""6"": 4, ""7"": 8, ""8"": 4, ""9"": 15, ""10"": 10, ""11"": 7}"
254,254,True,,mpeg4\random\mappings\sample_254_seed_254.csv,5.033257378121151,325.9734509197,1.1807646108229988,0,0.0001223289,0.0,600000.0,84000.0,1.0056467750335791,0.0011333992924673275,True,vec,16,"{""1"": 11, ""2"": 8, ""3"": 6, ""4"": 0, ""5"": 10, ""6"": 15, ""7"": 5, ""8"": 13, ""9"": 14, ""10"": 0, ""11"": 10}"
255,255,True,,mpeg4\random\mappings\sample_255_seed_255.csv,4.928678847302259,325.88389224126,1.175417129300175,0,0.0001326187,0.0,432000.0,80000.0,0.9354732600531783,0.0011887496020643058,True,vec,16,"{""1"": 1, ""2"": 10, ""3"": 4, ""4"": 8, ""5"": 12, ""6"": 9, ""7"": 14, ""8"": 1, ""9"": 5, ""10"": 14, ""11"": 11}"
256,256,True,,mpeg4\random\mappings\sample_256_seed_256.csv,5.092028970897347,325.94164901156,1.2276925565151169,0,0.0001229239,0.0,444000.0,100000.0,1.1196787368767303,0.0011363026476598765,True,vec,16,"{""1"": 15, ""2"": 9, ""3"": 12, ""4"": 1, ""5"": 14, ""6"": 13, ""7"": 7, ""8"": 13, ""9"": 5, ""10"": 9, ""11"": 11}"
257,257,True,,mpeg4\random\mappings\sample_257_seed_257.csv,4.751748233863231,325.97614029834,1.1722214900033312,0,0.0001223259,0.0,644000.0,48000.0,0.9179298813080782,0.0011338559010117407,True,vec,16,"{""1"": 10, ""2"": 13, ""3"": 6, ""4"": 0, ""5"": 0, ""6"": 14, ""7"": 4, ""8"": 3, ""9"": 7, ""10"": 11, ""11"": 8}"
258,258,True,,mpeg4\random\mappings\sample_258_seed_258.csv,4.916194020087414,325.67287767564,1.1977867620184872,0,0.0001217469,0.0,572000.0,72000.0,1.09336366875908,0.0011301587429743657,True,vec,16,"{""1"": 2, ""2"": 4, ""3"": 4, ""4"": 7, ""5"": 0, ""6"": 12, ""7"": 11, ""8"": 13, ""9"": 6, ""10"": 9, ""11"": 6}"
259,259,True,,mpeg4\random\mappings\sample_259_seed_259.csv,5.140150269600037,326.13906317186,1.1848494697663994,0,0.0001218428,0.0,560000.0,72000.0,1.645980099229736,0.0011304681197658213,True,vec,16,"{""1"": 1, ""2"": 2, ""3"": 7, ""4"": 2, ""5"": 1, ""6"": 11, ""7"": 2, ""8"": 13, ""9"": 6, ""10"": 8, ""11"": 15}"
260,260,True,,mpeg4\random\mappings\sample_260_seed_260.csv,5.42638286229178,326.15366431744,1.0934945698839704,0,0.0001323469,0.0,536000.0,88000.0,1.9924618294454648,0.00118725130801486,True,vec,16,"{""1"": 6, ""2"": 2, ""3"": 6, ""4"": 1, ""5"": 8, ""6"": 13, ""7"": 2, ""8"": 13, ""9"": 8, ""10"": 2, ""11"": 15}"
261,261,True,,mpeg4\random\mappings\sample_261_seed_261.csv,6.532740716433582,327.79549176584,1.3520103558177359,1,0.0001223547,0.12693506944444374,508000.0,96000.0,1.453002933033634,0.0011350918720471805,True,vec,16,"{""1"": 13, ""2"": 0, ""3"": 8, ""4"": 5, ""5"": 8, ""6"": 12, ""7"": 14, ""8"": 5, ""9"": 13, ""10"": 7, ""11"": 1}"
262,262,True,,mpeg4\random\mappings\sample_262_seed_262.csv,5.2464142186750085,326.86868726142,1.2714157547727412,0,0.0001224749,0.0,488000.0,72000.0,1.7117677695238618,0.0011341214661972306,True,vec,16,"{""1"": 10, ""2"": 13, ""3"": 11, ""4"": 10, ""5"": 7, ""6"": 0, ""7"": 7, ""8"": 14, ""9"": 13, ""10"": 5, ""11"": 10}"
263,263,True,,mpeg4\random\mappings\sample_263_seed_263.csv,5.715728629521775,327.42373862928,1.2763571611166864,1,0.0001215085,0.037374305555555626,492000.0,68000.0,1.5363339820728599,0.001128664845795475,True,vec,16,"{""1"": 13, ""2"": 10, ""3"": 4, ""4"": 14, ""5"": 14, ""6"": 0, ""7"": 0, ""8"": 12, ""9"": 8, ""10"": 10, ""11"": 8}"
264,264,True,,mpeg4\random\mappings\sample_264_seed_264.csv,4.734265977311313,325.82142420176,1.1125807576162254,0,0.0001224348,0.0,424000.0,76000.0,1.0056467750335791,0.0011328324307019232,True,vec,16,"{""1"": 9, ""2"": 6, ""3"": 7, ""4"": 0, ""5"": 10, ""6"": 2, ""7"": 11, ""8"": 5, ""9"": 14, ""10"": 0, ""11"": 10}"
265,265,True,,mpeg4\random\mappings\sample_265_seed_265.csv,5.266995118536014,326.65641820317,1.2121949749809642,0,0.0001219258,0.0,484000.0,80000.0,1.8126421973081879,0.0011309162758967087,True,vec,16,"{""1"": 12, ""2"": 15, ""3"": 10, ""4"": 6, ""5"": 7, ""6"": 6, ""7"": 8, ""8"": 10, ""9"": 7, ""10"": 1, ""11"": 15}"
266,266,True,,mpeg4\random\mappings\sample_266_seed_266.csv,6.226319499849662,327.27771741679,1.3784772104406346,1,0.0001218836,0.0166795,616000.0,140000.0,1.1591513390532058,0.0011320991239131854,True,vec,16,"{""1"": 2, ""2"": 3, ""3"": 12, ""4"": 13, ""5"": 1, ""6"": 3, ""7"": 2, ""8"": 14, ""9"": 4, ""10"": 0, ""11"": 6}"
267,267,True,,mpeg4\random\mappings\sample_267_seed_267.csv,4.901762802110823,326.9822027483,1.2829108909871678,0,0.0001227228,0.0,404000.0,48000.0,1.4354595542885338,0.0011350661039007386,True,vec,16,"{""1"": 6, ""2"": 0, ""3"": 3, ""4"": 0, ""5"": 15, ""6"": 1, ""7"": 7, ""8"": 14, ""9"": 0, ""10"": 1, ""11"": 10}"
268,268,True,,mpeg4\random\mappings\sample_268_seed_268.csv,4.869459217875259,326.10241553055,1.1665154580238466,0,0.0001222029,0.0,592000.0,72000.0,0.8302129875825772,0.0011327069258140203,True,vec,16,"{""1"": 10, ""2"": 1, ""3"": 5, ""4"": 8, ""5"": 7, ""6"": 0, ""7"": 7, ""8"": 13, ""9"": 11, ""10"": 4, ""11"": 3}"
269,269,True,,mpeg4\random\mappings\sample_269_seed_269.csv,4.911107997804149,326.3827820311,1.119951565054965,0,0.0001216967,0.0,436000.0,80000.0,1.2249390093473316,0.0011292425388792014,True,vec,16,"{""1"": 1, ""2"": 0, ""3"": 6, ""4"": 10, ""5"": 9, ""6"": 2, ""7"": 5, ""8"": 2, ""9"": 3, ""10"": 11, ""11"": 9}"
270,270,True,,mpeg4\random\mappings\sample_270_seed_270.csv,5.6174660705825765,327.27347023687,1.2695807938146009,1,0.0001285349,0.015576000000000001,668000.0,72000.0,0.8521422110139525,0.001167844139656029,True,vec,16,"{""1"": 5, ""2"": 11, ""3"": 0, ""4"": 4, ""5"": 1, ""6"": 15, ""7"": 9, ""8"": 2, ""9"": 8, ""10"": 8, ""11"": 9}"
271,271,True,,mpeg4\random\mappings\sample_271_seed_271.csv,5.817393451387501,327.30215052805,1.340035597499085,1,0.0001318249,0.02370392857142875,476000.0,72000.0,1.5319481373865849,0.001186215363307591,True,vec,16,"{""1"": 15, ""2"": 11, ""3"": 11, ""4"": 15, ""5"": 3, ""6"": 2, ""7"": 13, ""8"": 10, ""9"": 3, ""10"": 13, ""11"": 5}"
272,272,True,,mpeg4\random\mappings\sample_272_seed_272.csv,5.209796495104561,327.27405165291,1.241745694291393,1,0.0001213557,0.004020833333333312,336000.0,48000.0,1.628436720484636,0.0011271315789074703,True,vec,16,"{""1"": 15, ""2"": 11, ""3"": 10, ""4"": 11, ""5"": 8, ""6"": 5, ""7"": 10, ""8"": 2, ""9"": 5, ""10"": 12, ""11"": 15}"
273,273,True,,mpeg4\random\mappings\sample_273_seed_273.csv,5.125807661991542,325.60809986735,1.0500956278236606,0,0.0001213556,0.0,428000.0,104000.0,1.7117677695238618,0.0011264926788195201,True,vec,16,"{""1"": 6, ""2"": 7, ""3"": 4, ""4"": 7, ""5"": 2, ""6"": 6, ""7"": 2, ""8"": 9, ""9"": 15, ""10"": 12, ""11"": 9}"
274,274,True,,mpeg4\random\mappings\sample_274_seed_274.csv,5.372194512507656,326.4045488333,1.1866457267553274,0,0.0001332288,0.0,616000.0,88000.0,1.3126559030728324,0.0011929704433338776,True,vec,16,"{""1"": 4, ""2"": 14, ""3"": 1, ""4"": 6, ""5"": 0, ""6"": 8, ""7"": 6, ""8"": 11, ""9"": 6, ""10"": 0, ""11"": 13}"
275,275,True,,mpeg4\random\mappings\sample_275_seed_275.csv,5.288811300189704,325.95438668981,1.1830613630677267,0,0.0001273237,0.0,448000.0,88000.0,1.8784298676023135,0.0011601858237294267,True,vec,16,"{""1"": 3, ""2"": 11, ""3"": 5, ""4"": 10, ""5"": 4, ""6"": 11, ""7"": 11, ""8"": 9, ""9"": 14, ""10"": 14, ""11"": 10}"
276,276,True,,mpeg4\random\mappings\sample_276_seed_276.csv,5.191391868981348,326.14749788829,1.3109697706146306,0,0.0001225907,0.0,492000.0,84000.0,1.4003727967983335,0.0011348667847408656,True,vec,16,"{""1"": 11, ""2"": 2, ""3"": 8, ""4"": 8, ""5"": 0, ""6"": 12, ""7"": 4, ""8"": 6, ""9"": 15, ""10"": 8, ""11"": 10}"
277,277,True,,mpeg4\random\mappings\sample_277_seed_277.csv,4.848246044444299,326.16031979079,1.2081314724197998,0,0.0001221528,0.0,428000.0,52000.0,1.5582632055042351,0.001131910760498422,True,vec,16,"{""1"": 2, ""2"": 5, ""3"": 5, ""4"": 15, ""5"": 4, ""6"": 15, ""7"": 9, ""8"": 6, ""9"": 6, ""10"": 7, ""11"": 1}"
278,278,True,,mpeg4\random\mappings\sample_278_seed_278.csv,5.456510353812595,327.25644665037,1.3209365680315688,1,0.0001216038,0.0042661706349206244,356000.0,48000.0,2.0933362572297907,0.0011290714289343476,True,vec,16,"{""1"": 9, ""2"": 15, ""3"": 15, ""4"": 15, ""5"": 11, ""6"": 7, ""7"": 14, ""8"": 8, ""9"": 7, ""10"": 8, ""11"": 1}"
279,279,True,,mpeg4\random\mappings\sample_279_seed_279.csv,5.2965484546668495,327.17714576833,1.0987838527589868,1,0.0001221208,0.0004075,528000.0,80000.0,1.0056467750335791,0.0011313048483806952,True,vec,16,"{""1"": 13, ""2"": 11, ""3"": 5, ""4"": 5, ""5"": 10, ""6"": 2, ""7"": 9, ""8"": 1, ""9"": 4, ""10"": 6, ""11"": 15}"
280,280,True,,mpeg4\random\mappings\sample_280_seed_280.csv,4.7534097341569925,326.02968147056,1.2356028319818722,0,0.000121969,0.0,496000.0,48000.0,1.181080562484581,0.0011313685800998976,True,vec,16,"{""1"": 9, ""2"": 14, ""3"": 14, ""4"": 10, ""5"": 0, ""6"": 15, ""7"": 1, ""8"": 2, ""9"": 7, ""10"": 15, ""11"": 8}"
281,281,True,,mpeg4\random\mappings\sample_281_seed_281.csv,4.90840878476977,325.76537636294,1.195322336343777,0,0.0001224138,0.0,492000.0,72000.0,1.2424823880924316,0.0011332387225070732,True,vec,16,"{""1"": 0, ""2"": 9, ""3"": 14, ""4"": 14, ""5"": 7, ""6"": 1, ""7"": 8, ""8"": 8, ""9"": 5, ""10"": 2, ""11"": 3}"
282,282,True,,mpeg4\random\mappings\sample_282_seed_282.csv,5.246602180200886,326.43138904136,1.1313804173953095,0,0.0001333096,0.0,608000.0,72000.0,1.4486170883473588,0.0011934469529742166,True,vec,16,"{""1"": 1, ""2"": 15, ""3"": 4, ""4"": 3, ""5"": 1, ""6"": 6, ""7"": 10, ""8"": 12, ""9"": 10, ""10"": 15, ""11"": 10}"
283,283,True,,mpeg4\random\mappings\sample_283_seed_283.csv,5.6759371754631385,327.3009547439,1.348802864261646,1,0.0001223137,0.0345985,508000.0,76000.0,1.09336366875908,0.0011341654016063733,True,vec,16,"{""1"": 0, ""2"": 4, ""3"": 12, ""4"": 13, ""5"": 7, ""6"": 4, ""7"": 6, ""8"": 8, ""9"": 0, ""10"": 5, ""11"": 14}"
284,284,True,,mpeg4\random\mappings\sample_284_seed_284.csv,5.037308001125678,326.09729261826,1.1893196276390612,0,0.00012299,0.0,740000.0,72000.0,0.8302129875825772,0.001137611564816078,True,vec,16,"{""1"": 1, ""2"": 8, ""3"": 14, ""4"": 9, ""5"": 4, ""6"": 15, ""7"": 4, ""8"": 11, ""9"": 5, ""10"": 2, ""11"": 3}"
285,285,True,,mpeg4\random\mappings\sample_285_seed_285.csv,5.025449874134759,326.91395404532,1.207497863901649,0,0.0001219439,0.0,472000.0,64000.0,1.453002933033634,0.0011313037152073555,True,vec,16,"{""1"": 9, ""2"": 12, ""3"": 8, ""4"": 11, ""5"": 12, ""6"": 14, ""7"": 1, ""8"": 14, ""9"": 11, ""10"": 15, ""11"": 2}"
286,286,True,,mpeg4\random\mappings\sample_286_seed_286.csv,5.959320662237269,325.42169338804,1.1071764935220922,0,0.0001466958,0.0,584000.0,96000.0,2.8871741454455746,0.001264137867437555,True,vec,16,"{""1"": 15, ""2"": 2, ""3"": 2, ""4"": 13, ""5"": 13, ""6"": 13, ""7"": 4, ""8"": 10, ""9"": 11, ""10"": 4, ""11"": 2}"
287,287,True,,mpeg4\random\mappings\sample_287_seed_287.csv,5.108988332945942,325.8947376023,1.1687448428559983,0,0.0001220236,0.0,584000.0,96000.0,1.0538910665826047,0.0011313054594403829,True,vec,16,"{""1"": 0, ""2"": 10, ""3"": 5, ""4"": 13, ""5"": 7, ""6"": 0, ""7"": 4, ""8"": 8, ""9"": 10, ""10"": 9, ""11"": 3}"
288,288,True,,mpeg4\random\mappings\sample_288_seed_288.csv,5.400953184220578,327.00110655842,1.27082735254076,0,0.0001212165,0.0,508000.0,72000.0,2.101230777665086,0.0011271773830935864,True,vec,16,"{""1"": 9, ""2"": 15, ""3"": 1, ""4"": 13, ""5"": 0, ""6"": 14, ""7"": 14, ""8"": 15, ""9"": 5, ""10"": 15, ""11"": 15}"
289,289,True,,mpeg4\random\mappings\sample_289_seed_289.csv,5.388057470143943,325.86627108303,1.3419429819653295,0,0.0001212308,0.0,520000.0,80000.0,2.0363202763082153,0.0011277105934747273,True,vec,16,"{""1"": 8, ""2"": 5, ""3"": 0, ""4"": 0, ""5"": 12, ""6"": 12, ""7"": 0, ""8"": 2, ""9"": 13, ""10"": 15, ""11"": 14}"
290,290,True,,mpeg4\random\mappings\sample_290_seed_290.csv,5.215073520795262,327.14167032283,1.2962658445626212,0,0.0001214017,0.0,580000.0,68000.0,1.365286039308133,0.0011286918408046354,True,vec,16,"{""1"": 10, ""2"": 15, ""3"": 7, ""4"": 1, ""5"": 15, ""6"": 3, ""7"": 1, ""8"": 0, ""9"": 3, ""10"": 13, ""11"": 4}"
291,291,True,,mpeg4\random\mappings\sample_291_seed_291.csv,4.857606951389091,325.91175154431,1.2220089441029411,0,0.0001212363,0.0,412000.0,48000.0,1.7950988185630876,0.001126330431240456,True,vec,16,"{""1"": 15, ""2"": 2, ""3"": 3, ""4"": 8, ""5"": 6, ""6"": 8, ""7"": 8, ""8"": 12, ""9"": 10, ""10"": 13, ""11"": 15}"
292,292,True,,mpeg4\random\mappings\sample_292_seed_292.csv,5.086263559281937,325.63441733906,1.0564521671801772,0,0.0001218888,0.0,424000.0,88000.0,1.931060003837614,0.0011293910201161418,True,vec,16,"{""1"": 4, ""2"": 9, ""3"": 6, ""4"": 10, ""5"": 9, ""6"": 6, ""7"": 13, ""8"": 4, ""9"": 0, ""10"": 3, ""11"": 10}"
293,293,True,,mpeg4\random\mappings\sample_293_seed_293.csv,5.849319219557436,327.36662546734,1.336583034213829,1,0.0001207556,0.006286328125,396000.0,112000.0,1.5845782736218854,0.0011255124741124227,True,vec,16,"{""1"": 15, ""2"": 15, ""3"": 13, ""4"": 3, ""5"": 14, ""6"": 10, ""7"": 6, ""8"": 3, ""9"": 3, ""10"": 7, ""11"": 7}"
294,294,True,,mpeg4\random\mappings\sample_294_seed_294.csv,4.925445795304177,325.95165186385,1.2145867039729592,0,0.0001210357,0.0,512000.0,80000.0,1.0056467750335791,0.0011262103090751135,True,vec,16,"{""1"": 5, ""2"": 1, ""3"": 2, ""4"": 13, ""5"": 12, ""6"": 12, ""7"": 14, ""8"": 15, ""9"": 9, ""10"": 7, ""11"": 6}"
295,295,True,,mpeg4\random\mappings\sample_295_seed_295.csv,4.954203711081249,326.44095296043,1.1519141318414676,0,0.0001218437,0.0,556000.0,72000.0,1.1109070475041802,0.0011303360081003093,True,vec,16,"{""1"": 9, ""2"": 15, ""3"": 2, ""4"": 8, ""5"": 7, ""6"": 1, ""7"": 6, ""8"": 10, ""9"": 7, ""10"": 9, ""11"": 15}"
296,296,True,,mpeg4\random\mappings\sample_296_seed_296.csv,4.895503398593729,325.65819014076,1.1203308257975633,0,0.0001225767,0.0,512000.0,84000.0,1.071434445327705,0.0011339956222704362,True,vec,16,"{""1"": 2, ""2"": 8, ""3"": 13, ""4"": 5, ""5"": 3, ""6"": 1, ""7"": 9, ""8"": 11, ""9"": 5, ""10"": 7, ""11"": 1}"
297,297,True,,mpeg4\random\mappings\sample_297_seed_297.csv,5.2823370246351615,326.00599733648,1.2577502664757945,0,0.0001220017,0.0,744000.0,72000.0,1.4266878649159838,0.0011321786059783107,True,vec,16,"{""1"": 11, ""2"": 12, ""3"": 3, ""4"": 3, ""5"": 5, ""6"": 0, ""7"": 5, ""8"": 1, ""9"": 14, ""10"": 12, ""11"": 10}"
298,298,True,,mpeg4\random\mappings\sample_298_seed_298.csv,5.63507137988287,325.67174496247,1.1103809271418232,0,0.0001410237,0.0,508000.0,80000.0,2.649461363449467,0.0012325748437540332,True,vec,16,"{""1"": 6, ""2"": 5, ""3"": 14, ""4"": 14, ""5"": 14, ""6"": 0, ""7"": 8, ""8"": 5, ""9"": 9, ""10"": 14, ""11"": 10}"
299,299,True,,mpeg4\random\mappings\sample_299_seed_299.csv,5.1063423249051905,326.27310598342,1.136520659057413,0,0.0001272437,0.0,516000.0,96000.0,1.0056467750335791,0.001159724578315643,True,vec,16,"{""1"": 11, ""2"": 6, ""3"": 9, ""4"": 10, ""5"": 1, ""6"": 2, ""7"": 15, ""8"": 0, ""9"": 10, ""10"": 10, ""11"": 14}"
300,300,True,,mpeg4\random\mappings\sample_300_seed_300.csv,5.450974807354071,327.19419326131,1.1649017419006904,1,0.0001209718,0.0013045833333333126,424000.0,56000.0,2.1415805487788164,0.0011253796228020909,True,vec,16,"{""1"": 11, ""2"": 11, ""3"": 11, ""4"": 13, ""5"": 5, ""6"": 5, ""7"": 3, ""8"": 0, ""9"": 13, ""10"": 10, ""11"": 15}"
301,301,True,,mpeg4\random\mappings\sample_301_seed_301.csv,6.3141409668839525,327.64806676808,1.2498023109375207,1,0.0001228349,0.090868402777775,724000.0,88000.0,1.2512540774649819,0.001137844748099811,True,vec,16,"{""1"": 12, ""2"": 15, ""3"": 8, ""4"": 3, ""5"": 7, ""6"": 4, ""7"": 3, ""8"": 14, ""9"": 14, ""10"": 9, ""11"": 7}"
302,302,True,,mpeg4\random\mappings\sample_302_seed_302.csv,6.102177139849045,325.9752872803,1.254138240118079,0,0.0001216438,0.0,688000.0,144000.0,2.308242646857268,0.0011300785764457694,True,vec,16,"{""1"": 13, ""2"": 15, ""3"": 12, ""4"": 12, ""5"": 6, ""6"": 12, ""7"": 10, ""8"": 6, ""9"": 3, ""10"": 0, ""11"": 1}"
303,303,True,,mpeg4\random\mappings\sample_303_seed_303.csv,5.438387306557736,327.2666207011,1.2761183816717556,1,0.0001221877,0.013648750000000001,544000.0,72000.0,0.9179298813080782,0.0011330895809773618,True,vec,16,"{""1"": 1, ""2"": 7, ""3"": 8, ""4"": 12, ""5"": 5, ""6"": 13, ""7"": 15, ""8"": 6, ""9"": 2, ""10"": 8, ""11"": 2}"
304,304,True,,mpeg4\random\mappings\sample_304_seed_304.csv,5.5560376044033415,326.06860444492,1.1218830493273722,0,0.0001271778,0.0,476000.0,112000.0,2.1240371700337164,0.0011588623337156429,True,vec,16,"{""1"": 4, ""2"": 6, ""3"": 1, ""4"": 7, ""5"": 9, ""6"": 7, ""7"": 7, ""8"": 13, ""9"": 1, ""10"": 1, ""11"": 14}"
305,305,True,,mpeg4\random\mappings\sample_305_seed_305.csv,5.945842680570143,326.58324642368,1.102815352612323,0,0.0001222347,0.0,420000.0,112000.0,3.43979057591623,0.0011313468289699115,True,vec,16,"{""1"": 5, ""2"": 12, ""3"": 5, ""4"": 5, ""5"": 15, ""6"": 9, ""7"": 6, ""8"": 9, ""9"": 5, ""10"": 1, ""11"": 5}"
306,306,True,,mpeg4\random\mappings\sample_306_seed_306.csv,5.702786471383788,327.39134740244,1.1988919101912503,1,0.0001222439,0.0466684375,576000.0,48000.0,1.7293111482689618,0.001133186857811849,True,vec,16,"{""1"": 13, ""2"": 6, ""3"": 13, ""4"": 12, ""5"": 1, ""6"": 1, ""7"": 11, ""8"": 8, ""9"": 2, ""10"": 8, ""11"": 6}"
307,307,True,,mpeg4\random\mappings\sample_307_seed_307.csv,4.600711630184256,326.42135241584,1.2625420126852818,0,0.0001208037,0.0,344000.0,48000.0,1.0231901537786794,0.001124636125276859,True,vec,16,"{""1"": 9, ""2"": 9, ""3"": 8, ""4"": 0, ""5"": 12, ""6"": 6, ""7"": 11, ""8"": 15, ""9"": 3, ""10"": 6, ""11"": 13}"
308,308,True,,mpeg4\random\mappings\sample_308_seed_308.csv,4.926090725391669,326.23358686793,1.1311308869974512,0,0.0001265742,0.0,360000.0,64000.0,1.6854527014062115,0.0011552175618667118,True,vec,16,"{""1"": 5, ""2"": 4, ""3"": 11, ""4"": 8, ""5"": 5, ""6"": 13, ""7"": 9, ""8"": 12, ""9"": 13, ""10"": 13, ""11"": 11}"
309,309,True,,mpeg4\random\mappings\sample_309_seed_309.csv,5.603601089824097,327.40977255954,1.2217482478440693,1,0.0001213237,0.03243125,452000.0,72000.0,1.4442312436610838,0.001127544677897832,True,vec,16,"{""1"": 2, ""2"": 9, ""3"": 6, ""4"": 7, ""5"": 6, ""6"": 7, ""7"": 15, ""8"": 0, ""9"": 1, ""10"": 5, ""11"": 4}"
310,310,True,,mpeg4\random\mappings\sample_310_seed_310.csv,4.696925124011434,325.66546052975,1.1247017758773294,0,0.0001212577,0.0,496000.0,72000.0,0.8565280557002275,0.001126623283452692,True,vec,16,"{""1"": 2, ""2"": 6, ""3"": 9, ""4"": 11, ""5"": 10, ""6"": 15, ""7"": 13, ""8"": 8, ""9"": 6, ""10"": 5, ""11"": 5}"
311,311,True,,mpeg4\random\mappings\sample_311_seed_311.csv,5.080217483051421,325.76610622151,1.1636149237536522,0,0.0001211218,0.0,556000.0,76000.0,1.5801924289356104,0.0011262970980012738,True,vec,16,"{""1"": 8, ""2"": 8, ""3"": 15, ""4"": 4, ""5"": 8, ""6"": 1, ""7"": 13, ""8"": 2, ""9"": 7, ""10"": 10, ""11"": 13}"
312,312,True,,mpeg4\random\mappings\sample_312_seed_312.csv,4.669390465112089,326.18543210373,1.1616237662118298,0,0.0001207522,0.0,432000.0,56000.0,1.09336366875908,0.0011236615700313415,True,vec,16,"{""1"": 4, ""2"": 12, ""3"": 10, ""4"": 7, ""5"": 6, ""6"": 14, ""7"": 14, ""8"": 1, ""9"": 3, ""10"": 9, ""11"": 4}"
313,313,True,,mpeg4\random\mappings\sample_313_seed_313.csv,4.963687211247405,326.82212347643,1.1226348433817408,0,0.0001214516,0.0,640000.0,72000.0,0.8740714344453278,0.0011281490031235378,True,vec,16,"{""1"": 5, ""2"": 13, ""3"": 6, ""4"": 4, ""5"": 1, ""6"": 11, ""7"": 10, ""8"": 15, ""9"": 0, ""10"": 4, ""11"": 0}"
314,314,True,,mpeg4\random\mappings\sample_314_seed_314.csv,4.981646709319971,326.06447907026,1.1791199061373208,0,0.0001226669,0.0,516000.0,80000.0,1.1416079603081055,0.0011346698271662433,True,vec,16,"{""1"": 6, ""2"": 14, ""3"": 0, ""4"": 9, ""5"": 7, ""6"": 12, ""7"": 6, ""8"": 3, ""9"": 12, ""10"": 14, ""11"": 5}"
315,315,True,,mpeg4\random\mappings\sample_315_seed_315.csv,4.868032687383604,325.81499403617,1.1624900613425513,0,0.0001313996,0.0,388000.0,72000.0,1.1547654943669308,0.0011814320123455506,True,vec,16,"{""1"": 13, ""2"": 13, ""3"": 11, ""4"": 1, ""5"": 2, ""6"": 4, ""7"": 8, ""8"": 10, ""9"": 4, ""10"": 8, ""11"": 0}"
316,316,True,,mpeg4\random\mappings\sample_316_seed_316.csv,6.336907437236933,326.80946958174,1.3594095255755398,0,0.000121435,0.0,672000.0,128000.0,2.9047175241906746,0.0011293113174523227,True,vec,16,"{""1"": 0, ""2"": 0, ""3"": 7, ""4"": 7, ""5"": 15, ""6"": 0, ""7"": 14, ""8"": 10, ""9"": 2, ""10"": 15, ""11"": 0}"
317,317,True,,mpeg4\random\mappings\sample_317_seed_317.csv,5.421041282286864,326.06731657729,1.3127915242109407,0,0.0001217476,0.0,604000.0,96000.0,1.5275622927003099,0.001130435019150944,True,vec,16,"{""1"": 14, ""2"": 0, ""3"": 6, ""4"": 7, ""5"": 14, ""6"": 15, ""7"": 14, ""8"": 12, ""9"": 9, ""10"": 10, ""11"": 0}"
318,318,True,,mpeg4\random\mappings\sample_318_seed_318.csv,6.236933218758774,327.55901472037,1.286106544324824,2,0.0001223949,0.02667170865633075,620000.0,84000.0,1.5319481373865849,0.0011349267675230207,True,vec,16,"{""1"": 1, ""2"": 14, ""3"": 5, ""4"": 9, ""5"": 13, ""6"": 12, ""7"": 11, ""8"": 12, ""9"": 6, ""10"": 13, ""11"": 13}"
319,319,True,,mpeg4\random\mappings\sample_319_seed_319.csv,4.846557887787579,325.89549315384,1.111084998303273,0,0.0001319058,0.0,424000.0,64000.0,1.2468682327787066,0.0011846601456260036,True,vec,16,"{""1"": 5, ""2"": 1, ""3"": 6, ""4"": 9, ""5"": 3, ""6"": 11, ""7"": 5, ""8"": 12, ""9"": 11, ""10"": 5, ""11"": 2}"
320,320,True,,mpeg4\random\mappings\sample_320_seed_320.csv,5.389844841371325,327.14426953407,1.247102006660073,0,0.0001223308,0.0,552000.0,104000.0,1.1986239412296813,0.001133798415638814,True,vec,16,"{""1"": 14, ""2"": 2, ""3"": 3, ""4"": 13, ""5"": 8, ""6"": 2, ""7"": 11, ""8"": 14, ""9"": 7, ""10"": 15, ""11"": 10}"
321,321,True,,mpeg4\random\mappings\sample_321_seed_321.csv,5.1711255351045615,326.24188230637,1.2194774219722375,0,0.0001321076,0.0,340000.0,80000.0,1.6854527014062115,0.0011860251783027496,True,vec,16,"{""1"": 8, ""2"": 12, ""3"": 14, ""4"": 10, ""5"": 7, ""6"": 14, ""7"": 13, ""8"": 4, ""9"": 13, ""10"": 14, ""11"": 11}"
322,322,True,,mpeg4\random\mappings\sample_322_seed_322.csv,5.107761190339721,325.46911101169,1.0646793287024265,0,0.0001273808,0.0,576000.0,72000.0,1.7819412845042626,0.0011606253712811978,True,vec,16,"{""1"": 13, ""2"": 4, ""3"": 9, ""4"": 10, ""5"": 4, ""6"": 9, ""7"": 5, ""8"": 2, ""9"": 7, ""10"": 7, ""11"": 7}"
323,323,True,,mpeg4\random\mappings\sample_323_seed_323.csv,5.023183579693468,325.74934924789,1.1896503642217764,0,0.0001219856,0.0,508000.0,76000.0,1.466160467092459,0.0011311908087477817,True,vec,16,"{""1"": 3, ""2"": 4, ""3"": 14, ""4"": 10, ""5"": 10, ""6"": 14, ""7"": 13, ""8"": 9, ""9"": 11, ""10"": 6, ""11"": 1}"
324,324,True,,mpeg4\random\mappings\sample_324_seed_324.csv,5.070608846675831,326.17820402077,1.1283173106116322,0,0.0001221697,0.0,600000.0,88000.0,1.080206134700255,0.0011321736289738608,True,vec,16,"{""1"": 5, ""2"": 15, ""3"": 10, ""4"": 2, ""5"": 0, ""6"": 8, ""7"": 5, ""8"": 2, ""9"": 6, ""10"": 11, ""11"": 13}"
325,325,True,,mpeg4\random\mappings\sample_325_seed_325.csv,6.124020229588658,327.45511576845,1.386460790602419,1,0.0001219316,0.024164962121211876,424000.0,96000.0,2.1898248403278417,0.001131839050355928,True,vec,16,"{""1"": 4, ""2"": 3, ""3"": 11, ""4"": 7, ""5"": 7, ""6"": 7, ""7"": 3, ""8"": 2, ""9"": 0, ""10"": 2, ""11"": 5}"
326,326,True,,mpeg4\random\mappings\sample_326_seed_326.csv,5.507393778420591,326.18393873096,1.2542483042892787,0,0.000122526,0.0,652000.0,132000.0,0.8960006578767029,0.0011350701923214532,True,vec,16,"{""1"": 3, ""2"": 15, ""3"": 14, ""4"": 12, ""5"": 2, ""6"": 3, ""7"": 8, ""8"": 9, ""9"": 10, ""10"": 5, ""11"": 1}"
327,327,True,,mpeg4\random\mappings\sample_327_seed_327.csv,5.051724499539325,325.87800059769,1.1120141742859389,0,0.0001281216,0.0,524000.0,76000.0,1.4223020202297085,0.001164125265196772,True,vec,16,"{""1"": 1, ""2"": 14, ""3"": 4, ""4"": 6, ""5"": 15, ""6"": 6, ""7"": 3, ""8"": 10, ""9"": 5, ""10"": 5, ""11"": 4}"
328,328,True,,mpeg4\random\mappings\sample_328_seed_328.csv,5.799953653690329,327.39781703239,1.3349680204210044,1,0.0001223087,0.0680944767441875,392000.0,68000.0,1.4091444861708835,0.001134801732184758,True,vec,16,"{""1"": 10, ""2"": 14, ""3"": 15, ""4"": 14, ""5"": 12, ""6"": 6, ""7"": 11, ""8"": 15, ""9"": 10, ""10"": 8, ""11"": 2}"
329,329,True,,mpeg4\random\mappings\sample_329_seed_329.csv,5.657312500537175,327.27985830323,1.265204549456852,1,0.0001336049,0.01873125,564000.0,72000.0,1.0275759984649544,0.0011956266409581901,True,vec,16,"{""1"": 15, ""2"": 9, ""3"": 12, ""4"": 8, ""5"": 6, ""6"": 2, ""7"": 15, ""8"": 10, ""9"": 0, ""10"": 15, ""11"": 7}"
330,330,True,,mpeg4\random\mappings\sample_330_seed_330.csv,6.143548551861798,327.30279208751,1.2343589446175343,1,0.0001215989,0.009628333333333124,596000.0,152000.0,1.1372221156218305,0.0011295479165678158,True,vec,16,"{""1"": 2, ""2"": 1, ""3"": 10, ""4"": 10, ""5"": 7, ""6"": 3, ""7"": 4, ""8"": 12, ""9"": 2, ""10"": 13, ""11"": 0}"
331,331,True,,mpeg4\random\mappings\sample_331_seed_331.csv,6.006102436158618,327.38586846099,1.2355872753853159,2,0.0001320402,0.0391875,416000.0,64000.0,1.5100189139552096,0.0011865920357540696,True,vec,16,"{""1"": 10, ""2"": 5, ""3"": 15, ""4"": 14, ""5"": 10, ""6"": 13, ""7"": 13, ""8"": 7, ""9"": 13, ""10"": 1, ""11"": 3}"
332,332,True,,mpeg4\random\mappings\sample_332_seed_332.csv,6.370062620694359,327.45488243775,1.294572085156626,1,0.0001221477,0.04247569444444438,704000.0,92000.0,2.1240371700337164,0.0011336190290987098,True,vec,16,"{""1"": 7, ""2"": 13, ""3"": 0, ""4"": 7, ""5"": 7, ""6"": 0, ""7"": 2, ""8"": 12, ""9"": 5, ""10"": 6, ""11"": 5}"
333,333,True,,mpeg4\random\mappings\sample_333_seed_333.csv,4.76505484074096,325.81542743344,1.0764866607582817,0,0.0001210717,0.0,480000.0,80000.0,0.9793317069159289,0.001125377404927766,True,vec,16,"{""1"": 11, ""2"": 11, ""3"": 2, ""4"": 9, ""5"": 10, ""6"": 13, ""7"": 8, ""8"": 6, ""9"": 7, ""10"": 10, ""11"": 12}"
334,334,True,,mpeg4\random\mappings\sample_334_seed_334.csv,7.099252435697259,327.60874791753,1.1620490253210178,1,0.0001421518,0.0869579861111125,672000.0,144000.0,1.9529892272689893,0.0012403791545362382,True,vec,16,"{""1"": 7, ""2"": 12, ""3"": 11, ""4"": 11, ""5"": 11, ""6"": 6, ""7"": 0, ""8"": 13, ""9"": 8, ""10"": 13, ""11"": 4}"
335,335,True,,mpeg4\random\mappings\sample_335_seed_335.csv,5.648247984005958,327.31400945651,1.3895872364143174,2,0.0001215527,0.018341569548872436,392000.0,48000.0,1.2994983690140074,0.0011302261659393836,True,vec,16,"{""1"": 4, ""2"": 0, ""3"": 1, ""4"": 0, ""5"": 5, ""6"": 15, ""7"": 13, ""8"": 14, ""9"": 15, ""10"": 11, ""11"": 13}"
336,336,True,,mpeg4\random\mappings\sample_336_seed_336.csv,4.874069136430528,325.6674307984,1.1859924412008593,0,0.0001217957,0.0,568000.0,80000.0,0.8302129875825772,0.0011302197676042482,True,vec,16,"{""1"": 0, ""2"": 6, ""3"": 5, ""4"": 14, ""5"": 0, ""6"": 15, ""7"": 10, ""8"": 4, ""9"": 2, ""10"": 13, ""11"": 11}"
337,337,True,,mpeg4\random\mappings\sample_337_seed_337.csv,6.180609003659415,327.24170370732,1.2819336543083981,1,0.000122052,0.0038497767857143123,644000.0,96000.0,2.365258627778844,0.001132607473372344,True,vec,16,"{""1"": 6, ""2"": 15, ""3"": 11, ""4"": 8, ""5"": 14, ""6"": 0, ""7"": 11, ""8"": 11, ""9"": 15, ""10"": 0, ""11"": 0}"
338,338,True,,mpeg4\random\mappings\sample_338_seed_338.csv,4.984261833989041,326.41027874315,1.2200459586227002,0,0.0001224587,0.0,656000.0,72000.0,0.7644253172884515,0.0011344826543252585,True,vec,16,"{""1"": 3, ""2"": 13, ""3"": 15, ""4"": 6, ""5"": 1, ""6"": 9, ""7"": 14, ""8"": 8, ""9"": 12, ""10"": 10, ""11"": 14}"
339,339,True,,mpeg4\random\mappings\sample_339_seed_339.csv,5.254319877003407,325.81782264116,1.1951988483550788,0,0.000121812,0.0,652000.0,80000.0,1.6152791864258107,0.001130676844427419,True,vec,16,"{""1"": 4, ""2"": 4, ""3"": 2, ""4"": 11, ""5"": 15, ""6"": 1, ""7"": 15, ""8"": 14, ""9"": 2, ""10"": 12, ""11"": 1}"
340,340,True,,mpeg4\random\mappings\sample_340_seed_340.csv,4.910642958783122,326.22401563812,1.1770366907460315,0,0.0001216976,0.0,624000.0,56000.0,1.180203393547326,0.0011294092739067986,True,vec,16,"{""1"": 12, ""2"": 3, ""3"": 5, ""4"": 10, ""5"": 7, ""6"": 8, ""7"": 9, ""8"": 3, ""9"": 4, ""10"": 14, ""11"": 8}"
341,341,True,,mpeg4\random\mappings\sample_341_seed_341.csv,4.916080635783018,326.12840588365,1.2098939900646593,0,0.0001208836,0.0,436000.0,68000.0,1.4179161755434335,0.0011249826076820484,True,vec,16,"{""1"": 9, ""2"": 4, ""3"": 8, ""4"": 2, ""5"": 8, ""6"": 14, ""7"": 10, ""8"": 1, ""9"": 7, ""10"": 2, ""11"": 1}"
342,342,True,,mpeg4\random\mappings\sample_342_seed_342.csv,5.488109061986446,326.02437345533,1.1801717704342074,0,0.0001359127,0.0,364000.0,72000.0,2.7205120473671225,0.00120539284854203,True,vec,16,"{""1"": 3, ""2"": 6, ""3"": 2, ""4"": 15, ""5"": 2, ""6"": 9, ""7"": 1, ""8"": 2, ""9"": 10, ""10"": 15, ""11"": 2}"
343,343,True,,mpeg4\random\mappings\sample_343_seed_343.csv,5.213638511070171,327.23786684109,1.2069193433770755,1,0.0001225037,0.00506215277777775,552000.0,64000.0,0.7249527151119761,0.0011339862746728715,True,vec,16,"{""1"": 6, ""2"": 15, ""3"": 2, ""4"": 10, ""5"": 13, ""6"": 0, ""7"": 8, ""8"": 5, ""9"": 9, ""10"": 5, ""11"": 14}"
344,344,True,,mpeg4\random\mappings\sample_344_seed_344.csv,5.610972270336497,326.36206323448,1.278438558308331,0,0.0001209277,0.0,436000.0,116000.0,2.0845645678572406,0.0011251433627817782,True,vec,16,"{""1"": 12, ""2"": 12, ""3"": 10, ""4"": 9, ""5"": 12, ""6"": 13, ""7"": 8, ""8"": 3, ""9"": 10, ""10"": 13, ""11"": 9}"
345,345,True,,mpeg4\random\mappings\sample_345_seed_345.csv,4.980988611355108,326.45547381543,1.1731747031629913,0,0.0001327697,0.0,456000.0,72000.0,1.0275759984649544,0.0011895165862949835,True,vec,16,"{""1"": 9, ""2"": 0, ""3"": 3, ""4"": 6, ""5"": 11, ""6"": 4, ""7"": 9, ""8"": 5, ""9"": 12, ""10"": 9, ""11"": 13}"
346,346,True,,mpeg4\random\mappings\sample_346_seed_346.csv,4.986935591286561,326.0368702472,1.2198401812570785,0,0.0001220548,0.0,508000.0,64000.0,1.4793180011512843,0.0011317193758329008,True,vec,16,"{""1"": 6, ""2"": 3, ""3"": 15, ""4"": 4, ""5"": 3, ""6"": 2, ""7"": 4, ""8"": 10, ""9"": 13, ""10"": 3, ""11"": 14}"
347,347,True,,mpeg4\random\mappings\sample_347_seed_347.csv,5.185770357317807,326.40284229019,1.1937623682388656,0,0.0001215777,0.0,440000.0,108000.0,1.1986239412296813,0.001128545267026719,True,vec,16,"{""1"": 11, ""2"": 15, ""3"": 6, ""4"": 7, ""5"": 10, ""6"": 8, ""7"": 5, ""8"": 8, ""9"": 13, ""10"": 1, ""11"": 15}"
348,348,True,,mpeg4\random\mappings\sample_348_seed_348.csv,4.9891825110493135,325.95353568136,1.1512090589464026,0,0.0001221528,0.0,484000.0,88000.0,1.181080562484581,0.0011317593038409777,True,vec,16,"{""1"": 10, ""2"": 5, ""3"": 14, ""4"": 11, ""5"": 2, ""6"": 6, ""7"": 13, ""8"": 6, ""9"": 0, ""10"": 14, ""11"": 7}"
349,349,True,,mpeg4\random\mappings\sample_349_seed_349.csv,6.399332181997682,327.85531904021,1.3497024364636363,2,0.000121619,0.13036056818181818,416000.0,48000.0,1.5144047586414846,0.0011304064438450632,True,vec,16,"{""1"": 13, ""2"": 13, ""3"": 8, ""4"": 9, ""5"": 10, ""6"": 0, ""7"": 14, ""8"": 9, ""9"": 10, ""10"": 0, ""11"": 12}"
350,350,True,,mpeg4\random\mappings\sample_350_seed_350.csv,5.3367412870800015,327.02100511464,1.1791483303806747,0,0.000122471,0.0,544000.0,96000.0,1.4310737096022588,0.00113401344235638,True,vec,16,"{""1"": 11, ""2"": 5, ""3"": 11, ""4"": 8, ""5"": 5, ""6"": 15, ""7"": 4, ""8"": 12, ""9"": 15, ""10"": 14, ""11"": 10}"
351,351,True,,mpeg4\random\mappings\sample_351_seed_351.csv,5.021814676709561,326.23184450419,1.2266482123558908,0,0.000121839,0.0,460000.0,72000.0,1.461774622406184,0.0011303393836285928,True,vec,16,"{""1"": 11, ""2"": 10, ""3"": 9, ""4"": 14, ""5"": 12, ""6"": 7, ""7"": 12, ""8"": 8, ""9"": 14, ""10"": 7, ""11"": 10}"
352,352,True,,mpeg4\random\mappings\sample_352_seed_352.csv,5.021660178707778,326.16533149224,1.1847780207035292,0,0.0001214836,0.0,432000.0,68000.0,1.751240371700337,0.00112800618747903,True,vec,16,"{""1"": 9, ""2"": 4, ""3"": 4, ""4"": 6, ""5"": 15, ""6"": 2, ""7"": 6, ""8"": 2, ""9"": 9, ""10"": 3, ""11"": 8}"
353,353,True,,mpeg4\random\mappings\sample_353_seed_353.csv,5.689895883235547,325.99778628186,1.3287160222830534,0,0.0001218388,0.0,612000.0,88000.0,2.4310462980729697,0.001131421705040681,True,vec,16,"{""1"": 3, ""2"": 2, ""3"": 15, ""4"": 12, ""5"": 3, ""6"": 15, ""7"": 12, ""8"": 12, ""9"": 11, ""10"": 6, ""11"": 2}"
354,354,True,,mpeg4\random\mappings\sample_354_seed_354.csv,6.224579107484841,327.84038402239,1.3102216971269578,3,0.0001218118,0.08018812003968237,408000.0,48000.0,1.0670486006414297,0.0011318936266965464,True,vec,16,"{""1"": 6, ""2"": 6, ""3"": 4, ""4"": 0, ""5"": 3, ""6"": 9, ""7"": 7, ""8"": 2, ""9"": 13, ""10"": 5, ""11"": 3}"
355,355,True,,mpeg4\random\mappings\sample_355_seed_355.csv,5.279486900669518,325.92569802028,1.1935543464789675,0,0.0001218597,0.0,584000.0,96000.0,1.4793180011512843,0.0011306435205624113,True,vec,16,"{""1"": 5, ""2"": 3, ""3"": 1, ""4"": 4, ""5"": 3, ""6"": 4, ""7"": 6, ""8"": 12, ""9"": 12, ""10"": 15, ""11"": 10}"
356,356,True,,mpeg4\random\mappings\sample_356_seed_356.csv,5.599776351834249,326.1751416272,1.2149961367279363,0,0.0001278968,0.0,532000.0,72000.0,2.738055426112223,0.0011635658827738808,True,vec,16,"{""1"": 1, ""2"": 15, ""3"": 13, ""4"": 14, ""5"": 13, ""6"": 6, ""7"": 10, ""8"": 8, ""9"": 13, ""10"": 13, ""11"": 13}"
357,357,True,,mpeg4\random\mappings\sample_357_seed_357.csv,5.7733046231391665,326.96304992135,1.1260182817885052,0,0.000122478,0.0,564000.0,148000.0,1.5758065842493352,0.0011334610562790642,True,vec,16,"{""1"": 5, ""2"": 11, ""3"": 7, ""4"": 8, ""5"": 4, ""6"": 7, ""7"": 12, ""8"": 2, ""9"": 13, ""10"": 5, ""11"": 5}"
358,358,True,,mpeg4\random\mappings\sample_358_seed_358.csv,5.032701170556371,326.38883599205,1.2173528916162257,0,0.0001215498,0.0,468000.0,88000.0,1.09336366875908,0.0011287617909818497,True,vec,16,"{""1"": 7, ""2"": 6, ""3"": 6, ""4"": 0, ""5"": 3, ""6"": 2, ""7"": 4, ""8"": 12, ""9"": 1, ""10"": 7, ""11"": 9}"
359,359,True,,mpeg4\random\mappings\sample_359_seed_359.csv,5.429551963133244,326.43139783276,1.2542699738024625,0,0.0001281607,0.0,596000.0,116000.0,0.9179298813080782,0.001165490858946521,True,vec,16,"{""1"": 2, ""2"": 12, ""3"": 13, ""4"": 0, ""5"": 2, ""6"": 3, ""7"": 6, ""8"": 15, ""9"": 1, ""10"": 1, ""11"": 9}"
360,360,True,,mpeg4\random\mappings\sample_360_seed_360.csv,6.511478351278129,328.27580285795,1.1859322470864495,1,0.0001221887,0.191415625,320000.0,60000.0,1.917902469778789,0.0011325537684078008,True,vec,16,"{""1"": 7, ""2"": 9, ""3"": 6, ""4"": 4, ""5"": 5, ""6"": 2, ""7"": 7, ""8"": 7, ""9"": 2, ""10"": 3, ""11"": 2}"
361,361,True,,mpeg4\random\mappings\sample_361_seed_361.csv,5.7409836583286955,327.44984225535,1.2798278869232431,1,0.0001217948,0.022552309782608748,468000.0,88000.0,1.4301965406650037,0.0011307398672610253,True,vec,16,"{""1"": 4, ""2"": 12, ""3"": 0, ""4"": 13, ""5"": 4, ""6"": 5, ""7"": 11, ""8"": 12, ""9"": 12, ""10"": 9, ""11"": 14}"
362,362,True,,mpeg4\random\mappings\sample_362_seed_362.csv,5.772741176695703,326.13649036455,1.1648653726973148,0,0.0001322076,0.0,352000.0,88000.0,3.325758614073079,0.0011864636277342927,True,vec,16,"{""1"": 11, ""2"": 7, ""3"": 11, ""4"": 8, ""5"": 14, ""6"": 11, ""7"": 7, ""8"": 11, ""9"": 7, ""10"": 13, ""11"": 9}"
363,363,True,,mpeg4\random\mappings\sample_363_seed_363.csv,5.445115743121326,325.99550518696,1.148079462599906,0,0.0001221839,0.0,408000.0,96000.0,2.4924481236808202,0.001131358895789342,True,vec,16,"{""1"": 5, ""2"": 1, ""3"": 2, ""4"": 2, ""5"": 13, ""6"": 2, ""7"": 13, ""8"": 5, ""9"": 4, ""10"": 7, ""11"": 9}"
364,364,True,,mpeg4\random\mappings\sample_364_seed_364.csv,5.34095703841181,326.40421157165,1.2498491055857806,0,0.0001220218,0.0,504000.0,96000.0,1.5977358076807104,0.0011314512374230859,True,vec,16,"{""1"": 0, ""2"": 2, ""3"": 0, ""4"": 5, ""5"": 10, ""6"": 7, ""7"": 4, ""8"": 15, ""9"": 6, ""10"": 5, ""11"": 0}"
365,365,True,,mpeg4\random\mappings\sample_365_seed_365.csv,4.9978766096014615,326.09453196213,1.2873273407408201,0,0.0001214518,0.0,400000.0,64000.0,1.6591376332885612,0.0011278735217098838,True,vec,16,"{""1"": 9, ""2"": 4, ""3"": 12, ""4"": 12, ""5"": 5, ""6"": 0, ""7"": 6, ""8"": 9, ""9"": 3, ""10"": 0, ""11"": 6}"
366,366,True,,mpeg4\random\mappings\sample_366_seed_366.csv,5.06321884502077,325.95066544732,1.21847561567046,0,0.0001225628,0.0,552000.0,56000.0,1.7687837504454373,0.0011342178220898164,True,vec,16,"{""1"": 2, ""2"": 15, ""3"": 12, ""4"": 12, ""5"": 10, ""6"": 5, ""7"": 3, ""8"": 3, ""9"": 4, ""10"": 12, ""11"": 4}"
367,367,True,,mpeg4\random\mappings\sample_367_seed_367.csv,5.259234957203024,327.13574154669,1.268478724032311,0,0.0001221237,0.0,680000.0,64000.0,1.3477426605630327,0.0011328323325127919,True,vec,16,"{""1"": 1, ""2"": 15, ""3"": 7, ""4"": 0, ""5"": 9, ""6"": 12, ""7"": 14, ""8"": 0, ""9"": 0, ""10"": 1, ""11"": 11}"
368,368,True,,mpeg4\random\mappings\sample_368_seed_368.csv,5.290083473902255,326.34004971791,1.241289904190664,0,0.0001223948,0.0,772000.0,80000.0,1.1144157232532004,0.001134471376253334,True,vec,16,"{""1"": 15, ""2"": 1, ""3"": 3, ""4"": 15, ""5"": 8, ""6"": 4, ""7"": 10, ""8"": 1, ""9"": 14, ""10"": 12, ""11"": 6}"
369,369,True,,mpeg4\random\mappings\sample_369_seed_369.csv,4.568191825205631,325.82443584103,1.1606753337549178,0,0.0001227019,0.0,536000.0,56000.0,0.5670623064060744,0.0011353410469258662,True,vec,16,"{""1"": 11, ""2"": 9, ""3"": 0, ""4"": 13, ""5"": 6, ""6"": 3, ""7"": 4, ""8"": 7, ""9"": 15, ""10"": 2, ""11"": 1}"
370,370,True,,mpeg4\random\mappings\sample_370_seed_370.csv,5.2603257933063405,325.81389277734,1.2553455025507585,0,0.000122344,0.0,672000.0,84000.0,1.3389709711904827,0.0011341340223229477,True,vec,16,"{""1"": 3, ""2"": 9, ""3"": 9, ""4"": 4, ""5"": 0, ""6"": 15, ""7"": 1, ""8"": 8, ""9"": 10, ""10"": 9, ""11"": 2}"
371,371,True,,mpeg4\random\mappings\sample_371_seed_371.csv,4.721201368326842,325.73817588155,1.0937679113492462,0,0.0001210722,0.0,488000.0,64000.0,1.180203393547326,0.0011250085307032075,True,vec,16,"{""1"": 9, ""2"": 13, ""3"": 7, ""4"": 10, ""5"": 1, ""6"": 6, ""7"": 6, ""8"": 13, ""9"": 12, ""10"": 0, ""11"": 3}"
372,372,True,,mpeg4\random\mappings\sample_372_seed_372.csv,5.096963371376636,326.47990291913,1.1845623748108947,0,0.0001229838,0.0,428000.0,88000.0,1.3784435733669582,0.0011362167119894145,True,vec,16,"{""1"": 3, ""2"": 11, ""3"": 6, ""4"": 14, ""5"": 13, ""6"": 6, ""7"": 13, ""8"": 7, ""9"": 4, ""10"": 9, ""11"": 2}"
373,373,True,,mpeg4\random\mappings\sample_373_seed_373.csv,5.659309277714658,327.54354450308,1.3138123590613506,1,0.0001319556,0.04386892361111125,388000.0,72000.0,0.9828403826649489,0.0011866665951970265,True,vec,16,"{""1"": 1, ""2"": 3, ""3"": 7, ""4"": 10, ""5"": 12, ""6"": 13, ""7"": 14, ""8"": 3, ""9"": 9, ""10"": 14, ""11"": 6}"
374,374,True,,mpeg4\random\mappings\sample_374_seed_374.csv,5.221961527839447,326.21266101295,1.1291165154313063,0,0.0001271136,0.0,568000.0,88000.0,1.4126531619199034,0.0011587140283322928,True,vec,16,"{""1"": 10, ""2"": 4, ""3"": 7, ""4"": 15, ""5"": 8, ""6"": 13, ""7"": 11, ""8"": 4, ""9"": 9, ""10"": 9, ""11"": 4}"
375,375,True,,mpeg4\random\mappings\sample_375_seed_375.csv,5.477155373568836,326.99183391443,1.1278768944507507,0,0.0001209777,0.0,424000.0,112000.0,1.9661467613278145,0.0011247356766067858,True,vec,16,"{""1"": 7, ""2"": 11, ""3"": 5, ""4"": 8, ""5"": 5, ""6"": 10, ""7"": 5, ""8"": 7, ""9"": 13, ""10"": 12, ""11"": 13}"
376,376,True,,mpeg4\random\mappings\sample_376_seed_376.csv,5.096752646630256,326.03380817092,1.2030729718082973,0,0.0001221117,0.0,588000.0,84000.0,1.1591513390532058,0.0011319814521083822,True,vec,16,"{""1"": 12, ""2"": 15, ""3"": 3, ""4"": 13, ""5"": 12, ""6"": 5, ""7"": 0, ""8"": 9, ""9"": 14, ""10"": 10, ""11"": 5}"
377,377,True,,mpeg4\random\mappings\sample_377_seed_377.csv,8.238684222082194,328.72801825971,1.3240355002880801,1,0.0001229077,0.472325347222225,368000.0,56000.0,1.8652723335434884,0.0011399122773254398,True,vec,16,"{""1"": 7, ""2"": 3, ""3"": 0, ""4"": 15, ""5"": 7, ""6"": 10, ""7"": 15, ""8"": 7, ""9"": 5, ""10"": 10, ""11"": 2}"
378,378,True,,mpeg4\random\mappings\sample_378_seed_378.csv,5.499638583196281,326.77626834256,1.2474496770686965,0,0.0001213516,0.0,680000.0,96000.0,1.4880896905238343,0.0011286928024407139,True,vec,16,"{""1"": 0, ""2"": 9, ""3"": 4, ""4"": 14, ""5"": 13, ""6"": 0, ""7"": 4, ""8"": 12, ""9"": 7, ""10"": 10, ""11"": 14}"
379,379,True,,mpeg4\random\mappings\sample_379_seed_379.csv,5.728727976974168,326.32035077842,1.3623408747263683,0,0.0001219671,0.0,628000.0,120000.0,1.6021216523669854,0.0011317416904690603,True,vec,16,"{""1"": 0, ""2"": 6, ""3"": 14, ""4"": 10, ""5"": 15, ""6"": 3, ""7"": 12, ""8"": 10, ""9"": 4, ""10"": 3, ""11"": 10}"
380,380,True,,mpeg4\random\mappings\sample_380_seed_380.csv,5.492157687684922,326.86779979952,1.2430536092711506,0,0.0001326148,0.0,596000.0,88000.0,1.466160467092459,0.0011895487295976153,True,vec,16,"{""1"": 4, ""2"": 10, ""3"": 7, ""4"": 6, ""5"": 8, ""6"": 14, ""7"": 8, ""8"": 13, ""9"": 12, ""10"": 8, ""11"": 14}"
381,381,True,,mpeg4\random\mappings\sample_381_seed_381.csv,5.047785841747373,325.95880905572,1.161478095719198,0,0.0001319889,0.0,604000.0,64000.0,1.1986239412296813,0.0011858905221641233,True,vec,16,"{""1"": 15, ""2"": 15, ""3"": 3, ""4"": 9, ""5"": 6, ""6"": 8, ""7"": 7, ""8"": 0, ""9"": 12, ""10"": 7, ""11"": 6}"
382,382,True,,mpeg4\random\mappings\sample_382_seed_382.csv,5.265787451690823,326.12348739956,1.1493597125760024,0,0.0001276837,0.0,592000.0,72000.0,1.7950988185630876,0.001162391717983659,True,vec,16,"{""1"": 1, ""2"": 8, ""3"": 7, ""4"": 1, ""5"": 10, ""6"": 15, ""7"": 5, ""8"": 4, ""9"": 10, ""10"": 10, ""11"": 10}"
383,383,True,,mpeg4\random\mappings\sample_383_seed_383.csv,4.708527282123003,326.19056730583,1.1725060073915547,0,0.0001214516,0.0,568000.0,56000.0,0.7863545407198268,0.0011284334434715107,True,vec,16,"{""1"": 12, ""2"": 4, ""3"": 3, ""4"": 11, ""5"": 9, ""6"": 6, ""7"": 2, ""8"": 7, ""9"": 6, ""10"": 8, ""11"": 15}"
384,384,True,,mpeg4\random\mappings\sample_384_seed_384.csv,5.894914188175285,327.26570232665,1.2998647230130804,1,0.0001212756,0.00760173611111125,684000.0,80000.0,1.7293111482689618,0.0011284043474171048,True,vec,16,"{""1"": 12, ""2"": 1, ""3"": 7, ""4"": 14, ""5"": 7, ""6"": 3, ""7"": 7, ""8"": 0, ""9"": 12, ""10"": 9, ""11"": 11}"
385,385,True,,mpeg4\random\mappings\sample_385_seed_385.csv,5.55800798404331,326.43139789467,1.2709607413211572,0,0.0001227149,0.0,792000.0,80000.0,1.7161536142101368,0.0011367674265983128,True,vec,16,"{""1"": 2, ""2"": 15, ""3"": 0, ""4"": 12, ""5"": 6, ""6"": 12, ""7"": 11, ""8"": 12, ""9"": 4, ""10"": 7, ""11"": 9}"
386,386,True,,mpeg4\random\mappings\sample_386_seed_386.csv,6.587701997953157,327.58880066977,1.3368675566459707,3,0.0001217324,0.094198715277775,464000.0,72000.0,1.2030097859159563,0.0011311458368173436,True,vec,16,"{""1"": 9, ""2"": 12, ""3"": 1, ""4"": 0, ""5"": 7, ""6"": 8, ""7"": 8, ""8"": 14, ""9"": 7, ""10"": 9, ""11"": 13}"
387,387,True,,mpeg4\random\mappings\sample_387_seed_387.csv,6.752826044008403,328.10774008764,1.2173996115165837,1,0.000122275277,0.16053208333333124,620000.0,84000.0,1.7161536142101368,0.0011347113615157824,True,vec,16,"{""1"": 14, ""2"": 6, ""3"": 6, ""4"": 6, ""5"": 11, ""6"": 8, ""7"": 3, ""8"": 1, ""9"": 7, ""10"": 2, ""11"": 5}"
388,388,True,,mpeg4\random\mappings\sample_388_seed_388.csv,4.95738340080243,325.75089704261,1.1420871456374022,0,0.0001215167,0.0,356000.0,60000.0,2.171404292645487,0.0011278385465820634,True,vec,16,"{""1"": 11, ""2"": 11, ""3"": 2, ""4"": 14, ""5"": 7, ""6"": 6, ""7"": 11, ""8"": 11, ""9"": 7, ""10"": 13, ""11"": 5}"
389,389,True,,mpeg4\random\mappings\sample_389_seed_389.csv,5.49385128636134,326.30384849246,1.2767716667345899,0,0.0001222599,0.0,608000.0,104000.0,1.5319481373865849,0.0011337017653639829,True,vec,16,"{""1"": 11, ""2"": 13, ""3"": 15, ""4"": 12, ""5"": 4, ""6"": 12, ""7"": 6, ""8"": 7, ""9"": 7, ""10"": 2, ""11"": 7}"
390,390,True,,mpeg4\random\mappings\sample_390_seed_390.csv,4.896495630227797,325.95873151213,1.0878983037054994,0,0.0001228079,0.0,512000.0,80000.0,1.1372221156218305,0.0011350395373603984,True,vec,16,"{""1"": 2, ""2"": 14, ""3"": 10, ""4"": 8, ""5"": 6, ""6"": 11, ""7"": 1, ""8"": 0, ""9"": 8, ""10"": 2, ""11"": 6}"
391,391,True,,mpeg4\random\mappings\sample_391_seed_391.csv,5.819194434674662,325.82615935774,1.1970229782802897,0,0.0001271817,0.0,620000.0,100000.0,2.659110221759272,0.0011602091791076809,True,vec,16,"{""1"": 15, ""2"": 5, ""3"": 5, ""4"": 15, ""5"": 1, ""6"": 15, ""7"": 1, ""8"": 7, ""9"": 7, ""10"": 7, ""11"": 4}"
392,392,True,,mpeg4\random\mappings\sample_392_seed_392.csv,5.795649977469383,327.41454574779,1.1314844007812,1,0.0001317448,0.02701291666666688,316000.0,56000.0,2.6371809983278967,0.001183727784685281,True,vec,16,"{""1"": 14, ""2"": 14, ""3"": 6, ""4"": 10, ""5"": 6, ""6"": 2, ""7"": 9, ""8"": 6, ""9"": 6, ""10"": 9, ""11"": 15}"
393,393,True,,mpeg4\random\mappings\sample_393_seed_393.csv,4.9527156068149205,326.36369011495,1.197881912768719,0,0.0001329188,0.0,536000.0,72000.0,0.6986376469943258,0.001191333205781637,True,vec,16,"{""1"": 11, ""2"": 10, ""3"": 13, ""4"": 14, ""5"": 4, ""6"": 1, ""7"": 7, ""8"": 5, ""9"": 7, ""10"": 2, ""11"": 0}"
394,394,True,,mpeg4\random\mappings\sample_394_seed_394.csv,5.107995360973872,326.91281467134,1.2461199534576644,0,0.0001208517,0.0,396000.0,84000.0,1.3959869521120583,0.0011247367619076922,True,vec,16,"{""1"": 7, ""2"": 7, ""3"": 15, ""4"": 2, ""5"": 10, ""6"": 11, ""7"": 6, ""8"": 11, ""9"": 5, ""10"": 12, ""11"": 6}"
395,395,True,,mpeg4\random\mappings\sample_395_seed_395.csv,6.411583395457529,327.22100390512,1.2462672940886719,1,0.0001216277,0.00340659722222225,572000.0,152000.0,2.0582494997395906,0.001129513903009949,True,vec,16,"{""1"": 11, ""2"": 10, ""3"": 3, ""4"": 11, ""5"": 2, ""6"": 11, ""7"": 3, ""8"": 0, ""9"": 13, ""10"": 4, ""11"": 4}"
396,396,True,,mpeg4\random\mappings\sample_396_seed_396.csv,5.701592584180825,326.82128867794,1.2275885465707725,0,0.0001220638,0.0,620000.0,104000.0,2.0486006414297853,0.0011315871349611027,True,vec,16,"{""1"": 1, ""2"": 8, ""3"": 11, ""4"": 13, ""5"": 2, ""6"": 11, ""7"": 8, ""8"": 8, ""9"": 12, ""10"": 2, ""11"": 4}"
397,397,True,,mpeg4\random\mappings\sample_397_seed_397.csv,5.462633129355777,326.18502905823,1.2719440228706855,0,0.000132497,0.0,708000.0,88000.0,1.2249390093473316,0.0011897846601095865,True,vec,16,"{""1"": 3, ""2"": 2, ""3"": 0, ""4"": 8, ""5"": 4, ""6"": 7, ""7"": 12, ""8"": 12, ""9"": 12, ""10"": 3, ""11"": 14}"
398,398,True,,mpeg4\random\mappings\sample_398_seed_398.csv,5.089543464620212,326.79660579484,1.2452840005703307,0,0.0001214336,0.0,544000.0,80000.0,1.0495052218963297,0.0011289066382541735,True,vec,16,"{""1"": 12, ""2"": 13, ""3"": 11, ""4"": 14, ""5"": 5, ""6"": 2, ""7"": 1, ""8"": 7, ""9"": 15, ""10"": 11, ""11"": 14}"
399,399,True,,mpeg4\random\mappings\sample_399_seed_399.csv,5.039770674386387,326.46830269638,1.241314183744768,0,0.0001206541,0.0,372000.0,64000.0,1.8696581782297634,0.0011232756078316981,True,vec,16,"{""1"": 1, ""2"": 5, ""3"": 3, ""4"": 5, ""5"": 2, ""6"": 1, ""7"": 1, ""8"": 0, ""9"": 7, ""10"": 12, ""11"": 7}"
400,400,True,,mpeg4\random\mappings\sample_400_seed_400.csv,5.488690796175281,325.89067620274,1.1704564525597507,0,0.0001214336,0.0,472000.0,128000.0,1.7293111482689618,0.001127952336001908,True,vec,16,"{""1"": 9, ""2"": 8, ""3"": 14, ""4"": 13, ""5"": 13, ""6"": 8, ""7"": 9, ""8"": 2, ""9"": 14, ""10"": 6, ""11"": 15}"
401,401,True,,mpeg4\random\mappings\sample_401_seed_401.csv,4.89997359722011,325.89337039319,1.1756411443724237,0,0.0001221136,0.0,560000.0,72000.0,1.0495052218963297,0.001131883392034016,True,vec,16,"{""1"": 15, ""2"": 3, ""3"": 12, ""4"": 15, ""5"": 10, ""6"": 5, ""7"": 9, ""8"": 13, ""9"": 14, ""10"": 5, ""11"": 8}"
402,402,True,,mpeg4\random\mappings\sample_402_seed_402.csv,5.705011853062752,327.16371663268,1.2948867271710984,1,0.0001218418,2.59375e-05,580000.0,92000.0,1.3433568158767577,0.0011310011839360187,True,vec,16,"{""1"": 15, ""2"": 3, ""3"": 9, ""4"": 14, ""5"": 13, ""6"": 12, ""7"": 5, ""8"": 13, ""9"": 0, ""10"": 15, ""11"": 12}"
403,403,True,,mpeg4\random\mappings\sample_403_seed_403.csv,4.807673638567245,326.05738290066,1.2272108728023825,0,0.0001217949,0.0,440000.0,72000.0,0.9617883281708286,0.0011297008013373563,True,vec,16,"{""1"": 7, ""2"": 10, ""3"": 8, ""4"": 15, ""5"": 4, ""6"": 12, ""7"": 11, ""8"": 1, ""9"": 12, ""10"": 4, ""11"": 5}"
404,404,True,,mpeg4\random\mappings\sample_404_seed_404.csv,5.439945906615774,326.24918186177,1.268313001146294,0,0.0001230761,0.0,712000.0,80000.0,1.645980099229736,0.0011382460441343805,True,vec,16,"{""1"": 2, ""2"": 12, ""3"": 3, ""4"": 10, ""5"": 4, ""6"": 12, ""7"": 3, ""8"": 0, ""9"": 0, ""10"": 15, ""11"": 2}"
405,405,True,,mpeg4\random\mappings\sample_405_seed_405.csv,4.95353168708028,325.96115050123,1.1365309059407394,0,0.0001214516,0.0,572000.0,88000.0,0.8960006578767029,0.0011282710646324141,True,vec,16,"{""1"": 1, ""2"": 5, ""3"": 3, ""4"": 12, ""5"": 9, ""6"": 7, ""7"": 6, ""8"": 14, ""9"": 10, ""10"": 0, ""11"": 3}"
406,406,True,,mpeg4\random\mappings\sample_406_seed_406.csv,6.789049005710121,327.88450539469,1.315774681096454,2,0.0001210318,0.17657159090909094,388000.0,76000.0,1.4179161755434335,0.0011272386363295618,True,vec,16,"{""1"": 13, ""2"": 13, ""3"": 3, ""4"": 4, ""5"": 1, ""6"": 2, ""7"": 4, ""8"": 12, ""9"": 9, ""10"": 2, ""11"": 9}"
407,407,True,,mpeg4\random\mappings\sample_407_seed_407.csv,5.487780720800862,326.44816173097,1.2961507711681226,0,0.0001219536,0.0,724000.0,72000.0,1.8477289547983882,0.001132469615771611,True,vec,16,"{""1"": 3, ""2"": 9, ""3"": 14, ""4"": 12, ""5"": 2, ""6"": 12, ""7"": 13, ""8"": 12, ""9"": 1, ""10"": 3, ""11"": 11}"
408,408,True,,mpeg4\random\mappings\sample_408_seed_408.csv,6.013781418636609,327.17493663463,1.2051731736075055,1,0.0001271598,0.00016916666666666875,636000.0,88000.0,2.1635097722101917,0.0011598114517763789,True,vec,16,"{""1"": 14, ""2"": 8, ""3"": 13, ""4"": 8, ""5"": 2, ""6"": 14, ""7"": 3, ""8"": 7, ""9"": 8, ""10"": 8, ""11"": 3}"
409,409,True,,mpeg4\random\mappings\sample_409_seed_409.csv,5.416511593410767,325.75480784803,1.1630007233149047,0,0.0001230909,0.0,716000.0,112000.0,1.2249390093473316,0.0011379812601227494,True,vec,16,"{""1"": 15, ""2"": 4, ""3"": 13, ""4"": 6, ""5"": 2, ""6"": 12, ""7"": 6, ""8"": 13, ""9"": 7, ""10"": 8, ""11"": 3}"
410,410,True,,mpeg4\random\mappings\sample_410_seed_410.csv,4.799097932312888,326.04489727309,1.0740049906024494,0,0.0001272496,0.0,328000.0,76000.0,1.2994983690140074,0.0011584299561707258,True,vec,16,"{""1"": 4, ""2"": 9, ""3"": 2, ""4"": 9, ""5"": 14, ""6"": 6, ""7"": 6, ""8"": 0, ""9"": 5, ""10"": 5, ""11"": 10}"
411,411,True,,mpeg4\random\mappings\sample_411_seed_411.csv,5.39898094404689,326.03672024701,1.2457349089426806,0,0.0001223309,0.0,644000.0,60000.0,2.3038568021709933,0.001133798493260843,True,vec,16,"{""1"": 6, ""2"": 0, ""3"": 6, ""4"": 7, ""5"": 15, ""6"": 12, ""7"": 6, ""8"": 10, ""9"": 0, ""10"": 3, ""11"": 6}"
412,412,True,,mpeg4\random\mappings\sample_412_seed_412.csv,5.223323396350928,326.82393360378,1.1723029557502918,0,0.0001213157,0.0,496000.0,56000.0,2.2556125106219675,0.0011275567619042632,True,vec,16,"{""1"": 9, ""2"": 1, ""3"": 3, ""4"": 9, ""5"": 6, ""6"": 6, ""7"": 14, ""8"": 3, ""9"": 15, ""10"": 0, ""11"": 6}"
413,413,True,,mpeg4\random\mappings\sample_413_seed_413.csv,5.101104142057926,325.75824414429,1.1793623779821372,0,0.0001213838,0.0,476000.0,72000.0,1.9047449357199637,0.0011275979407015496,True,vec,16,"{""1"": 14, ""2"": 5, ""3"": 5, ""4"": 4, ""5"": 8, ""6"": 14, ""7"": 8, ""8"": 2, ""9"": 3, ""10"": 14, ""11"": 9}"
414,414,True,,mpeg4\random\mappings\sample_414_seed_414.csv,4.708771864001408,325.93964726131,1.1457149463268768,0,0.0001220589,0.0,492000.0,48000.0,1.2863408349551821,0.001130956379522522,True,vec,16,"{""1"": 13, ""2"": 11, ""3"": 9, ""4"": 2, ""5"": 8, ""6"": 4, ""7"": 11, ""8"": 7, ""9"": 12, ""10"": 4, ""11"": 8}"
415,415,True,,mpeg4\random\mappings\sample_415_seed_415.csv,4.671189146905511,325.70979795813,1.095686278087135,0,0.0001223379,0.0,396000.0,64000.0,1.2468682327787066,0.0011322156628631077,True,vec,16,"{""1"": 10, ""2"": 7, ""3"": 6, ""4"": 4, ""5"": 2, ""6"": 1, ""7"": 14, ""8"": 8, ""9"": 5, ""10"": 6, ""11"": 6}"
416,416,True,,mpeg4\random\mappings\sample_416_seed_416.csv,5.222202216978379,326.93396966192,1.123320578956537,0,0.0001218757,0.0,532000.0,88000.0,1.4880896905238343,0.0011304194984350989,True,vec,16,"{""1"": 8, ""2"": 0, ""3"": 14, ""4"": 1, ""5"": 10, ""6"": 1, ""7"": 6, ""8"": 9, ""9"": 15, ""10"": 14, ""11"": 10}"
417,417,True,,mpeg4\random\mappings\sample_417_seed_417.csv,5.41078769379933,326.38177552944,1.2119002801579895,0,0.000121694,0.0,612000.0,100000.0,1.5144047586414846,0.0011299241222340617,True,vec,16,"{""1"": 2, ""2"": 1, ""3"": 1, ""4"": 11, ""5"": 0, ""6"": 14, ""7"": 0, ""8"": 12, ""9"": 12, ""10"": 2, ""11"": 9}"
418,418,True,,mpeg4\random\mappings\sample_418_seed_418.csv,4.920463110440025,326.23934108554,1.194901131437034,0,0.0001225038,0.0,472000.0,80000.0,1.0056467750335791,0.0011338337725633801,True,vec,16,"{""1"": 10, ""2"": 11, ""3"": 4, ""4"": 8, ""5"": 7, ""6"": 8, ""7"": 1, ""8"": 3, ""9"": 5, ""10"": 12, ""11"": 9}"
419,419,True,,mpeg4\random\mappings\sample_419_seed_419.csv,4.923101917263687,326.18975851629,1.1478186039070064,0,0.0001213388,0.0,472000.0,72000.0,1.352128505249308,0.0011269925698377912,True,vec,16,"{""1"": 4, ""2"": 4, ""3"": 2, ""4"": 0, ""5"": 5, ""6"": 2, ""7"": 14, ""8"": 9, ""9"": 8, ""10"": 1, ""11"": 11}"
420,420,True,,mpeg4\random\mappings\sample_420_seed_420.csv,5.921601526953686,327.22803167917,1.3200045448858977,1,0.0001222197,0.002687083333333312,640000.0,96000.0,1.5758065842493352,0.0011331687248749723,True,vec,16,"{""1"": 0, ""2"": 11, ""3"": 3, ""4"": 3, ""5"": 0, ""6"": 10, ""7"": 15, ""8"": 8, ""9"": 0, ""10"": 4, ""11"": 12}"
421,421,True,,mpeg4\random\mappings\sample_421_seed_421.csv,6.535264624275162,327.97332104253,1.333886415848735,2,0.000122342,0.129306215277775,560000.0,68000.0,1.0486280529590746,0.001135895985630166,True,vec,16,"{""1"": 8, ""2"": 15, ""3"": 10, ""4"": 14, ""5"": 13, ""6"": 7, ""7"": 12, ""8"": 15, ""9"": 3, ""10"": 9, ""11"": 8}"
422,422,True,,mpeg4\random\mappings\sample_422_seed_422.csv,4.874796254869755,326.03420848877,1.175472961827961,0,0.0001224099,0.0,576000.0,72000.0,0.8828431238178778,0.0011334087246215542,True,vec,16,"{""1"": 12, ""2"": 9, ""3"": 2, ""4"": 6, ""5"": 9, ""6"": 1, ""7"": 14, ""8"": 0, ""9"": 8, ""10"": 4, ""11"": 10}"
423,423,True,,mpeg4\random\mappings\sample_423_seed_423.csv,5.271721867551177,325.90771791694,1.0905544011467014,0,0.0001327569,0.0,488000.0,120000.0,1.0275759984649544,0.0011897074698573027,True,vec,16,"{""1"": 10, ""2"": 5, ""3"": 10, ""4"": 7, ""5"": 14, ""6"": 9, ""7"": 3, ""8"": 13, ""9"": 11, ""10"": 3, ""11"": 6}"
424,424,True,,mpeg4\random\mappings\sample_424_seed_424.csv,4.854317599419794,325.67728428178,1.212503956761893,0,0.0001217617,0.0,592000.0,72000.0,0.8302129875825772,0.0011300643272091715,True,vec,16,"{""1"": 14, ""2"": 4, ""3"": 2, ""4"": 7, ""5"": 5, ""6"": 0, ""7"": 5, ""8"": 1, ""9"": 12, ""10"": 6, ""11"": 13}"
425,425,True,,mpeg4\random\mappings\sample_425_seed_425.csv,5.0152320796830985,325.34483948659,1.1293725970637676,0,0.0001224328,0.0,548000.0,72000.0,1.6635234779748362,0.0011333221337253467,True,vec,16,"{""1"": 13, ""2"": 2, ""3"": 1, ""4"": 7, ""5"": 7, ""6"": 11, ""7"": 13, ""8"": 5, ""9"": 1, ""10"": 6, ""11"": 11}"
426,426,True,,mpeg4\random\mappings\sample_426_seed_426.csv,4.88784195851341,326.41538739275,1.1381472145564229,0,0.0001212596,0.0,488000.0,88000.0,0.803897919464927,0.0011268083732684853,True,vec,16,"{""1"": 5, ""2"": 10, ""3"": 6, ""4"": 3, ""5"": 9, ""6"": 14, ""7"": 10, ""8"": 11, ""9"": 1, ""10"": 12, ""11"": 2}"
427,427,True,,mpeg4\random\mappings\sample_427_seed_427.csv,5.792133505059292,327.32583341014,1.2591484335061252,1,0.000123330756,0.01084640151515125,744000.0,84000.0,1.1328362709355555,0.0011403430596909911,True,vec,16,"{""1"": 5, ""2"": 15, ""3"": 5, ""4"": 9, ""5"": 2, ""6"": 0, ""7"": 15, ""8"": 11, ""9"": 10, ""10"": 14, ""11"": 1}"
428,428,True,,mpeg4\random\mappings\sample_428_seed_428.csv,6.336288766041026,326.13915869691,1.1794134768255946,0,0.0001220509,0.0,716000.0,136000.0,3.1766398947397274,0.0011321553963998083,True,vec,16,"{""1"": 8, ""2"": 1, ""3"": 8, ""4"": 8, ""5"": 3, ""6"": 8, ""7"": 15, ""8"": 14, ""9"": 2, ""10"": 12, ""11"": 3}"
429,429,True,,mpeg4\random\mappings\sample_429_seed_429.csv,5.569157702053364,326.91208281873,1.2506525309563123,0,0.0001216877,0.0,692000.0,104000.0,1.4135303308571585,0.0011300678035303631,True,vec,16,"{""1"": 3, ""2"": 0, ""3"": 7, ""4"": 15, ""5"": 12, ""6"": 5, ""7"": 0, ""8"": 10, ""9"": 12, ""10"": 13, ""11"": 0}"
430,430,True,,mpeg4\random\mappings\sample_430_seed_430.csv,5.682948463198158,327.21408682018,1.1082369416924405,1,0.0001317637,0.003234375,404000.0,104000.0,1.4837038458375593,0.0011839384028388485,True,vec,16,"{""1"": 8, ""2"": 4, ""3"": 6, ""4"": 14, ""5"": 10, ""6"": 9, ""7"": 6, ""8"": 0, ""9"": 2, ""10"": 6, ""11"": 4}"
431,431,True,,mpeg4\random\mappings\sample_431_seed_431.csv,5.416084586309793,327.22236593107,1.183610095474103,1,0.0001223758,0.0025329545454545626,488000.0,64000.0,1.5714207395630602,0.001133509501221457,True,vec,16,"{""1"": 9, ""2"": 0, ""3"": 13, ""4"": 5, ""5"": 6, ""6"": 6, ""7"": 13, ""8"": 1, ""9"": 7, ""10"": 11, ""11"": 0}"
432,432,True,,mpeg4\random\mappings\sample_432_seed_432.csv,5.686240154142398,325.91175154431,1.175563453302098,0,0.0001272278,0.0,584000.0,120000.0,1.9486033825827143,0.0011598044218237677,True,vec,16,"{""1"": 15, ""2"": 2, ""3"": 5, ""4"": 7, ""5"": 5, ""6"": 15, ""7"": 0, ""8"": 12, ""9"": 6, ""10"": 6, ""11"": 15}"
433,433,True,,mpeg4\random\mappings\sample_433_seed_433.csv,5.2749805686930635,327.29009473069,1.3175141187787145,1,0.0001218996,0.015616715116279377,464000.0,48000.0,1.09336366875908,0.001131618389229935,True,vec,16,"{""1"": 6, ""2"": 15, ""3"": 15, ""4"": 11, ""5"": 9, ""6"": 3, ""7"": 7, ""8"": 2, ""9"": 6, ""10"": 13, ""11"": 1}"
434,434,True,,mpeg4\random\mappings\sample_434_seed_434.csv,4.669026360401173,325.97682423943,1.1215342636816745,0,0.0001220176,0.0,532000.0,72000.0,0.5670623064060744,0.0011309600456603896,True,vec,16,"{""1"": 11, ""2"": 2, ""3"": 9, ""4"": 0, ""5"": 5, ""6"": 14, ""7"": 13, ""8"": 6, ""9"": 10, ""10"": 4, ""11"": 12}"
435,435,True,,mpeg4\random\mappings\sample_435_seed_435.csv,4.890624510514342,326.41367671727,1.178288901083185,0,0.0001222808,0.0,452000.0,60000.0,1.4179161755434335,0.0011324898956493728,True,vec,16,"{""1"": 6, ""2"": 15, ""3"": 15, ""4"": 10, ""5"": 4, ""6"": 2, ""7"": 9, ""8"": 9, ""9"": 7, ""10"": 2, ""11"": 1}"
436,436,True,,mpeg4\random\mappings\sample_436_seed_436.csv,5.006758934289533,326.32389853832,1.2814371776616946,0,0.0001215317,0.0,428000.0,64000.0,1.549491516131685,0.0011286691705500822,True,vec,16,"{""1"": 12, ""2"": 15, ""3"": 5, ""4"": 11, ""5"": 7, ""6"": 3, ""7"": 11, ""8"": 12, ""9"": 3, ""10"": 1, ""11"": 7}"
437,437,True,,mpeg4\random\mappings\sample_437_seed_437.csv,5.537227294425841,327.28287352262,1.338764772137404,1,0.0001222356,0.004124563953488375,636000.0,64000.0,1.1372221156218305,0.0011337525188047698,True,vec,16,"{""1"": 9, ""2"": 3, ""3"": 0, ""4"": 8, ""5"": 14, ""6"": 15, ""7"": 11, ""8"": 0, ""9"": 8, ""10"": 10, ""11"": 4}"
438,438,True,,mpeg4\random\mappings\sample_438_seed_438.csv,5.272375428345091,327.28731273341,1.316275789830805,1,0.0001206522,0.0236371875,440000.0,48000.0,1.071434445327705,0.0011242345712107445,True,vec,16,"{""1"": 6, ""2"": 2, ""3"": 1, ""4"": 0, ""5"": 4, ""6"": 12, ""7"": 12, ""8"": 9, ""9"": 7, ""10"": 4, ""11"": 13}"
439,439,True,,mpeg4\random\mappings\sample_439_seed_439.csv,5.566153443105306,326.16346825538,1.299161174262649,0,0.0001216197,0.0,424000.0,96000.0,2.4310462980729697,0.0011291825212827503,True,vec,16,"{""1"": 12, ""2"": 10, ""3"": 8, ""4"": 13, ""5"": 8, ""6"": 13, ""7"": 15, ""8"": 9, ""9"": 8, ""10"": 7, ""11"": 13}"
440,440,True,,mpeg4\random\mappings\sample_440_seed_440.csv,5.299290893270054,325.92898071073,1.1353318144203983,0,0.0001216278,0.0,560000.0,112000.0,1.374057728680683,0.0011288732753763331,True,vec,16,"{""1"": 3, ""2"": 2, ""3"": 7, ""4"": 6, ""5"": 6, ""6"": 1, ""7"": 10, ""8"": 9, ""9"": 7, ""10"": 12, ""11"": 9}"
441,441,True,,mpeg4\random\mappings\sample_441_seed_441.csv,4.770042144186308,326.29537209764,1.1395240815946914,0,0.0001227359,0.0,612000.0,68000.0,0.5670623064060744,0.001135553399217607,True,vec,16,"{""1"": 5, ""2"": 12, ""3"": 6, ""4"": 14, ""5"": 9, ""6"": 0, ""7"": 13, ""8"": 4, ""9"": 8, ""10"": 3, ""11"": 15}"
442,442,True,,mpeg4\random\mappings\sample_442_seed_442.csv,6.850231126688103,327.74266015217,1.3946678736951623,2,0.0001217628,0.1729372222222225,472000.0,72000.0,1.3556371809983279,0.0011326897779387543,True,vec,16,"{""1"": 11, ""2"": 14, ""3"": 13, ""4"": 15, ""5"": 12, ""6"": 4, ""7"": 7, ""8"": 14, ""9"": 10, ""10"": 12, ""11"": 13}"
443,443,True,,mpeg4\random\mappings\sample_443_seed_443.csv,4.712692060384177,326.2470534543,1.1797986031235945,0,0.0001219739,0.0,432000.0,48000.0,1.2951125243277322,0.0011310767359298058,True,vec,16,"{""1"": 4, ""2"": 0, ""3"": 9, ""4"": 3, ""5"": 8, ""6"": 7, ""7"": 0, ""8"": 8, ""9"": 11, ""10"": 3, ""11"": 10}"
444,444,True,,mpeg4\random\mappings\sample_444_seed_444.csv,5.273437289086209,326.04142469733,1.1457115995296931,0,0.0001213687,0.0,376000.0,48000.0,3.194183273484828,0.0011270340513387883,True,vec,16,"{""1"": 9, ""2"": 9, ""3"": 15, ""4"": 8, ""5"": 9, ""6"": 14, ""7"": 9, ""8"": 0, ""9"": 15, ""10"": 2, ""11"": 9}"
445,445,True,,mpeg4\random\mappings\sample_445_seed_445.csv,5.63474780970033,327.2745556216,1.272240196012555,1,0.0001224979,0.00956732142857125,608000.0,80000.0,1.181080562484581,0.0011349640379122318,True,vec,16,"{""1"": 13, ""2"": 7, ""3"": 8, ""4"": 12, ""5"": 9, ""6"": 4, ""7"": 14, ""8"": 2, ""9"": 13, ""10"": 8, ""11"": 12}"
446,446,True,,mpeg4\random\mappings\sample_446_seed_446.csv,5.081842599635042,326.78250481874,1.2774672849088222,0,0.0001223639,0.0,628000.0,72000.0,0.8828431238178778,0.0011341513192601016,True,vec,16,"{""1"": 15, ""2"": 6, ""3"": 13, ""4"": 6, ""5"": 12, ""6"": 0, ""7"": 7, ""8"": 5, ""9"": 8, ""10"": 3, ""11"": 4}"
447,447,True,,mpeg4\random\mappings\sample_447_seed_447.csv,5.726619913992797,327.31451155426,1.3842925992080068,1,0.0001225119,0.004767241379310375,528000.0,68000.0,1.746854527014062,0.0011354627451167518,True,vec,16,"{""1"": 13, ""2"": 0, ""3"": 4, ""4"": 12, ""5"": 12, ""6"": 3, ""7"": 9, ""8"": 12, ""9"": 2, ""10"": 15, ""11"": 13}"
448,448,True,,mpeg4\random\mappings\sample_448_seed_448.csv,5.7149835819941925,327.32205069101,1.2475383053858684,1,0.000122628,0.00902196969697,716000.0,88000.0,0.9793317069159289,0.0011363922088962024,True,vec,16,"{""1"": 8, ""2"": 7, ""3"": 5, ""4"": 0, ""5"": 11, ""6"": 13, ""7"": 3, ""8"": 3, ""9"": 6, ""10"": 11, ""11"": 9}"
449,449,True,,mpeg4\random\mappings\sample_449_seed_449.csv,5.660593954585157,326.40461835675,1.3153248104429487,0,0.0001209477,0.0,372000.0,76000.0,3.206463638606398,0.0011251449609041423,True,vec,16,"{""1"": 6, ""2"": 6, ""3"": 3, ""4"": 6, ""5"": 15, ""6"": 3, ""7"": 11, ""8"": 6, ""9"": 14, ""10"": 3, ""11"": 12}"
450,450,True,,mpeg4\random\mappings\sample_450_seed_450.csv,5.824450637309144,326.19415887631,1.2634484369793666,0,0.0001219596,0.0,788000.0,120000.0,1.6942243907787615,0.0011325082308592139,True,vec,16,"{""1"": 3, ""2"": 15, ""3"": 1, ""4"": 3, ""5"": 15, ""6"": 1, ""7"": 0, ""8"": 4, ""9"": 7, ""10"": 14, ""11"": 12}"
451,451,True,,mpeg4\random\mappings\sample_451_seed_451.csv,5.583082199536793,327.16155607114,1.2398474824996217,1,0.0001213056,0.00019618055555555624,524000.0,84000.0,1.466160467092459,0.0011278359919736603,True,vec,16,"{""1"": 1, ""2"": 4, ""3"": 1, ""4"": 3, ""5"": 3, ""6"": 10, ""7"": 9, ""8"": 15, ""9"": 5, ""10"": 10, ""11"": 11}"
452,452,True,,mpeg4\random\mappings\sample_452_seed_452.csv,4.869028404262745,325.94338123952,1.1210581541882891,0,0.0001321968,0.0,348000.0,56000.0,1.650365943916011,0.001185967172665205,True,vec,16,"{""1"": 10, ""2"": 11, ""3"": 2, ""4"": 9, ""5"": 2, ""6"": 6, ""7"": 15, ""8"": 9, ""9"": 1, ""10"": 15, ""11"": 10}"
453,453,True,,mpeg4\random\mappings\sample_453_seed_453.csv,5.687195386582207,325.98876601552,1.264826914730587,0,0.0001369709,0.0,780000.0,72000.0,1.9486033825827143,0.0012131208063203638,True,vec,16,"{""1"": 7, ""2"": 12, ""3"": 12, ""4"": 7, ""5"": 14, ""6"": 0, ""7"": 10, ""8"": 15, ""9"": 15, ""10"": 2, ""11"": 12}"
454,454,True,,mpeg4\random\mappings\sample_454_seed_454.csv,5.262332152156217,325.72486781631,1.0757297509334713,0,0.0001322508,0.0,364000.0,88000.0,2.1635097722101917,0.0011859562556696657,True,vec,16,"{""1"": 9, ""2"": 10, ""3"": 6, ""4"": 10, ""5"": 8, ""6"": 4, ""7"": 10, ""8"": 8, ""9"": 1, ""10"": 10, ""11"": 13}"
455,455,True,,mpeg4\random\mappings\sample_455_seed_455.csv,5.190825681839325,325.95217940067,1.1583050066123277,0,0.0001229159,0.0,592000.0,76000.0,1.6898385460924865,0.001136266743411664,True,vec,16,"{""1"": 0, ""2"": 12, ""3"": 7, ""4"": 4, ""5"": 14, ""6"": 4, ""7"": 3, ""8"": 7, ""9"": 12, ""10"": 5, ""11"": 5}"
456,456,True,,mpeg4\random\mappings\sample_456_seed_456.csv,6.2082250043759775,327.60989741335,1.3846195032799324,2,0.0001210438,0.08060375,464000.0,64000.0,1.2863408349551821,0.0011276197834799687,True,vec,16,"{""1"": 14, ""2"": 14, ""3"": 1, ""4"": 3, ""5"": 10, ""6"": 15, ""7"": 3, ""8"": 13, ""9"": 2, ""10"": 15, ""11"": 12}"
457,457,True,,mpeg4\random\mappings\sample_457_seed_457.csv,5.0939115840038225,325.87906934923,1.032953275912659,0,0.0001205156,0.0,352000.0,96000.0,1.9924618294454648,0.0011216841482623266,True,vec,16,"{""1"": 5, ""2"": 10, ""3"": 10, ""4"": 1, ""5"": 5, ""6"": 5, ""7"": 6, ""8"": 8, ""9"": 4, ""10"": 7, ""11"": 14}"
458,458,True,,mpeg4\random\mappings\sample_458_seed_458.csv,5.155641258283607,326.07991327546,1.1932600463905243,0,0.000122634,0.0,548000.0,72000.0,1.6942243907787615,0.0011348181876432663,True,vec,16,"{""1"": 2, ""2"": 14, ""3"": 9, ""4"": 15, ""5"": 11, ""6"": 0, ""7"": 14, ""8"": 2, ""9"": 9, ""10"": 10, ""11"": 2}"
459,459,True,,mpeg4\random\mappings\sample_459_seed_459.csv,4.822087262665456,326.48217115432,1.2089554777764266,0,0.0001226978,0.0,340000.0,84000.0,0.8828431238178778,0.0011347674595449414,True,vec,16,"{""1"": 4, ""2"": 12, ""3"": 14, ""4"": 12, ""5"": 10, ""6"": 9, ""7"": 2, ""8"": 0, ""9"": 11, ""10"": 6, ""11"": 5}"
460,460,True,,mpeg4\random\mappings\sample_460_seed_460.csv,4.901251771779899,326.22013321802,1.1869899310231955,0,0.0001216676,0.0,548000.0,56000.0,1.3389709711904827,0.001129511378169521,True,vec,16,"{""1"": 9, ""2"": 15, ""3"": 10, ""4"": 0, ""5"": 13, ""6"": 14, ""7"": 15, ""8"": 0, ""9"": 10, ""10"": 1, ""11"": 12}"
461,461,True,,mpeg4\random\mappings\sample_461_seed_461.csv,4.824907515135182,325.66314518911,1.1427274008349568,0,0.0001211717,0.0,528000.0,64000.0,1.2775691455826321,0.0011263338273673864,True,vec,16,"{""1"": 10, ""2"": 2, ""3"": 2, ""4"": 13, ""5"": 8, ""6"": 15, ""7"": 7, ""8"": 13, ""9"": 6, ""10"": 9, ""11"": 5}"
462,462,True,,mpeg4\random\mappings\sample_462_seed_462.csv,5.389067850663858,326.43389039691,1.2514665784144554,0,0.0001222177,0.0,648000.0,88000.0,1.5056330692689346,0.0011332120261332132,True,vec,16,"{""1"": 2, ""2"": 12, ""3"": 3, ""4"": 0, ""5"": 8, ""6"": 8, ""7"": 5, ""8"": 5, ""9"": 11, ""10"": 1, ""11"": 0}"
463,463,True,,mpeg4\random\mappings\sample_463_seed_463.csv,5.303278483367419,326.00672819682,1.1507408673947817,0,0.0001218916,0.0,540000.0,104000.0,1.5538773608179601,0.0011301807054226625,True,vec,16,"{""1"": 6, ""2"": 15, ""3"": 2, ""4"": 5, ""5"": 14, ""6"": 7, ""7"": 6, ""8"": 2, ""9"": 12, ""10"": 9, ""11"": 6}"
464,464,True,,mpeg4\random\mappings\sample_464_seed_464.csv,5.328819440272407,326.48273016961,1.1588669563336031,0,0.000122168,0.0,676000.0,88000.0,1.4486170883473588,0.0011325824406352952,True,vec,16,"{""1"": 8, ""2"": 5, ""3"": 8, ""4"": 5, ""5"": 10, ""6"": 3, ""7"": 13, ""8"": 7, ""9"": 9, ""10"": 14, ""11"": 7}"
465,465,True,,mpeg4\random\mappings\sample_465_seed_465.csv,5.498649058705865,327.23738368076,1.198816763027951,1,0.000121794,0.0034079166666666875,540000.0,72000.0,1.453002933033634,0.0011306160404909945,True,vec,16,"{""1"": 6, ""2"": 7, ""3"": 5, ""4"": 7, ""5"": 5, ""6"": 12, ""7"": 2, ""8"": 1, ""9"": 10, ""10"": 6, ""11"": 0}"
466,466,True,,mpeg4\random\mappings\sample_466_seed_466.csv,5.192365833551656,326.42456206756,1.2001449794455763,0,0.0001214516,0.0,600000.0,80000.0,1.4003727967983335,0.0011281332542393096,True,vec,16,"{""1"": 1, ""2"": 3, ""3"": 4, ""4"": 4, ""5"": 7, ""6"": 15, ""7"": 11, ""8"": 9, ""9"": 4, ""10"": 12, ""11"": 6}"
467,467,True,,mpeg4\random\mappings\sample_467_seed_467.csv,4.972946765892743,325.93740925861,1.1976338038793544,0,0.0001219196,0.0,592000.0,72000.0,1.1152928921904552,0.0011310378357152434,True,vec,16,"{""1"": 8, ""2"": 15, ""3"": 0, ""4"": 13, ""5"": 3, ""6"": 9, ""7"": 8, ""8"": 12, ""9"": 13, ""10"": 3, ""11"": 2}"
468,468,True,,mpeg4\random\mappings\sample_468_seed_468.csv,4.6759369709072125,325.98294560492,1.1911820600839935,0,0.0001221376,0.0,464000.0,60000.0,0.8828431238178778,0.001131788645805024,True,vec,16,"{""1"": 6, ""2"": 12, ""3"": 5, ""4"": 12, ""5"": 4, ""6"": 14, ""7"": 13, ""8"": 1, ""9"": 9, ""10"": 3, ""11"": 2}"
469,469,True,,mpeg4\random\mappings\sample_469_seed_469.csv,5.809450700646939,326.35906519725,1.305074327365107,0,0.0001215938,0.0,556000.0,136000.0,1.7907129738768126,0.0011297385109324668,True,vec,16,"{""1"": 8, ""2"": 9, ""3"": 12, ""4"": 1, ""5"": 3, ""6"": 8, ""7"": 1, ""8"": 8, ""9"": 6, ""10"": 7, ""11"": 13}"
470,470,True,,mpeg4\random\mappings\sample_470_seed_470.csv,5.388213542009993,325.88779282439,1.26612389943291,0,0.0001326969,0.0,576000.0,88000.0,1.466160467092459,0.0011902207464035116,True,vec,16,"{""1"": 1, ""2"": 11, ""3"": 15, ""4"": 3, ""5"": 12, ""6"": 12, ""7"": 1, ""8"": 5, ""9"": 10, ""10"": 1, ""11"": 4}"
471,471,True,,mpeg4\random\mappings\sample_471_seed_471.csv,5.061184319712846,326.12549362864,1.2524887297998806,0,0.0001217789,0.0,540000.0,72000.0,1.3345851265042077,0.001130374902910301,True,vec,16,"{""1"": 2, ""2"": 9, ""3"": 11, ""4"": 7, ""5"": 11, ""6"": 2, ""7"": 15, ""8"": 14, ""9"": 1, ""10"": 8, ""11"": 10}"
472,472,True,,mpeg4\random\mappings\sample_472_seed_472.csv,5.288313900573599,325.98143650332,1.141662645627305,0,0.0001417116,0.0,412000.0,96000.0,1.3784435733669582,0.0012372842916736411,True,vec,16,"{""1"": 4, ""2"": 6, ""3"": 5, ""4"": 3, ""5"": 12, ""6"": 8, ""7"": 4, ""8"": 14, ""9"": 4, ""10"": 4, ""11"": 1}"
473,473,True,,mpeg4\random\mappings\sample_473_seed_473.csv,5.481967749748056,327.23885515152,1.1753340903980694,1,0.0001203357,0.00205475,464000.0,88000.0,1.374057728680683,0.0011216876147916483,True,vec,16,"{""1"": 10, ""2"": 10, ""3"": 11, ""4"": 3, ""5"": 9, ""6"": 9, ""7"": 4, ""8"": 1, ""9"": 14, ""10"": 0, ""11"": 0}"
474,474,True,,mpeg4\random\mappings\sample_474_seed_474.csv,4.915722082814571,325.44005891675,1.0749856027575764,0,0.0001212576,0.0,456000.0,88000.0,1.4003727967983335,0.0011264003399465922,True,vec,16,"{""1"": 2, ""2"": 1, ""3"": 9, ""4"": 11, ""5"": 11, ""6"": 6, ""7"": 5, ""8"": 13, ""9"": 2, ""10"": 11, ""11"": 4}"
475,475,True,,mpeg4\random\mappings\sample_475_seed_475.csv,5.293081666718694,326.15551347233,1.2556667002752966,0,0.0001221339,0.0,568000.0,80000.0,1.7073819248375868,0.0011326390051427041,True,vec,16,"{""1"": 2, ""2"": 0, ""3"": 3, ""4"": 3, ""5"": 11, ""6"": 14, ""7"": 4, ""8"": 14, ""9"": 2, ""10"": 11, ""11"": 10}"
476,476,True,,mpeg4\random\mappings\sample_476_seed_476.csv,6.711976008100537,328.16111717602,1.3134578655273716,1,0.0001222099,0.13228375,628000.0,104000.0,1.352128505249308,0.0011337584696861156,True,vec,16,"{""1"": 15, ""2"": 8, ""3"": 14, ""4"": 13, ""5"": 7, ""6"": 14, ""7"": 1, ""8"": 11, ""9"": 0, ""10"": 4, ""11"": 11}"
477,477,True,,mpeg4\random\mappings\sample_477_seed_477.csv,5.2828135812489645,325.98679942367,1.171279981412097,0,0.0001228028,0.0,488000.0,88000.0,1.926674159151339,0.0011351779839509479,True,vec,16,"{""1"": 13, ""2"": 1, ""3"": 13, ""4"": 5, ""5"": 0, ""6"": 5, ""7"": 14, ""8"": 9, ""9"": 12, ""10"": 10, ""11"": 5}"
478,478,True,,mpeg4\random\mappings\sample_478_seed_478.csv,5.46291688008423,327.29422218404,1.1960559940399607,1,0.0001218108,0.007615833333333125,576000.0,64000.0,1.356514349935583,0.0011308659729574952,True,vec,16,"{""1"": 10, ""2"": 4, ""3"": 9, ""4"": 12, ""5"": 10, ""6"": 2, ""7"": 11, ""8"": 3, ""9"": 9, ""10"": 10, ""11"": 0}"
479,479,True,,mpeg4\random\mappings\sample_479_seed_479.csv,5.1778849721871465,325.99237804331,1.2690012837739701,0,0.0001225798,0.0,424000.0,48000.0,2.496833968367095,0.001134196263659707,True,vec,16,"{""1"": 13, ""2"": 4, ""3"": 2, ""4"": 4, ""5"": 5, ""6"": 0, ""7"": 3, ""8"": 5, ""9"": 5, ""10"": 4, ""11"": 5}"
480,480,True,,mpeg4\random\mappings\sample_480_seed_480.csv,4.806087397981934,325.89295140975,1.1086541059881938,0,0.0001207876,0.0,468000.0,72000.0,1.2249390093473316,0.0011238422791687065,True,vec,16,"{""1"": 12, ""2"": 9, ""3"": 9, ""4"": 2, ""5"": 6, ""6"": 7, ""7"": 3, ""8"": 14, ""9"": 5, ""10"": 8, ""11"": 6}"
481,481,True,,mpeg4\random\mappings\sample_481_seed_481.csv,4.971446373569376,326.02345461186,1.2065572722324365,0,0.0001221708,0.0,528000.0,80000.0,1.0495052218963297,0.001132348462954681,True,vec,16,"{""1"": 15, ""2"": 13, ""3"": 9, ""4"": 14, ""5"": 6, ""6"": 3, ""7"": 10, ""8"": 4, ""9"": 9, ""10"": 1, ""11"": 14}"
482,482,True,,mpeg4\random\mappings\sample_482_seed_482.csv,4.917909095681838,326.83011980925,1.0881298803643058,0,0.0001213057,0.0,484000.0,88000.0,0.8828431238178778,0.0011271273436367062,True,vec,16,"{""1"": 9, ""2"": 13, ""3"": 5, ""4"": 7, ""5"": 13, ""6"": 6, ""7"": 1, ""8"": 3, ""9"": 11, ""10"": 15, ""11"": 8}"
483,483,True,,mpeg4\random\mappings\sample_483_seed_483.csv,6.782608578658575,328.32356076399,1.2544862518213642,1,0.0001209941,0.191431875,452000.0,80000.0,1.7556262163866123,0.0011267488272686933,True,vec,16,"{""1"": 10, ""2"": 8, ""3"": 1, ""4"": 7, ""5"": 11, ""6"": 7, ""7"": 7, ""8"": 2, ""9"": 2, ""10"": 3, ""11"": 0}"
484,484,True,,mpeg4\random\mappings\sample_484_seed_484.csv,4.988647449274427,325.83167609411,1.2387669660946592,0,0.00012271,0.0,460000.0,72000.0,1.4310737096022588,0.0011351883049503637,True,vec,16,"{""1"": 5, ""2"": 14, ""3"": 3, ""4"": 14, ""5"": 7, ""6"": 3, ""7"": 8, ""8"": 10, ""9"": 2, ""10"": 6, ""11"": 1}"
485,485,True,,mpeg4\random\mappings\sample_485_seed_485.csv,5.315710004463651,326.36742250524,1.329156287032906,0,0.0001203943,0.0,468000.0,80000.0,1.8784298676023135,0.0011228820260541738,True,vec,16,"{""1"": 4, ""2"": 4, ""3"": 10, ""4"": 11, ""5"": 12, ""6"": 15, ""7"": 15, ""8"": 5, ""9"": 3, ""10"": 10, ""11"": 15}"
486,486,True,,mpeg4\random\mappings\sample_486_seed_486.csv,5.660397841830416,325.88380705241,1.1277686880159352,0,0.0001315648,0.0,492000.0,88000.0,2.8082289410926236,0.0011829480827638987,True,vec,16,"{""1"": 5, ""2"": 5, ""3"": 5, ""4"": 7, ""5"": 15, ""6"": 9, ""7"": 15, ""8"": 15, ""9"": 12, ""10"": 15, ""11"": 8}"
487,487,True,,mpeg4\random\mappings\sample_487_seed_487.csv,5.663367996421372,327.4424603042,1.187203952652246,1,0.0001214996,0.026420000000000003,380000.0,88000.0,1.6021216523669854,0.001128216858765968,True,vec,16,"{""1"": 11, ""2"": 10, ""3"": 8, ""4"": 10, ""5"": 7, ""6"": 14, ""7"": 10, ""8"": 1, ""9"": 15, ""10"": 14, ""11"": 5}"
488,488,True,,mpeg4\random\mappings\sample_488_seed_488.csv,5.171659411314987,326.52823627623,1.2778471492130632,0,0.0001226899,0.0,668000.0,72000.0,1.09336366875908,0.0011361712552178333,True,vec,16,"{""1"": 3, ""2"": 10, ""3"": 12, ""4"": 11, ""5"": 4, ""6"": 15, ""7"": 2, ""8"": 12, ""9"": 14, ""10"": 9, ""11"": 9}"
489,489,True,,mpeg4\random\mappings\sample_489_seed_489.csv,5.733646908798535,327.39095402292,1.2355516530972566,1,0.0001229321,0.019519,668000.0,72000.0,1.352128505249308,0.0011375873445398756,True,vec,16,"{""1"": 5, ""2"": 13, ""3"": 0, ""4"": 1, ""5"": 11, ""6"": 0, ""7"": 15, ""8"": 2, ""9"": 8, ""10"": 6, ""11"": 13}"
490,490,True,,mpeg4\random\mappings\sample_490_seed_490.csv,5.004567338737656,326.20350375407,1.2414449582740346,0,0.0001207687,0.0,392000.0,64000.0,1.7907129738768126,0.001124173998356726,True,vec,16,"{""1"": 15, ""2"": 15, ""3"": 15, ""4"": 7, ""5"": 13, ""6"": 10, ""7"": 13, ""8"": 2, ""9"": 14, ""10"": 5, ""11"": 9}"
491,491,True,,mpeg4\random\mappings\sample_491_seed_491.csv,5.77339850171882,327.22433858345,1.2785143556604592,1,0.0001228998,0.0003662790697674438,404000.0,120000.0,1.356514349935583,0.0011366910208107533,True,vec,16,"{""1"": 15, ""2"": 12, ""3"": 5, ""4"": 13, ""5"": 7, ""6"": 14, ""7"": 7, ""8"": 15, ""9"": 11, ""10"": 15, ""11"": 10}"
492,492,True,,mpeg4\random\mappings\sample_492_seed_492.csv,5.457307659647412,327.28522053568,1.1988371126393096,1,0.0001213536,0.013262500000000002,532000.0,64000.0,1.3828294180532332,0.001128179853495912,True,vec,16,"{""1"": 3, ""2"": 11, ""3"": 1, ""4"": 0, ""5"": 5, ""6"": 6, ""7"": 5, ""8"": 9, ""9"": 9, ""10"": 3, ""11"": 0}"
493,493,True,,mpeg4\random\mappings\sample_493_seed_493.csv,5.5376518516031705,326.40388967105,1.1623210634567485,0,0.0001268256,0.0,396000.0,120000.0,1.931060003837614,0.0011568303526567798,True,vec,16,"{""1"": 8, ""2"": 9, ""3"": 10, ""4"": 15, ""5"": 1, ""6"": 8, ""7"": 6, ""8"": 8, ""9"": 9, ""10"": 9, ""11"": 11}"
494,494,True,,mpeg4\random\mappings\sample_494_seed_494.csv,5.366625866150008,326.27898288104,1.2921869986039507,0,0.0001312896,0.0,428000.0,80000.0,1.8600093199199583,0.0011822312673442146,True,vec,16,"{""1"": 4, ""2"": 0, ""3"": 8, ""4"": 13, ""5"": 8, ""6"": 12, ""7"": 13, ""8"": 0, ""9"": 6, ""10"": 13, ""11"": 15}"
495,495,True,,mpeg4\random\mappings\sample_495_seed_495.csv,5.241242390548231,326.3332001368,1.243341288566698,0,0.0001219217,0.0,336000.0,96000.0,1.8082563526219129,0.0011304123788237206,True,vec,16,"{""1"": 5, ""2"": 6, ""3"": 11, ""4"": 10, ""5"": 11, ""6"": 4, ""7"": 6, ""8"": 3, ""9"": 5, ""10"": 0, ""11"": 6}"
496,496,True,,mpeg4\random\mappings\sample_496_seed_496.csv,5.06888177799528,326.94993219055,1.1833602139542967,0,0.0001220988,0.0,532000.0,68000.0,1.360900194621858,0.00113172441519591,True,vec,16,"{""1"": 14, ""2"": 12, ""3"": 7, ""4"": 5, ""5"": 7, ""6"": 4, ""7"": 10, ""8"": 3, ""9"": 12, ""10"": 13, ""11"": 10}"
497,497,True,,mpeg4\random\mappings\sample_497_seed_497.csv,4.794939518633223,325.66287644245,1.1538331685219205,0,0.0001207521,0.0,428000.0,72000.0,1.2731833008963571,0.001123600236664605,True,vec,16,"{""1"": 8, ""2"": 5, ""3"": 9, ""4"": 7, ""5"": 3, ""6"": 2, ""7"": 2, ""8"": 10, ""9"": 9, ""10"": 10, ""11"": 6}"
498,498,True,,mpeg4\random\mappings\sample_498_seed_498.csv,5.483493467902065,325.95924326302,1.308370486600938,0,0.0001222709,0.0,624000.0,120000.0,1.1328362709355555,0.0011336280868840744,True,vec,16,"{""1"": 15, ""2"": 13, ""3"": 11, ""4"": 12, ""5"": 0, ""6"": 15, ""7"": 8, ""8"": 7, ""9"": 4, ""10"": 14, ""11"": 7}"
499,499,True,,mpeg4\random\mappings\sample_499_seed_499.csv,5.258413769757507,326.0260603673,1.2462799165268028,0,0.0001223549,0.0,588000.0,60000.0,2.0582494997395906,0.0011334903427054988,True,vec,16,"{""1"": 3, ""2"": 5, ""3"": 15, ""4"": 8, ""5"": 3, ""6"": 8, ""7"": 2, ""8"": 15, ""9"": 8, ""10"": 13, ""11"": 9}"
500,500,True,,mpeg4\random\mappings\sample_500_seed_500.csv,5.566697827980673,327.58907468638,1.2321231851623933,1,0.0001210467,0.05442375,384000.0,68000.0,1.1986239412296813,0.0011260643790471294,True,vec,16,"{""1"": 14, ""2"": 14, ""3"": 6, ""4"": 3, ""5"": 10, ""6"": 2, ""7"": 0, ""8"": 8, ""9"": 6, ""10"": 10, ""11"": 12}"
501,501,True,,mpeg4\random\mappings\sample_501_seed_501.csv,5.585568652553623,326.85548754403,1.1801420024742189,0,0.0001275946,0.0,296000.0,96000.0,2.676653600504372,0.001161424853053633,True,vec,16,"{""1"": 9, ""2"": 11, ""3"": 10, ""4"": 11, ""5"": 5, ""6"": 10, ""7"": 11, ""8"": 7, ""9"": 14, ""10"": 14, ""11"": 10}"
502,502,True,,mpeg4\random\mappings\sample_502_seed_502.csv,4.700111776218987,325.90657848497,1.2022648190441847,0,0.0001222287,0.0,396000.0,64000.0,1.0407335325237794,0.0011320088736429504,True,vec,16,"{""1"": 11, ""2"": 5, ""3"": 13, ""4"": 1, ""5"": 12, ""6"": 2, ""7"": 7, ""8"": 11, ""9"": 10, ""10"": 6, ""11"": 5}"
503,503,True,,mpeg4\random\mappings\sample_503_seed_503.csv,4.816834800155958,326.40913620668,1.2317914987639447,0,0.0001211616,0.0,444000.0,72000.0,0.8828431238178778,0.0011266703222575943,True,vec,16,"{""1"": 5, ""2"": 4, ""3"": 12, ""4"": 9, ""5"": 4, ""6"": 0, ""7"": 1, ""8"": 11, ""9"": 13, ""10"": 3, ""11"": 6}"
504,504,True,,mpeg4\random\mappings\sample_504_seed_504.csv,4.916254787981618,325.95369146901,1.1655487642157634,0,0.0001218087,0.0,548000.0,80000.0,0.9617883281708286,0.001130486835030009,True,vec,16,"{""1"": 14, ""2"": 11, ""3"": 1, ""4"": 4, ""5"": 5, ""6"": 11, ""7"": 9, ""8"": 0, ""9"": 3, ""10"": 10, ""11"": 6}"
505,505,True,,mpeg4\random\mappings\sample_505_seed_505.csv,5.456466639003656,326.82434418305,1.19601904000698,0,0.0001216009,0.0,504000.0,132000.0,1.1196787368767303,0.0011287620607717673,True,vec,16,"{""1"": 4, ""2"": 8, ""3"": 10, ""4"": 15, ""5"": 9, ""6"": 11, ""7"": 1, ""8"": 9, ""9"": 13, ""10"": 12, ""11"": 8}"
506,506,True,,mpeg4\random\mappings\sample_506_seed_506.csv,8.437626686803124,328.65665650717,1.2999238147841357,1,0.0001222028,0.41815694444444373,560000.0,120000.0,1.4223020202297085,0.001136546740204917,True,vec,16,"{""1"": 15, ""2"": 8, ""3"": 8, ""4"": 7, ""5"": 5, ""6"": 13, ""7"": 11, ""8"": 12, ""9"": 15, ""10"": 4, ""11"": 13}"
507,507,True,,mpeg4\random\mappings\sample_507_seed_507.csv,5.34999115229037,326.17348801346,1.2864449833228762,0,0.0001220357,0.0,528000.0,92000.0,1.637208409857186,0.0011319457048054528,True,vec,16,"{""1"": 15, ""2"": 4, ""3"": 14, ""4"": 11, ""5"": 3, ""6"": 11, ""7"": 6, ""8"": 15, ""9"": 3, ""10"": 14, ""11"": 7}"
508,508,True,,mpeg4\random\mappings\sample_508_seed_508.csv,5.980639457416669,327.28445645508,1.2516527953885923,1,0.0001216756,0.006367083333333125,540000.0,88000.0,2.286313423425893,0.001130278111129557,True,vec,16,"{""1"": 13, ""2"": 15, ""3"": 8, ""4"": 11, ""5"": 2, ""6"": 11, ""7"": 15, ""8"": 2, ""9"": 11, ""10"": 2, ""11"": 3}"
509,509,True,,mpeg4\random\mappings\sample_509_seed_509.csv,4.8981441627962985,325.94967710888,1.2147856411524687,0,0.0001221527,0.0,536000.0,72000.0,1.0056467750335791,0.001131994919077266,True,vec,16,"{""1"": 13, ""2"": 6, ""3"": 3, ""4"": 8, ""5"": 9, ""6"": 12, ""7"": 9, ""8"": 5, ""9"": 1, ""10"": 8, ""11"": 4}"
510,510,True,,mpeg4\random\mappings\sample_510_seed_510.csv,4.481745399825287,325.64211059695,1.0214558252166799,0,0.0001210222,0.0,440000.0,48000.0,1.180203393547326,0.0011245555762230102,True,vec,16,"{""1"": 9, ""2"": 13, ""3"": 2, ""4"": 4, ""5"": 10, ""6"": 5, ""7"": 5, ""8"": 13, ""9"": 11, ""10"": 8, ""11"": 3}"
511,511,True,,mpeg4\random\mappings\sample_511_seed_511.csv,5.22657014548551,326.841794656,1.235939171249015,0,0.0001324736,0.0,436000.0,84000.0,1.2644116115238069,0.001188142424419263,True,vec,16,"{""1"": 3, ""2"": 14, ""3"": 7, ""4"": 15, ""5"": 6, ""6"": 8, ""7"": 4, ""8"": 3, ""9"": 4, ""10"": 0, ""11"": 4}"
512,512,True,,mpeg4\random\mappings\sample_512_seed_512.csv,5.012247307429206,325.72492308619,1.1434204328694701,0,0.0001426297,0.0,508000.0,72000.0,0.9179298813080782,0.0012432016431802137,True,vec,16,"{""1"": 0, ""2"": 14, ""3"": 13, ""4"": 11, ""5"": 12, ""6"": 5, ""7"": 7, ""8"": 4, ""9"": 7, ""10"": 7, ""11"": 10}"
513,513,True,,mpeg4\random\mappings\sample_513_seed_513.csv,5.185682789763693,326.28232194095,1.2239139201857487,0,0.0001229339,0.0,456000.0,84000.0,1.6196650311120857,0.001136075964344204,True,vec,16,"{""1"": 0, ""2"": 6, ""3"": 13, ""4"": 9, ""5"": 10, ""6"": 13, ""7"": 0, ""8"": 4, ""9"": 5, ""10"": 9, ""11"": 5}"
514,514,True,,mpeg4\random\mappings\sample_514_seed_514.csv,5.426328438703464,326.45285307864,1.1593181307424774,0,0.0001276667,0.0,580000.0,64000.0,2.3433294043474686,0.001162144565362292,True,vec,16,"{""1"": 11, ""2"": 3, ""3"": 13, ""4"": 13, ""5"": 11, ""6"": 13, ""7"": 8, ""8"": 6, ""9"": 10, ""10"": 10, ""11"": 4}"
515,515,True,,mpeg4\random\mappings\sample_515_seed_515.csv,5.6072728817839055,327.47731026671,1.3089502146183432,1,0.000122480884,0.015925714285714376,492000.0,72000.0,1.356514349935583,0.0011344134426392444,True,vec,16,"{""1"": 5, ""2"": 8, ""3"": 3, ""4"": 0, ""5"": 14, ""6"": 8, ""7"": 0, ""8"": 9, ""9"": 1, ""10"": 5, ""11"": 4}"
516,516,True,,mpeg4\random\mappings\sample_516_seed_516.csv,4.946941152488113,326.39693386807,1.2352243184487217,0,0.0001228119,0.0,420000.0,72000.0,1.2556399221512569,0.0011355263927035797,True,vec,16,"{""1"": 7, ""2"": 0, ""3"": 1, ""4"": 8, ""5"": 0, ""6"": 4, ""7"": 11, ""8"": 5, ""9"": 8, ""10"": 9, ""11"": 11}"
517,517,True,,mpeg4\random\mappings\sample_517_seed_517.csv,5.188931949368712,327.26392601663,1.2053313933445677,1,0.0001206762,0.008440625,392000.0,64000.0,1.09336366875908,0.0011233676465800476,True,vec,16,"{""1"": 13, ""2"": 12, ""3"": 5, ""4"": 15, ""5"": 9, ""6"": 4, ""7"": 4, ""8"": 6, ""9"": 1, ""10"": 2, ""11"": 13}"
518,518,True,,mpeg4\random\mappings\sample_518_seed_518.csv,5.222766124211857,326.29345389218,1.2574468822568936,0,0.000121387,0.0,596000.0,72000.0,1.5933499629944354,0.0011286602599752322,True,vec,16,"{""1"": 11, ""2"": 11, ""3"": 15, ""4"": 7, ""5"": 14, ""6"": 0, ""7"": 14, ""8"": 8, ""9"": 3, ""10"": 11, ""11"": 8}"
519,519,True,,mpeg4\random\mappings\sample_519_seed_519.csv,5.036892713344082,326.00055880172,1.147074053028001,0,0.0001228379,0.0,572000.0,88000.0,1.0495052218963297,0.0011357784851085072,True,vec,16,"{""1"": 14, ""2"": 0, ""3"": 4, ""4"": 9, ""5"": 7, ""6"": 1, ""7"": 12, ""8"": 10, ""9"": 6, ""10"": 4, ""11"": 7}"
520,520,True,,mpeg4\random\mappings\sample_520_seed_520.csv,5.093574783810404,326.60208034013,1.2636633078505277,0,0.0001212988,0.0,512000.0,64000.0,1.5319481373865849,0.0011275663993181092,True,vec,16,"{""1"": 0, ""2"": 1, ""3"": 4, ""4"": 14, ""5"": 13, ""6"": 13, ""7"": 6, ""8"": 12, ""9"": 7, ""10"": 12, ""11"": 12}"
521,521,True,,mpeg4\random\mappings\sample_521_seed_521.csv,5.179217037583971,326.35077988023,1.21680534705581,0,0.0001218447,0.0,600000.0,80000.0,1.3345851265042077,0.0011308258169789754,True,vec,16,"{""1"": 3, ""2"": 0, ""3"": 13, ""4"": 5, ""5"": 11, ""6"": 11, ""7"": 3, ""8"": 9, ""9"": 10, ""10"": 8, ""11"": 8}"
522,522,True,,mpeg4\random\mappings\sample_522_seed_522.csv,5.319667499016987,325.87550588878,1.115919085616154,0,0.0001216257,0.0,568000.0,116000.0,1.3784435733669582,0.00112887857967241,True,vec,16,"{""1"": 2, ""2"": 7, ""3"": 4, ""4"": 2, ""5"": 6, ""6"": 4, ""7"": 1, ""8"": 12, ""9"": 14, ""10"": 9, ""11"": 0}"
523,523,True,,mpeg4\random\mappings\sample_523_seed_523.csv,5.365197847850574,326.97741028237,1.2952937987783482,0,0.0001217478,0.0,476000.0,76000.0,1.931060003837614,0.0011303308189694302,True,vec,16,"{""1"": 9, ""2"": 12, ""3"": 5, ""4"": 0, ""5"": 13, ""6"": 12, ""7"": 15, ""8"": 5, ""9"": 11, ""10"": 12, ""11"": 15}"
524,524,True,,mpeg4\random\mappings\sample_524_seed_524.csv,5.407804191383542,326.1426426205,1.0940299856751834,0,0.0001281067,0.0,548000.0,120000.0,1.3345851265042077,0.0011644012876650392,True,vec,16,"{""1"": 7, ""2"": 0, ""3"": 10, ""4"": 2, ""5"": 9, ""6"": 7, ""7"": 5, ""8"": 8, ""9"": 2, ""10"": 2, ""11"": 15}"
525,525,True,,mpeg4\random\mappings\sample_525_seed_525.csv,5.118587317066972,326.0585228748,1.2097267692298954,0,0.0001224559,0.0,708000.0,72000.0,1.1328362709355555,0.0011346279044445382,True,vec,16,"{""1"": 3, ""2"": 15, ""3"": 3, ""4"": 4, ""5"": 8, ""6"": 14, ""7"": 1, ""8"": 5, ""9"": 6, ""10"": 7, ""11"": 5}"
526,526,True,,mpeg4\random\mappings\sample_526_seed_526.csv,5.32954676743458,326.39802134159,1.3278469950721892,0,0.000121794,0.0,548000.0,88000.0,1.466160467092459,0.0011306384482870759,True,vec,16,"{""1"": 4, ""2"": 6, ""3"": 9, ""4"": 12, ""5"": 12, ""6"": 15, ""7"": 1, ""8"": 5, ""9"": 4, ""10"": 15, ""11"": 1}"
527,527,True,,mpeg4\random\mappings\sample_527_seed_527.csv,4.990209426939034,325.66652148327,1.1578648008892187,0,0.0001215297,0.0,540000.0,84000.0,1.2161673199747813,0.0011284208749503637,True,vec,16,"{""1"": 13, ""2"": 10, ""3"": 7, ""4"": 9, ""5"": 1, ""6"": 0, ""7"": 5, ""8"": 5, ""9"": 9, ""10"": 15, ""11"": 10}"
528,528,True,,mpeg4\random\mappings\sample_528_seed_528.csv,4.868846719075286,325.99934536233,1.1310090361888079,0,0.0001222138,0.0,480000.0,60000.0,1.5100189139552096,0.0011323734217612298,True,vec,16,"{""1"": 1, ""2"": 9, ""3"": 15, ""4"": 5, ""5"": 7, ""6"": 5, ""7"": 12, ""8"": 3, ""9"": 7, ""10"": 6, ""11"": 15}"
529,529,True,,mpeg4\random\mappings\sample_529_seed_529.csv,5.404677547027207,325.8589501962,1.236839810925056,0,0.0001221241,0.0,548000.0,96000.0,1.8477289547983882,0.0011322739834155153,True,vec,16,"{""1"": 4, ""2"": 7, ""3"": 13, ""4"": 7, ""5"": 13, ""6"": 12, ""7"": 3, ""8"": 14, ""9"": 4, ""10"": 13, ""11"": 6}"
530,530,True,,mpeg4\random\mappings\sample_530_seed_530.csv,5.608447775104139,327.38144180032,1.1995643091164,1,0.0001331476,0.0290375,492000.0,72000.0,1.0495052218963297,0.0011926423323713365,True,vec,16,"{""1"": 10, ""2"": 3, ""3"": 2, ""4"": 12, ""5"": 12, ""6"": 5, ""7"": 1, ""8"": 7, ""9"": 1, ""10"": 9, ""11"": 15}"
531,531,True,,mpeg4\random\mappings\sample_531_seed_531.csv,5.071261940189856,326.4045488333,1.276674337935296,0,0.0001226239,0.0,656000.0,72000.0,0.8828431238178778,0.0011360004378725575,True,vec,16,"{""1"": 4, ""2"": 14, ""3"": 2, ""4"": 1, ""5"": 14, ""6"": 3, ""7"": 9, ""8"": 11, ""9"": 7, ""10"": 6, ""11"": 13}"
532,532,True,,mpeg4\random\mappings\sample_532_seed_532.csv,5.272495383927462,326.79869638402,1.1784602864654499,0,0.000122603,0.0,528000.0,88000.0,1.5363339820728599,0.001134621541735736,True,vec,16,"{""1"": 6, ""2"": 4, ""3"": 10, ""4"": 0, ""5"": 3, ""6"": 4, ""7"": 15, ""8"": 2, ""9"": 11, ""10"": 4, ""11"": 15}"
533,533,True,,mpeg4\random\mappings\sample_533_seed_533.csv,4.983255220549558,326.15361378651,1.195538519936598,0,0.0001217937,0.0,532000.0,72000.0,1.2512540774649819,0.0011298154516294074,True,vec,16,"{""1"": 12, ""2"": 5, ""3"": 13, ""4"": 1, ""5"": 15, ""6"": 11, ""7"": 9, ""8"": 11, ""9"": 5, ""10"": 12, ""11"": 8}"
534,534,True,,mpeg4\random\mappings\sample_534_seed_534.csv,4.750795209358031,326.12594714772,1.2060800559458356,0,0.0001219196,0.0,464000.0,60000.0,1.0275759984649544,0.001130339203432978,True,vec,16,"{""1"": 13, ""2"": 6, ""3"": 8, ""4"": 11, ""5"": 13, ""6"": 0, ""7"": 4, ""8"": 14, ""9"": 1, ""10"": 5, ""11"": 4}"
535,535,True,,mpeg4\random\mappings\sample_535_seed_535.csv,5.9799792484438665,327.23428107324,1.3210543727323771,1,0.0001217458,0.0025109011627906875,668000.0,88000.0,1.8608864888572134,0.0011308441832152114,True,vec,16,"{""1"": 4, ""2"": 13, ""3"": 4, ""4"": 3, ""5"": 7, ""6"": 3, ""7"": 5, ""8"": 12, ""9"": 14, ""10"": 12, ""11"": 12}"
536,536,True,,mpeg4\random\mappings\sample_536_seed_536.csv,5.565465149840889,327.2812987681,1.1939591221651675,1,0.0001215476,0.006123660714285687,644000.0,84000.0,1.0538910665826047,0.0011293330354141744,True,vec,16,"{""1"": 6, ""2"": 0, ""3"": 13, ""4"": 15, ""5"": 5, ""6"": 14, ""7"": 10, ""8"": 12, ""9"": 12, ""10"": 1, ""11"": 13}"
537,537,True,,mpeg4\random\mappings\sample_537_seed_537.csv,5.115800922339027,326.13841562188,1.166487068116669,0,0.0001215477,0.0,612000.0,72000.0,1.4872125215865792,0.001128686387807478,True,vec,16,"{""1"": 14, ""2"": 7, ""3"": 14, ""4"": 13, ""5"": 4, ""6"": 8, ""7"": 10, ""8"": 7, ""9"": 1, ""10"": 13, ""11"": 1}"
538,538,True,,mpeg4\random\mappings\sample_538_seed_538.csv,5.071649142184878,326.39511410038,1.1851447392807304,0,0.0001220268,0.0,448000.0,84000.0,1.4003727967983335,0.0011309090449600327,True,vec,16,"{""1"": 8, ""2"": 9, ""3"": 1, ""4"": 5, ""5"": 8, ""6"": 10, ""7"": 3, ""8"": 1, ""9"": 5, ""10"": 4, ""11"": 12}"
539,539,True,,mpeg4\random\mappings\sample_539_seed_539.csv,4.699849826576813,326.16392992247,1.2200769004920018,0,0.0001212116,0.0,376000.0,48000.0,1.374057728680683,0.0011264690268459232,True,vec,16,"{""1"": 9, ""2"": 6, ""3"": 11, ""4"": 7, ""5"": 2, ""6"": 2, ""7"": 6, ""8"": 1, ""9"": 9, ""10"": 3, ""11"": 4}"
540,540,True,,mpeg4\random\mappings\sample_540_seed_540.csv,5.255748261013985,326.17798513099,1.2225956783153313,0,0.0001331036,0.0,544000.0,72000.0,1.5319481373865849,0.0011921169166410012,True,vec,16,"{""1"": 11, ""2"": 0, ""3"": 14, ""4"": 12, ""5"": 2, ""6"": 8, ""7"": 12, ""8"": 14, ""9"": 1, ""10"": 12, ""11"": 10}"
541,541,True,,mpeg4\random\mappings\sample_541_seed_541.csv,5.0211618709483465,326.20035365249,1.172747571111831,0,0.0001221716,0.0,548000.0,84000.0,1.0670486006414297,0.0011321853792482929,True,vec,16,"{""1"": 11, ""2"": 0, ""3"": 4, ""4"": 5, ""5"": 11, ""6"": 10, ""7"": 14, ""8"": 14, ""9"": 2, ""10"": 1, ""11"": 12}"
542,542,True,,mpeg4\random\mappings\sample_542_seed_542.csv,4.949050185321482,325.97098636004,1.158217705351034,0,0.0001225419,0.0,592000.0,72000.0,1.1021353581316302,0.0011341719886264995,True,vec,16,"{""1"": 15, ""2"": 3, ""3"": 6, ""4"": 5, ""5"": 14, ""6"": 11, ""7"": 4, ""8"": 5, ""9"": 8, ""10"": 6, ""11"": 13}"
543,543,True,,mpeg4\random\mappings\sample_543_seed_543.csv,5.177231305378974,326.34786993188,1.1370773739507907,0,0.0001221667,0.0,500000.0,72000.0,1.9442175378964393,0.0011315694803766855,True,vec,16,"{""1"": 4, ""2"": 2, ""3"": 8, ""4"": 2, ""5"": 2, ""6"": 14, ""7"": 12, ""8"": 14, ""9"": 9, ""10"": 10, ""11"": 5}"
544,544,True,,mpeg4\random\mappings\sample_544_seed_544.csv,4.985156249940156,326.17715793314,1.3541131153242074,0,0.0001214278,0.0,480000.0,48000.0,1.5977358076807104,0.0011282107194066392,True,vec,16,"{""1"": 8, ""2"": 3, ""3"": 2, ""4"": 0, ""5"": 12, ""6"": 12, ""7"": 15, ""8"": 9, ""9"": 1, ""10"": 12, ""11"": 8}"
545,545,True,,mpeg4\random\mappings\sample_545_seed_545.csv,4.7588384423772885,326.10710167972,1.1475012491188665,0,0.0001220587,0.0,428000.0,64000.0,1.185466407170856,0.0011314686101214385,True,vec,16,"{""1"": 6, ""2"": 1, ""3"": 2, ""4"": 12, ""5"": 11, ""6"": 10, ""7"": 2, ""8"": 7, ""9"": 7, ""10"": 6, ""11"": 15}"
546,546,True,,mpeg4\random\mappings\sample_546_seed_546.csv,5.876008008265277,327.20233156747,1.284289818048141,1,0.0001218428,0.0011416273584905626,528000.0,108000.0,1.6021216523669854,0.001130566506356511,True,vec,16,"{""1"": 0, ""2"": 8, ""3"": 1, ""4"": 11, ""5"": 12, ""6"": 4, ""7"": 10, ""8"": 12, ""9"": 4, ""10"": 6, ""11"": 12}"
547,547,True,,mpeg4\random\mappings\sample_547_seed_547.csv,4.708249643735806,325.97709196835,1.128309883947025,0,0.0001215797,0.0,476000.0,72000.0,0.8302129875825772,0.0011282652265631762,True,vec,16,"{""1"": 1, ""2"": 2, ""3"": 15, ""4"": 6, ""5"": 13, ""6"": 11, ""7"": 6, ""8"": 8, ""9"": 14, ""10"": 9, ""11"": 10}"
548,548,True,,mpeg4\random\mappings\sample_548_seed_548.csv,5.229519778328822,326.46565653876,1.2516569753556561,0,0.0001324129,0.0,504000.0,72000.0,1.4398453989748088,0.0011883564507698143,True,vec,16,"{""1"": 1, ""2"": 1, ""3"": 12, ""4"": 5, ""5"": 15, ""6"": 8, ""7"": 2, ""8"": 4, ""9"": 2, ""10"": 5, ""11"": 2}"
549,549,True,,mpeg4\random\mappings\sample_549_seed_549.csv,5.017546870122523,326.06563570786,1.1682554697832608,0,0.0001222597,0.0,532000.0,72000.0,1.4179161755434335,0.0011325881105195093,True,vec,16,"{""1"": 6, ""2"": 15, ""3"": 5, ""4"": 9, ""5"": 12, ""6"": 2, ""7"": 10, ""8"": 5, ""9"": 11, ""10"": 2, ""11"": 15}"
550,550,True,,mpeg4\random\mappings\sample_550_seed_550.csv,6.080378667167487,327.43771901065,1.3148500785899109,1,0.000132831,0.023887310606060624,668000.0,88000.0,1.374057728680683,0.0011922096588776303,True,vec,16,"{""1"": 15, ""2"": 15, ""3"": 1, ""4"": 7, ""5"": 3, ""6"": 13, ""7"": 3, ""8"": 6, ""9"": 3, ""10"": 0, ""11"": 11}"
551,551,True,,mpeg4\random\mappings\sample_551_seed_551.csv,5.100624932221636,326.02821686232,1.2478532930919093,0,0.0001222577,0.0,588000.0,80000.0,1.1591513390532058,0.0011329123910302815,True,vec,16,"{""1"": 7, ""2"": 0, ""3"": 11, ""4"": 13, ""5"": 12, ""6"": 0, ""7"": 5, ""8"": 6, ""9"": 8, ""10"": 10, ""11"": 7}"
552,552,True,,mpeg4\random\mappings\sample_552_seed_552.csv,5.218654082983489,326.66815667224,1.3756005072805233,0,0.0001216676,0.0,492000.0,84000.0,1.2117814752885063,0.0011304142001938371,True,vec,16,"{""1"": 0, ""2"": 2, ""3"": 7, ""4"": 12, ""5"": 15, ""6"": 3, ""7"": 7, ""8"": 12, ""9"": 6, ""10"": 11, ""11"": 1}"
553,553,True,,mpeg4\random\mappings\sample_553_seed_553.csv,6.321824528013221,327.15639644094,1.2746096303453067,1,0.0001281448,3.66776315789475e-05,612000.0,132000.0,1.931060003837614,0.0011654897889316529,True,vec,16,"{""1"": 15, ""2"": 0, ""3"": 14, ""4"": 0, ""5"": 13, ""6"": 12, ""7"": 14, ""8"": 14, ""9"": 5, ""10"": 5, ""11"": 4}"
554,554,True,,mpeg4\random\mappings\sample_554_seed_554.csv,4.704858173830985,326.17428707056,1.1878281124331598,0,0.0001222976,0.0,432000.0,72000.0,0.7249527151119761,0.001132652682094837,True,vec,16,"{""1"": 10, ""2"": 5, ""3"": 12, ""4"": 4, ""5"": 0, ""6"": 8, ""7"": 9, ""8"": 11, ""9"": 11, ""10"": 2, ""11"": 6}"
555,555,True,,mpeg4\random\mappings\sample_555_seed_555.csv,5.070099819188148,326.86353914721,1.2002767231269775,0,0.0001232098,0.0,488000.0,72000.0,1.3433568158767577,0.0011378577972257855,True,vec,16,"{""1"": 6, ""2"": 8, ""3"": 3, ""4"": 4, ""5"": 8, ""6"": 13, ""7"": 6, ""8"": 5, ""9"": 9, ""10"": 14, ""11"": 4}"
556,556,True,,mpeg4\random\mappings\sample_556_seed_556.csv,5.534841140008201,327.27632635323,1.3095426748476398,1,0.0001219857,0.01168125,596000.0,84000.0,0.7424960938570763,0.0011321463712410456,True,vec,16,"{""1"": 15, ""2"": 6, ""3"": 1, ""4"": 0, ""5"": 12, ""6"": 7, ""7"": 5, ""8"": 14, ""9"": 2, ""10"": 0, ""11"": 9}"
557,557,True,,mpeg4\random\mappings\sample_557_seed_557.csv,5.953143333662207,327.16111817615,1.320299007839801,1,0.0001226118,3.785714285714313e-05,532000.0,116000.0,1.5538773608179601,0.001135043593262611,True,vec,16,"{""1"": 0, ""2"": 3, ""3"": 6, ""4"": 5, ""5"": 12, ""6"": 0, ""7"": 3, ""8"": 8, ""9"": 4, ""10"": 8, ""11"": 12}"
558,558,True,,mpeg4\random\mappings\sample_558_seed_558.csv,5.893049667345278,327.57227914857,1.1861936487218963,1,0.0001318097,0.0287455,544000.0,88000.0,1.3784435733669582,0.0011850575745761859,True,vec,16,"{""1"": 12, ""2"": 8, ""3"": 5, ""4"": 14, ""5"": 2, ""6"": 7, ""7"": 5, ""8"": 1, ""9"": 0, ""10"": 5, ""11"": 0}"
559,559,True,,mpeg4\random\mappings\sample_559_seed_559.csv,5.266075025502894,325.87208815552,1.2424538080293634,0,0.0001214036,0.0,684000.0,72000.0,1.637208409857186,0.0011286650249731022,True,vec,16,"{""1"": 0, ""2"": 13, ""3"": 4, ""4"": 4, ""5"": 8, ""6"": 14, ""7"": 10, ""8"": 10, ""9"": 4, ""10"": 5, ""11"": 11}"
560,560,True,,mpeg4\random\mappings\sample_560_seed_560.csv,5.329224578125427,327.23500538465,1.3027771448874015,1,0.0001224667,0.004924305555555562,560000.0,56000.0,1.0056467750335791,0.001134722255613454,True,vec,16,"{""1"": 1, ""2"": 15, ""3"": 12, ""4"": 11, ""5"": 7, ""6"": 7, ""7"": 2, ""8"": 14, ""9"": 13, ""10"": 3, ""11"": 0}"
561,561,True,,mpeg4\random\mappings\sample_561_seed_561.csv,5.145041262196359,325.7481808733,1.1446553137218065,0,0.0001216507,0.0,392000.0,80000.0,2.145966393465091,0.0011284013043071492,True,vec,16,"{""1"": 6, ""2"": 5, ""3"": 6, ""4"": 7, ""5"": 11, ""6"": 14, ""7"": 6, ""8"": 9, ""9"": 13, ""10"": 0, ""11"": 6}"
562,562,True,,mpeg4\random\mappings\sample_562_seed_562.csv,5.6050594536290355,326.75753208713,1.2295791070078763,0,0.0001214648,0.0,620000.0,120000.0,1.4486170883473588,0.0011291222358413187,True,vec,16,"{""1"": 11, ""2"": 3, ""3"": 3, ""4"": 12, ""5"": 5, ""6"": 11, ""7"": 13, ""8"": 1, ""9"": 14, ""10"": 1, ""11"": 6}"
563,563,True,,mpeg4\random\mappings\sample_563_seed_563.csv,4.87610154004254,326.77655386751,1.250902430463414,0,0.0001224619,0.0,588000.0,48000.0,1.0056467750335791,0.0011342557457839151,True,vec,16,"{""1"": 9, ""2"": 0, ""3"": 11, ""4"": 11, ""5"": 7, ""6"": 14, ""7"": 4, ""8"": 5, ""9"": 10, ""10"": 8, ""11"": 2}"
564,564,True,,mpeg4\random\mappings\sample_564_seed_564.csv,4.921294606626722,325.74608436605,1.1467330566086695,0,0.0001215996,0.0,452000.0,100000.0,0.8960006578767029,0.0011284072619283261,True,vec,16,"{""1"": 9, ""2"": 6, ""3"": 9, ""4"": 13, ""5"": 11, ""6"": 8, ""7"": 4, ""8"": 10, ""9"": 5, ""10"": 2, ""11"": 1}"
565,565,True,,mpeg4\random\mappings\sample_565_seed_565.csv,5.952301721307663,327.37726691774,1.312945933750849,1,0.0001219868,0.023906597222222502,560000.0,72000.0,2.0626353444258654,0.001132289964178855,True,vec,16,"{""1"": 15, ""2"": 10, ""3"": 13, ""4"": 10, ""5"": 4, ""6"": 3, ""7"": 10, ""8"": 12, ""9"": 11, ""10"": 13, ""11"": 13}"
566,566,True,,mpeg4\random\mappings\sample_566_seed_566.csv,5.033483095913739,326.98251358963,1.2366696945529234,0,0.0001221316,0.0,560000.0,80000.0,0.7863545407198268,0.0011325238253015743,True,vec,16,"{""1"": 15, ""2"": 9, ""3"": 2, ""4"": 12, ""5"": 1, ""6"": 11, ""7"": 10, ""8"": 4, ""9"": 2, ""10"": 3, ""11"": 13}"
567,567,True,,mpeg4\random\mappings\sample_567_seed_567.csv,5.10235330061207,326.44807125159,1.2111660745066999,0,0.0001273309,0.0,644000.0,72000.0,0.9705600175433787,0.0011611043743482393,True,vec,16,"{""1"": 4, ""2"": 10, ""3"": 9, ""4"": 14, ""5"": 12, ""6"": 0, ""7"": 5, ""8"": 15, ""9"": 10, ""10"": 10, ""11"": 2}"
568,568,True,,mpeg4\random\mappings\sample_568_seed_568.csv,4.9351661657731105,325.8326801509,1.1265843437682068,0,0.0001324676,0.0,540000.0,84000.0,0.6986376469943258,0.0011883007193256559,True,vec,16,"{""1"": 3, ""2"": 1, ""3"": 12, ""4"": 6, ""5"": 2, ""6"": 14, ""7"": 10, ""8"": 15, ""9"": 13, ""10"": 10, ""11"": 8}"
569,569,True,,mpeg4\random\mappings\sample_569_seed_569.csv,5.044444145993099,325.94284819749,1.1991044600189273,0,0.0001216438,0.0,520000.0,64000.0,1.6986102354650365,0.0011287191528968636,True,vec,16,"{""1"": 1, ""2"": 10, ""3"": 8, ""4"": 8, ""5"": 2, ""6"": 15, ""7"": 3, ""8"": 1, ""9"": 15, ""10"": 5, ""11"": 10}"
570,570,True,,mpeg4\random\mappings\sample_570_seed_570.csv,5.615413234075916,327.29735697457,1.243005728704196,1,0.0001326467,0.019992763157895,424000.0,72000.0,1.3433568158767577,0.0011903216412116958,True,vec,16,"{""1"": 2, ""2"": 6, ""3"": 1, ""4"": 0, ""5"": 8, ""6"": 10, ""7"": 7, ""8"": 0, ""9"": 7, ""10"": 11, ""11"": 10}"
571,571,True,,mpeg4\random\mappings\sample_571_seed_571.csv,4.927188897370382,325.76582640556,1.1290219495133376,0,0.0001312561,0.0,324000.0,56000.0,1.9486033825827143,0.0011808684412174684,True,vec,16,"{""1"": 4, ""2"": 8, ""3"": 1, ""4"": 4, ""5"": 1, ""6"": 5, ""7"": 5, ""8"": 3, ""9"": 5, ""10"": 10, ""11"": 13}"
572,572,True,,mpeg4\random\mappings\sample_572_seed_572.csv,6.163197176077517,327.20284861299,1.2120604235744625,1,0.0001365308,0.0021572916666666875,540000.0,120000.0,1.746854527014062,0.0012091716514368036,True,vec,16,"{""1"": 6, ""2"": 12, ""3"": 8, ""4"": 15, ""5"": 2, ""6"": 4, ""7"": 7, ""8"": 8, ""9"": 4, ""10"": 5, ""11"": 8}"
573,573,True,,mpeg4\random\mappings\sample_573_seed_573.csv,5.73592163014386,327.16288246913,1.2790598663535255,1,0.000127648506,0.00012607142857143125,668000.0,88000.0,1.1152928921904552,0.0011626616958326907,True,vec,16,"{""1"": 8, ""2"": 7, ""3"": 14, ""4"": 5, ""5"": 3, ""6"": 15, ""7"": 8, ""8"": 2, ""9"": 12, ""10"": 12, ""11"": 12}"
574,574,True,,mpeg4\random\mappings\sample_574_seed_574.csv,5.706996439138572,327.22988302037,1.255994208309073,1,0.0001223848,0.004235763888888875,556000.0,88000.0,1.4837038458375593,0.0011338008047928675,True,vec,16,"{""1"": 9, ""2"": 3, ""3"": 13, ""4"": 15, ""5"": 12, ""6"": 13, ""7"": 1, ""8"": 9, ""9"": 7, ""10"": 8, ""11"": 7}"
575,575,True,,mpeg4\random\mappings\sample_575_seed_575.csv,4.885244426743248,326.17609648181,1.1744233805193682,0,0.0001217478,0.0,480000.0,64000.0,1.3345851265042077,0.0011299690962287814,True,vec,16,"{""1"": 9, ""2"": 1, ""3"": 13, ""4"": 15, ""5"": 13, ""6"": 10, ""7"": 3, ""8"": 12, ""9"": 9, ""10"": 14, ""11"": 3}"
576,576,True,,mpeg4\random\mappings\sample_576_seed_576.csv,5.080465117954009,326.02600523794,1.1803576749871612,0,0.0001225708,0.0,572000.0,88000.0,1.1021353581316302,0.0011342984863509187,True,vec,16,"{""1"": 15, ""2"": 6, ""3"": 12, ""4"": 2, ""5"": 6, ""6"": 8, ""7"": 14, ""8"": 0, ""9"": 8, ""10"": 4, ""11"": 10}"
577,577,True,,mpeg4\random\mappings\sample_577_seed_577.csv,5.455192299186539,326.00873422139,1.3168952846342843,0,0.0001222488,0.0,676000.0,128000.0,0.6986376469943258,0.001133856838233315,True,vec,16,"{""1"": 12, ""2"": 11, ""3"": 14, ""4"": 13, ""5"": 3, ""6"": 15, ""7"": 9, ""8"": 2, ""9"": 7, ""10"": 12, ""11"": 10}"
578,578,True,,mpeg4\random\mappings\sample_578_seed_578.csv,5.876212059822157,326.03716377651,1.0874757597862206,0,0.0001322719,0.0,596000.0,112000.0,2.6152517748965214,0.0011868449435545128,True,vec,16,"{""1"": 9, ""2"": 5, ""3"": 11, ""4"": 2, ""5"": 5, ""6"": 11, ""7"": 12, ""8"": 12, ""9"": 1, ""10"": 12, ""11"": 11}"
579,579,True,,mpeg4\random\mappings\sample_579_seed_579.csv,5.141215809312073,326.87105639365,1.1243633138658085,0,0.0001218767,0.0,484000.0,60000.0,2.0363202763082153,0.0011302952513489695,True,vec,16,"{""1"": 10, ""2"": 12, ""3"": 10, ""4"": 1, ""5"": 10, ""6"": 1, ""7"": 3, ""8"": 15, ""9"": 13, ""10"": 2, ""11"": 4}"
580,580,True,,mpeg4\random\mappings\sample_580_seed_580.csv,5.328869854983973,325.74198227131,1.0564281259507056,0,0.0001275678,0.0,432000.0,72000.0,2.7292837367396725,0.001160058971215173,True,vec,16,"{""1"": 9, ""2"": 2, ""3"": 13, ""4"": 9, ""5"": 9, ""6"": 6, ""7"": 6, ""8"": 9, ""9"": 8, ""10"": 8, ""11"": 4}"
581,581,True,,mpeg4\random\mappings\sample_581_seed_581.csv,5.552637099170364,326.53071043046,1.216126200572255,0,0.0001214837,0.0,420000.0,104000.0,2.299470957484718,0.0011277743133229026,True,vec,16,"{""1"": 0, ""2"": 5, ""3"": 12, ""4"": 0, ""5"": 13, ""6"": 9, ""7"": 14, ""8"": 9, ""9"": 1, ""10"": 9, ""11"": 9}"
582,582,True,,mpeg4\random\mappings\sample_582_seed_582.csv,5.439246024923375,327.33256433181,1.222344466798045,1,0.0001217787,0.019561111111111248,432000.0,64000.0,1.4223020202297085,0.0011300839596289538,True,vec,16,"{""1"": 6, ""2"": 3, ""3"": 5, ""4"": 12, ""5"": 1, ""6"": 1, ""7"": 6, ""8"": 7, ""9"": 5, ""10"": 4, ""11"": 14}"
583,583,True,,mpeg4\random\mappings\sample_583_seed_583.csv,5.3561519938340405,326.84915384777,1.1784946761817054,0,0.0001222748,0.0,644000.0,72000.0,1.8170280419944629,0.001133063521820914,True,vec,16,"{""1"": 3, ""2"": 9, ""3"": 6, ""4"": 8, ""5"": 15, ""6"": 9, ""7"": 7, ""8"": 4, ""9"": 3, ""10"": 4, ""11"": 9}"
584,584,True,,mpeg4\random\mappings\sample_584_seed_584.csv,5.048162501529648,325.8381758265,1.1728284048549342,0,0.0001318616,0.0,516000.0,64000.0,1.453002933033634,0.0011853488923732054,True,vec,16,"{""1"": 8, ""2"": 4, ""3"": 9, ""4"": 3, ""5"": 2, ""6"": 3, ""7"": 7, ""8"": 2, ""9"": 14, ""10"": 7, ""11"": 15}"
585,585,True,,mpeg4\random\mappings\sample_585_seed_585.csv,5.538696917960113,327.25202322187,1.2785639636939654,1,0.0001217548,0.012030312500000001,544000.0,72000.0,1.2424823880924316,0.0011303541341821895,True,vec,16,"{""1"": 1, ""2"": 2, ""3"": 11, ""4"": 11, ""5"": 15, ""6"": 13, ""7"": 6, ""8"": 6, ""9"": 0, ""10"": 8, ""11"": 14}"
586,586,True,,mpeg4\random\mappings\sample_586_seed_586.csv,5.877316360218968,327.56142668937,1.2772089274084506,1,0.0001227617,0.039872544642856875,816000.0,72000.0,0.900386502562978,0.0011377357499025647,True,vec,16,"{""1"": 8, ""2"": 3, ""3"": 15, ""4"": 6, ""5"": 1, ""6"": 12, ""7"": 9, ""8"": 11, ""9"": 3, ""10"": 6, ""11"": 2}"
587,587,True,,mpeg4\random\mappings\sample_587_seed_587.csv,4.610808789673235,325.75639095698,1.0925124085018818,0,0.0001221716,0.0,480000.0,56000.0,1.0275759984649544,0.0011316323511317923,True,vec,16,"{""1"": 10, ""2"": 1, ""3"": 7, ""4"": 12, ""5"": 4, ""6"": 6, ""7"": 7, ""8"": 11, ""9"": 13, ""10"": 14, ""11"": 14}"
588,588,True,,mpeg4\random\mappings\sample_588_seed_588.csv,5.132966343889138,325.98492681529,1.1784445712131737,0,0.000132401,0.0,668000.0,72000.0,1.0275759984649544,0.0011882839072748358,True,vec,16,"{""1"": 12, ""2"": 9, ""3"": 10, ""4"": 3, ""5"": 11, ""6"": 2, ""7"": 12, ""8"": 7, ""9"": 12, ""10"": 5, ""11"": 0}"
589,589,True,,mpeg4\random\mappings\sample_589_seed_589.csv,5.426511607892896,327.22323325793,1.2683757688903015,1,0.000122579624,0.0018383333333333125,580000.0,68000.0,1.080206134700255,0.001135399339592937,True,vec,16,"{""1"": 3, ""2"": 10, ""3"": 12, ""4"": 7, ""5"": 6, ""6"": 15, ""7"": 3, ""8"": 7, ""9"": 2, ""10"": 11, ""11"": 9}"
590,590,True,,mpeg4\random\mappings\sample_590_seed_590.csv,5.0878950895700745,325.86907249511,1.2369130318260346,0,0.0001214997,0.0,636000.0,76000.0,1.181080562484581,0.0011291760693535166,True,vec,16,"{""1"": 0, ""2"": 1, ""3"": 13, ""4"": 11, ""5"": 4, ""6"": 15, ""7"": 10, ""8"": 15, ""9"": 13, ""10"": 3, ""11"": 12}"
591,591,True,,mpeg4\random\mappings\sample_591_seed_591.csv,4.582045500818541,325.86941743141,1.080834882058612,0,0.0001215202,0.0,504000.0,56000.0,0.8960006578767029,0.001127563951705139,True,vec,16,"{""1"": 12, ""2"": 3, ""3"": 2, ""4"": 5, ""5"": 9, ""6"": 6, ""7"": 6, ""8"": 14, ""9"": 1, ""10"": 8, ""11"": 4}"
592,592,True,,mpeg4\random\mappings\sample_592_seed_592.csv,4.758714381885454,325.75109400968,1.0882693672158499,0,0.0001227499,0.0,464000.0,80000.0,0.9398591047394534,0.0011346018533897764,True,vec,16,"{""1"": 2, ""2"": 14, ""3"": 4, ""4"": 6, ""5"": 10, ""6"": 7, ""7"": 0, ""8"": 5, ""9"": 10, ""10"": 11, ""11"": 2}"
593,593,True,,mpeg4\random\mappings\sample_593_seed_593.csv,5.526645160491321,327.43473969209,1.319227142423552,1,0.0001218647,0.0403675,424000.0,68000.0,1.0266988295276993,0.0011311316663361898,True,vec,16,"{""1"": 10, ""2"": 11, ""3"": 15, ""4"": 12, ""5"": 13, ""6"": 0, ""7"": 5, ""8"": 11, ""9"": 4, ""10"": 12, ""11"": 2}"
594,594,True,,mpeg4\random\mappings\sample_594_seed_594.csv,5.657790416082159,326.15584224331,1.1185270052206038,0,0.0001334088,0.0,648000.0,120000.0,1.5319481373865849,0.001193361504413287,True,vec,16,"{""1"": 4, ""2"": 15, ""3"": 1, ""4"": 1, ""5"": 14, ""6"": 6, ""7"": 0, ""8"": 6, ""9"": 0, ""10"": 2, ""11"": 9}"
595,595,True,,mpeg4\random\mappings\sample_595_seed_595.csv,5.579292349586265,326.19135203231,1.1529082369935786,0,0.0001265137,0.0,496000.0,120000.0,1.8740440229160384,0.0011552783495906494,True,vec,16,"{""1"": 11, ""2"": 11, ""3"": 7, ""4"": 15, ""5"": 13, ""6"": 10, ""7"": 4, ""8"": 13, ""9"": 13, ""10"": 13, ""11"": 0}"
596,596,True,,mpeg4\random\mappings\sample_596_seed_596.csv,5.341048125168912,326.05400304617,1.2136321952958995,0,0.0001269698,0.0,560000.0,92000.0,1.549491516131685,0.001158354197565826,True,vec,16,"{""1"": 12, ""2"": 4, ""3"": 5, ""4"": 6, ""5"": 7, ""6"": 13, ""7"": 7, ""8"": 5, ""9"": 1, ""10"": 1, ""11"": 4}"
597,597,True,,mpeg4\random\mappings\sample_597_seed_597.csv,5.96820081837547,326.46053617671,1.3153310699604863,0,0.0001320476,0.0,664000.0,88000.0,2.6152517748965214,0.0011875293610907806,True,vec,16,"{""1"": 3, ""2"": 4, ""3"": 3, ""4"": 12, ""5"": 8, ""6"": 8, ""7"": 12, ""8"": 8, ""9"": 15, ""10"": 12, ""11"": 13}"
598,598,True,,mpeg4\random\mappings\sample_598_seed_598.csv,5.858981706351329,325.94594150834,1.3731405989342345,0,0.0001216919,0.0,696000.0,96000.0,2.4266604533866944,0.0011308913374122767,True,vec,16,"{""1"": 3, ""2"": 14, ""3"": 11, ""4"": 11, ""5"": 10, ""6"": 0, ""7"": 10, ""8"": 3, ""9"": 14, ""10"": 11, ""11"": 14}"
599,599,True,,mpeg4\random\mappings\sample_599_seed_599.csv,5.186191059121533,326.10010697962,1.1593822442723056,0,0.000122756,0.0,548000.0,88000.0,1.4837038458375593,0.0011353660169860266,True,vec,16,"{""1"": 1, ""2"": 10, ""3"": 1, ""4"": 9, ""5"": 4, ""6"": 8, ""7"": 3, ""8"": 3, ""9"": 1, ""10"": 5, ""11"": 13}"
600,600,True,,mpeg4\random\mappings\sample_600_seed_600.csv,5.017320788524098,325.73695027774,1.2362779745704933,0,0.0001217616,0.0,592000.0,68000.0,1.3126559030728324,0.0011302201359311426,True,vec,16,"{""1"": 8, ""2"": 11, ""3"": 3, ""4"": 12, ""5"": 12, ""6"": 14, ""7"": 13, ""8"": 14, ""9"": 1, ""10"": 2, ""11"": 4}"
601,601,True,,mpeg4\random\mappings\sample_601_seed_601.csv,5.399490463660419,326.24986466094,1.2245519068410489,0,0.0001322459,0.0,676000.0,88000.0,1.2249390093473316,0.001188387387989715,True,vec,16,"{""1"": 6, ""2"": 1, ""3"": 12, ""4"": 15, ""5"": 0, ""6"": 1, ""7"": 11, ""8"": 3, ""9"": 14, ""10"": 11, ""11"": 14}"
602,602,True,,mpeg4\random\mappings\sample_602_seed_602.csv,5.895839726147886,327.2840065654,1.3573137732160065,1,0.0001219057,0.022779062500000002,624000.0,100000.0,1.0495052218963297,0.0011323498428174967,True,vec,16,"{""1"": 12, ""2"": 5, ""3"": 14, ""4"": 15, ""5"": 12, ""6"": 3, ""7"": 1, ""8"": 10, ""9"": 11, ""10"": 14, ""11"": 9}"
603,603,True,,mpeg4\random\mappings\sample_603_seed_603.csv,5.502134583628666,325.89011059982,1.186516668271364,0,0.0001225859,0.0,584000.0,104000.0,1.931060003837614,0.0011345509397409843,True,vec,16,"{""1"": 5, ""2"": 10, ""3"": 1, ""4"": 2, ""5"": 14, ""6"": 1, ""7"": 14, ""8"": 14, ""9"": 4, ""10"": 13, ""11"": 0}"
604,604,True,,mpeg4\random\mappings\sample_604_seed_604.csv,5.203119811849714,326.32298635476,1.15875502906392,0,0.0001213557,0.0,576000.0,72000.0,1.7994846632493626,0.0011281493324877556,True,vec,16,"{""1"": 2, ""2"": 6, ""3"": 11, ""4"": 12, ""5"": 14, ""6"": 9, ""7"": 6, ""8"": 12, ""9"": 3, ""10"": 11, ""11"": 11}"
605,605,True,,mpeg4\random\mappings\sample_605_seed_605.csv,5.187179424685654,326.31178844019,1.1745315591503893,0,0.000122118,0.0,656000.0,88000.0,1.1196787368767303,0.001132499476714656,True,vec,16,"{""1"": 5, ""2"": 13, ""3"": 1, ""4"": 11, ""5"": 7, ""6"": 15, ""7"": 4, ""8"": 15, ""9"": 13, ""10"": 2, ""11"": 3}"
606,606,True,,mpeg4\random\mappings\sample_606_seed_606.csv,5.3695664253735504,325.66324179104,1.1379994900719477,0,0.0001333548,0.0,644000.0,96000.0,1.374057728680683,0.001193098176758329,True,vec,16,"{""1"": 1, ""2"": 11, ""3"": 4, ""4"": 14, ""5"": 15, ""6"": 14, ""7"": 5, ""8"": 13, ""9"": 5, ""10"": 9, ""11"": 11}"
607,607,True,,mpeg4\random\mappings\sample_607_seed_607.csv,5.309746739532938,326.02840935798,1.2120916047351042,0,0.0001214497,0.0,576000.0,120000.0,0.988103396288479,0.0011286522801793107,True,vec,16,"{""1"": 2, ""2"": 3, ""3"": 1, ""4"": 5, ""5"": 7, ""6"": 0, ""7"": 5, ""8"": 4, ""9"": 3, ""10"": 14, ""11"": 10}"
608,608,True,,mpeg4\random\mappings\sample_608_seed_608.csv,5.603577324500918,327.361600187,1.2085160383800826,1,0.0001224441,0.01135738636363625,680000.0,88000.0,0.803897919464927,0.0011349236343779648,True,vec,16,"{""1"": 4, ""2"": 6, ""3"": 11, ""4"": 5, ""5"": 10, ""6"": 0, ""7"": 15, ""8"": 15, ""9"": 12, ""10"": 3, ""11"": 14}"
609,609,True,,mpeg4\random\mappings\sample_609_seed_609.csv,5.122653176244013,326.76259436757,1.180653403744452,0,0.0001219216,0.0,572000.0,72000.0,1.3828294180532332,0.001131222128549609,True,vec,16,"{""1"": 9, ""2"": 1, ""3"": 7, ""4"": 5, ""5"": 9, ""6"": 0, ""7"": 1, ""8"": 5, ""9"": 11, ""10"": 15, ""11"": 6}"
610,610,True,,mpeg4\random\mappings\sample_610_seed_610.csv,6.624531829195948,328.16402632333,1.255569449671687,1,0.0001216739,0.13463875,576000.0,104000.0,1.352128505249308,0.0011301700288539654,True,vec,16,"{""1"": 14, ""2"": 13, ""3"": 11, ""4"": 10, ""5"": 6, ""6"": 11, ""7"": 1, ""8"": 9, ""9"": 4, ""10"": 0, ""11"": 9}"
611,611,True,,mpeg4\random\mappings\sample_611_seed_611.csv,4.796047015370365,325.67222927009,1.1176307800749365,0,0.0001225087,0.0,504000.0,88000.0,0.7249527151119761,0.0011335549224173024,True,vec,16,"{""1"": 11, ""2"": 4, ""3"": 14, ""4"": 6, ""5"": 15, ""6"": 5, ""7"": 7, ""8"": 10, ""9"": 4, ""10"": 2, ""11"": 1}"
612,612,True,,mpeg4\random\mappings\sample_612_seed_612.csv,6.346595768333328,327.85565678106,1.2601510806063867,2,0.0001214517,0.13063761363636361,496000.0,72000.0,0.803897919464927,0.0011296915166364408,True,vec,16,"{""1"": 7, ""2"": 6, ""3"": 11, ""4"": 9, ""5"": 5, ""6"": 0, ""7"": 2, ""8"": 7, ""9"": 13, ""10"": 15, ""11"": 3}"
613,613,True,,mpeg4\random\mappings\sample_613_seed_613.csv,5.916402110817189,327.28241643591,1.338527672042452,1,0.0001222621,0.013823333333333127,788000.0,72000.0,1.466160467092459,0.0011351402323331692,True,vec,16,"{""1"": 8, ""2"": 4, ""3"": 14, ""4"": 15, ""5"": 0, ""6"": 3, ""7"": 12, ""8"": 3, ""9"": 15, ""10"": 10, ""11"": 14}"
614,614,True,,mpeg4\random\mappings\sample_614_seed_614.csv,5.15578433164345,326.33021379056,1.3595832415356104,0,0.0001216997,0.0,484000.0,72000.0,1.461774622406184,0.001129979588250043,True,vec,16,"{""1"": 8, ""2"": 7, ""3"": 3, ""4"": 3, ""5"": 0, ""6"": 4, ""7"": 6, ""8"": 6, ""9"": 4, ""10"": 12, ""11"": 2}"
615,615,True,,mpeg4\random\mappings\sample_615_seed_615.csv,5.132220625491309,326.00552217351,1.169463175085671,0,0.0001222638,0.0,668000.0,84000.0,1.1196787368767303,0.0011332150057682016,True,vec,16,"{""1"": 7, ""2"": 12, ""3"": 4, ""4"": 9, ""5"": 10, ""6"": 12, ""7"": 0, ""8"": 2, ""9"": 2, ""10"": 11, ""11"": 5}"
616,616,True,,mpeg4\random\mappings\sample_616_seed_616.csv,5.383204501749732,325.80438826637,1.067923316194691,0,0.0001223477,0.0,600000.0,112000.0,1.6635234779748362,0.0011326679815578155,True,vec,16,"{""1"": 0, ""2"": 14, ""3"": 4, ""4"": 6, ""5"": 6, ""6"": 9, ""7"": 6, ""8"": 5, ""9"": 2, ""10"": 4, ""11"": 10}"
617,617,True,,mpeg4\random\mappings\sample_617_seed_617.csv,5.302521000719251,327.0128484564,1.2687567031498188,0,0.0001217236,0.0,496000.0,112000.0,0.9354732600531783,0.0011302037334480902,True,vec,16,"{""1"": 15, ""2"": 14, ""3"": 2, ""4"": 11, ""5"": 0, ""6"": 13, ""7"": 14, ""8"": 8, ""9"": 6, ""10"": 15, ""11"": 10}"
618,618,True,,mpeg4\random\mappings\sample_618_seed_618.csv,5.0607611574699405,325.95235783524,1.0445953723399313,0,0.0001319056,0.0,372000.0,56000.0,2.3038568021709933,0.0011839398700821528,True,vec,16,"{""1"": 14, ""2"": 5, ""3"": 10, ""4"": 5, ""5"": 2, ""6"": 1, ""7"": 5, ""8"": 14, ""9"": 10, ""10"": 5, ""11"": 3}"
619,619,True,,mpeg4\random\mappings\sample_619_seed_619.csv,5.356794205568228,325.82884831042,1.2948676025626416,0,0.0001212559,0.0,568000.0,80000.0,1.931060003837614,0.0011278535727507354,True,vec,16,"{""1"": 0, ""2"": 4, ""3"": 0, ""4"": 7, ""5"": 4, ""6"": 3, ""7"": 4, ""8"": 15, ""9"": 3, ""10"": 13, ""11"": 5}"
620,620,True,,mpeg4\random\mappings\sample_620_seed_620.csv,4.764213659249313,326.22899188257,1.1788139580687333,0,0.0001221677,0.0,480000.0,48000.0,1.3126559030728324,0.0011319464883480115,True,vec,16,"{""1"": 7, ""2"": 13, ""3"": 15, ""4"": 6, ""5"": 9, ""6"": 1, ""7"": 4, ""8"": 15, ""9"": 7, ""10"": 1, ""11"": 2}"
621,621,True,,mpeg4\random\mappings\sample_621_seed_621.csv,5.053550220876972,325.70588111902,1.1298891845036825,0,0.0001319076,0.0,356000.0,96000.0,1.3117787341355773,0.001184453732686455,True,vec,16,"{""1"": 10, ""2"": 11, ""3"": 9, ""4"": 5, ""5"": 15, ""6"": 14, ""7"": 10, ""8"": 11, ""9"": 13, ""10"": 10, ""11"": 12}"
622,622,True,,mpeg4\random\mappings\sample_622_seed_622.csv,4.813059278366345,325.94899534971,1.2535332445995189,0,0.0001213228,0.0,420000.0,64000.0,1.2030097859159563,0.0011271283596994597,True,vec,16,"{""1"": 9, ""2"": 1, ""3"": 0, ""4"": 13, ""5"": 0, ""6"": 12, ""7"": 10, ""8"": 15, ""9"": 4, ""10"": 5, ""11"": 9}"
623,623,True,,mpeg4\random\mappings\sample_623_seed_623.csv,5.473806612855007,326.02996540836,1.2726452763340061,0,0.000122135,0.0,528000.0,92000.0,2.0582494997395906,0.0011322748038982246,True,vec,16,"{""1"": 1, ""2"": 12, ""3"": 12, ""4"": 1, ""5"": 1, ""6"": 3, ""7"": 8, ""8"": 5, ""9"": 9, ""10"": 3, ""11"": 2}"
624,624,True,,mpeg4\random\mappings\sample_624_seed_624.csv,4.768454035232279,325.88288808696,1.094593054075705,0,0.0001219447,0.0,308000.0,64000.0,1.7249253035826868,0.0011296082119066763,True,vec,16,"{""1"": 6, ""2"": 1, ""3"": 9, ""4"": 8, ""5"": 10, ""6"": 9, ""7"": 1, ""8"": 7, ""9"": 10, ""10"": 12, ""11"": 6}"
625,625,True,,mpeg4\random\mappings\sample_625_seed_625.csv,5.601961548791822,327.45799490296,1.307931691396589,1,0.0001215878,0.033270499999999995,492000.0,64000.0,1.2863408349551821,0.0011296504197438621,True,vec,16,"{""1"": 13, ""2"": 8, ""3"": 12, ""4"": 10, ""5"": 15, ""6"": 3, ""7"": 10, ""8"": 2, ""9"": 3, ""10"": 5, ""11"": 8}"
626,626,True,,mpeg4\random\mappings\sample_626_seed_626.csv,5.503136561832568,327.38871835556,1.2059363556142406,1,0.0001225508,0.028796180555555623,560000.0,72000.0,0.9223157259943532,0.0011351673848359548,True,vec,16,"{""1"": 11, ""2"": 3, ""3"": 4, ""4"": 10, ""5"": 12, ""6"": 6, ""7"": 0, ""8"": 7, ""9"": 15, ""10"": 7, ""11"": 0}"
627,627,True,,mpeg4\random\mappings\sample_627_seed_627.csv,5.28719420070597,327.21414277325,1.2557422737185113,1,0.0001227607,0.001392105263157875,588000.0,48000.0,1.1459938049943805,0.0011361671819120308,True,vec,16,"{""1"": 8, ""2"": 3, ""3"": 0, ""4"": 7, ""5"": 3, ""6"": 13, ""7"": 5, ""8"": 4, ""9"": 6, ""10"": 14, ""11"": 7}"
628,628,True,,mpeg4\random\mappings\sample_628_seed_628.csv,6.262080794928717,327.31402328799,1.3085574697410949,1,0.0001217598,0.014597222222222499,692000.0,120000.0,1.6854527014062115,0.0011312129608203705,True,vec,16,"{""1"": 12, ""2"": 2, ""3"": 4, ""4"": 4, ""5"": 14, ""6"": 15, ""7"": 12, ""8"": 3, ""9"": 15, ""10"": 5, ""11"": 14}"
629,629,True,,mpeg4\random\mappings\sample_629_seed_629.csv,4.9193936811874295,326.36457695254,1.1657729176076146,0,0.0001220108,0.0,560000.0,72000.0,0.988103396288479,0.0011314180011718436,True,vec,16,"{""1"": 1, ""2"": 10, ""3"": 9, ""4"": 0, ""5"": 14, ""6"": 11, ""7"": 2, ""8"": 15, ""9"": 10, ""10"": 13, ""11"": 0}"
630,630,True,,mpeg4\random\mappings\sample_630_seed_630.csv,4.911979702398849,325.82021127245,1.129451695708685,0,0.0001217563,0.0,540000.0,72000.0,1.2731833008963571,0.0011294824412509741,True,vec,16,"{""1"": 14, ""2"": 4, ""3"": 6, ""4"": 8, ""5"": 5, ""6"": 12, ""7"": 12, ""8"": 2, ""9"": 2, ""10"": 6, ""11"": 11}"
631,631,True,,mpeg4\random\mappings\sample_631_seed_631.csv,5.093127802748496,325.57561480642,1.0915693092388339,0,0.0001208762,0.0,400000.0,72000.0,2.3521010937200186,0.0011241091763084178,True,vec,16,"{""1"": 9, ""2"": 10, ""3"": 4, ""4"": 6, ""5"": 9, ""6"": 4, ""7"": 4, ""8"": 6, ""9"": 11, ""10"": 7, ""11"": 5}"
632,632,True,,mpeg4\random\mappings\sample_632_seed_632.csv,5.60717522926992,327.22326521732,1.1574166370480363,1,0.0001221308,0.0023095833333333124,612000.0,112000.0,0.7644253172884515,0.0011323833304170696,True,vec,16,"{""1"": 11, ""2"": 7, ""3"": 9, ""4"": 2, ""5"": 6, ""6"": 8, ""7"": 11, ""8"": 1, ""9"": 14, ""10"": 13, ""11"": 0}"
633,633,True,,mpeg4\random\mappings\sample_633_seed_633.csv,5.6522647941208986,326.23667104237,1.2416092940870835,0,0.0001214917,0.0,572000.0,104000.0,2.202982374386667,0.0011285626545855724,True,vec,16,"{""1"": 1, ""2"": 11, ""3"": 0, ""4"": 2, ""5"": 0, ""6"": 11, ""7"": 6, ""8"": 1, ""9"": 5, ""10"": 14, ""11"": 11}"
634,634,True,,mpeg4\random\mappings\sample_634_seed_634.csv,5.4428730371504574,326.0583757586,1.2086311778914312,0,0.0001216669,0.0,472000.0,80000.0,2.5406924152298456,0.00112892234958016,True,vec,16,"{""1"": 4, ""2"": 7, ""3"": 7, ""4"": 4, ""5"": 4, ""6"": 12, ""7"": 11, ""8"": 0, ""9"": 4, ""10"": 12, ""11"": 14}"
635,635,True,,mpeg4\random\mappings\sample_635_seed_635.csv,5.11000463361064,325.57337795787,1.1677021604062905,0,0.0001206663,0.0,484000.0,80000.0,1.8345714207395631,0.001123031367933429,True,vec,16,"{""1"": 11, ""2"": 11, ""3"": 14, ""4"": 2, ""5"": 4, ""6"": 7, ""7"": 7, ""8"": 14, ""9"": 4, ""10"": 8, ""11"": 8}"
636,636,True,,mpeg4\random\mappings\sample_636_seed_636.csv,5.047913492842862,326.51397334157,1.210471702549077,0,0.0001219196,0.0,580000.0,72000.0,1.1591513390532058,0.0011310842228150232,True,vec,16,"{""1"": 6, ""2"": 0, ""3"": 13, ""4"": 8, ""5"": 10, ""6"": 12, ""7"": 8, ""8"": 5, ""9"": 1, ""10"": 11, ""11"": 12}"
637,637,True,,mpeg4\random\mappings\sample_637_seed_637.csv,5.018257930626161,326.06333418295,1.2277502415652337,0,0.0001223738,0.0,644000.0,72000.0,0.9837175516022039,0.0011338440805955007,True,vec,16,"{""1"": 15, ""2"": 6, ""3"": 1, ""4"": 14, ""5"": 12, ""6"": 2, ""7"": 4, ""8"": 8, ""9"": 5, ""10"": 1, ""11"": 4}"
638,638,True,,mpeg4\random\mappings\sample_638_seed_638.csv,5.619572748350516,327.38869884785,1.17058393072896,1,0.0001226079,0.0287902777777775,580000.0,80000.0,1.09336366875908,0.0011353583750329111,True,vec,16,"{""1"": 7, ""2"": 15, ""3"": 2, ""4"": 4, ""5"": 10, ""6"": 11, ""7"": 1, ""8"": 11, ""9"": 9, ""10"": 7, ""11"": 12}"
639,639,True,,mpeg4\random\mappings\sample_639_seed_639.csv,5.924640988162846,327.17822416639,1.2306793616469973,1,0.0001217298,0.0004325,664000.0,96000.0,1.7819412845042626,0.0011305407444396748,True,vec,16,"{""1"": 12, ""2"": 4, ""3"": 11, ""4"": 4, ""5"": 6, ""6"": 12, ""7"": 5, ""8"": 11, ""9"": 6, ""10"": 2, ""11"": 0}"
640,640,True,,mpeg4\random\mappings\sample_640_seed_640.csv,4.889493167167011,325.84740536023,1.1862318672860355,0,0.0001275596,0.0,492000.0,72000.0,1.0056467750335791,0.0011611910925599757,True,vec,16,"{""1"": 0, ""2"": 14, ""3"": 11, ""4"": 6, ""5"": 6, ""6"": 8, ""7"": 15, ""8"": 5, ""9"": 12, ""10"": 12, ""11"": 1}"
641,641,True,,mpeg4\random\mappings\sample_641_seed_641.csv,6.257979748494563,327.20314989561,1.3250039563731162,1,0.0001276816,0.0005275000000000001,504000.0,96000.0,2.738055426112223,0.0011629177406685448,True,vec,16,"{""1"": 12, ""2"": 0, ""3"": 11, ""4"": 12, ""5"": 1, ""6"": 12, ""7"": 12, ""8"": 2, ""9"": 13, ""10"": 13, ""11"": 13}"
642,642,True,,mpeg4\random\mappings\sample_642_seed_642.csv,5.781643102194082,326.22829927936,1.1249493210371257,0,0.0001268738,0.0,576000.0,148000.0,1.637208409857186,0.0011575738892456828,True,vec,16,"{""1"": 8, ""2"": 13, ""3"": 10, ""4"": 13, ""5"": 9, ""6"": 11, ""7"": 4, ""8"": 15, ""9"": 13, ""10"": 13, ""11"": 2}"
643,643,True,,mpeg4\random\mappings\sample_643_seed_643.csv,5.081823499580032,325.92901278233,1.1927998741953396,0,0.0001213998,0.0,724000.0,72000.0,1.0977495134453552,0.0011289214113597804,True,vec,16,"{""1"": 12, ""2"": 10, ""3"": 9, ""4"": 7, ""5"": 11, ""6"": 0, ""7"": 12, ""8"": 6, ""9"": 6, ""10"": 11, ""11"": 2}"
644,644,True,,mpeg4\random\mappings\sample_644_seed_644.csv,4.9485085068316055,327.11472854438,1.1530730845127606,0,0.0001218589,0.0,568000.0,72000.0,0.8565280557002275,0.0011308557067087127,True,vec,16,"{""1"": 15, ""2"": 10, ""3"": 14, ""4"": 5, ""5"": 6, ""6"": 1, ""7"": 11, ""8"": 13, ""9"": 15, ""10"": 13, ""11"": 3}"
645,645,True,,mpeg4\random\mappings\sample_645_seed_645.csv,5.334791687876563,325.98808038387,1.1324587452020498,0,0.0001216737,0.0,516000.0,120000.0,1.4003727967983335,0.0011288506789452622,True,vec,16,"{""1"": 6, ""2"": 4, ""3"": 9, ""4"": 0, ""5"": 15, ""6"": 6, ""7"": 9, ""8"": 13, ""9"": 8, ""10"": 0, ""11"": 3}"
646,646,True,,mpeg4\random\mappings\sample_646_seed_646.csv,5.194438762922239,325.88839077295,1.1226305013778466,0,0.0001212116,0.0,448000.0,96000.0,1.7950988185630876,0.001126026912603615,True,vec,16,"{""1"": 10, ""2"": 6, ""3"": 13, ""4"": 5, ""5"": 11, ""6"": 11, ""7"": 10, ""8"": 12, ""9"": 4, ""10"": 8, ""11"": 11}"
647,647,True,,mpeg4\random\mappings\sample_647_seed_647.csv,5.318927097804148,327.17045112314,1.2145173724994198,1,0.0001322777,0.0004638888888888875,508000.0,72000.0,0.6986376469943258,0.0011877018551082863,True,vec,16,"{""1"": 11, ""2"": 2, ""3"": 10, ""4"": 3, ""5"": 14, ""6"": 15, ""7"": 7, ""8"": 12, ""9"": 9, ""10"": 7, ""11"": 13}"
648,648,True,,mpeg4\random\mappings\sample_648_seed_648.csv,5.604112325411411,327.38937878619,1.3564909852147893,1,0.000121355634,0.011514166666666876,440000.0,72000.0,1.5187906033277596,0.0011288774896883414,True,vec,16,"{""1"": 5, ""2"": 10, ""3"": 13, ""4"": 10, ""5"": 15, ""6"": 15, ""7"": 3, ""8"": 7, ""9"": 2, ""10"": 11, ""11"": 3}"
649,649,True,,mpeg4\random\mappings\sample_649_seed_649.csv,4.650916438101693,326.49047379931,1.150353135659785,0,0.0001213056,0.0,332000.0,56000.0,1.2249390093473316,0.0011265936417268892,True,vec,16,"{""1"": 11, ""2"": 7, ""3"": 2, ""4"": 9, ""5"": 1, ""6"": 10, ""7"": 9, ""8"": 11, ""9"": 13, ""10"": 7, ""11"": 14}"
650,650,True,,mpeg4\random\mappings\sample_650_seed_650.csv,5.437125256814106,327.28163296676,1.2097540090365957,1,0.0001216636,0.013575625000000001,520000.0,68000.0,1.2293248540336066,0.0011298978111055939,True,vec,16,"{""1"": 10, ""2"": 5, ""3"": 14, ""4"": 15, ""5"": 6, ""6"": 4, ""7"": 8, ""8"": 12, ""9"": 5, ""10"": 15, ""11"": 14}"
651,651,True,,mpeg4\random\mappings\sample_651_seed_651.csv,4.93383974815539,326.17102583577,1.1580736858004201,0,0.0001213557,0.0,372000.0,48000.0,2.176667306269017,0.0011270039707171134,True,vec,16,"{""1"": 1, ""2"": 4, ""3"": 6, ""4"": 1, ""5"": 7, ""6"": 9, ""7"": 6, ""8"": 1, ""9"": 11, ""10"": 1, ""11"": 3}"
652,652,True,,mpeg4\random\mappings\sample_652_seed_652.csv,5.465001231392121,327.31740678273,1.205594633144938,1,0.0001328276,0.01566736111111125,556000.0,72000.0,0.6986376469943258,0.0011909272218434933,True,vec,16,"{""1"": 4, ""2"": 15, ""3"": 3, ""4"": 6, ""5"": 1, ""6"": 10, ""7"": 14, ""8"": 11, ""9"": 8, ""10"": 14, ""11"": 2}"
653,653,True,,mpeg4\random\mappings\sample_653_seed_653.csv,5.496327378811352,326.1813048231,1.2462070419500095,0,0.0001214167,0.0,500000.0,108000.0,1.8740440229160384,0.0011283208095641975,True,vec,16,"{""1"": 15, ""2"": 5, ""3"": 14, ""4"": 12, ""5"": 14, ""6"": 13, ""7"": 5, ""8"": 15, ""9"": 14, ""10"": 3, ""11"": 8}"
654,654,True,,mpeg4\random\mappings\sample_654_seed_654.csv,5.55970118200348,326.0190462048,1.1219723888038036,0,0.0001326597,0.0,620000.0,136000.0,1.0275759984649544,0.001189712695289719,True,vec,16,"{""1"": 12, ""2"": 10, ""3"": 15, ""4"": 8, ""5"": 5, ""6"": 14, ""7"": 9, ""8"": 3, ""9"": 9, ""10"": 2, ""11"": 14}"
655,655,True,,mpeg4\random\mappings\sample_655_seed_655.csv,5.412181463962276,326.11501437818,1.1884863384962947,0,0.0001275196,0.0,476000.0,84000.0,2.176667306269017,0.00116071499513655,True,vec,16,"{""1"": 1, ""2"": 6, ""3"": 0, ""4"": 6, ""5"": 14, ""6"": 0, ""7"": 10, ""8"": 9, ""9"": 4, ""10"": 4, ""11"": 0}"
656,656,True,,mpeg4\random\mappings\sample_656_seed_656.csv,4.938515241964529,326.27976081239,1.2171791093789237,0,0.0001274947,0.0,420000.0,48000.0,1.6854527014062115,0.0011607600591927872,True,vec,16,"{""1"": 14, ""2"": 3, ""3"": 2, ""4"": 2, ""5"": 7, ""6"": 6, ""7"": 2, ""8"": 1, ""9"": 4, ""10"": 4, ""11"": 15}"
657,657,True,,mpeg4\random\mappings\sample_657_seed_657.csv,5.604432601230725,326.39468308515,1.3010582774357538,0,0.0001416906,0.0,280000.0,96000.0,2.1591239275239165,0.001238136734016442,True,vec,16,"{""1"": 10, ""2"": 8, ""3"": 9, ""4"": 13, ""5"": 0, ""6"": 15, ""7"": 15, ""8"": 10, ""9"": 15, ""10"": 15, ""11"": 8}"
658,658,True,,mpeg4\random\mappings\sample_658_seed_658.csv,4.847944260660573,326.15212104225,1.209125877224705,0,0.0001217216,0.0,552000.0,72000.0,0.7863545407198268,0.0011298770674898885,True,vec,16,"{""1"": 4, ""2"": 9, ""3"": 0, ""4"": 12, ""5"": 14, ""6"": 1, ""7"": 5, ""8"": 2, ""9"": 7, ""10"": 0, ""11"": 13}"
659,659,True,,mpeg4\random\mappings\sample_659_seed_659.csv,5.234197327777104,327.15026153345,1.2539715314921152,1,0.0001221388,5.357142857142875e-07,492000.0,64000.0,0.9617883281708286,0.0011319299455183048,True,vec,16,"{""1"": 9, ""2"": 15, ""3"": 5, ""4"": 4, ""5"": 8, ""6"": 12, ""7"": 10, ""8"": 6, ""9"": 12, ""10"": 8, ""11"": 0}"
660,660,True,,mpeg4\random\mappings\sample_660_seed_660.csv,5.849086682349606,327.26442565994,1.3219374698622277,1,0.0001224156,0.0051666666666666874,532000.0,108000.0,1.3301992818179327,0.0011341005562234437,True,vec,16,"{""1"": 0, ""2"": 12, ""3"": 5, ""4"": 4, ""5"": 3, ""6"": 8, ""7"": 12, ""8"": 8, ""9"": 0, ""10"": 15, ""11"": 2}"
661,661,True,,mpeg4\random\mappings\sample_661_seed_661.csv,4.776242609103746,325.77312754125,1.0649195631427504,0,0.0001224639,0.0,452000.0,88000.0,0.8960006578767029,0.001132844206090885,True,vec,16,"{""1"": 5, ""2"": 13, ""3"": 5, ""4"": 10, ""5"": 7, ""6"": 14, ""7"": 1, ""8"": 9, ""9"": 6, ""10"": 12, ""11"": 2}"
662,662,True,,mpeg4\random\mappings\sample_662_seed_662.csv,5.59932237143636,326.88625469859,1.221114439290332,0,0.000122772,0.0,640000.0,120000.0,1.3126559030728324,0.0011363745992825347,True,vec,16,"{""1"": 3, ""2"": 0, ""3"": 8, ""4"": 8, ""5"": 14, ""6"": 1, ""7"": 15, ""8"": 7, ""9"": 14, ""10"": 3, ""11"": 9}"
663,663,True,,mpeg4\random\mappings\sample_663_seed_663.csv,5.451186379393078,326.0413382595,1.2079557007361093,0,0.0001223077,0.0,532000.0,92000.0,2.115265480661166,0.0011329679030584673,True,vec,16,"{""1"": 3, ""2"": 14, ""3"": 3, ""4"": 13, ""5"": 13, ""6"": 6, ""7"": 14, ""8"": 3, ""9"": 9, ""10"": 11, ""11"": 10}"
664,664,True,,mpeg4\random\mappings\sample_664_seed_664.csv,6.152940535635416,327.68265408153,1.369413864659612,1,0.0001214197,0.06847166666666875,544000.0,80000.0,1.5933499629944354,0.0011298066907969946,True,vec,16,"{""1"": 15, ""2"": 4, ""3"": 4, ""4"": 12, ""5"": 1, ""6"": 3, ""7"": 11, ""8"": 13, ""9"": 12, ""10"": 3, ""11"": 13}"
665,665,True,,mpeg4\random\mappings\sample_665_seed_665.csv,4.836243687709991,326.43021475985,1.244906273434348,0,0.0001218397,0.0,456000.0,64000.0,1.0275759984649544,0.001130267155855759,True,vec,16,"{""1"": 7, ""2"": 14, ""3"": 15, ""4"": 8, ""5"": 2, ""6"": 13, ""7"": 8, ""8"": 11, ""9"": 5, ""10"": 6, ""11"": 7}"
666,666,True,,mpeg4\random\mappings\sample_666_seed_666.csv,6.455345225933649,327.8683176846,1.3181214070916845,2,0.0001221997,0.10453757440476456,552000.0,88000.0,0.8565280557002275,0.0011341032495964165,True,vec,16,"{""1"": 14, ""2"": 12, ""3"": 0, ""4"": 10, ""5"": 3, ""6"": 1, ""7"": 4, ""8"": 13, ""9"": 12, ""10"": 14, ""11"": 9}"
667,667,True,,mpeg4\random\mappings\sample_667_seed_667.csv,5.411872393850126,326.07386850704,1.1849042057189336,0,0.0001330389,0.0,656000.0,96000.0,1.2459910638414518,0.001192222161868659,True,vec,16,"{""1"": 3, ""2"": 13, ""3"": 9, ""4"": 11, ""5"": 5, ""6"": 2, ""7"": 15, ""8"": 13, ""9"": 15, ""10"": 10, ""11"": 11}"
668,668,True,,mpeg4\random\mappings\sample_668_seed_668.csv,5.036310854684592,325.93467379294,1.2206353993486907,0,0.0001214636,0.0,592000.0,60000.0,1.5319481373865849,0.0011286596402579959,True,vec,16,"{""1"": 14, ""2"": 3, ""3"": 5, ""4"": 1, ""5"": 5, ""6"": 0, ""7"": 4, ""8"": 0, ""9"": 13, ""10"": 11, ""11"": 13}"
669,669,True,,mpeg4\random\mappings\sample_669_seed_669.csv,5.664534039194885,326.1553739424,1.0843226699925455,0,0.0001330388,0.0,456000.0,104000.0,2.5187631917984703,0.0011906854667185533,True,vec,16,"{""1"": 9, ""2"": 15, ""3"": 9, ""4"": 9, ""5"": 5, ""6"": 13, ""7"": 11, ""8"": 6, ""9"": 11, ""10"": 10, ""11"": 9}"
670,670,True,,mpeg4\random\mappings\sample_670_seed_670.csv,5.763094422453339,327.25747520619,1.3500914469472003,1,0.0001210817,0.005985138888888875,536000.0,80000.0,1.6810668567199365,0.001126866519840974,True,vec,16,"{""1"": 11, ""2"": 6, ""3"": 12, ""4"": 12, ""5"": 8, ""6"": 8, ""7"": 13, ""8"": 13, ""9"": 0, ""10"": 1, ""11"": 4}"
671,671,True,,mpeg4\random\mappings\sample_671_seed_671.csv,5.4830709763630825,326.22842687691,1.2822709462884205,0,0.0001218428,0.0,484000.0,100000.0,1.9529892272689893,0.0011302789320038887,True,vec,16,"{""1"": 4, ""2"": 12, ""3"": 10, ""4"": 0, ""5"": 14, ""6"": 0, ""7"": 3, ""8"": 14, ""9"": 0, ""10"": 8, ""11"": 12}"
672,672,True,,mpeg4\random\mappings\sample_672_seed_672.csv,6.0260284818586065,327.31650939075,1.2795871920780961,1,0.0001222787,0.001772625,460000.0,120000.0,1.8915874016611387,0.0011327379880148485,True,vec,16,"{""1"": 0, ""2"": 3, ""3"": 8, ""4"": 2, ""5"": 6, ""6"": 0, ""7"": 8, ""8"": 6, ""9"": 0, ""10"": 1, ""11"": 5}"
673,673,True,,mpeg4\random\mappings\sample_673_seed_673.csv,5.634147054494688,326.39037062763,1.213468519356245,0,0.00012278,0.0,728000.0,92000.0,1.9705326060140895,0.0011363902976654927,True,vec,16,"{""1"": 11, ""2"": 14, ""3"": 0, ""4"": 11, ""5"": 11, ""6"": 12, ""7"": 7, ""8"": 12, ""9"": 4, ""10"": 5, ""11"": 5}"
674,674,True,,mpeg4\random\mappings\sample_674_seed_674.csv,5.612808547186317,325.45763881615,1.0851609953961177,0,0.0001322516,0.0,616000.0,116000.0,1.9038677667827089,0.0011867521657721153,True,vec,16,"{""1"": 12, ""2"": 2, ""3"": 5, ""4"": 9, ""5"": 10, ""6"": 2, ""7"": 6, ""8"": 2, ""9"": 12, ""10"": 6, ""11"": 4}"
675,675,True,,mpeg4\random\mappings\sample_675_seed_675.csv,5.235119099315777,326.38691320471,1.261336850854332,0,0.0001213539,0.0,632000.0,84000.0,1.2249390093473316,0.0011286375664869251,True,vec,16,"{""1"": 6, ""2"": 11, ""3"": 15, ""4"": 9, ""5"": 14, ""6"": 12, ""7"": 1, ""8"": 12, ""9"": 2, ""10"": 7, ""11"": 9}"
676,676,True,,mpeg4\random\mappings\sample_676_seed_676.csv,6.106617382050663,327.28442812695,1.355254287456165,1,0.0001328876,0.0219425,632000.0,88000.0,1.5319481373865849,0.0011928645038741016,True,vec,16,"{""1"": 0, ""2"": 15, ""3"": 12, ""4"": 8, ""5"": 11, ""6"": 11, ""7"": 15, ""8"": 13, ""9"": 15, ""10"": 6, ""11"": 10}"
677,677,True,,mpeg4\random\mappings\sample_677_seed_677.csv,4.776386548702388,325.9890097541,1.1744249809176195,0,0.0001210276,0.0,468000.0,48000.0,1.5012472245826594,0.0011253147082802204,True,vec,16,"{""1"": 2, ""2"": 2, ""3"": 14, ""4"": 3, ""5"": 15, ""6"": 6, ""7"": 2, ""8"": 4, ""9"": 12, ""10"": 9, ""11"": 15}"
678,678,True,,mpeg4\random\mappings\sample_678_seed_678.csv,5.772419087764947,327.05917837508,1.3052587099729893,0,0.0001219596,0.0,596000.0,112000.0,1.8959732463474137,0.0011315676613317261,True,vec,16,"{""1"": 3, ""2"": 10, ""3"": 0, ""4"": 5, ""5"": 15, ""6"": 1, ""7"": 0, ""8"": 0, ""9"": 4, ""10"": 3, ""11"": 10}"
679,679,True,,mpeg4\random\mappings\sample_679_seed_679.csv,6.038638055556123,327.56976811134,1.2384916205219396,1,0.0001209796,0.04715708333333313,664000.0,84000.0,1.5275622927003099,0.001126835114183977,True,vec,16,"{""1"": 12, ""2"": 11, ""3"": 11, ""4"": 6, ""5"": 13, ""6"": 10, ""7"": 11, ""8"": 2, ""9"": 0, ""10"": 1, ""11"": 3}"
680,680,True,,mpeg4\random\mappings\sample_680_seed_680.csv,5.887475226545479,327.18888367466,1.2635356618289877,1,0.000122154569,0.00060453125,520000.0,108000.0,1.7029960801513115,0.0011324338131195833,True,vec,16,"{""1"": 15, ""2"": 4, ""3"": 12, ""4"": 10, ""5"": 14, ""6"": 4, ""7"": 12, ""8"": 11, ""9"": 14, ""10"": 8, ""11"": 11}"
681,681,True,,mpeg4\random\mappings\sample_681_seed_681.csv,5.1599027657221415,326.20061587194,1.217657025110777,0,0.0001224939,0.0,600000.0,88000.0,1.1196787368767303,0.001134688764314397,True,vec,16,"{""1"": 13, ""2"": 10, ""3"": 12, ""4"": 1, ""5"": 15, ""6"": 10, ""7"": 0, ""8"": 3, ""9"": 3, ""10"": 5, ""11"": 14}"
682,682,True,,mpeg4\random\mappings\sample_682_seed_682.csv,5.535006193815188,325.88978748194,1.144896211912148,0,0.0001214036,0.0,564000.0,144000.0,1.3082700583865574,0.0011278789073058287,True,vec,16,"{""1"": 7, ""2"": 6, ""3"": 14, ""4"": 13, ""5"": 9, ""6"": 7, ""7"": 6, ""8"": 1, ""9"": 13, ""10"": 5, ""11"": 12}"
683,683,True,,mpeg4\random\mappings\sample_683_seed_683.csv,4.7475378475943355,325.82149563728,1.1690962283140574,0,0.0001209981,0.0,468000.0,60000.0,1.2117814752885063,0.0011251115890979929,True,vec,16,"{""1"": 12, ""2"": 1, ""3"": 4, ""4"": 3, ""5"": 1, ""6"": 5, ""7"": 5, ""8"": 8, ""9"": 13, ""10"": 14, ""11"": 6}"
684,684,True,,mpeg4\random\mappings\sample_684_seed_684.csv,5.638709606142418,327.29621634646,1.3391925000499731,1,0.0001211697,0.033794375,368000.0,72000.0,1.5319481373865849,0.0011270565431007764,True,vec,16,"{""1"": 12, ""2"": 13, ""3"": 14, ""4"": 15, ""5"": 6, ""6"": 6, ""7"": 9, ""8"": 14, ""9"": 8, ""10"": 4, ""11"": 8}"
685,685,True,,mpeg4\random\mappings\sample_685_seed_685.csv,5.202702181795192,327.03813522438,1.1663623045809288,0,0.0001215296,0.0,452000.0,60000.0,2.1678956168964665,0.0011279950034732878,True,vec,16,"{""1"": 9, ""2"": 2, ""3"": 9, ""4"": 0, ""5"": 4, ""6"": 5, ""7"": 9, ""8"": 7, ""9"": 4, ""10"": 0, ""11"": 0}"
686,686,True,,mpeg4\random\mappings\sample_686_seed_686.csv,4.978826068616923,327.14560133064,1.2757722245027416,0,0.0001202984,0.0,368000.0,52000.0,1.7117677695238618,0.0011217068346423642,True,vec,16,"{""1"": 9, ""2"": 9, ""3"": 13, ""4"": 15, ""5"": 9, ""6"": 3, ""7"": 3, ""8"": 2, ""9"": 7, ""10"": 0, ""11"": 12}"
687,687,True,,mpeg4\random\mappings\sample_687_seed_687.csv,6.082505243766863,327.28004766575,1.4006723572605768,2,0.0001222287,0.012461607142857144,624000.0,72000.0,1.4179161755434335,0.0011344541343779448,True,vec,16,"{""1"": 12, ""2"": 4, ""3"": 3, ""4"": 7, ""5"": 0, ""6"": 13, ""7"": 15, ""8"": 15, ""9"": 12, ""10"": 3, ""11"": 0}"
688,688,True,,mpeg4\random\mappings\sample_688_seed_688.csv,4.892767896338147,325.98432874947,1.2023793674131924,0,0.0001221347,0.0,468000.0,88000.0,0.8302129875825772,0.0011320782812125681,True,vec,16,"{""1"": 8, ""2"": 10, ""3"": 4, ""4"": 8, ""5"": 6, ""6"": 2, ""7"": 0, ""8"": 12, ""9"": 14, ""10"": 3, ""11"": 7}"
689,689,True,,mpeg4\random\mappings\sample_689_seed_689.csv,5.184168402814052,326.28603241808,1.0980957032498877,0,0.0001208817,0.0,488000.0,104000.0,1.4223020202297085,0.0011248907176647277,True,vec,16,"{""1"": 5, ""2"": 10, ""3"": 10, ""4"": 6, ""5"": 2, ""6"": 5, ""7"": 13, ""8"": 0, ""9"": 15, ""10"": 3, ""11"": 15}"
690,690,True,,mpeg4\random\mappings\sample_690_seed_690.csv,5.3964424166460025,327.26544672375,1.143147149535098,1,0.00012222,0.0029489583333333126,512000.0,88000.0,0.9837175516022039,0.0011326882101401837,True,vec,16,"{""1"": 10, ""2"": 14, ""3"": 2, ""4"": 4, ""5"": 9, ""6"": 1, ""7"": 15, ""8"": 5, ""9"": 2, ""10"": 6, ""11"": 15}"
691,691,True,,mpeg4\random\mappings\sample_691_seed_691.csv,4.960125795572371,325.87578272773,1.047155381404182,0,0.0001211647,0.0,504000.0,80000.0,1.5100189139552096,0.0011260473506816328,True,vec,16,"{""1"": 4, ""2"": 4, ""3"": 9, ""4"": 10, ""5"": 6, ""6"": 9, ""7"": 11, ""8"": 3, ""9"": 3, ""10"": 8, ""11"": 14}"
692,692,True,,mpeg4\random\mappings\sample_692_seed_692.csv,5.980322630203969,325.7752856037,1.2604820162835826,0,0.0001324529,0.0,640000.0,128000.0,2.1240371700337164,0.0011892966084146705,True,vec,16,"{""1"": 0, ""2"": 4, ""3"": 14, ""4"": 1, ""5"": 0, ""6"": 0, ""7"": 7, ""8"": 14, ""9"": 6, ""10"": 7, ""11"": 5}"
693,693,True,,mpeg4\random\mappings\sample_693_seed_693.csv,5.1489160817016435,325.9474960027,1.2445256248940955,0,0.0001216996,0.0,500000.0,80000.0,1.5845782736218854,0.0011298423622429087,True,vec,16,"{""1"": 15, ""2"": 7, ""3"": 11, ""4"": 0, ""5"": 7, ""6"": 1, ""7"": 2, ""8"": 11, ""9"": 0, ""10"": 15, ""11"": 4}"
694,694,True,,mpeg4\random\mappings\sample_694_seed_694.csv,4.728613355334989,325.81955156841,1.1731738246696983,0,0.0001217582,0.0,464000.0,48000.0,1.4047586414846085,0.0011293610341093945,True,vec,16,"{""1"": 15, ""2"": 8, ""3"": 13, ""4"": 9, ""5"": 9, ""6"": 1, ""7"": 1, ""8"": 3, ""9"": 8, ""10"": 11, ""11"": 14}"
695,695,True,,mpeg4\random\mappings\sample_695_seed_695.csv,5.383132736450456,326.08412506044,1.1871133268068654,0,0.000122782,0.0,528000.0,128000.0,1.1372221156218305,0.0011356395847145666,True,vec,16,"{""1"": 10, ""2"": 7, ""3"": 8, ""4"": 9, ""5"": 4, ""6"": 11, ""7"": 0, ""8"": 11, ""9"": 14, ""10"": 9, ""11"": 13}"
696,696,True,,mpeg4\random\mappings\sample_696_seed_696.csv,6.346752406198868,327.58328149671,1.1096960136479237,1,0.0001270027,0.05006291666666688,500000.0,136000.0,1.6942243907787615,0.0011587304169060702,True,vec,16,"{""1"": 5, ""2"": 7, ""3"": 7, ""4"": 9, ""5"": 14, ""6"": 5, ""7"": 13, ""8"": 14, ""9"": 10, ""10"": 10, ""11"": 15}"
697,697,True,,mpeg4\random\mappings\sample_697_seed_697.csv,4.918638974229213,326.04658255356,1.1580751838067445,0,0.0001216997,0.0,504000.0,80000.0,1.080206134700255,0.0011293745161121914,True,vec,16,"{""1"": 4, ""2"": 1, ""3"": 10, ""4"": 14, ""5"": 8, ""6"": 5, ""7"": 2, ""8"": 8, ""9"": 11, ""10"": 0, ""11"": 2}"
698,698,True,,mpeg4\random\mappings\sample_698_seed_698.csv,6.5629549874118025,327.61928504633,1.3223780949269952,2,0.0001220309,0.08822295833333124,528000.0,56000.0,2.277541734053343,0.0011332242466844432,True,vec,16,"{""1"": 11, ""2"": 15, ""3"": 4, ""4"": 8, ""5"": 4, ""6"": 14, ""7"": 4, ""8"": 13, ""9"": 14, ""10"": 7, ""11"": 14}"
699,699,True,,mpeg4\random\mappings\sample_699_seed_699.csv,5.789409507253084,327.29444032436,1.3670897035623355,1,0.0001222158,0.015775625,568000.0,92000.0,1.1547654943669308,0.0011342155789377895,True,vec,16,"{""1"": 11, ""2"": 7, ""3"": 4, ""4"": 0, ""5"": 0, ""6"": 13, ""7"": 1, ""8"": 1, ""9"": 5, ""10"": 15, ""11"": 2}"
700,700,True,,mpeg4\random\mappings\sample_700_seed_700.csv,5.256138045843984,326.05246980863,1.0517153919249407,0,0.0001216687,0.0,376000.0,136000.0,1.352128505249308,0.0011282784712925659,True,vec,16,"{""1"": 5, ""2"": 6, ""3"": 10, ""4"": 0, ""5"": 2, ""6"": 5, ""7"": 7, ""8"": 14, ""9"": 10, ""10"": 9, ""11"": 6}"
701,701,True,,mpeg4\random\mappings\sample_701_seed_701.csv,6.044855285678189,327.24877745229,1.35557404233316,1,0.0001218407,0.0037734011627906876,636000.0,96000.0,1.8477289547983882,0.0011315204162357228,True,vec,16,"{""1"": 8, ""2"": 15, ""3"": 7, ""4"": 7, ""5"": 15, ""6"": 1, ""7"": 9, ""8"": 3, ""9"": 5, ""10"": 3, ""11"": 3}"
702,702,True,,mpeg4\random\mappings\sample_702_seed_702.csv,6.254078521684835,327.65491619537,1.23389222767345,2,0.0001222749,0.10105694444444374,644000.0,72000.0,0.6986376469943258,0.001134374329587472,True,vec,16,"{""1"": 3, ""2"": 4, ""3"": 6, ""4"": 9, ""5"": 14, ""6"": 13, ""7"": 2, ""8"": 0, ""9"": 8, ""10"": 7, ""11"": 8}"
703,703,True,,mpeg4\random\mappings\sample_703_seed_703.csv,4.844669454915255,326.30527006939,1.1058914020317876,0,0.0001217958,0.0,616000.0,64000.0,0.9617883281708286,0.0011298336497904237,True,vec,16,"{""1"": 1, ""2"": 10, ""3"": 7, ""4"": 13, ""5"": 2, ""6"": 10, ""7"": 3, ""8"": 4, ""9"": 0, ""10"": 12, ""11"": 15}"
704,704,True,,mpeg4\random\mappings\sample_704_seed_704.csv,7.246838886023966,327.7958377378,1.148386543474498,2,0.0001322998,0.1266570138888875,472000.0,136000.0,1.926674159151339,0.001188288298335035,True,vec,16,"{""1"": 11, ""2"": 9, ""3"": 5, ""4"": 10, ""5"": 14, ""6"": 11, ""7"": 5, ""8"": 12, ""9"": 5, ""10"": 11, ""11"": 13}"
705,705,True,,mpeg4\random\mappings\sample_705_seed_705.csv,5.105253870063651,326.38477565627,1.2047604393212479,0,0.0001220069,0.0,540000.0,56000.0,1.8389572654258382,0.0011314345159666667,True,vec,16,"{""1"": 8, ""2"": 0, ""3"": 13, ""4"": 15, ""5"": 9, ""6"": 7, ""7"": 0, ""8"": 9, ""9"": 13, ""10"": 3, ""11"": 9}"
706,706,True,,mpeg4\random\mappings\sample_706_seed_706.csv,5.368738111470232,326.23516424957,1.1022999636683513,0,0.0001327817,0.0,668000.0,108000.0,0.9617883281708286,0.0011904014375021693,True,vec,16,"{""1"": 8, ""2"": 15, ""3"": 1, ""4"": 8, ""5"": 11, ""6"": 10, ""7"": 7, ""8"": 3, ""9"": 4, ""10"": 7, ""11"": 13}"
707,707,True,,mpeg4\random\mappings\sample_707_seed_707.csv,5.093767141013956,325.82575321983,1.2392503446805818,0,0.0001221199,0.0,612000.0,80000.0,1.1591513390532058,0.0011322048993390858,True,vec,16,"{""1"": 0, ""2"": 10, ""3"": 9, ""4"": 3, ""5"": 15, ""6"": 14, ""7"": 1, ""8"": 14, ""9"": 2, ""10"": 8, ""11"": 0}"
708,708,True,,mpeg4\random\mappings\sample_708_seed_708.csv,4.691764938045206,325.66424807952,1.1496041385469797,0,0.0001211716,0.0,568000.0,48000.0,1.1372221156218305,0.0011266297228813848,True,vec,16,"{""1"": 3, ""2"": 11, ""3"": 11, ""4"": 13, ""5"": 12, ""6"": 6, ""7"": 10, ""8"": 9, ""9"": 7, ""10"": 12, ""11"": 4}"
709,709,True,,mpeg4\random\mappings\sample_709_seed_709.csv,5.74430063964389,327.57693206336,1.3499925630847334,1,0.0001221359,0.02047232142857125,676000.0,72000.0,1.0670486006414297,0.0011339522571108837,True,vec,16,"{""1"": 8, ""2"": 1, ""3"": 5, ""4"": 3, ""5"": 15, ""6"": 12, ""7"": 1, ""8"": 7, ""9"": 0, ""10"": 13, ""11"": 3}"
710,710,True,,mpeg4\random\mappings\sample_710_seed_710.csv,5.191677284640952,325.50706876368,1.0556205777120666,0,0.0001319636,0.0,452000.0,104000.0,1.4837038458375593,0.0011845289032479576,True,vec,16,"{""1"": 12, ""2"": 14, ""3"": 9, ""4"": 1, ""5"": 10, ""6"": 9, ""7"": 13, ""8"": 6, ""9"": 13, ""10"": 0, ""11"": 14}"
711,711,True,,mpeg4\random\mappings\sample_711_seed_711.csv,5.933576978307482,327.32701720482,1.2829503518673715,1,0.0001223339,0.01744861111111125,464000.0,72000.0,2.4398179874455197,0.00113383760509052,True,vec,16,"{""1"": 15, ""2"": 12, ""3"": 7, ""4"": 13, ""5"": 7, ""6"": 7, ""7"": 8, ""8"": 13, ""9"": 15, ""10"": 10, ""11"": 11}"
712,712,True,,mpeg4\random\mappings\sample_712_seed_712.csv,5.329788629920102,326.43124845587,1.098433714151774,0,0.0001217947,0.0,504000.0,120000.0,1.3556371809983279,0.001129454852672436,True,vec,16,"{""1"": 9, ""2"": 15, ""3"": 13, ""4"": 6, ""5"": 1, ""6"": 9, ""7"": 14, ""8"": 15, ""9"": 8, ""10"": 6, ""11"": 2}"
713,713,True,,mpeg4\random\mappings\sample_713_seed_713.csv,5.804618362553477,327.37114754253,1.2847601168665272,1,0.0001213077,0.015717083333333125,564000.0,96000.0,1.3082700583865574,0.0011285631926683788,True,vec,16,"{""1"": 12, ""2"": 9, ""3"": 12, ""4"": 2, ""5"": 8, ""6"": 14, ""7"": 11, ""8"": 11, ""9"": 2, ""10"": 7, ""11"": 15}"
714,714,True,,mpeg4\random\mappings\sample_714_seed_714.csv,5.407639039440065,327.41528921586,1.2685347149440644,1,0.0001222198,0.014508958333333126,436000.0,72000.0,1.080206134700255,0.0011327575870975022,True,vec,16,"{""1"": 3, ""2"": 2, ""3"": 9, ""4"": 13, ""5"": 2, ""6"": 1, ""7"": 7, ""8"": 10, ""9"": 5, ""10"": 4, ""11"": 3}"
715,715,True,,mpeg4\random\mappings\sample_715_seed_715.csv,5.003357224598241,326.12437967359,1.2744169610295208,0,0.0001218896,0.0,496000.0,72000.0,1.2380965434061566,0.00113099912126098,True,vec,16,"{""1"": 2, ""2"": 4, ""3"": 1, ""4"": 4, ""5"": 11, ""6"": 12, ""7"": 13, ""8"": 7, ""9"": 7, ""10"": 15, ""11"": 2}"
716,716,True,,mpeg4\random\mappings\sample_716_seed_716.csv,4.9850741844059625,325.89255149188,1.1394721731746527,0,0.0001218563,0.0,508000.0,60000.0,1.7907129738768126,0.0011298189634906747,True,vec,16,"{""1"": 5, ""2"": 14, ""3"": 3, ""4"": 15, ""5"": 5, ""6"": 14, ""7"": 14, ""8"": 7, ""9"": 2, ""10"": 0, ""11"": 4}"
717,717,True,,mpeg4\random\mappings\sample_717_seed_717.csv,5.180069328624613,326.11279873661,1.2179501288250105,0,0.0001225209,0.0,532000.0,72000.0,1.746854527014062,0.0011342464415076753,True,vec,16,"{""1"": 7, ""2"": 4, ""3"": 7, ""4"": 2, ""5"": 0, ""6"": 11, ""7"": 1, ""8"": 7, ""9"": 11, ""10"": 13, ""11"": 15}"
718,718,True,,mpeg4\random\mappings\sample_718_seed_718.csv,6.401994527816194,328.157802395,1.2636073890644999,1,0.000122951669,0.07989943181818125,612000.0,120000.0,1.0670486006414297,0.0011388116648849622,True,vec,16,"{""1"": 8, ""2"": 7, ""3"": 4, ""4"": 12, ""5"": 13, ""6"": 9, ""7"": 15, ""8"": 15, ""9"": 11, ""10"": 14, ""11"": 13}"
719,719,True,,mpeg4\random\mappings\sample_719_seed_719.csv,5.268865477245868,325.96814063442,1.166951391719707,0,0.0001219528,0.0,508000.0,80000.0,2.0582494997395906,0.0011304072719440523,True,vec,16,"{""1"": 8, ""2"": 3, ""3"": 13, ""4"": 10, ""5"": 13, ""6"": 11, ""7"": 13, ""8"": 5, ""9"": 8, ""10"": 7, ""11"": 8}"
720,720,True,,mpeg4\random\mappings\sample_720_seed_720.csv,5.071145338185549,326.48037591848,1.1995343110902705,0,0.0001224099,0.0,580000.0,64000.0,1.4223020202297085,0.0011338119262237947,True,vec,16,"{""1"": 4, ""2"": 0, ""3"": 14, ""4"": 2, ""5"": 15, ""6"": 1, ""7"": 14, ""8"": 6, ""9"": 13, ""10"": 9, ""11"": 14}"
721,721,True,,mpeg4\random\mappings\sample_721_seed_721.csv,5.626825665053299,326.18626192318,1.20356108088731,0,0.0001225319,0.0,528000.0,144000.0,1.4091444861708835,0.0011345356778380323,True,vec,16,"{""1"": 4, ""2"": 13, ""3"": 15, ""4"": 13, ""5"": 14, ""6"": 4, ""7"": 11, ""8"": 5, ""9"": 7, ""10"": 9, ""11"": 11}"
722,722,True,,mpeg4\random\mappings\sample_722_seed_722.csv,5.843543677753468,325.94527437572,1.2318688173477201,0,0.0001267217,0.0,456000.0,136000.0,2.2643841999945176,0.001156833464533507,True,vec,16,"{""1"": 4, ""2"": 5, ""3"": 8, ""4"": 4, ""5"": 8, ""6"": 7, ""7"": 8, ""8"": 9, ""9"": 5, ""10"": 5, ""11"": 13}"
723,723,True,,mpeg4\random\mappings\sample_723_seed_723.csv,5.253231295985109,325.92851839596,1.1783550344760096,0,0.0001220719,0.0,424000.0,92000.0,1.9529892272689893,0.0011310645925594923,True,vec,16,"{""1"": 5, ""2"": 6, ""3"": 8, ""4"": 8, ""5"": 4, ""6"": 14, ""7"": 1, ""8"": 8, ""9"": 15, ""10"": 13, ""11"": 6}"
724,724,True,,mpeg4\random\mappings\sample_724_seed_724.csv,5.123569155063373,326.23402762791,1.0957176397459671,0,0.0001213557,0.0,604000.0,72000.0,1.6635234779748362,0.0011273075057087717,True,vec,16,"{""1"": 9, ""2"": 1, ""3"": 6, ""4"": 13, ""5"": 10, ""6"": 3, ""7"": 6, ""8"": 3, ""9"": 13, ""10"": 8, ""11"": 9}"
725,725,True,,mpeg4\random\mappings\sample_725_seed_725.csv,5.095642033816466,327.1674929858,1.1144095412722437,1,0.0001220277,0.00020333333333333122,476000.0,48000.0,1.2731833008963571,0.0011309970333158535,True,vec,16,"{""1"": 2, ""2"": 15, ""3"": 10, ""4"": 4, ""5"": 6, ""6"": 10, ""7"": 7, ""8"": 1, ""9"": 13, ""10"": 15, ""11"": 0}"
726,726,True,,mpeg4\random\mappings\sample_726_seed_726.csv,5.775812256070265,326.18155829397,1.168845143443028,0,0.00014273,0.0,872000.0,104000.0,1.181080562484581,0.0012447080273436041,True,vec,16,"{""1"": 8, ""2"": 11, ""3"": 12, ""4"": 4, ""5"": 2, ""6"": 15, ""7"": 1, ""8"": 13, ""9"": 1, ""10"": 1, ""11"": 2}"
727,727,True,,mpeg4\random\mappings\sample_727_seed_727.csv,5.137362409194862,326.77470742131,1.1080558723682656,0,0.0001322558,0.0,492000.0,96000.0,0.8960006578767029,0.0011870697434635852,True,vec,16,"{""1"": 5, ""2"": 1, ""3"": 2, ""4"": 9, ""5"": 10, ""6"": 4, ""7"": 7, ""8"": 15, ""9"": 7, ""10"": 3, ""11"": 5}"
728,728,True,,mpeg4\random\mappings\sample_728_seed_728.csv,5.1875946686613155,325.93649183367,1.1754407875569843,0,0.0001331558,0.0,480000.0,72000.0,1.6854527014062115,0.0011920525363235527,True,vec,16,"{""1"": 1, ""2"": 14, ""3"": 11, ""4"": 10, ""5"": 4, ""6"": 11, ""7"": 2, ""8"": 3, ""9"": 11, ""10"": 2, ""11"": 0}"
729,729,True,,mpeg4\random\mappings\sample_729_seed_729.csv,5.207233020209404,327.23812421957,1.163918291999937,1,0.0001216276,0.003274107142857125,468000.0,80000.0,0.7249527151119761,0.0011293466586375811,True,vec,16,"{""1"": 10, ""2"": 9, ""3"": 11, ""4"": 5, ""5"": 2, ""6"": 14, ""7"": 15, ""8"": 3, ""9"": 6, ""10"": 3, ""11"": 7}"
730,730,True,,mpeg4\random\mappings\sample_730_seed_730.csv,5.608110084032422,326.01553318177,1.0487522949265842,0,0.0001218188,0.0,480000.0,96000.0,2.9836627285436252,0.0011291519292946342,True,vec,16,"{""1"": 9, ""2"": 3, ""3"": 5, ""4"": 5, ""5"": 9, ""6"": 9, ""7"": 7, ""8"": 9, ""9"": 14, ""10"": 0, ""11"": 15}"
731,731,True,,mpeg4\random\mappings\sample_731_seed_731.csv,5.253930714667119,326.00510068863,1.2500036868802273,0,0.0001315981,0.0,460000.0,56000.0,2.1591239275239165,0.0011836825659650152,True,vec,16,"{""1"": 2, ""2"": 3, ""3"": 14, ""4"": 3, ""5"": 12, ""6"": 8, ""7"": 8, ""8"": 0, ""9"": 8, ""10"": 3, ""11"": 12}"
732,732,True,,mpeg4\random\mappings\sample_732_seed_732.csv,5.420221184099892,325.82310586989,1.191545511320662,0,0.0001330577,0.0,596000.0,88000.0,1.6722951673473863,0.001192280811031071,True,vec,16,"{""1"": 3, ""2"": 12, ""3"": 3, ""4"": 12, ""5"": 4, ""6"": 2, ""7"": 5, ""8"": 7, ""9"": 11, ""10"": 5, ""11"": 2}"
733,733,True,,mpeg4\random\mappings\sample_733_seed_733.csv,4.962053162463087,325.92489470781,1.0534439239453939,0,0.0001318297,0.0,492000.0,72000.0,1.3301992818179327,0.0011839090086886923,True,vec,16,"{""1"": 13, ""2"": 14, ""3"": 14, ""4"": 3, ""5"": 7, ""6"": 9, ""7"": 6, ""8"": 4, ""9"": 6, ""10"": 12, ""11"": 4}"
734,734,True,,mpeg4\random\mappings\sample_734_seed_734.csv,5.068275290350122,325.7174273803,1.170223025506821,0,0.0001217937,0.0,588000.0,84000.0,1.2556399221512569,0.0011305557914868712,True,vec,16,"{""1"": 10, ""2"": 8, ""3"": 1, ""4"": 11, ""5"": 3, ""6"": 0, ""7"": 5, ""8"": 11, ""9"": 3, ""10"": 15, ""11"": 5}"
735,735,True,,mpeg4\random\mappings\sample_735_seed_735.csv,5.435061662716301,327.23908325109,1.2535980190306082,1,0.0001220357,0.0036475446428571247,572000.0,72000.0,1.0538910665826047,0.0011321592379975832,True,vec,16,"{""1"": 13, ""2"": 4, ""3"": 2, ""4"": 6, ""5"": 1, ""6"": 10, ""7"": 2, ""8"": 0, ""9"": 0, ""10"": 3, ""11"": 15}"
736,736,True,,mpeg4\random\mappings\sample_736_seed_736.csv,6.220391975294097,327.43695916584,1.2632328803039037,1,0.0001327618,0.052582812500000006,676000.0,72000.0,1.7722924261944575,0.0011911775225421398,True,vec,16,"{""1"": 8, ""2"": 2, ""3"": 15, ""4"": 3, ""5"": 12, ""6"": 2, ""7"": 9, ""8"": 2, ""9"": 4, ""10"": 9, ""11"": 1}"
737,737,True,,mpeg4\random\mappings\sample_737_seed_737.csv,5.4871809495084625,326.87812351655,1.2030568291052144,0,0.0001361238,0.0,536000.0,72000.0,1.9398316932101642,0.0012066489818737083,True,vec,16,"{""1"": 0, ""2"": 6, ""3"": 6, ""4"": 10, ""5"": 8, ""6"": 15, ""7"": 3, ""8"": 0, ""9"": 2, ""10"": 8, ""11"": 6}"
738,738,True,,mpeg4\random\mappings\sample_738_seed_738.csv,5.316752312724885,326.09820528013,1.1265464892576507,0,0.000122134,0.0,528000.0,104000.0,1.641594254543461,0.0011313231218070352,True,vec,16,"{""1"": 5, ""2"": 2, ""3"": 4, ""4"": 9, ""5"": 10, ""6"": 2, ""7"": 12, ""8"": 8, ""9"": 4, ""10"": 5, ""11"": 5}"
739,739,True,,mpeg4\random\mappings\sample_739_seed_739.csv,5.390440791248239,327.3304804673,1.2721943981272168,1,0.0001213965,0.018959375,580000.0,48000.0,1.1591513390532058,0.0011285607523284817,True,vec,16,"{""1"": 6, ""2"": 11, ""3"": 4, ""4"": 1, ""5"": 2, ""6"": 12, ""7"": 12, ""8"": 15, ""9"": 6, ""10"": 5, ""11"": 5}"
740,740,True,,mpeg4\random\mappings\sample_740_seed_740.csv,5.740887460335707,327.28806150103,1.2529725526682034,1,0.0001220798,0.026321249999999997,440000.0,64000.0,2.0845645678572406,0.0011321727621706554,True,vec,16,"{""1"": 1, ""2"": 9, ""3"": 2, ""4"": 3, ""5"": 7, ""6"": 7, ""7"": 9, ""8"": 7, ""9"": 5, ""10"": 11, ""11"": 5}"
741,741,True,,mpeg4\random\mappings\sample_741_seed_741.csv,4.991719854603261,325.85716739214,1.1650494019128692,0,0.0001224727,0.0,584000.0,96000.0,0.7249527151119761,0.001133912146729633,True,vec,16,"{""1"": 7, ""2"": 0, ""3"": 11, ""4"": 2, ""5"": 3, ""6"": 6, ""7"": 9, ""8"": 13, ""9"": 10, ""10"": 0, ""11"": 14}"
742,742,True,,mpeg4\random\mappings\sample_742_seed_742.csv,4.876334763736232,325.80464035016,1.0872081268041907,0,0.0001214337,0.0,536000.0,72000.0,1.2907266796414572,0.001127856050967256,True,vec,16,"{""1"": 13, ""2"": 9, ""3"": 1, ""4"": 13, ""5"": 5, ""6"": 8, ""7"": 13, ""8"": 4, ""9"": 2, ""10"": 11, ""11"": 3}"
743,743,True,,mpeg4\random\mappings\sample_743_seed_743.csv,5.717800897036651,327.37863324691,1.1231843009306224,1,0.0001322496,0.02841388888888875,492000.0,96000.0,1.0275759984649544,0.0011870225044018441,True,vec,16,"{""1"": 9, ""2"": 1, ""3"": 13, ""4"": 10, ""5"": 7, ""6"": 9, ""7"": 8, ""8"": 0, ""9"": 8, ""10"": 2, ""11"": 12}"
744,744,True,,mpeg4\random\mappings\sample_744_seed_744.csv,5.4788301089077605,326.08252748588,1.102145555402527,0,0.0001317136,0.0,360000.0,116000.0,2.010005208190565,0.0011832973725452846,True,vec,16,"{""1"": 9, ""2"": 10, ""3"": 11, ""4"": 10, ""5"": 10, ""6"": 8, ""7"": 9, ""8"": 3, ""9"": 5, ""10"": 9, ""11"": 0}"
745,745,True,,mpeg4\random\mappings\sample_745_seed_745.csv,5.50899290347868,327.28186091974,1.3220819621270836,1,0.0001213557,0.01011578125,508000.0,60000.0,1.466160467092459,0.0011283795867943034,True,vec,16,"{""1"": 7, ""2"": 11, ""3"": 13, ""4"": 12, ""5"": 12, ""6"": 13, ""7"": 15, ""8"": 5, ""9"": 4, ""10"": 1, ""11"": 0}"
746,746,True,,mpeg4\random\mappings\sample_746_seed_746.csv,4.572584885142846,326.36137478192,1.0968931886647344,0,0.0001219316,0.0,344000.0,60000.0,1.0144184644061292,0.001129526450738332,True,vec,16,"{""1"": 13, ""2"": 5, ""3"": 6, ""4"": 7, ""5"": 5, ""6"": 10, ""7"": 11, ""8"": 12, ""9"": 4, ""10"": 13, ""11"": 14}"
747,747,True,,mpeg4\random\mappings\sample_747_seed_747.csv,5.024393775021483,325.82072380816,1.138632236165357,0,0.0001222357,0.0,652000.0,80000.0,1.071434445327705,0.0011327451483233444,True,vec,16,"{""1"": 9, ""2"": 3, ""3"": 9, ""4"": 13, ""5"": 6, ""6"": 0, ""7"": 2, ""8"": 14, ""9"": 10, ""10"": 13, ""11"": 8}"
748,748,True,,mpeg4\random\mappings\sample_748_seed_748.csv,4.845572957685695,325.82907976361,1.1366637321263542,0,0.0001215796,0.0,492000.0,64000.0,1.3828294180532332,0.0011284049156526884,True,vec,16,"{""1"": 2, ""2"": 5, ""3"": 12, ""4"": 1, ""5"": 10, ""6"": 14, ""7"": 10, ""8"": 10, ""9"": 13, ""10"": 0, ""11"": 9}"
749,749,True,,mpeg4\random\mappings\sample_749_seed_749.csv,5.092247186262658,326.09004332695,1.1798328456606517,0,0.0001207037,0.0,452000.0,76000.0,1.7775554398179874,0.0011236135188127288,True,vec,16,"{""1"": 14, ""2"": 14, ""3"": 10, ""4"": 0, ""5"": 14, ""6"": 8, ""7"": 0, ""8"": 5, ""9"": 2, ""10"": 13, ""11"": 13}"
750,750,True,,mpeg4\random\mappings\sample_750_seed_750.csv,4.844977782832435,325.82156101543,1.1525060060092915,0,0.0001217929,0.0,616000.0,64000.0,1.0056467750335791,0.0011303451116325026,True,vec,16,"{""1"": 10, ""2"": 13, ""3"": 14, ""4"": 3, ""5"": 1, ""6"": 3, ""7"": 9, ""8"": 4, ""9"": 11, ""10"": 8, ""11"": 7}"
751,751,True,,mpeg4\random\mappings\sample_751_seed_751.csv,5.223582457615491,326.07751096519,1.206980122195967,0,0.0001216948,0.0,612000.0,88000.0,1.356514349935583,0.001129745072814285,True,vec,16,"{""1"": 3, ""2"": 10, ""3"": 6, ""4"": 0, ""5"": 3, ""6"": 7, ""7"": 4, ""8"": 13, ""9"": 10, ""10"": 9, ""11"": 10}"
752,752,True,,mpeg4\random\mappings\sample_752_seed_752.csv,5.055215152492304,325.97258751458,1.22828276026676,0,0.00012245,0.0,568000.0,72000.0,1.3170417477591074,0.0011343517729740442,True,vec,16,"{""1"": 1, ""2"": 10, ""3"": 8, ""4"": 4, ""5"": 9, ""6"": 12, ""7"": 2, ""8"": 12, ""9"": 10, ""10"": 14, ""11"": 2}"
753,753,True,,mpeg4\random\mappings\sample_753_seed_753.csv,4.803752494303287,325.79748923445,1.167794314510572,0,0.0001218436,0.0,496000.0,72000.0,1.0056467750335791,0.0011297040765616587,True,vec,16,"{""1"": 11, ""2"": 2, ""3"": 1, ""4"": 1, ""5"": 15, ""6"": 13, ""7"": 14, ""8"": 10, ""9"": 8, ""10"": 0, ""11"": 5}"
754,754,True,,mpeg4\random\mappings\sample_754_seed_754.csv,5.217219081479682,325.862848892,1.2774664659060855,0,0.0001225258,0.0,464000.0,96000.0,1.4398453989748088,0.0011340783311894762,True,vec,16,"{""1"": 5, ""2"": 15, ""3"": 3, ""4"": 3, ""5"": 0, ""6"": 7, ""7"": 4, ""8"": 4, ""9"": 2, ""10"": 6, ""11"": 5}"
755,755,True,,mpeg4\random\mappings\sample_755_seed_755.csv,5.368725585277563,325.86752456903,1.1108540423588804,0,0.000122318,0.0,568000.0,104000.0,1.7775554398179874,0.001132690072523292,True,vec,16,"{""1"": 12, ""2"": 10, ""3"": 9, ""4"": 11, ""5"": 6, ""6"": 11, ""7"": 0, ""8"": 9, ""9"": 9, ""10"": 13, ""11"": 2}"
756,756,True,,mpeg4\random\mappings\sample_756_seed_756.csv,5.62508731704749,327.28250556944,1.1897461646398828,1,0.0001229578,0.012514062500000001,616000.0,80000.0,1.2468682327787066,0.0011375701744916029,True,vec,16,"{""1"": 14, ""2"": 8, ""3"": 3, ""4"": 7, ""5"": 5, ""6"": 10, ""7"": 12, ""8"": 11, ""9"": 7, ""10"": 5, ""11"": 3}"
757,757,True,,mpeg4\random\mappings\sample_757_seed_757.csv,5.008849609729591,325.69219411983,1.1385263723303836,0,0.0001221187,0.0,448000.0,84000.0,1.5319481373865849,0.001131249651450228,True,vec,16,"{""1"": 12, ""2"": 5, ""3"": 14, ""4"": 9, ""5"": 13, ""6"": 5, ""7"": 8, ""8"": 14, ""9"": 9, ""10"": 10, ""11"": 6}"
758,758,True,,mpeg4\random\mappings\sample_758_seed_758.csv,4.935041878572123,325.82785034666,1.174919615677711,0,0.0001212517,0.0,552000.0,60000.0,1.4924755352101093,0.0011270618643294194,True,vec,16,"{""1"": 10, ""2"": 2, ""3"": 13, ""4"": 0, ""5"": 13, ""6"": 15, ""7"": 7, ""8"": 8, ""9"": 8, ""10"": 5, ""11"": 15}"
759,759,True,,mpeg4\random\mappings\sample_759_seed_759.csv,5.401546666348613,326.09645958181,1.324940491638008,0,0.0001210206,0.0,488000.0,128000.0,1.0538910665826047,0.0011263944194808517,True,vec,16,"{""1"": 1, ""2"": 2, ""3"": 14, ""4"": 3, ""5"": 15, ""6"": 0, ""7"": 0, ""8"": 10, ""9"": 11, ""10"": 2, ""11"": 6}"
760,760,True,,mpeg4\random\mappings\sample_760_seed_760.csv,5.340335485289086,327.02163336144,1.234595381030598,0,0.0001226597,0.0,572000.0,88000.0,1.4179161755434335,0.001135472577116971,True,vec,16,"{""1"": 4, ""2"": 3, ""3"": 6, ""4"": 0, ""5"": 12, ""6"": 10, ""7"": 15, ""8"": 10, ""9"": 14, ""10"": 6, ""11"": 3}"
761,761,True,,mpeg4\random\mappings\sample_761_seed_761.csv,4.924745157863914,325.98835894889,1.2017721911566699,0,0.0001209478,0.0,508000.0,64000.0,1.3959869521120583,0.0011251757316081694,True,vec,16,"{""1"": 7, ""2"": 7, ""3"": 3, ""4"": 10, ""5"": 6, ""6"": 0, ""7"": 3, ""8"": 8, ""9"": 9, ""10"": 12, ""11"": 10}"
762,762,True,,mpeg4\random\mappings\sample_762_seed_762.csv,4.731272667792657,326.95962078662,1.1049622986156376,0,0.0001220138,0.0,424000.0,56000.0,1.1372221156218305,0.001131024220384811,True,vec,16,"{""1"": 11, ""2"": 5, ""3"": 2, ""4"": 10, ""5"": 6, ""6"": 6, ""7"": 0, ""8"": 12, ""9"": 7, ""10"": 3, ""11"": 7}"
763,763,True,,mpeg4\random\mappings\sample_763_seed_763.csv,5.973562334684146,327.32641809163,1.313560546590371,1,0.0001224829,0.0022343750000000002,696000.0,88000.0,1.733696992955237,0.0011355612328341608,True,vec,16,"{""1"": 0, ""2"": 15, ""3"": 3, ""4"": 10, ""5"": 4, ""6"": 4, ""7"": 11, ""8"": 3, ""9"": 10, ""10"": 15, ""11"": 1}"
764,764,True,,mpeg4\random\mappings\sample_764_seed_764.csv,5.240039685891959,327.18341018839,1.1560446278817884,1,0.0001213997,0.00060125,628000.0,64000.0,0.8302129875825772,0.001128384684340402,True,vec,16,"{""1"": 5, ""2"": 2, ""3"": 7, ""4"": 4, ""5"": 8, ""6"": 1, ""7"": 4, ""8"": 13, ""9"": 15, ""10"": 11, ""11"": 12}"
765,765,True,,mpeg4\random\mappings\sample_765_seed_765.csv,5.742184492362754,326.52537427465,1.1619511584315403,0,0.0001328657,0.0,724000.0,120000.0,1.3784435733669582,0.0011910530213184122,True,vec,16,"{""1"": 1, ""2"": 15, ""3"": 8, ""4"": 5, ""5"": 5, ""6"": 3, ""7"": 1, ""8"": 7, ""9"": 12, ""10"": 1, ""11"": 13}"
766,766,True,,mpeg4\random\mappings\sample_766_seed_766.csv,5.012834161416197,325.97349431159,1.1759620646791975,0,0.0001222028,0.0,560000.0,76000.0,1.2512540774649819,0.001132520483457088,True,vec,16,"{""1"": 8, ""2"": 7, ""3"": 10, ""4"": 4, ""5"": 9, ""6"": 3, ""7"": 10, ""8"": 11, ""9"": 14, ""10"": 11, ""11"": 8}"
767,767,True,,mpeg4\random\mappings\sample_767_seed_767.csv,4.812744720445827,326.50048563453,1.267387160235888,0,0.0001218558,0.0,496000.0,56000.0,0.9617883281708286,0.0011310834245204938,True,vec,16,"{""1"": 3, ""2"": 3, ""3"": 14, ""4"": 9, ""5"": 4, ""6"": 11, ""7"": 13, ""8"": 15, ""9"": 15, ""10"": 10, ""11"": 6}"
768,768,True,,mpeg4\random\mappings\sample_768_seed_768.csv,5.142620727524928,326.17873230261,1.2514156659623257,0,0.0001226588,0.0,644000.0,96000.0,0.6986376469943258,0.001135619718708101,True,vec,16,"{""1"": 2, ""2"": 8, ""3"": 7, ""4"": 15, ""5"": 4, ""6"": 0, ""7"": 6, ""8"": 14, ""9"": 1, ""10"": 9, ""11"": 9}"
769,769,True,,mpeg4\random\mappings\sample_769_seed_769.csv,5.211178956866749,326.41100658561,1.201096521407176,0,0.0001215688,0.0,492000.0,88000.0,1.5626490501905101,0.0011289284856828075,True,vec,16,"{""1"": 0, ""2"": 5, ""3"": 0, ""4"": 5, ""5"": 2, ""6"": 6, ""7"": 13, ""8"": 3, ""9"": 0, ""10"": 7, ""11"": 11}"
770,770,True,,mpeg4\random\mappings\sample_770_seed_770.csv,4.8875248230168715,326.85900545845,1.155248353879568,0,0.0001222859,0.0,464000.0,64000.0,1.2030097859159563,0.0011324368381876169,True,vec,16,"{""1"": 12, ""2"": 5, ""3"": 1, ""4"": 10, ""5"": 1, ""6"": 6, ""7"": 12, ""8"": 14, ""9"": 13, ""10"": 11, ""11"": 4}"
771,771,True,,mpeg4\random\mappings\sample_771_seed_771.csv,5.004691314698985,325.92072262177,1.1498465333497814,0,0.0001208397,0.0,448000.0,64000.0,1.922288314465064,0.0011243118369653469,True,vec,16,"{""1"": 12, ""2"": 4, ""3"": 12, ""4"": 2, ""5"": 9, ""6"": 9, ""7"": 4, ""8"": 5, ""9"": 11, ""10"": 12, ""11"": 14}"
772,772,True,,mpeg4\random\mappings\sample_772_seed_772.csv,5.231457320090253,326.53626198428,1.2061765654900543,0,0.0001228488,0.0,576000.0,96000.0,1.1196787368767303,0.0011360126129411736,True,vec,16,"{""1"": 3, ""2"": 10, ""3"": 4, ""4"": 10, ""5"": 15, ""6"": 8, ""7"": 1, ""8"": 1, ""9"": 5, ""10"": 2, ""11"": 6}"
773,773,True,,mpeg4\random\mappings\sample_773_seed_773.csv,6.411188199852147,327.82258188335,1.332895029260023,1,0.0001232619,0.1208,536000.0,84000.0,1.4003727967983335,0.0011417656469733884,True,vec,16,"{""1"": 5, ""2"": 15, ""3"": 15, ""4"": 14, ""5"": 5, ""6"": 2, ""7"": 8, ""8"": 11, ""9"": 3, ""10"": 14, ""11"": 10}"
774,774,True,,mpeg4\random\mappings\sample_774_seed_774.csv,5.594840905379102,326.87584464276,1.1505779895993105,0,0.0001218678,0.0,752000.0,120000.0,1.185466407170856,0.0011317171347034125,True,vec,16,"{""1"": 9, ""2"": 0, ""3"": 14, ""4"": 5, ""5"": 7, ""6"": 8, ""7"": 14, ""8"": 3, ""9"": 15, ""10"": 3, ""11"": 15}"
775,775,True,,mpeg4\random\mappings\sample_775_seed_775.csv,5.545556118376871,326.49506520763,1.2828785155721312,0,0.0001224278,0.0,724000.0,72000.0,2.010005208190565,0.0011350097872179405,True,vec,16,"{""1"": 15, ""2"": 0, ""3"": 13, ""4"": 0, ""5"": 0, ""6"": 4, ""7"": 10, ""8"": 5, ""9"": 3, ""10"": 15, ""11"": 13}"
776,776,True,,mpeg4\random\mappings\sample_776_seed_776.csv,5.4033779787160485,326.23616692655,1.248525238927589,0,0.0001272896,0.0,520000.0,88000.0,1.7819412845042626,0.0011606183835248484,True,vec,16,"{""1"": 14, ""2"": 13, ""3"": 0, ""4"": 14, ""5"": 13, ""6"": 0, ""7"": 7, ""8"": 3, ""9"": 1, ""10"": 1, ""11"": 15}"
777,777,True,,mpeg4\random\mappings\sample_777_seed_777.csv,5.2293415367834575,326.15911920325,1.212507967503491,0,0.0001220637,0.0,528000.0,84000.0,1.6407170856062059,0.0011316124031223158,True,vec,16,"{""1"": 7, ""2"": 14, ""3"": 8, ""4"": 10, ""5"": 1, ""6"": 14, ""7"": 12, ""8"": 14, ""9"": 9, ""10"": 3, ""11"": 11}"
778,778,True,,mpeg4\random\mappings\sample_778_seed_778.csv,4.996797689278432,326.14482402484,1.1274591612430813,0,0.0001224781,0.0,692000.0,80000.0,0.803897919464927,0.001134032484208207,True,vec,16,"{""1"": 1, ""2"": 11, ""3"": 6, ""4"": 13, ""5"": 9, ""6"": 15, ""7"": 0, ""8"": 4, ""9"": 5, ""10"": 10, ""11"": 11}"
779,779,True,,mpeg4\random\mappings\sample_779_seed_779.csv,4.926042611572786,325.83383889309,1.1241301089335165,0,0.0001227419,0.0,488000.0,72000.0,1.4266878649159838,0.00113493679199241,True,vec,16,"{""1"": 5, ""2"": 12, ""3"": 9, ""4"": 9, ""5"": 5, ""6"": 15, ""7"": 8, ""8"": 6, ""9"": 14, ""10"": 6, ""11"": 7}"
780,780,True,,mpeg4\random\mappings\sample_780_seed_780.csv,4.960928920898044,325.82461959732,1.1349479361240071,0,0.0001323016,0.0,412000.0,72000.0,1.3784435733669582,0.0011869672048149694,True,vec,16,"{""1"": 6, ""2"": 10, ""3"": 6, ""4"": 13, ""5"": 13, ""6"": 3, ""7"": 2, ""8"": 5, ""9"": 2, ""10"": 0, ""11"": 14}"
781,781,True,,mpeg4\random\mappings\sample_781_seed_781.csv,4.760476112600427,326.40585288773,1.1759144181001295,0,0.00012222,0.0,560000.0,56000.0,0.8565280557002275,0.001132633259252672,True,vec,16,"{""1"": 6, ""2"": 7, ""3"": 10, ""4"": 15, ""5"": 2, ""6"": 8, ""7"": 3, ""8"": 12, ""9"": 12, ""10"": 6, ""11"": 4}"
782,782,True,,mpeg4\random\mappings\sample_782_seed_782.csv,5.777670061903697,325.87226681497,1.2419302372795062,0,0.0001220896,0.0,528000.0,112000.0,2.584550862092596,0.001132067757976863,True,vec,16,"{""1"": 3, ""2"": 8, ""3"": 14, ""4"": 10, ""5"": 8, ""6"": 8, ""7"": 9, ""8"": 10, ""9"": 10, ""10"": 14, ""11"": 11}"
783,783,True,,mpeg4\random\mappings\sample_783_seed_783.csv,4.890303813070179,326.15324061322,1.2221884263411522,0,0.0001213438,0.0,408000.0,48000.0,1.821413886680738,0.0011273883350693026,True,vec,16,"{""1"": 6, ""2"": 6, ""3"": 8, ""4"": 6, ""5"": 3, ""6"": 3, ""7"": 5, ""8"": 14, ""9"": 2, ""10"": 7, ""11"": 12}"
784,784,True,,mpeg4\random\mappings\sample_784_seed_784.csv,5.633380451134886,327.39062349181,1.205623329054708,1,0.000121211894,0.010264687500000001,392000.0,68000.0,2.176667306269017,0.0011267068957455256,True,vec,16,"{""1"": 13, ""2"": 1, ""3"": 9, ""4"": 9, ""5"": 10, ""6"": 15, ""7"": 15, ""8"": 9, ""9"": 11, ""10"": 13, ""11"": 7}"
785,785,True,,mpeg4\random\mappings\sample_785_seed_785.csv,5.851425879430698,327.18360267466,1.3900489739955746,1,0.0001259241,0.0002688679245283,396000.0,72000.0,2.3477152490337434,0.0011530682260760129,True,vec,16,"{""1"": 3, ""2"": 5, ""3"": 4, ""4"": 12, ""5"": 4, ""6"": 8, ""7"": 12, ""8"": 12, ""9"": 8, ""10"": 8, ""11"": 0}"
786,786,True,,mpeg4\random\mappings\sample_786_seed_786.csv,5.051048457288003,325.8926559193,1.13998991385348,0,0.0001226748,0.0,540000.0,96000.0,1.0495052218963297,0.0011345753689605057,True,vec,16,"{""1"": 11, ""2"": 1, ""3"": 5, ""4"": 2, ""5"": 3, ""6"": 10, ""7"": 3, ""8"": 8, ""9"": 5, ""10"": 4, ""11"": 6}"
787,787,True,,mpeg4\random\mappings\sample_787_seed_787.csv,5.9931146974747,327.37722166939,1.2374225460260926,1,0.0001225599,0.010272643442623125,592000.0,108000.0,1.6407170856062059,0.0011352539240447512,True,vec,16,"{""1"": 9, ""2"": 15, ""3"": 11, ""4"": 2, ""5"": 8, ""6"": 15, ""7"": 5, ""8"": 15, ""9"": 7, ""10"": 13, ""11"": 4}"
788,788,True,,mpeg4\random\mappings\sample_788_seed_788.csv,4.7703199315635745,326.32349756862,1.0873723461344298,0,0.0001327257,0.0,544000.0,48000.0,0.9617883281708286,0.0011895606509462425,True,vec,16,"{""1"": 15, ""2"": 0, ""3"": 4, ""4"": 6, ""5"": 5, ""6"": 10, ""7"": 7, ""8"": 11, ""9"": 12, ""10"": 7, ""11"": 5}"
789,789,True,,mpeg4\random\mappings\sample_789_seed_789.csv,5.028909114159194,326.40038491364,1.1914121983693655,0,0.0001218196,0.0,528000.0,64000.0,1.5056330692689346,0.0011302176486468047,True,vec,16,"{""1"": 15, ""2"": 1, ""3"": 12, ""4"": 9, ""5"": 9, ""6"": 6, ""7"": 10, ""8"": 15, ""9"": 9, ""10"": 11, ""11"": 4}"
790,790,True,,mpeg4\random\mappings\sample_790_seed_790.csv,5.572816264469693,327.24100677528,1.237545140516663,1,0.0001216256,0.0037608333333333127,468000.0,72000.0,1.7731695951317124,0.0011291157356840833,True,vec,16,"{""1"": 9, ""2"": 14, ""3"": 4, ""4"": 8, ""5"": 1, ""6"": 8, ""7"": 9, ""8"": 2, ""9"": 1, ""10"": 8, ""11"": 15}"
791,791,True,,mpeg4\random\mappings\sample_791_seed_791.csv,4.730490422901482,326.54671190561,1.1251746805116698,0,0.0001217456,0.0,408000.0,48000.0,1.4486170883473588,0.0011289114421189207,True,vec,16,"{""1"": 6, ""2"": 0, ""3"": 5, ""4"": 13, ""5"": 0, ""6"": 10, ""7"": 9, ""8"": 6, ""9"": 7, ""10"": 8, ""11"": 5}"
792,792,True,,mpeg4\random\mappings\sample_792_seed_792.csv,4.856335345974318,326.31947985791,1.1524945913239932,0,0.0001220927,0.0,348000.0,52000.0,1.8740440229160384,0.0011306259291975554,True,vec,16,"{""1"": 13, ""2"": 3, ""3"": 2, ""4"": 2, ""5"": 10, ""6"": 6, ""7"": 3, ""8"": 13, ""9"": 6, ""10"": 10, ""11"": 4}"
793,793,True,,mpeg4\random\mappings\sample_793_seed_793.csv,5.289453757477395,325.93499797475,1.1017395807735395,0,0.0001227899,0.0,640000.0,72000.0,2.0626353444258654,0.001135824643136519,True,vec,16,"{""1"": 8, ""2"": 3, ""3"": 8, ""4"": 14, ""5"": 6, ""6"": 6, ""7"": 12, ""8"": 0, ""9"": 14, ""10"": 3, ""11"": 14}"
794,794,True,,mpeg4\random\mappings\sample_794_seed_794.csv,4.854842920220761,325.7936275693,1.14674799746616,0,0.0001212076,0.0,452000.0,64000.0,1.5187906033277596,0.0011262917608449684,True,vec,16,"{""1"": 9, ""2"": 5, ""3"": 13, ""4"": 13, ""5"": 2, ""6"": 1, ""7"": 0, ""8"": 2, ""9"": 7, ""10"": 11, ""11"": 9}"
795,795,True,,mpeg4\random\mappings\sample_795_seed_795.csv,5.443357245107491,327.32983106064,1.1351867667696351,1,0.0001216527,0.0175909722222225,476000.0,80000.0,1.181080562484581,0.0011290809427465386,True,vec,16,"{""1"": 12, ""2"": 14, ""3"": 9, ""4"": 9, ""5"": 6, ""6"": 10, ""7"": 7, ""8"": 15, ""9"": 6, ""10"": 0, ""11"": 5}"
796,796,True,,mpeg4\random\mappings\sample_796_seed_796.csv,6.18157634272288,327.30108199717,1.4268732147604506,1,0.0001216736,0.0125065972222225,528000.0,100000.0,2.1328088594062664,0.0011309739163931196,True,vec,16,"{""1"": 14, ""2"": 15, ""3"": 13, ""4"": 14, ""5"": 15, ""6"": 0, ""7"": 1, ""8"": 12, ""9"": 14, ""10"": 13, ""11"": 13}"
797,797,True,,mpeg4\random\mappings\sample_797_seed_797.csv,5.075028518436245,326.30911746619,1.2502378274763126,0,0.0001216276,0.0,572000.0,64000.0,1.4223020202297085,0.0011300290511611752,True,vec,16,"{""1"": 12, ""2"": 4, ""3"": 15, ""4"": 0, ""5"": 8, ""6"": 11, ""7"": 15, ""8"": 2, ""9"": 3, ""10"": 10, ""11"": 15}"
798,798,True,,mpeg4\random\mappings\sample_798_seed_798.csv,5.0165343173772765,325.65146537232,1.1595750316039009,0,0.0001217468,0.0,500000.0,64000.0,1.8433431101121132,0.0011294489911429918,True,vec,16,"{""1"": 13, ""2"": 8, ""3"": 13, ""4"": 7, ""5"": 8, ""6"": 14, ""7"": 2, ""8"": 13, ""9"": 15, ""10"": 4, ""11"": 1}"
799,799,True,,mpeg4\random\mappings\sample_799_seed_799.csv,5.516137406378063,326.89836194758,1.2191850138879041,0,0.0001225107,0.0,512000.0,88000.0,2.1547380828376417,0.001134194751459928,True,vec,16,"{""1"": 6, ""2"": 12, ""3"": 5, ""4"": 12, ""5"": 0, ""6"": 5, ""7"": 0, ""8"": 15, ""9"": 1, ""10"": 11, ""11"": 0}"
800,800,True,,mpeg4\random\mappings\sample_800_seed_800.csv,5.564320009294722,327.24103660977,1.2152148587889233,1,0.0001213363,0.00235625,372000.0,60000.0,2.3608727830925686,0.0011267534475499091,True,vec,16,"{""1"": 15, ""2"": 1, ""3"": 10, ""4"": 1, ""5"": 15, ""6"": 6, ""7"": 6, ""8"": 15, ""9"": 1, ""10"": 4, ""11"": 14}"
801,801,True,,mpeg4\random\mappings\sample_801_seed_801.csv,5.350382191900104,326.74189077526,1.3651316781290288,0,0.0001220298,0.0,376000.0,84000.0,1.8872015569748637,0.0011319361585287215,True,vec,16,"{""1"": 3, ""2"": 6, ""3"": 15, ""4"": 3, ""5"": 15, ""6"": 2, ""7"": 4, ""8"": 11, ""9"": 10, ""10"": 6, ""11"": 3}"
802,802,True,,mpeg4\random\mappings\sample_802_seed_802.csv,5.215889555634115,325.95752032183,1.2089580364583794,0,0.000123098,0.0,660000.0,84000.0,1.2775691455826321,0.0011379956609285913,True,vec,16,"{""1"": 4, ""2"": 11, ""3"": 5, ""4"": 11, ""5"": 15, ""6"": 12, ""7"": 2, ""8"": 10, ""9"": 15, ""10"": 5, ""11"": 9}"
803,803,True,,mpeg4\random\mappings\sample_803_seed_803.csv,6.079817026606433,327.28063762896,1.304632253701088,1,0.0001214743,0.011004687499999999,612000.0,92000.0,2.102107946602341,0.0011291906696848176,True,vec,16,"{""1"": 3, ""2"": 5, ""3"": 3, ""4"": 7, ""5"": 4, ""6"": 7, ""7"": 7, ""8"": 15, ""9"": 4, ""10"": 0, ""11"": 13}"
804,804,True,,mpeg4\random\mappings\sample_804_seed_804.csv,4.931254480192013,326.18190159155,1.2047233771460595,0,0.0001225878,0.0,544000.0,72000.0,1.0144184644061292,0.0011348848371462402,True,vec,16,"{""1"": 15, ""2"": 14, ""3"": 0, ""4"": 2, ""5"": 7, ""6"": 5, ""7"": 11, ""8"": 2, ""9"": 1, ""10"": 10, ""11"": 10}"
805,805,True,,mpeg4\random\mappings\sample_805_seed_805.csv,5.421424745682621,326.93010286212,1.1542844530727825,0,0.0001214996,0.0,540000.0,100000.0,1.7073819248375868,0.0011283823481806744,True,vec,16,"{""1"": 15, ""2"": 7, ""3"": 1, ""4"": 14, ""5"": 14, ""6"": 10, ""7"": 14, ""8"": 2, ""9"": 15, ""10"": 8, ""11"": 8}"
806,806,True,,mpeg4\random\mappings\sample_806_seed_806.csv,5.44360653259995,326.7871685784,1.1564523050837592,0,0.0001335749,0.0,652000.0,88000.0,1.356514349935583,0.0011951703320029609,True,vec,16,"{""1"": 14, ""2"": 0, ""3"": 9, ""4"": 7, ""5"": 14, ""6"": 2, ""7"": 15, ""8"": 9, ""9"": 15, ""10"": 11, ""11"": 10}"
807,807,True,,mpeg4\random\mappings\sample_807_seed_807.csv,5.5963735222143605,327.37795008948,1.1944368293578198,1,0.0001221056,0.015833705357143124,488000.0,76000.0,1.5407198267591349,0.0011319336349221018,True,vec,16,"{""1"": 11, ""2"": 3, ""3"": 9, ""4"": 5, ""5"": 4, ""6"": 1, ""7"": 5, ""8"": 5, ""9"": 12, ""10"": 3, ""11"": 7}"
808,808,True,,mpeg4\random\mappings\sample_808_seed_808.csv,5.209845866208775,326.04811372805,1.207654876960962,0,0.0001211718,0.0,624000.0,84000.0,1.4003727967983335,0.0011272951518518954,True,vec,16,"{""1"": 11, ""2"": 14, ""3"": 14, ""4"": 7, ""5"": 11, ""6"": 12, ""7"": 15, ""8"": 9, ""9"": 7, ""10"": 5, ""11"": 4}"
809,809,True,,mpeg4\random\mappings\sample_809_seed_809.csv,5.262888987480702,326.53769230921,1.1706358724282646,0,0.0001219908,0.0,544000.0,92000.0,1.4924755352101093,0.00113115601402545,True,vec,16,"{""1"": 1, ""2"": 12, ""3"": 14, ""4"": 7, ""5"": 14, ""6"": 1, ""7"": 8, ""8"": 5, ""9"": 5, ""10"": 11, ""11"": 9}"
810,810,True,,mpeg4\random\mappings\sample_810_seed_810.csv,5.064682291749442,326.96858791743,1.1698343402437306,0,0.0001225788,0.0,584000.0,88000.0,0.7644253172884515,0.0011345961447558647,True,vec,16,"{""1"": 14, ""2"": 1, ""3"": 6, ""4"": 13, ""5"": 2, ""6"": 7, ""7"": 14, ""8"": 5, ""9"": 9, ""10"": 15, ""11"": 8}"
811,811,True,,mpeg4\random\mappings\sample_811_seed_811.csv,4.820917092192404,326.1305702788,1.1743972561554956,0,0.0001218877,0.0,388000.0,80000.0,1.0495052218963297,0.0011300355656721631,True,vec,16,"{""1"": 2, ""2"": 5, ""3"": 7, ""4"": 1, ""5"": 3, ""6"": 10, ""7"": 8, ""8"": 13, ""9"": 15, ""10"": 10, ""11"": 1}"
812,812,True,,mpeg4\random\mappings\sample_812_seed_812.csv,5.264774771604234,326.45167637374,1.0856699720960175,0,0.0001223679,0.0,556000.0,92000.0,1.6635234779748362,0.0011331203480002016,True,vec,16,"{""1"": 1, ""2"": 12, ""3"": 9, ""4"": 6, ""5"": 6, ""6"": 7, ""7"": 13, ""8"": 9, ""9"": 6, ""10"": 2, ""11"": 11}"
813,813,True,,mpeg4\random\mappings\sample_813_seed_813.csv,6.082425769394068,327.50202217635,1.2990915568033854,1,0.0001220379,0.021687209302325625,496000.0,104000.0,1.909130780406239,0.0011322920529421327,True,vec,16,"{""1"": 4, ""2"": 0, ""3"": 8, ""4"": 5, ""5"": 0, ""6"": 10, ""7"": 0, ""8"": 12, ""9"": 12, ""10"": 7, ""11"": 12}"
814,814,True,,mpeg4\random\mappings\sample_814_seed_814.csv,5.730556899064878,327.26687510319,1.0948869562643757,1,0.0001319708,0.00700625,408000.0,112000.0,1.374057728680683,0.0011849110238112645,True,vec,16,"{""1"": 4, ""2"": 4, ""3"": 10, ""4"": 5, ""5"": 13, ""6"": 5, ""7"": 14, ""8"": 7, ""9"": 2, ""10"": 14, ""11"": 0}"
815,815,True,,mpeg4\random\mappings\sample_815_seed_815.csv,5.173156714644876,326.61787727084,1.1855300282742554,0,0.0001324056,0.0,468000.0,96000.0,0.9354732600531783,0.0011877060472121458,True,vec,16,"{""1"": 0, ""2"": 9, ""3"": 10, ""4"": 15, ""5"": 3, ""6"": 2, ""7"": 6, ""8"": 1, ""9"": 6, ""10"": 8, ""11"": 9}"
816,816,True,,mpeg4\random\mappings\sample_816_seed_816.csv,4.945015347262582,326.8440407388,1.1765570640189624,0,0.0001217477,0.0,584000.0,84000.0,0.5670623064060744,0.0011299393917912903,True,vec,16,"{""1"": 5, ""2"": 3, ""3"": 2, ""4"": 1, ""5"": 9, ""6"": 11, ""7"": 6, ""8"": 13, ""9"": 8, ""10"": 12, ""11"": 15}"
817,817,True,,mpeg4\random\mappings\sample_817_seed_817.csv,5.045203456669586,326.15508817192,1.2114089712948188,0,0.0001215637,0.0,556000.0,72000.0,1.3345851265042077,0.0011289117363951391,True,vec,16,"{""1"": 4, ""2"": 10, ""3"": 8, ""4"": 9, ""5"": 8, ""6"": 14, ""7"": 6, ""8"": 11, ""9"": 1, ""10"": 4, ""11"": 6}"
818,818,True,,mpeg4\random\mappings\sample_818_seed_818.csv,4.883550527302589,326.47120784966,1.2729733932919713,0,0.0001213057,0.0,468000.0,76000.0,0.803897919464927,0.0011271860411242926,True,vec,16,"{""1"": 15, ""2"": 10, ""3"": 14, ""4"": 1, ""5"": 12, ""6"": 13, ""7"": 5, ""8"": 15, ""9"": 0, ""10"": 8, ""11"": 2}"
819,819,True,,mpeg4\random\mappings\sample_819_seed_819.csv,5.584797454932293,326.15542182134,1.1322314019908406,0,0.0001223787,0.0,476000.0,136000.0,1.7819412845042626,0.0011328859765641955,True,vec,16,"{""1"": 11, ""2"": 5, ""3"": 11, ""4"": 4, ""5"": 9, ""6"": 8, ""7"": 10, ""8"": 4, ""9"": 9, ""10"": 6, ""11"": 9}"
820,820,True,,mpeg4\random\mappings\sample_820_seed_820.csv,5.099144093811038,326.51588323219,1.2205924332721447,0,0.0001214037,0.0,468000.0,72000.0,1.6021216523669854,0.0011282528107189754,True,vec,16,"{""1"": 6, ""2"": 10, ""3"": 6, ""4"": 7, ""5"": 8, ""6"": 1, ""7"": 3, ""8"": 15, ""9"": 6, ""10"": 10, ""11"": 3}"
821,821,True,,mpeg4\random\mappings\sample_821_seed_821.csv,5.252760693633066,326.10301397013,1.3199700762228046,0,0.0001217561,0.0,564000.0,80000.0,1.4924755352101093,0.0011306152832702434,True,vec,16,"{""1"": 15, ""2"": 9, ""3"": 3, ""4"": 3, ""5"": 12, ""6"": 8, ""7"": 8, ""8"": 11, ""9"": 11, ""10"": 14, ""11"": 7}"
822,822,True,,mpeg4\random\mappings\sample_822_seed_822.csv,5.043559091790834,326.15425421372,1.1571349511578777,0,0.0001222676,0.0,608000.0,96000.0,0.7424960938570763,0.0011326617930674842,True,vec,16,"{""1"": 3, ""2"": 12, ""3"": 14, ""4"": 9, ""5"": 13, ""6"": 2, ""7"": 6, ""8"": 10, ""9"": 13, ""10"": 0, ""11"": 5}"
823,823,True,,mpeg4\random\mappings\sample_823_seed_823.csv,5.29217251418455,325.71374434645,1.1228117374066324,0,0.0001216968,0.0,464000.0,112000.0,1.7029960801513115,0.001128939954573731,True,vec,16,"{""1"": 10, ""2"": 7, ""3"": 11, ""4"": 6, ""5"": 6, ""6"": 11, ""7"": 5, ""8"": 5, ""9"": 9, ""10"": 1, ""11"": 2}"
824,824,True,,mpeg4\random\mappings\sample_824_seed_824.csv,5.529897517056,327.28210353249,1.2496393946289517,1,0.0001216516,0.022640624999999998,460000.0,72000.0,1.3345851265042077,0.00112941149749254,True,vec,16,"{""1"": 4, ""2"": 11, ""3"": 1, ""4"": 0, ""5"": 2, ""6"": 6, ""7"": 7, ""8"": 1, ""9"": 2, ""10"": 8, ""11"": 4}"
825,825,True,,mpeg4\random\mappings\sample_825_seed_825.csv,5.316620906034497,326.38858905363,1.1561578678887532,0,0.0001212596,0.0,468000.0,112000.0,1.5012472245826594,0.0011267006680970061,True,vec,16,"{""1"": 8, ""2"": 9, ""3"": 6, ""4"": 1, ""5"": 3, ""6"": 10, ""7"": 11, ""8"": 3, ""9"": 8, ""10"": 9, ""11"": 6}"
826,826,True,,mpeg4\random\mappings\sample_826_seed_826.csv,5.436232738841075,327.26658339038,1.1916266924430208,1,0.0001224549,0.008822916666666875,580000.0,64000.0,1.2468682327787066,0.0011341344568768506,True,vec,16,"{""1"": 8, ""2"": 15, ""3"": 6, ""4"": 0, ""5"": 4, ""6"": 7, ""7"": 8, ""8"": 11, ""9"": 10, ""10"": 7, ""11"": 4}"
827,827,True,,mpeg4\random\mappings\sample_827_seed_827.csv,5.672221284985051,327.07044250515,1.3433457871842047,0,0.0001214765,0.0,612000.0,80000.0,2.220525753131767,0.0011290959759708804,True,vec,16,"{""1"": 11, ""2"": 8, ""3"": 15, ""4"": 15, ""5"": 2, ""6"": 12, ""7"": 12, ""8"": 15, ""9"": 13, ""10"": 2, ""11"": 1}"
828,828,True,,mpeg4\random\mappings\sample_828_seed_828.csv,4.989667017792996,325.47957920305,1.107950084611215,0,0.0001323956,0.0,428000.0,72000.0,1.5758065842493352,0.0011875419365223788,True,vec,16,"{""1"": 6, ""2"": 4, ""3"": 4, ""4"": 11, ""5"": 11, ""6"": 13, ""7"": 14, ""8"": 2, ""9"": 7, ""10"": 14, ""11"": 7}"
829,829,True,,mpeg4\random\mappings\sample_829_seed_829.csv,4.872216658207712,326.15566725345,1.1920742007839267,0,0.0001269676,0.0,416000.0,68000.0,1.1679230284257558,0.0011575285823016209,True,vec,16,"{""1"": 6, ""2"": 9, ""3"": 0, ""4"": 9, ""5"": 1, ""6"": 12, ""7"": 2, ""8"": 15, ""9"": 8, ""10"": 8, ""11"": 6}"
830,830,True,,mpeg4\random\mappings\sample_830_seed_830.csv,5.136998122705805,326.18657248835,1.196692273572905,0,0.000121939,0.0,648000.0,64000.0,1.5363339820728599,0.0011310668346226863,True,vec,16,"{""1"": 3, ""2"": 7, ""3"": 14, ""4"": 0, ""5"": 7, ""6"": 13, ""7"": 3, ""8"": 8, ""9"": 9, ""10"": 13, ""11"": 8}"
831,831,True,,mpeg4\random\mappings\sample_831_seed_831.csv,6.131247436835392,327.27735752888,1.2309926931461461,1,0.0001226348,0.011951964285714375,580000.0,108000.0,2.080178723170966,0.0011351960087916074,True,vec,16,"{""1"": 5, ""2"": 11, ""3"": 0, ""4"": 4, ""5"": 7, ""6"": 4, ""7"": 7, ""8"": 12, ""9"": 0, ""10"": 13, ""11"": 4}"
832,832,True,,mpeg4\random\mappings\sample_832_seed_832.csv,5.3133670262203525,326.17557755357,1.1816224647174431,0,0.0001217948,0.0,544000.0,96000.0,1.637208409857186,0.0011298509276424676,True,vec,16,"{""1"": 10, ""2"": 7, ""3"": 3, ""4"": 4, ""5"": 15, ""6"": 10, ""7"": 3, ""8"": 12, ""9"": 13, ""10"": 4, ""11"": 12}"
833,833,True,,mpeg4\random\mappings\sample_833_seed_833.csv,5.067675411279451,326.29017630573,1.2610188402291322,0,0.000122484,0.0,500000.0,56000.0,1.7293111482689618,0.001134265500405355,True,vec,16,"{""1"": 9, ""2"": 11, ""3"": 15, ""4"": 15, ""5"": 13, ""6"": 4, ""7"": 15, ""8"": 5, ""9"": 9, ""10"": 8, ""11"": 3}"
834,834,True,,mpeg4\random\mappings\sample_834_seed_834.csv,5.337696875664646,326.23389105037,1.286349790446932,0,0.0001223081,0.0,616000.0,88000.0,1.4266878649159838,0.0011341325575384695,True,vec,16,"{""1"": 9, ""2"": 6, ""3"": 3, ""4"": 9, ""5"": 0, ""6"": 0, ""7"": 15, ""8"": 7, ""9"": 13, ""10"": 7, ""11"": 5}"
835,835,True,,mpeg4\random\mappings\sample_835_seed_835.csv,5.253450025062192,326.36881857679,1.1941691752452315,0,0.000132341,0.0,472000.0,72000.0,1.751240371700337,0.0011877791370662931,True,vec,16,"{""1"": 6, ""2"": 11, ""3"": 9, ""4"": 14, ""5"": 13, ""6"": 13, ""7"": 3, ""8"": 3, ""9"": 9, ""10"": 3, ""11"": 10}"
836,836,True,,mpeg4\random\mappings\sample_836_seed_836.csv,6.119023384002601,327.4549058988,1.3282440637957735,1,0.0001219069,0.04144440789473688,732000.0,72000.0,1.738082837641512,0.0011330175959477114,True,vec,16,"{""1"": 13, ""2"": 0, ""3"": 2, ""4"": 3, ""5"": 11, ""6"": 13, ""7"": 7, ""8"": 3, ""9"": 0, ""10"": 14, ""11"": 0}"
837,837,True,,mpeg4\random\mappings\sample_837_seed_837.csv,5.0354120498994375,325.82703013926,1.2469823431184943,0,0.0001218158,0.0,584000.0,52000.0,1.6942243907787615,0.001130459409976881,True,vec,16,"{""1"": 8, ""2"": 14, ""3"": 4, ""4"": 7, ""5"": 12, ""6"": 3, ""7"": 0, ""8"": 3, ""9"": 14, ""10"": 3, ""11"": 8}"
838,838,True,,mpeg4\random\mappings\sample_838_seed_838.csv,5.34392011576432,327.2843867822,1.266131661020967,1,0.0001217077,0.02007925,480000.0,56000.0,1.1152928921904552,0.0011303352638325976,True,vec,16,"{""1"": 10, ""2"": 9, ""3"": 12, ""4"": 8, ""5"": 8, ""6"": 15, ""7"": 10, ""8"": 2, ""9"": 7, ""10"": 0, ""11"": 14}"
839,839,True,,mpeg4\random\mappings\sample_839_seed_839.csv,5.231920938220583,325.76559979045,1.217853250647036,0,0.0001281588,0.0,596000.0,88000.0,1.2687974562100819,0.0011651514388960934,True,vec,16,"{""1"": 3, ""2"": 8, ""3"": 12, ""4"": 7, ""5"": 0, ""6"": 9, ""7"": 15, ""8"": 6, ""9"": 0, ""10"": 0, ""11"": 7}"
840,840,True,,mpeg4\random\mappings\sample_840_seed_840.csv,5.388781027743745,326.87911774712,1.2856125319563203,0,0.0001367101,0.0,644000.0,56000.0,1.5275622927003099,0.0012113312096546354,True,vec,16,"{""1"": 6, ""2"": 13, ""3"": 14, ""4"": 11, ""5"": 7, ""6"": 3, ""7"": 12, ""8"": 14, ""9"": 15, ""10"": 8, ""11"": 14}"
841,841,True,,mpeg4\random\mappings\sample_841_seed_841.csv,5.190093781947962,326.185472205,1.2463087886387765,0,0.0001214518,0.0,652000.0,80000.0,1.2240618404100765,0.0011285762728207357,True,vec,16,"{""1"": 12, ""2"": 6, ""3"": 14, ""4"": 13, ""5"": 10, ""6"": 3, ""7"": 15, ""8"": 6, ""9"": 13, ""10"": 4, ""11"": 12}"
842,842,True,,mpeg4\random\mappings\sample_842_seed_842.csv,5.7592769478038885,325.88129880529,1.1563823177791315,0,0.0001424936,0.0,392000.0,96000.0,2.738055426112223,0.001241987853803881,True,vec,16,"{""1"": 2, ""2"": 15, ""3"": 10, ""4"": 2, ""5"": 13, ""6"": 2, ""7"": 3, ""8"": 5, ""9"": 3, ""10"": 3, ""11"": 2}"
843,843,True,,mpeg4\random\mappings\sample_843_seed_843.csv,5.0371639064784,325.66545279139,1.1723217098442202,0,0.0001323697,0.0,512000.0,68000.0,1.3784435733669582,0.0011875429091611264,True,vec,16,"{""1"": 0, ""2"": 13, ""3"": 14, ""4"": 9, ""5"": 9, ""6"": 12, ""7"": 4, ""8"": 10, ""9"": 4, ""10"": 6, ""11"": 4}"
844,844,True,,mpeg4\random\mappings\sample_844_seed_844.csv,5.33193484808864,325.92479842914,1.2262239476571297,0,0.0001213077,0.0,476000.0,80000.0,2.2292974425043175,0.0011271598080847419,True,vec,16,"{""1"": 7, ""2"": 3, ""3"": 11, ""4"": 11, ""5"": 10, ""6"": 11, ""7"": 3, ""8"": 8, ""9"": 9, ""10"": 5, ""11"": 13}"
845,845,True,,mpeg4\random\mappings\sample_845_seed_845.csv,4.68956068706511,325.31427773257,1.1180532027847427,0,0.0001214643,0.0,420000.0,64000.0,1.3345851265042077,0.0011273071084304716,True,vec,16,"{""1"": 1, ""2"": 9, ""3"": 7, ""4"": 1, ""5"": 5, ""6"": 14, ""7"": 14, ""8"": 2, ""9"": 5, ""10"": 11, ""11"": 4}"
846,846,True,,mpeg4\random\mappings\sample_846_seed_846.csv,5.2507076728082485,326.10409381692,1.1940506605561185,0,0.0001203757,0.0,556000.0,60000.0,2.281927578739618,0.0011227062508359928,True,vec,16,"{""1"": 3, ""2"": 3, ""3"": 5, ""4"": 8, ""5"": 5, ""6"": 4, ""7"": 12, ""8"": 15, ""9"": 15, ""10"": 3, ""11"": 5}"
847,847,True,,mpeg4\random\mappings\sample_847_seed_847.csv,5.933599566640431,327.58723041077,1.4371835303403209,1,0.000120797271,0.025761093750000002,536000.0,80000.0,1.5714207395630602,0.0011262800933525897,True,vec,16,"{""1"": 12, ""2"": 12, ""3"": 3, ""4"": 3, ""5"": 8, ""6"": 15, ""7"": 15, ""8"": 5, ""9"": 10, ""10"": 11, ""11"": 9}"
848,848,True,,mpeg4\random\mappings\sample_848_seed_848.csv,5.019065736082748,325.98104675233,1.2351125450928728,0,0.0001207541,0.0,604000.0,72000.0,1.1591513390532058,0.0011247808397589092,True,vec,16,"{""1"": 14, ""2"": 13, ""3"": 9, ""4"": 0, ""5"": 11, ""6"": 15, ""7"": 15, ""8"": 3, ""9"": 4, ""10"": 6, ""11"": 0}"
849,849,True,,mpeg4\random\mappings\sample_849_seed_849.csv,5.494901245791597,326.41433936779,1.2627478591876986,0,0.0001212097,0.0,492000.0,112000.0,1.7029960801513115,0.001126845594294018,True,vec,16,"{""1"": 0, ""2"": 1, ""3"": 0, ""4"": 5, ""5"": 8, ""6"": 1, ""7"": 9, ""8"": 9, ""9"": 8, ""10"": 13, ""11"": 10}"
850,850,True,,mpeg4\random\mappings\sample_850_seed_850.csv,5.091184506498941,325.94031205075,1.2094080755587027,0,0.0001223959,0.0,500000.0,88000.0,1.2951125243277322,0.001133572340839907,True,vec,16,"{""1"": 15, ""2"": 14, ""3"": 3, ""4"": 9, ""5"": 2, ""6"": 1, ""7"": 11, ""8"": 2, ""9"": 9, ""10"": 7, ""11"": 14}"
851,851,True,,mpeg4\random\mappings\sample_851_seed_851.csv,5.032768214810737,326.8798739378,1.186388183319612,0,0.0001216176,0.0,456000.0,72000.0,1.4047586414846085,0.0011290024429454887,True,vec,16,"{""1"": 12, ""2"": 9, ""3"": 13, ""4"": 7, ""5"": 7, ""6"": 5, ""7"": 1, ""8"": 14, ""9"": 14, ""10"": 11, ""11"": 13}"
852,852,True,,mpeg4\random\mappings\sample_852_seed_852.csv,6.365134473715359,327.56864452191,1.3774221972089682,2,0.000122316,0.07037020833333126,748000.0,88000.0,0.5670623064060744,0.0011360233481184784,True,vec,16,"{""1"": 1, ""2"": 13, ""3"": 11, ""4"": 7, ""5"": 12, ""6"": 8, ""7"": 3, ""8"": 15, ""9"": 10, ""10"": 6, ""11"": 14}"
853,853,True,,mpeg4\random\mappings\sample_853_seed_853.csv,4.9649013403158815,326.90425268875,1.1722281461001614,0,0.0001220279,0.0,528000.0,72000.0,1.0266988295276993,0.0011316680893030658,True,vec,16,"{""1"": 12, ""2"": 9, ""3"": 10, ""4"": 3, ""5"": 5, ""6"": 2, ""7"": 15, ""8"": 9, ""9"": 3, ""10"": 14, ""11"": 11}"
854,854,True,,mpeg4\random\mappings\sample_854_seed_854.csv,4.935494446325791,326.41189997511,1.1149646034873573,0,0.0001321276,0.0,372000.0,68000.0,1.3784435733669582,0.0011855817243381374,True,vec,16,"{""1"": 11, ""2"": 10, ""3"": 8, ""4"": 6, ""5"": 0, ""6"": 9, ""7"": 8, ""8"": 15, ""9"": 1, ""10"": 8, ""11"": 1}"
855,855,True,,mpeg4\random\mappings\sample_855_seed_855.csv,4.989438240950535,325.92627459455,1.1198301808584143,0,0.0001223296,0.0,480000.0,72000.0,1.6240508757983607,0.0011326267494319094,True,vec,16,"{""1"": 7, ""2"": 8, ""3"": 3, ""4"": 8, ""5"": 14, ""6"": 6, ""7"": 5, ""8"": 5, ""9"": 14, ""10"": 11, ""11"": 3}"
856,856,True,,mpeg4\random\mappings\sample_856_seed_856.csv,5.070765523189673,326.82757671785,1.2199735437261108,0,0.0001224381,0.0,644000.0,72000.0,0.9179298813080782,0.001134201576386282,True,vec,16,"{""1"": 6, ""2"": 7, ""3"": 8, ""4"": 15, ""5"": 13, ""6"": 3, ""7"": 12, ""8"": 1, ""9"": 6, ""10"": 8, ""11"": 4}"
857,857,True,,mpeg4\random\mappings\sample_857_seed_857.csv,5.09969521185761,326.33116005732,1.2192637098020664,0,0.0001217118,0.0,380000.0,76000.0,1.7994846632493626,0.0011293425169071178,True,vec,16,"{""1"": 15, ""2"": 13, ""3"": 14, ""4"": 7, ""5"": 14, ""6"": 7, ""7"": 9, ""8"": 6, ""9"": 10, ""10"": 6, ""11"": 15}"
858,858,True,,mpeg4\random\mappings\sample_858_seed_858.csv,5.415718212359059,325.95028270192,1.0771856299191744,0,0.0001230279,0.0,600000.0,84000.0,2.299470957484718,0.0011365017838633738,True,vec,16,"{""1"": 2, ""2"": 11, ""3"": 5, ""4"": 14, ""5"": 15, ""6"": 5, ""7"": 15, ""8"": 5, ""9"": 4, ""10"": 13, ""11"": 13}"
859,859,True,,mpeg4\random\mappings\sample_859_seed_859.csv,6.322544285913726,327.67071631243,1.3574570634884062,2,0.000122502,0.060787120478036256,616000.0,88000.0,0.9617883281708286,0.0011362495513129631,True,vec,16,"{""1"": 7, ""2"": 3, ""3"": 15, ""4"": 4, ""5"": 14, ""6"": 3, ""7"": 8, ""8"": 2, ""9"": 0, ""10"": 5, ""11"": 1}"
860,860,True,,mpeg4\random\mappings\sample_860_seed_860.csv,5.609392363486392,326.50361999476,1.219931498977605,0,0.0001212868,0.0,520000.0,136000.0,1.474932156465009,0.0011270026516162946,True,vec,16,"{""1"": 4, ""2"": 4, ""3"": 11, ""4"": 9, ""5"": 15, ""6"": 7, ""7"": 4, ""8"": 2, ""9"": 8, ""10"": 5, ""11"": 2}"
861,861,True,,mpeg4\random\mappings\sample_861_seed_861.csv,6.100707273328202,327.16940869497,1.1938645180478924,1,0.0001210916,0.00020958333333333126,616000.0,92000.0,2.6108659302102466,0.001126015648184224,True,vec,16,"{""1"": 14, ""2"": 14, ""3"": 4, ""4"": 4, ""5"": 14, ""6"": 1, ""7"": 2, ""8"": 1, ""9"": 4, ""10"": 13, ""11"": 0}"
862,862,True,,mpeg4\random\mappings\sample_862_seed_862.csv,4.688955788872538,326.00482464033,1.1271033872410468,0,0.0001209796,0.0,328000.0,60000.0,1.461774622406184,0.0011243133101429526,True,vec,16,"{""1"": 6, ""2"": 2, ""3"": 2, ""4"": 6, ""5"": 8, ""6"": 10, ""7"": 14, ""8"": 4, ""9"": 9, ""10"": 5, ""11"": 4}"
863,863,True,,mpeg4\random\mappings\sample_863_seed_863.csv,5.093728115613456,325.93319062971,1.269372288621262,0,0.0001209884,0.0,592000.0,72000.0,1.3345851265042077,0.0011262153922227938,True,vec,16,"{""1"": 8, ""2"": 13, ""3"": 7, ""4"": 6, ""5"": 7, ""6"": 0, ""7"": 0, ""8"": 9, ""9"": 15, ""10"": 10, ""11"": 2}"
864,864,True,,mpeg4\random\mappings\sample_864_seed_864.csv,5.5399566850044115,327.15039373035,1.2288389297007627,1,0.0001216156,2.4305555555555624e-06,560000.0,80000.0,1.356514349935583,0.0011295568765406566,True,vec,16,"{""1"": 9, ""2"": 15, ""3"": 6, ""4"": 4, ""5"": 2, ""6"": 0, ""7"": 4, ""8"": 0, ""9"": 11, ""10"": 8, ""11"": 11}"
865,865,True,,mpeg4\random\mappings\sample_865_seed_865.csv,5.416092351650064,326.94283943365,1.3212850121414697,0,0.0001222349,0.0,592000.0,76000.0,1.6986102354650365,0.0011332446234438214,True,vec,16,"{""1"": 12, ""2"": 0, ""3"": 8, ""4"": 0, ""5"": 14, ""6"": 4, ""7"": 11, ""8"": 14, ""9"": 6, ""10"": 15, ""11"": 0}"
866,866,True,,mpeg4\random\mappings\sample_866_seed_866.csv,6.011218479032703,327.39457306605,1.3735575091929464,1,0.0001225077,0.013333223684210626,552000.0,104000.0,1.5407198267591349,0.00113569728241735,True,vec,16,"{""1"": 3, ""2"": 6, ""3"": 11, ""4"": 0, ""5"": 12, ""6"": 3, ""7"": 11, ""8"": 0, ""9"": 7, ""10"": 2, ""11"": 4}"
867,867,True,,mpeg4\random\mappings\sample_867_seed_867.csv,5.4077525511384055,326.14680596604,1.2243519377585976,0,0.0001217618,0.0,632000.0,72000.0,2.1240371700337164,0.001130517133729869,True,vec,16,"{""1"": 4, ""2"": 14, ""3"": 8, ""4"": 8, ""5"": 0, ""6"": 8, ""7"": 1, ""8"": 11, ""9"": 15, ""10"": 6, ""11"": 6}"
868,868,True,,mpeg4\random\mappings\sample_868_seed_868.csv,5.558203992298821,327.24671879552,1.2668084498176009,1,0.0001223418,0.0020775,492000.0,80000.0,1.4223020202297085,0.0011333927430848664,True,vec,16,"{""1"": 12, ""2"": 4, ""3"": 2, ""4"": 6, ""5"": 15, ""6"": 6, ""7"": 0, ""8"": 10, ""9"": 5, ""10"": 2, ""11"": 0}"
869,869,True,,mpeg4\random\mappings\sample_869_seed_869.csv,5.117285864590315,326.14760816849,1.1896415017500679,0,0.0001213518,0.0,620000.0,80000.0,1.2424823880924316,0.001127987267543477,True,vec,16,"{""1"": 13, ""2"": 12, ""3"": 14, ""4"": 0, ""5"": 5, ""6"": 3, ""7"": 0, ""8"": 7, ""9"": 15, ""10"": 5, ""11"": 7}"
870,870,True,,mpeg4\random\mappings\sample_870_seed_870.csv,5.190717453022707,325.82425901306,1.1854150559944605,0,0.000122316,0.0,612000.0,88000.0,1.364408870370878,0.0011334524776490165,True,vec,16,"{""1"": 7, ""2"": 14, ""3"": 11, ""4"": 9, ""5"": 10, ""6"": 12, ""7"": 7, ""8"": 14, ""9"": 14, ""10"": 6, ""11"": 1}"
871,871,True,,mpeg4\random\mappings\sample_871_seed_871.csv,5.4880566320566855,326.01602665539,1.1488446793632217,0,0.0001218069,0.0,580000.0,116000.0,1.7029960801513115,0.00113004804151476,True,vec,16,"{""1"": 11, ""2"": 3, ""3"": 10, ""4"": 8, ""5"": 8, ""6"": 11, ""7"": 4, ""8"": 14, ""9"": 12, ""10"": 10, ""11"": 3}"
872,872,True,,mpeg4\random\mappings\sample_872_seed_872.csv,6.742143704938636,327.56599496342,1.381191436707072,1,0.0001236059,0.06346493055555624,768000.0,112000.0,1.9486033825827143,0.0011428733538372284,True,vec,16,"{""1"": 15, ""2"": 4, ""3"": 15, ""4"": 7, ""5"": 0, ""6"": 15, ""7"": 8, ""8"": 12, ""9"": 7, ""10"": 3, ""11"": 13}"
873,873,True,,mpeg4\random\mappings\sample_873_seed_873.csv,5.37500958841904,325.75865306271,1.2133483087816286,0,0.0001216717,0.0,664000.0,72000.0,2.088950412543516,0.0011295934247400941,True,vec,16,"{""1"": 4, ""2"": 9, ""3"": 0, ""4"": 11, ""5"": 13, ""6"": 0, ""7"": 8, ""8"": 11, ""9"": 6, ""10"": 9, ""11"": 11}"
874,874,True,,mpeg4\random\mappings\sample_874_seed_874.csv,4.975241711138201,325.8294930556,1.1457703658574876,0,0.0001224427,0.0,588000.0,60000.0,1.5310709684493298,0.0011334867638770451,True,vec,16,"{""1"": 5, ""2"": 11, ""3"": 2, ""4"": 4, ""5"": 12, ""6"": 2, ""7"": 10, ""8"": 11, ""9"": 0, ""10"": 3, ""11"": 0}"
875,875,True,,mpeg4\random\mappings\sample_875_seed_875.csv,5.014736083250829,326.84277631242,1.232998192894719,0,0.0001207042,0.0,488000.0,80000.0,1.0275759984649544,0.0011243545446555808,True,vec,16,"{""1"": 8, ""2"": 10, ""3"": 15, ""4"": 2, ""5"": 11, ""6"": 14, ""7"": 14, ""8"": 13, ""9"": 7, ""10"": 3, ""11"": 7}"
876,876,True,,mpeg4\random\mappings\sample_876_seed_876.csv,5.813574035986948,326.41225983046,1.3113768820193739,0,0.0001213558,0.0,720000.0,140000.0,1.2468682327787066,0.001129257829990411,True,vec,16,"{""1"": 0, ""2"": 8, ""3"": 1, ""4"": 2, ""5"": 2, ""6"": 0, ""7"": 6, ""8"": 14, ""9"": 9, ""10"": 15, ""11"": 13}"
877,877,True,,mpeg4\random\mappings\sample_877_seed_877.csv,5.159617019737723,326.17339098759,1.208982226753056,0,0.0001328696,0.0,544000.0,84000.0,1.0275759984649544,0.001191118059337019,True,vec,16,"{""1"": 7, ""2"": 13, ""3"": 8, ""4"": 0, ""5"": 14, ""6"": 11, ""7"": 15, ""8"": 5, ""9"": 1, ""10"": 15, ""11"": 15}"
878,878,True,,mpeg4\random\mappings\sample_878_seed_878.csv,5.516004346471655,327.39388233706,1.1771696211894094,1,0.0001221379,0.018063392857143125,424000.0,88000.0,1.2117814752885063,0.0011318799451751937,True,vec,16,"{""1"": 9, ""2"": 10, ""3"": 2, ""4"": 5, ""5"": 7, ""6"": 8, ""7"": 2, ""8"": 12, ""9"": 10, ""10"": 12, ""11"": 13}"
879,879,True,,mpeg4\random\mappings\sample_879_seed_879.csv,5.627169668249364,327.17290687145,1.1787534324259619,1,0.000122478,0.00017625,612000.0,96000.0,1.172308873112031,0.0011342466521394594,True,vec,16,"{""1"": 2, ""2"": 11, ""3"": 6, ""4"": 4, ""5"": 10, ""6"": 3, ""7"": 8, ""8"": 4, ""9"": 11, ""10"": 0, ""11"": 0}"
880,880,True,,mpeg4\random\mappings\sample_880_seed_880.csv,5.405856944161573,326.18547762098,1.214048345343669,0,0.0001320036,0.0,500000.0,104000.0,1.4091444861708835,0.0011861658618005071,True,vec,16,"{""1"": 3, ""2"": 2, ""3"": 4, ""4"": 12, ""5"": 8, ""6"": 1, ""7"": 2, ""8"": 8, ""9"": 9, ""10"": 2, ""11"": 6}"
881,881,True,,mpeg4\random\mappings\sample_881_seed_881.csv,5.044681708714817,326.40889313999,1.2235878802269,0,0.0001219717,0.0,476000.0,88000.0,1.071434445327705,0.001131096481574139,True,vec,16,"{""1"": 10, ""2"": 5, ""3"": 12, ""4"": 9, ""5"": 0, ""6"": 4, ""7"": 6, ""8"": 14, ""9"": 3, ""10"": 9, ""11"": 4}"
882,882,True,,mpeg4\random\mappings\sample_882_seed_882.csv,5.850652697170214,327.28387608,1.3382498060623995,1,0.0001220087,0.009994861111111251,584000.0,88000.0,1.5407198267591349,0.0011326026757884308,True,vec,16,"{""1"": 0, ""2"": 10, ""3"": 13, ""4"": 12, ""5"": 4, ""6"": 12, ""7"": 9, ""8"": 4, ""9"": 6, ""10"": 13, ""11"": 15}"
883,883,True,,mpeg4\random\mappings\sample_883_seed_883.csv,4.777715632523197,326.24538047474,1.2051284117699326,0,0.0001219356,0.0,420000.0,72000.0,0.9179298813080782,0.0011302799671556272,True,vec,16,"{""1"": 3, ""2"": 5, ""3"": 11, ""4"": 9, ""5"": 9, ""6"": 0, ""7"": 4, ""8"": 10, ""9"": 1, ""10"": 8, ""11"": 2}"
884,884,True,,mpeg4\random\mappings\sample_884_seed_884.csv,5.2776632782199515,326.01556309102,1.176887359352176,0,0.0001223936,0.0,572000.0,104000.0,1.3170417477591074,0.0011334942769400211,True,vec,16,"{""1"": 2, ""2"": 15, ""3"": 1, ""4"": 13, ""5"": 9, ""6"": 0, ""7"": 1, ""8"": 5, ""9"": 3, ""10"": 5, ""11"": 9}"
885,885,True,,mpeg4\random\mappings\sample_885_seed_885.csv,4.941621732298545,325.73764174308,1.1062889643554779,0,0.0001216948,0.0,504000.0,72000.0,1.5319481373865849,0.0011290748823068392,True,vec,16,"{""1"": 11, ""2"": 13, ""3"": 13, ""4"": 2, ""5"": 10, ""6"": 2, ""7"": 4, ""8"": 1, ""9"": 9, ""10"": 3, ""11"": 9}"
886,886,True,,mpeg4\random\mappings\sample_886_seed_886.csv,5.242830302561784,327.1909447435,1.2209972242686036,1,0.0001328376,0.0006305232558139375,400000.0,56000.0,1.09336366875908,0.0011904862162104568,True,vec,16,"{""1"": 6, ""2"": 13, ""3"": 9, ""4"": 5, ""5"": 15, ""6"": 2, ""7"": 3, ""8"": 3, ""9"": 0, ""10"": 3, ""11"": 7}"
887,887,True,,mpeg4\random\mappings\sample_887_seed_887.csv,5.760706432567284,326.24317424819,1.3163343719929865,0,0.0001219349,0.0,492000.0,112000.0,2.365258627778844,0.001131400772363561,True,vec,16,"{""1"": 15, ""2"": 12, ""3"": 6, ""4"": 11, ""5"": 3, ""6"": 15, ""7"": 8, ""8"": 15, ""9"": 15, ""10"": 10, ""11"": 6}"
888,888,True,,mpeg4\random\mappings\sample_888_seed_888.csv,6.573372357760966,327.59192950788,1.3037901149733957,2,0.0001328888,0.06682666666666687,584000.0,68000.0,1.8959732463474137,0.0011922491685587933,True,vec,16,"{""1"": 2, ""2"": 13, ""3"": 12, ""4"": 11, ""5"": 13, ""6"": 5, ""7"": 12, ""8"": 14, ""9"": 12, ""10"": 13, ""11"": 15}"
889,889,True,,mpeg4\random\mappings\sample_889_seed_889.csv,6.222507717348212,327.52562806777,1.3068048566665302,1,0.0001221327,0.04122055555555563,404000.0,100000.0,2.308242646857268,0.0011331881403458075,True,vec,16,"{""1"": 7, ""2"": 2, ""3"": 7, ""4"": 3, ""5"": 5, ""6"": 3, ""7"": 11, ""8"": 5, ""9"": 15, ""10"": 2, ""11"": 5}"
890,890,True,,mpeg4\random\mappings\sample_890_seed_890.csv,4.892626834067717,326.89440696886,1.206982215084387,0,0.0001215316,0.0,448000.0,72000.0,0.9828403826649489,0.0011284500341223423,True,vec,16,"{""1"": 1, ""2"": 9, ""3"": 0, ""4"": 13, ""5"": 2, ""6"": 10, ""7"": 11, ""8"": 9, ""9"": 15, ""10"": 1, ""11"": 8}"
891,891,True,,mpeg4\random\mappings\sample_891_seed_891.csv,4.931199670159743,326.05931759536,1.125214554606259,0,0.0001219758,0.0,576000.0,80000.0,0.9793317069159289,0.001131130091155129,True,vec,16,"{""1"": 12, ""2"": 8, ""3"": 1, ""4"": 14, ""5"": 6, ""6"": 11, ""7"": 13, ""8"": 7, ""9"": 15, ""10"": 6, ""11"": 7}"
892,892,True,,mpeg4\random\mappings\sample_892_seed_892.csv,5.381562503256056,325.30429479809,1.0790318301995765,0,0.0001214017,0.0,356000.0,116000.0,2.387187851210219,0.001126740505325794,True,vec,16,"{""1"": 7, ""2"": 9, ""3"": 13, ""4"": 6, ""5"": 6, ""6"": 7, ""7"": 5, ""8"": 7, ""9"": 10, ""10"": 7, ""11"": 14}"
893,893,True,,mpeg4\random\mappings\sample_893_seed_893.csv,5.073765610730033,325.91371198721,1.1261622790350525,0,0.0001213557,0.0,496000.0,72000.0,1.8433431101121132,0.001127597477645658,True,vec,16,"{""1"": 8, ""2"": 6, ""3"": 2, ""4"": 14, ""5"": 4, ""6"": 6, ""7"": 14, ""8"": 11, ""9"": 11, ""10"": 3, ""11"": 14}"
894,894,True,,mpeg4\random\mappings\sample_894_seed_894.csv,5.905671772500658,327.42432183734,1.208178556213941,1,0.0001210064,0.03773576388888875,472000.0,80000.0,2.018776897563115,0.0011256464570656697,True,vec,16,"{""1"": 14, ""2"": 15, ""3"": 6, ""4"": 1, ""5"": 11, ""6"": 1, ""7"": 1, ""8"": 9, ""9"": 9, ""10"": 12, ""11"": 11}"
895,895,True,,mpeg4\random\mappings\sample_895_seed_895.csv,5.9244852708494005,326.92690594586,1.2462637258940987,0,0.0001471016,0.0,540000.0,88000.0,2.317014336229818,0.0012675636697961803,True,vec,16,"{""1"": 0, ""2"": 13, ""3"": 7, ""4"": 15, ""5"": 8, ""6"": 14, ""7"": 15, ""8"": 7, ""9"": 14, ""10"": 15, ""11"": 7}"
896,896,True,,mpeg4\random\mappings\sample_896_seed_896.csv,4.753218896919221,326.2115201689,1.1234493612061864,0,0.0001230039,0.0,420000.0,48000.0,1.5407198267591349,0.0011362876776000804,True,vec,16,"{""1"": 6, ""2"": 3, ""3"": 14, ""4"": 3, ""5"": 8, ""6"": 9, ""7"": 3, ""8"": 5, ""9"": 11, ""10"": 5, ""11"": 10}"
897,897,True,,mpeg4\random\mappings\sample_897_seed_897.csv,6.176749775842532,327.30001800974,1.3053132422173646,1,0.0001217418,0.02462125,560000.0,104000.0,2.01439105287684,0.0011308982334591706,True,vec,16,"{""1"": 1, ""2"": 1, ""3"": 8, ""4"": 12, ""5"": 2, ""6"": 10, ""7"": 4, ""8"": 8, ""9"": 8, ""10"": 2, ""11"": 12}"
898,898,True,,mpeg4\random\mappings\sample_898_seed_898.csv,4.928546240546664,325.79696906217,1.1641412039778316,0,0.0001221187,0.0,644000.0,64000.0,1.1372221156218305,0.0011324949077820953,True,vec,16,"{""1"": 13, ""2"": 4, ""3"": 0, ""4"": 15, ""5"": 7, ""6"": 1, ""7"": 4, ""8"": 2, ""9"": 15, ""10"": 2, ""11"": 10}"
899,899,True,,mpeg4\random\mappings\sample_899_seed_899.csv,4.884347979090166,325.74141949978,1.1958682383220611,0,0.0001217938,0.0,532000.0,72000.0,1.09336366875908,0.0011301764563608067,True,vec,16,"{""1"": 4, ""2"": 2, ""3"": 2, ""4"": 9, ""5"": 12, ""6"": 8, ""7"": 14, ""8"": 7, ""9"": 10, ""10"": 0, ""11"": 10}"
900,900,True,,mpeg4\random\mappings\sample_900_seed_900.csv,5.735432083851273,327.62014730967,1.2320033681443958,1,0.0001221218,0.08637118055555626,372000.0,64000.0,1.2468682327787066,0.0011327078567009545,True,vec,16,"{""1"": 7, ""2"": 11, ""3"": 7, ""4"": 10, ""5"": 1, ""6"": 5, ""7"": 14, ""8"": 3, ""9"": 7, ""10"": 13, ""11"": 2}"
901,901,True,,mpeg4\random\mappings\sample_901_seed_901.csv,5.107634373038612,326.91626707464,1.2248639630492169,0,0.0001212597,0.0,520000.0,80000.0,1.181080562484581,0.0011272925528051348,True,vec,16,"{""1"": 13, ""2"": 9, ""3"": 12, ""4"": 15, ""5"": 8, ""6"": 10, ""7"": 15, ""8"": 3, ""9"": 12, ""10"": 13, ""11"": 4}"
902,902,True,,mpeg4\random\mappings\sample_902_seed_902.csv,4.967250854087353,325.93860188704,1.1285934436334575,0,0.0001207876,0.0,448000.0,96000.0,1.1372221156218305,0.001124008597907413,True,vec,16,"{""1"": 8, ""2"": 12, ""3"": 4, ""4"": 6, ""5"": 4, ""6"": 9, ""7"": 10, ""8"": 15, ""9"": 14, ""10"": 8, ""11"": 2}"
903,903,True,,mpeg4\random\mappings\sample_903_seed_903.csv,4.90560202841059,325.80648624359,1.1437187091852274,0,0.0001209244,0.0,552000.0,64000.0,1.4047586414846085,0.0011251403690561398,True,vec,16,"{""1"": 1, ""2"": 2, ""3"": 5, ""4"": 6, ""5"": 6, ""6"": 12, ""7"": 12, ""8"": 9, ""9"": 2, ""10"": 7, ""11"": 14}"
904,904,True,,mpeg4\random\mappings\sample_904_seed_904.csv,5.6229362615791265,327.24124000303,1.2787187825260828,1,0.000122118,0.003030113636363625,552000.0,56000.0,1.9529892272689893,0.0011325615239976229,True,vec,16,"{""1"": 9, ""2"": 12, ""3"": 15, ""4"": 1, ""5"": 15, ""6"": 2, ""7"": 12, ""8"": 1, ""9"": 0, ""10"": 15, ""11"": 13}"
905,905,True,,mpeg4\random\mappings\sample_905_seed_905.csv,6.151204448564058,327.25697691109,1.2942124682735658,1,0.0001311679,0.00941736111111125,616000.0,88000.0,2.102107946602341,0.0011823876577302223,True,vec,16,"{""1"": 11, ""2"": 11, ""3"": 4, ""4"": 12, ""5"": 4, ""6"": 1, ""7"": 12, ""8"": 15, ""9"": 11, ""10"": 12, ""11"": 0}"
906,906,True,,mpeg4\random\mappings\sample_906_seed_906.csv,4.691972397718844,326.50619539805,1.2414395593106313,0,0.0001208837,0.0,388000.0,48000.0,1.181080562484581,0.001124928413756533,True,vec,16,"{""1"": 0, ""2"": 8, ""3"": 8, ""4"": 9, ""5"": 12, ""6"": 10, ""7"": 15, ""8"": 11, ""9"": 10, ""10"": 13, ""11"": 2}"
907,907,True,,mpeg4\random\mappings\sample_907_seed_907.csv,4.9960153440561745,325.96045553858,1.1376775918817041,0,0.0001216116,0.0,520000.0,72000.0,1.5100189139552096,0.0011290368023369405,True,vec,16,"{""1"": 12, ""2"": 1, ""3"": 9, ""4"": 15, ""5"": 5, ""6"": 5, ""7"": 6, ""8"": 4, ""9"": 15, ""10"": 2, ""11"": 9}"
908,908,True,,mpeg4\random\mappings\sample_908_seed_908.csv,4.824556211427601,326.02600819701,1.1003668562439104,0,0.0001219427,0.0,432000.0,72000.0,1.3126559030728324,0.001130072948522418,True,vec,16,"{""1"": 1, ""2"": 12, ""3"": 9, ""4"": 11, ""5"": 14, ""6"": 9, ""7"": 4, ""8"": 5, ""9"": 10, ""10"": 7, ""11"": 1}"
909,909,True,,mpeg4\random\mappings\sample_909_seed_909.csv,5.376949521432945,327.19641229722,1.268474803591252,1,0.000122383495,0.0019979166666666873,436000.0,72000.0,1.2512540774649819,0.0011336670502792056,True,vec,16,"{""1"": 6, ""2"": 12, ""3"": 0, ""4"": 9, ""5"": 12, ""6"": 13, ""7"": 15, ""8"": 6, ""9"": 7, ""10"": 14, ""11"": 7}"
910,910,True,,mpeg4\random\mappings\sample_910_seed_910.csv,4.672548055887571,325.82523164428,1.0917844163070018,0,0.0001326136,0.0,428000.0,56000.0,0.9617883281708286,0.0011884784282596098,True,vec,16,"{""1"": 14, ""2"": 2, ""3"": 3, ""4"": 14, ""5"": 4, ""6"": 5, ""7"": 6, ""8"": 8, ""9"": 6, ""10"": 1, ""11"": 9}"
911,911,True,,mpeg4\random\mappings\sample_911_seed_911.csv,5.532814624097436,326.1500584088,1.2035807169877368,0,0.0001224578,0.0,636000.0,116000.0,1.4959842109591295,0.0011340302229905733,True,vec,16,"{""1"": 14, ""2"": 12, ""3"": 5, ""4"": 7, ""5"": 15, ""6"": 4, ""7"": 2, ""8"": 12, ""9"": 12, ""10"": 6, ""11"": 4}"
912,912,True,,mpeg4\random\mappings\sample_912_seed_912.csv,4.634523839851358,326.00967412281,1.1180320259555452,0,0.0001217056,0.0,464000.0,48000.0,1.2030097859159563,0.001129047602941826,True,vec,16,"{""1"": 9, ""2"": 6, ""3"": 11, ""4"": 0, ""5"": 1, ""6"": 1, ""7"": 5, ""8"": 13, ""9"": 15, ""10"": 10, ""11"": 5}"
913,913,True,,mpeg4\random\mappings\sample_913_seed_913.csv,5.07244682116135,326.32369189516,1.198143723486875,0,0.0001222567,0.0,600000.0,72000.0,1.2468682327787066,0.0011330273304704774,True,vec,16,"{""1"": 3, ""2"": 0, ""3"": 10, ""4"": 12, ""5"": 12, ""6"": 6, ""7"": 9, ""8"": 15, ""9"": 5, ""10"": 13, ""11"": 10}"
914,914,True,,mpeg4\random\mappings\sample_914_seed_914.csv,4.824173283209118,325.66323267048,1.1215448424117211,0,0.0001329756,0.0,408000.0,68000.0,1.1459938049943805,0.0011906406787273464,True,vec,16,"{""1"": 1, ""2"": 9, ""3"": 10, ""4"": 4, ""5"": 2, ""6"": 15, ""7"": 11, ""8"": 2, ""9"": 11, ""10"": 5, ""11"": 5}"
915,915,True,,mpeg4\random\mappings\sample_915_seed_915.csv,5.29881835464691,326.50986198588,1.188645335994475,0,0.000122344,0.0,608000.0,84000.0,1.5582632055042351,0.0011335010170126704,True,vec,16,"{""1"": 5, ""2"": 9, ""3"": 1, ""4"": 8, ""5"": 13, ""6"": 15, ""7"": 1, ""8"": 10, ""9"": 9, ""10"": 8, ""11"": 15}"
916,916,True,,mpeg4\random\mappings\sample_916_seed_916.csv,4.953881235951989,326.04625121697,1.2996503092822418,0,0.0001214477,0.0,632000.0,68000.0,0.803897919464927,0.001129114164174947,True,vec,16,"{""1"": 6, ""2"": 3, ""3"": 11, ""4"": 10, ""5"": 15, ""6"": 0, ""7"": 8, ""8"": 8, ""9"": 14, ""10"": 13, ""11"": 4}"
917,917,True,,mpeg4\random\mappings\sample_917_seed_917.csv,5.6597869040803594,327.27516890562,1.3553054599240502,1,0.0001225501,0.010044062500000001,648000.0,72000.0,1.1328362709355555,0.0011360514665388125,True,vec,16,"{""1"": 2, ""2"": 1, ""3"": 12, ""4"": 8, ""5"": 11, ""6"": 3, ""7"": 12, ""8"": 2, ""9"": 15, ""10"": 10, ""11"": 13}"
918,918,True,,mpeg4\random\mappings\sample_918_seed_918.csv,5.318300947209395,325.84391524453,1.230706776735913,0,0.0001323616,0.0,480000.0,104000.0,1.2687974562100819,0.001188020713402254,True,vec,16,"{""1"": 14, ""2"": 2, ""3"": 0, ""4"": 13, ""5"": 1, ""6"": 12, ""7"": 13, ""8"": 4, ""9"": 14, ""10"": 13, ""11"": 11}"
919,919,True,,mpeg4\random\mappings\sample_919_seed_919.csv,5.565199134293526,325.854812651,1.2017477902429607,0,0.0001319098,0.0,576000.0,116000.0,1.5144047586414846,0.001185637142017313,True,vec,16,"{""1"": 8, ""2"": 9, ""3"": 5, ""4"": 4, ""5"": 7, ""6"": 15, ""7"": 3, ""8"": 7, ""9"": 12, ""10"": 3, ""11"": 7}"
920,920,True,,mpeg4\random\mappings\sample_920_seed_920.csv,5.070532836992902,326.40764857695,1.216340622918937,0,0.0001215958,0.0,596000.0,84000.0,0.9398591047394534,0.0011292605939778662,True,vec,16,"{""1"": 10, ""2"": 13, ""3"": 5, ""4"": 0, ""5"": 7, ""6"": 12, ""7"": 15, ""8"": 4, ""9"": 2, ""10"": 0, ""11"": 10}"
921,921,True,,mpeg4\random\mappings\sample_921_seed_921.csv,5.206026646069825,326.88525272572,1.1752208499410184,0,0.0001215658,0.0,512000.0,80000.0,1.5889641183081604,0.001128657929352808,True,vec,16,"{""1"": 11, ""2"": 11, ""3"": 5, ""4"": 0, ""5"": 7, ""6"": 5, ""7"": 12, ""8"": 12, ""9"": 1, ""10"": 13, ""11"": 2}"
922,922,True,,mpeg4\random\mappings\sample_922_seed_922.csv,5.039846128431712,326.37410123537,1.1588636755186095,0,0.0001223788,0.0,556000.0,88000.0,0.9793317069159289,0.0011331635174494134,True,vec,16,"{""1"": 1, ""2"": 15, ""3"": 2, ""4"": 7, ""5"": 9, ""6"": 10, ""7"": 3, ""8"": 6, ""9"": 4, ""10"": 9, ""11"": 6}"
923,923,True,,mpeg4\random\mappings\sample_923_seed_923.csv,5.506443855351804,327.16372740454,1.2012823715399197,1,0.0001321284,0.0001125,584000.0,64000.0,1.2468682327787066,0.001187094603159294,True,vec,16,"{""1"": 15, ""2"": 4, ""3"": 13, ""4"": 2, ""5"": 3, ""6"": 14, ""7"": 14, ""8"": 11, ""9"": 6, ""10"": 14, ""11"": 0}"
924,924,True,,mpeg4\random\mappings\sample_924_seed_924.csv,5.016364949191428,326.18095253202,1.0924447127542534,0,0.0001214516,0.0,436000.0,84000.0,1.5626490501905101,0.0011275606208545972,True,vec,16,"{""1"": 10, ""2"": 14, ""3"": 8, ""4"": 2, ""5"": 1, ""6"": 10, ""7"": 6, ""8"": 2, ""9"": 10, ""10"": 3, ""11"": 12}"
925,925,True,,mpeg4\random\mappings\sample_925_seed_925.csv,6.049822525022993,327.22052167483,1.2768828261520715,1,0.0001209796,0.00127725,600000.0,120000.0,1.6679093226611112,0.0011262272513684565,True,vec,16,"{""1"": 2, ""2"": 1, ""3"": 1, ""4"": 9, ""5"": 4, ""6"": 3, ""7"": 2, ""8"": 8, ""9"": 12, ""10"": 1, ""11"": 12}"
926,926,True,,mpeg4\random\mappings\sample_926_seed_926.csv,5.077123875695952,326.9930004521,1.2112193300738885,0,0.0001217617,0.0,512000.0,64000.0,1.466160467092459,0.001130170327236574,True,vec,16,"{""1"": 13, ""2"": 4, ""3"": 0, ""4"": 0, ""5"": 13, ""6"": 10, ""7"": 5, ""8"": 11, ""9"": 7, ""10"": 3, ""11"": 5}"
927,927,True,,mpeg4\random\mappings\sample_927_seed_927.csv,6.647305280300104,327.82358128096,1.3951158977542044,1,0.0001211563,0.15060208333333125,628000.0,80000.0,1.3784435733669582,0.0011293021147282668,True,vec,16,"{""1"": 4, ""2"": 2, ""3"": 9, ""4"": 12, ""5"": 12, ""6"": 0, ""7"": 0, ""8"": 3, ""9"": 11, ""10"": 6, ""11"": 6}"
928,928,True,,mpeg4\random\mappings\sample_928_seed_928.csv,4.752579697239621,326.2377140571,1.0832797286570899,0,0.0001217647,0.0,440000.0,72000.0,1.0670486006414297,0.001128958336693198,True,vec,16,"{""1"": 9, ""2"": 13, ""3"": 15, ""4"": 7, ""5"": 9, ""6"": 6, ""7"": 3, ""8"": 4, ""9"": 8, ""10"": 10, ""11"": 4}"
929,929,True,,mpeg4\random\mappings\sample_929_seed_929.csv,5.003368167128242,325.69851301518,1.1039774038257941,0,0.0001213538,0.0,500000.0,92000.0,1.2951125243277322,0.0011274154961044929,True,vec,16,"{""1"": 6, ""2"": 2, ""3"": 14, ""4"": 11, ""5"": 9, ""6"": 8, ""7"": 1, ""8"": 9, ""9"": 11, ""10"": 7, ""11"": 2}"
930,930,True,,mpeg4\random\mappings\sample_930_seed_930.csv,5.366837533607502,325.75075004458,1.1759040261157796,0,0.0001220028,0.0,664000.0,88000.0,1.7775554398179874,0.0011313135426239225,True,vec,16,"{""1"": 2, ""2"": 15, ""3"": 14, ""4"": 7, ""5"": 8, ""6"": 15, ""7"": 6, ""8"": 8, ""9"": 5, ""10"": 13, ""11"": 8}"
931,931,True,,mpeg4\random\mappings\sample_931_seed_931.csv,4.702246999495025,326.42812862229,1.1747056834062735,0,0.0001220277,0.0,336000.0,56000.0,1.2994983690140074,0.0011311212976327703,True,vec,16,"{""1"": 13, ""2"": 12, ""3"": 9, ""4"": 12, ""5"": 5, ""6"": 10, ""7"": 7, ""8"": 14, ""9"": 9, ""10"": 11, ""11"": 7}"
932,932,True,,mpeg4\random\mappings\sample_932_seed_932.csv,5.890920962637101,326.40390692199,1.3733959619009186,0,0.0001221269,0.0,516000.0,108000.0,2.5801650174063213,0.0011327519697845337,True,vec,16,"{""1"": 3, ""2"": 13, ""3"": 0, ""4"": 5, ""5"": 0, ""6"": 3, ""7"": 4, ""8"": 4, ""9"": 3, ""10"": 6, ""11"": 3}"
933,933,True,,mpeg4\random\mappings\sample_933_seed_933.csv,5.084268619369373,326.89789463898,1.1800515547648145,0,0.0001217136,0.0,484000.0,88000.0,1.1196787368767303,0.0011292942409843899,True,vec,16,"{""1"": 5, ""2"": 0, ""3"": 4, ""4"": 10, ""5"": 11, ""6"": 2, ""7"": 1, ""8"": 2, ""9"": 13, ""10"": 0, ""11"": 6}"
934,934,True,,mpeg4\random\mappings\sample_934_seed_934.csv,5.136931409613412,326.60250303257,1.1487813458333365,0,0.0001214996,0.0,652000.0,88000.0,0.9793317069159289,0.0011283484895794032,True,vec,16,"{""1"": 14, ""2"": 7, ""3"": 2, ""4"": 8, ""5"": 4, ""6"": 10, ""7"": 11, ""8"": 0, ""9"": 5, ""10"": 4, ""11"": 0}"
935,935,True,,mpeg4\random\mappings\sample_935_seed_935.csv,5.23828392074132,326.01457547218,1.1745495576965008,0,0.0001326836,0.0,416000.0,108000.0,1.185466407170856,0.0011890666216075672,True,vec,16,"{""1"": 14, ""2"": 12, ""3"": 5, ""4"": 9, ""5"": 15, ""6"": 13, ""7"": 14, ""8"": 1, ""9"": 12, ""10"": 14, ""11"": 10}"
936,936,True,,mpeg4\random\mappings\sample_936_seed_936.csv,5.694306730991046,327.17216222074,1.240856005907868,1,0.000122839285,0.0005770833333333313,588000.0,96000.0,1.2731833008963571,0.0011363986095739896,True,vec,16,"{""1"": 4, ""2"": 13, ""3"": 6, ""4"": 3, ""5"": 15, ""6"": 6, ""7"": 12, ""8"": 5, ""9"": 14, ""10"": 13, ""11"": 1}"
937,937,True,,mpeg4\random\mappings\sample_937_seed_937.csv,5.322603995372093,325.8273023413,1.1059829699984096,0,0.0001221148,0.0,608000.0,92000.0,1.8389572654258382,0.0011317449256003584,True,vec,16,"{""1"": 4, ""2"": 2, ""3"": 13, ""4"": 4, ""5"": 4, ""6"": 9, ""7"": 15, ""8"": 13, ""9"": 6, ""10"": 0, ""11"": 7}"
938,938,True,,mpeg4\random\mappings\sample_938_seed_938.csv,5.844402666361145,327.34268967988,1.2990839200519375,1,0.0001209544,0.0208472222222225,440000.0,92000.0,1.7556262163866123,0.0011257574534800454,True,vec,16,"{""1"": 14, ""2"": 15, ""3"": 10, ""4"": 10, ""5"": 14, ""6"": 3, ""7"": 3, ""8"": 11, ""9"": 4, ""10"": 11, ""11"": 5}"
939,939,True,,mpeg4\random\mappings\sample_939_seed_939.csv,5.7331454117957765,327.44836119175,1.209326057460904,1,0.0001220357,0.02177357142857125,488000.0,64000.0,2.0538636550533154,0.0011316669710748609,True,vec,16,"{""1"": 3, ""2"": 4, ""3"": 10, ""4"": 3, ""5"": 0, ""6"": 10, ""7"": 2, ""8"": 7, ""9"": 8, ""10"": 10, ""11"": 7}"
940,940,True,,mpeg4\random\mappings\sample_940_seed_940.csv,5.3176877231344,326.2838703104,1.2475561666053683,0,0.0001222028,0.0,496000.0,80000.0,1.9486033825827143,0.001132802246117165,True,vec,16,"{""1"": 11, ""2"": 8, ""3"": 9, ""4"": 1, ""5"": 1, ""6"": 3, ""7"": 15, ""8"": 0, ""9"": 3, ""10"": 1, ""11"": 3}"
941,941,True,,mpeg4\random\mappings\sample_941_seed_941.csv,5.897743218839949,327.45709902597,1.2039003792976286,1,0.0001230767,0.044042708333333125,512000.0,92000.0,1.4442312436610838,0.0011379639201441766,True,vec,16,"{""1"": 11, ""2"": 12, ""3"": 1, ""4"": 10, ""5"": 10, ""6"": 7, ""7"": 15, ""8"": 13, ""9"": 3, ""10"": 2, ""11"": 10}"
942,942,True,,mpeg4\random\mappings\sample_942_seed_942.csv,5.195943438570319,326.45181646858,1.2640046659583337,0,0.0001217429,0.0,580000.0,72000.0,1.4872125215865792,0.0011298928978245013,True,vec,16,"{""1"": 12, ""2"": 6, ""3"": 15, ""4"": 1, ""5"": 15, ""6"": 11, ""7"": 12, ""8"": 6, ""9"": 9, ""10"": 4, ""11"": 8}"
943,943,True,,mpeg4\random\mappings\sample_943_seed_943.csv,5.018642060174211,325.8909421003,1.1032619380998867,0,0.0001227818,0.0,512000.0,88000.0,1.2907266796414572,0.0011350116729762802,True,vec,16,"{""1"": 7, ""2"": 4, ""3"": 14, ""4"": 9, ""5"": 8, ""6"": 5, ""7"": 12, ""8"": 5, ""9"": 1, ""10"": 10, ""11"": 14}"
944,944,True,,mpeg4\random\mappings\sample_944_seed_944.csv,5.079163458333312,325.81950237851,1.14660257691517,0,0.0001216676,0.0,568000.0,72000.0,1.637208409857186,0.0011292223061189,True,vec,16,"{""1"": 0, ""2"": 10, ""3"": 11, ""4"": 12, ""5"": 1, ""6"": 6, ""7"": 10, ""8"": 11, ""9"": 12, ""10"": 5, ""11"": 1}"
945,945,True,,mpeg4\random\mappings\sample_945_seed_945.csv,5.147825486783201,326.14698679627,1.20234776681917,0,0.0001212596,0.0,516000.0,96000.0,1.2249390093473316,0.0011273142282884673,True,vec,16,"{""1"": 13, ""2"": 10, ""3"": 6, ""4"": 4, ""5"": 15, ""6"": 14, ""7"": 15, ""8"": 6, ""9"": 9, ""10"": 2, ""11"": 7}"
946,946,True,,mpeg4\random\mappings\sample_946_seed_946.csv,4.942189411905267,325.99965278339,1.0798639592369752,0,0.0001217637,0.0,504000.0,72000.0,1.5100189139552096,0.00112955004716843,True,vec,16,"{""1"": 1, ""2"": 8, ""3"": 10, ""4"": 5, ""5"": 2, ""6"": 5, ""7"": 10, ""8"": 15, ""9"": 7, ""10"": 2, ""11"": 9}"
947,947,True,,mpeg4\random\mappings\sample_947_seed_947.csv,4.661827749856312,326.11367331271,1.0829165802392113,0,0.0001225268,0.0,588000.0,48000.0,0.9617883281708286,0.0011340510678779232,True,vec,16,"{""1"": 6, ""2"": 8, ""3"": 5, ""4"": 15, ""5"": 10, ""6"": 1, ""7"": 8, ""8"": 11, ""9"": 11, ""10"": 4, ""11"": 3}"
948,948,True,,mpeg4\random\mappings\sample_948_seed_948.csv,5.2680053733763454,326.10366068397,1.117956154882102,0,0.0001223787,0.0,616000.0,112000.0,1.09336366875908,0.001133109258166743,True,vec,16,"{""1"": 11, ""2"": 0, ""3"": 13, ""4"": 10, ""5"": 4, ""6"": 9, ""7"": 6, ""8"": 2, ""9"": 8, ""10"": 2, ""11"": 2}"
949,949,True,,mpeg4\random\mappings\sample_949_seed_949.csv,5.618039705886302,327.31727350987,1.2681771093606187,1,0.0001215276,0.0025299999999999997,336000.0,68000.0,2.281927578739618,0.0011280315456083977,True,vec,16,"{""1"": 10, ""2"": 11, ""3"": 8, ""4"": 15, ""5"": 10, ""6"": 0, ""7"": 4, ""8"": 10, ""9"": 8, ""10"": 0, ""11"": 8}"
950,950,True,,mpeg4\random\mappings\sample_950_seed_950.csv,4.979341005721338,325.66217388116,1.1391350996028695,0,0.0001209457,0.0,452000.0,88000.0,1.3959869521120583,0.001124582357235346,True,vec,16,"{""1"": 6, ""2"": 6, ""3"": 14, ""4"": 1, ""5"": 11, ""6"": 0, ""7"": 5, ""8"": 13, ""9"": 13, ""10"": 9, ""11"": 6}"
951,951,True,,mpeg4\random\mappings\sample_951_seed_951.csv,5.067691698207815,325.82325879364,1.193448161278504,0,0.0001224249,0.0,620000.0,72000.0,1.3337079575669526,0.0011341635636393822,True,vec,16,"{""1"": 5, ""2"": 8, ""3"": 3, ""4"": 13, ""5"": 6, ""6"": 0, ""7"": 13, ""8"": 8, ""9"": 11, ""10"": 3, ""11"": 9}"
952,952,True,,mpeg4\random\mappings\sample_952_seed_952.csv,5.742449270227484,325.91891737548,1.256214466893759,0,0.000121004,0.0,432000.0,96000.0,3.097694690386777,0.0011258284172682214,True,vec,16,"{""1"": 3, ""2"": 1, ""3"": 1, ""4"": 5, ""5"": 1, ""6"": 1, ""7"": 15, ""8"": 14, ""9"": 0, ""10"": 13, ""11"": 6}"
953,953,True,,mpeg4\random\mappings\sample_953_seed_953.csv,5.460426519031551,327.17139640454,1.2268386947151395,1,0.0001228539,0.0002668560606060625,548000.0,72000.0,1.2951125243277322,0.0011360307145778146,True,vec,16,"{""1"": 0, ""2"": 7, ""3"": 13, ""4"": 7, ""5"": 2, ""6"": 1, ""7"": 12, ""8"": 12, ""9"": 2, ""10"": 9, ""11"": 8}"
954,954,True,,mpeg4\random\mappings\sample_954_seed_954.csv,5.304326611761221,327.34014638362,1.220905400877515,1,0.0001220348,0.0072362500000000005,400000.0,72000.0,1.1328362709355555,0.0011313823135199275,True,vec,16,"{""1"": 5, ""2"": 1, ""3"": 9, ""4"": 0, ""5"": 11, ""6"": 4, ""7"": 2, ""8"": 5, ""9"": 3, ""10"": 6, ""11"": 9}"
955,955,True,,mpeg4\random\mappings\sample_955_seed_955.csv,5.709132294696815,327.60405629085,1.2865610768631366,1,0.0001224601,0.06059958333333313,536000.0,72000.0,0.8302129875825772,0.001135096925412573,True,vec,16,"{""1"": 13, ""2"": 14, ""3"": 4, ""4"": 15, ""5"": 10, ""6"": 0, ""7"": 15, ""8"": 8, ""9"": 2, ""10"": 1, ""11"": 12}"
956,956,True,,mpeg4\random\mappings\sample_956_seed_956.csv,5.187109273261173,326.05808252936,1.2443516788317595,0,0.0001219948,0.0,440000.0,72000.0,1.9924618294454648,0.0011312909311296943,True,vec,16,"{""1"": 12, ""2"": 4, ""3"": 2, ""4"": 8, ""5"": 8, ""6"": 8, ""7"": 14, ""8"": 13, ""9"": 10, ""10"": 11, ""11"": 14}"
957,957,True,,mpeg4\random\mappings\sample_957_seed_957.csv,4.799762149915636,325.66504971805,1.1291900176850955,0,0.0001220677,0.0,472000.0,56000.0,1.5363339820728599,0.001130774508314137,True,vec,16,"{""1"": 14, ""2"": 5, ""3"": 11, ""4"": 13, ""5"": 3, ""6"": 6, ""7"": 14, ""8"": 6, ""9"": 0, ""10"": 6, ""11"": 8}"
958,958,True,,mpeg4\random\mappings\sample_958_seed_958.csv,4.764903614825431,326.59408933493,1.2492272891063345,0,0.0001218908,0.0,416000.0,48000.0,1.2337106987198816,0.0011306129595438194,True,vec,16,"{""1"": 10, ""2"": 15, ""3"": 12, ""4"": 15, ""5"": 0, ""6"": 5, ""7"": 14, ""8"": 7, ""9"": 10, ""10"": 5, ""11"": 13}"
959,959,True,,mpeg4\random\mappings\sample_959_seed_959.csv,5.093125529116448,326.40055780253,1.242704108986333,0,0.000122526,0.0,608000.0,64000.0,1.3345851265042077,0.0011346301942412862,True,vec,16,"{""1"": 15, ""2"": 6, ""3"": 12, ""4"": 7, ""5"": 2, ""6"": 2, ""7"": 12, ""8"": 3, ""9"": 0, ""10"": 14, ""11"": 13}"
960,960,True,,mpeg4\random\mappings\sample_960_seed_960.csv,5.613804471508258,326.40394260217,1.3451635357846965,0,0.0001219128,0.0,544000.0,96000.0,2.0582494997395906,0.0011317552717689785,True,vec,16,"{""1"": 12, ""2"": 5, ""3"": 12, ""4"": 9, ""5"": 15, ""6"": 15, ""7"": 9, ""8"": 1, ""9"": 11, ""10"": 2, ""11"": 9}"
961,961,True,,mpeg4\random\mappings\sample_961_seed_961.csv,5.140836444274989,326.12211456692,1.1914763299364135,0,0.0001215777,0.0,592000.0,84000.0,1.2907266796414572,0.0011290081252070578,True,vec,16,"{""1"": 1, ""2"": 3, ""3"": 4, ""4"": 11, ""5"": 12, ""6"": 4, ""7"": 9, ""8"": 13, ""9"": 12, ""10"": 15, ""11"": 8}"
962,962,True,,mpeg4\random\mappings\sample_962_seed_962.csv,5.3092788365641255,326.95370394577,1.1667326260468007,0,0.0001219917,0.0,520000.0,108000.0,1.2117814752885063,0.0011309936513017415,True,vec,16,"{""1"": 8, ""2"": 14, ""3"": 12, ""4"": 6, ""5"": 10, ""6"": 8, ""7"": 0, ""8"": 10, ""9"": 7, ""10"": 1, ""11"": 4}"
963,963,True,,mpeg4\random\mappings\sample_963_seed_963.csv,5.049652598916065,326.52067406201,1.081552907331529,0,0.0001211902,0.0,464000.0,88000.0,1.4223020202297085,0.0011259425094381687,True,vec,16,"{""1"": 9, ""2"": 6, ""3"": 11, ""4"": 8, ""5"": 4, ""6"": 9, ""7"": 9, ""8"": 5, ""9"": 3, ""10"": 14, ""11"": 0}"
964,964,True,,mpeg4\random\mappings\sample_964_seed_964.csv,5.02484655917054,326.27391459612,1.2891223874209694,0,0.0001225247,0.0,584000.0,72000.0,0.9617883281708286,0.0011349665802870372,True,vec,16,"{""1"": 13, ""2"": 2, ""3"": 15, ""4"": 0, ""5"": 3, ""6"": 1, ""7"": 3, ""8"": 7, ""9"": 5, ""10"": 13, ""11"": 6}"
965,965,True,,mpeg4\random\mappings\sample_965_seed_965.csv,7.208409370416744,327.83412548361,1.354082467893162,3,0.0001224447,0.15155993750000002,504000.0,96000.0,1.2687974562100819,0.001136159493564748,True,vec,16,"{""1"": 7, ""2"": 15, ""3"": 8, ""4"": 8, ""5"": 12, ""6"": 6, ""7"": 11, ""8"": 10, ""9"": 14, ""10"": 7, ""11"": 14}"
966,966,True,,mpeg4\random\mappings\sample_966_seed_966.csv,5.164940332614886,326.4113350349,1.2036045981218968,0,0.0001212097,0.0,492000.0,72000.0,1.7994846632493626,0.0011268213337544102,True,vec,16,"{""1"": 1, ""2"": 10, ""3"": 14, ""4"": 12, ""5"": 10, ""6"": 9, ""7"": 1, ""8"": 15, ""9"": 2, ""10"": 9, ""11"": 10}"
967,967,True,,mpeg4\random\mappings\sample_967_seed_967.csv,6.080288597400016,327.28095124426,1.3313955296652655,1,0.0001224569,0.019849375000000002,672000.0,128000.0,0.8960006578767029,0.00113536659410865,True,vec,16,"{""1"": 3, ""2"": 6, ""3"": 1, ""4"": 0, ""5"": 12, ""6"": 3, ""7"": 9, ""8"": 13, ""9"": 4, ""10"": 11, ""11"": 2}"
968,968,True,,mpeg4\random\mappings\sample_968_seed_968.csv,5.025366300397306,325.83652059773,1.177719423764607,0,0.0001219756,0.0,432000.0,72000.0,1.7687837504454373,0.0011304966612546293,True,vec,16,"{""1"": 3, ""2"": 9, ""3"": 13, ""4"": 9, ""5"": 9, ""6"": 4, ""7"": 0, ""8"": 1, ""9"": 10, ""10"": 13, ""11"": 6}"
969,969,True,,mpeg4\random\mappings\sample_969_seed_969.csv,6.0264330868782725,325.95728855547,1.2123656227907345,0,0.0001326156,0.0,632000.0,136000.0,2.1415805487788164,0.001189390707839095,True,vec,16,"{""1"": 12, ""2"": 2, ""3"": 12, ""4"": 1, ""5"": 7, ""6"": 13, ""7"": 12, ""8"": 9, ""9"": 5, ""10"": 12, ""11"": 2}"
970,970,True,,mpeg4\random\mappings\sample_970_seed_970.csv,5.006964720707055,326.56392270536,1.153495793656521,0,0.0001217477,0.0,572000.0,72000.0,1.180203393547326,0.0011298660003128157,True,vec,16,"{""1"": 9, ""2"": 3, ""3"": 6, ""4"": 0, ""5"": 10, ""6"": 1, ""7"": 6, ""8"": 3, ""9"": 7, ""10"": 13, ""11"": 4}"
971,971,True,,mpeg4\random\mappings\sample_971_seed_971.csv,5.215641623900045,325.17145983272,1.1209507949979942,0,0.0001325016,0.0,352000.0,92000.0,2.03193443162194,0.001187469149849107,True,vec,16,"{""1"": 8, ""2"": 7, ""3"": 2, ""4"": 2, ""5"": 5, ""6"": 7, ""7"": 6, ""8"": 8, ""9"": 6, ""10"": 11, ""11"": 5}"
972,972,True,,mpeg4\random\mappings\sample_972_seed_972.csv,5.827905742700603,327.2264455198,1.2244991692525802,1,0.0001275408,0.0024762499999999997,640000.0,72000.0,1.8784298676023135,0.0011625312775496415,True,vec,16,"{""1"": 3, ""2"": 13, ""3"": 13, ""4"": 8, ""5"": 7, ""6"": 10, ""7"": 13, ""8"": 6, ""9"": 3, ""10"": 3, ""11"": 12}"
973,973,True,,mpeg4\random\mappings\sample_973_seed_973.csv,5.092823895419851,325.7593745392,1.162052432928127,0,0.0001328608,0.0,496000.0,72000.0,1.466160467092459,0.001190419609304986,True,vec,16,"{""1"": 4, ""2"": 1, ""3"": 8, ""4"": 3, ""5"": 14, ""6"": 14, ""7"": 2, ""8"": 13, ""9"": 2, ""10"": 11, ""11"": 8}"
974,974,True,,mpeg4\random\mappings\sample_974_seed_974.csv,5.263768056774341,325.99804057831,1.1506415169519202,0,0.0001221857,0.0,584000.0,108000.0,1.2249390093473316,0.0011321891677012802,True,vec,16,"{""1"": 10, ""2"": 0, ""3"": 12, ""4"": 7, ""5"": 9, ""6"": 11, ""7"": 9, ""8"": 12, ""9"": 2, ""10"": 8, ""11"": 15}"
975,975,True,,mpeg4\random\mappings\sample_975_seed_975.csv,5.908347358017435,326.1289997729,1.1848479194479191,0,0.0001319758,0.0,632000.0,72000.0,3.2810229982730736,0.001185773125867007,True,vec,16,"{""1"": 15, ""2"": 1, ""3"": 2, ""4"": 8, ""5"": 1, ""6"": 1, ""7"": 8, ""8"": 1, ""9"": 10, ""10"": 8, ""11"": 9}"
976,976,True,,mpeg4\random\mappings\sample_976_seed_976.csv,4.816952654264174,326.4015153721,1.200715866535122,0,0.0001219347,0.0,488000.0,64000.0,0.988103396288479,0.0011308139135003095,True,vec,16,"{""1"": 10, ""2"": 6, ""3"": 15, ""4"": 10, ""5"": 7, ""6"": 0, ""7"": 8, ""8"": 1, ""9"": 14, ""10"": 1, ""11"": 9}"
977,977,True,,mpeg4\random\mappings\sample_977_seed_977.csv,4.591839995950781,325.66543809158,1.1331721407120703,0,0.0001215317,0.0,480000.0,48000.0,1.1152928921904552,0.0011279648554927387,True,vec,16,"{""1"": 1, ""2"": 9, ""3"": 7, ""4"": 8, ""5"": 6, ""6"": 3, ""7"": 11, ""8"": 10, ""9"": 8, ""10"": 6, ""11"": 1}"
978,978,True,,mpeg4\random\mappings\sample_978_seed_978.csv,4.883013007845819,325.81411631267,1.1599558201490605,0,0.0001223289,0.0,616000.0,72000.0,0.900386502562978,0.0011333215466360932,True,vec,16,"{""1"": 4, ""2"": 2, ""3"": 13, ""4"": 6, ""5"": 10, ""6"": 15, ""7"": 5, ""8"": 12, ""9"": 2, ""10"": 6, ""11"": 7}"
979,979,True,,mpeg4\random\mappings\sample_979_seed_979.csv,4.880900333179145,326.85096423752,1.2189870053558878,0,0.0001224618,0.0,492000.0,56000.0,1.1459938049943805,0.0011337084848480636,True,vec,16,"{""1"": 14, ""2"": 5, ""3"": 11, ""4"": 5, ""5"": 3, ""6"": 2, ""7"": 4, ""8"": 6, ""9"": 0, ""10"": 10, ""11"": 3}"
980,980,True,,mpeg4\random\mappings\sample_980_seed_980.csv,5.057022066811226,325.94887964286,1.1527493100871997,0,0.0001211636,0.0,372000.0,76000.0,1.9793042953866395,0.0011260133079141418,True,vec,16,"{""1"": 13, ""2"": 9, ""3"": 8, ""4"": 9, ""5"": 13, ""6"": 9, ""7"": 10, ""8"": 5, ""9"": 3, ""10"": 1, ""11"": 6}"
981,981,True,,mpeg4\random\mappings\sample_981_seed_981.csv,6.045741589655086,327.27309883894,1.315371346887221,1,0.0001331007,0.010612083333333125,496000.0,84000.0,2.080178723170966,0.0011931061361675475,True,vec,16,"{""1"": 7, ""2"": 1, ""3"": 11, ""4"": 15, ""5"": 3, ""6"": 11, ""7"": 14, ""8"": 4, ""9"": 14, ""10"": 15, ""11"": 11}"
982,982,True,,mpeg4\random\mappings\sample_982_seed_982.csv,5.513373538401427,327.23611867429,1.173074764637954,1,0.0001321717,0.0032741666666666874,444000.0,72000.0,1.453002933033634,0.0011868334128059218,True,vec,16,"{""1"": 3, ""2"": 11, ""3"": 8, ""4"": 2, ""5"": 8, ""6"": 9, ""7"": 1, ""8"": 2, ""9"": 1, ""10"": 7, ""11"": 15}"
983,983,True,,mpeg4\random\mappings\sample_983_seed_983.csv,5.000911718709917,326.15841029649,1.2753755326904828,0,0.0001206597,0.0,552000.0,64000.0,1.2907266796414572,0.0011243061574591278,True,vec,16,"{""1"": 12, ""2"": 12, ""3"": 8, ""4"": 15, ""5"": 4, ""6"": 1, ""7"": 3, ""8"": 0, ""9"": 12, ""10"": 6, ""11"": 3}"
984,984,True,,mpeg4\random\mappings\sample_984_seed_984.csv,5.47282875360622,325.8195427929,1.227635879542612,0,0.0001279809,0.0,616000.0,96000.0,1.6854527014062115,0.0011646695363790253,True,vec,16,"{""1"": 3, ""2"": 15, ""3"": 11, ""4"": 11, ""5"": 0, ""6"": 8, ""7"": 11, ""8"": 4, ""9"": 7, ""10"": 7, ""11"": 2}"
985,985,True,,mpeg4\random\mappings\sample_985_seed_985.csv,4.661554384973327,326.18796950729,1.1287807140317045,0,0.0001222359,0.0,492000.0,72000.0,0.5670623064060744,0.0011322138427185052,True,vec,16,"{""1"": 10, ""2"": 6, ""3"": 15, ""4"": 13, ""5"": 5, ""6"": 9, ""7"": 3, ""8"": 11, ""9"": 4, ""10"": 8, ""11"": 0}"
986,986,True,,mpeg4\random\mappings\sample_986_seed_986.csv,5.071938473719286,325.83345333703,1.2486606613535374,0,0.0001214348,0.0,484000.0,80000.0,1.4442312436610838,0.0011281559884703516,True,vec,16,"{""1"": 3, ""2"": 2, ""3"": 2, ""4"": 15, ""5"": 15, ""6"": 14, ""7"": 7, ""8"": 11, ""9"": 5, ""10"": 12, ""11"": 5}"
987,987,True,,mpeg4\random\mappings\sample_987_seed_987.csv,5.675285565248681,327.3885996413,1.2533931130899885,1,0.0001211156,0.02104513888888875,404000.0,104000.0,1.180203393547326,0.0011263243684637603,True,vec,16,"{""1"": 1, ""2"": 0, ""3"": 1, ""4"": 7, ""5"": 2, ""6"": 6, ""7"": 10, ""8"": 0, ""9"": 12, ""10"": 4, ""11"": 8}"
988,988,True,,mpeg4\random\mappings\sample_988_seed_988.csv,6.303335712937943,327.3960545651,1.239415539680079,1,0.0001423919,0.023524652777777502,720000.0,72000.0,2.0793015542337105,0.0012430212546699997,True,vec,16,"{""1"": 9, ""2"": 3, ""3"": 2, ""4"": 9, ""5"": 9, ""6"": 1, ""7"": 12, ""8"": 3, ""9"": 12, ""10"": 12, ""11"": 7}"
989,989,True,,mpeg4\random\mappings\sample_989_seed_989.csv,5.014603433984467,326.86881770305,1.1835020826077038,0,0.0001218676,0.0,540000.0,84000.0,0.8565280557002275,0.0011305228218263684,True,vec,16,"{""1"": 2, ""2"": 4, ""3"": 13, ""4"": 1, ""5"": 3, ""6"": 5, ""7"": 6, ""8"": 9, ""9"": 2, ""10"": 9, ""11"": 8}"
990,990,True,,mpeg4\random\mappings\sample_990_seed_990.csv,5.596007807669973,326.94430143842,1.1921057814335627,0,0.0001369898,0.0,480000.0,64000.0,2.553849949288671,0.001211493688191508,True,vec,16,"{""1"": 1, ""2"": 8, ""3"": 8, ""4"": 1, ""5"": 4, ""6"": 11, ""7"": 8, ""8"": 9, ""9"": 15, ""10"": 14, ""11"": 8}"
991,991,True,,mpeg4\random\mappings\sample_991_seed_991.csv,5.221575342505627,325.25009029227,1.130889723895878,0,0.0001227899,0.0,544000.0,84000.0,2.001233518818015,0.0011354574674583972,True,vec,16,"{""1"": 4, ""2"": 14, ""3"": 8, ""4"": 5, ""5"": 4, ""6"": 14, ""7"": 4, ""8"": 5, ""9"": 11, ""10"": 6, ""11"": 9}"
992,992,True,,mpeg4\random\mappings\sample_992_seed_992.csv,5.073084045195616,326.82515366644,1.1432828714872063,0,0.0001218577,0.0,476000.0,80000.0,1.3872152627395082,0.0011299081426230614,True,vec,16,"{""1"": 6, ""2"": 11, ""3"": 9, ""4"": 11, ""5"": 3, ""6"": 10, ""7"": 13, ""8"": 0, ""9"": 12, ""10"": 3, ""11"": 10}"
993,993,True,,mpeg4\random\mappings\sample_993_seed_993.csv,4.879920993399459,325.89157911835,1.1895760074827284,0,0.0001213056,0.0,504000.0,80000.0,0.9617883281708286,0.0011273480590117996,True,vec,16,"{""1"": 1, ""2"": 2, ""3"": 7, ""4"": 11, ""5"": 13, ""6"": 8, ""7"": 9, ""8"": 4, ""9"": 13, ""10"": 7, ""11"": 10}"
994,994,True,,mpeg4\random\mappings\sample_994_seed_994.csv,5.492612803984541,325.87839242843,1.1196292969000727,0,0.0001322789,0.0,648000.0,88000.0,1.9047449357199637,0.0011877294063776659,True,vec,16,"{""1"": 4, ""2"": 12, ""3"": 4, ""4"": 3, ""5"": 9, ""6"": 9, ""7"": 3, ""8"": 11, ""9"": 3, ""10"": 0, ""11"": 1}"
995,995,True,,mpeg4\random\mappings\sample_995_seed_995.csv,4.851743810586577,326.85677417514,1.1118048290729579,0,0.0001214218,0.0,372000.0,72000.0,1.2951125243277322,0.0011275799809456137,True,vec,16,"{""1"": 5, ""2"": 9, ""3"": 9, ""4"": 3, ""5"": 10, ""6"": 11, ""7"": 8, ""8"": 7, ""9"": 3, ""10"": 7, ""11"": 13}"
996,996,True,,mpeg4\random\mappings\sample_996_seed_996.csv,6.361042437092751,327.29420634811,1.4561446206409152,1,0.0001217716,0.00279921875,504000.0,148000.0,1.7117677695238618,0.0011319395561666097,True,vec,16,"{""1"": 14, ""2"": 15, ""3"": 3, ""4"": 11, ""5"": 0, ""6"": 15, ""7"": 11, ""8"": 7, ""9"": 7, ""10"": 10, ""11"": 3}"
997,997,True,,mpeg4\random\mappings\sample_997_seed_997.csv,5.339945129453244,327.36170835422,1.1687134780487014,1,0.0001210757,0.00901625,408000.0,64000.0,1.5056330692689346,0.0011257213000572894,True,vec,16,"{""1"": 14, ""2"": 14, ""3"": 5, ""4"": 11, ""5"": 6, ""6"": 11, ""7"": 6, ""8"": 9, ""9"": 2, ""10"": 3, ""11"": 8}"
998,998,True,,mpeg4\random\mappings\sample_998_seed_998.csv,5.873537753663266,327.53054612202,1.2049806531111769,1,0.0001271437,0.0371519097222225,552000.0,72000.0,1.6626463090375811,0.0011597630621138226,True,vec,16,"{""1"": 5, ""2"": 15, ""3"": 6, ""4"": 14, ""5"": 5, ""6"": 0, ""7"": 11, ""8"": 15, ""9"": 8, ""10"": 8, ""11"": 5}"
999,999,True,,mpeg4\random\mappings\sample_999_seed_999.csv,5.071317700469353,326.56133291818,1.1673172160030303,0,0.0001322476,0.0,512000.0,64000.0,1.3117787341355773,0.0011868569164710375,True,vec,16,"{""1"": 2, ""2"": 15, ""3"": 10, ""4"": 3, ""5"": 6, ""6"": 4, ""7"": 8, ""8"": 15, ""9"": 1, ""10"": 8, ""11"": 4}"
1000,1000,True,,mpeg4\random\mappings\sample_1000_seed_1000.csv,5.23859672980911,326.09178400204,1.1131244932198596,0,0.0001281009,0.0,624000.0,104000.0,0.9837175516022039,0.0011648330866999717,True,vec,16,"{""1"": 13, ""2"": 3, ""3"": 2, ""4"": 14, ""5"": 5, ""6"": 13, ""7"": 4, ""8"": 12, ""9"": 7, ""10"": 7, ""11"": 11}"
1001,1001,True,,mpeg4\random\mappings\sample_1001_seed_1001.csv,5.041600953170532,326.9087007951,1.1937950746071115,0,0.0001222509,0.0,600000.0,60000.0,1.2644116115238069,0.0011327885870021336,True,vec,16,"{""1"": 1, ""2"": 6, ""3"": 5, ""4"": 13, ""5"": 11, ""6"": 12, ""7"": 6, ""8"": 2, ""9"": 1, ""10"": 0, ""11"": 12}"
1002,1002,True,,mpeg4\random\mappings\sample_1002_seed_1002.csv,5.231534857741857,325.92438472525,1.159417482773454,0,0.0001227359,0.0,588000.0,80000.0,1.738082837641512,0.0011352273540935671,True,vec,16,"{""1"": 13, ""2"": 7, ""3"": 8, ""4"": 15, ""5"": 4, ""6"": 2, ""7"": 13, ""8"": 4, ""9"": 1, ""10"": 7, ""11"": 4}"
1003,1003,True,,mpeg4\random\mappings\sample_1003_seed_1003.csv,5.338583574519219,326.47983992169,1.3619705365890036,0,0.0001218429,0.0,556000.0,72000.0,1.7293111482689618,0.001131761370296443,True,vec,16,"{""1"": 15, ""2"": 11, ""3"": 14, ""4"": 14, ""5"": 12, ""6"": 0, ""7"": 10, ""8"": 7, ""9"": 2, ""10"": 15, ""11"": 14}"
1004,1004,True,,mpeg4\random\mappings\sample_1004_seed_1004.csv,5.114377846306073,326.32339738165,1.176566382750548,0,0.0001225548,0.0,688000.0,88000.0,0.803897919464927,0.0011347854197409865,True,vec,16,"{""1"": 13, ""2"": 3, ""3"": 10, ""4"": 1, ""5"": 4, ""6"": 11, ""7"": 2, ""8"": 6, ""9"": 7, ""10"": 0, ""11"": 6}"
1005,1005,True,,mpeg4\random\mappings\sample_1005_seed_1005.csv,6.842533254434151,327.86158453922,1.355471143384313,2,0.0001233698,0.15476597222222294,548000.0,88000.0,1.0495052218963297,0.0011412352483057288,True,vec,16,"{""1"": 15, ""2"": 12, ""3"": 11, ""4"": 5, ""5"": 15, ""6"": 3, ""7"": 10, ""8"": 13, ""9"": 11, ""10"": 6, ""11"": 9}"
1006,1006,True,,mpeg4\random\mappings\sample_1006_seed_1006.csv,5.045877472593281,325.98742499361,1.1595607631883098,0,0.0001226748,0.0,520000.0,80000.0,1.3784435733669582,0.0011346940376407819,True,vec,16,"{""1"": 11, ""2"": 1, ""3"": 0, ""4"": 6, ""5"": 10, ""6"": 0, ""7"": 6, ""8"": 7, ""9"": 9, ""10"": 4, ""11"": 14}"
1007,1007,True,,mpeg4\random\mappings\sample_1007_seed_1007.csv,5.582714921144522,325.95998767854,1.134433593024789,0,0.0001218749,0.0,328000.0,124000.0,2.5187631917984703,0.001129257001457905,True,vec,16,"{""1"": 1, ""2"": 5, ""3"": 7, ""4"": 1, ""5"": 6, ""6"": 1, ""7"": 14, ""8"": 9, ""9"": 9, ""10"": 1, ""11"": 5}"
1008,1008,True,,mpeg4\random\mappings\sample_1008_seed_1008.csv,5.551257933367939,327.37939105267,1.2809693177930843,1,0.000122022,0.007384464285714374,592000.0,80000.0,0.988103396288479,0.0011323779473004507,True,vec,16,"{""1"": 14, ""2"": 10, ""3"": 1, ""4"": 4, ""5"": 3, ""6"": 11, ""7"": 0, ""8"": 2, ""9"": 10, ""10"": 8, ""11"": 3}"
1009,1009,True,,mpeg4\random\mappings\sample_1009_seed_1009.csv,5.231792859218363,326.12599547215,1.155564166328804,0,0.0001222538,0.0,516000.0,104000.0,1.356514349935583,0.001132639888824991,True,vec,16,"{""1"": 5, ""2"": 0, ""3"": 15, ""4"": 5, ""5"": 7, ""6"": 6, ""7"": 8, ""8"": 15, ""9"": 2, ""10"": 1, ""11"": 2}"
1010,1010,True,,mpeg4\random\mappings\sample_1010_seed_1010.csv,5.916745042567956,326.30428525851,1.1120713783610636,0,0.0001365478,0.0,700000.0,84000.0,2.7994572517200735,0.001209546383990918,True,vec,16,"{""1"": 7, ""2"": 2, ""3"": 13, ""4"": 5, ""5"": 4, ""6"": 13, ""7"": 6, ""8"": 13, ""9"": 3, ""10"": 11, ""11"": 13}"
1011,1011,True,,mpeg4\random\mappings\sample_1011_seed_1011.csv,5.293466628115693,326.22828453878,1.1773791637770616,0,0.0001214958,0.0,656000.0,88000.0,1.461774622406184,0.0011288695737752528,True,vec,16,"{""1"": 11, ""2"": 8, ""3"": 5, ""4"": 14, ""5"": 12, ""6"": 14, ""7"": 8, ""8"": 0, ""9"": 5, ""10"": 3, ""11"": 13}"
1012,1012,True,,mpeg4\random\mappings\sample_1012_seed_1012.csv,5.087769312749064,326.30318619217,1.1599146491068644,0,0.0001217127,0.0,468000.0,108000.0,0.9442449494257285,0.0011292289713863265,True,vec,16,"{""1"": 10, ""2"": 5, ""3"": 6, ""4"": 0, ""5"": 11, ""6"": 8, ""7"": 13, ""8"": 4, ""9"": 6, ""10"": 4, ""11"": 12}"
1013,1013,True,,mpeg4\random\mappings\sample_1013_seed_1013.csv,5.44163590852516,326.69592585655,1.3020527942026938,0,0.0001215269,0.0,724000.0,84000.0,1.374057728680683,0.001129955289459824,True,vec,16,"{""1"": 15, ""2"": 8, ""3"": 12, ""4"": 1, ""5"": 12, ""6"": 7, ""7"": 8, ""8"": 5, ""9"": 0, ""10"": 10, ""11"": 0}"
1014,1014,True,,mpeg4\random\mappings\sample_1014_seed_1014.csv,4.9206341089368255,326.07900756451,1.193305799109942,0,0.0001221396,0.0,492000.0,56000.0,1.5582632055042351,0.001131357443125432,True,vec,16,"{""1"": 0, ""2"": 7, ""3"": 13, ""4"": 13, ""5"": 5, ""6"": 14, ""7"": 15, ""8"": 8, ""9"": 8, ""10"": 13, ""11"": 1}"
1015,1015,True,,mpeg4\random\mappings\sample_1015_seed_1015.csv,5.246216645951836,326.41106063528,1.2823118395224533,0,0.0001225261,0.0,676000.0,60000.0,1.5845782736218854,0.0011355473648852956,True,vec,16,"{""1"": 3, ""2"": 9, ""3"": 8, ""4"": 13, ""5"": 9, ""6"": 15, ""7"": 0, ""8"": 15, ""9"": 3, ""10"": 13, ""11"": 12}"
1016,1016,True,,mpeg4\random\mappings\sample_1016_seed_1016.csv,5.361082099346451,326.88233871934,1.2181317557455025,0,0.0001225959,0.0,780000.0,56000.0,1.7161536142101368,0.0011355704307196045,True,vec,16,"{""1"": 11, ""2"": 12, ""3"": 2, ""4"": 11, ""5"": 15, ""6"": 1, ""7"": 14, ""8"": 11, ""9"": 15, ""10"": 12, ""11"": 5}"
1017,1017,True,,mpeg4\random\mappings\sample_1017_seed_1017.csv,4.976288661337289,326.31566905285,1.1845993983320193,0,0.0001216236,0.0,432000.0,64000.0,1.6635234779748362,0.0011285288340651717,True,vec,16,"{""1"": 15, ""2"": 13, ""3"": 11, ""4"": 9, ""5"": 3, ""6"": 9, ""7"": 8, ""8"": 6, ""9"": 0, ""10"": 9, ""11"": 3}"
1018,1018,True,,mpeg4\random\mappings\sample_1018_seed_1018.csv,5.794079355418098,327.13098648349,1.2215242269590147,0,0.0001211628,0.0,696000.0,128000.0,1.5144047586414846,0.0011278298156533356,True,vec,16,"{""1"": 12, ""2"": 12, ""3"": 10, ""4"": 7, ""5"": 5, ""6"": 13, ""7"": 6, ""8"": 3, ""9"": 3, ""10"": 12, ""11"": 7}"
1019,1019,True,,mpeg4\random\mappings\sample_1019_seed_1019.csv,5.030644530810363,326.52043562283,1.1927581826972153,0,0.0001327217,0.0,364000.0,72000.0,1.356514349935583,0.0011890531448110154,True,vec,16,"{""1"": 1, ""2"": 10, ""3"": 7, ""4"": 14, ""5"": 7, ""6"": 9, ""7"": 12, ""8"": 6, ""9"": 12, ""10"": 9, ""11"": 3}"
1020,1020,True,,mpeg4\random\mappings\sample_1020_seed_1020.csv,5.031978904909807,326.19418494845,1.1728436178120307,0,0.0001214668,0.0,544000.0,80000.0,1.2249390093473316,0.0011282547991693776,True,vec,16,"{""1"": 3, ""2"": 0, ""3"": 5, ""4"": 9, ""5"": 5, ""6"": 8, ""7"": 11, ""8"": 14, ""9"": 13, ""10"": 8, ""11"": 12}"
1021,1021,True,,mpeg4\random\mappings\sample_1021_seed_1021.csv,5.166922371993513,325.81458240975,1.197772011931656,0,0.0001209943,0.0,596000.0,56000.0,2.0845645678572406,0.001125540186206643,True,vec,16,"{""1"": 5, ""2"": 7, ""3"": 13, ""4"": 13, ""5"": 10, ""6"": 3, ""7"": 3, ""8"": 8, ""9"": 14, ""10"": 8, ""11"": 13}"
1022,1022,True,,mpeg4\random\mappings\sample_1022_seed_1022.csv,5.470998538134054,325.77346985354,1.147416925212297,0,0.0001217449,0.0,676000.0,120000.0,1.3828294180532332,0.0011300486430189988,True,vec,16,"{""1"": 4, ""2"": 13, ""3"": 12, ""4"": 2, ""5"": 11, ""6"": 7, ""7"": 13, ""8"": 11, ""9"": 1, ""10"": 8, ""11"": 2}"
1023,1023,True,,mpeg4\random\mappings\sample_1023_seed_1023.csv,6.348263871338065,327.2927254481,1.2598714195019545,1,0.0001422458,0.007789204545454375,528000.0,128000.0,1.7029960801513115,0.001241887891471482,True,vec,16,"{""1"": 15, ""2"": 14, ""3"": 13, ""4"": 9, ""5"": 0, ""6"": 13, ""7"": 11, ""8"": 15, ""9"": 11, ""10"": 11, ""11"": 4}"
1024,1024,True,,mpeg4\random\mappings\sample_1024_seed_1024.csv,5.349450674170682,326.43942044948,1.2812983129629136,0,0.0001222709,0.0,664000.0,80000.0,1.461774622406184,0.0011336666509381428,True,vec,16,"{""1"": 0, ""2"": 15, ""3"": 3, ""4"": 14, ""5"": 11, ""6"": 11, ""7"": 12, ""8"": 12, ""9"": 3, ""10"": 4, ""11"": 10}"
1025,1025,True,,mpeg4\random\mappings\sample_1025_seed_1025.csv,5.659239981047947,327.32235374179,1.2788028384504033,1,0.0001218678,0.004785625,564000.0,72000.0,1.6187878621748308,0.0011313972913682565,True,vec,16,"{""1"": 6, ""2"": 1, ""3"": 11, ""4"": 7, ""5"": 7, ""6"": 12, ""7"": 10, ""8"": 1, ""9"": 15, ""10"": 11, ""11"": 6}"
1026,1026,True,,mpeg4\random\mappings\sample_1026_seed_1026.csv,5.724091380718417,327.28656752686,1.2449520077450005,1,0.0001282769,0.007196666666666875,644000.0,88000.0,1.0495052218963297,0.0011665914748907504,True,vec,16,"{""1"": 0, ""2"": 15, ""3"": 8, ""4"": 7, ""5"": 13, ""6"": 14, ""7"": 10, ""8"": 8, ""9"": 3, ""10"": 3, ""11"": 12}"
1027,1027,True,,mpeg4\random\mappings\sample_1027_seed_1027.csv,6.0274600404475285,327.38397471249,1.264115957739896,1,0.0001212623,0.026765624999999998,604000.0,120000.0,1.1591513390532058,0.001127981984390757,True,vec,16,"{""1"": 0, ""2"": 3, ""3"": 7, ""4"": 0, ""5"": 13, ""6"": 1, ""7"": 1, ""8"": 2, ""9"": 8, ""10"": 11, ""11"": 15}"
1028,1028,True,,mpeg4\random\mappings\sample_1028_seed_1028.csv,6.082604753332214,327.33117115726,1.2522838427722844,1,0.0001326888,0.007770230263158125,552000.0,108000.0,1.6722951673473863,0.001190280950981678,True,vec,16,"{""1"": 14, ""2"": 12, ""3"": 14, ""4"": 11, ""5"": 12, ""6"": 6, ""7"": 0, ""8"": 8, ""9"": 0, ""10"": 3, ""11"": 6}"
1029,1029,True,,mpeg4\random\mappings\sample_1029_seed_1029.csv,5.132532836399363,325.91904441782,1.2227653040125972,0,0.0001220828,0.0,468000.0,80000.0,1.6679093226611112,0.0011313855132588254,True,vec,16,"{""1"": 9, ""2"": 5, ""3"": 12, ""4"": 11, ""5"": 3, ""6"": 8, ""7"": 11, ""8"": 13, ""9"": 8, ""10"": 13, ""11"": 8}"
1030,1030,True,,mpeg4\random\mappings\sample_1030_seed_1030.csv,5.0841890731846,326.94557190323,1.1998258468972705,0,0.0001224149,0.0,540000.0,72000.0,1.2468682327787066,0.001133493061952417,True,vec,16,"{""1"": 1, ""2"": 13, ""3"": 14, ""4"": 12, ""5"": 2, ""6"": 14, ""7"": 4, ""8"": 5, ""9"": 6, ""10"": 0, ""11"": 6}"
1031,1031,True,,mpeg4\random\mappings\sample_1031_seed_1031.csv,5.11349301823117,326.14662576686,1.1855681670930585,0,0.0001207187,0.0,380000.0,64000.0,2.2731558893670676,0.0011234513132345795,True,vec,16,"{""1"": 1, ""2"": 1, ""3"": 1, ""4"": 11, ""5"": 8, ""6"": 14, ""7"": 12, ""8"": 10, ""9"": 14, ""10"": 10, ""11"": 10}"
1032,1032,True,,mpeg4\random\mappings\sample_1032_seed_1032.csv,4.868020625773927,326.85023951197,1.0924185582227042,0,0.0001214337,0.0,472000.0,72000.0,1.1152928921904552,0.0011274509911822956,True,vec,16,"{""1"": 12, ""2"": 13, ""3"": 6, ""4"": 14, ""5"": 9, ""6"": 6, ""7"": 1, ""8"": 5, ""9"": 11, ""10"": 0, ""11"": 10}"
1033,1033,True,,mpeg4\random\mappings\sample_1033_seed_1033.csv,4.972748316555774,326.25321561659,1.263794257491267,0,0.0001216283,0.0,500000.0,68000.0,1.2249390093473316,0.001129049779495897,True,vec,16,"{""1"": 6, ""2"": 8, ""3"": 2, ""4"": 7, ""5"": 0, ""6"": 12, ""7"": 12, ""8"": 14, ""9"": 4, ""10"": 5, ""11"": 2}"
1034,1034,True,,mpeg4\random\mappings\sample_1034_seed_1034.csv,5.874549747677659,327.13632448142,1.3401364180092303,0,0.000122604,0.0,644000.0,96000.0,2.294207943861188,0.0011358984586661897,True,vec,16,"{""1"": 1, ""2"": 2, ""3"": 12, ""4"": 2, ""5"": 7, ""6"": 12, ""7"": 7, ""8"": 2, ""9"": 5, ""10"": 11, ""11"": 3}"
1035,1035,True,,mpeg4\random\mappings\sample_1035_seed_1035.csv,5.32145091923957,326.86363060232,1.2982122722928213,0,0.0001337249,0.0,684000.0,76000.0,0.8565280557002275,0.0011964907322113904,True,vec,16,"{""1"": 14, ""2"": 4, ""3"": 2, ""4"": 1, ""5"": 12, ""6"": 0, ""7"": 7, ""8"": 8, ""9"": 8, ""10"": 7, ""11"": 5}"
1036,1036,True,,mpeg4\random\mappings\sample_1036_seed_1036.csv,5.558542044500747,325.79448272824,1.1656506207273665,0,0.0001393676,0.0,632000.0,88000.0,1.8161508730572078,0.001224482183395681,True,vec,16,"{""1"": 13, ""2"": 2, ""3"": 2, ""4"": 11, ""5"": 14, ""6"": 4, ""7"": 0, ""8"": 2, ""9"": 11, ""10"": 10, ""11"": 1}"
1037,1037,True,,mpeg4\random\mappings\sample_1037_seed_1037.csv,5.855241820558184,327.3769272916,1.292402985751206,2,0.0001223468,0.03595333333333312,640000.0,64000.0,0.7424960938570763,0.0011347050138694394,True,vec,16,"{""1"": 2, ""2"": 14, ""3"": 1, ""4"": 0, ""5"": 11, ""6"": 9, ""7"": 7, ""8"": 15, ""9"": 4, ""10"": 0, ""11"": 3}"
1038,1038,True,,mpeg4\random\mappings\sample_1038_seed_1038.csv,5.530025947045384,326.18541046838,1.249445233345758,0,0.0001327889,0.0,684000.0,104000.0,1.1591513390532058,0.0011910806432351535,True,vec,16,"{""1"": 3, ""2"": 2, ""3"": 3, ""4"": 11, ""5"": 15, ""6"": 1, ""7"": 14, ""8"": 8, ""9"": 14, ""10"": 4, ""11"": 4}"
1039,1039,True,,mpeg4\random\mappings\sample_1039_seed_1039.csv,5.487556444201476,327.4314711362,1.263374551342844,1,0.0001206543,0.017573750000000003,348000.0,64000.0,1.738082837641512,0.00112341503980662,True,vec,16,"{""1"": 5, ""2"": 6, ""3"": 7, ""4"": 12, ""5"": 3, ""6"": 5, ""7"": 5, ""8"": 3, ""9"": 0, ""10"": 4, ""11"": 1}"
1040,1040,True,,mpeg4\random\mappings\sample_1040_seed_1040.csv,5.348839812366695,326.18541701565,1.1653989228550354,0,0.0001207856,0.0,408000.0,132000.0,1.360900194621858,0.0011240522112839408,True,vec,16,"{""1"": 9, ""2"": 5, ""3"": 8, ""4"": 0, ""5"": 8, ""6"": 10, ""7"": 9, ""8"": 7, ""9"": 5, ""10"": 12, ""11"": 11}"
1041,1041,True,,mpeg4\random\mappings\sample_1041_seed_1041.csv,4.870570350480909,326.30679944757,1.164341687902319,0,0.0001219236,0.0,332000.0,48000.0,2.03193443162194,0.0011294892409535818,True,vec,16,"{""1"": 14, ""2"": 5, ""3"": 0, ""4"": 6, ""5"": 2, ""6"": 6, ""7"": 2, ""8"": 14, ""9"": 12, ""10"": 6, ""11"": 12}"
1042,1042,True,,mpeg4\random\mappings\sample_1042_seed_1042.csv,4.947052719699572,325.6909433094,1.2060710121484641,0,0.0001220657,0.0,524000.0,84000.0,1.0056467750335791,0.001131606098496569,True,vec,16,"{""1"": 7, ""2"": 4, ""3"": 10, ""4"": 9, ""5"": 15, ""6"": 12, ""7"": 9, ""8"": 11, ""9"": 5, ""10"": 15, ""11"": 1}"
1043,1043,True,,mpeg4\random\mappings\sample_1043_seed_1043.csv,5.136838296947483,326.78766440172,1.1519428482043546,0,0.0001213537,0.0,448000.0,84000.0,1.5626490501905101,0.0011276234459836059,True,vec,16,"{""1"": 11, ""2"": 10, ""3"": 7, ""4"": 1, ""5"": 10, ""6"": 8, ""7"": 5, ""8"": 15, ""9"": 7, ""10"": 14, ""11"": 7}"
1044,1044,True,,mpeg4\random\mappings\sample_1044_seed_1044.csv,4.9960425647186195,325.74664191706,1.188096436953409,0,0.0001216667,0.0,504000.0,72000.0,1.5056330692689346,0.001129336050205652,True,vec,16,"{""1"": 7, ""2"": 11, ""3"": 1, ""4"": 6, ""5"": 4, ""6"": 4, ""7"": 6, ""8"": 14, ""9"": 15, ""10"": 0, ""11"": 14}"
1045,1045,True,,mpeg4\random\mappings\sample_1045_seed_1045.csv,6.303419702980519,327.58085250581,1.2399423667361005,2,0.0001326717,0.025455937499999998,636000.0,88000.0,1.3433568158767577,0.001191327847389473,True,vec,16,"{""1"": 1, ""2"": 13, ""3"": 3, ""4"": 14, ""5"": 4, ""6"": 10, ""7"": 15, ""8"": 14, ""9"": 15, ""10"": 5, ""11"": 15}"
1046,1046,True,,mpeg4\random\mappings\sample_1046_seed_1046.csv,5.25000301876184,327.26976784206,1.2332165100967274,1,0.0001213296,0.00961875,432000.0,64000.0,1.0538910665826047,0.0011275327521964784,True,vec,16,"{""1"": 14, ""2"": 15, ""3"": 11, ""4"": 6, ""5"": 4, ""6"": 1, ""7"": 5, ""8"": 2, ""9"": 2, ""10"": 8, ""11"": 11}"
1047,1047,True,,mpeg4\random\mappings\sample_1047_seed_1047.csv,6.182732644676477,327.73911871283,1.359746677534037,1,0.0001225558,0.10189095394736875,608000.0,72000.0,1.1196787368767303,0.0011373868436914875,True,vec,16,"{""1"": 2, ""2"": 8, ""3"": 14, ""4"": 12, ""5"": 15, ""6"": 5, ""7"": 11, ""8"": 12, ""9"": 7, ""10"": 4, ""11"": 8}"
1048,1048,True,,mpeg4\random\mappings\sample_1048_seed_1048.csv,4.942214247417908,325.95794696827,1.1503305600743137,0,0.0001214219,0.0,464000.0,80000.0,1.3082700583865574,0.0011277948848824016,True,vec,16,"{""1"": 8, ""2"": 8, ""3"": 1, ""4"": 2, ""5"": 9, ""6"": 6, ""7"": 12, ""8"": 5, ""9"": 2, ""10"": 14, ""11"": 6}"
1049,1049,True,,mpeg4\random\mappings\sample_1049_seed_1049.csv,4.801576168170466,326.93905442037,1.162501447333835,0,0.0001219916,0.0,452000.0,64000.0,0.9617883281708286,0.0011310754292881721,True,vec,16,"{""1"": 14, ""2"": 1, ""3"": 10, ""4"": 8, ""5"": 5, ""6"": 1, ""7"": 0, ""8"": 7, ""9"": 2, ""10"": 3, ""11"": 15}"
1050,1050,True,,mpeg4\random\mappings\sample_1050_seed_1050.csv,5.304842467846659,326.47179154224,1.1949897353184986,0,0.0001274382,0.0,360000.0,84000.0,2.0670211891121406,0.001160353048557554,True,vec,16,"{""1"": 10, ""2"": 13, ""3"": 2, ""4"": 1, ""5"": 5, ""6"": 13, ""7"": 1, ""8"": 14, ""9"": 13, ""10"": 13, ""11"": 11}"
1051,1051,True,,mpeg4\random\mappings\sample_1051_seed_1051.csv,5.793407625179308,325.89013244591,1.259594202510163,0,0.0001216917,0.0,764000.0,152000.0,1.0582769112688797,0.0011310245598866579,True,vec,16,"{""1"": 1, ""2"": 3, ""3"": 4, ""4"": 8, ""5"": 14, ""6"": 0, ""7"": 2, ""8"": 8, ""9"": 14, ""10"": 6, ""11"": 15}"
1052,1052,True,,mpeg4\random\mappings\sample_1052_seed_1052.csv,5.369960514165703,327.27959798835,1.2418285822823103,1,0.0001218717,0.013385714285714376,580000.0,60000.0,0.9837175516022039,0.001131069569611668,True,vec,16,"{""1"": 4, ""2"": 3, ""3"": 15, ""4"": 14, ""5"": 6, ""6"": 8, ""7"": 0, ""8"": 10, ""9"": 15, ""10"": 5, ""11"": 4}"
1053,1053,True,,mpeg4\random\mappings\sample_1053_seed_1053.csv,5.321917686274038,326.82499593805,1.1894596201147538,0,0.0001387348,0.0,360000.0,48000.0,2.4433266631945396,0.0012204650534314698,True,vec,16,"{""1"": 11, ""2"": 11, ""3"": 11, ""4"": 13, ""5"": 10, ""6"": 2, ""7"": 4, ""8"": 11, ""9"": 15, ""10"": 0, ""11"": 7}"
1054,1054,True,,mpeg4\random\mappings\sample_1054_seed_1054.csv,5.3395408772660415,326.4069047587,1.1294939714766432,0,0.0001326937,0.0,528000.0,128000.0,0.6986376469943258,0.0011895626975632146,True,vec,16,"{""1"": 3, ""2"": 0, ""3"": 10, ""4"": 14, ""5"": 9, ""6"": 1, ""7"": 6, ""8"": 7, ""9"": 6, ""10"": 4, ""11"": 5}"
1055,1055,True,,mpeg4\random\mappings\sample_1055_seed_1055.csv,5.4812848395265865,326.77051858613,1.3120929982002423,0,0.0001217,0.0,464000.0,80000.0,2.2292974425043175,0.0011302467308558933,True,vec,16,"{""1"": 2, ""2"": 3, ""3"": 13, ""4"": 14, ""5"": 13, ""6"": 13, ""7"": 3, ""8"": 11, ""9"": 9, ""10"": 8, ""11"": 6}"
1056,1056,True,,mpeg4\random\mappings\sample_1056_seed_1056.csv,6.001910779700555,327.28110857502,1.3672468417155423,1,0.000122803,0.0145775,716000.0,96000.0,1.2687974562100819,0.0011381031355394626,True,vec,16,"{""1"": 3, ""2"": 5, ""3"": 11, ""4"": 15, ""5"": 7, ""6"": 12, ""7"": 2, ""8"": 11, ""9"": 15, ""10"": 3, ""11"": 6}"
1057,1057,True,,mpeg4\random\mappings\sample_1057_seed_1057.csv,5.43837845055386,326.86016111641,1.2365385608884902,0,0.000122003,0.0,688000.0,88000.0,1.4486170883473588,0.0011327381238580283,True,vec,16,"{""1"": 5, ""2"": 13, ""3"": 7, ""4"": 13, ""5"": 8, ""6"": 0, ""7"": 11, ""8"": 11, ""9"": 15, ""10"": 3, ""11"": 7}"
1058,1058,True,,mpeg4\random\mappings\sample_1058_seed_1058.csv,5.533439056896112,327.18818130106,1.207721419699664,1,0.000127529771,0.0009055357142856876,480000.0,72000.0,1.549491516131685,0.001161975985922327,True,vec,16,"{""1"": 9, ""2"": 4, ""3"": 15, ""4"": 4, ""5"": 6, ""6"": 1, ""7"": 2, ""8"": 6, ""9"": 3, ""10"": 3, ""11"": 3}"
1059,1059,True,,mpeg4\random\mappings\sample_1059_seed_1059.csv,6.379536234126376,327.14517567405,1.3539173523775154,0,0.0001214977,0.0,596000.0,176000.0,2.0573723308023353,0.0011295740544385625,True,vec,16,"{""1"": 1, ""2"": 3, ""3"": 0, ""4"": 13, ""5"": 8, ""6"": 3, ""7"": 1, ""8"": 3, ""9"": 0, ""10"": 6, ""11"": 7}"
1060,1060,True,,mpeg4\random\mappings\sample_1060_seed_1060.csv,5.998217854422448,327.37195114035,1.2018466480612908,1,0.0001213536,0.022728819444444374,504000.0,144000.0,1.0056467750335791,0.0011280118645135959,True,vec,16,"{""1"": 7, ""2"": 6, ""3"": 4, ""4"": 4, ""5"": 2, ""6"": 5, ""7"": 9, ""8"": 0, ""9"": 3, ""10"": 11, ""11"": 1}"
1061,1061,True,,mpeg4\random\mappings\sample_1061_seed_1061.csv,5.485747178614038,326.30542442232,1.225425613132576,0,0.0001270209,0.0,612000.0,84000.0,1.8959732463474137,0.0011593122458563728,True,vec,16,"{""1"": 10, ""2"": 10, ""3"": 11, ""4"": 3, ""5"": 0, ""6"": 12, ""7"": 4, ""8"": 4, ""9"": 11, ""10"": 11, ""11"": 12}"
1062,1062,True,,mpeg4\random\mappings\sample_1062_seed_1062.csv,5.276823541875532,326.85705174421,1.2884438856425857,0,0.0001217487,0.0,420000.0,76000.0,1.8828157122885887,0.0011302723416708278,True,vec,16,"{""1"": 3, ""2"": 7, ""3"": 1, ""4"": 14, ""5"": 2, ""6"": 1, ""7"": 3, ""8"": 11, ""9"": 2, ""10"": 12, ""11"": 2}"
1063,1063,True,,mpeg4\random\mappings\sample_1063_seed_1063.csv,5.381204962555816,326.18624240956,1.1898202666276059,0,0.0001221319,0.0,652000.0,72000.0,2.0450919656807653,0.0011327612642961856,True,vec,16,"{""1"": 6, ""2"": 4, ""3"": 11, ""4"": 12, ""5"": 10, ""6"": 12, ""7"": 11, ""8"": 12, ""9"": 3, ""10"": 1, ""11"": 7}"
1064,1064,True,,mpeg4\random\mappings\sample_1064_seed_1064.csv,5.007654419856689,325.82150390383,1.1750876906062235,0,0.0001225628,0.0,536000.0,72000.0,1.4266878649159838,0.0011344322887216788,True,vec,16,"{""1"": 7, ""2"": 1, ""3"": 15, ""4"": 2, ""5"": 4, ""6"": 4, ""7"": 2, ""8"": 11, ""9"": 9, ""10"": 11, ""11"": 6}"
1065,1065,True,,mpeg4\random\mappings\sample_1065_seed_1065.csv,5.153144515979539,325.89531317792,1.217322210168686,0,0.00012239,0.0,496000.0,72000.0,1.8389572654258382,0.0011334963433053172,True,vec,16,"{""1"": 3, ""2"": 11, ""3"": 5, ""4"": 15, ""5"": 5, ""6"": 15, ""7"": 4, ""8"": 6, ""9"": 5, ""10"": 10, ""11"": 2}"
1066,1066,True,,mpeg4\random\mappings\sample_1066_seed_1066.csv,5.66976084067796,326.76933955297,1.3407932523969044,0,0.0001216638,0.0,476000.0,140000.0,1.3170417477591074,0.0011300943096722489,True,vec,16,"{""1"": 14, ""2"": 14, ""3"": 4, ""4"": 1, ""5"": 12, ""6"": 15, ""7"": 9, ""8"": 12, ""9"": 11, ""10"": 13, ""11"": 9}"
1067,1067,True,,mpeg4\random\mappings\sample_1067_seed_1067.csv,4.931076483581777,326.58323952188,1.3056586358120843,0,0.00012159,0.0,488000.0,48000.0,1.4003727967983335,0.0011295484535235828,True,vec,16,"{""1"": 0, ""2"": 9, ""3"": 9, ""4"": 10, ""5"": 15, ""6"": 15, ""7"": 4, ""8"": 12, ""9"": 11, ""10"": 6, ""11"": 5}"
1068,1068,True,,mpeg4\random\mappings\sample_1068_seed_1068.csv,5.688907216481599,327.30121127964,1.28729839442797,1,0.0001217108,0.023338486842105,440000.0,72000.0,1.738082837641512,0.0011300618991636844,True,vec,16,"{""1"": 13, ""2"": 15, ""3"": 11, ""4"": 15, ""5"": 1, ""6"": 6, ""7"": 8, ""8"": 6, ""9"": 13, ""10"": 9, ""11"": 13}"
1069,1069,True,,mpeg4\random\mappings\sample_1069_seed_1069.csv,5.289227525137125,325.97707135402,1.2466252954928705,0,0.0001224668,0.0,592000.0,72000.0,1.8740440229160384,0.0011342567762941244,True,vec,16,"{""1"": 11, ""2"": 4, ""3"": 3, ""4"": 5, ""5"": 15, ""6"": 15, ""7"": 6, ""8"": 15, ""9"": 13, ""10"": 4, ""11"": 2}"
1070,1070,True,,mpeg4\random\mappings\sample_1070_seed_1070.csv,4.914305973033271,326.06062671335,1.099250066318338,0,0.0001218919,0.0,564000.0,80000.0,1.0231901537786794,0.0011304938755071926,True,vec,16,"{""1"": 11, ""2"": 2, ""3"": 10, ""4"": 4, ""5"": 6, ""6"": 13, ""7"": 2, ""8"": 15, ""9"": 7, ""10"": 13, ""11"": 0}"
1071,1071,True,,mpeg4\random\mappings\sample_1071_seed_1071.csv,5.671884429708566,327.2676239655,1.2526322791967426,1,0.0001278869,0.008016666666666875,596000.0,64000.0,1.5626490501905101,0.0011638512893514179,True,vec,16,"{""1"": 3, ""2"": 15, ""3"": 1, ""4"": 14, ""5"": 3, ""6"": 7, ""7"": 11, ""8"": 14, ""9"": 8, ""10"": 8, ""11"": 1}"
1072,1072,True,,mpeg4\random\mappings\sample_1072_seed_1072.csv,6.048415975709867,327.36039931766,1.2415316378325008,1,0.0001219048,0.013035795454545624,652000.0,136000.0,0.9793317069159289,0.0011314944377130737,True,vec,16,"{""1"": 15, ""2"": 12, ""3"": 8, ""4"": 6, ""5"": 2, ""6"": 14, ""7"": 5, ""8"": 0, ""9"": 2, ""10"": 13, ""11"": 12}"
1073,1073,True,,mpeg4\random\mappings\sample_1073_seed_1073.csv,4.553555139173927,326.12715980561,1.1255528673680342,0,0.0001220736,0.0,532000.0,48000.0,0.7249527151119761,0.0011314034813202168,True,vec,16,"{""1"": 10, ""2"": 0, ""3"": 1, ""4"": 15, ""5"": 13, ""6"": 6, ""7"": 5, ""8"": 11, ""9"": 0, ""10"": 3, ""11"": 2}"
1074,1074,True,,mpeg4\random\mappings\sample_1074_seed_1074.csv,5.141538628862136,326.80255561232,1.2705179396771094,0,0.0001226339,0.0,684000.0,72000.0,0.900386502562978,0.0011358337796838476,True,vec,16,"{""1"": 12, ""2"": 10, ""3"": 4, ""4"": 2, ""5"": 15, ""6"": 3, ""7"": 14, ""8"": 5, ""9"": 15, ""10"": 5, ""11"": 1}"
1075,1075,True,,mpeg4\random\mappings\sample_1075_seed_1075.csv,5.229334726538633,326.07992098899,1.123275903270284,0,0.0001216188,0.0,488000.0,104000.0,1.5319481373865849,0.0011287504581622043,True,vec,16,"{""1"": 13, ""2"": 1, ""3"": 9, ""4"": 5, ""5"": 10, ""6"": 10, ""7"": 3, ""8"": 6, ""9"": 1, ""10"": 15, ""11"": 1}"
1076,1076,True,,mpeg4\random\mappings\sample_1076_seed_1076.csv,5.16749425906047,325.73508950878,1.1782797707005361,0,0.0001219077,0.0,592000.0,88000.0,1.4091444861708835,0.001131156154141187,True,vec,16,"{""1"": 11, ""2"": 4, ""3"": 8, ""4"": 1, ""5"": 14, ""6"": 4, ""7"": 6, ""8"": 1, ""9"": 2, ""10"": 11, ""11"": 15}"
1077,1077,True,,mpeg4\random\mappings\sample_1077_seed_1077.csv,5.064905429378981,326.87080871784,1.2489798907236076,0,0.0001219087,0.0,532000.0,72000.0,1.1459938049943805,0.0011312365621917843,True,vec,16,"{""1"": 1, ""2"": 7, ""3"": 14, ""4"": 7, ""5"": 11, ""6"": 13, ""7"": 15, ""8"": 10, ""9"": 6, ""10"": 12, ""11"": 11}"
1078,1078,True,,mpeg4\random\mappings\sample_1078_seed_1078.csv,5.18822114170028,326.47672363245,1.2512009997428792,0,0.0001219379,0.0,688000.0,80000.0,1.0056467750335791,0.0011319830845382723,True,vec,16,"{""1"": 3, ""2"": 4, ""3"": 8, ""4"": 1, ""5"": 8, ""6"": 15, ""7"": 2, ""8"": 14, ""9"": 13, ""10"": 9, ""11"": 12}"
1079,1079,True,,mpeg4\random\mappings\sample_1079_seed_1079.csv,5.678521737680861,326.2732103678,1.2299174068187682,0,0.0001216561,0.0,612000.0,128000.0,1.637208409857186,0.001129254241322941,True,vec,16,"{""1"": 15, ""2"": 1, ""3"": 15, ""4"": 13, ""5"": 10, ""6"": 14, ""7"": 14, ""8"": 5, ""9"": 13, ""10"": 4, ""11"": 5}"
1080,1080,True,,mpeg4\random\mappings\sample_1080_seed_1080.csv,4.983147338766757,326.00468934839,1.2587248304419423,0,0.0001210756,0.0,516000.0,72000.0,1.2249390093473316,0.0011267452007173043,True,vec,16,"{""1"": 15, ""2"": 8, ""3"": 12, ""4"": 6, ""5"": 12, ""6"": 10, ""7"": 11, ""8"": 2, ""9"": 10, ""10"": 3, ""11"": 4}"
1081,1081,True,,mpeg4\random\mappings\sample_1081_seed_1081.csv,4.959147116650781,326.40708545387,1.234772272145476,0,0.0001215777,0.0,516000.0,72000.0,1.071434445327705,0.0011290722645625748,True,vec,16,"{""1"": 15, ""2"": 9, ""3"": 15, ""4"": 10, ""5"": 11, ""6"": 7, ""7"": 5, ""8"": 2, ""9"": 10, ""10"": 1, ""11"": 6}"
1082,1082,True,,mpeg4\random\mappings\sample_1082_seed_1082.csv,5.7600764173025425,327.31602339933,1.1557778229672273,1,0.0001219509,0.005493125,636000.0,88000.0,1.6065074970532607,0.0011310246614297653,True,vec,16,"{""1"": 6, ""2"": 1, ""3"": 8, ""4"": 1, ""5"": 2, ""6"": 14, ""7"": 4, ""8"": 14, ""9"": 0, ""10"": 5, ""11"": 8}"
1083,1083,True,,mpeg4\random\mappings\sample_1083_seed_1083.csv,5.551622924647249,327.37800572684,1.0930301689324153,1,0.0001220918,0.013335037878788127,404000.0,72000.0,1.9924618294454648,0.0011314690997067634,True,vec,16,"{""1"": 6, ""2"": 9, ""3"": 10, ""4"": 6, ""5"": 5, ""6"": 6, ""7"": 15, ""8"": 15, ""9"": 9, ""10"": 2, ""11"": 11}"
1084,1084,True,,mpeg4\random\mappings\sample_1084_seed_1084.csv,5.221437103539773,326.02779262621,1.3002336548345956,0,0.0001223918,0.0,596000.0,88000.0,1.180203393547326,0.0011342214573750692,True,vec,16,"{""1"": 1, ""2"": 13, ""3"": 7, ""4"": 6, ""5"": 3, ""6"": 15, ""7"": 9, ""8"": 13, ""9"": 14, ""10"": 10, ""11"": 15}"
1085,1085,True,,mpeg4\random\mappings\sample_1085_seed_1085.csv,5.580456075156163,327.38141293219,1.2375095297931988,1,0.0001217756,0.01895607638888875,532000.0,72000.0,1.3337079575669526,0.0011304370989132237,True,vec,16,"{""1"": 9, ""2"": 3, ""3"": 4, ""4"": 2, ""5"": 2, ""6"": 1, ""7"": 0, ""8"": 3, ""9"": 10, ""10"": 13, ""11"": 10}"
1086,1086,True,,mpeg4\random\mappings\sample_1086_seed_1086.csv,4.940203040303902,326.46007257007,1.2558441434499823,0,0.0001213076,0.0,436000.0,72000.0,1.181080562484581,0.0011277502495889594,True,vec,16,"{""1"": 12, ""2"": 10, ""3"": 11, ""4"": 6, ""5"": 9, ""6"": 15, ""7"": 14, ""8"": 15, ""9"": 7, ""10"": 11, ""11"": 5}"
1087,1087,True,,mpeg4\random\mappings\sample_1087_seed_1087.csv,5.604236654759119,326.42429002169,1.138027907554874,0,0.0001213677,0.0,636000.0,84000.0,2.5187631917984703,0.001127993086808311,True,vec,16,"{""1"": 6, ""2"": 0, ""3"": 6, ""4"": 10, ""5"": 6, ""6"": 0, ""7"": 8, ""8"": 9, ""9"": 6, ""10"": 14, ""11"": 12}"
1088,1088,True,,mpeg4\random\mappings\sample_1088_seed_1088.csv,5.051968720108775,325.42169338804,1.1591784776693155,0,0.0001205598,0.0,432000.0,72000.0,2.0582494997395906,0.0011227884989129576,True,vec,16,"{""1"": 15, ""2"": 10, ""3"": 10, ""4"": 8, ""5"": 11, ""6"": 11, ""7"": 8, ""8"": 13, ""9"": 2, ""10"": 11, ""11"": 4}"
1089,1089,True,,mpeg4\random\mappings\sample_1089_seed_1089.csv,5.077320614323182,326.12338635444,1.192359863796712,0,0.0001313521,0.0,308000.0,64000.0,1.9880759847591898,0.0011815716248724435,True,vec,16,"{""1"": 10, ""2"": 14, ""3"": 10, ""4"": 4, ""5"": 1, ""6"": 2, ""7"": 2, ""8"": 12, ""9"": 1, ""10"": 2, ""11"": 14}"
1090,1090,True,,mpeg4\random\mappings\sample_1090_seed_1090.csv,5.227142690283659,326.23228917896,1.2225538233310087,0,0.000122984,0.0,616000.0,96000.0,1.0495052218963297,0.0011373598512086022,True,vec,16,"{""1"": 14, ""2"": 4, ""3"": 7, ""4"": 2, ""5"": 2, ""6"": 15, ""7"": 1, ""8"": 12, ""9"": 11, ""10"": 9, ""11"": 11}"
1091,1091,True,,mpeg4\random\mappings\sample_1091_seed_1091.csv,4.998057946197493,325.5787471697,1.1015293748839852,0,0.0001220176,0.0,528000.0,96000.0,1.1328362709355555,0.001130755653724728,True,vec,16,"{""1"": 11, ""2"": 1, ""3"": 11, ""4"": 6, ""5"": 7, ""6"": 10, ""7"": 9, ""8"": 8, ""9"": 3, ""10"": 14, ""11"": 1}"
1092,1092,True,,mpeg4\random\mappings\sample_1092_seed_1092.csv,5.075094431174725,325.86732845357,1.2257717229435063,0,0.0001219528,0.0,520000.0,72000.0,1.5582632055042351,0.0011309013730340942,True,vec,16,"{""1"": 15, ""2"": 8, ""3"": 8, ""4"": 9, ""5"": 2, ""6"": 13, ""7"": 1, ""8"": 7, ""9"": 8, ""10"": 13, ""11"": 4}"
1093,1093,True,,mpeg4\random\mappings\sample_1093_seed_1093.csv,4.835338681770472,326.0137173235,1.1433223627392455,0,0.0001221717,0.0,496000.0,72000.0,1.071434445327705,0.0011321679703959811,True,vec,16,"{""1"": 10, ""2"": 12, ""3"": 14, ""4"": 0, ""5"": 15, ""6"": 5, ""7"": 2, ""8"": 11, ""9"": 7, ""10"": 15, ""11"": 5}"
1094,1094,True,,mpeg4\random\mappings\sample_1094_seed_1094.csv,5.642710973263545,326.52218044087,1.2078456895739134,0,0.0001325887,0.0,480000.0,96000.0,2.2073682190729422,0.0011893017252117724,True,vec,16,"{""1"": 11, ""2"": 15, ""3"": 10, ""4"": 12, ""5"": 0, ""6"": 10, ""7"": 15, ""8"": 1, ""9"": 9, ""10"": 15, ""11"": 15}"
1095,1095,True,,mpeg4\random\mappings\sample_1095_seed_1095.csv,6.361602873964377,327.82241948416,1.288697636428938,2,0.0001212708,0.14247729166666667,392000.0,76000.0,0.803897919464927,0.0011285929804504232,True,vec,16,"{""1"": 6, ""2"": 6, ""3"": 13, ""4"": 5, ""5"": 12, ""6"": 14, ""7"": 8, ""8"": 3, ""9"": 15, ""10"": 4, ""11"": 7}"
1096,1096,True,,mpeg4\random\mappings\sample_1096_seed_1096.csv,5.246420578716011,327.10698222703,1.252768491531409,0,0.0001224639,0.0,552000.0,84000.0,1.2380965434061566,0.0011338573973782946,True,vec,16,"{""1"": 13, ""2"": 3, ""3"": 2, ""4"": 9, ""5"": 8, ""6"": 0, ""7"": 13, ""8"": 13, ""9"": 4, ""10"": 12, ""11"": 15}"
1097,1097,True,,mpeg4\random\mappings\sample_1097_seed_1097.csv,5.229852783184824,326.06513575441,1.2444954941349964,0,0.0001217196,0.0,672000.0,80000.0,1.3126559030728324,0.001130762942045783,True,vec,16,"{""1"": 3, ""2"": 0, ""3"": 11, ""4"": 6, ""5"": 15, ""6"": 8, ""7"": 12, ""8"": 13, ""9"": 15, ""10"": 6, ""11"": 15}"
1098,1098,True,,mpeg4\random\mappings\sample_1098_seed_1098.csv,5.062306174656298,326.34271948564,1.2758696551909192,0,0.0001227999,0.0,600000.0,72000.0,1.0231901537786794,0.0011367065530522617,True,vec,16,"{""1"": 5, ""2"": 8, ""3"": 7, ""4"": 2, ""5"": 12, ""6"": 3, ""7"": 9, ""8"": 9, ""9"": 7, ""10"": 10, ""11"": 13}"
1099,1099,True,,mpeg4\random\mappings\sample_1099_seed_1099.csv,6.638497601433407,327.73033201269,1.3239016349025285,1,0.0001223157,0.13030450000000002,688000.0,104000.0,1.1144157232532004,0.0011355567863699755,True,vec,16,"{""1"": 12, ""2"": 7, ""3"": 15, ""4"": 14, ""5"": 3, ""6"": 1, ""7"": 3, ""8"": 7, ""9"": 9, ""10"": 11, ""11"": 5}"
1100,1100,True,,mpeg4\random\mappings\sample_1100_seed_1100.csv,5.46576978168685,325.47504901644,1.1126072120184902,0,0.0001325777,0.0,512000.0,112000.0,1.7819412845042626,0.0011882814067138638,True,vec,16,"{""1"": 0, ""2"": 7, ""3"": 13, ""4"": 4, ""5"": 6, ""6"": 6, ""7"": 1, ""8"": 4, ""9"": 12, ""10"": 1, ""11"": 1}"
1101,1101,True,,mpeg4\random\mappings\sample_1101_seed_1101.csv,4.918300705030545,325.97882463977,1.183045146671759,0,0.0001213277,0.0,328000.0,56000.0,2.0757928784846906,0.001126381672920562,True,vec,16,"{""1"": 11, ""2"": 13, ""3"": 5, ""4"": 5, ""5"": 4, ""6"": 4, ""7"": 12, ""8"": 11, ""9"": 4, ""10"": 7, ""11"": 6}"
1102,1102,True,,mpeg4\random\mappings\sample_1102_seed_1102.csv,4.867639881044914,325.62868137882,1.067001520566939,0,0.0001220067,0.0,468000.0,72000.0,1.5275622927003099,0.0011302782451315598,True,vec,16,"{""1"": 11, ""2"": 4, ""3"": 5, ""4"": 6, ""5"": 9, ""6"": 5, ""7"": 8, ""8"": 13, ""9"": 14, ""10"": 9, ""11"": 13}"
1103,1103,True,,mpeg4\random\mappings\sample_1103_seed_1103.csv,5.3735582610777595,327.26428681981,1.264948745271841,1,0.0001219517,0.0094909722222225,548000.0,60000.0,1.09336366875908,0.001131499961021327,True,vec,16,"{""1"": 12, ""2"": 15, ""3"": 6, ""4"": 2, ""5"": 5, ""6"": 4, ""7"": 12, ""8"": 14, ""9"": 13, ""10"": 11, ""11"": 4}"
1104,1104,True,,mpeg4\random\mappings\sample_1104_seed_1104.csv,5.53798523636242,325.946594152,1.1829188367720078,0,0.0001213036,0.0,516000.0,112000.0,2.0714070337984154,0.0011274581935026935,True,vec,16,"{""1"": 8, ""2"": 9, ""3"": 8, ""4"": 10, ""5"": 2, ""6"": 12, ""7"": 8, ""8"": 10, ""9"": 10, ""10"": 14, ""11"": 3}"
1105,1105,True,,mpeg4\random\mappings\sample_1105_seed_1105.csv,6.376757385618127,327.29199340078,1.437430864118032,3,0.0001215536,0.016483199404761884,484000.0,96000.0,1.1152928921904552,0.0011300903558519786,True,vec,16,"{""1"": 0, ""2"": 2, ""3"": 0, ""4"": 4, ""5"": 7, ""6"": 12, ""7"": 13, ""8"": 8, ""9"": 12, ""10"": 5, ""11"": 3}"
1106,1106,True,,mpeg4\random\mappings\sample_1106_seed_1106.csv,5.115229487960527,326.9300072293,1.1908156188192471,0,0.0001219887,0.0,476000.0,96000.0,1.0056467750335791,0.0011310631718255105,True,vec,16,"{""1"": 14, ""2"": 13, ""3"": 15, ""4"": 6, ""5"": 0, ""6"": 6, ""7"": 3, ""8"": 10, ""9"": 2, ""10"": 4, ""11"": 1}"
1107,1107,True,,mpeg4\random\mappings\sample_1107_seed_1107.csv,5.14266920634138,327.11875042462,1.209225674211964,0,0.0001214318,0.0,644000.0,72000.0,1.09336366875908,0.0011282281175943067,True,vec,16,"{""1"": 4, ""2"": 13, ""3"": 13, ""4"": 2, ""5"": 0, ""6"": 11, ""7"": 8, ""8"": 10, ""9"": 12, ""10"": 4, ""11"": 5}"
1108,1108,True,,mpeg4\random\mappings\sample_1108_seed_1108.csv,5.038358264221609,325.88171126613,1.1323954584458342,0,0.0001222029,0.0,472000.0,96000.0,1.2337106987198816,0.0011317229950479522,True,vec,16,"{""1"": 7, ""2"": 9, ""3"": 11, ""4"": 2, ""5"": 9, ""6"": 4, ""7"": 3, ""8"": 14, ""9"": 5, ""10"": 4, ""11"": 5}"
1109,1109,True,,mpeg4\random\mappings\sample_1109_seed_1109.csv,5.7228271030504665,326.53437736094,1.3082037025522333,0,0.0001217957,0.0,656000.0,96000.0,2.110879635974891,0.0011307570809708537,True,vec,16,"{""1"": 12, ""2"": 2, ""3"": 0, ""4"": 2, ""5"": 6, ""6"": 11, ""7"": 6, ""8"": 15, ""9"": 2, ""10"": 1, ""11"": 2}"
1110,1110,True,,mpeg4\random\mappings\sample_1110_seed_1110.csv,5.413276153535348,326.39782636222,1.2821006598000357,0,0.0001218678,0.0,760000.0,92000.0,1.1372221156218305,0.0011317613332230943,True,vec,16,"{""1"": 15, ""2"": 6, ""3"": 12, ""4"": 9, ""5"": 13, ""6"": 2, ""7"": 14, ""8"": 2, ""9"": 8, ""10"": 13, ""11"": 0}"
1111,1111,True,,mpeg4\random\mappings\sample_1111_seed_1111.csv,5.194977307605995,327.01112510037,1.1540640021495647,0,0.0001210277,0.0,424000.0,96000.0,1.461774622406184,0.0011254437942565276,True,vec,16,"{""1"": 6, ""2"": 6, ""3"": 11, ""4"": 14, ""5"": 2, ""6"": 5, ""7"": 2, ""8"": 11, ""9"": 10, ""10"": 3, ""11"": 4}"
1112,1112,True,,mpeg4\random\mappings\sample_1112_seed_1112.csv,4.953148814577875,327.14772124159,1.0975007569224082,0,0.0001225788,0.0,472000.0,72000.0,1.2161673199747813,0.001134009194578945,True,vec,16,"{""1"": 9, ""2"": 2, ""3"": 13, ""4"": 2, ""5"": 10, ""6"": 5, ""7"": 11, ""8"": 8, ""9"": 3, ""10"": 2, ""11"": 1}"
1113,1113,True,,mpeg4\random\mappings\sample_1113_seed_1113.csv,5.829935490578487,326.87711185714,1.3552039702897236,0,0.0001218727,0.0,492000.0,136000.0,1.746854527014062,0.0011314944153531206,True,vec,16,"{""1"": 0, ""2"": 1, ""3"": 3, ""4"": 0, ""5"": 5, ""6"": 3, ""7"": 1, ""8"": 6, ""9"": 2, ""10"": 13, ""11"": 2}"
1114,1114,True,,mpeg4\random\mappings\sample_1114_seed_1114.csv,5.296632301032659,325.88217573332,1.2138714944357867,0,0.0001225638,0.0,584000.0,72000.0,2.013513883939585,0.0011345132428844172,True,vec,16,"{""1"": 8, ""2"": 14, ""3"": 0, ""4"": 7, ""5"": 13, ""6"": 13, ""7"": 11, ""8"": 14, ""9"": 10, ""10"": 8, ""11"": 13}"
1115,1115,True,,mpeg4\random\mappings\sample_1115_seed_1115.csv,5.384719914211823,325.93242119623,1.1547909976206854,0,0.0001272348,0.0,520000.0,88000.0,2.0275485869356653,0.0011594674184136962,True,vec,16,"{""1"": 8, ""2"": 10, ""3"": 6, ""4"": 12, ""5"": 8, ""6"": 0, ""7"": 1, ""8"": 1, ""9"": 6, ""10"": 6, ""11"": 1}"
1116,1116,True,,mpeg4\random\mappings\sample_1116_seed_1116.csv,5.93305200179175,326.08824636992,1.1516890872022405,0,0.0001463927,0.0,424000.0,56000.0,3.860831665798635,0.0012620522082451768,True,vec,16,"{""1"": 13, ""2"": 9, ""3"": 4, ""4"": 4, ""5"": 4, ""6"": 4, ""7"": 0, ""8"": 0, ""9"": 9, ""10"": 9, ""11"": 3}"
1117,1117,True,,mpeg4\random\mappings\sample_1117_seed_1117.csv,5.133212737511721,325.82260151428,1.1240234409119656,0,0.0001216302,0.0,488000.0,76000.0,1.9661467613278145,0.0011287911678045726,True,vec,16,"{""1"": 14, ""2"": 1, ""3"": 12, ""4"": 11, ""5"": 14, ""6"": 9, ""7"": 9, ""8"": 9, ""9"": 7, ""10"": 11, ""11"": 10}"
1118,1118,True,,mpeg4\random\mappings\sample_1118_seed_1118.csv,5.235848762685144,326.31189300437,1.278369038896748,0,0.000122527,0.0,588000.0,84000.0,1.2907266796414572,0.0011348525940848763,True,vec,16,"{""1"": 7, ""2"": 1, ""3"": 5, ""4"": 6, ""5"": 0, ""6"": 3, ""7"": 8, ""8"": 5, ""9"": 10, ""10"": 13, ""11"": 3}"
1119,1119,True,,mpeg4\random\mappings\sample_1119_seed_1119.csv,5.709319446993893,327.39974694981,1.223448351337851,1,0.0001218827,0.0194546875,456000.0,80000.0,1.738082837641512,0.0011304919049672745,True,vec,16,"{""1"": 1, ""2"": 0, ""3"": 2, ""4"": 15, ""5"": 11, ""6"": 1, ""7"": 6, ""8"": 9, ""9"": 0, ""10"": 9, ""11"": 1}"
1120,1120,True,,mpeg4\random\mappings\sample_1120_seed_1120.csv,5.36960505279364,326.59233087405,1.2215412500007456,0,0.0001225039,0.0,584000.0,72000.0,1.9924618294454648,0.0011343162250815684,True,vec,16,"{""1"": 3, ""2"": 14, ""3"": 5, ""4"": 9, ""5"": 5, ""6"": 15, ""7"": 5, ""8"": 0, ""9"": 14, ""10"": 6, ""11"": 0}"
1121,1121,True,,mpeg4\random\mappings\sample_1121_seed_1121.csv,5.695065894952116,327.10574752358,1.3123660756873423,0,0.000122859,0.0,840000.0,80000.0,1.6766810120336613,0.0011381786535805552,True,vec,16,"{""1"": 7, ""2"": 1, ""3"": 11, ""4"": 7, ""5"": 1, ""6"": 12, ""7"": 2, ""8"": 8, ""9"": 1, ""10"": 3, ""11"": 2}"
1122,1122,True,,mpeg4\random\mappings\sample_1122_seed_1122.csv,6.091331703021838,328.21905596711,1.1375750166897678,1,0.0001221877,0.14931,504000.0,80000.0,0.5670623064060744,0.0011328102163249004,True,vec,16,"{""1"": 14, ""2"": 1, ""3"": 4, ""4"": 6, ""5"": 13, ""6"": 5, ""7"": 2, ""8"": 8, ""9"": 3, ""10"": 7, ""11"": 10}"
1123,1123,True,,mpeg4\random\mappings\sample_1123_seed_1123.csv,5.427350460731635,327.40495784493,1.212789765966845,1,0.0001212577,0.019857589285714374,468000.0,64000.0,1.3038842137002824,0.0011272190558032187,True,vec,16,"{""1"": 8, ""2"": 9, ""3"": 14, ""4"": 9, ""5"": 1, ""6"": 2, ""7"": 5, ""8"": 0, ""9"": 15, ""10"": 0, ""11"": 1}"
1124,1124,True,,mpeg4\random\mappings\sample_1124_seed_1124.csv,5.29156617275164,326.05368524556,1.193266954186494,0,0.0001225298,0.0,536000.0,72000.0,2.1240371700337164,0.0011338125469502784,True,vec,16,"{""1"": 1, ""2"": 11, ""3"": 2, ""4"": 2, ""5"": 7, ""6"": 2, ""7"": 14, ""8"": 12, ""9"": 5, ""10"": 0, ""11"": 5}"
1125,1125,True,,mpeg4\random\mappings\sample_1125_seed_1125.csv,5.8541218714256695,327.37251824678,1.2601420548722861,1,0.0001218197,0.010929796511628126,788000.0,84000.0,1.2249390093473316,0.0011319198074572245,True,vec,16,"{""1"": 4, ""2"": 11, ""3"": 13, ""4"": 7, ""5"": 4, ""6"": 15, ""7"": 10, ""8"": 15, ""9"": 0, ""10"": 5, ""11"": 3}"
1126,1126,True,,mpeg4\random\mappings\sample_1126_seed_1126.csv,5.911123231993455,326.15086751499,1.2505682684763741,0,0.0001219037,0.0,684000.0,100000.0,2.7161262026808477,0.001131213759081836,True,vec,16,"{""1"": 8, ""2"": 2, ""3"": 8, ""4"": 8, ""5"": 14, ""6"": 0, ""7"": 8, ""8"": 7, ""9"": 5, ""10"": 13, ""11"": 0}"
1127,1127,True,,mpeg4\random\mappings\sample_1127_seed_1127.csv,5.087107300381393,326.09298427138,1.2071661009983616,0,0.0001224779,0.0,592000.0,64000.0,1.5319481373865849,0.0011345660349224651,True,vec,16,"{""1"": 15, ""2"": 4, ""3"": 5, ""4"": 12, ""5"": 5, ""6"": 7, ""7"": 0, ""8"": 8, ""9"": 15, ""10"": 5, ""11"": 3}"
1128,1128,True,,mpeg4\random\mappings\sample_1128_seed_1128.csv,4.94856425114789,325.78348347732,1.2034799005601384,0,0.0001216156,0.0,536000.0,56000.0,1.6021216523669854,0.0011294711307792903,True,vec,16,"{""1"": 2, ""2"": 4, ""3"": 13, ""4"": 3, ""5"": 9, ""6"": 12, ""7"": 8, ""8"": 13, ""9"": 11, ""10"": 13, ""11"": 3}"
1129,1129,True,,mpeg4\random\mappings\sample_1129_seed_1129.csv,5.21120473178624,325.42169338804,1.0929174527305392,0,0.0001272877,0.0,576000.0,100000.0,1.4003727967983335,0.0011595220654930338,True,vec,16,"{""1"": 15, ""2"": 9, ""3"": 7, ""4"": 10, ""5"": 4, ""6"": 6, ""7"": 13, ""8"": 6, ""9"": 4, ""10"": 4, ""11"": 1}"
1130,1130,True,,mpeg4\random\mappings\sample_1130_seed_1130.csv,6.6377760798311645,327.91507164777,1.3353204357231092,2,0.0001234339,0.1405091517857125,572000.0,60000.0,1.2863408349551821,0.001142004468301239,True,vec,16,"{""1"": 11, ""2"": 15, ""3"": 12, ""4"": 13, ""5"": 11, ""6"": 0, ""7"": 10, ""8"": 9, ""9"": 12, ""10"": 5, ""11"": 9}"
1131,1131,True,,mpeg4\random\mappings\sample_1131_seed_1131.csv,5.787666602039103,327.28980550191,1.3855106380574191,1,0.0001216978,0.009513854166666875,448000.0,76000.0,1.913516625092514,0.0011309658917207587,True,vec,16,"{""1"": 0, ""2"": 1, ""3"": 0, ""4"": 1, ""5"": 0, ""6"": 7, ""7"": 14, ""8"": 11, ""9"": 6, ""10"": 15, ""11"": 12}"
1132,1132,True,,mpeg4\random\mappings\sample_1132_seed_1132.csv,5.900814623737668,327.27289264135,1.3693829734288319,1,0.0001225788,0.014398500000000002,660000.0,104000.0,0.9617883281708286,0.0011365425054044396,True,vec,16,"{""1"": 5, ""2"": 3, ""3"": 12, ""4"": 13, ""5"": 4, ""6"": 0, ""7"": 3, ""8"": 10, ""9"": 10, ""10"": 2, ""11"": 11}"
1133,1133,True,,mpeg4\random\mappings\sample_1133_seed_1133.csv,4.952017488229402,325.91533816124,1.163799994790077,0,0.0001216717,0.0,576000.0,84000.0,0.9179298813080782,0.0011293496005948345,True,vec,16,"{""1"": 13, ""2"": 14, ""3"": 4, ""4"": 15, ""5"": 15, ""6"": 5, ""7"": 0, ""8"": 8, ""9"": 12, ""10"": 3, ""11"": 6}"
1134,1134,True,,mpeg4\random\mappings\sample_1134_seed_1134.csv,4.740268752171905,326.10120167658,1.1144335642548142,0,0.0001226097,0.0,396000.0,52000.0,1.54510567144541,0.001134086168803587,True,vec,16,"{""1"": 1, ""2"": 7, ""3"": 5, ""4"": 11, ""5"": 2, ""6"": 6, ""7"": 14, ""8"": 11, ""9"": 7, ""10"": 2, ""11"": 5}"
1135,1135,True,,mpeg4\random\mappings\sample_1135_seed_1135.csv,5.185208723752071,326.81481047822,1.1509730736840087,0,0.000122235,0.0,728000.0,72000.0,1.176694717798306,0.0011332674974855513,True,vec,16,"{""1"": 14, ""2"": 4, ""3"": 8, ""4"": 15, ""5"": 10, ""6"": 0, ""7"": 14, ""8"": 6, ""9"": 5, ""10"": 15, ""11"": 6}"
1136,1136,True,,mpeg4\random\mappings\sample_1136_seed_1136.csv,5.460085276851727,326.01964199068,1.0634999968278827,0,0.0001399703,0.0,444000.0,80000.0,2.3608727830925686,0.0012265238958376913,True,vec,16,"{""1"": 1, ""2"": 1, ""3"": 10, ""4"": 10, ""5"": 10, ""6"": 3, ""7"": 3, ""8"": 9, ""9"": 5, ""10"": 15, ""11"": 11}"
1137,1137,True,,mpeg4\random\mappings\sample_1137_seed_1137.csv,4.8027319962655195,325.83102123834,1.1996888314633463,0,0.0001215536,0.0,488000.0,60000.0,1.2249390093473316,0.0011285350248447757,True,vec,16,"{""1"": 12, ""2"": 6, ""3"": 6, ""4"": 12, ""5"": 0, ""6"": 2, ""7"": 1, ""8"": 8, ""9"": 7, ""10"": 4, ""11"": 14}"
1138,1138,True,,mpeg4\random\mappings\sample_1138_seed_1138.csv,5.307963945825757,325.95206379654,1.1422805056341672,0,0.0001407368,0.0,388000.0,48000.0,2.6240234642690714,0.0012310139277076039,True,vec,16,"{""1"": 9, ""2"": 9, ""3"": 14, ""4"": 14, ""5"": 14, ""6"": 7, ""7"": 9, ""8"": 13, ""9"": 13, ""10"": 11, ""11"": 4}"
1139,1139,True,,mpeg4\random\mappings\sample_1139_seed_1139.csv,5.294115614356931,326.12582974422,1.2357519066899323,0,0.0001222276,0.0,656000.0,92000.0,1.2512540774649819,0.001133045821324382,True,vec,16,"{""1"": 3, ""2"": 15, ""3"": 2, ""4"": 6, ""5"": 14, ""6"": 3, ""7"": 7, ""8"": 4, ""9"": 4, ""10"": 13, ""11"": 7}"
1140,1140,True,,mpeg4\random\mappings\sample_1140_seed_1140.csv,4.904105626781011,325.86092381061,1.0826871931577138,0,0.0001217957,0.0,524000.0,72000.0,1.3828294180532332,0.001129385944437905,True,vec,16,"{""1"": 11, ""2"": 4, ""3"": 13, ""4"": 3, ""5"": 9, ""6"": 5, ""7"": 7, ""8"": 9, ""9"": 12, ""10"": 10, ""11"": 9}"
1141,1141,True,,mpeg4\random\mappings\sample_1141_seed_1141.csv,5.186632093107781,325.87566486394,1.2143246443334583,0,0.0001218428,0.0,628000.0,96000.0,1.0670486006414297,0.0011309513302667311,True,vec,16,"{""1"": 12, ""2"": 4, ""3"": 2, ""4"": 14, ""5"": 1, ""6"": 15, ""7"": 3, ""8"": 3, ""9"": 13, ""10"": 9, ""11"": 14}"
1142,1142,True,,mpeg4\random\mappings\sample_1142_seed_1142.csv,5.045994088891453,325.90398505238,1.1031762377837555,0,0.0001217428,0.0,508000.0,64000.0,1.9529892272689893,0.0011291048964890377,True,vec,16,"{""1"": 2, ""2"": 6, ""3"": 13, ""4"": 6, ""5"": 7, ""6"": 6, ""7"": 0, ""8"": 9, ""9"": 3, ""10"": 12, ""11"": 9}"
1143,1143,True,,mpeg4\random\mappings\sample_1143_seed_1143.csv,4.865335347117673,326.24499275261,1.2410573536482592,0,0.0001208796,0.0,400000.0,68000.0,1.2687974562100819,0.0011246807980350875,True,vec,16,"{""1"": 6, ""2"": 10, ""3"": 7, ""4"": 4, ""5"": 7, ""6"": 0, ""7"": 4, ""8"": 12, ""9"": 8, ""10"": 1, ""11"": 11}"
1144,1144,True,,mpeg4\random\mappings\sample_1144_seed_1144.csv,5.51181622438621,326.15229130817,1.232718081053253,0,0.000121758,0.0,584000.0,104000.0,1.8073791836846578,0.0011303795217056383,True,vec,16,"{""1"": 15, ""2"": 15, ""3"": 4, ""4"": 1, ""5"": 1, ""6"": 14, ""7"": 0, ""8"": 15, ""9"": 10, ""10"": 5, ""11"": 5}"
1145,1145,True,,mpeg4\random\mappings\sample_1145_seed_1145.csv,4.765824651616117,326.08519753028,1.1018059738583044,0,0.0001218796,0.0,340000.0,48000.0,1.917902469778789,0.0011291148649662582,True,vec,16,"{""1"": 6, ""2"": 9, ""3"": 10, ""4"": 9, ""5"": 5, ""6"": 1, ""7"": 0, ""8"": 10, ""9"": 8, ""10"": 10, ""11"": 5}"
1146,1146,True,,mpeg4\random\mappings\sample_1146_seed_1146.csv,6.192784981717259,327.27694679575,1.3735446524315311,2,0.0001219647,0.022502528409090936,464000.0,104000.0,1.352128505249308,0.0011323569239480686,True,vec,16,"{""1"": 14, ""2"": 15, ""3"": 13, ""4"": 12, ""5"": 0, ""6"": 13, ""7"": 15, ""8"": 2, ""9"": 9, ""10"": 10, ""11"": 11}"
1147,1147,True,,mpeg4\random\mappings\sample_1147_seed_1147.csv,5.529124170879051,325.58727443006,1.115670919214592,0,0.0001413216,0.0,568000.0,80000.0,2.1898248403278417,0.0012347652821668596,True,vec,16,"{""1"": 4, ""2"": 14, ""3"": 1, ""4"": 1, ""5"": 1, ""6"": 14, ""7"": 13, ""8"": 8, ""9"": 9, ""10"": 7, ""11"": 11}"
1148,1148,True,,mpeg4\random\mappings\sample_1148_seed_1148.csv,4.761901155127212,325.95825207056,1.1903441111999993,0,0.0001221607,0.0,472000.0,64000.0,1.0231901537786794,0.0011319213604951061,True,vec,16,"{""1"": 14, ""2"": 11, ""3"": 4, ""4"": 8, ""5"": 15, ""6"": 10, ""7"": 5, ""8"": 5, ""9"": 6, ""10"": 10, ""11"": 12}"
1149,1149,True,,mpeg4\random\mappings\sample_1149_seed_1149.csv,5.781522957997445,327.83520879671,1.289314666291217,2,0.0001214596,0.05043858134920651,396000.0,48000.0,1.2249390093473316,0.0011291208276527685,True,vec,16,"{""1"": 7, ""2"": 11, ""3"": 10, ""4"": 8, ""5"": 15, ""6"": 1, ""7"": 2, ""8"": 10, ""9"": 5, ""10"": 4, ""11"": 15}"
1150,1150,True,,mpeg4\random\mappings\sample_1150_seed_1150.csv,5.655644847932303,327.16933293672,1.3284062849709475,1,0.00012186,0.00043229166666666877,692000.0,72000.0,1.2687974562100819,0.001132216468044421,True,vec,16,"{""1"": 4, ""2"": 13, ""3"": 0, ""4"": 7, ""5"": 0, ""6"": 1, ""7"": 15, ""8"": 3, ""9"": 14, ""10"": 8, ""11"": 7}"
1151,1151,True,,mpeg4\random\mappings\sample_1151_seed_1151.csv,5.6874856564406615,327.19210573324,1.2825647242438676,1,0.000126709648,0.0018899999999999998,352000.0,80000.0,2.001233518818015,0.0011565075661604635,True,vec,16,"{""1"": 4, ""2"": 6, ""3"": 5, ""4"": 0, ""5"": 8, ""6"": 8, ""7"": 13, ""8"": 8, ""9"": 12, ""10"": 12, ""11"": 13}"
1152,1152,True,,mpeg4\random\mappings\sample_1152_seed_1152.csv,5.970499856273806,327.29872075625,1.3317552575731293,1,0.0001328456,0.0221412790697675,300000.0,68000.0,2.5406924152298456,0.001191157048747281,True,vec,16,"{""1"": 2, ""2"": 10, ""3"": 15, ""4"": 14, ""5"": 14, ""6"": 13, ""7"": 14, ""8"": 15, ""9"": 14, ""10"": 13, ""11"": 1}"
1153,1153,True,,mpeg4\random\mappings\sample_1153_seed_1153.csv,5.9264327678005335,326.27588527068,1.2241285012038103,0,0.000122756,0.0,728000.0,140000.0,1.728433979331707,0.0011364175255118496,True,vec,16,"{""1"": 2, ""2"": 13, ""3"": 15, ""4"": 2, ""5"": 2, ""6"": 0, ""7"": 11, ""8"": 13, ""9"": 6, ""10"": 10, ""11"": 7}"
1154,1154,True,,mpeg4\random\mappings\sample_1154_seed_1154.csv,5.052543396030874,325.9127093722,1.2558505691513724,0,0.0001219868,0.0,548000.0,64000.0,1.5187906033277596,0.001131063478871242,True,vec,16,"{""1"": 0, ""2"": 3, ""3"": 8, ""4"": 13, ""5"": 7, ""6"": 4, ""7"": 2, ""8"": 13, ""9"": 4, ""10"": 8, ""11"": 0}"
1155,1155,True,,mpeg4\random\mappings\sample_1155_seed_1155.csv,4.9327643985888106,326.17427569713,1.134672205834591,0,0.0001216996,0.0,352000.0,72000.0,1.7249253035826868,0.00112850256547882,True,vec,16,"{""1"": 6, ""2"": 9, ""3"": 2, ""4"": 0, ""5"": 1, ""6"": 6, ""7"": 7, ""8"": 6, ""9"": 5, ""10"": 8, ""11"": 7}"
1156,1156,True,,mpeg4\random\mappings\sample_1156_seed_1156.csv,6.306419431423398,327.21105663103,1.308480768504264,1,0.0001335878,0.0011065406976744376,768000.0,112000.0,1.6196650311120857,0.0011963758733155602,True,vec,16,"{""1"": 3, ""2"": 12, ""3"": 14, ""4"": 13, ""5"": 3, ""6"": 12, ""7"": 5, ""8"": 11, ""9"": 5, ""10"": 2, ""11"": 13}"
1157,1157,True,,mpeg4\random\mappings\sample_1157_seed_1157.csv,5.918491701182088,327.29658500495,1.3049537849131454,1,0.0001272464,0.0315445,472000.0,84000.0,1.6722951673473863,0.0011607907550074987,True,vec,16,"{""1"": 12, ""2"": 6, ""3"": 3, ""4"": 2, ""5"": 15, ""6"": 5, ""7"": 9, ""8"": 2, ""9"": 5, ""10"": 5, ""11"": 15}"
1158,1158,True,,mpeg4\random\mappings\sample_1158_seed_1158.csv,4.8816612872543095,325.66417199003,1.0792794276435171,0,0.0001277317,0.0,540000.0,72000.0,1.1363449466845756,0.0011618910663483367,True,vec,16,"{""1"": 9, ""2"": 2, ""3"": 8, ""4"": 11, ""5"": 6, ""6"": 15, ""7"": 9, ""8"": 2, ""9"": 10, ""10"": 10, ""11"": 13}"
1159,1159,True,,mpeg4\random\mappings\sample_1159_seed_1159.csv,5.294053264730641,327.45546121557,1.2161726262009998,1,0.000121878416,0.015502857142856876,392000.0,60000.0,1.2468682327787066,0.0011300766269335945,True,vec,16,"{""1"": 6, ""2"": 12, ""3"": 10, ""4"": 0, ""5"": 1, ""6"": 4, ""7"": 0, ""8"": 15, ""9"": 5, ""10"": 4, ""11"": 6}"
1160,1160,True,,mpeg4\random\mappings\sample_1160_seed_1160.csv,5.681339599663252,327.28609185802,1.1878700816145469,1,0.0001423923,0.023048,316000.0,56000.0,1.922288314465064,0.0012415511199039982,True,vec,16,"{""1"": 14, ""2"": 7, ""3"": 15, ""4"": 11, ""5"": 0, ""6"": 6, ""7"": 6, ""8"": 14, ""9"": 6, ""10"": 6, ""11"": 12}"
1161,1161,True,,mpeg4\random\mappings\sample_1161_seed_1161.csv,5.023536006918514,325.73509288807,1.2193468653430652,0,0.0001219076,0.0,540000.0,92000.0,0.9617883281708286,0.0011310372006687486,True,vec,16,"{""1"": 11, ""2"": 1, ""3"": 4, ""4"": 9, ""5"": 12, ""6"": 2, ""7"": 6, ""8"": 4, ""9"": 14, ""10"": 10, ""11"": 15}"
1162,1162,True,,mpeg4\random\mappings\sample_1162_seed_1162.csv,5.737320666643093,327.44710222958,1.2781522863705133,1,0.0001219056,0.04075763888888875,624000.0,72000.0,1.071434445327705,0.0011318161673382165,True,vec,16,"{""1"": 15, ""2"": 1, ""3"": 2, ""4"": 6, ""5"": 12, ""6"": 9, ""7"": 5, ""8"": 0, ""9"": 6, ""10"": 4, ""11"": 9}"
1163,1163,True,,mpeg4\random\mappings\sample_1163_seed_1163.csv,4.953525586308023,326.83314324445,1.2009334351709324,0,0.0001214838,0.0,532000.0,72000.0,0.9617883281708286,0.0011282922800223986,True,vec,16,"{""1"": 1, ""2"": 5, ""3"": 2, ""4"": 9, ""5"": 1, ""6"": 0, ""7"": 6, ""8"": 14, ""9"": 13, ""10"": 12, ""11"": 13}"
1164,1164,True,,mpeg4\random\mappings\sample_1164_seed_1164.csv,5.476814107906511,327.23783027531,1.1439928210760253,1,0.0001221028,0.0034625000000000003,572000.0,92000.0,0.9617883281708286,0.0011320189477733772,True,vec,16,"{""1"": 5, ""2"": 7, ""3"": 9, ""4"": 0, ""5"": 6, ""6"": 13, ""7"": 4, ""8"": 4, ""9"": 7, ""10"": 8, ""11"": 3}"
1165,1165,True,,mpeg4\random\mappings\sample_1165_seed_1165.csv,5.855418784885124,327.35225404645,1.2399741122170391,1,0.000121830264,0.0072078571428568754,464000.0,88000.0,2.1240371700337164,0.001130247266594501,True,vec,16,"{""1"": 4, ""2"": 8, ""3"": 7, ""4"": 0, ""5"": 7, ""6"": 10, ""7"": 0, ""8"": 4, ""9"": 4, ""10"": 5, ""11"": 10}"
1166,1166,True,,mpeg4\random\mappings\sample_1166_seed_1166.csv,4.935290756893915,326.15982456561,1.1811987760311613,0,0.0001221389,0.0,668000.0,72000.0,0.7644253172884515,0.0011325120561314946,True,vec,16,"{""1"": 1, ""2"": 8, ""3"": 10, ""4"": 7, ""5"": 11, ""6"": 2, ""7"": 15, ""8"": 0, ""9"": 9, ""10"": 12, ""11"": 15}"
1167,1167,True,,mpeg4\random\mappings\sample_1167_seed_1167.csv,5.724896203289851,327.28151550455,1.2684616094792236,1,0.0001223778,0.022007187499999997,684000.0,72000.0,1.2249390093473316,0.0011346694537179112,True,vec,16,"{""1"": 7, ""2"": 13, ""3"": 2, ""4"": 3, ""5"": 9, ""6"": 0, ""7"": 9, ""8"": 2, ""9"": 12, ""10"": 11, ""11"": 6}"
1168,1168,True,,mpeg4\random\mappings\sample_1168_seed_1168.csv,5.536780110845386,326.19615889112,1.2484360574304825,0,0.0001216276,0.0,572000.0,108000.0,1.7775554398179874,0.0011295727772021196,True,vec,16,"{""1"": 3, ""2"": 7, ""3"": 8, ""4"": 11, ""5"": 0, ""6"": 3, ""7"": 7, ""8"": 0, ""9"": 14, ""10"": 5, ""11"": 8}"
1169,1169,True,,mpeg4\random\mappings\sample_1169_seed_1169.csv,6.142845929493263,326.75057513093,1.2246358884777857,0,0.0001329229,0.0,648000.0,132000.0,2.2424549765631423,0.0011916173143344377,True,vec,16,"{""1"": 0, ""2"": 3, ""3"": 11, ""4"": 11, ""5"": 1, ""6"": 3, ""7"": 9, ""8"": 11, ""9"": 9, ""10"": 7, ""11"": 6}"
1170,1170,True,,mpeg4\random\mappings\sample_1170_seed_1170.csv,4.663663015739238,325.81842195854,1.234638449094413,0,0.0001216167,0.0,436000.0,60000.0,0.8960006578767029,0.0011292300735405692,True,vec,16,"{""1"": 1, ""2"": 5, ""3"": 13, ""4"": 2, ""5"": 12, ""6"": 15, ""7"": 13, ""8"": 4, ""9"": 6, ""10"": 11, ""11"": 7}"
1171,1171,True,,mpeg4\random\mappings\sample_1171_seed_1171.csv,5.606104232990295,327.23710887621,1.2572400052090116,2,0.0001217607,0.002764107142857125,424000.0,48000.0,1.645980099229736,0.001130162013144413,True,vec,16,"{""1"": 12, ""2"": 13, ""3"": 6, ""4"": 13, ""5"": 0, ""6"": 10, ""7"": 13, ""8"": 4, ""9"": 15, ""10"": 14, ""11"": 0}"
1172,1172,True,,mpeg4\random\mappings\sample_1172_seed_1172.csv,5.003908407205246,325.90825296481,1.1972526720030356,0,0.0001214677,0.0,496000.0,72000.0,1.4880896905238343,0.0011281570496089967,True,vec,16,"{""1"": 15, ""2"": 8, ""3"": 5, ""4"": 1, ""5"": 5, ""6"": 2, ""7"": 7, ""8"": 6, ""9"": 0, ""10"": 2, ""11"": 1}"
1173,1173,True,,mpeg4\random\mappings\sample_1173_seed_1173.csv,4.948730226707728,326.04563007504,1.159638560534335,0,0.0001215937,0.0,448000.0,88000.0,1.1372221156218305,0.0011285125876349038,True,vec,16,"{""1"": 13, ""2"": 5, ""3"": 11, ""4"": 0, ""5"": 11, ""6"": 4, ""7"": 9, ""8"": 12, ""9"": 2, ""10"": 6, ""11"": 6}"
1174,1174,True,,mpeg4\random\mappings\sample_1174_seed_1174.csv,5.222545763296371,325.8583543216,1.146500121987357,0,0.0001325877,0.0,700000.0,88000.0,0.9354732600531783,0.0011892885689104174,True,vec,16,"{""1"": 7, ""2"": 13, ""3"": 8, ""4"": 3, ""5"": 6, ""6"": 15, ""7"": 10, ""8"": 9, ""9"": 0, ""10"": 10, ""11"": 9}"
1175,1175,True,,mpeg4\random\mappings\sample_1175_seed_1175.csv,4.813007245607286,326.559187662,1.192107253166389,0,0.0001223957,0.0,484000.0,48000.0,1.3038842137002824,0.0011334420613216274,True,vec,16,"{""1"": 13, ""2"": 11, ""3"": 0, ""4"": 7, ""5"": 9, ""6"": 2, ""7"": 7, ""8"": 9, ""9"": 11, ""10"": 10, ""11"": 14}"
1176,1176,True,,mpeg4\random\mappings\sample_1176_seed_1176.csv,5.583734287897701,327.44360439157,1.139174134088841,1,0.000121736122,0.0305925,376000.0,88000.0,1.4179161755434335,0.001129010724773946,True,vec,16,"{""1"": 7, ""2"": 4, ""3"": 4, ""4"": 11, ""5"": 6, ""6"": 9, ""7"": 12, ""8"": 2, ""9"": 13, ""10"": 9, ""11"": 2}"
1177,1177,True,,mpeg4\random\mappings\sample_1177_seed_1177.csv,4.573955662001407,326.0758036644,1.1513783463081755,0,0.0001215796,0.0,440000.0,52000.0,0.9179298813080782,0.00112816822513098,True,vec,16,"{""1"": 12, ""2"": 8, ""3"": 7, ""4"": 13, ""5"": 13, ""6"": 5, ""7"": 6, ""8"": 15, ""9"": 1, ""10"": 4, ""11"": 0}"
1178,1178,True,,mpeg4\random\mappings\sample_1178_seed_1178.csv,5.937715316952339,326.10737176089,1.215574017424633,0,0.0001215937,0.0,708000.0,144000.0,1.8345714207395631,0.00112944046384921,True,vec,16,"{""1"": 15, ""2"": 10, ""3"": 14, ""4"": 4, ""5"": 4, ""6"": 15, ""7"": 13, ""8"": 8, ""9"": 4, ""10"": 6, ""11"": 8}"
1179,1179,True,,mpeg4\random\mappings\sample_1179_seed_1179.csv,5.945323112974924,327.3920642961,1.2042833297553217,1,0.0001217238,0.027088194444444377,728000.0,104000.0,1.0582769112688797,0.001131237746236384,True,vec,16,"{""1"": 1, ""2"": 3, ""3"": 4, ""4"": 14, ""5"": 7, ""6"": 8, ""7"": 11, ""8"": 7, ""9"": 2, ""10"": 14, ""11"": 15}"
1180,1180,True,,mpeg4\random\mappings\sample_1180_seed_1180.csv,5.153508272195435,327.18337538118,1.3634128999512167,1,0.0001209876,0.00046556372549019375,312000.0,40000.0,1.544228502508155,0.001125768562091551,True,vec,16,"{""1"": 12, ""2"": 12, ""3"": 11, ""4"": 14, ""5"": 3, ""6"": 6, ""7"": 10, ""8"": 12, ""9"": 9, ""10"": 11, ""11"": 8}"
1181,1181,True,,mpeg4\random\mappings\sample_1181_seed_1181.csv,5.303060789602146,326.44414744519,1.1661417759804464,0,0.0001276228,0.0,408000.0,64000.0,2.4485896768180697,0.0011610633815280131,True,vec,16,"{""1"": 11, ""2"": 2, ""3"": 10, ""4"": 1, ""5"": 1, ""6"": 1, ""7"": 10, ""8"": 11, ""9"": 8, ""10"": 8, ""11"": 7}"
1182,1182,True,,mpeg4\random\mappings\sample_1182_seed_1182.csv,5.510500814094792,326.39738132721,1.2033888867757672,0,0.0001224068,0.0,596000.0,120000.0,1.3784435733669582,0.001133774313649673,True,vec,16,"{""1"": 7, ""2"": 1, ""3"": 12, ""4"": 9, ""5"": 9, ""6"": 7, ""7"": 4, ""8"": 3, ""9"": 2, ""10"": 8, ""11"": 8}"
1183,1183,True,,mpeg4\random\mappings\sample_1183_seed_1183.csv,5.235665384484123,325.67949214916,1.3147661870255185,0,0.0001216888,0.0,424000.0,104000.0,1.4223020202297085,0.0011296528903326612,True,vec,16,"{""1"": 11, ""2"": 1, ""3"": 2, ""4"": 7, ""5"": 3, ""6"": 3, ""7"": 5, ""8"": 14, ""9"": 9, ""10"": 2, ""11"": 11}"
1184,1184,True,,mpeg4\random\mappings\sample_1184_seed_1184.csv,5.302627434184334,325.86838777418,1.1346203680874087,0,0.0001218588,0.0,400000.0,60000.0,3.0012061072887257,0.0011292298653945978,True,vec,16,"{""1"": 5, ""2"": 8, ""3"": 8, ""4"": 14, ""5"": 2, ""6"": 8, ""7"": 14, ""8"": 1, ""9"": 0, ""10"": 8, ""11"": 1}"
1185,1185,True,,mpeg4\random\mappings\sample_1185_seed_1185.csv,5.579671979410341,326.28231189572,1.2193580849137315,0,0.0001324316,0.0,516000.0,116000.0,1.5319481373865849,0.0011890408295540944,True,vec,16,"{""1"": 8, ""2"": 1, ""3"": 9, ""4"": 5, ""5"": 7, ""6"": 3, ""7"": 7, ""8"": 3, ""9"": 7, ""10"": 11, ""11"": 15}"
1186,1186,True,,mpeg4\random\mappings\sample_1186_seed_1186.csv,5.609454377908291,327.16936533849,1.2232926116357776,1,0.0001215859,7.8125e-05,588000.0,80000.0,1.4837038458375593,0.0011297797600456324,True,vec,16,"{""1"": 8, ""2"": 8, ""3"": 13, ""4"": 5, ""5"": 5, ""6"": 3, ""7"": 14, ""8"": 2, ""9"": 15, ""10"": 6, ""11"": 3}"
1187,1187,True,,mpeg4\random\mappings\sample_1187_seed_1187.csv,4.542869175070816,325.68181573737,1.103517873783688,0,0.0001217967,0.0,404000.0,60000.0,0.9617883281708286,0.0011292367272119554,True,vec,16,"{""1"": 10, ""2"": 6, ""3"": 1, ""4"": 11, ""5"": 9, ""6"": 15, ""7"": 7, ""8"": 8, ""9"": 14, ""10"": 6, ""11"": 8}"
1188,1188,True,,mpeg4\random\mappings\sample_1188_seed_1188.csv,6.61528495255398,327.27528185083,1.3386102659772137,2,0.0001231759,0.018382916666666874,740000.0,88000.0,2.2643841999945176,0.001139810019109215,True,vec,16,"{""1"": 2, ""2"": 15, ""3"": 2, ""4"": 3, ""5"": 12, ""6"": 2, ""7"": 13, ""8"": 12, ""9"": 4, ""10"": 3, ""11"": 14}"
1189,1189,True,,mpeg4\random\mappings\sample_1189_seed_1189.csv,5.572937859171526,327.38318708082,1.1668918051401698,1,0.0001218788,0.025248958333333123,420000.0,48000.0,2.2073682190729422,0.0011302343835598648,True,vec,16,"{""1"": 10, ""2"": 12, ""3"": 7, ""4"": 13, ""5"": 7, ""6"": 6, ""7"": 8, ""8"": 10, ""9"": 13, ""10"": 7, ""11"": 13}"
1190,1190,True,,mpeg4\random\mappings\sample_1190_seed_1190.csv,5.634424938522435,325.61404585842,1.0858804391305994,0,0.0001212382,0.0,552000.0,92000.0,3.0134864724102957,0.0011262049444765324,True,vec,16,"{""1"": 14, ""2"": 1, ""3"": 8, ""4"": 14, ""5"": 6, ""6"": 1, ""7"": 1, ""8"": 1, ""9"": 5, ""10"": 14, ""11"": 10}"
1191,1191,True,,mpeg4\random\mappings\sample_1191_seed_1191.csv,5.163931109544299,326.99847048638,1.2879797607679766,0,0.0001217237,0.0,548000.0,96000.0,0.7249527151119761,0.0011305367742165773,True,vec,16,"{""1"": 13, ""2"": 9, ""3"": 3, ""4"": 0, ""5"": 7, ""6"": 12, ""7"": 14, ""8"": 10, ""9"": 15, ""10"": 9, ""11"": 2}"
1192,1192,True,,mpeg4\random\mappings\sample_1192_seed_1192.csv,5.600806359320255,326.44541609979,1.061764827621046,0,0.0001215757,0.0,480000.0,148000.0,1.6407170856062059,0.001128215444954982,True,vec,16,"{""1"": 9, ""2"": 10, ""3"": 4, ""4"": 15, ""5"": 11, ""6"": 9, ""7"": 4, ""8"": 10, ""9"": 14, ""10"": 7, ""11"": 7}"
1193,1193,True,,mpeg4\random\mappings\sample_1193_seed_1193.csv,5.875750729929191,327.32552359868,1.280389353872115,1,0.0001222638,0.01267986111111125,472000.0,100000.0,1.7065047559003317,0.0011335876584218755,True,vec,16,"{""1"": 9, ""2"": 12, ""3"": 7, ""4"": 13, ""5"": 15, ""6"": 7, ""7"": 1, ""8"": 12, ""9"": 15, ""10"": 11, ""11"": 11}"
1194,1194,True,,mpeg4\random\mappings\sample_1194_seed_1194.csv,6.34237338931844,327.56566962292,1.371008866447677,2,0.0001223848,0.08816054166666876,460000.0,72000.0,1.374057728680683,0.001134831726803628,True,vec,16,"{""1"": 10, ""2"": 3, ""3"": 0, ""4"": 4, ""5"": 4, ""6"": 8, ""7"": 1, ""8"": 1, ""9"": 5, ""10"": 8, ""11"": 7}"
1195,1195,True,,mpeg4\random\mappings\sample_1195_seed_1195.csv,5.928844413099572,327.3341429489,1.2280559413328163,1,0.000122640855,0.014522916666666875,660000.0,88000.0,1.6898385460924865,0.0011352188889684073,True,vec,16,"{""1"": 9, ""2"": 15, ""3"": 2, ""4"": 4, ""5"": 15, ""6"": 14, ""7"": 0, ""8"": 9, ""9"": 5, ""10"": 4, ""11"": 4}"
1196,1196,True,,mpeg4\random\mappings\sample_1196_seed_1196.csv,5.722767477736965,327.22087284779,1.221457321039956,1,0.0001223599,0.0016455592105263125,620000.0,88000.0,1.474932156465009,0.0011340803347078248,True,vec,16,"{""1"": 5, ""2"": 8, ""3"": 7, ""4"": 1, ""5"": 15, ""6"": 11, ""7"": 1, ""8"": 15, ""9"": 2, ""10"": 9, ""11"": 11}"
1197,1197,True,,mpeg4\random\mappings\sample_1197_seed_1197.csv,5.191128631708843,325.72142040167,1.147022842641222,0,0.0001213061,0.0,428000.0,80000.0,2.194210685014117,0.0011265566814014426,True,vec,16,"{""1"": 7, ""2"": 13, ""3"": 13, ""4"": 6, ""5"": 7, ""6"": 11, ""7"": 11, ""8"": 2, ""9"": 13, ""10"": 9, ""11"": 6}"
1198,1198,True,,mpeg4\random\mappings\sample_1198_seed_1198.csv,5.743719636587451,327.37923116045,1.239772393694305,1,0.0001225157,0.024453472222222498,500000.0,96000.0,1.2249390093473316,0.0011343627590315437,True,vec,16,"{""1"": 10, ""2"": 12, ""3"": 5, ""4"": 13, ""5"": 15, ""6"": 11, ""7"": 3, ""8"": 5, ""9"": 2, ""10"": 9, ""11"": 13}"
1199,1199,True,,mpeg4\random\mappings\sample_1199_seed_1199.csv,5.224056304587327,326.98743544747,1.332035011442778,0,0.0001217678,0.0,564000.0,72000.0,1.2994983690140074,0.001130565824391435,True,vec,16,"{""1"": 2, ""2"": 7, ""3"": 12, ""4"": 9, ""5"": 7, ""6"": 3, ""7"": 0, ""8"": 13, ""9"": 3, ""10"": 4, ""11"": 2}"
1200,1200,True,,mpeg4\random\mappings\sample_1200_seed_1200.csv,5.5812294720459334,327.36829460245,1.166854687269297,1,0.0001213556,0.022196180555555625,580000.0,96000.0,0.7863545407198268,0.0011281038698534897,True,vec,16,"{""1"": 9, ""2"": 10, ""3"": 6, ""4"": 8, ""5"": 1, ""6"": 15, ""7"": 14, ""8"": 3, ""9"": 4, ""10"": 6, ""11"": 2}"
1201,1201,True,,mpeg4\random\mappings\sample_1201_seed_1201.csv,4.8518442026067685,326.18357399101,1.1611066490412398,0,0.0001218568,0.0,540000.0,76000.0,0.8302129875825772,0.0011305795283559823,True,vec,16,"{""1"": 6, ""2"": 5, ""3"": 12, ""4"": 14, ""5"": 1, ""6"": 13, ""7"": 1, ""8"": 11, ""9"": 3, ""10"": 9, ""11"": 4}"
1202,1202,True,,mpeg4\random\mappings\sample_1202_seed_1202.csv,5.053767667173675,326.36707083002,1.0590070717377527,0,0.0001223887,0.0,440000.0,72000.0,1.913516625092514,0.0011323142590881454,True,vec,16,"{""1"": 9, ""2"": 15, ""3"": 1, ""4"": 13, ""5"": 9, ""6"": 9, ""7"": 11, ""8"": 13, ""9"": 0, ""10"": 5, ""11"": 6}"
1203,1203,True,,mpeg4\random\mappings\sample_1203_seed_1203.csv,5.351612370492827,327.28866373128,1.1649584946095077,1,0.0001216827,0.017566041666666875,388000.0,64000.0,1.466160467092459,0.0011293044616777902,True,vec,16,"{""1"": 6, ""2"": 11, ""3"": 11, ""4"": 15, ""5"": 13, ""6"": 9, ""7"": 6, ""8"": 5, ""9"": 15, ""10"": 8, ""11"": 8}"
1204,1204,True,,mpeg4\random\mappings\sample_1204_seed_1204.csv,5.625764150114558,326.41737508741,1.3057405652549385,0,0.00012138,0.0,516000.0,96000.0,2.268770044680793,0.0011283769108783803,True,vec,16,"{""1"": 12, ""2"": 12, ""3"": 13, ""4"": 3, ""5"": 12, ""6"": 8, ""7"": 3, ""8"": 9, ""9"": 12, ""10"": 9, ""11"": 7}"
1205,1205,True,,mpeg4\random\mappings\sample_1205_seed_1205.csv,5.286417251417105,326.24247735065,1.2213488468107783,0,0.0001331088,0.0,580000.0,84000.0,1.2337106987198816,0.0011925615972053255,True,vec,16,"{""1"": 13, ""2"": 12, ""3"": 1, ""4"": 14, ""5"": 15, ""6"": 4, ""7"": 2, ""8"": 14, ""9"": 2, ""10"": 1, ""11"": 11}"
1206,1206,True,,mpeg4\random\mappings\sample_1206_seed_1206.csv,5.6272893521451826,327.48043182026,1.2109548189442165,1,0.0001218436,0.047245,556000.0,72000.0,0.9793317069159289,0.0011312984456094276,True,vec,16,"{""1"": 10, ""2"": 15, ""3"": 1, ""4"": 0, ""5"": 5, ""6"": 11, ""7"": 7, ""8"": 9, ""9"": 0, ""10"": 6, ""11"": 9}"
1207,1207,True,,mpeg4\random\mappings\sample_1207_seed_1207.csv,5.054060680289972,326.12529214152,1.1476391388694764,0,0.0001211157,0.0,508000.0,84000.0,1.3828294180532332,0.0011259636693991093,True,vec,16,"{""1"": 0, ""2"": 1, ""3"": 2, ""4"": 13, ""5"": 6, ""6"": 7, ""7"": 2, ""8"": 9, ""9"": 4, ""10"": 1, ""11"": 7}"
1208,1208,True,,mpeg4\random\mappings\sample_1208_seed_1208.csv,6.182153851324368,327.29100493975,1.4014221946022238,1,0.0001221759,0.015185174418604376,680000.0,88000.0,1.9924618294454648,0.0011344272510326959,True,vec,16,"{""1"": 0, ""2"": 2, ""3"": 12, ""4"": 8, ""5"": 15, ""6"": 15, ""7"": 5, ""8"": 12, ""9"": 13, ""10"": 10, ""11"": 15}"
1209,1209,True,,mpeg4\random\mappings\sample_1209_seed_1209.csv,5.008716546616213,326.14002210139,1.1689966906477236,0,0.0001217429,0.0,608000.0,72000.0,1.181080562484581,0.001130221372146995,True,vec,16,"{""1"": 0, ""2"": 9, ""3"": 10, ""4"": 4, ""5"": 1, ""6"": 11, ""7"": 12, ""8"": 10, ""9"": 11, ""10"": 6, ""11"": 14}"
1210,1210,True,,mpeg4\random\mappings\sample_1210_seed_1210.csv,5.612820094063098,327.1674929858,1.1129063997707866,1,0.0001335108,0.00020333333333333122,560000.0,72000.0,1.5758065842493352,0.0011940018289657306,True,vec,16,"{""1"": 2, ""2"": 15, ""3"": 13, ""4"": 2, ""5"": 2, ""6"": 5, ""7"": 11, ""8"": 1, ""9"": 11, ""10"": 8, ""11"": 0}"
1211,1211,True,,mpeg4\random\mappings\sample_1211_seed_1211.csv,5.917860976351334,327.32582646794,1.2226017978089736,1,0.0001225948,0.0176527777777775,524000.0,88000.0,1.9924618294454648,0.0011349228130585894,True,vec,16,"{""1"": 9, ""2"": 15, ""3"": 10, ""4"": 3, ""5"": 3, ""6"": 10, ""7"": 3, ""8"": 14, ""9"": 0, ""10"": 11, ""11"": 8}"
1212,1212,True,,mpeg4\random\mappings\sample_1212_seed_1212.csv,5.478920052117023,326.93765392592,1.1701175480943822,0,0.0001209777,0.0,380000.0,112000.0,2.01439105287684,0.0011245228639033375,True,vec,16,"{""1"": 9, ""2"": 9, ""3"": 4, ""4"": 10, ""5"": 13, ""6"": 9, ""7"": 1, ""8"": 12, ""9"": 0, ""10"": 12, ""11"": 4}"
1213,1213,True,,mpeg4\random\mappings\sample_1213_seed_1213.csv,5.707423441932602,327.32335563999,1.2341509840338205,1,0.0001227029,0.00240775,680000.0,84000.0,1.2775691455826321,0.0011356782962518906,True,vec,16,"{""1"": 15, ""2"": 4, ""3"": 6, ""4"": 4, ""5"": 15, ""6"": 2, ""7"": 8, ""8"": 10, ""9"": 9, ""10"": 12, ""11"": 12}"
1214,1214,True,,mpeg4\random\mappings\sample_1214_seed_1214.csv,5.978242608278122,327.26918428935,1.3942282881712167,2,0.0001228239,0.013451944444444437,660000.0,72000.0,1.0056467750335791,0.001138046000013197,True,vec,16,"{""1"": 8, ""2"": 3, ""3"": 13, ""4"": 12, ""5"": 15, ""6"": 11, ""7"": 1, ""8"": 2, ""9"": 15, ""10"": 14, ""11"": 12}"
1215,1215,True,,mpeg4\random\mappings\sample_1215_seed_1215.csv,5.000733221795114,326.92931058925,1.1833497124820167,0,0.0001218596,0.0,448000.0,68000.0,1.4091444861708835,0.0011303160150414847,True,vec,16,"{""1"": 14, ""2"": 12, ""3"": 1, ""4"": 12, ""5"": 13, ""6"": 10, ""7"": 14, ""8"": 3, ""9"": 15, ""10"": 5, ""11"": 10}"
1216,1216,True,,mpeg4\random\mappings\sample_1216_seed_1216.csv,5.417339995103941,326.88254973213,1.223547967708258,0,0.0001220836,0.0,360000.0,96000.0,2.115265480661166,0.001131401549407765,True,vec,16,"{""1"": 3, ""2"": 1, ""3"": 13, ""4"": 3, ""5"": 1, ""6"": 6, ""7"": 2, ""8"": 6, ""9"": 6, ""10"": 14, ""11"": 2}"
1217,1217,True,,mpeg4\random\mappings\sample_1217_seed_1217.csv,4.71801325191584,325.98630617818,1.143208257343855,0,0.0001217107,0.0,452000.0,72000.0,0.8828431238178778,0.0011290316915477975,True,vec,16,"{""1"": 1, ""2"": 5, ""3"": 15, ""4"": 5, ""5"": 10, ""6"": 4, ""7"": 12, ""8"": 6, ""9"": 2, ""10"": 0, ""11"": 14}"
1218,1218,True,,mpeg4\random\mappings\sample_1218_seed_1218.csv,5.1873170118389895,326.25425699404,1.2566863811372901,0,0.0001320557,0.0,536000.0,84000.0,1.0275759984649544,0.0011867566090625048,True,vec,16,"{""1"": 4, ""2"": 3, ""3"": 2, ""4"": 1, ""5"": 6, ""6"": 4, ""7"": 12, ""8"": 0, ""9"": 15, ""10"": 12, ""11"": 11}"
1219,1219,True,,mpeg4\random\mappings\sample_1219_seed_1219.csv,5.011779432152977,325.87285550148,1.244006364184849,0,0.0001216458,0.0,588000.0,72000.0,1.1635371837394808,0.001129884764882049,True,vec,16,"{""1"": 12, ""2"": 6, ""3"": 7, ""4"": 0, ""5"": 7, ""6"": 1, ""7"": 8, ""8"": 11, ""9"": 6, ""10"": 4, ""11"": 2}"
1220,1220,True,,mpeg4\random\mappings\sample_1220_seed_1220.csv,5.046683727558763,325.77387647891,1.180795301044465,0,0.0001214338,0.0,444000.0,96000.0,1.2863408349551821,0.0011276125023512982,True,vec,16,"{""1"": 8, ""2"": 9, ""3"": 7, ""4"": 8, ""5"": 15, ""6"": 11, ""7"": 5, ""8"": 3, ""9"": 11, ""10"": 13, ""11"": 9}"
1221,1221,True,,mpeg4\random\mappings\sample_1221_seed_1221.csv,5.008173286773954,326.40304988583,1.1291508512054,0,0.0001326637,0.0,496000.0,52000.0,1.5626490501905101,0.0011893099651662734,True,vec,16,"{""1"": 1, ""2"": 13, ""3"": 10, ""4"": 15, ""5"": 8, ""6"": 10, ""7"": 7, ""8"": 8, ""9"": 7, ""10"": 12, ""11"": 3}"
1222,1222,True,,mpeg4\random\mappings\sample_1222_seed_1222.csv,5.462358184505102,325.97605238431,1.2712443848721942,0,0.0001211645,0.0,612000.0,112000.0,1.4003727967983335,0.001127324745826292,True,vec,16,"{""1"": 15, ""2"": 13, ""3"": 15, ""4"": 9, ""5"": 7, ""6"": 12, ""7"": 12, ""8"": 0, ""9"": 7, ""10"": 6, ""11"": 10}"
1223,1223,True,,mpeg4\random\mappings\sample_1223_seed_1223.csv,4.794311017620406,326.57018950002,1.1456147576674618,0,0.0001216947,0.0,412000.0,64000.0,1.2073956306022313,0.0011291663767863532,True,vec,16,"{""1"": 14, ""2"": 15, ""3"": 7, ""4"": 8, ""5"": 14, ""6"": 5, ""7"": 0, ""8"": 6, ""9"": 6, ""10"": 7, ""11"": 10}"
1224,1224,True,,mpeg4\random\mappings\sample_1224_seed_1224.csv,5.471019554455745,326.22364326976,1.2255007892118353,0,0.0001219998,0.0,648000.0,96000.0,1.6854527014062115,0.0011315353584531267,True,vec,16,"{""1"": 3, ""2"": 4, ""3"": 13, ""4"": 13, ""5"": 11, ""6"": 1, ""7"": 8, ""8"": 12, ""9"": 10, ""10"": 1, ""11"": 1}"
1225,1225,True,,mpeg4\random\mappings\sample_1225_seed_1225.csv,5.933310757078176,327.37892696157,1.2974864600832525,1,0.0001214428,0.035779375,584000.0,72000.0,1.8082563526219129,0.0011292993156101145,True,vec,16,"{""1"": 12, ""2"": 10, ""3"": 1, ""4"": 0, ""5"": 4, ""6"": 4, ""7"": 10, ""8"": 15, ""9"": 3, ""10"": 12, ""11"": 10}"
1226,1226,True,,mpeg4\random\mappings\sample_1226_seed_1226.csv,5.1006414953176265,326.94730931914,1.2337036541557327,0,0.0001217217,0.0,424000.0,84000.0,1.2863408349551821,0.0011292575778149424,True,vec,16,"{""1"": 14, ""2"": 6, ""3"": 13, ""4"": 14, ""5"": 15, ""6"": 8, ""7"": 5, ""8"": 9, ""9"": 10, ""10"": 8, ""11"": 9}"
1227,1227,True,,mpeg4\random\mappings\sample_1227_seed_1227.csv,4.916865623609098,325.54485793359,1.153585038468201,0,0.0001216017,0.0,460000.0,48000.0,2.080178723170966,0.0011282855214376105,True,vec,16,"{""1"": 0, ""2"": 7, ""3"": 10, ""4"": 8, ""5"": 14, ""6"": 8, ""7"": 13, ""8"": 4, ""9"": 10, ""10"": 8, ""11"": 10}"
1228,1228,True,,mpeg4\random\mappings\sample_1228_seed_1228.csv,4.6610672954582615,325.81831097978,1.2116712731900317,0,0.0001215264,0.0,456000.0,48000.0,1.1591513390532058,0.0011282344432790097,True,vec,16,"{""1"": 3, ""2"": 10, ""3"": 13, ""4"": 11, ""5"": 14, ""6"": 1, ""7"": 1, ""8"": 5, ""9"": 2, ""10"": 12, ""11"": 11}"
1229,1229,True,,mpeg4\random\mappings\sample_1229_seed_1229.csv,4.769123219092306,325.95926016191,1.1039431929651902,0,0.0001217157,0.0,492000.0,56000.0,1.374057728680683,0.0011291391256176197,True,vec,16,"{""1"": 4, ""2"": 13, ""3"": 10, ""4"": 5, ""5"": 5, ""6"": 11, ""7"": 3, ""8"": 3, ""9"": 11, ""10"": 12, ""11"": 8}"
1230,1230,True,,mpeg4\random\mappings\sample_1230_seed_1230.csv,5.0557402499062905,326.91818454781,1.1738733255703988,0,0.0001226727,0.0,580000.0,56000.0,1.474932156465009,0.0011348845587897268,True,vec,16,"{""1"": 14, ""2"": 3, ""3"": 5, ""4"": 10, ""5"": 3, ""6"": 8, ""7"": 13, ""8"": 8, ""9"": 12, ""10"": 2, ""11"": 13}"
1231,1231,True,,mpeg4\random\mappings\sample_1231_seed_1231.csv,4.676207948743086,325.82312542676,1.1311391585038204,0,0.0001218777,0.0,408000.0,64000.0,1.1328362709355555,0.0011301146244121001,True,vec,16,"{""1"": 12, ""2"": 8, ""3"": 12, ""4"": 7, ""5"": 5, ""6"": 10, ""7"": 8, ""8"": 1, ""9"": 11, ""10"": 6, ""11"": 13}"
1232,1232,True,,mpeg4\random\mappings\sample_1232_seed_1232.csv,5.506113993018012,327.15516851585,1.3511550417675882,1,0.0001212076,9.285714285714376e-06,316000.0,64000.0,2.0275485869356653,0.0011262628742709307,True,vec,16,"{""1"": 4, ""2"": 9, ""3"": 1, ""4"": 9, ""5"": 3, ""6"": 0, ""7"": 4, ""8"": 12, ""9"": 0, ""10"": 9, ""11"": 4}"
1233,1233,True,,mpeg4\random\mappings\sample_1233_seed_1233.csv,5.791036433197134,325.95645240645,1.0777140688707034,0,0.000159672,0.0,604000.0,88000.0,1.9915846605082097,0.0013336084571449569,True,vec,16,"{""1"": 10, ""2"": 9, ""3"": 9, ""4"": 0, ""5"": 13, ""6"": 3, ""7"": 8, ""8"": 9, ""9"": 8, ""10"": 8, ""11"": 5}"
1234,1234,True,,mpeg4\random\mappings\sample_1234_seed_1234.csv,5.877019072006233,327.27531581974,1.364217212131486,1,0.000127935,0.004155921052631562,680000.0,72000.0,1.549491516131685,0.00116517816926199,True,vec,16,"{""1"": 14, ""2"": 3, ""3"": 1, ""4"": 2, ""5"": 3, ""6"": 11, ""7"": 7, ""8"": 0, ""9"": 0, ""10"": 0, ""11"": 2}"
1235,1235,True,,mpeg4\random\mappings\sample_1235_seed_1235.csv,5.144515786585289,326.27690810724,1.250732314728159,0,0.000122105,0.0,624000.0,72000.0,1.2907266796414572,0.0011324519416002822,True,vec,16,"{""1"": 13, ""2"": 15, ""3"": 11, ""4"": 13, ""5"": 6, ""6"": 3, ""7"": 13, ""8"": 12, ""9"": 8, ""10"": 14, ""11"": 4}"
1236,1236,True,,mpeg4\random\mappings\sample_1236_seed_1236.csv,4.936395218241491,326.4410694808,1.2765138055165361,0,0.0001213847,0.0,556000.0,72000.0,0.803897919464927,0.0011284198263305206,True,vec,16,"{""1"": 15, ""2"": 15, ""3"": 3, ""4"": 12, ""5"": 9, ""6"": 0, ""7"": 5, ""8"": 8, ""9"": 1, ""10"": 14, ""11"": 10}"
1237,1237,True,,mpeg4\random\mappings\sample_1237_seed_1237.csv,5.5829847319579855,326.39712949803,1.2442435512507808,0,0.0001276008,0.0,576000.0,104000.0,1.7293111482689618,0.0011623343369168754,True,vec,16,"{""1"": 4, ""2"": 12, ""3"": 7, ""4"": 11, ""5"": 11, ""6"": 12, ""7"": 13, ""8"": 9, ""9"": 5, ""10"": 5, ""11"": 7}"
1238,1238,True,,mpeg4\random\mappings\sample_1238_seed_1238.csv,5.883405803341509,327.35775259406,1.2582163716110373,1,0.0001215596,0.020157291666666875,600000.0,88000.0,1.5977358076807104,0.0011299734404640073,True,vec,16,"{""1"": 0, ""2"": 15, ""3"": 11, ""4"": 3, ""5"": 11, ""6"": 9, ""7"": 8, ""8"": 6, ""9"": 7, ""10"": 14, ""11"": 11}"
1239,1239,True,,mpeg4\random\mappings\sample_1239_seed_1239.csv,5.172351156179333,326.16746082615,1.2769606210988416,0,0.0001223529,0.0,688000.0,72000.0,1.1635371837394808,0.0011340862175695154,True,vec,16,"{""1"": 2, ""2"": 8, ""3"": 1, ""4"": 3, ""5"": 15, ""6"": 15, ""7"": 5, ""8"": 14, ""9"": 10, ""10"": 8, ""11"": 0}"
1240,1240,True,,mpeg4\random\mappings\sample_1240_seed_1240.csv,4.988010371849049,325.81721785394,1.2618175234014855,0,0.000121887,0.0,612000.0,64000.0,1.181080562484581,0.001131344883858292,True,vec,16,"{""1"": 14, ""2"": 11, ""3"": 13, ""4"": 8, ""5"": 15, ""6"": 3, ""7"": 8, ""8"": 1, ""9"": 14, ""10"": 3, ""11"": 12}"
1241,1241,True,,mpeg4\random\mappings\sample_1241_seed_1241.csv,5.600519227157754,326.84480501444,1.133945261439435,0,0.0001214678,0.0,504000.0,80000.0,2.834544009210274,0.0011281777832420471,True,vec,16,"{""1"": 15, ""2"": 6, ""3"": 6, ""4"": 15, ""5"": 6, ""6"": 9, ""7"": 15, ""8"": 9, ""9"": 1, ""10"": 14, ""11"": 8}"
1242,1242,True,,mpeg4\random\mappings\sample_1242_seed_1242.csv,4.607876949053692,325.94217936983,1.1780731005684748,0,0.0001212544,0.0,456000.0,48000.0,1.0538910665826047,0.0011267231500795196,True,vec,16,"{""1"": 2, ""2"": 10, ""3"": 13, ""4"": 0, ""5"": 15, ""6"": 5, ""7"": 5, ""8"": 12, ""9"": 10, ""10"": 1, ""11"": 3}"
1243,1243,True,,mpeg4\random\mappings\sample_1243_seed_1243.csv,5.081688185139698,326.0363051372,1.2140190767404309,0,0.0001224556,0.0,608000.0,88000.0,0.9354732600531783,0.0011340144216712886,True,vec,16,"{""1"": 11, ""2"": 0, ""3"": 9, ""4"": 5, ""5"": 3, ""6"": 1, ""7"": 0, ""8"": 13, ""9"": 8, ""10"": 11, ""11"": 14}"
1244,1244,True,,mpeg4\random\mappings\sample_1244_seed_1244.csv,5.535358754593019,325.99052084569,1.1815423540342898,0,0.0001219937,0.0,528000.0,120000.0,1.8170280419944629,0.0011311996914943933,True,vec,16,"{""1"": 8, ""2"": 3, ""3"": 11, ""4"": 8, ""5"": 14, ""6"": 11, ""7"": 9, ""8"": 15, ""9"": 11, ""10"": 6, ""11"": 12}"
1245,1245,True,,mpeg4\random\mappings\sample_1245_seed_1245.csv,4.830416556383673,325.45380804134,1.1047541021281482,0,0.0001217448,0.0,508000.0,68000.0,1.3828294180532332,0.0011293732620717217,True,vec,16,"{""1"": 5, ""2"": 1, ""3"": 11, ""4"": 14, ""5"": 5, ""6"": 1, ""7"": 13, ""8"": 4, ""9"": 4, ""10"": 7, ""11"": 10}"
1246,1246,True,,mpeg4\random\mappings\sample_1246_seed_1246.csv,4.758241650038246,326.24651543909,1.183690647471876,0,0.0001216977,0.0,320000.0,68000.0,1.2775691455826321,0.0011290192664360219,True,vec,16,"{""1"": 5, ""2"": 1, ""3"": 1, ""4"": 7, ""5"": 4, ""6"": 14, ""7"": 6, ""8"": 4, ""9"": 15, ""10"": 10, ""11"": 9}"
1247,1247,True,,mpeg4\random\mappings\sample_1247_seed_1247.csv,4.915973810432259,326.55855765782,1.2410406425606384,0,0.0001217196,0.0,512000.0,72000.0,0.8960006578767029,0.0011296635784493999,True,vec,16,"{""1"": 3, ""2"": 2, ""3"": 12, ""4"": 1, ""5"": 7, ""6"": 8, ""7"": 12, ""8"": 10, ""9"": 9, ""10"": 4, ""11"": 14}"
1248,1248,True,,mpeg4\random\mappings\sample_1248_seed_1248.csv,4.753694431732128,326.02332953798,1.1082371634254167,0,0.0001210621,0.0,412000.0,56000.0,1.5407198267591349,0.0011253364157561016,True,vec,16,"{""1"": 7, ""2"": 10, ""3"": 11, ""4"": 2, ""5"": 10, ""6"": 9, ""7"": 9, ""8"": 12, ""9"": 5, ""10"": 3, ""11"": 11}"
1249,1249,True,,mpeg4\random\mappings\sample_1249_seed_1249.csv,5.767297634411503,327.3834190237,1.2582222702042694,1,0.000121750637,0.023307083333333124,452000.0,88000.0,1.6056303281160056,0.0011297115813853095,True,vec,16,"{""1"": 7, ""2"": 5, ""3"": 13, ""4"": 8, ""5"": 14, ""6"": 8, ""7"": 0, ""8"": 5, ""9"": 4, ""10"": 5, ""11"": 12}"
1250,1250,True,,mpeg4\random\mappings\sample_1250_seed_1250.csv,5.840762464924398,327.38664577318,1.2872992294980454,1,0.0001232461,0.02622638888888875,640000.0,96000.0,0.9617883281708286,0.0011391551256885214,True,vec,16,"{""1"": 4, ""2"": 12, ""3"": 10, ""4"": 9, ""5"": 8, ""6"": 15, ""7"": 0, ""8"": 5, ""9"": 4, ""10"": 2, ""11"": 8}"
1251,1251,True,,mpeg4\random\mappings\sample_1251_seed_1251.csv,5.245466077710833,326.85631845735,1.249466741347692,0,0.0001224418,0.0,628000.0,72000.0,1.3828294180532332,0.0011346811298252478,True,vec,16,"{""1"": 0, ""2"": 10, ""3"": 13, ""4"": 14, ""5"": 10, ""6"": 4, ""7"": 10, ""8"": 11, ""9"": 12, ""10"": 6, ""11"": 7}"
1252,1252,True,,mpeg4\random\mappings\sample_1252_seed_1252.csv,5.396124454591226,327.178162611,1.088143602954008,1,0.0001219296,0.0005109375,432000.0,72000.0,1.7556262163866123,0.0011301813370990176,True,vec,16,"{""1"": 9, ""2"": 15, ""3"": 2, ""4"": 14, ""5"": 9, ""6"": 9, ""7"": 5, ""8"": 1, ""9"": 15, ""10"": 13, ""11"": 11}"
1253,1253,True,,mpeg4\random\mappings\sample_1253_seed_1253.csv,5.154774601694072,326.95232791141,1.1787147336537545,0,0.0001218887,0.0,528000.0,88000.0,1.181080562484581,0.0011304036374610244,True,vec,16,"{""1"": 6, ""2"": 5, ""3"": 0, ""4"": 15, ""5"": 11, ""6"": 4, ""7"": 1, ""8"": 13, ""9"": 0, ""10"": 13, ""11"": 5}"
1254,1254,True,,mpeg4\random\mappings\sample_1254_seed_1254.csv,5.974446143906225,327.19985203572,1.1411259907101166,1,0.0001284808,0.0007160416666666875,576000.0,112000.0,1.751240371700337,0.0011663397299386306,True,vec,16,"{""1"": 13, ""2"": 7, ""3"": 14, ""4"": 5, ""5"": 1, ""6"": 14, ""7"": 12, ""8"": 8, ""9"": 5, ""10"": 5, ""11"": 12}"
1255,1255,True,,mpeg4\random\mappings\sample_1255_seed_1255.csv,5.368463622512027,326.19177119471,1.2337337849397978,0,0.0001222989,0.0,612000.0,72000.0,2.01439105287684,0.001133181216029896,True,vec,16,"{""1"": 12, ""2"": 11, ""3"": 3, ""4"": 12, ""5"": 13, ""6"": 4, ""7"": 3, ""8"": 4, ""9"": 14, ""10"": 9, ""11"": 12}"
1256,1256,True,,mpeg4\random\mappings\sample_1256_seed_1256.csv,5.378947052766857,325.87577420073,1.1681008451815635,0,0.0001320619,0.0,636000.0,72000.0,1.8784298676023135,0.0011864884488601694,True,vec,16,"{""1"": 3, ""2"": 3, ""3"": 8, ""4"": 11, ""5"": 2, ""6"": 9, ""7"": 3, ""8"": 14, ""9"": 9, ""10"": 3, ""11"": 13}"
1257,1257,True,,mpeg4\random\mappings\sample_1257_seed_1257.csv,6.394151136815864,327.30033050196,1.3754740600155537,1,0.0001226099,0.01504125,676000.0,136000.0,1.5626490501905101,0.0011368859167670364,True,vec,16,"{""1"": 12, ""2"": 6, ""3"": 15, ""4"": 11, ""5"": 9, ""6"": 15, ""7"": 2, ""8"": 11, ""9"": 14, ""10"": 12, ""11"": 7}"
1258,1258,True,,mpeg4\random\mappings\sample_1258_seed_1258.csv,5.272775685820578,326.27339152428,1.157651970785011,0,0.0001228019,0.0,620000.0,96000.0,1.3038842137002824,0.0011361231513571657,True,vec,16,"{""1"": 4, ""2"": 11, ""3"": 5, ""4"": 10, ""5"": 11, ""6"": 13, ""7"": 2, ""8"": 14, ""9"": 14, ""10"": 6, ""11"": 10}"
1259,1259,True,,mpeg4\random\mappings\sample_1259_seed_1259.csv,5.7750962431534525,327.06406304353,1.1665112264604367,0,0.0001218236,0.0,588000.0,144000.0,1.5100189139552096,0.0011301902564682536,True,vec,16,"{""1"": 12, ""2"": 5, ""3"": 14, ""4"": 6, ""5"": 6, ""6"": 13, ""7"": 12, ""8"": 14, ""9"": 8, ""10"": 0, ""11"": 3}"
1260,1260,True,,mpeg4\random\mappings\sample_1260_seed_1260.csv,4.813628945847758,326.17942619239,1.1954692555055346,0,0.0001220636,0.0,516000.0,60000.0,1.0670486006414297,0.001131406674772802,True,vec,16,"{""1"": 2, ""2"": 4, ""3"": 15, ""4"": 13, ""5"": 3, ""6"": 5, ""7"": 4, ""8"": 10, ""9"": 1, ""10"": 6, ""11"": 13}"
1261,1261,True,,mpeg4\random\mappings\sample_1261_seed_1261.csv,4.626583674667504,326.35636857858,1.1506394947337515,0,0.0001227438,0.0,392000.0,48000.0,1.1635371837394808,0.0011348740763738282,True,vec,16,"{""1"": 2, ""2"": 10, ""3"": 0, ""4"": 7, ""5"": 6, ""6"": 6, ""7"": 13, ""8"": 3, ""9"": 10, ""10"": 11, ""11"": 1}"
1262,1262,True,,mpeg4\random\mappings\sample_1262_seed_1262.csv,5.077316851825894,325.95762853809,1.13497225239067,0,0.0001216237,0.0,504000.0,72000.0,1.7907129738768126,0.0011285858237723883,True,vec,16,"{""1"": 6, ""2"": 10, ""3"": 0, ""4"": 14, ""5"": 12, ""6"": 6, ""7"": 4, ""8"": 6, ""9"": 13, ""10"": 15, ""11"": 12}"
1263,1263,True,,mpeg4\random\mappings\sample_1263_seed_1263.csv,5.4984002058928345,327.24482958384,1.2230187653291782,1,0.0001210442,0.00239425,504000.0,80000.0,1.356514349935583,0.0011262182921022463,True,vec,16,"{""1"": 5, ""2"": 7, ""3"": 5, ""4"": 15, ""5"": 2, ""6"": 0, ""7"": 0, ""8"": 9, ""9"": 3, ""10"": 14, ""11"": 3}"
1264,1264,True,,mpeg4\random\mappings\sample_1264_seed_1264.csv,6.238714873229828,327.70504632725,1.361545460244821,2,0.0001222957,0.08379702272727249,532000.0,72000.0,0.9354732600531783,0.0011352946434680297,True,vec,16,"{""1"": 3, ""2"": 15, ""3"": 14, ""4"": 13, ""5"": 9, ""6"": 2, ""7"": 5, ""8"": 12, ""9"": 3, ""10"": 1, ""11"": 15}"
1265,1265,True,,mpeg4\random\mappings\sample_1265_seed_1265.csv,5.510586929752522,326.36734799766,1.1800642937149162,0,0.0001221127,0.0,704000.0,116000.0,1.2468682327787066,0.001132551258055961,True,vec,16,"{""1"": 0, ""2"": 3, ""3"": 13, ""4"": 1, ""5"": 2, ""6"": 13, ""7"": 5, ""8"": 11, ""9"": 14, ""10"": 0, ""11"": 10}"
1266,1266,True,,mpeg4\random\mappings\sample_1266_seed_1266.csv,4.787805541151254,325.6577562636,1.1292146703787143,0,0.0001229748,0.0,460000.0,48000.0,1.6854527014062115,0.0011361009380409246,True,vec,16,"{""1"": 6, ""2"": 9, ""3"": 2, ""4"": 14, ""5"": 12, ""6"": 2, ""7"": 4, ""8"": 5, ""9"": 7, ""10"": 2, ""11"": 7}"
1267,1267,True,,mpeg4\random\mappings\sample_1267_seed_1267.csv,5.1591081995805,326.0594917243,1.1797329176956923,0,0.0001216237,0.0,344000.0,88000.0,1.9661467613278145,0.0011281798846068836,True,vec,16,"{""1"": 2, ""2"": 9, ""3"": 9, ""4"": 5, ""5"": 4, ""6"": 4, ""7"": 9, ""8"": 6, ""9"": 0, ""10"": 8, ""11"": 13}"
1268,1268,True,,mpeg4\random\mappings\sample_1268_seed_1268.csv,4.950280404247668,326.08057203979,1.121844398551337,0,0.0001208037,0.0,420000.0,60000.0,1.9486033825827143,0.0011237659884073832,True,vec,16,"{""1"": 2, ""2"": 2, ""3"": 6, ""4"": 15, ""5"": 2, ""6"": 9, ""7"": 6, ""8"": 5, ""9"": 12, ""10"": 7, ""11"": 5}"
1269,1269,True,,mpeg4\random\mappings\sample_1269_seed_1269.csv,5.132379362980492,326.79951903271,1.1270448435847307,0,0.0001214516,0.0,508000.0,72000.0,1.7065047559003317,0.0011277252494881075,True,vec,16,"{""1"": 11, ""2"": 7, ""3"": 0, ""4"": 13, ""5"": 1, ""6"": 10, ""7"": 11, ""8"": 7, ""9"": 0, ""10"": 1, ""11"": 13}"
1270,1270,True,,mpeg4\random\mappings\sample_1270_seed_1270.csv,5.106460605200452,325.82259394556,1.1331407877542579,0,0.0001328528,0.0,552000.0,96000.0,0.8565280557002275,0.0011904832502415055,True,vec,16,"{""1"": 7, ""2"": 13, ""3"": 15, ""4"": 1, ""5"": 10, ""6"": 5, ""7"": 3, ""8"": 0, ""9"": 0, ""10"": 3, ""11"": 11}"
1271,1271,True,,mpeg4\random\mappings\sample_1271_seed_1271.csv,6.015620876227253,327.53647607167,1.3116857067405812,1,0.0001217677,0.02534174107142875,612000.0,88000.0,1.6801896877826814,0.0011315435388060155,True,vec,16,"{""1"": 11, ""2"": 3, ""3"": 10, ""4"": 2, ""5"": 3, ""6"": 8, ""7"": 0, ""8"": 3, ""9"": 5, ""10"": 7, ""11"": 0}"
1272,1272,True,,mpeg4\random\mappings\sample_1272_seed_1272.csv,5.5856136697217575,327.06743024101,1.2941703308655843,0,0.0001212844,0.0,592000.0,84000.0,2.0538636550533154,0.001127795671521009,True,vec,16,"{""1"": 7, ""2"": 0, ""3"": 12, ""4"": 7, ""5"": 13, ""6"": 0, ""7"": 0, ""8"": 5, ""9"": 14, ""10"": 4, ""11"": 13}"
1273,1273,True,,mpeg4\random\mappings\sample_1273_seed_1273.csv,5.357225087277142,325.88786729421,1.2423779045670218,0,0.0001232278,0.0,628000.0,92000.0,1.5275622927003099,0.001138905052082602,True,vec,16,"{""1"": 0, ""2"": 14, ""3"": 0, ""4"": 3, ""5"": 8, ""6"": 14, ""7"": 7, ""8"": 7, ""9"": 10, ""10"": 6, ""11"": 1}"
1274,1274,True,,mpeg4\random\mappings\sample_1274_seed_1274.csv,5.111060101486692,325.97467468585,1.2249117830614078,0,0.0001212996,0.0,540000.0,80000.0,1.4179161755434335,0.0011275038145241326,True,vec,16,"{""1"": 3, ""2"": 10, ""3"": 0, ""4"": 9, ""5"": 0, ""6"": 6, ""7"": 10, ""8"": 14, ""9"": 9, ""10"": 13, ""11"": 4}"
1275,1275,True,,mpeg4\random\mappings\sample_1275_seed_1275.csv,6.092516089853947,326.45985071708,1.196746888125894,0,0.0001223139,0.0,616000.0,160000.0,2.0714070337984154,0.0011332967807079297,True,vec,16,"{""1"": 8, ""2"": 10, ""3"": 15, ""4"": 8, ""5"": 0, ""6"": 8, ""7"": 2, ""8"": 2, ""9"": 14, ""10"": 1, ""11"": 10}"
1276,1276,True,,mpeg4\random\mappings\sample_1276_seed_1276.csv,5.069167003270364,326.04414610369,1.152653805452263,0,0.0001222097,0.0,528000.0,104000.0,0.8960006578767029,0.0011319656161051111,True,vec,16,"{""1"": 7, ""2"": 5, ""3"": 3, ""4"": 10, ""5"": 14, ""6"": 4, ""7"": 9, ""8"": 11, ""9"": 12, ""10"": 2, ""11"": 4}"
1277,1277,True,,mpeg4\random\mappings\sample_1277_seed_1277.csv,5.618375393970025,327.31724737543,1.1945410517945392,1,0.0001226417,0.015348611111111252,680000.0,72000.0,1.181080562484581,0.0011355323548472096,True,vec,16,"{""1"": 7, ""2"": 12, ""3"": 11, ""4"": 8, ""5"": 2, ""6"": 8, ""7"": 5, ""8"": 13, ""9"": 6, ""10"": 2, ""11"": 1}"
1278,1278,True,,mpeg4\random\mappings\sample_1278_seed_1278.csv,5.108201512351493,326.03278115042,1.2312465973052333,0,0.0001277797,0.0,564000.0,72000.0,1.2687974562100819,0.001163278686730094,True,vec,16,"{""1"": 1, ""2"": 3, ""3"": 15, ""4"": 2, ""5"": 2, ""6"": 12, ""7"": 10, ""8"": 5, ""9"": 14, ""10"": 14, ""11"": 14}"
1279,1279,True,,mpeg4\random\mappings\sample_1279_seed_1279.csv,5.233813425810936,326.82824895757,1.2980883542124768,0,0.0001220348,0.0,540000.0,64000.0,1.6845755324689564,0.0011323045031964472,True,vec,16,"{""1"": 15, ""2"": 11, ""3"": 3, ""4"": 1, ""5"": 12, ""6"": 10, ""7"": 3, ""8"": 11, ""9"": 7, ""10"": 12, ""11"": 10}"
1280,1280,True,,mpeg4\random\mappings\sample_1280_seed_1280.csv,5.501597076167853,326.07727226308,1.20839641240734,0,0.0001216939,0.0,460000.0,128000.0,1.650365943916011,0.0011295178654387777,True,vec,16,"{""1"": 11, ""2"": 10, ""3"": 13, ""4"": 10, ""5"": 13, ""6"": 11, ""7"": 12, ""8"": 14, ""9"": 9, ""10"": 3, ""11"": 0}"
1281,1281,True,,mpeg4\random\mappings\sample_1281_seed_1281.csv,4.906711362732762,326.2628888047,1.1392074430975194,0,0.0001217716,0.0,404000.0,80000.0,1.2907266796414572,0.0011292970620911977,True,vec,16,"{""1"": 7, ""2"": 5, ""3"": 7, ""4"": 9, ""5"": 8, ""6"": 14, ""7"": 10, ""8"": 15, ""9"": 6, ""10"": 15, ""11"": 5}"
1282,1282,True,,mpeg4\random\mappings\sample_1282_seed_1282.csv,5.252036989453391,327.19627525124,1.1461019192494402,1,0.0001220847,0.001234375,480000.0,60000.0,1.3389709711904827,0.001131441008290045,True,vec,16,"{""1"": 1, ""2"": 4, ""3"": 14, ""4"": 4, ""5"": 0, ""6"": 10, ""7"": 7, ""8"": 6, ""9"": 14, ""10"": 15, ""11"": 6}"
1283,1283,True,,mpeg4\random\mappings\sample_1283_seed_1283.csv,5.506681265698586,325.93762142935,1.1560057735511693,0,0.0001338909,0.0,744000.0,88000.0,1.5319481373865849,0.0011968678455424805,True,vec,16,"{""1"": 10, ""2"": 0, ""3"": 14, ""4"": 3, ""5"": 1, ""6"": 12, ""7"": 1, ""8"": 12, ""9"": 1, ""10"": 9, ""11"": 7}"
1284,1284,True,,mpeg4\random\mappings\sample_1284_seed_1284.csv,5.109235732063319,326.19043428951,1.3106727754082752,0,0.0001215109,0.0,588000.0,80000.0,1.0231901537786794,0.0011293429052299454,True,vec,16,"{""1"": 15, ""2"": 15, ""3"": 0, ""4"": 8, ""5"": 2, ""6"": 1, ""7"": 12, ""8"": 4, ""9"": 3, ""10"": 1, ""11"": 5}"
1285,1285,True,,mpeg4\random\mappings\sample_1285_seed_1285.csv,4.936574196682284,326.01898926579,1.1323263312858094,0,0.0001213556,0.0,508000.0,56000.0,1.738082837641512,0.0011273570649839282,True,vec,16,"{""1"": 8, ""2"": 12, ""3"": 6, ""4"": 12, ""5"": 1, ""6"": 7, ""7"": 6, ""8"": 7, ""9"": 8, ""10"": 15, ""11"": 5}"
1286,1286,True,,mpeg4\random\mappings\sample_1286_seed_1286.csv,5.0329269103813346,326.28646310433,1.175591895237487,0,0.0001228479,0.0,616000.0,64000.0,1.3117787341355773,0.0011363271793053977,True,vec,16,"{""1"": 10, ""2"": 0, ""3"": 10, ""4"": 8, ""5"": 15, ""6"": 2, ""7"": 13, ""8"": 0, ""9"": 7, ""10"": 6, ""11"": 7}"
1287,1287,True,,mpeg4\random\mappings\sample_1287_seed_1287.csv,5.287353884851827,325.2063272744,1.1427843244356568,0,0.0001223619,0.0,576000.0,88000.0,2.013513883939585,0.001132842859844712,True,vec,16,"{""1"": 14, ""2"": 2, ""3"": 5, ""4"": 5, ""5"": 14, ""6"": 4, ""7"": 14, ""8"": 2, ""9"": 6, ""10"": 9, ""11"": 7}"
1288,1288,True,,mpeg4\random\mappings\sample_1288_seed_1288.csv,5.862292952636564,327.20025482585,1.272234125269676,1,0.0001216596,0.001861111111111125,652000.0,84000.0,1.7907129738768126,0.0011302504392921874,True,vec,16,"{""1"": 1, ""2"": 15, ""3"": 14, ""4"": 12, ""5"": 10, ""6"": 11, ""7"": 10, ""8"": 11, ""9"": 0, ""10"": 13, ""11"": 11}"
1289,1289,True,,mpeg4\random\mappings\sample_1289_seed_1289.csv,5.259454117456781,326.78233750018,1.2931402332876043,0,0.0001214282,0.0,528000.0,80000.0,1.474932156465009,0.0011286000742292217,True,vec,16,"{""1"": 15, ""2"": 6, ""3"": 0, ""4"": 5, ""5"": 12, ""6"": 4, ""7"": 4, ""8"": 12, ""9"": 15, ""10"": 11, ""11"": 11}"
1290,1290,True,,mpeg4\random\mappings\sample_1290_seed_1290.csv,5.126468779883687,326.78737632573,1.1893780742141833,0,0.0001329849,0.0,512000.0,72000.0,1.1459938049943805,0.0011910370416640512,True,vec,16,"{""1"": 11, ""2"": 9, ""3"": 8, ""4"": 9, ""5"": 14, ""6"": 6, ""7"": 12, ""8"": 7, ""9"": 12, ""10"": 13, ""11"": 13}"
1291,1291,True,,mpeg4\random\mappings\sample_1291_seed_1291.csv,5.716336988699128,326.19942707188,1.3118499438095617,0,0.0001217918,0.0,608000.0,120000.0,1.7731695951317124,0.0011310179869150302,True,vec,16,"{""1"": 12, ""2"": 4, ""3"": 12, ""4"": 14, ""5"": 1, ""6"": 12, ""7"": 0, ""8"": 13, ""9"": 6, ""10"": 15, ""11"": 5}"
1292,1292,True,,mpeg4\random\mappings\sample_1292_seed_1292.csv,5.513506328615368,327.15236745591,1.1627768986812062,1,0.0001325927,3.7499999999999997e-06,468000.0,84000.0,1.2030097859159563,0.0011888445772320695,True,vec,16,"{""1"": 13, ""2"": 4, ""3"": 0, ""4"": 6, ""5"": 9, ""6"": 8, ""7"": 5, ""8"": 15, ""9"": 9, ""10"": 5, ""11"": 0}"
1293,1293,True,,mpeg4\random\mappings\sample_1293_seed_1293.csv,5.0687892058576365,327.18365530709,1.0778267204867407,1,0.0001221978,0.00061,452000.0,60000.0,1.0538910665826047,0.001131842343291501,True,vec,16,"{""1"": 9, ""2"": 1, ""3"": 8, ""4"": 2, ""5"": 5, ""6"": 6, ""7"": 8, ""8"": 14, ""9"": 1, ""10"": 3, ""11"": 15}"
1294,1294,True,,mpeg4\random\mappings\sample_1294_seed_1294.csv,4.890794055343595,326.07959346727,1.1690457145334041,0,0.00012222,0.0,516000.0,64000.0,1.2775691455826321,0.0011324212594139745,True,vec,16,"{""1"": 11, ""2"": 7, ""3"": 9, ""4"": 7, ""5"": 2, ""6"": 1, ""7"": 15, ""8"": 1, ""9"": 0, ""10"": 10, ""11"": 6}"
1295,1295,True,,mpeg4\random\mappings\sample_1295_seed_1295.csv,5.110752376543045,326.19415887631,1.2860641151509207,0,0.0001215958,0.0,692000.0,60000.0,1.2468682327787066,0.0011301700940433634,True,vec,16,"{""1"": 3, ""2"": 15, ""3"": 6, ""4"": 2, ""5"": 13, ""6"": 12, ""7"": 10, ""8"": 4, ""9"": 11, ""10"": 12, ""11"": 12}"
1296,1296,True,,mpeg4\random\mappings\sample_1296_seed_1296.csv,5.156446582513426,326.76630698772,1.2570673758820607,0,0.0001217429,0.0,732000.0,60000.0,1.1547654943669308,0.0011310069863170926,True,vec,16,"{""1"": 15, ""2"": 11, ""3"": 14, ""4"": 12, ""5"": 2, ""6"": 3, ""7"": 4, ""8"": 1, ""9"": 15, ""10"": 14, ""11"": 1}"
1297,1297,True,,mpeg4\random\mappings\sample_1297_seed_1297.csv,5.689799445693772,326.95167125359,1.3325462443355842,0,0.0001219876,0.0,528000.0,112000.0,1.8170280419944629,0.0011318097135210377,True,vec,16,"{""1"": 14, ""2"": 9, ""3"": 12, ""4"": 4, ""5"": 3, ""6"": 14, ""7"": 15, ""8"": 13, ""9"": 14, ""10"": 4, ""11"": 4}"
1298,1298,True,,mpeg4\random\mappings\sample_1298_seed_1298.csv,5.664695240276258,327.26656194217,1.1114810218819782,1,0.0001217636,0.005646205357142875,528000.0,104000.0,1.3828294180532332,0.0011296214654989043,True,vec,16,"{""1"": 6, ""2"": 8, ""3"": 10, ""4"": 5, ""5"": 1, ""6"": 6, ""7"": 10, ""8"": 12, ""9"": 12, ""10"": 13, ""11"": 7}"
1299,1299,True,,mpeg4\random\mappings\sample_1299_seed_1299.csv,5.023982256414943,325.91546293753,1.136642717275768,0,0.0001208417,0.0,320000.0,80000.0,1.9924618294454648,0.0011240037728990123,True,vec,16,"{""1"": 10, ""2"": 14, ""3"": 10, ""4"": 9, ""5"": 11, ""6"": 11, ""7"": 9, ""8"": 4, ""9"": 11, ""10"": 3, ""11"": 5}"
1300,1300,True,,mpeg4\random\mappings\sample_1300_seed_1300.csv,5.678040192340338,326.51089843835,1.2619208444245287,0,0.0001219637,0.0,720000.0,88000.0,2.0933362572297907,0.0011319129305804826,True,vec,16,"{""1"": 11, ""2"": 9, ""3"": 0, ""4"": 11, ""5"": 12, ""6"": 3, ""7"": 11, ""8"": 12, ""9"": 4, ""10"": 9, ""11"": 0}"
1301,1301,True,,mpeg4\random\mappings\sample_1301_seed_1301.csv,5.794554042935629,326.51363763492,1.3183594243402488,0,0.0001223708,0.0,740000.0,104000.0,1.8696581782297634,0.0011350628237678149,True,vec,16,"{""1"": 13, ""2"": 15, ""3"": 0, ""4"": 8, ""5"": 15, ""6"": 3, ""7"": 15, ""8"": 10, ""9"": 10, ""10"": 1, ""11"": 3}"
1302,1302,True,,mpeg4\random\mappings\sample_1302_seed_1302.csv,5.925884776027931,327.39929364428,1.3892510879977482,1,0.0001217957,0.017143154761905,420000.0,76000.0,2.2161399084454922,0.0011313067714405082,True,vec,16,"{""1"": 15, ""2"": 3, ""3"": 7, ""4"": 3, ""5"": 15, ""6"": 3, ""7"": 6, ""8"": 14, ""9"": 11, ""10"": 13, ""11"": 14}"
1303,1303,True,,mpeg4\random\mappings\sample_1303_seed_1303.csv,5.339703670436384,326.28458424913,1.2475753738666866,0,0.0001221749,0.0,696000.0,88000.0,1.2907266796414572,0.0011330675509039255,True,vec,16,"{""1"": 11, ""2"": 9, ""3"": 3, ""4"": 4, ""5"": 0, ""6"": 7, ""7"": 0, ""8"": 8, ""9"": 13, ""10"": 10, ""11"": 0}"
1304,1304,True,,mpeg4\random\mappings\sample_1304_seed_1304.csv,4.888609216730099,326.17974669252,1.2149863824618128,0,0.0001212117,0.0,320000.0,48000.0,2.0670211891121406,0.0011263044000105163,True,vec,16,"{""1"": 12, ""2"": 8, ""3"": 9, ""4"": 8, ""5"": 1, ""6"": 9, ""7"": 14, ""8"": 0, ""9"": 11, ""10"": 9, ""11"": 14}"
1305,1305,True,,mpeg4\random\mappings\sample_1305_seed_1305.csv,5.370567794346304,327.28286250855,1.3497039406813744,1,0.0001221877,0.0046669407894736874,512000.0,48000.0,1.3301992818179327,0.001133026799603268,True,vec,16,"{""1"": 5, ""2"": 15, ""3"": 13, ""4"": 15, ""5"": 12, ""6"": 11, ""7"": 3, ""8"": 12, ""9"": 2, ""10"": 8, ""11"": 8}"
1306,1306,True,,mpeg4\random\mappings\sample_1306_seed_1306.csv,5.218462104700061,326.212075973,1.1951791434907202,0,0.0001214516,0.0,548000.0,72000.0,1.8696581782297634,0.0011282554195898929,True,vec,16,"{""1"": 15, ""2"": 3, ""3"": 15, ""4"": 5, ""5"": 10, ""6"": 11, ""7"": 15, ""8"": 5, ""9"": 13, ""10"": 9, ""11"": 9}"
1307,1307,True,,mpeg4\random\mappings\sample_1307_seed_1307.csv,4.8546272324148845,326.02105044042,1.2625973416000724,0,0.0001217128,0.0,544000.0,48000.0,1.2907266796414572,0.0011302468525794217,True,vec,16,"{""1"": 4, ""2"": 12, ""3"": 13, ""4"": 14, ""5"": 1, ""6"": 11, ""7"": 13, ""8"": 11, ""9"": 8, ""10"": 15, ""11"": 10}"
1308,1308,True,,mpeg4\random\mappings\sample_1308_seed_1308.csv,5.617510741416556,325.97323806967,1.1882705599019294,0,0.0001326057,0.0,608000.0,88000.0,2.176667306269017,0.0011901071254909672,True,vec,16,"{""1"": 15, ""2"": 5, ""3"": 3, ""4"": 15, ""5"": 5, ""6"": 10, ""7"": 15, ""8"": 4, ""9"": 7, ""10"": 15, ""11"": 7}"
1309,1309,True,,mpeg4\random\mappings\sample_1309_seed_1309.csv,5.4808062772840636,327.21760421064,1.343883255641041,1,0.0001218238,0.00020714285714285623,412000.0,56000.0,1.8477289547983882,0.0011311177558844343,True,vec,16,"{""1"": 15, ""2"": 15, ""3"": 0, ""4"": 15, ""5"": 5, ""6"": 11, ""7"": 13, ""8"": 10, ""9"": 14, ""10"": 15, ""11"": 7}"
1310,1310,True,,mpeg4\random\mappings\sample_1310_seed_1310.csv,5.301167542807484,326.23013122624,1.0797748707215435,0,0.0001326407,0.0,572000.0,96000.0,1.356514349935583,0.001188895700134365,True,vec,16,"{""1"": 7, ""2"": 8, ""3"": 9, ""4"": 7, ""5"": 14, ""6"": 5, ""7"": 8, ""8"": 0, ""9"": 8, ""10"": 1, ""11"": 13}"
1311,1311,True,,mpeg4\random\mappings\sample_1311_seed_1311.csv,5.065747826345503,326.34254514561,1.1773443224381768,0,0.0001216488,0.0,516000.0,84000.0,1.2459910638414518,0.001128792187708223,True,vec,16,"{""1"": 4, ""2"": 10, ""3"": 14, ""4"": 2, ""5"": 6, ""6"": 0, ""7"": 9, ""8"": 10, ""9"": 4, ""10"": 12, ""11"": 2}"
1312,1312,True,,mpeg4\random\mappings\sample_1312_seed_1312.csv,5.084138811600879,326.86531246997,1.2445299211682126,0,0.0001225199,0.0,552000.0,72000.0,1.1372221156218305,0.0011341253993938608,True,vec,16,"{""1"": 8, ""2"": 7, ""3"": 15, ""4"": 10, ""5"": 2, ""6"": 2, ""7"": 13, ""8"": 5, ""9"": 0, ""10"": 4, ""11"": 0}"
1313,1313,True,,mpeg4\random\mappings\sample_1313_seed_1313.csv,4.688249508020877,325.6722612048,1.0319089121587195,0,0.0001211102,0.0,440000.0,64000.0,1.369671883994408,0.0011252615604890432,True,vec,16,"{""1"": 13, ""2"": 6, ""3"": 9, ""4"": 11, ""5"": 10, ""6"": 5, ""7"": 5, ""8"": 11, ""9"": 15, ""10"": 6, ""11"": 8}"
1314,1314,True,,mpeg4\random\mappings\sample_1314_seed_1314.csv,4.857150752315888,325.82407625162,1.190571897291731,0,0.0001225938,0.0,400000.0,76000.0,1.2424823880924316,0.0011337204735558273,True,vec,16,"{""1"": 12, ""2"": 1, ""3"": 6, ""4"": 2, ""5"": 7, ""6"": 2, ""7"": 14, ""8"": 13, ""9"": 0, ""10"": 10, ""11"": 13}"
1315,1315,True,,mpeg4\random\mappings\sample_1315_seed_1315.csv,5.303342940764691,327.35483787539,1.3794200058714778,1,0.000121572,0.013878787878788126,412000.0,48000.0,1.1986239412296813,0.0011298513794943202,True,vec,16,"{""1"": 12, ""2"": 8, ""3"": 8, ""4"": 13, ""5"": 0, ""6"": 1, ""7"": 15, ""8"": 12, ""9"": 3, ""10"": 5, ""11"": 6}"
1316,1316,True,,mpeg4\random\mappings\sample_1316_seed_1316.csv,8.407723137811523,328.6906709502,1.3650974667196933,1,0.000121886,0.4477069444444437,572000.0,80000.0,1.5977358076807104,0.0011353687423931952,True,vec,16,"{""1"": 6, ""2"": 7, ""3"": 0, ""4"": 13, ""5"": 0, ""6"": 11, ""7"": 0, ""8"": 3, ""9"": 8, ""10"": 5, ""11"": 2}"
1317,1317,True,,mpeg4\random\mappings\sample_1317_seed_1317.csv,4.780700348955044,326.85122977766,1.1433885896032752,0,0.0001208957,0.0,464000.0,60000.0,1.0670486006414297,0.001124633820510507,True,vec,16,"{""1"": 10, ""2"": 10, ""3"": 15, ""4"": 2, ""5"": 4, ""6"": 6, ""7"": 4, ""8"": 3, ""9"": 11, ""10"": 0, ""11"": 5}"
1318,1318,True,,mpeg4\random\mappings\sample_1318_seed_1318.csv,5.040863908919222,326.34394673018,1.2790505657566202,0,0.0001225799,0.0,508000.0,72000.0,1.2117814752885063,0.0011350032194972326,True,vec,16,"{""1"": 8, ""2"": 14, ""3"": 13, ""4"": 14, ""5"": 2, ""6"": 4, ""7"": 11, ""8"": 10, ""9"": 9, ""10"": 8, ""11"": 11}"
1319,1319,True,,mpeg4\random\mappings\sample_1319_seed_1319.csv,5.13006467169552,326.33295335911,1.151120843897729,0,0.0001212576,0.0,592000.0,100000.0,0.9354732600531783,0.0011269981681106395,True,vec,16,"{""1"": 12, ""2"": 9, ""3"": 14, ""4"": 0, ""5"": 8, ""6"": 10, ""7"": 9, ""8"": 15, ""9"": 12, ""10"": 4, ""11"": 2}"
1320,1320,True,,mpeg4\random\mappings\sample_1320_seed_1320.csv,5.903644274303797,327.52499097216,1.3457190751009875,1,0.0001310799,0.0336690277777775,340000.0,64000.0,2.114388311723911,0.0011811070716539207,True,vec,16,"{""1"": 4, ""2"": 4, ""3"": 0, ""4"": 6, ""5"": 0, ""6"": 1, ""7"": 12, ""8"": 4, ""9"": 1, ""10"": 12, ""11"": 13}"
1321,1321,True,,mpeg4\random\mappings\sample_1321_seed_1321.csv,5.349903131277191,326.83810587329,1.0942120862198637,0,0.000122478,0.0,608000.0,104000.0,1.3556371809983279,0.0011335330141850647,True,vec,16,"{""1"": 14, ""2"": 7, ""3"": 4, ""4"": 13, ""5"": 6, ""6"": 14, ""7"": 0, ""8"": 7, ""9"": 1, ""10"": 13, ""11"": 9}"
1322,1322,True,,mpeg4\random\mappings\sample_1322_seed_1322.csv,5.046434289249651,325.849865763,1.1337837897575498,0,0.0001212329,0.0,496000.0,72000.0,1.7731695951317124,0.0011265174946778484,True,vec,16,"{""1"": 13, ""2"": 9, ""3"": 10, ""4"": 2, ""5"": 7, ""6"": 7, ""7"": 13, ""8"": 10, ""9"": 2, ""10"": 0, ""11"": 4}"
1323,1323,True,,mpeg4\random\mappings\sample_1323_seed_1323.csv,4.691028750046833,326.05965902338,1.1302488540715119,0,0.0001212557,0.0,500000.0,72000.0,0.6986376469943258,0.0011266373693784664,True,vec,16,"{""1"": 15, ""2"": 14, ""3"": 13, ""4"": 7, ""5"": 6, ""6"": 10, ""7"": 8, ""8"": 11, ""9"": 4, ""10"": 1, ""11"": 1}"
1324,1324,True,,mpeg4\random\mappings\sample_1324_seed_1324.csv,4.936916562584558,326.40263486623,1.148282739622261,0,0.0001213057,0.0,380000.0,72000.0,1.5758065842493352,0.001126941410698605,True,vec,16,"{""1"": 15, ""2"": 14, ""3"": 5, ""4"": 8, ""5"": 6, ""6"": 10, ""7"": 5, ""8"": 12, ""9"": 7, ""10"": 10, ""11"": 10}"
1325,1325,True,,mpeg4\random\mappings\sample_1325_seed_1325.csv,5.3221718261499635,325.90109116593,1.0730150633606694,0,0.0001220324,0.0,504000.0,64000.0,2.8038430964063483,0.0011303486158398962,True,vec,16,"{""1"": 6, ""2"": 8, ""3"": 14, ""4"": 5, ""5"": 1, ""6"": 14, ""7"": 14, ""8"": 7, ""9"": 1, ""10"": 12, ""11"": 14}"
1326,1326,True,,mpeg4\random\mappings\sample_1326_seed_1326.csv,6.065211190211967,327.26886115223,1.334403147820654,1,0.0001214998,0.007902430555555624,596000.0,80000.0,2.3608727830925686,0.0011297219077815023,True,vec,16,"{""1"": 15, ""2"": 3, ""3"": 7, ""4"": 15, ""5"": 6, ""6"": 15, ""7"": 3, ""8"": 0, ""9"": 9, ""10"": 15, ""11"": 4}"
1327,1327,True,,mpeg4\random\mappings\sample_1327_seed_1327.csv,4.957349564996739,326.36473666717,1.2375561372498236,0,0.0001228318,0.0,476000.0,72000.0,1.1372221156218305,0.0011361153988699395,True,vec,16,"{""1"": 7, ""2"": 10, ""3"": 3, ""4"": 11, ""5"": 0, ""6"": 6, ""7"": 13, ""8"": 3, ""9"": 11, ""10"": 9, ""11"": 1}"
1328,1328,True,,mpeg4\random\mappings\sample_1328_seed_1328.csv,5.465892991087387,326.96299675042,1.2140766883571565,0,0.0001219216,0.0,568000.0,108000.0,1.4223020202297085,0.0011308757785845674,True,vec,16,"{""1"": 4, ""2"": 14, ""3"": 9, ""4"": 13, ""5"": 7, ""6"": 5, ""7"": 9, ""8"": 10, ""9"": 14, ""10"": 12, ""11"": 14}"
1329,1329,True,,mpeg4\random\mappings\sample_1329_seed_1329.csv,4.958209664320405,326.12051329591,1.2131728009944411,0,0.0001228009,0.0,520000.0,56000.0,1.5100189139552096,0.0011353271413300742,True,vec,16,"{""1"": 12, ""2"": 15, ""3"": 2, ""4"": 13, ""5"": 10, ""6"": 0, ""7"": 13, ""8"": 4, ""9"": 0, ""10"": 9, ""11"": 13}"
1330,1330,True,,mpeg4\random\mappings\sample_1330_seed_1330.csv,5.648721185236343,327.38944520892,1.2207622991768174,1,0.0001324448,0.019815,500000.0,64000.0,1.4442312436610838,0.0011887790606700042,True,vec,16,"{""1"": 11, ""2"": 7, ""3"": 15, ""4"": 13, ""5"": 13, ""6"": 4, ""7"": 7, ""8"": 5, ""9"": 8, ""10"": 7, ""11"": 3}"
1331,1331,True,,mpeg4\random\mappings\sample_1331_seed_1331.csv,6.102089308541701,327.32723110016,1.3944446682198675,2,0.0001227789,0.0196471875,624000.0,80000.0,1.1591513390532058,0.0011378588728258661,True,vec,16,"{""1"": 15, ""2"": 12, ""3"": 15, ""4"": 11, ""5"": 13, ""6"": 8, ""7"": 2, ""8"": 7, ""9"": 3, ""10"": 6, ""11"": 11}"
1332,1332,True,,mpeg4\random\mappings\sample_1332_seed_1332.csv,5.277845068697703,326.13051274774,1.2050951484192338,0,0.0001222379,0.0,544000.0,88000.0,1.6635234779748362,0.0011325635590617672,True,vec,16,"{""1"": 1, ""2"": 12, ""3"": 6, ""4"": 0, ""5"": 7, ""6"": 7, ""7"": 0, ""8"": 5, ""9"": 5, ""10"": 11, ""11"": 12}"
1333,1333,True,,mpeg4\random\mappings\sample_1333_seed_1333.csv,5.109640146142274,326.43176598309,1.2547537188725717,0,0.0001322497,0.0,484000.0,64000.0,1.3433568158767577,0.0011875541041722882,True,vec,16,"{""1"": 15, ""2"": 11, ""3"": 15, ""4"": 8, ""5"": 2, ""6"": 4, ""7"": 12, ""8"": 2, ""9"": 12, ""10"": 6, ""11"": 7}"
1334,1334,True,,mpeg4\random\mappings\sample_1334_seed_1334.csv,5.065459004462255,326.17412192723,1.1114153835261056,0,0.0001218088,0.0,568000.0,88000.0,1.2030097859159563,0.0011298890467248905,True,vec,16,"{""1"": 14, ""2"": 2, ""3"": 5, ""4"": 13, ""5"": 10, ""6"": 7, ""7"": 9, ""8"": 0, ""9"": 14, ""10"": 10, ""11"": 14}"
1335,1335,True,,mpeg4\random\mappings\sample_1335_seed_1335.csv,5.10485348629414,325.86531501133,1.2134597703319385,0,0.000122343,0.0,592000.0,72000.0,1.461774622406184,0.0011333119198886602,True,vec,16,"{""1"": 2, ""2"": 4, ""3"": 11, ""4"": 11, ""5"": 8, ""6"": 15, ""7"": 4, ""8"": 9, ""9"": 15, ""10"": 6, ""11"": 1}"
1336,1336,True,,mpeg4\random\mappings\sample_1336_seed_1336.csv,5.323162766802818,325.94746224893,1.2021526614080913,0,0.0001218416,0.0,512000.0,68000.0,2.404731229955319,0.0011302988897103426,True,vec,16,"{""1"": 3, ""2"": 8, ""3"": 4, ""4"": 3, ""5"": 3, ""6"": 6, ""7"": 5, ""8"": 5, ""9"": 14, ""10"": 11, ""11"": 3}"
1337,1337,True,,mpeg4\random\mappings\sample_1337_seed_1337.csv,5.216105612968015,326.09460903513,1.1103516642911053,0,0.0001222117,0.0,552000.0,88000.0,1.6854527014062115,0.0011321636732283193,True,vec,16,"{""1"": 11, ""2"": 5, ""3"": 11, ""4"": 9, ""5"": 12, ""6"": 6, ""7"": 11, ""8"": 10, ""9"": 3, ""10"": 13, ""11"": 12}"
1338,1338,True,,mpeg4\random\mappings\sample_1338_seed_1338.csv,5.8638094523545385,327.26981449925,1.2914616899802045,1,0.0001213718,0.009594444444444374,536000.0,80000.0,2.02316274224939,0.0011287878995356274,True,vec,16,"{""1"": 11, ""2"": 8, ""3"": 8, ""4"": 3, ""5"": 8, ""6"": 0, ""7"": 6, ""8"": 15, ""9"": 3, ""10"": 14, ""11"": 14}"
1339,1339,True,,mpeg4\random\mappings\sample_1339_seed_1339.csv,5.493932114261324,325.25539321878,1.0838148111096395,0,0.0001219398,0.0,500000.0,92000.0,2.843315698582824,0.001130072513163172,True,vec,16,"{""1"": 6, ""2"": 8, ""3"": 11, ""4"": 6, ""5"": 6, ""6"": 13, ""7"": 6, ""8"": 1, ""9"": 13, ""10"": 11, ""11"": 1}"
1340,1340,True,,mpeg4\random\mappings\sample_1340_seed_1340.csv,5.584152108287098,326.70374427578,1.3186145487841459,0,0.0001215457,0.0,564000.0,84000.0,2.1722814615827417,0.0011290924544826427,True,vec,16,"{""1"": 11, ""2"": 5, ""3"": 3, ""4"": 3, ""5"": 11, ""6"": 8, ""7"": 13, ""8"": 8, ""9"": 8, ""10"": 0, ""11"": 0}"
1341,1341,True,,mpeg4\random\mappings\sample_1341_seed_1341.csv,4.5887341901857965,325.94749795373,1.1486938346499274,0,0.0001222627,0.0,476000.0,52000.0,0.8828431238178778,0.0011322446027377875,True,vec,16,"{""1"": 14, ""2"": 11, ""3"": 1, ""4"": 4, ""5"": 11, ""6"": 5, ""7"": 0, ""8"": 9, ""9"": 13, ""10"": 6, ""11"": 10}"
1342,1342,True,,mpeg4\random\mappings\sample_1342_seed_1342.csv,5.059136954329456,326.00457636301,1.148174277206926,0,0.0001217327,0.0,492000.0,64000.0,1.9047449357199637,0.001129657137926164,True,vec,16,"{""1"": 2, ""2"": 11, ""3"": 6, ""4"": 1, ""5"": 6, ""6"": 7, ""7"": 15, ""8"": 13, ""9"": 6, ""10"": 1, ""11"": 7}"
1343,1343,True,,mpeg4\random\mappings\sample_1343_seed_1343.csv,5.147014491841161,326.88247510191,1.143226078154133,0,0.0001215797,0.0,488000.0,84000.0,1.466160467092459,0.0011288856867777849,True,vec,16,"{""1"": 10, ""2"": 11, ""3"": 5, ""4"": 15, ""5"": 10, ""6"": 2, ""7"": 10, ""8"": 6, ""9"": 15, ""10"": 8, ""11"": 7}"
1344,1344,True,,mpeg4\random\mappings\sample_1344_seed_1344.csv,5.452810598878847,326.26500271347,1.1011331801433175,0,0.0001329656,0.0,520000.0,92000.0,1.9486033825827143,0.0011908177512227793,True,vec,16,"{""1"": 13, ""2"": 15, ""3"": 4, ""4"": 6, ""5"": 13, ""6"": 7, ""7"": 6, ""8"": 12, ""9"": 6, ""10"": 4, ""11"": 7}"
1345,1345,True,,mpeg4\random\mappings\sample_1345_seed_1345.csv,6.116205761747151,326.18800043019,1.2908725934669807,0,0.0001286108,0.0,628000.0,144000.0,2.1240371700337164,0.0011683359391136958,True,vec,16,"{""1"": 3, ""2"": 14, ""3"": 3, ""4"": 11, ""5"": 15, ""6"": 3, ""7"": 5, ""8"": 6, ""9"": 10, ""10"": 10, ""11"": 10}"
1346,1346,True,,mpeg4\random\mappings\sample_1346_seed_1346.csv,6.443909790771708,327.27802856321,1.26783468711811,2,0.0001217948,0.02034864583333331,548000.0,148000.0,1.1152928921904552,0.0011312722803916416,True,vec,16,"{""1"": 9, ""2"": 4, ""3"": 8, ""4"": 12, ""5"": 11, ""6"": 8, ""7"": 6, ""8"": 2, ""9"": 10, ""10"": 14, ""11"": 3}"
1347,1347,True,,mpeg4\random\mappings\sample_1347_seed_1347.csv,5.583576775676545,327.25224936222,1.2885290495874278,1,0.0001218839,0.006938928571428749,472000.0,56000.0,1.9793042953866395,0.001131044032970325,True,vec,16,"{""1"": 15, ""2"": 7, ""3"": 7, ""4"": 7, ""5"": 3, ""6"": 4, ""7"": 3, ""8"": 1, ""9"": 8, ""10"": 9, ""11"": 13}"
1348,1348,True,,mpeg4\random\mappings\sample_1348_seed_1348.csv,5.7974811171494265,327.2869123487,1.2579695454194588,1,0.0001322077,0.0119603125,504000.0,80000.0,1.5758065842493352,0.0011880387895111116,True,vec,16,"{""1"": 12, ""2"": 4, ""3"": 7, ""4"": 3, ""5"": 3, ""6"": 6, ""7"": 11, ""8"": 6, ""9"": 11, ""10"": 14, ""11"": 14}"
1349,1349,True,,mpeg4\random\mappings\sample_1349_seed_1349.csv,5.31653062726336,326.87061144238,1.2322343751841227,0,0.0001331187,0.0,568000.0,72000.0,1.4091444861708835,0.0011929256716077224,True,vec,16,"{""1"": 0, ""2"": 9, ""3"": 11, ""4"": 9, ""5"": 12, ""6"": 6, ""7"": 3, ""8"": 11, ""9"": 3, ""10"": 7, ""11"": 10}"
1350,1350,True,,mpeg4\random\mappings\sample_1350_seed_1350.csv,6.329752735741422,327.28309602294,1.2869724768719935,1,0.0001229768,0.022616874999999998,772000.0,96000.0,2.088950412543516,0.001138550108570821,True,vec,16,"{""1"": 15, ""2"": 0, ""3"": 7, ""4"": 3, ""5"": 9, ""6"": 15, ""7"": 9, ""8"": 7, ""9"": 7, ""10"": 0, ""11"": 5}"
1351,1351,True,,mpeg4\random\mappings\sample_1351_seed_1351.csv,5.803406087228714,327.32463445867,1.2321893640368091,1,0.0001230121,0.01717673611111125,792000.0,84000.0,1.0056467750335791,0.0011382699263932543,True,vec,16,"{""1"": 5, ""2"": 3, ""3"": 8, ""4"": 8, ""5"": 7, ""6"": 0, ""7"": 15, ""8"": 2, ""9"": 10, ""10"": 12, ""11"": 14}"
1352,1352,True,,mpeg4\random\mappings\sample_1352_seed_1352.csv,5.175550374647917,326.14362561482,1.1980269139934003,0,0.0001213517,0.0,584000.0,80000.0,1.4880896905238343,0.0011277605282936781,True,vec,16,"{""1"": 9, ""2"": 14, ""3"": 1, ""4"": 4, ""5"": 3, ""6"": 6, ""7"": 4, ""8"": 1, ""9"": 8, ""10"": 13, ""11"": 3}"
1353,1353,True,,mpeg4\random\mappings\sample_1353_seed_1353.csv,5.2833538854524615,326.94158217674,1.1523799314080487,0,0.0001218889,0.0,604000.0,96000.0,1.2205531646610563,0.001130465483901395,True,vec,16,"{""1"": 6, ""2"": 15, ""3"": 12, ""4"": 2, ""5"": 9, ""6"": 7, ""7"": 13, ""8"": 6, ""9"": 5, ""10"": 12, ""11"": 13}"
1354,1354,True,,mpeg4\random\mappings\sample_1354_seed_1354.csv,5.2491805814057,325.87023185663,1.237602226587146,0,0.000121279,0.0,528000.0,72000.0,2.02667141799841,0.001127458770910188,True,vec,16,"{""1"": 3, ""2"": 6, ""3"": 10, ""4"": 4, ""5"": 15, ""6"": 15, ""7"": 4, ""8"": 6, ""9"": 14, ""10"": 1, ""11"": 6}"
1355,1355,True,,mpeg4\random\mappings\sample_1355_seed_1355.csv,5.586057636094964,327.28372051188,1.2368745963265002,2,0.0001230139,0.026888229166666687,464000.0,64000.0,0.7249527151119761,0.0011374605682992504,True,vec,16,"{""1"": 11, ""2"": 4, ""3"": 1, ""4"": 0, ""5"": 9, ""6"": 6, ""7"": 12, ""8"": 7, ""9"": 10, ""10"": 4, ""11"": 3}"
1356,1356,True,,mpeg4\random\mappings\sample_1356_seed_1356.csv,5.304796623202266,326.03197101969,1.104453996110991,0,0.000123116,0.0,616000.0,80000.0,1.9442175378964393,0.0011375705384217112,True,vec,16,"{""1"": 7, ""2"": 0, ""3"": 5, ""4"": 10, ""5"": 10, ""6"": 0, ""7"": 11, ""8"": 10, ""9"": 6, ""10"": 8, ""11"": 3}"
1357,1357,True,,mpeg4\random\mappings\sample_1357_seed_1357.csv,5.352207898729494,326.24664105361,1.2347041292898027,0,0.0001217909,0.0,652000.0,104000.0,1.1372221156218305,0.001130724861979345,True,vec,16,"{""1"": 13, ""2"": 12, ""3"": 11, ""4"": 6, ""5"": 3, ""6"": 15, ""7"": 8, ""8"": 4, ""9"": 6, ""10"": 5, ""11"": 6}"
1358,1358,True,,mpeg4\random\mappings\sample_1358_seed_1358.csv,4.873447655305762,325.89205129908,1.2489160729172166,0,0.0001222948,0.0,568000.0,72000.0,0.7863545407198268,0.0011334163793489528,True,vec,16,"{""1"": 0, ""2"": 2, ""3"": 11, ""4"": 7, ""5"": 8, ""6"": 13, ""7"": 4, ""8"": 14, ""9"": 11, ""10"": 5, ""11"": 1}"
1359,1359,True,,mpeg4\random\mappings\sample_1359_seed_1359.csv,6.264956854209572,327.21437229968,1.2897776125052873,1,0.0001372219,0.001224784482758625,580000.0,108000.0,2.01439105287684,0.0012141226363555553,True,vec,16,"{""1"": 15, ""2"": 7, ""3"": 3, ""4"": 13, ""5"": 9, ""6"": 15, ""7"": 8, ""8"": 3, ""9"": 7, ""10"": 10, ""11"": 3}"
1360,1360,True,,mpeg4\random\mappings\sample_1360_seed_1360.csv,5.016832445022127,325.88467754339,1.152184305310012,0,0.0001274448,0.0,496000.0,72000.0,1.4223020202297085,0.0011610625076480918,True,vec,16,"{""1"": 6, ""2"": 14, ""3"": 2, ""4"": 1, ""5"": 2, ""6"": 8, ""7"": 9, ""8"": 7, ""9"": 11, ""10"": 11, ""11"": 8}"
1361,1361,True,,mpeg4\random\mappings\sample_1361_seed_1361.csv,5.438991677558811,325.8674899524,1.242910803710836,0,0.0001220837,0.0,648000.0,84000.0,1.931060003837614,0.001132193948001214,True,vec,16,"{""1"": 3, ""2"": 8, ""3"": 8, ""4"": 13, ""5"": 3, ""6"": 14, ""7"": 11, ""8"": 10, ""9"": 8, ""10"": 5, ""11"": 14}"
1362,1362,True,,mpeg4\random\mappings\sample_1362_seed_1362.csv,5.382460989549475,326.98042811413,1.187266808810221,0,0.0001215997,0.0,504000.0,96000.0,1.6942243907787615,0.0011286221461830432,True,vec,16,"{""1"": 1, ""2"": 7, ""3"": 2, ""4"": 0, ""5"": 5, ""6"": 2, ""7"": 0, ""8"": 5, ""9"": 4, ""10"": 10, ""11"": 8}"
1363,1363,True,,mpeg4\random\mappings\sample_1363_seed_1363.csv,5.46661010731872,327.16802992759,1.1497033712844278,1,0.0001322036,0.00037013888888888746,472000.0,80000.0,1.181080562484581,0.0011866307512519694,True,vec,16,"{""1"": 6, ""2"": 2, ""3"": 1, ""4"": 6, ""5"": 15, ""6"": 13, ""7"": 9, ""8"": 12, ""9"": 9, ""10"": 1, ""11"": 8}"
1364,1364,True,,mpeg4\random\mappings\sample_1364_seed_1364.csv,5.339223841934719,326.41591049101,1.2223681714176247,0,0.0001206663,0.0,484000.0,60000.0,2.562621638661221,0.0011237190823840217,True,vec,16,"{""1"": 5, ""2"": 5, ""3"": 15, ""4"": 10, ""5"": 9, ""6"": 15, ""7"": 15, ""8"": 12, ""9"": 5, ""10"": 3, ""11"": 10}"
1365,1365,True,,mpeg4\random\mappings\sample_1365_seed_1365.csv,5.473409640891997,326.79931693447,1.3082398413780876,0,0.0001228599,0.0,640000.0,88000.0,1.5100189139552096,0.0011371970061722215,True,vec,16,"{""1"": 15, ""2"": 8, ""3"": 15, ""4"": 7, ""5"": 4, ""6"": 4, ""7"": 3, ""8"": 14, ""9"": 12, ""10"": 7, ""11"": 9}"
1366,1366,True,,mpeg4\random\mappings\sample_1366_seed_1366.csv,4.942514743490393,325.73512071351,1.1499157482687352,0,0.0001215743,0.0,476000.0,88000.0,1.1591513390532058,0.001128333453443968,True,vec,16,"{""1"": 7, ""2"": 13, ""3"": 4, ""4"": 14, ""5"": 3, ""6"": 5, ""7"": 5, ""8"": 8, ""9"": 9, ""10"": 2, ""11"": 3}"
1367,1367,True,,mpeg4\random\mappings\sample_1367_seed_1367.csv,6.152387976363968,327.60968550132,1.2526325097465083,1,0.0001233919,0.05589308035714312,760000.0,96000.0,1.0538910665826047,0.0011412617225520848,True,vec,16,"{""1"": 13, ""2"": 3, ""3"": 14, ""4"": 12, ""5"": 4, ""6"": 11, ""7"": 1, ""8"": 2, ""9"": 10, ""10"": 3, ""11"": 11}"
1368,1368,True,,mpeg4\random\mappings\sample_1368_seed_1368.csv,5.000653694358698,326.27907887047,1.1845764656609319,0,0.0001209457,0.0,496000.0,72000.0,1.4135303308571585,0.0011251361843755505,True,vec,16,"{""1"": 6, ""2"": 6, ""3"": 14, ""4"": 12, ""5"": 8, ""6"": 2, ""7"": 5, ""8"": 7, ""9"": 12, ""10"": 9, ""11"": 6}"
1369,1369,True,,mpeg4\random\mappings\sample_1369_seed_1369.csv,5.203663431205544,325.82930642655,1.1816862985471663,0,0.0001263196,0.0,388000.0,76000.0,2.145966393465091,0.0011539768268866604,True,vec,16,"{""1"": 9, ""2"": 9, ""3"": 14, ""4"": 0, ""5"": 9, ""6"": 0, ""7"": 3, ""8"": 3, ""9"": 4, ""10"": 4, ""11"": 8}"
1370,1370,True,,mpeg4\random\mappings\sample_1370_seed_1370.csv,5.430394873320637,326.0569056119,1.2639454790417437,0,0.0001216997,0.0,608000.0,88000.0,1.8345714207395631,0.001130515724028838,True,vec,16,"{""1"": 8, ""2"": 3, ""3"": 3, ""4"": 15, ""5"": 4, ""6"": 1, ""7"": 3, ""8"": 12, ""9"": 10, ""10"": 15, ""11"": 10}"
1371,1371,True,,mpeg4\random\mappings\sample_1371_seed_1371.csv,5.222739362404202,326.05817058387,1.1434123483887018,0,0.0001220029,0.0,596000.0,108000.0,1.080206134700255,0.0011312382698206998,True,vec,16,"{""1"": 13, ""2"": 10, ""3"": 4, ""4"": 10, ""5"": 11, ""6"": 8, ""7"": 2, ""8"": 3, ""9"": 7, ""10"": 1, ""11"": 13}"
1372,1372,True,,mpeg4\random\mappings\sample_1372_seed_1372.csv,5.753485661838401,325.42169338804,1.1785247918104267,0,0.0001363367,0.0,524000.0,84000.0,2.939804281680875,0.0012078730247948558,True,vec,16,"{""1"": 3, ""2"": 8, ""3"": 8, ""4"": 13, ""5"": 8, ""6"": 11, ""7"": 9, ""8"": 11, ""9"": 10, ""10"": 2, ""11"": 8}"
1373,1373,True,,mpeg4\random\mappings\sample_1373_seed_1373.csv,5.149861367391232,326.08600146457,1.1924730402626442,0,0.0001218798,0.0,412000.0,72000.0,2.0714070337984154,0.001130486855862017,True,vec,16,"{""1"": 1, ""2"": 5, ""3"": 6, ""4"": 5, ""5"": 11, ""6"": 7, ""7"": 1, ""8"": 7, ""9"": 3, ""10"": 5, ""11"": 11}"
1374,1374,True,,mpeg4\random\mappings\sample_1374_seed_1374.csv,4.866079511614872,325.80821590058,1.2170515382267268,0,0.0001218404,0.0,472000.0,64000.0,1.3170417477591074,0.0011297268763088856,True,vec,16,"{""1"": 0, ""2"": 13, ""3"": 6, ""4"": 8, ""5"": 3, ""6"": 14, ""7"": 14, ""8"": 1, ""9"": 13, ""10"": 4, ""11"": 8}"
1375,1375,True,,mpeg4\random\mappings\sample_1375_seed_1375.csv,5.043482453629778,325.88832676453,1.2588216499349858,0,0.0001217238,0.0,584000.0,72000.0,1.2249390093473316,0.0011300182078475055,True,vec,16,"{""1"": 1, ""2"": 13, ""3"": 11, ""4"": 14, ""5"": 8, ""6"": 0, ""7"": 3, ""8"": 1, ""9"": 9, ""10"": 13, ""11"": 14}"
1376,1376,True,,mpeg4\random\mappings\sample_1376_seed_1376.csv,5.157653116316376,327.26780169207,1.2860528232248967,1,0.0001210276,0.0030426785714285625,372000.0,52000.0,1.2249390093473316,0.001125629551131787,True,vec,16,"{""1"": 14, ""2"": 14, ""3"": 11, ""4"": 10, ""5"": 15, ""6"": 6, ""7"": 2, ""8"": 8, ""9"": 0, ""10"": 8, ""11"": 15}"
1377,1377,True,,mpeg4\random\mappings\sample_1377_seed_1377.csv,6.013610684300197,326.18912876383,1.2263996045368102,0,0.0001216738,0.0,784000.0,132000.0,2.0626353444258654,0.0011311738234159486,True,vec,16,"{""1"": 4, ""2"": 0, ""3"": 15, ""4"": 13, ""5"": 6, ""6"": 4, ""7"": 13, ""8"": 15, ""9"": 15, ""10"": 3, ""11"": 3}"
1378,1378,True,,mpeg4\random\mappings\sample_1378_seed_1378.csv,4.650066303733538,326.28590700931,1.1119811392790702,0,0.0001212096,0.0,496000.0,72000.0,0.5670623064060744,0.0011261933992111586,True,vec,16,"{""1"": 0, ""2"": 5, ""3"": 4, ""4"": 6, ""5"": 2, ""6"": 10, ""7"": 9, ""8"": 14, ""9"": 1, ""10"": 13, ""11"": 12}"
1379,1379,True,,mpeg4\random\mappings\sample_1379_seed_1379.csv,5.043237500602953,325.80726472756,1.1500940799117552,0,0.0001221859,0.0,608000.0,80000.0,1.2249390093473316,0.0011320842462582206,True,vec,16,"{""1"": 8, ""2"": 7, ""3"": 10, ""4"": 10, ""5"": 6, ""6"": 12, ""7"": 1, ""8"": 14, ""9"": 3, ""10"": 12, ""11"": 5}"
1380,1380,True,,mpeg4\random\mappings\sample_1380_seed_1380.csv,5.476547729681501,327.27237519109,1.221768652275081,1,0.0001229018,0.014733,612000.0,56000.0,1.2775691455826321,0.0011374947459489187,True,vec,16,"{""1"": 15, ""2"": 2, ""3"": 12, ""4"": 8, ""5"": 5, ""6"": 6, ""7"": 8, ""8"": 5, ""9"": 7, ""10"": 11, ""11"": 7}"
1381,1381,True,,mpeg4\random\mappings\sample_1381_seed_1381.csv,4.817671987221433,326.40080655854,1.2512341340724256,0,0.0001221696,0.0,552000.0,64000.0,0.6986376469943258,0.0011325748207089727,True,vec,16,"{""1"": 2, ""2"": 13, ""3"": 6, ""4"": 3, ""5"": 10, ""6"": 0, ""7"": 1, ""8"": 7, ""9"": 8, ""10"": 2, ""11"": 11}"
1382,1382,True,,mpeg4\random\mappings\sample_1382_seed_1382.csv,4.951042198422791,326.08491050664,1.1867560235971282,0,0.0001216967,0.0,496000.0,80000.0,1.1196787368767303,0.0011294130157601205,True,vec,16,"{""1"": 13, ""2"": 5, ""3"": 10, ""4"": 7, ""5"": 12, ""6"": 4, ""7"": 1, ""8"": 10, ""9"": 5, ""10"": 9, ""11"": 3}"
1383,1383,True,,mpeg4\random\mappings\sample_1383_seed_1383.csv,5.345958606528365,327.04992854642,1.286621801324579,0,0.0001215616,0.0,580000.0,80000.0,1.5091417450179545,0.0011292568315484353,True,vec,16,"{""1"": 3, ""2"": 9, ""3"": 7, ""4"": 2, ""5"": 7, ""6"": 12, ""7"": 13, ""8"": 9, ""9"": 11, ""10"": 12, ""11"": 0}"
1384,1384,True,,mpeg4\random\mappings\sample_1384_seed_1384.csv,4.731012913769236,326.20449080851,1.2008253862452314,0,0.0001212076,0.0,572000.0,48000.0,0.9617883281708286,0.001127492859537862,True,vec,16,"{""1"": 9, ""2"": 1, ""3"": 4, ""4"": 3, ""5"": 5, ""6"": 12, ""7"": 8, ""8"": 15, ""9"": 9, ""10"": 7, ""11"": 3}"
1385,1385,True,,mpeg4\random\mappings\sample_1385_seed_1385.csv,5.823519707078162,327.27431113894,1.2414846501734742,1,0.0001324777,0.01520625,528000.0,96000.0,1.2030097859159563,0.0011894809580642997,True,vec,16,"{""1"": 4, ""2"": 0, ""3"": 15, ""4"": 11, ""5"": 2, ""6"": 5, ""7"": 7, ""8"": 6, ""9"": 2, ""10"": 7, ""11"": 5}"
1386,1386,True,,mpeg4\random\mappings\sample_1386_seed_1386.csv,5.592971068033346,327.27880522763,1.2714088359644864,1,0.0001216145,0.013248333333333126,428000.0,72000.0,1.7029960801513115,0.0011294010502450505,True,vec,16,"{""1"": 5, ""2"": 10, ""3"": 7, ""4"": 3, ""5"": 15, ""6"": 1, ""7"": 1, ""8"": 1, ""9"": 3, ""10"": 11, ""11"": 9}"
1387,1387,True,,mpeg4\random\mappings\sample_1387_seed_1387.csv,4.968938614786258,325.11387621462,1.1222593341225893,0,0.0001217208,0.0,424000.0,48000.0,2.5187631917984703,0.0011287697722560319,True,vec,16,"{""1"": 2, ""2"": 8, ""3"": 8, ""4"": 6, ""5"": 14, ""6"": 14, ""7"": 5, ""8"": 1, ""9"": 9, ""10"": 14, ""11"": 14}"
1388,1388,True,,mpeg4\random\mappings\sample_1388_seed_1388.csv,4.668802378283255,326.38040192965,1.1350722932843582,0,0.0001208337,0.0,412000.0,64000.0,0.9617883281708286,0.0011241307123256432,True,vec,16,"{""1"": 6, ""2"": 5, ""3"": 5, ""4"": 3, ""5"": 13, ""6"": 14, ""7"": 9, ""8"": 10, ""9"": 7, ""10"": 12, ""11"": 0}"
1389,1389,True,,mpeg4\random\mappings\sample_1389_seed_1389.csv,4.79169065849342,326.01626628782,1.1609956307063798,0,0.0001213076,0.0,532000.0,48000.0,1.3828294180532332,0.0011271419822268553,True,vec,16,"{""1"": 1, ""2"": 5, ""3"": 0, ""4"": 11, ""5"": 2, ""6"": 11, ""7"": 15, ""8"": 13, ""9"": 0, ""10"": 13, ""11"": 7}"
1390,1390,True,,mpeg4\random\mappings\sample_1390_seed_1390.csv,5.659043923610194,327.37908466265,1.2860200463007405,1,0.0001212557,0.017773784722222498,508000.0,72000.0,1.553000191880705,0.0011276082752100008,True,vec,16,"{""1"": 2, ""2"": 3, ""3"": 7, ""4"": 14, ""5"": 2, ""6"": 14, ""7"": 12, ""8"": 3, ""9"": 9, ""10"": 0, ""11"": 8}"
1391,1391,True,,mpeg4\random\mappings\sample_1391_seed_1391.csv,4.572235603641279,325.96124370781,1.0708725607489895,0,0.0001228699,0.0,464000.0,64000.0,0.7424960938570763,0.001135407249095391,True,vec,16,"{""1"": 4, ""2"": 11, ""3"": 9, ""4"": 7, ""5"": 13, ""6"": 10, ""7"": 0, ""8"": 5, ""9"": 7, ""10"": 15, ""11"": 12}"
1392,1392,True,,mpeg4\random\mappings\sample_1392_seed_1392.csv,5.447686097087405,326.37564423062,1.2159055797830023,0,0.0001323996,0.0,596000.0,96000.0,1.374057728680683,0.0011883414086902753,True,vec,16,"{""1"": 8, ""2"": 14, ""3"": 5, ""4"": 5, ""5"": 0, ""6"": 11, ""7"": 15, ""8"": 3, ""9"": 15, ""10"": 13, ""11"": 14}"
1393,1393,True,,mpeg4\random\mappings\sample_1393_seed_1393.csv,4.628566538681462,326.00784934869,1.1392966131680666,0,0.0001227899,0.0,508000.0,48000.0,0.9837175516022039,0.0011350805909838186,True,vec,16,"{""1"": 12, ""2"": 11, ""3"": 2, ""4"": 5, ""5"": 10, ""6"": 1, ""7"": 12, ""8"": 9, ""9"": 2, ""10"": 0, ""11"": 4}"
1394,1394,True,,mpeg4\random\mappings\sample_1394_seed_1394.csv,5.056843509028864,326.1608061455,1.1535309897649666,0,0.0001224436,0.0,496000.0,72000.0,1.6240508757983607,0.0011333143417099072,True,vec,16,"{""1"": 12, ""2"": 5, ""3"": 11, ""4"": 1, ""5"": 1, ""6"": 11, ""7"": 10, ""8"": 14, ""9"": 15, ""10"": 5, ""11"": 9}"
1395,1395,True,,mpeg4\random\mappings\sample_1395_seed_1395.csv,5.454524894404404,325.7468083132,1.1954377618855865,0,0.0001332769,0.0,736000.0,84000.0,1.4880896905238343,0.0011938342131830536,True,vec,16,"{""1"": 3, ""2"": 8, ""3"": 10, ""4"": 11, ""5"": 3, ""6"": 12, ""7"": 6, ""8"": 6, ""9"": 6, ""10"": 13, ""11"": 13}"
1396,1396,True,,mpeg4\random\mappings\sample_1396_seed_1396.csv,4.720458751804219,325.97436878207,1.1142409383528862,0,0.0001222016,0.0,436000.0,64000.0,1.1635371837394808,0.0011313755542076576,True,vec,16,"{""1"": 2, ""2"": 15, ""3"": 8, ""4"": 14, ""5"": 10, ""6"": 14, ""7"": 13, ""8"": 6, ""9"": 4, ""10"": 6, ""11"": 1}"
1397,1397,True,,mpeg4\random\mappings\sample_1397_seed_1397.csv,5.215101718845487,325.95009042149,1.1567945736349412,0,0.0001228338,0.0,492000.0,96000.0,1.5845782736218854,0.0011356725008181733,True,vec,16,"{""1"": 2, ""2"": 10, ""3"": 13, ""4"": 6, ""5"": 15, ""6"": 1, ""7"": 10, ""8"": 6, ""9"": 2, ""10"": 6, ""11"": 12}"
1398,1398,True,,mpeg4\random\mappings\sample_1398_seed_1398.csv,5.734210155503952,327.29708813993,1.210305247545223,1,0.0001199647,0.03549625,320000.0,72000.0,2.2292974425043175,0.0011194320961929345,True,vec,16,"{""1"": 10, ""2"": 10, ""3"": 11, ""4"": 15, ""5"": 6, ""6"": 6, ""7"": 6, ""8"": 11, ""9"": 4, ""10"": 8, ""11"": 1}"
1399,1399,True,,mpeg4\random\mappings\sample_1399_seed_1399.csv,5.545355534759205,327.28338259235,1.3085916298981424,1,0.0001220438,0.020681249999999998,660000.0,72000.0,0.7249527151119761,0.0011330459347089347,True,vec,16,"{""1"": 7, ""2"": 14, ""3"": 15, ""4"": 11, ""5"": 4, ""6"": 0, ""7"": 6, ""8"": 1, ""9"": 10, ""10"": 14, ""11"": 5}"
1400,1400,True,,mpeg4\random\mappings\sample_1400_seed_1400.csv,5.6580835879324685,327.28018868288,1.30853687273794,1,0.00012238,0.008439027777777499,588000.0,72000.0,1.4223020202297085,0.0011347114276122796,True,vec,16,"{""1"": 5, ""2"": 10, ""3"": 13, ""4"": 12, ""5"": 2, ""6"": 12, ""7"": 7, ""8"": 11, ""9"": 0, ""10"": 13, ""11"": 7}"
1401,1401,True,,mpeg4\random\mappings\sample_1401_seed_1401.csv,5.065148097790062,325.79043339273,1.2138538404740185,0,0.0001224116,0.0,512000.0,72000.0,1.5845782736218854,0.0011335889176628592,True,vec,16,"{""1"": 14, ""2"": 1, ""3"": 13, ""4"": 5, ""5"": 8, ""6"": 15, ""7"": 14, ""8"": 5, ""9"": 11, ""10"": 8, ""11"": 15}"
1402,1402,True,,mpeg4\random\mappings\sample_1402_seed_1402.csv,5.237284595656822,326.05740913822,1.2152456165100234,0,0.0001216478,0.0,504000.0,88000.0,1.6766810120336613,0.0011294548090337875,True,vec,16,"{""1"": 0, ""2"": 1, ""3"": 8, ""4"": 15, ""5"": 8, ""6"": 7, ""7"": 1, ""8"": 11, ""9"": 3, ""10"": 5, ""11"": 1}"
1403,1403,True,,mpeg4\random\mappings\sample_1403_seed_1403.csv,5.383998379629493,326.37832187465,1.2011675795183876,0,0.0001312387,0.0,304000.0,56000.0,2.957347660425975,0.0011807132409130522,True,vec,16,"{""1"": 10, ""2"": 14, ""3"": 12, ""4"": 12, ""5"": 9, ""6"": 9, ""7"": 9, ""8"": 4, ""9"": 9, ""10"": 12, ""11"": 5}"
1404,1404,True,,mpeg4\random\mappings\sample_1404_seed_1404.csv,5.360148084628502,325.87672187317,1.1708600161912541,0,0.0001218657,0.0,628000.0,108000.0,1.3828294180532332,0.0011304406403139535,True,vec,16,"{""1"": 3, ""2"": 4, ""3"": 14, ""4"": 5, ""5"": 4, ""6"": 7, ""7"": 5, ""8"": 3, ""9"": 13, ""10"": 1, ""11"": 8}"
1405,1405,True,,mpeg4\random\mappings\sample_1405_seed_1405.csv,5.265769401247095,325.83996034616,1.236035790950461,0,0.0001215997,0.0,496000.0,72000.0,2.1626326032729364,0.0011282940184757864,True,vec,16,"{""1"": 13, ""2"": 7, ""3"": 6, ""4"": 7, ""5"": 10, ""6"": 13, ""7"": 8, ""8"": 7, ""9"": 0, ""10"": 13, ""11"": 4}"
1406,1406,True,,mpeg4\random\mappings\sample_1406_seed_1406.csv,5.431727603734599,326.78804126834,1.2796785302614007,0,0.0001332089,0.0,688000.0,72000.0,1.3301992818179327,0.0011932068314399749,True,vec,16,"{""1"": 5, ""2"": 15, ""3"": 2, ""4"": 10, ""5"": 3, ""6"": 1, ""7"": 12, ""8"": 12, ""9"": 12, ""10"": 13, ""11"": 15}"
1407,1407,True,,mpeg4\random\mappings\sample_1407_seed_1407.csv,5.729023831829729,327.26959121871,1.2835616805743728,1,0.0001223618,0.009615625,696000.0,96000.0,0.8302129875825772,0.001134580283073507,True,vec,16,"{""1"": 2, ""2"": 14, ""3"": 12, ""4"": 0, ""5"": 2, ""6"": 15, ""7"": 9, ""8"": 3, ""9"": 6, ""10"": 4, ""11"": 7}"
1408,1408,True,,mpeg4\random\mappings\sample_1408_seed_1408.csv,5.101534713130715,325.99682382773,1.1919636600117474,0,0.0001217127,0.0,452000.0,64000.0,2.04070612099449,0.0011293926133936621,True,vec,16,"{""1"": 15, ""2"": 8, ""3"": 10, ""4"": 3, ""5"": 10, ""6"": 6, ""7"": 9, ""8"": 3, ""9"": 6, ""10"": 7, ""11"": 3}"
1409,1409,True,,mpeg4\random\mappings\sample_1409_seed_1409.csv,5.724477596532669,326.53221762351,1.2969699854834427,0,0.0001265937,0.0,572000.0,100000.0,2.110879635974891,0.0011568887550184408,True,vec,16,"{""1"": 1, ""2"": 1, ""3"": 12, ""4"": 10, ""5"": 13, ""6"": 12, ""7"": 15, ""8"": 15, ""9"": 9, ""10"": 9, ""11"": 15}"
1410,1410,True,,mpeg4\random\mappings\sample_1410_seed_1410.csv,5.205047991082752,326.01255432806,1.0600216946139511,0,0.0001222967,0.0,408000.0,100000.0,1.9047449357199637,0.001131805471634866,True,vec,16,"{""1"": 9, ""2"": 11, ""3"": 5, ""4"": 6, ""5"": 8, ""6"": 5, ""7"": 13, ""8"": 12, ""9"": 3, ""10"": 9, ""11"": 5}"
1411,1411,True,,mpeg4\random\mappings\sample_1411_seed_1411.csv,5.574100654792807,327.17337784029,1.211350687830448,1,0.0001222487,0.0005760416666666688,584000.0,96000.0,1.0275759984649544,0.0011332275281004647,True,vec,16,"{""1"": 3, ""2"": 0, ""3"": 5, ""4"": 12, ""5"": 8, ""6"": 2, ""7"": 5, ""8"": 14, ""9"": 3, ""10"": 13, ""11"": 1}"
1412,1412,True,,mpeg4\random\mappings\sample_1412_seed_1412.csv,6.690392133330925,327.35767212324,1.330102227338906,1,0.0001336878,0.019945833333333125,744000.0,136000.0,1.8389572654258382,0.0011971084222600925,True,vec,16,"{""1"": 15, ""2"": 0, ""3"": 12, ""4"": 4, ""5"": 11, ""6"": 12, ""7"": 15, ""8"": 9, ""9"": 15, ""10"": 5, ""11"": 4}"
1413,1413,True,,mpeg4\random\mappings\sample_1413_seed_1413.csv,5.4811215935276625,327.31422973532,1.244613606178,1,0.0001220307,0.0154472222222225,416000.0,64000.0,1.5977358076807104,0.001131292080623978,True,vec,16,"{""1"": 14, ""2"": 15, ""3"": 3, ""4"": 10, ""5"": 4, ""6"": 9, ""7"": 4, ""8"": 3, ""9"": 12, ""10"": 10, ""11"": 14}"
1414,1414,True,,mpeg4\random\mappings\sample_1414_seed_1414.csv,5.306095110436484,327.00232689709,1.2837359704352478,0,0.0001208022,0.0,448000.0,80000.0,1.7994846632493626,0.0011251144865988018,True,vec,16,"{""1"": 4, ""2"": 6, ""3"": 2, ""4"": 7, ""5"": 14, ""6"": 11, ""7"": 11, ""8"": 2, ""9"": 15, ""10"": 2, ""11"": 15}"
1415,1415,True,,mpeg4\random\mappings\sample_1415_seed_1415.csv,5.655493925180576,326.8683862252,1.1994089534208787,0,0.0001326469,0.0,612000.0,88000.0,1.9793042953866395,0.0011902288781577186,True,vec,16,"{""1"": 13, ""2"": 10, ""3"": 5, ""4"": 7, ""5"": 12, ""6"": 8, ""7"": 7, ""8"": 7, ""9"": 7, ""10"": 13, ""11"": 11}"
1416,1416,True,,mpeg4\random\mappings\sample_1416_seed_1416.csv,6.530103573497398,327.2848918009,1.396290307625943,1,0.0001224729,0.006394166666666874,636000.0,120000.0,2.5187631917984703,0.001135363455666724,True,vec,16,"{""1"": 3, ""2"": 14, ""3"": 12, ""4"": 12, ""5"": 2, ""6"": 12, ""7"": 1, ""8"": 3, ""9"": 13, ""10"": 3, ""11"": 15}"
1417,1417,True,,mpeg4\random\mappings\sample_1417_seed_1417.csv,5.790790374113636,326.39042427342,1.1173208693279417,0,0.0001210357,0.0,376000.0,72000.0,4.088895589484937,0.0011248709220144763,True,vec,16,"{""1"": 10, ""2"": 2, ""3"": 10, ""4"": 10, ""5"": 13, ""6"": 13, ""7"": 10, ""8"": 13, ""9"": 13, ""10"": 15, ""11"": 4}"
1418,1418,True,,mpeg4\random\mappings\sample_1418_seed_1418.csv,5.467828291934364,327.20935598782,1.2330307367643132,1,0.0001219709,0.00255034722222225,584000.0,48000.0,1.7293111482689618,0.001131598446737303,True,vec,16,"{""1"": 0, ""2"": 8, ""3"": 11, ""4"": 13, ""5"": 5, ""6"": 13, ""7"": 2, ""8"": 15, ""9"": 13, ""10"": 12, ""11"": 11}"
1419,1419,True,,mpeg4\random\mappings\sample_1419_seed_1419.csv,5.787060856116954,326.41517376644,1.2736964055807007,0,0.0001209318,0.0,560000.0,132000.0,1.8819385433513336,0.0011255286744148603,True,vec,16,"{""1"": 0, ""2"": 5, ""3"": 0, ""4"": 15, ""5"": 0, ""6"": 2, ""7"": 11, ""8"": 5, ""9"": 8, ""10"": 4, ""11"": 6}"
1420,1420,True,,mpeg4\random\mappings\sample_1420_seed_1420.csv,4.755400053286578,326.14021492718,1.0971037625697824,0,0.0001211116,0.0,552000.0,48000.0,1.3345851265042077,0.001126272425751503,True,vec,16,"{""1"": 13, ""2"": 11, ""3"": 4, ""4"": 9, ""5"": 5, ""6"": 5, ""7"": 4, ""8"": 0, ""9"": 15, ""10"": 7, ""11"": 2}"
1421,1421,True,,mpeg4\random\mappings\sample_1421_seed_1421.csv,5.488343388898124,326.40900791856,1.162113995590462,0,0.0001213556,0.0,504000.0,96000.0,2.2292974425043175,0.0011272543620589495,True,vec,16,"{""1"": 1, ""2"": 5, ""3"": 6, ""4"": 3, ""5"": 8, ""6"": 7, ""7"": 6, ""8"": 6, ""9"": 1, ""10"": 8, ""11"": 8}"
1422,1422,True,,mpeg4\random\mappings\sample_1422_seed_1422.csv,6.1307908609465125,327.20712710194,1.384762287036426,1,0.00012286,0.0025895833333333122,660000.0,84000.0,2.2292974425043175,0.0011371948455482376,True,vec,16,"{""1"": 6, ""2"": 15, ""3"": 0, ""4"": 0, ""5"": 12, ""6"": 0, ""7"": 11, ""8"": 14, ""9"": 4, ""10"": 9, ""11"": 14}"
1423,1423,True,,mpeg4\random\mappings\sample_1423_seed_1423.csv,5.005473616352165,325.84000173545,1.138582003832291,0,0.0001212096,0.0,392000.0,108000.0,1.1196787368767303,0.0011260408014247849,True,vec,16,"{""1"": 14, ""2"": 15, ""3"": 11, ""4"": 14, ""5"": 6, ""6"": 9, ""7"": 13, ""8"": 1, ""9"": 5, ""10"": 1, ""11"": 5}"
1424,1424,True,,mpeg4\random\mappings\sample_1424_seed_1424.csv,5.150446067048325,326.86809371074,1.271797934788061,0,0.0001227099,0.0,564000.0,72000.0,1.2249390093473316,0.0011359606145676475,True,vec,16,"{""1"": 1, ""2"": 15, ""3"": 11, ""4"": 10, ""5"": 3, ""6"": 7, ""7"": 8, ""8"": 8, ""9"": 15, ""10"": 14, ""11"": 3}"
1425,1425,True,,mpeg4\random\mappings\sample_1425_seed_1425.csv,5.110772124180541,326.43649737062,1.2428997681690195,0,0.0001225468,0.0,484000.0,72000.0,1.5275622927003099,0.001134367329260253,True,vec,16,"{""1"": 10, ""2"": 0, ""3"": 8, ""4"": 0, ""5"": 12, ""6"": 5, ""7"": 3, ""8"": 12, ""9"": 14, ""10"": 4, ""11"": 5}"
1426,1426,True,,mpeg4\random\mappings\sample_1426_seed_1426.csv,4.9970803678183975,326.87526225746,1.2482169923776933,0,0.0001214037,0.0,416000.0,64000.0,1.466160467092459,0.001127715418173354,True,vec,16,"{""1"": 2, ""2"": 6, ""3"": 10, ""4"": 7, ""5"": 0, ""6"": 8, ""7"": 10, ""8"": 3, ""9"": 1, ""10"": 0, ""11"": 0}"
1427,1427,True,,mpeg4\random\mappings\sample_1427_seed_1427.csv,4.779293782844903,325.99652603266,1.1673003712808003,0,0.0001210442,0.0,512000.0,60000.0,1.1328362709355555,0.0011253251578145075,True,vec,16,"{""1"": 0, ""2"": 7, ""3"": 5, ""4"": 2, ""5"": 9, ""6"": 4, ""7"": 4, ""8"": 12, ""9"": 11, ""10"": 1, ""11"": 12}"
1428,1428,True,,mpeg4\random\mappings\sample_1428_seed_1428.csv,6.354173521905944,327.39138583524,1.2665851925000438,1,0.0001320428,0.004772307692307688,480000.0,92000.0,3.0187494860338258,0.00118627572316774,True,vec,16,"{""1"": 5, ""2"": 5, ""3"": 0, ""4"": 12, ""5"": 12, ""6"": 14, ""7"": 5, ""8"": 8, ""9"": 5, ""10"": 12, ""11"": 12}"
1429,1429,True,,mpeg4\random\mappings\sample_1429_seed_1429.csv,5.530583384533909,327.2621471124,1.366959405919306,1,0.0001215458,0.0039390625,500000.0,64000.0,1.457388777719909,0.0011298716094758437,True,vec,16,"{""1"": 3, ""2"": 7, ""3"": 10, ""4"": 12, ""5"": 15, ""6"": 1, ""7"": 13, ""8"": 3, ""9"": 14, ""10"": 10, ""11"": 3}"
1430,1430,True,,mpeg4\random\mappings\sample_1430_seed_1430.csv,5.346541035589722,327.20966116414,1.2072289550674402,1,0.0001212876,0.00033979166666666874,348000.0,72000.0,1.5977358076807104,0.001126688475153604,True,vec,16,"{""1"": 9, ""2"": 13, ""3"": 4, ""4"": 12, ""5"": 5, ""6"": 9, ""7"": 8, ""8"": 4, ""9"": 12, ""10"": 14, ""11"": 14}"
1431,1431,True,,mpeg4\random\mappings\sample_1431_seed_1431.csv,5.325262050764576,326.76695728476,1.2563992105260173,0,0.0001225939,0.0,632000.0,76000.0,1.5144047586414846,0.0011355774233685065,True,vec,16,"{""1"": 5, ""2"": 10, ""3"": 15, ""4"": 0, ""5"": 4, ""6"": 12, ""7"": 6, ""8"": 15, ""9"": 4, ""10"": 15, ""11"": 7}"
1432,1432,True,,mpeg4\random\mappings\sample_1432_seed_1432.csv,5.16408451440063,326.86671715968,1.126123097710017,0,0.0001220176,0.0,572000.0,88000.0,1.2249390093473316,0.0011308003352297233,True,vec,16,"{""1"": 15, ""2"": 2, ""3"": 9, ""4"": 10, ""5"": 4, ""6"": 5, ""7"": 1, ""8"": 9, ""9"": 12, ""10"": 8, ""11"": 4}"
1433,1433,True,,mpeg4\random\mappings\sample_1433_seed_1433.csv,4.9241850707317285,325.8885960897,1.2297825623781375,0,0.0001213041,0.0,444000.0,72000.0,1.3433568158767577,0.0011270706352372807,True,vec,16,"{""1"": 3, ""2"": 11, ""3"": 8, ""4"": 11, ""5"": 1, ""6"": 2, ""7"": 2, ""8"": 0, ""9"": 12, ""10"": 7, ""11"": 7}"
1434,1434,True,,mpeg4\random\mappings\sample_1434_seed_1434.csv,5.8031112641934985,327.15645460871,1.2948948238872846,1,0.0001228879,3.9967105263158127e-05,780000.0,72000.0,1.4968613798963843,0.0011377406031230172,True,vec,16,"{""1"": 0, ""2"": 15, ""3"": 5, ""4"": 0, ""5"": 15, ""6"": 11, ""7"": 1, ""8"": 4, ""9"": 14, ""10"": 5, ""11"": 14}"
1435,1435,True,,mpeg4\random\mappings\sample_1435_seed_1435.csv,5.4499445221389955,326.37596484616,1.0645407075628694,0,0.0001219779,0.0,452000.0,132000.0,1.650365943916011,0.0011303406041381617,True,vec,16,"{""1"": 9, ""2"": 10, ""3"": 9, ""4"": 1, ""5"": 10, ""6"": 1, ""7"": 14, ""8"": 2, ""9"": 5, ""10"": 4, ""11"": 15}"
1436,1436,True,,mpeg4\random\mappings\sample_1436_seed_1436.csv,5.262978193021975,326.32614277203,1.2830820007106214,0,0.0001217348,0.0,564000.0,72000.0,1.7161536142101368,0.001130434658363476,True,vec,16,"{""1"": 10, ""2"": 2, ""3"": 13, ""4"": 14, ""5"": 13, ""6"": 3, ""7"": 0, ""8"": 13, ""9"": 6, ""10"": 5, ""11"": 1}"
1437,1437,True,,mpeg4\random\mappings\sample_1437_seed_1437.csv,5.092113397521819,325.96109593632,1.2273601883517473,0,0.0001216668,0.0,488000.0,84000.0,1.4003727967983335,0.0011295231342966885,True,vec,16,"{""1"": 6, ""2"": 7, ""3"": 10, ""4"": 10, ""5"": 14, ""6"": 12, ""7"": 15, ""8"": 12, ""9"": 1, ""10"": 13, ""11"": 11}"
1438,1438,True,,mpeg4\random\mappings\sample_1438_seed_1438.csv,5.192796284080934,327.13812670172,1.230023845995969,0,0.000122454,0.0,648000.0,72000.0,1.1372221156218305,0.0011344708142814128,True,vec,16,"{""1"": 14, ""2"": 15, ""3"": 0, ""4"": 7, ""5"": 10, ""6"": 7, ""7"": 12, ""8"": 3, ""9"": 13, ""10"": 4, ""11"": 13}"
1439,1439,True,,mpeg4\random\mappings\sample_1439_seed_1439.csv,5.325757635696096,326.46159326311,1.2968540329412086,0,0.0001323998,0.0,676000.0,92000.0,0.6986376469943258,0.0011896249170417841,True,vec,16,"{""1"": 4, ""2"": 7, ""3"": 15, ""4"": 2, ""5"": 1, ""6"": 0, ""7"": 3, ""8"": 11, ""9"": 3, ""10"": 10, ""11"": 14}"
1440,1440,True,,mpeg4\random\mappings\sample_1440_seed_1440.csv,5.022343114834236,326.50304840123,1.2574315408618455,0,0.0001216257,0.0,440000.0,76000.0,1.2863408349551821,0.0011288616144633757,True,vec,16,"{""1"": 7, ""2"": 4, ""3"": 1, ""4"": 8, ""5"": 5, ""6"": 0, ""7"": 5, ""8"": 14, ""9"": 0, ""10"": 6, ""11"": 4}"
1441,1441,True,,mpeg4\random\mappings\sample_1441_seed_1441.csv,4.869455762375426,326.16834666414,1.2062505682779379,0,0.0001225108,0.0,520000.0,56000.0,1.2687974562100819,0.001134047397632876,True,vec,16,"{""1"": 8, ""2"": 14, ""3"": 1, ""4"": 3, ""5"": 9, ""6"": 3, ""7"": 0, ""8"": 4, ""9"": 11, ""10"": 5, ""11"": 9}"
1442,1442,True,,mpeg4\random\mappings\sample_1442_seed_1442.csv,5.2386515664213915,326.78074421119,1.3008223334208167,0,0.0001222141,0.0,636000.0,80000.0,1.080206134700255,0.0011333435196594676,True,vec,16,"{""1"": 0, ""2"": 9, ""3"": 7, ""4"": 13, ""5"": 3, ""6"": 15, ""7"": 0, ""8"": 3, ""9"": 4, ""10"": 14, ""11"": 6}"
1443,1443,True,,mpeg4\random\mappings\sample_1443_seed_1443.csv,5.7493488894091715,327.23907147805,1.2059473215730554,1,0.0001224437,0.005679166666666687,704000.0,72000.0,1.645980099229736,0.001134523853108232,True,vec,16,"{""1"": 7, ""2"": 0, ""3"": 10, ""4"": 7, ""5"": 8, ""6"": 15, ""7"": 10, ""8"": 4, ""9"": 2, ""10"": 4, ""11"": 15}"
1444,1444,True,,mpeg4\random\mappings\sample_1444_seed_1444.csv,5.134044446675638,325.99842106978,1.2194502088145762,0,0.000132559,0.0,608000.0,72000.0,1.09336366875908,0.00118942316159276,True,vec,16,"{""1"": 4, ""2"": 12, ""3"": 14, ""4"": 9, ""5"": 13, ""6"": 7, ""7"": 12, ""8"": 15, ""9"": 11, ""10"": 12, ""11"": 0}"
1445,1445,True,,mpeg4\random\mappings\sample_1445_seed_1445.csv,5.071787696200113,326.86344255622,1.220958360982763,0,0.0001216636,0.0,440000.0,84000.0,1.2161673199747813,0.0011290496318778175,True,vec,16,"{""1"": 7, ""2"": 5, ""3"": 9, ""4"": 1, ""5"": 0, ""6"": 8, ""7"": 4, ""8"": 0, ""9"": 0, ""10"": 14, ""11"": 11}"
1446,1446,True,,mpeg4\random\mappings\sample_1446_seed_1446.csv,5.57613928202039,327.27568337093,1.2207026785104402,1,0.0001223608,0.006433712121211876,600000.0,88000.0,1.0231901537786794,0.0011336223544054101,True,vec,16,"{""1"": 10, ""2"": 3, ""3"": 12, ""4"": 7, ""5"": 13, ""6"": 2, ""7"": 9, ""8"": 5, ""9"": 1, ""10"": 12, ""11"": 3}"
1447,1447,True,,mpeg4\random\mappings\sample_1447_seed_1447.csv,5.02364110069001,325.53239400685,1.1580225071438972,0,0.0001218658,0.0,496000.0,72000.0,1.7293111482689618,0.0011297370635677218,True,vec,16,"{""1"": 2, ""2"": 13, ""3"": 11, ""4"": 14, ""5"": 13, ""6"": 7, ""7"": 1, ""8"": 2, ""9"": 4, ""10"": 14, ""11"": 2}"
1448,1448,True,,mpeg4\random\mappings\sample_1448_seed_1448.csv,4.821143026000955,325.77451550611,1.261223140550454,0,0.0001219376,0.0,468000.0,56000.0,1.2907266796414572,0.0011307111118793488,True,vec,16,"{""1"": 13, ""2"": 6, ""3"": 13, ""4"": 3, ""5"": 12, ""6"": 0, ""7"": 1, ""8"": 1, ""9"": 6, ""10"": 4, ""11"": 8}"
1449,1449,True,,mpeg4\random\mappings\sample_1449_seed_1449.csv,7.076577566447428,327.29261850211,1.4190585023727507,1,0.0001208118,0.002625255102040813,584000.0,136000.0,3.9134618020339356,0.001125972220212893,True,vec,16,"{""1"": 3, ""2"": 3, ""3"": 14, ""4"": 3, ""5"": 3, ""6"": 3, ""7"": 10, ""8"": 4, ""9"": 12, ""10"": 13, ""11"": 2}"
1450,1450,True,,mpeg4\random\mappings\sample_1450_seed_1450.csv,4.7957810541782155,326.11672550518,1.1571148774452746,0,0.0001227078,0.0,508000.0,64000.0,1.0275759984649544,0.0011351995821297686,True,vec,16,"{""1"": 13, ""2"": 4, ""3"": 15, ""4"": 9, ""5"": 14, ""6"": 10, ""7"": 3, ""8"": 7, ""9"": 6, ""10"": 13, ""11"": 15}"
1451,1451,True,,mpeg4\random\mappings\sample_1451_seed_1451.csv,5.064288020207308,325.76323112433,1.188374512209738,0,0.0001210222,0.0,368000.0,64000.0,2.2643841999945176,0.001125175499977111,True,vec,16,"{""1"": 11, ""2"": 10, ""3"": 7, ""4"": 6, ""5"": 10, ""6"": 13, ""7"": 13, ""8"": 7, ""9"": 11, ""10"": 8, ""11"": 13}"
1452,1452,True,,mpeg4\random\mappings\sample_1452_seed_1452.csv,5.199891567750467,326.04136380107,1.2430750697143567,0,0.000122283,0.0,712000.0,72000.0,1.2907266796414572,0.0011338999499002364,True,vec,16,"{""1"": 8, ""2"": 3, ""3"": 13, ""4"": 8, ""5"": 9, ""6"": 12, ""7"": 7, ""8"": 5, ""9"": 11, ""10"": 2, ""11"": 8}"
1453,1453,True,,mpeg4\random\mappings\sample_1453_seed_1453.csv,4.910901092946128,326.39550487024,1.0948644433662862,0,0.0001212097,0.0,452000.0,84000.0,1.1591513390532058,0.0011262347327489666,True,vec,16,"{""1"": 9, ""2"": 13, ""3"": 11, ""4"": 1, ""5"": 10, ""6"": 9, ""7"": 1, ""8"": 15, ""9"": 2, ""10"": 4, ""11"": 6}"
1454,1454,True,,mpeg4\random\mappings\sample_1454_seed_1454.csv,6.506109300732963,327.80458983938,1.262993097885152,2,0.0001327197,0.13144395833333125,556000.0,72000.0,0.6986376469943258,0.0011918798612630265,True,vec,16,"{""1"": 9, ""2"": 5, ""3"": 11, ""4"": 10, ""5"": 12, ""6"": 2, ""7"": 7, ""8"": 0, ""9"": 7, ""10"": 15, ""11"": 1}"
1455,1455,True,,mpeg4\random\mappings\sample_1455_seed_1455.csv,5.092525663679454,325.88295157805,1.2165960115565533,0,0.0001215021,0.0,564000.0,72000.0,1.5187906033277596,0.0011292726557941349,True,vec,16,"{""1"": 0, ""2"": 1, ""3"": 6, ""4"": 1, ""5"": 6, ""6"": 15, ""7"": 0, ""8"": 10, ""9"": 11, ""10"": 3, ""11"": 7}"
1456,1456,True,,mpeg4\random\mappings\sample_1456_seed_1456.csv,5.505190885739501,327.31747233954,1.1494123443482547,1,0.0001215197,0.0085522727272725,540000.0,72000.0,1.4837038458375593,0.0011288460016427447,True,vec,16,"{""1"": 14, ""2"": 4, ""3"": 5, ""4"": 3, ""5"": 9, ""6"": 5, ""7"": 0, ""8"": 0, ""9"": 7, ""10"": 14, ""11"": 13}"
1457,1457,True,,mpeg4\random\mappings\sample_1457_seed_1457.csv,5.040509804830544,325.75292027732,1.1429122291420686,0,0.000133209,0.0,620000.0,72000.0,1.0144184644061292,0.0011924518842100064,True,vec,16,"{""1"": 10, ""2"": 1, ""3"": 13, ""4"": 2, ""5"": 1, ""6"": 7, ""7"": 12, ""8"": 6, ""9"": 12, ""10"": 15, ""11"": 4}"
1458,1458,True,,mpeg4\random\mappings\sample_1458_seed_1458.csv,5.986797558998368,326.18049281794,1.1629246820719739,0,0.0001318799,0.0,516000.0,136000.0,2.4091170746415944,0.001185100494775313,True,vec,16,"{""1"": 4, ""2"": 5, ""3"": 13, ""4"": 0, ""5"": 13, ""6"": 4, ""7"": 11, ""8"": 15, ""9"": 11, ""10"": 4, ""11"": 13}"
1459,1459,True,,mpeg4\random\mappings\sample_1459_seed_1459.csv,5.246000545856635,326.24558751553,1.1758867730044824,0,0.0001328347,0.0,472000.0,64000.0,1.9705326060140895,0.0011902591035887278,True,vec,16,"{""1"": 13, ""2"": 3, ""3"": 7, ""4"": 1, ""5"": 13, ""6"": 7, ""7"": 2, ""8"": 15, ""9"": 11, ""10"": 2, ""11"": 13}"
1460,1460,True,,mpeg4\random\mappings\sample_1460_seed_1460.csv,5.152269906132287,325.93908471994,1.1801850998683017,0,0.0001210256,0.0,588000.0,72000.0,1.7029960801513115,0.0011262387170372311,True,vec,16,"{""1"": 12, ""2"": 9, ""3"": 9, ""4"": 6, ""5"": 3, ""6"": 8, ""7"": 9, ""8"": 10, ""9"": 5, ""10"": 3, ""11"": 11}"
1461,1461,True,,mpeg4\random\mappings\sample_1461_seed_1461.csv,4.895713577541117,325.89076320625,1.2073168929105633,0,0.0001208017,0.0,524000.0,60000.0,1.3828294180532332,0.0011244794591516154,True,vec,16,"{""1"": 1, ""2"": 1, ""3"": 2, ""4"": 11, ""5"": 1, ""6"": 15, ""7"": 13, ""8"": 9, ""9"": 4, ""10"": 3, ""11"": 8}"
1462,1462,True,,mpeg4\random\mappings\sample_1462_seed_1462.csv,5.202050089294599,326.36544328866,1.167981400184823,0,0.0001217617,0.0,608000.0,72000.0,1.6635234779748362,0.001130021398959073,True,vec,16,"{""1"": 8, ""2"": 3, ""3"": 14, ""4"": 8, ""5"": 14, ""6"": 4, ""7"": 1, ""8"": 6, ""9"": 14, ""10"": 9, ""11"": 12}"
1463,1463,True,,mpeg4\random\mappings\sample_1463_seed_1463.csv,5.1842049395259275,326.24487308752,1.2096670693445755,0,0.0001219548,0.0,656000.0,72000.0,1.4214248512924537,0.0011314626973158949,True,vec,16,"{""1"": 11, ""2"": 5, ""3"": 14, ""4"": 11, ""5"": 7, ""6"": 15, ""7"": 6, ""8"": 5, ""9"": 1, ""10"": 11, ""11"": 0}"
1464,1464,True,,mpeg4\random\mappings\sample_1464_seed_1464.csv,4.921738324400429,326.87700170545,1.1873169546615767,0,0.0001222479,0.0,384000.0,60000.0,1.5319481373865849,0.0011324706221331493,True,vec,16,"{""1"": 10, ""2"": 14, ""3"": 4, ""4"": 15, ""5"": 9, ""6"": 14, ""7"": 1, ""8"": 13, ""9"": 10, ""10"": 15, ""11"": 9}"
1465,1465,True,,mpeg4\random\mappings\sample_1465_seed_1465.csv,5.599838351051512,326.01397266402,1.1213538193927535,0,0.0001328238,0.0,608000.0,120000.0,1.5319481373865849,0.0011905024346014867,True,vec,16,"{""1"": 7, ""2"": 4, ""3"": 13, ""4"": 6, ""5"": 1, ""6"": 6, ""7"": 15, ""8"": 13, ""9"": 15, ""10"": 0, ""11"": 14}"
1466,1466,True,,mpeg4\random\mappings\sample_1466_seed_1466.csv,4.872179187267161,325.33119580713,1.1308254066024273,0,0.0001209918,0.0,480000.0,80000.0,1.3126559030728324,0.0011249718777530116,True,vec,16,"{""1"": 11, ""2"": 11, ""3"": 14, ""4"": 8, ""5"": 7, ""6"": 13, ""7"": 4, ""8"": 2, ""9"": 13, ""10"": 11, ""11"": 5}"
1467,1467,True,,mpeg4\random\mappings\sample_1467_seed_1467.csv,6.3790238254639915,325.95846952163,1.11672272402395,0,0.0001366539,0.0,544000.0,88000.0,4.531865902798717,0.0012095637183408144,True,vec,16,"{""1"": 10, ""2"": 11, ""3"": 0, ""4"": 10, ""5"": 10, ""6"": 10, ""7"": 0, ""8"": 0, ""9"": 11, ""10"": 2, ""11"": 0}"
1468,1468,True,,mpeg4\random\mappings\sample_1468_seed_1468.csv,4.846279632591184,326.1857924855,1.1672599502673129,0,0.0001219738,0.0,424000.0,68000.0,1.2907266796414572,0.0011306026908400172,True,vec,16,"{""1"": 5, ""2"": 9, ""3"": 0, ""4"": 2, ""5"": 1, ""6"": 9, ""7"": 0, ""8"": 6, ""9"": 12, ""10"": 14, ""11"": 13}"
1469,1469,True,,mpeg4\random\mappings\sample_1469_seed_1469.csv,5.74182468034265,327.14244691865,1.2664144785102933,0,0.0001219548,0.0,696000.0,120000.0,1.4179161755434335,0.0011321190633454797,True,vec,16,"{""1"": 1, ""2"": 5, ""3"": 8, ""4"": 8, ""5"": 3, ""6"": 14, ""7"": 7, ""8"": 15, ""9"": 3, ""10"": 11, ""11"": 15}"
1470,1470,True,,mpeg4\random\mappings\sample_1470_seed_1470.csv,5.327823475719584,325.91036450745,1.2918442952683151,0,0.0001270478,0.0,644000.0,84000.0,1.3345851265042077,0.0011594897736941013,True,vec,16,"{""1"": 12, ""2"": 4, ""3"": 15, ""4"": 0, ""5"": 13, ""6"": 12, ""7"": 6, ""8"": 7, ""9"": 0, ""10"": 0, ""11"": 5}"
1471,1471,True,,mpeg4\random\mappings\sample_1471_seed_1471.csv,4.753857628259424,326.08663973602,1.1350717676609936,0,0.0001211127,0.0,396000.0,64000.0,1.3249362681944026,0.0011254168234886423,True,vec,16,"{""1"": 4, ""2"": 4, ""3"": 10, ""4"": 3, ""5"": 1, ""6"": 2, ""7"": 5, ""8"": 4, ""9"": 9, ""10"": 6, ""11"": 7}"
1472,1472,True,,mpeg4\random\mappings\sample_1472_seed_1472.csv,5.992450468850943,327.45984006111,1.3773031727674285,1,0.00012238,0.0227822222222225,488000.0,104000.0,1.4872125215865792,0.0011352358707679725,True,vec,16,"{""1"": 7, ""2"": 3, ""3"": 1, ""4"": 0, ""5"": 13, ""6"": 0, ""7"": 11, ""8"": 3, ""9"": 6, ""10"": 2, ""11"": 11}"
1473,1473,True,,mpeg4\random\mappings\sample_1473_seed_1473.csv,5.259512369785133,326.85433319345,1.3147551612656774,0,0.0001216397,0.0,596000.0,64000.0,1.5758065842493352,0.0011301153599992718,True,vec,16,"{""1"": 3, ""2"": 2, ""3"": 13, ""4"": 13, ""5"": 7, ""6"": 12, ""7"": 4, ""8"": 11, ""9"": 0, ""10"": 7, ""11"": 7}"
1474,1474,True,,mpeg4\random\mappings\sample_1474_seed_1474.csv,5.3444833082102665,326.84621812089,1.317196740696488,0,0.0001226749,0.0,660000.0,96000.0,0.8828431238178778,0.0011361939358181432,True,vec,16,"{""1"": 1, ""2"": 14, ""3"": 8, ""4"": 14, ""5"": 0, ""6"": 12, ""7"": 6, ""8"": 13, ""9"": 5, ""10"": 3, ""11"": 9}"
1475,1475,True,,mpeg4\random\mappings\sample_1475_seed_1475.csv,5.792396088866257,327.36377761893,1.1918522630998516,1,0.0001214498,0.014087310606060626,752000.0,88000.0,1.172308873112031,0.001129114259642435,True,vec,16,"{""1"": 3, ""2"": 5, ""3"": 6, ""4"": 8, ""5"": 9, ""6"": 14, ""7"": 5, ""8"": 12, ""9"": 3, ""10"": 4, ""11"": 12}"
1476,1476,True,,mpeg4\random\mappings\sample_1476_seed_1476.csv,4.918284648101898,326.17627979878,1.1971422469966653,0,0.0001225867,0.0,592000.0,60000.0,1.1372221156218305,0.0011346447660853624,True,vec,16,"{""1"": 0, ""2"": 6, ""3"": 12, ""4"": 4, ""5"": 3, ""6"": 9, ""7"": 14, ""8"": 11, ""9"": 4, ""10"": 10, ""11"": 4}"
1477,1477,True,,mpeg4\random\mappings\sample_1477_seed_1477.csv,5.1004508052172,326.90928979422,1.2488101358059718,0,0.0001220547,0.0,464000.0,88000.0,1.0538910665826047,0.0011315549028854178,True,vec,16,"{""1"": 15, ""2"": 13, ""3"": 14, ""4"": 8, ""5"": 7, ""6"": 2, ""7"": 0, ""8"": 6, ""9"": 1, ""10"": 13, ""11"": 14}"
1478,1478,True,,mpeg4\random\mappings\sample_1478_seed_1478.csv,4.784244306337564,326.20241574663,1.2368007595487702,0,0.000121627,0.0,552000.0,60000.0,0.803897919464927,0.0011296299102167386,True,vec,16,"{""1"": 5, ""2"": 5, ""3"": 15, ""4"": 12, ""5"": 10, ""6"": 0, ""7"": 11, ""8"": 1, ""9"": 14, ""10"": 8, ""11"": 6}"
1479,1479,True,,mpeg4\random\mappings\sample_1479_seed_1479.csv,4.471362138074285,326.10933577841,1.189658311316117,0,0.0001212596,0.0,392000.0,48000.0,0.7644253172884515,0.0011264414717683502,True,vec,16,"{""1"": 1, ""2"": 9, ""3"": 14, ""4"": 11, ""5"": 13, ""6"": 5, ""7"": 6, ""8"": 8, ""9"": 0, ""10"": 3, ""11"": 1}"
1480,1480,True,,mpeg4\random\mappings\sample_1480_seed_1480.csv,5.479426876115425,325.9293553929,1.1838056251600888,0,0.0001218657,0.0,764000.0,88000.0,1.7600120610728873,0.0011310945326320203,True,vec,16,"{""1"": 3, ""2"": 8, ""3"": 7, ""4"": 0, ""5"": 13, ""6"": 14, ""7"": 9, ""8"": 13, ""9"": 7, ""10"": 8, ""11"": 13}"
1481,1481,True,,mpeg4\random\mappings\sample_1481_seed_1481.csv,5.281980290293412,326.43249944491,1.199843255540792,0,0.0001331419,0.0,576000.0,64000.0,1.6722951673473863,0.001192276414438097,True,vec,16,"{""1"": 0, ""2"": 13, ""3"": 2, ""4"": 11, ""5"": 4, ""6"": 1, ""7"": 11, ""8"": 4, ""9"": 1, ""10"": 11, ""11"": 8}"
1482,1482,True,,mpeg4\random\mappings\sample_1482_seed_1482.csv,4.648282418468645,325.96427251716,1.1455495598091079,0,0.0001226068,0.0,568000.0,48000.0,0.8828431238178778,0.0011345261149028024,True,vec,16,"{""1"": 2, ""2"": 12, ""3"": 7, ""4"": 12, ""5"": 14, ""6"": 6, ""7"": 8, ""8"": 3, ""9"": 11, ""10"": 0, ""11"": 5}"
1483,1483,True,,mpeg4\random\mappings\sample_1483_seed_1483.csv,4.715603158451114,325.94395894459,1.1795233803507976,0,0.0001218117,0.0,544000.0,56000.0,0.9179298813080782,0.0011300107458691044,True,vec,16,"{""1"": 4, ""2"": 10, ""3"": 9, ""4"": 5, ""5"": 15, ""6"": 2, ""7"": 7, ""8"": 3, ""9"": 2, ""10"": 12, ""11"": 12}"
1484,1484,True,,mpeg4\random\mappings\sample_1484_seed_1484.csv,5.863865401747095,327.21835315916,1.2775810280608193,1,0.0001274916,0.0010898809523809375,472000.0,96000.0,1.8038705079356376,0.0011616326800037938,True,vec,16,"{""1"": 4, ""2"": 11, ""3"": 0, ""4"": 15, ""5"": 0, ""6"": 7, ""7"": 13, ""8"": 0, ""9"": 6, ""10"": 6, ""11"": 1}"
1485,1485,True,,mpeg4\random\mappings\sample_1485_seed_1485.csv,5.146080994471189,326.93747421842,1.2229944614170603,0,0.0001214977,0.0,696000.0,80000.0,0.803897919464927,0.0011289036205898847,True,vec,16,"{""1"": 11, ""2"": 2, ""3"": 7, ""4"": 12, ""5"": 3, ""6"": 14, ""7"": 9, ""8"": 4, ""9"": 1, ""10"": 0, ""11"": 2}"
1486,1486,True,,mpeg4\random\mappings\sample_1486_seed_1486.csv,4.711602940332914,325.94835094782,1.1486041238557794,0,0.0001218747,0.0,400000.0,48000.0,1.5407198267591349,0.0011295959445351419,True,vec,16,"{""1"": 13, ""2"": 14, ""3"": 7, ""4"": 13, ""5"": 2, ""6"": 5, ""7"": 10, ""8"": 13, ""9"": 4, ""10"": 14, ""11"": 0}"
1487,1487,True,,mpeg4\random\mappings\sample_1487_seed_1487.csv,5.037721825844807,326.5328386092,1.1758023108586524,0,0.0001226699,0.0,500000.0,84000.0,1.1196787368767303,0.0011350586701396688,True,vec,16,"{""1"": 5, ""2"": 10, ""3"": 0, ""4"": 2, ""5"": 5, ""6"": 14, ""7"": 4, ""8"": 3, ""9"": 6, ""10"": 10, ""11"": 6}"
1488,1488,True,,mpeg4\random\mappings\sample_1488_seed_1488.csv,5.57485310245254,326.03978405414,1.1407656096587553,0,0.0001327689,0.0,580000.0,88000.0,2.210876894821962,0.0011897134014168815,True,vec,16,"{""1"": 8, ""2"": 4, ""3"": 15, ""4"": 9, ""5"": 9, ""6"": 15, ""7"": 8, ""8"": 4, ""9"": 8, ""10"": 10, ""11"": 6}"
1489,1489,True,,mpeg4\random\mappings\sample_1489_seed_1489.csv,4.999460769952597,325.82603637117,1.228411263730784,0,0.0001218908,0.0,604000.0,88000.0,0.7644253172884515,0.001130962472991014,True,vec,16,"{""1"": 13, ""2"": 14, ""3"": 2, ""4"": 5, ""5"": 15, ""6"": 3, ""7"": 10, ""8"": 0, ""9"": 1, ""10"": 4, ""11"": 10}"
1490,1490,True,,mpeg4\random\mappings\sample_1490_seed_1490.csv,5.813693159593676,327.26024204992,1.3143593345662343,1,0.0001216477,0.007601562500000001,612000.0,96000.0,1.2898495107042023,0.001130326234709615,True,vec,16,"{""1"": 13, ""2"": 3, ""3"": 2, ""4"": 2, ""5"": 4, ""6"": 5, ""7"": 0, ""8"": 3, ""9"": 15, ""10"": 7, ""11"": 11}"
1491,1491,True,,mpeg4\random\mappings\sample_1491_seed_1491.csv,5.223503052697618,326.08027400195,1.2288771007444805,0,0.0001222338,0.0,496000.0,88000.0,1.6021216523669854,0.001132786594888242,True,vec,16,"{""1"": 7, ""2"": 0, ""3"": 6, ""4"": 0, ""5"": 7, ""6"": 15, ""7"": 9, ""8"": 9, ""9"": 3, ""10"": 15, ""11"": 10}"
1492,1492,True,,mpeg4\random\mappings\sample_1492_seed_1492.csv,5.424776022339443,327.32952277954,1.2589120482192024,1,0.0001225759,0.011596875,508000.0,72000.0,1.0144184644061292,0.001135015030304773,True,vec,16,"{""1"": 4, ""2"": 12, ""3"": 0, ""4"": 12, ""5"": 9, ""6"": 7, ""7"": 13, ""8"": 8, ""9"": 1, ""10"": 10, ""11"": 1}"
1493,1493,True,,mpeg4\random\mappings\sample_1493_seed_1493.csv,5.183620492522424,325.98218858359,1.2453679948534335,0,0.0001220878,0.0,472000.0,72000.0,1.913516625092514,0.0011317821115628998,True,vec,16,"{""1"": 6, ""2"": 7, ""3"": 3, ""4"": 12, ""5"": 4, ""6"": 12, ""7"": 5, ""8"": 12, ""9"": 9, ""10"": 13, ""11"": 5}"
1494,1494,True,,mpeg4\random\mappings\sample_1494_seed_1494.csv,4.755481457031606,326.09225669693,1.208941618914149,0,0.0001206523,0.0,332000.0,48000.0,1.7161536142101368,0.0011231367945593639,True,vec,16,"{""1"": 5, ""2"": 1, ""3"": 5, ""4"": 1, ""5"": 10, ""6"": 12, ""7"": 12, ""8"": 9, ""9"": 10, ""10"": 15, ""11"": 6}"
1495,1495,True,,mpeg4\random\mappings\sample_1495_seed_1495.csv,5.5739410576838955,327.20535854179,1.2249765092688936,1,0.0001276756,0.001054375,400000.0,80000.0,1.650365943916011,0.0011622627221625026,True,vec,16,"{""1"": 13, ""2"": 7, ""3"": 6, ""4"": 14, ""5"": 5, ""6"": 15, ""7"": 15, ""8"": 5, ""9"": 14, ""10"": 14, ""11"": 1}"
1496,1496,True,,mpeg4\random\mappings\sample_1496_seed_1496.csv,4.949876949393483,326.19051131971,1.3104010004558966,0,0.0001217927,0.0,536000.0,72000.0,0.8828431238178778,0.0011310007668011456,True,vec,16,"{""1"": 2, ""2"": 0, ""3"": 4, ""4"": 12, ""5"": 0, ""6"": 15, ""7"": 13, ""8"": 14, ""9"": 11, ""10"": 6, ""11"": 8}"
1497,1497,True,,mpeg4\random\mappings\sample_1497_seed_1497.csv,4.790715580232338,325.89574793371,1.1408810194534635,0,0.0001273327,0.0,440000.0,52000.0,1.4091444861708835,0.001160089017272626,True,vec,16,"{""1"": 2, ""2"": 3, ""3"": 7, ""4"": 14, ""5"": 9, ""6"": 14, ""7"": 10, ""8"": 9, ""9"": 11, ""10"": 11, ""11"": 4}"
1498,1498,True,,mpeg4\random\mappings\sample_1498_seed_1498.csv,4.837653122372516,325.82252514527,1.1948081644971422,0,0.0001218098,0.0,604000.0,60000.0,1.0144184644061292,0.0011304122890623373,True,vec,16,"{""1"": 4, ""2"": 14, ""3"": 10, ""4"": 14, ""5"": 12, ""6"": 2, ""7"": 9, ""8"": 3, ""9"": 15, ""10"": 4, ""11"": 8}"
1499,1499,True,,mpeg4\random\mappings\sample_1499_seed_1499.csv,6.126639678907003,327.26345713414,1.4108137861465202,1,0.0001209166,0.005446428571428562,480000.0,80000.0,2.7424412707984978,0.0011264978777311611,True,vec,16,"{""1"": 11, ""2"": 15, ""3"": 11, ""4"": 3, ""5"": 3, ""6"": 12, ""7"": 12, ""8"": 5, ""9"": 11, ""10"": 15, ""11"": 11}"
1500,1500,True,,mpeg4\random\mappings\sample_1500_seed_1500.csv,4.6431616883293545,325.19307597737,1.0495492765432872,0,0.0001220277,0.0,388000.0,48000.0,1.8170280419944629,0.0011299494508103054,True,vec,16,"{""1"": 9, ""2"": 1, ""3"": 2, ""4"": 10, ""5"": 11, ""6"": 10, ""7"": 7, ""8"": 13, ""9"": 4, ""10"": 2, ""11"": 10}"
1501,1501,True,,mpeg4\random\mappings\sample_1501_seed_1501.csv,5.028154123180142,325.7855664877,1.2108403739075115,0,0.000128245,0.0,672000.0,72000.0,0.8521422110139525,0.0011663048639181399,True,vec,16,"{""1"": 7, ""2"": 13, ""3"": 9, ""4"": 10, ""5"": 8, ""6"": 0, ""7"": 7, ""8"": 5, ""9"": 11, ""10"": 11, ""11"": 1}"
1502,1502,True,,mpeg4\random\mappings\sample_1502_seed_1502.csv,4.646689471756014,326.1794361369,1.1100983963211197,0,0.0001228599,0.0,528000.0,52000.0,0.900386502562978,0.001135645186541097,True,vec,16,"{""1"": 5, ""2"": 15, ""3"": 11, ""4"": 1, ""5"": 14, ""6"": 9, ""7"": 3, ""8"": 8, ""9"": 14, ""10"": 8, ""11"": 13}"
1503,1503,True,,mpeg4\random\mappings\sample_1503_seed_1503.csv,5.833793707896759,327.26992411422,1.2806636131853253,1,0.0001226709,0.013944000000000002,760000.0,72000.0,1.4223020202297085,0.001136624302534092,True,vec,16,"{""1"": 14, ""2"": 4, ""3"": 15, ""4"": 11, ""5"": 6, ""6"": 3, ""7"": 4, ""8"": 5, ""9"": 14, ""10"": 5, ""11"": 3}"
1504,1504,True,,mpeg4\random\mappings\sample_1504_seed_1504.csv,5.006242899395074,325.91109740644,1.166421686224473,0,0.0001216962,0.0,384000.0,72000.0,1.8565006441709382,0.0011286697168409457,True,vec,16,"{""1"": 13, ""2"": 4, ""3"": 13, ""4"": 0, ""5"": 9, ""6"": 14, ""7"": 14, ""8"": 14, ""9"": 6, ""10"": 12, ""11"": 10}"
1505,1505,True,,mpeg4\random\mappings\sample_1505_seed_1505.csv,5.288333502787983,327.31818943094,1.2821041005024265,1,0.0001213517,0.0055899999999999995,500000.0,68000.0,0.8302129875825772,0.0011279479827391776,True,vec,16,"{""1"": 3, ""2"": 2, ""3"": 11, ""4"": 4, ""5"": 10, ""6"": 12, ""7"": 4, ""8"": 15, ""9"": 0, ""10"": 5, ""11"": 1}"
1506,1506,True,,mpeg4\random\mappings\sample_1506_seed_1506.csv,5.000978344736826,326.2070690568,1.2268965072311178,0,0.0001227869,0.0,636000.0,72000.0,0.900386502562978,0.0011363591240925463,True,vec,16,"{""1"": 5, ""2"": 15, ""3"": 6, ""4"": 11, ""5"": 12, ""6"": 0, ""7"": 10, ""8"": 1, ""9"": 1, ""10"": 11, ""11"": 3}"
1507,1507,True,,mpeg4\random\mappings\sample_1507_seed_1507.csv,5.932724742063082,327.30006780693,1.2340457070957953,1,0.0001221157,0.00822821969697,692000.0,88000.0,1.7293111482689618,0.001132432909938475,True,vec,16,"{""1"": 1, ""2"": 12, ""3"": 7, ""4"": 8, ""5"": 1, ""6"": 15, ""7"": 7, ""8"": 5, ""9"": 8, ""10"": 5, ""11"": 12}"
1508,1508,True,,mpeg4\random\mappings\sample_1508_seed_1508.csv,4.63981662453169,326.41321588078,1.2129878878355185,0,0.0001226458,0.0,396000.0,48000.0,1.0407335325237794,0.0011342740065512689,True,vec,16,"{""1"": 9, ""2"": 7, ""3"": 3, ""4"": 4, ""5"": 7, ""6"": 1, ""7"": 8, ""8"": 5, ""9"": 0, ""10"": 5, ""11"": 11}"
1509,1509,True,,mpeg4\random\mappings\sample_1509_seed_1509.csv,5.826701978644354,327.29831446939,1.3631229870172286,1,0.0001216461,0.02156607142857125,588000.0,72000.0,1.5933499629944354,0.0011309961664101274,True,vec,16,"{""1"": 8, ""2"": 4, ""3"": 4, ""4"": 0, ""5"": 9, ""6"": 15, ""7"": 0, ""8"": 8, ""9"": 2, ""10"": 5, ""11"": 2}"
1510,1510,True,,mpeg4\random\mappings\sample_1510_seed_1510.csv,6.034380314134651,326.50002482995,1.272777936234126,0,0.000133455,0.0,632000.0,144000.0,1.6591376332885612,0.0011946115351762732,True,vec,16,"{""1"": 12, ""2"": 15, ""3"": 4, ""4"": 14, ""5"": 3, ""6"": 12, ""7"": 7, ""8"": 12, ""9"": 7, ""10"": 13, ""11"": 9}"
1511,1511,True,,mpeg4\random\mappings\sample_1511_seed_1511.csv,5.49668633060273,327.23135577077,1.3204360424676294,1,0.0001224408,0.004396875,600000.0,64000.0,1.1635371837394808,0.0011348293600863724,True,vec,16,"{""1"": 5, ""2"": 12, ""3"": 2, ""4"": 0, ""5"": 15, ""6"": 15, ""7"": 9, ""8"": 1, ""9"": 1, ""10"": 11, ""11"": 8}"
1512,1512,True,,mpeg4\random\mappings\sample_1512_seed_1512.csv,4.903832768955531,325.94733788879,1.1306587712068212,0,0.0001217436,0.0,492000.0,80000.0,1.1591513390532058,0.0011292303654940373,True,vec,16,"{""1"": 15, ""2"": 4, ""3"": 5, ""4"": 10, ""5"": 2, ""6"": 4, ""7"": 8, ""8"": 6, ""9"": 9, ""10"": 7, ""11"": 15}"
1513,1513,True,,mpeg4\random\mappings\sample_1513_seed_1513.csv,5.318464447695943,326.57951169362,1.0985107291396818,0,0.0001220897,0.0,512000.0,120000.0,1.2468682327787066,0.0011311881825444656,True,vec,16,"{""1"": 9, ""2"": 3, ""3"": 5, ""4"": 12, ""5"": 2, ""6"": 10, ""7"": 13, ""8"": 6, ""9"": 1, ""10"": 10, ""11"": 10}"
1514,1514,True,,mpeg4\random\mappings\sample_1514_seed_1514.csv,4.7512952632315235,325.87210635497,1.1827209814950204,0,0.0001213376,0.0,480000.0,60000.0,1.1328362709355555,0.0011273772638262728,True,vec,16,"{""1"": 0, ""2"": 4, ""3"": 15, ""4"": 5, ""5"": 14, ""6"": 9, ""7"": 13, ""8"": 13, ""9"": 6, ""10"": 2, ""11"": 9}"
1515,1515,True,,mpeg4\random\mappings\sample_1515_seed_1515.csv,4.950839714150981,325.88912135943,1.2659743967313575,0,0.0001226087,0.0,428000.0,76000.0,1.2468682327787066,0.0011347596021893036,True,vec,16,"{""1"": 10, ""2"": 2, ""3"": 12, ""4"": 0, ""5"": 13, ""6"": 12, ""7"": 9, ""8"": 14, ""9"": 11, ""10"": 8, ""11"": 11}"
1516,1516,True,,mpeg4\random\mappings\sample_1516_seed_1516.csv,5.788408386417901,327.27088745195,1.2749777663328794,1,0.0001223138,0.015330625,660000.0,100000.0,0.9354732600531783,0.001134066347210631,True,vec,16,"{""1"": 7, ""2"": 1, ""3"": 14, ""4"": 15, ""5"": 2, ""6"": 3, ""7"": 5, ""8"": 5, ""9"": 13, ""10"": 10, ""11"": 10}"
1517,1517,True,,mpeg4\random\mappings\sample_1517_seed_1517.csv,5.064721998990219,325.92431632318,1.1411750285729794,0,0.0001330527,0.0,552000.0,64000.0,1.4047586414846085,0.0011917002650251624,True,vec,16,"{""1"": 12, ""2"": 15, ""3"": 6, ""4"": 1, ""5"": 4, ""6"": 11, ""7"": 6, ""8"": 0, ""9"": 6, ""10"": 15, ""11"": 9}"
1518,1518,True,,mpeg4\random\mappings\sample_1518_seed_1518.csv,4.758959875023066,326.18084463392,1.165601493157555,0,0.0001218576,0.0,588000.0,64000.0,0.6986376469943258,0.0011307752784958116,True,vec,16,"{""1"": 6, ""2"": 15, ""3"": 3, ""4"": 1, ""5"": 4, ""6"": 13, ""7"": 9, ""8"": 8, ""9"": 11, ""10"": 6, ""11"": 7}"
1519,1519,True,,mpeg4\random\mappings\sample_1519_seed_1519.csv,5.276483199852258,326.28474928337,1.1635376023883923,0,0.0001216437,0.0,564000.0,72000.0,2.03193443162194,0.0011289351298579679,True,vec,16,"{""1"": 7, ""2"": 10, ""3"": 1, ""4"": 1, ""5"": 12, ""6"": 5, ""7"": 10, ""8"": 14, ""9"": 12, ""10"": 5, ""11"": 12}"
1520,1520,True,,mpeg4\random\mappings\sample_1520_seed_1520.csv,5.001360435984142,326.98295754952,1.1675241269392247,0,0.0001221368,0.0,532000.0,52000.0,1.5538773608179601,0.001131719386742786,True,vec,16,"{""1"": 13, ""2"": 7, ""3"": 9, ""4"": 0, ""5"": 10, ""6"": 1, ""7"": 13, ""8"": 6, ""9"": 0, ""10"": 1, ""11"": 0}"
1521,1521,True,,mpeg4\random\mappings\sample_1521_seed_1521.csv,5.187883666242541,326.05557291774,1.268373696440843,0,0.0001228349,0.0,684000.0,76000.0,1.1635371837394808,0.0011368802715426096,True,vec,16,"{""1"": 0, ""2"": 11, ""3"": 4, ""4"": 15, ""5"": 3, ""6"": 15, ""7"": 2, ""8"": 9, ""9"": 11, ""10"": 5, ""11"": 7}"
1522,1522,True,,mpeg4\random\mappings\sample_1522_seed_1522.csv,5.033045974506476,326.35267416027,1.2290965978406247,0,0.0001263216,0.0,380000.0,84000.0,1.2424823880924316,0.0011542907724137374,True,vec,16,"{""1"": 5, ""2"": 5, ""3"": 7, ""4"": 8, ""5"": 1, ""6"": 0, ""7"": 2, ""8"": 12, ""9"": 1, ""10"": 1, ""11"": 14}"
1523,1523,True,,mpeg4\random\mappings\sample_1523_seed_1523.csv,4.541227062812553,325.97214754939,1.0467824980585603,0,0.0001220067,0.0,428000.0,52000.0,1.1021353581316302,0.0011302990829472408,True,vec,16,"{""1"": 5, ""2"": 13, ""3"": 6, ""4"": 0, ""5"": 7, ""6"": 9, ""7"": 4, ""8"": 7, ""9"": 10, ""10"": 6, ""11"": 1}"
1524,1524,True,,mpeg4\random\mappings\sample_1524_seed_1524.csv,5.456423424247262,325.89018761634,1.1267699010045316,0,0.0001424918,0.0,560000.0,88000.0,1.6679093226611112,0.0012421390910332993,True,vec,16,"{""1"": 1, ""2"": 8, ""3"": 0, ""4"": 3, ""5"": 10, ""6"": 15, ""7"": 6, ""8"": 6, ""9"": 6, ""10"": 6, ""11"": 1}"
1525,1525,True,,mpeg4\random\mappings\sample_1525_seed_1525.csv,5.228030841653753,326.13427403627,1.1763307767906077,0,0.0001219869,0.0,588000.0,72000.0,1.8345714207395631,0.0011312385037950449,True,vec,16,"{""1"": 9, ""2"": 8, ""3"": 6, ""4"": 13, ""5"": 3, ""6"": 2, ""7"": 15, ""8"": 2, ""9"": 13, ""10"": 9, ""11"": 2}"
1526,1526,True,,mpeg4\random\mappings\sample_1526_seed_1526.csv,5.033308696379343,325.98417887947,1.1402306889802292,0,0.0001218917,0.0,508000.0,84000.0,1.3556371809983279,0.0011301445042742498,True,vec,16,"{""1"": 7, ""2"": 1, ""3"": 2, ""4"": 14, ""5"": 8, ""6"": 11, ""7"": 6, ""8"": 1, ""9"": 9, ""10"": 14, ""11"": 11}"
1527,1527,True,,mpeg4\random\mappings\sample_1527_seed_1527.csv,5.392872871439189,326.03102930868,1.282816990853161,0,0.0001218677,0.0,616000.0,88000.0,1.6679093226611112,0.0011310034487381903,True,vec,16,"{""1"": 11, ""2"": 13, ""3"": 0, ""4"": 12, ""5"": 11, ""6"": 3, ""7"": 6, ""8"": 8, ""9"": 8, ""10"": 0, ""11"": 11}"
1528,1528,True,,mpeg4\random\mappings\sample_1528_seed_1528.csv,5.070638820223043,326.56631234515,1.1804189173795603,0,0.0001208962,0.0,504000.0,80000.0,1.3345851265042077,0.0011247989775999237,True,vec,16,"{""1"": 11, ""2"": 15, ""3"": 9, ""4"": 4, ""5"": 11, ""6"": 14, ""7"": 14, ""8"": 7, ""9"": 5, ""10"": 4, ""11"": 13}"
1529,1529,True,,mpeg4\random\mappings\sample_1529_seed_1529.csv,5.377195804520131,326.18086242668,1.1531629068420284,0,0.0001327557,0.0,572000.0,96000.0,1.4223020202297085,0.0011899710162640443,True,vec,16,"{""1"": 10, ""2"": 3, ""3"": 14, ""4"": 13, ""5"": 8, ""6"": 14, ""7"": 9, ""8"": 4, ""9"": 9, ""10"": 8, ""11"": 11}"
1530,1530,True,,mpeg4\random\mappings\sample_1530_seed_1530.csv,5.555944032141376,326.02520529339,1.1418384246198336,0,0.000133205,0.0,760000.0,120000.0,0.9354732600531783,0.0011928322725403625,True,vec,16,"{""1"": 1, ""2"": 14, ""3"": 3, ""4"": 10, ""5"": 5, ""6"": 0, ""7"": 11, ""8"": 8, ""9"": 13, ""10"": 11, ""11"": 8}"
1531,1531,True,,mpeg4\random\mappings\sample_1531_seed_1531.csv,5.144794948371535,325.8971204142,1.115232656241949,0,0.0001214017,0.0,524000.0,72000.0,1.9968476741317398,0.0011274421763984536,True,vec,16,"{""1"": 1, ""2"": 6, ""3"": 9, ""4"": 1, ""5"": 15, ""6"": 9, ""7"": 1, ""8"": 14, ""9"": 12, ""10"": 14, ""11"": 7}"
1532,1532,True,,mpeg4\random\mappings\sample_1532_seed_1532.csv,6.492364393175952,327.96030639091,1.37046762692845,2,0.0001220837,0.10430224431818126,568000.0,48000.0,1.6845755324689564,0.001134955322917502,True,vec,16,"{""1"": 5, ""2"": 9, ""3"": 12, ""4"": 13, ""5"": 12, ""6"": 3, ""7"": 11, ""8"": 9, ""9"": 8, ""10"": 12, ""11"": 2}"
1533,1533,True,,mpeg4\random\mappings\sample_1533_seed_1533.csv,5.0997680922033055,326.07037249765,1.1977056921715221,0,0.0001213076,0.0,456000.0,104000.0,1.1021353581316302,0.0011272450181548624,True,vec,16,"{""1"": 6, ""2"": 4, ""3"": 5, ""4"": 3, ""5"": 2, ""6"": 7, ""7"": 11, ""8"": 3, ""9"": 8, ""10"": 7, ""11"": 12}"
1534,1534,True,,mpeg4\random\mappings\sample_1534_seed_1534.csv,5.368621176943309,326.15085828314,1.1696247464480152,0,0.0001220029,0.0,684000.0,84000.0,1.7117677695238618,0.0011318356401642691,True,vec,16,"{""1"": 11, ""2"": 4, ""3"": 8, ""4"": 11, ""5"": 10, ""6"": 12, ""7"": 6, ""8"": 11, ""9"": 3, ""10"": 0, ""11"": 12}"
1535,1535,True,,mpeg4\random\mappings\sample_1535_seed_1535.csv,5.690797411983617,326.53144359715,1.1549576945741635,0,0.0001224127,0.0,548000.0,120000.0,2.0845645678572406,0.001133683291221643,True,vec,16,"{""1"": 9, ""2"": 1, ""3"": 11, ""4"": 11, ""5"": 0, ""6"": 9, ""7"": 11, ""8"": 7, ""9"": 7, ""10"": 10, ""11"": 5}"
1536,1536,True,,mpeg4\random\mappings\sample_1536_seed_1536.csv,5.6310430269579665,327.3271172969,1.2212924925227833,1,0.0001215476,0.022871250000000003,516000.0,72000.0,1.5179134343905047,0.001129235903492588,True,vec,16,"{""1"": 3, ""2"": 11, ""3"": 15, ""4"": 4, ""5"": 4, ""6"": 5, ""7"": 6, ""8"": 11, ""9"": 11, ""10"": 8, ""11"": 14}"
1537,1537,True,,mpeg4\random\mappings\sample_1537_seed_1537.csv,5.19130397772406,326.28837184039,1.1390272224533107,0,0.0001215979,0.0,484000.0,96000.0,1.5187906033277596,0.0011289367646179773,True,vec,16,"{""1"": 11, ""2"": 14, ""3"": 9, ""4"": 14, ""5"": 9, ""6"": 10, ""7"": 0, ""8"": 12, ""9"": 6, ""10"": 7, ""11"": 0}"
1538,1538,True,,mpeg4\random\mappings\sample_1538_seed_1538.csv,5.182906379207685,326.76779013724,1.2496347304714919,0,0.0001225309,0.0,688000.0,64000.0,1.2468682327787066,0.0011352542817662462,True,vec,16,"{""1"": 8, ""2"": 3, ""3"": 0, ""4"": 12, ""5"": 6, ""6"": 4, ""7"": 14, ""8"": 5, ""9"": 15, ""10"": 0, ""11"": 0}"
1539,1539,True,,mpeg4\random\mappings\sample_1539_seed_1539.csv,5.961107364475954,327.27935397244,1.405630741636238,1,0.0001223877,0.0109078125,728000.0,88000.0,1.2907266796414572,0.001135606180975704,True,vec,16,"{""1"": 0, ""2"": 11, ""3"": 3, ""4"": 7, ""5"": 12, ""6"": 11, ""7"": 3, ""8"": 14, ""9"": 2, ""10"": 5, ""11"": 13}"
1540,1540,True,,mpeg4\random\mappings\sample_1540_seed_1540.csv,6.034832777688563,327.28570317905,1.1509373413620716,1,0.0001429958,0.025436875,556000.0,88000.0,1.5758065842493352,0.001245535574403238,True,vec,16,"{""1"": 1, ""2"": 11, ""3"": 2, ""4"": 3, ""5"": 1, ""6"": 8, ""7"": 6, ""8"": 2, ""9"": 6, ""10"": 6, ""11"": 4}"
1541,1541,True,,mpeg4\random\mappings\sample_1541_seed_1541.csv,5.045820204030914,326.03083175006,1.1007364667950685,0,0.0001323037,0.0,392000.0,80000.0,1.5056330692689346,0.0011867460584213457,True,vec,16,"{""1"": 10, ""2"": 11, ""3"": 6, ""4"": 0, ""5"": 0, ""6"": 5, ""7"": 7, ""8"": 8, ""9"": 7, ""10"": 5, ""11"": 11}"
1542,1542,True,,mpeg4\random\mappings\sample_1542_seed_1542.csv,4.703407298795568,326.51456788996,1.1899956917649217,0,0.0001224898,0.0,428000.0,56000.0,0.9793317069159289,0.00113341294672735,True,vec,16,"{""1"": 11, ""2"": 6, ""3"": 3, ""4"": 5, ""5"": 15, ""6"": 9, ""7"": 2, ""8"": 11, ""9"": 5, ""10"": 1, ""11"": 4}"
1543,1543,True,,mpeg4\random\mappings\sample_1543_seed_1543.csv,4.798129211468813,326.17575552725,1.2279888486053947,0,0.0001227068,0.0,572000.0,48000.0,1.0495052218963297,0.0011356365855573305,True,vec,16,"{""1"": 3, ""2"": 12, ""3"": 13, ""4"": 15, ""5"": 0, ""6"": 9, ""7"": 7, ""8"": 1, ""9"": 6, ""10"": 9, ""11"": 15}"
1544,1544,True,,mpeg4\random\mappings\sample_1544_seed_1544.csv,5.088884820631658,326.5167689458,1.1612617206498048,0,0.0001217717,0.0,520000.0,100000.0,0.9179298813080782,0.0011298723635713571,True,vec,16,"{""1"": 6, ""2"": 5, ""3"": 14, ""4"": 7, ""5"": 7, ""6"": 13, ""7"": 10, ""8"": 0, ""9"": 8, ""10"": 11, ""11"": 3}"
1545,1545,True,,mpeg4\random\mappings\sample_1545_seed_1545.csv,4.984349383375052,326.40419887004,1.1754995690153482,0,0.0001218108,0.0,528000.0,84000.0,0.9617883281708286,0.001130399555630284,True,vec,16,"{""1"": 6, ""2"": 10, ""3"": 5, ""4"": 0, ""5"": 14, ""6"": 12, ""7"": 10, ""8"": 7, ""9"": 7, ""10"": 9, ""11"": 4}"
1546,1546,True,,mpeg4\random\mappings\sample_1546_seed_1546.csv,5.4661531345815755,325.66484307157,1.118530085415256,0,0.0001416918,0.0,632000.0,88000.0,1.6152791864258107,0.00123709987555248,True,vec,16,"{""1"": 4, ""2"": 13, ""3"": 13, ""4"": 5, ""5"": 7, ""6"": 15, ""7"": 8, ""8"": 11, ""9"": 6, ""10"": 6, ""11"": 13}"
1547,1547,True,,mpeg4\random\mappings\sample_1547_seed_1547.csv,5.004091799168879,326.42495008066,1.2380572165190926,0,0.0001213936,0.0,504000.0,72000.0,1.2249390093473316,0.0011282237631269618,True,vec,16,"{""1"": 3, ""2"": 11, ""3"": 6, ""4"": 0, ""5"": 13, ""6"": 13, ""7"": 9, ""8"": 14, ""9"": 6, ""10"": 5, ""11"": 7}"
1548,1548,True,,mpeg4\random\mappings\sample_1548_seed_1548.csv,4.693509800358042,326.40025252371,1.189671495239474,0,0.0001209316,0.0,376000.0,56000.0,1.181080562484581,0.0011246643240957741,True,vec,16,"{""1"": 5, ""2"": 5, ""3"": 3, ""4"": 6, ""5"": 2, ""6"": 10, ""7"": 14, ""8"": 12, ""9"": 10, ""10"": 12, ""11"": 15}"
1549,1549,True,,mpeg4\random\mappings\sample_1549_seed_1549.csv,5.208256188616866,326.45934998512,1.1915074019542857,0,0.0001281368,0.0,552000.0,72000.0,1.5319481373865849,0.0011645585218062599,True,vec,16,"{""1"": 5, ""2"": 3, ""3"": 14, ""4"": 1, ""5"": 1, ""6"": 11, ""7"": 14, ""8"": 0, ""9"": 13, ""10"": 13, ""11"": 5}"
1550,1550,True,,mpeg4\random\mappings\sample_1550_seed_1550.csv,5.182572793340266,325.87668466986,1.1087242560296,0,0.0001219687,0.0,404000.0,104000.0,1.7073819248375868,0.0011301738168531443,True,vec,16,"{""1"": 2, ""2"": 1, ""3"": 10, ""4"": 6, ""5"": 13, ""6"": 1, ""7"": 9, ""8"": 9, ""9"": 1, ""10"": 2, ""11"": 11}"
1551,1551,True,,mpeg4\random\mappings\sample_1551_seed_1551.csv,5.309202499027045,327.14325831195,1.3941268544284953,0,0.0001216009,0.0,468000.0,56000.0,1.9836901400729148,0.0011304147093987428,True,vec,16,"{""1"": 4, ""2"": 12, ""3"": 4, ""4"": 12, ""5"": 0, ""6"": 3, ""7"": 9, ""8"": 3, ""9"": 7, ""10"": 3, ""11"": 2}"
1552,1552,True,,mpeg4\random\mappings\sample_1552_seed_1552.csv,6.098487811384127,327.29247437919,1.299641185811726,1,0.0001234841,0.004652325581395375,748000.0,104000.0,1.5538773608179601,0.0011412555387383494,True,vec,16,"{""1"": 5, ""2"": 12, ""3"": 3, ""4"": 5, ""5"": 7, ""6"": 12, ""7"": 3, ""8"": 0, ""9"": 1, ""10"": 11, ""11"": 8}"
1553,1553,True,,mpeg4\random\mappings\sample_1553_seed_1553.csv,5.094748439295551,326.17612185166,1.1630420116145601,0,0.000122883,0.0,532000.0,100000.0,0.9617883281708286,0.0011360645119279545,True,vec,16,"{""1"": 9, ""2"": 2, ""3"": 8, ""4"": 0, ""5"": 10, ""6"": 1, ""7"": 15, ""8"": 6, ""9"": 10, ""10"": 1, ""11"": 11}"
1554,1554,True,,mpeg4\random\mappings\sample_1554_seed_1554.csv,5.735862217533929,325.75387686366,1.1571712045703282,0,0.0001213516,0.0,604000.0,96000.0,2.8687535977632193,0.001127115791181047,True,vec,16,"{""1"": 13, ""2"": 2, ""3"": 4, ""4"": 4, ""5"": 13, ""6"": 9, ""7"": 8, ""8"": 2, ""9"": 2, ""10"": 4, ""11"": 2}"
1555,1555,True,,mpeg4\random\mappings\sample_1555_seed_1555.csv,5.97819068102308,327.14454783878,1.2737488269072008,0,0.0001222468,0.0,640000.0,80000.0,3.115238069131877,0.0011332775480509653,True,vec,16,"{""1"": 11, ""2"": 1, ""3"": 4, ""4"": 4, ""5"": 2, ""6"": 7, ""7"": 4, ""8"": 4, ""9"": 2, ""10"": 0, ""11"": 2}"
1556,1556,True,,mpeg4\random\mappings\sample_1556_seed_1556.csv,4.8469398904412495,326.79186809052,1.1861980630881939,0,0.0001225068,0.0,484000.0,56000.0,1.1591513390532058,0.001133813265093832,True,vec,16,"{""1"": 11, ""2"": 8, ""3"": 6, ""4"": 10, ""5"": 13, ""6"": 14, ""7"": 7, ""8"": 14, ""9"": 12, ""10"": 3, ""11"": 11}"
1557,1557,True,,mpeg4\random\mappings\sample_1557_seed_1557.csv,5.754130263990265,327.29348238016,1.3196614343514752,1,0.0001220908,0.0034166071428571253,568000.0,96000.0,1.2687974562100819,0.0011329704642346892,True,vec,16,"{""1"": 2, ""2"": 11, ""3"": 12, ""4"": 15, ""5"": 1, ""6"": 1, ""7"": 7, ""8"": 3, ""9"": 6, ""10"": 8, ""11"": 15}"
1558,1558,True,,mpeg4\random\mappings\sample_1558_seed_1558.csv,5.470976561276337,327.27919126814,1.2403733534026196,1,0.0001210403,0.0171405,420000.0,72000.0,1.4047586414846085,0.0011261454882805179,True,vec,16,"{""1"": 4, ""2"": 0, ""3"": 12, ""4"": 8, ""5"": 8, ""6"": 6, ""7"": 6, ""8"": 10, ""9"": 10, ""10"": 9, ""11"": 3}"
1559,1559,True,,mpeg4\random\mappings\sample_1559_seed_1559.csv,4.968787365910029,327.05967725574,1.251649684325438,0,0.0001207836,0.0,412000.0,48000.0,1.7161536142101368,0.0011244352177479501,True,vec,16,"{""1"": 14, ""2"": 10, ""3"": 11, ""4"": 0, ""5"": 11, ""6"": 13, ""7"": 12, ""8"": 11, ""9"": 8, ""10"": 15, ""11"": 5}"
1560,1560,True,,mpeg4\random\mappings\sample_1560_seed_1560.csv,5.304663894366238,327.36859674632,1.1567795935511054,1,0.0001219716,0.016113333333333126,476000.0,64000.0,1.1021353581316302,0.001130949463017596,True,vec,16,"{""1"": 14, ""2"": 4, ""3"": 13, ""4"": 6, ""5"": 10, ""6"": 11, ""7"": 7, ""8"": 6, ""9"": 9, ""10"": 11, ""11"": 0}"
1561,1561,True,,mpeg4\random\mappings\sample_1561_seed_1561.csv,5.291213208586479,326.86815600469,1.197103899184996,0,0.0001221788,0.0,520000.0,104000.0,1.2030097859159563,0.0011325962250012375,True,vec,16,"{""1"": 7, ""2"": 12, ""3"": 14, ""4"": 9, ""5"": 13, ""6"": 13, ""7"": 11, ""8"": 1, ""9"": 2, ""10"": 15, ""11"": 11}"
1562,1562,True,,mpeg4\random\mappings\sample_1562_seed_1562.csv,5.488046087962631,327.28448817349,1.2950940375596154,1,0.0001274136,0.01964175,444000.0,72000.0,1.0056467750335791,0.0011617782982105615,True,vec,16,"{""1"": 11, ""2"": 9, ""3"": 0, ""4"": 4, ""5"": 4, ""6"": 7, ""7"": 5, ""8"": 12, ""9"": 3, ""10"": 3, ""11"": 6}"
1563,1563,True,,mpeg4\random\mappings\sample_1563_seed_1563.csv,4.847000805179541,325.98774342049,1.2196237826375136,0,0.0001225519,0.0,496000.0,60000.0,1.2030097859159563,0.0011345394149617316,True,vec,16,"{""1"": 10, ""2"": 11, ""3"": 0, ""4"": 13, ""5"": 15, ""6"": 7, ""7"": 13, ""8"": 9, ""9"": 15, ""10"": 6, ""11"": 10}"
1564,1564,True,,mpeg4\random\mappings\sample_1564_seed_1564.csv,6.922522498927953,327.91089762008,1.2998588583642543,2,0.0001212418,0.17911502840909094,464000.0,80000.0,1.4793180011512843,0.0011290669018584076,True,vec,16,"{""1"": 3, ""2"": 3, ""3"": 5, ""4"": 0, ""5"": 5, ""6"": 13, ""7"": 6, ""8"": 4, ""9"": 14, ""10"": 9, ""11"": 4}"
1565,1565,True,,mpeg4\random\mappings\sample_1565_seed_1565.csv,5.0307834920953916,327.29845643379,1.1391872677290085,1,0.0001228098,0.0123222222222225,432000.0,48000.0,0.8960006578767029,0.0011351815550818926,True,vec,16,"{""1"": 9, ""2"": 15, ""3"": 9, ""4"": 6, ""5"": 13, ""6"": 5, ""7"": 14, ""8"": 12, ""9"": 1, ""10"": 0, ""11"": 8}"
1566,1566,True,,mpeg4\random\mappings\sample_1566_seed_1566.csv,5.4231915639954495,326.24012381299,1.2697100961095018,0,0.0001217901,0.0,664000.0,72000.0,1.9529892272689893,0.0011310911670087815,True,vec,16,"{""1"": 2, ""2"": 0, ""3"": 7, ""4"": 0, ""5"": 7, ""6"": 15, ""7"": 0, ""8"": 8, ""9"": 12, ""10"": 2, ""11"": 11}"
1567,1567,True,,mpeg4\random\mappings\sample_1567_seed_1567.csv,6.120028376098067,326.38597483469,1.1869766241610944,0,0.0001394669,0.0,392000.0,68000.0,4.280995586743784,0.0012240754125076917,True,vec,16,"{""1"": 3, ""2"": 5, ""3"": 5, ""4"": 0, ""5"": 0, ""6"": 5, ""7"": 15, ""8"": 5, ""9"": 5, ""10"": 8, ""11"": 3}"
1568,1568,True,,mpeg4\random\mappings\sample_1568_seed_1568.csv,5.426895318820943,326.06339860109,1.3328605572596104,0,0.0001205705,0.0,524000.0,100000.0,1.6679093226611112,0.0011242713215529956,True,vec,16,"{""1"": 14, ""2"": 15, ""3"": 15, ""4"": 12, ""5"": 13, ""6"": 3, ""7"": 3, ""8"": 1, ""9"": 15, ""10"": 10, ""11"": 5}"
1569,1569,True,,mpeg4\random\mappings\sample_1569_seed_1569.csv,5.024014883571617,326.0485022422,1.1248020092555697,0,0.0001210647,0.0,504000.0,84000.0,1.3828294180532332,0.0011258633507991202,True,vec,16,"{""1"": 12, ""2"": 12, ""3"": 13, ""4"": 1, ""5"": 6, ""6"": 9, ""7"": 1, ""8"": 6, ""9"": 3, ""10"": 5, ""11"": 10}"
1570,1570,True,,mpeg4\random\mappings\sample_1570_seed_1570.csv,4.963625902048052,326.37861505258,1.2620693562789178,0,0.0001218778,0.0,388000.0,56000.0,1.7293111482689618,0.0011306552093725845,True,vec,16,"{""1"": 2, ""2"": 1, ""3"": 0, ""4"": 0, ""5"": 5, ""6"": 9, ""7"": 0, ""8"": 7, ""9"": 13, ""10"": 11, ""11"": 11}"
1571,1571,True,,mpeg4\random\mappings\sample_1571_seed_1571.csv,5.38304534623449,326.02953138746,1.185931733166668,0,0.00012266,0.0,500000.0,104000.0,1.7775554398179874,0.001134581876683532,True,vec,16,"{""1"": 5, ""2"": 13, ""3"": 9, ""4"": 5, ""5"": 3, ""6"": 8, ""7"": 3, ""8"": 4, ""9"": 4, ""10"": 13, ""11"": 13}"
1572,1572,True,,mpeg4\random\mappings\sample_1572_seed_1572.csv,4.930011470391078,325.99822565383,1.177619225652347,0,0.0001212597,0.0,516000.0,80000.0,1.0670486006414297,0.0011271074465618604,True,vec,16,"{""1"": 8, ""2"": 5, ""3"": 2, ""4"": 10, ""5"": 0, ""6"": 4, ""7"": 6, ""8"": 6, ""9"": 13, ""10"": 3, ""11"": 10}"
1573,1573,True,,mpeg4\random\mappings\sample_1573_seed_1573.csv,6.332140530360577,327.29355473396,1.4002648618916842,2,0.0001277519,0.026666812865496874,696000.0,96000.0,0.9705600175433787,0.001164492838672447,True,vec,16,"{""1"": 12, ""2"": 3, ""3"": 7, ""4"": 3, ""5"": 2, ""6"": 15, ""7"": 1, ""8"": 0, ""9"": 8, ""10"": 8, ""11"": 4}"
1574,1574,True,,mpeg4\random\mappings\sample_1574_seed_1574.csv,5.088458909164039,326.17578792991,1.1936108918190698,0,0.0001331357,0.0,564000.0,64000.0,1.2468682327787066,0.0011922349013859573,True,vec,16,"{""1"": 15, ""2"": 4, ""3"": 15, ""4"": 13, ""5"": 12, ""6"": 10, ""7"": 8, ""8"": 7, ""9"": 10, ""10"": 8, ""11"": 6}"
1575,1575,True,,mpeg4\random\mappings\sample_1575_seed_1575.csv,5.318059607838462,326.52866974127,1.1779488722716454,0,0.0001214347,0.0,456000.0,108000.0,1.5319481373865849,0.0011279470592403034,True,vec,16,"{""1"": 7, ""2"": 3, ""3"": 3, ""4"": 13, ""5"": 14, ""6"": 6, ""7"": 14, ""8"": 5, ""9"": 13, ""10"": 10, ""11"": 10}"
1576,1576,True,,mpeg4\random\mappings\sample_1576_seed_1576.csv,5.537069590219488,325.77688420072,1.1614269059134081,0,0.0001393529,0.0,388000.0,72000.0,2.789808393410268,0.0012245561735276453,True,vec,16,"{""1"": 9, ""2"": 10, ""3"": 11, ""4"": 11, ""5"": 10, ""6"": 14, ""7"": 1, ""8"": 10, ""9"": 6, ""10"": 1, ""11"": 10}"
1577,1577,True,,mpeg4\random\mappings\sample_1577_seed_1577.csv,5.466788346900699,327.3570010933,1.2012531376663205,1,0.000122668505,0.006657031250000001,516000.0,52000.0,1.7556262163866123,0.0011353531097054062,True,vec,16,"{""1"": 9, ""2"": 11, ""3"": 15, ""4"": 2, ""5"": 4, ""6"": 2, ""7"": 15, ""8"": 5, ""9"": 11, ""10"": 10, ""11"": 4}"
1578,1578,True,,mpeg4\random\mappings\sample_1578_seed_1578.csv,8.461440931126157,328.68534083377,1.3471666500403652,1,0.0001212423,0.4583125,300000.0,64000.0,2.7424412707984978,0.0011304021636361066,True,vec,16,"{""1"": 14, ""2"": 11, ""3"": 10, ""4"": 11, ""5"": 2, ""6"": 11, ""7"": 11, ""8"": 15, ""9"": 1, ""10"": 9, ""11"": 14}"
1579,1579,True,,mpeg4\random\mappings\sample_1579_seed_1579.csv,5.778218376732708,327.32525716548,1.3057951482674581,1,0.0001226761,0.011120089285714375,580000.0,92000.0,1.2731833008963571,0.001136348900839094,True,vec,16,"{""1"": 3, ""2"": 11, ""3"": 7, ""4"": 13, ""5"": 13, ""6"": 12, ""7"": 3, ""8"": 15, ""9"": 5, ""10"": 15, ""11"": 2}"
1580,1580,True,,mpeg4\random\mappings\sample_1580_seed_1580.csv,5.409154451488443,326.9526675503,1.259705833194804,0,0.0001319036,0.0,428000.0,84000.0,1.738082837641512,0.0011852691061123967,True,vec,16,"{""1"": 4, ""2"": 0, ""3"": 11, ""4"": 0, ""5"": 14, ""6"": 8, ""7"": 12, ""8"": 12, ""9"": 13, ""10"": 12, ""11"": 11}"
1581,1581,True,,mpeg4\random\mappings\sample_1581_seed_1581.csv,5.140879726478613,325.99246496617,1.2679570476056632,0,0.0001215956,0.0,480000.0,48000.0,2.276664565116088,0.001129173038929482,True,vec,16,"{""1"": 11, ""2"": 15, ""3"": 2, ""4"": 1, ""5"": 11, ""6"": 1, ""7"": 2, ""8"": 15, ""9"": 1, ""10"": 10, ""11"": 12}"
1582,1582,True,,mpeg4\random\mappings\sample_1582_seed_1582.csv,5.4341134572754015,327.3187122139,1.201880085176984,1,0.0001218199,0.013137000000000001,596000.0,68000.0,1.0231901537786794,0.0011306928788015868,True,vec,16,"{""1"": 6, ""2"": 7, ""3"": 12, ""4"": 11, ""5"": 10, ""6"": 1, ""7"": 14, ""8"": 13, ""9"": 1, ""10"": 15, ""11"": 13}"
1583,1583,True,,mpeg4\random\mappings\sample_1583_seed_1583.csv,5.425500785952663,326.50218865717,1.2056162977434137,0,0.0001218599,0.0,648000.0,120000.0,0.9793317069159289,0.001131077154982816,True,vec,16,"{""1"": 13, ""2"": 6, ""3"": 5, ""4"": 2, ""5"": 1, ""6"": 14, ""7"": 3, ""8"": 3, ""9"": 1, ""10"": 4, ""11"": 15}"
1584,1584,True,,mpeg4\random\mappings\sample_1584_seed_1584.csv,5.381255902427505,327.23794661648,1.1662095957120104,1,0.0001217147,0.005064930555555562,428000.0,80000.0,1.2907266796414572,0.0011293018352568464,True,vec,16,"{""1"": 10, ""2"": 9, ""3"": 2, ""4"": 7, ""5"": 5, ""6"": 9, ""7"": 14, ""8"": 3, ""9"": 4, ""10"": 8, ""11"": 2}"
1585,1585,True,,mpeg4\random\mappings\sample_1585_seed_1585.csv,5.058978197126676,327.05215441898,1.292362232290872,0,0.0001216169,0.0,412000.0,48000.0,1.8565006441709382,0.0011289388569954496,True,vec,16,"{""1"": 10, ""2"": 0, ""3"": 8, ""4"": 5, ""5"": 8, ""6"": 12, ""7"": 1, ""8"": 15, ""9"": 12, ""10"": 8, ""11"": 15}"
1586,1586,True,,mpeg4\random\mappings\sample_1586_seed_1586.csv,4.78257264699138,326.17627892052,1.222625448629493,0,0.0001218916,0.0,436000.0,48000.0,1.4135303308571585,0.001130335325115693,True,vec,16,"{""1"": 11, ""2"": 4, ""3"": 12, ""4"": 4, ""5"": 14, ""6"": 7, ""7"": 3, ""8"": 2, ""9"": 15, ""10"": 4, ""11"": 11}"
1587,1587,True,,mpeg4\random\mappings\sample_1587_seed_1587.csv,5.187621367836117,325.97406192001,1.2770519681941976,0,0.0001220678,0.0,500000.0,88000.0,1.4223020202297085,0.0011317870200465365,True,vec,16,"{""1"": 2, ""2"": 5, ""3"": 2, ""4"": 4, ""5"": 13, ""6"": 12, ""7"": 15, ""8"": 1, ""9"": 6, ""10"": 5, ""11"": 5}"
1588,1588,True,,mpeg4\random\mappings\sample_1588_seed_1588.csv,5.0695034502327605,326.86873792791,1.1500882916462813,0,0.0001219267,0.0,448000.0,80000.0,1.4223020202297085,0.0011303289499889463,True,vec,16,"{""1"": 4, ""2"": 2, ""3"": 7, ""4"": 5, ""5"": 10, ""6"": 8, ""7"": 0, ""8"": 7, ""9"": 11, ""10"": 4, ""11"": 8}"
1589,1589,True,,mpeg4\random\mappings\sample_1589_seed_1589.csv,5.2326884369107205,325.91032723646,1.2241943611798443,0,0.0001271918,0.0,580000.0,88000.0,1.2907266796414572,0.001159669285870152,True,vec,16,"{""1"": 1, ""2"": 5, ""3"": 3, ""4"": 0, ""5"": 6, ""6"": 0, ""7"": 10, ""8"": 14, ""9"": 12, ""10"": 12, ""11"": 10}"
1590,1590,True,,mpeg4\random\mappings\sample_1590_seed_1590.csv,5.645605611995087,327.20841352406,1.2624160967839337,1,0.0001226669,0.000825825471698125,692000.0,72000.0,1.3389709711904827,0.0011360513454545002,True,vec,16,"{""1"": 1, ""2"": 11, ""3"": 0, ""4"": 3, ""5"": 10, ""6"": 12, ""7"": 6, ""8"": 12, ""9"": 15, ""10"": 12, ""11"": 8}"
1591,1591,True,,mpeg4\random\mappings\sample_1591_seed_1591.csv,4.872130320006787,326.81587959536,1.1177921143416663,0,0.0001222679,0.0,556000.0,64000.0,1.0056467750335791,0.0011327575026790699,True,vec,16,"{""1"": 5, ""2"": 4, ""3"": 13, ""4"": 3, ""5"": 7, ""6"": 9, ""7"": 3, ""8"": 14, ""9"": 8, ""10"": 7, ""11"": 1}"
1592,1592,True,,mpeg4\random\mappings\sample_1592_seed_1592.csv,5.200623870508468,326.19075323143,1.2329373288949868,0,0.0001331329,0.0,604000.0,72000.0,1.185466407170856,0.0011928933915084066,True,vec,16,"{""1"": 11, ""2"": 6, ""3"": 11, ""4"": 3, ""5"": 15, ""6"": 4, ""7"": 14, ""8"": 7, ""9"": 14, ""10"": 6, ""11"": 0}"
1593,1593,True,,mpeg4\random\mappings\sample_1593_seed_1593.csv,6.1712288299135105,327.36157672738,1.2242714686398029,1,0.0001223716,0.0208815972222225,696000.0,120000.0,1.466160467092459,0.0011343462296648195,True,vec,16,"{""1"": 13, ""2"": 3, ""3"": 15, ""4"": 12, ""5"": 2, ""6"": 13, ""7"": 14, ""8"": 10, ""9"": 5, ""10"": 2, ""11"": 2}"
1594,1594,True,,mpeg4\random\mappings\sample_1594_seed_1594.csv,5.048616582163579,325.94131930347,1.1026385940937402,0,0.0001216988,0.0,520000.0,80000.0,1.5582632055042351,0.0011291795075775001,True,vec,16,"{""1"": 5, ""2"": 1, ""3"": 9, ""4"": 9, ""5"": 7, ""6"": 2, ""7"": 14, ""8"": 2, ""9"": 1, ""10"": 13, ""11"": 15}"
1595,1595,True,,mpeg4\random\mappings\sample_1595_seed_1595.csv,5.377164362904889,325.87519437699,1.2322825819546654,0,0.0001214036,0.0,532000.0,96000.0,1.8433431101121132,0.00112805866454849,True,vec,16,"{""1"": 7, ""2"": 0, ""3"": 2, ""4"": 11, ""5"": 3, ""6"": 7, ""7"": 3, ""8"": 13, ""9"": 13, ""10"": 14, ""11"": 7}"
1596,1596,True,,mpeg4\random\mappings\sample_1596_seed_1596.csv,5.739530552099796,327.26115945964,1.3626170341322457,1,0.0001225741,0.0075496527777775,720000.0,88000.0,0.8302129875825772,0.00113645140588143,True,vec,16,"{""1"": 3, ""2"": 8, ""3"": 4, ""4"": 5, ""5"": 0, ""6"": 15, ""7"": 0, ""8"": 12, ""9"": 10, ""10"": 6, ""11"": 7}"
1597,1597,True,,mpeg4\random\mappings\sample_1597_seed_1597.csv,4.965364699429996,326.28943562508,1.190563821846201,0,0.0001223419,0.0,584000.0,80000.0,0.8302129875825772,0.0011332301475673332,True,vec,16,"{""1"": 15, ""2"": 14, ""3"": 2, ""4"": 12, ""5"": 6, ""6"": 11, ""7"": 4, ""8"": 5, ""9"": 13, ""10"": 8, ""11"": 12}"
1598,1598,True,,mpeg4\random\mappings\sample_1598_seed_1598.csv,5.110639961840647,327.23612508401,1.2794523099064246,1,0.0001216148,0.0032745833333333125,372000.0,48000.0,1.181080562484581,0.0011293368979626217,True,vec,16,"{""1"": 15, ""2"": 13, ""3"": 13, ""4"": 0, ""5"": 9, ""6"": 2, ""7"": 4, ""8"": 11, ""9"": 3, ""10"": 2, ""11"": 12}"
1599,1599,True,,mpeg4\random\mappings\sample_1599_seed_1599.csv,4.972017140750284,326.07724890813,1.2214818465539263,0,0.0001225396,0.0,524000.0,72000.0,1.181080562484581,0.0011341919725341289,True,vec,16,"{""1"": 15, ""2"": 0, ""3"": 6, ""4"": 2, ""5"": 3, ""6"": 10, ""7"": 14, ""8"": 6, ""9"": 10, ""10"": 8, ""11"": 12}"
1600,1600,True,,mpeg4\random\mappings\sample_1600_seed_1600.csv,5.030349642928947,326.14743699514,1.2020163153339665,0,0.0001220737,0.0,664000.0,72000.0,1.0056467750335791,0.0011319100973321637,True,vec,16,"{""1"": 0, ""2"": 11, ""3"": 13, ""4"": 13, ""5"": 6, ""6"": 3, ""7"": 1, ""8"": 4, ""9"": 15, ""10"": 8, ""11"": 12}"
1601,1601,True,,mpeg4\random\mappings\sample_1601_seed_1601.csv,5.486067086261202,326.03380817092,1.1926041953723245,0,0.0001221869,0.0,520000.0,100000.0,2.106493791288616,0.0011319633663097702,True,vec,16,"{""1"": 12, ""2"": 15, ""3"": 5, ""4"": 8, ""5"": 12, ""6"": 9, ""7"": 3, ""8"": 9, ""9"": 8, ""10"": 9, ""11"": 5}"
1602,1602,True,,mpeg4\random\mappings\sample_1602_seed_1602.csv,4.857124764413314,326.34219791606,1.1533702950364977,0,0.0001207522,0.0,424000.0,88000.0,0.8960006578767029,0.0011240442533228805,True,vec,16,"{""1"": 8, ""2"": 9, ""3"": 1, ""4"": 12, ""5"": 13, ""6"": 10, ""7"": 10, ""8"": 15, ""9"": 6, ""10"": 11, ""11"": 7}"
1603,1603,True,,mpeg4\random\mappings\sample_1603_seed_1603.csv,4.861477319486332,326.22532279618,1.168656250679805,0,0.0001211884,0.0,416000.0,52000.0,1.7293111482689618,0.0011257662330521688,True,vec,16,"{""1"": 1, ""2"": 13, ""3"": 6, ""4"": 4, ""5"": 11, ""6"": 4, ""7"": 4, ""8"": 0, ""9"": 1, ""10"": 8, ""11"": 10}"
1604,1604,True,,mpeg4\random\mappings\sample_1604_seed_1604.csv,5.22236928104365,325.86324823581,1.135748441549976,0,0.0001218728,0.0,592000.0,104000.0,1.2600257668375319,0.0011304287295300511,True,vec,16,"{""1"": 0, ""2"": 8, ""3"": 6, ""4"": 9, ""5"": 14, ""6"": 11, ""7"": 13, ""8"": 14, ""9"": 6, ""10"": 8, ""11"": 10}"
1605,1605,True,,mpeg4\random\mappings\sample_1605_seed_1605.csv,5.4923972494299695,327.29243132753,1.243763979471479,1,0.0001209102,0.0271665,472000.0,72000.0,1.1591513390532058,0.00112579643984022,True,vec,16,"{""1"": 4, ""2"": 2, ""3"": 3, ""4"": 7, ""5"": 14, ""6"": 9, ""7"": 9, ""8"": 13, ""9"": 10, ""10"": 15, ""11"": 7}"
1606,1606,True,,mpeg4\random\mappings\sample_1606_seed_1606.csv,4.969804088163296,326.5251585637,1.3269335712057426,0,0.0001219236,0.0,388000.0,72000.0,1.1986239412296813,0.0011311815904711323,True,vec,16,"{""1"": 14, ""2"": 2, ""3"": 7, ""4"": 1, ""5"": 15, ""6"": 11, ""7"": 10, ""8"": 6, ""9"": 7, ""10"": 15, ""11"": 2}"
1607,1607,True,,mpeg4\random\mappings\sample_1607_seed_1607.csv,5.538875626743511,326.06606818253,1.168823908487342,0,0.0001332129,0.0,564000.0,88000.0,2.0670211891121406,0.001192599457785544,True,vec,16,"{""1"": 3, ""2"": 8, ""3"": 5, ""4"": 8, ""5"": 4, ""6"": 8, ""7"": 7, ""8"": 15, ""9"": 5, ""10"": 7, ""11"": 0}"
1608,1608,True,,mpeg4\random\mappings\sample_1608_seed_1608.csv,5.0288616501475305,325.99124809158,1.1498483970378106,0,0.0001206944,0.0,440000.0,72000.0,1.8161508730572078,0.0011232886588873215,True,vec,16,"{""1"": 5, ""2"": 11, ""3"": 2, ""4"": 10, ""5"": 2, ""6"": 13, ""7"": 13, ""8"": 11, ""9"": 7, ""10"": 6, ""11"": 5}"
1609,1609,True,,mpeg4\random\mappings\sample_1609_seed_1609.csv,5.14222571057884,325.97536895616,1.2010956211856738,0,0.0001275847,0.0,488000.0,68000.0,1.751240371700337,0.0011615767307308494,True,vec,16,"{""1"": 13, ""2"": 7, ""3"": 15, ""4"": 6, ""5"": 15, ""6"": 2, ""7"": 10, ""8"": 2, ""9"": 5, ""10"": 5, ""11"": 5}"
1610,1610,True,,mpeg4\random\mappings\sample_1610_seed_1610.csv,4.542849788806039,326.36841564917,1.1369335267774818,0,0.0001219397,0.0,472000.0,48000.0,0.7644253172884515,0.0011303644999952134,True,vec,16,"{""1"": 9, ""2"": 12, ""3"": 1, ""4"": 14, ""5"": 0, ""6"": 5, ""7"": 10, ""8"": 4, ""9"": 8, ""10"": 15, ""11"": 10}"
1611,1611,True,,mpeg4\random\mappings\sample_1611_seed_1611.csv,5.703802968473893,326.04506872947,1.1036596117134148,0,0.0001395978,0.0,460000.0,80000.0,2.925769578684795,0.0012250073890294458,True,vec,16,"{""1"": 9, ""2"": 8, ""3"": 8, ""4"": 2, ""5"": 2, ""6"": 1, ""7"": 8, ""8"": 8, ""9"": 6, ""10"": 3, ""11"": 3}"
1612,1612,True,,mpeg4\random\mappings\sample_1612_seed_1612.csv,6.229064957025864,327.27738143474,1.2491136088157275,1,0.0001224577,0.0157625,688000.0,144000.0,1.1591513390532058,0.001135148251922056,True,vec,16,"{""1"": 4, ""2"": 14, ""3"": 0, ""4"": 1, ""5"": 9, ""6"": 4, ""7"": 1, ""8"": 5, ""9"": 15, ""10"": 3, ""11"": 13}"
1613,1613,True,,mpeg4\random\mappings\sample_1613_seed_1613.csv,5.234001403473128,325.95624114662,1.1193502175114562,0,0.0001274268,0.0,540000.0,72000.0,1.9705326060140895,0.0011605118615302288,True,vec,16,"{""1"": 10, ""2"": 2, ""3"": 11, ""4"": 11, ""5"": 10, ""6"": 4, ""7"": 1, ""8"": 12, ""9"": 10, ""10"": 10, ""11"": 5}"
1614,1614,True,,mpeg4\random\mappings\sample_1614_seed_1614.csv,5.5180313407947965,325.8998343606,1.108469453222847,0,0.0001216347,0.0,328000.0,124000.0,2.4178887640141444,0.0011283275979994754,True,vec,16,"{""1"": 6, ""2"": 4, ""3"": 4, ""4"": 7, ""5"": 5, ""6"": 7, ""7"": 10, ""8"": 7, ""9"": 5, ""10"": 11, ""11"": 11}"
1615,1615,True,,mpeg4\random\mappings\sample_1615_seed_1615.csv,5.358948168153004,327.28353709696,1.2327476733351692,1,0.0001222576,0.01985425,492000.0,60000.0,1.09336366875908,0.0011328904382510595,True,vec,16,"{""1"": 11, ""2"": 9, ""3"": 0, ""4"": 1, ""5"": 11, ""6"": 5, ""7"": 1, ""8"": 8, ""9"": 12, ""10"": 13, ""11"": 7}"
1616,1616,True,,mpeg4\random\mappings\sample_1616_seed_1616.csv,5.488847441178448,325.6231232187,1.0972538880139453,0,0.0001323976,0.0,380000.0,120000.0,2.018776897563115,0.0011872103440823169,True,vec,16,"{""1"": 11, ""2"": 4, ""3"": 5, ""4"": 10, ""5"": 4, ""6"": 10, ""7"": 11, ""8"": 9, ""9"": 14, ""10"": 11, ""11"": 9}"
1617,1617,True,,mpeg4\random\mappings\sample_1617_seed_1617.csv,4.99209869010564,326.22441522237,1.1105497888277303,0,0.0001216167,0.0,420000.0,76000.0,1.6591376332885612,0.0011285358653145986,True,vec,16,"{""1"": 15, ""2"": 7, ""3"": 6, ""4"": 10, ""5"": 5, ""6"": 6, ""7"": 9, ""8"": 8, ""9"": 15, ""10"": 5, ""11"": 7}"
1618,1618,True,,mpeg4\random\mappings\sample_1618_seed_1618.csv,5.61406970970351,326.99299434516,1.2467743293221598,0,0.0001218116,0.0,460000.0,72000.0,2.869630766700474,0.001130180754368201,True,vec,16,"{""1"": 2, ""2"": 9, ""3"": 11, ""4"": 11, ""5"": 2, ""6"": 11, ""7"": 15, ""8"": 12, ""9"": 5, ""10"": 11, ""11"": 3}"
1619,1619,True,,mpeg4\random\mappings\sample_1619_seed_1619.csv,5.502337564006456,327.28333508253,1.300320797436387,1,0.0001216459,0.0211884375,520000.0,72000.0,1.0056467750335791,0.0011302425783457945,True,vec,16,"{""1"": 1, ""2"": 6, ""3"": 7, ""4"": 3, ""5"": 7, ""6"": 13, ""7"": 0, ""8"": 9, ""9"": 15, ""10"": 4, ""11"": 8}"
1620,1620,True,,mpeg4\random\mappings\sample_1620_seed_1620.csv,5.745133255206605,327.40040255359,1.371684117924367,1,0.0001215517,0.014720723684210625,372000.0,84000.0,1.738082837641512,0.001129589874472558,True,vec,16,"{""1"": 2, ""2"": 7, ""3"": 11, ""4"": 10, ""5"": 3, ""6"": 2, ""7"": 0, ""8"": 3, ""9"": 2, ""10"": 10, ""11"": 15}"
1621,1621,True,,mpeg4\random\mappings\sample_1621_seed_1621.csv,5.375793574728132,327.31880374443,1.231148767446206,1,0.0001216988,0.012395265151515,448000.0,72000.0,1.1196787368767303,0.0011297757739664534,True,vec,16,"{""1"": 5, ""2"": 8, ""3"": 4, ""4"": 11, ""5"": 8, ""6"": 7, ""7"": 14, ""8"": 0, ""9"": 3, ""10"": 9, ""11"": 0}"
1622,1622,True,,mpeg4\random\mappings\sample_1622_seed_1622.csv,4.681994542073958,326.01937534826,1.1700223754979155,0,0.0001208496,0.0,432000.0,60000.0,1.0670486006414297,0.0011241814168212818,True,vec,16,"{""1"": 14, ""2"": 14, ""3"": 15, ""4"": 5, ""5"": 3, ""6"": 9, ""7"": 5, ""8"": 11, ""9"": 8, ""10"": 2, ""11"": 4}"
1623,1623,True,,mpeg4\random\mappings\sample_1623_seed_1623.csv,5.267285071508145,326.20917071428,1.1578099011033873,0,0.0001216639,0.0,544000.0,80000.0,1.913516625092514,0.001129354553606924,True,vec,16,"{""1"": 4, ""2"": 12, ""3"": 9, ""4"": 1, ""5"": 9, ""6"": 3, ""7"": 9, ""8"": 1, ""9"": 0, ""10"": 2, ""11"": 14}"
1624,1624,True,,mpeg4\random\mappings\sample_1624_seed_1624.csv,5.209536505343112,325.93689707496,1.1367749073228117,0,0.0001225288,0.0,556000.0,112000.0,1.09336366875908,0.0011339701831136228,True,vec,16,"{""1"": 7, ""2"": 0, ""3"": 6, ""4"": 10, ""5"": 11, ""6"": 7, ""7"": 9, ""8"": 15, ""9"": 4, ""10"": 3, ""11"": 9}"
1625,1625,True,,mpeg4\random\mappings\sample_1625_seed_1625.csv,5.41686180981545,326.86044057015,1.146290167614389,0,0.0001226539,0.0,512000.0,128000.0,1.1372221156218305,0.001134372095722269,True,vec,16,"{""1"": 10, ""2"": 8, ""3"": 14, ""4"": 6, ""5"": 4, ""6"": 11, ""7"": 12, ""8"": 10, ""9"": 6, ""10"": 8, ""11"": 9}"
1626,1626,True,,mpeg4\random\mappings\sample_1626_seed_1626.csv,5.319480585844972,326.94866148635,1.210816348635204,0,0.0001223801,0.0,708000.0,100000.0,0.803897919464927,0.0011343108405194855,True,vec,16,"{""1"": 10, ""2"": 5, ""3"": 9, ""4"": 3, ""5"": 11, ""6"": 0, ""7"": 15, ""8"": 4, ""9"": 14, ""10"": 6, ""11"": 4}"
1627,1627,True,,mpeg4\random\mappings\sample_1627_seed_1627.csv,5.571536685176252,327.32322591576,1.2386173058703491,1,0.0001220356,0.016734375000000003,572000.0,64000.0,1.4223020202297085,0.0011316242760365128,True,vec,16,"{""1"": 11, ""2"": 12, ""3"": 4, ""4"": 7, ""5"": 14, ""6"": 7, ""7"": 3, ""8"": 8, ""9"": 0, ""10"": 4, ""11"": 11}"
1628,1628,True,,mpeg4\random\mappings\sample_1628_seed_1628.csv,5.171337302816601,326.79602733109,1.172220091949922,0,0.0001222676,0.0,596000.0,72000.0,1.453002933033634,0.0011326312522665825,True,vec,16,"{""1"": 3, ""2"": 8, ""3"": 15, ""4"": 8, ""5"": 2, ""6"": 6, ""7"": 7, ""8"": 7, ""9"": 12, ""10"": 8, ""11"": 14}"
1629,1629,True,,mpeg4\random\mappings\sample_1629_seed_1629.csv,6.9577691383393345,327.80764601395,1.2703712869567472,2,0.0001218437,0.09900111111111112,728000.0,144000.0,0.7644253172884515,0.0011326765625529062,True,vec,16,"{""1"": 14, ""2"": 1, ""3"": 4, ""4"": 6, ""5"": 9, ""6"": 12, ""7"": 14, ""8"": 5, ""9"": 3, ""10"": 11, ""11"": 0}"
1630,1630,True,,mpeg4\random\mappings\sample_1630_seed_1630.csv,4.562380715520165,326.41434138241,1.18289695545862,0,0.0001216156,0.0,396000.0,48000.0,0.9223157259943532,0.0011285589871624264,True,vec,16,"{""1"": 1, ""2"": 8, ""3"": 12, ""4"": 9, ""5"": 14, ""6"": 5, ""7"": 4, ""8"": 10, ""9"": 6, ""10"": 10, ""11"": 4}"
1631,1631,True,,mpeg4\random\mappings\sample_1631_seed_1631.csv,5.410082474613923,327.32101160848,1.3358394242104539,1,0.0001222667,0.0026537500000000003,436000.0,72000.0,1.1547654943669308,0.001132894686364493,True,vec,16,"{""1"": 1, ""2"": 11, ""3"": 13, ""4"": 10, ""5"": 12, ""6"": 0, ""7"": 2, ""8"": 5, ""9"": 0, ""10"": 1, ""11"": 11}"
1632,1632,True,,mpeg4\random\mappings\sample_1632_seed_1632.csv,6.317331407250647,327.83042711137,1.25985053952999,1,0.0001221688,0.1564392361111125,512000.0,88000.0,0.7424960938570763,0.0011336784378039927,True,vec,16,"{""1"": 6, ""2"": 4, ""3"": 13, ""4"": 11, ""5"": 10, ""6"": 15, ""7"": 9, ""8"": 0, ""9"": 12, ""10"": 10, ""11"": 5}"
1633,1633,True,,mpeg4\random\mappings\sample_1633_seed_1633.csv,5.897422024957091,327.39450924782,1.2921652617954842,1,0.0001277457,0.0283434027777775,520000.0,92000.0,1.3345851265042077,0.0011633069948696676,True,vec,16,"{""1"": 12, ""2"": 15, ""3"": 3, ""4"": 14, ""5"": 14, ""6"": 4, ""7"": 4, ""8"": 9, ""9"": 1, ""10"": 1, ""11"": 11}"
1634,1634,True,,mpeg4\random\mappings\sample_1634_seed_1634.csv,5.0250674072157935,326.85694914386,1.1346627541106404,0,0.0001222197,0.0,596000.0,88000.0,0.7424960938570763,0.0011325249911119176,True,vec,16,"{""1"": 3, ""2"": 13, ""3"": 11, ""4"": 1, ""5"": 10, ""6"": 6, ""7"": 14, ""8"": 0, ""9"": 1, ""10"": 15, ""11"": 9}"
1635,1635,True,,mpeg4\random\mappings\sample_1635_seed_1635.csv,4.786228661942444,326.02724143695,1.294502275590495,0,0.0001218407,0.0,372000.0,80000.0,0.7644253172884515,0.0011303411743826314,True,vec,16,"{""1"": 2, ""2"": 6, ""3"": 14, ""4"": 10, ""5"": 12, ""6"": 8, ""7"": 13, ""8"": 15, ""9"": 11, ""10"": 9, ""11"": 2}"
1636,1636,True,,mpeg4\random\mappings\sample_1636_seed_1636.csv,6.125226103113247,326.07056226751,1.2767224684889829,0,0.0001221618,0.0,764000.0,160000.0,1.7117677695238618,0.001132851484724473,True,vec,16,"{""1"": 4, ""2"": 15, ""3"": 4, ""4"": 3, ""5"": 11, ""6"": 7, ""7"": 1, ""8"": 3, ""9"": 9, ""10"": 8, ""11"": 3}"
1637,1637,True,,mpeg4\random\mappings\sample_1637_seed_1637.csv,6.523052117203024,327.80342252194,1.317221724776177,2,0.0001226417,0.13162708333333334,548000.0,60000.0,1.2687974562100819,0.0011361302522142523,True,vec,16,"{""1"": 10, ""2"": 3, ""3"": 13, ""4"": 13, ""5"": 10, ""6"": 12, ""7"": 9, ""8"": 6, ""9"": 0, ""10"": 4, ""11"": 2}"
1638,1638,True,,mpeg4\random\mappings\sample_1638_seed_1638.csv,5.296432688476695,326.13826851089,1.2270841498452096,0,0.0001213688,0.0,556000.0,88000.0,1.6635234779748362,0.0011279686993190471,True,vec,16,"{""1"": 14, ""2"": 13, ""3"": 7, ""4"": 0, ""5"": 7, ""6"": 4, ""7"": 13, ""8"": 8, ""9"": 8, ""10"": 10, ""11"": 0}"
1639,1639,True,,mpeg4\random\mappings\sample_1639_seed_1639.csv,6.31727743513877,328.15059825313,1.217632704867366,1,0.000121596,0.126070625,756000.0,72000.0,0.9398591047394534,0.0011311645694933278,True,vec,16,"{""1"": 2, ""2"": 0, ""3"": 8, ""4"": 7, ""5"": 10, ""6"": 12, ""7"": 2, ""8"": 11, ""9"": 7, ""10"": 3, ""11"": 5}"
1640,1640,True,,mpeg4\random\mappings\sample_1640_seed_1640.csv,5.123768439711114,327.209035247,1.2153146279373923,1,0.0001218596,0.000980625,380000.0,60000.0,1.1021353581316302,0.001130429234197289,True,vec,16,"{""1"": 10, ""2"": 15, ""3"": 4, ""4"": 15, ""5"": 5, ""6"": 11, ""7"": 7, ""8"": 0, ""9"": 11, ""10"": 3, ""11"": 9}"
1641,1641,True,,mpeg4\random\mappings\sample_1641_seed_1641.csv,5.492944209355031,326.28887563707,1.252802803116427,0,0.0001226599,0.0,632000.0,72000.0,2.2292974425043175,0.001135774113032274,True,vec,16,"{""1"": 11, ""2"": 12, ""3"": 14, ""4"": 14, ""5"": 12, ""6"": 4, ""7"": 11, ""8"": 14, ""9"": 9, ""10"": 7, ""11"": 0}"
1642,1642,True,,mpeg4\random\mappings\sample_1642_seed_1642.csv,5.3280427665745504,325.76019807473,1.2058042695053366,0,0.0001281216,0.0,548000.0,84000.0,1.7907129738768126,0.0011646542327697024,True,vec,16,"{""1"": 12, ""2"": 7, ""3"": 1, ""4"": 15, ""5"": 15, ""6"": 1, ""7"": 4, ""8"": 4, ""9"": 5, ""10"": 5, ""11"": 13}"
1643,1643,True,,mpeg4\random\mappings\sample_1643_seed_1643.csv,4.530161342148012,325.8679248889,1.089600301162623,0,0.0001212077,0.0,436000.0,52000.0,1.0144184644061292,0.0011262496641240272,True,vec,16,"{""1"": 10, ""2"": 14, ""3"": 12, ""4"": 1, ""5"": 9, ""6"": 5, ""7"": 8, ""8"": 1, ""9"": 7, ""10"": 10, ""11"": 2}"
1644,1644,True,,mpeg4\random\mappings\sample_1644_seed_1644.csv,6.131424528229544,327.19496163729,1.2747376915616098,1,0.0001420829,0.0008498922413793125,680000.0,72000.0,2.0538636550533154,0.0012404012174152498,True,vec,16,"{""1"": 14, ""2"": 0, ""3"": 0, ""4"": 6, ""5"": 8, ""6"": 8, ""7"": 5, ""8"": 1, ""9"": 2, ""10"": 2, ""11"": 0}"
1645,1645,True,,mpeg4\random\mappings\sample_1645_seed_1645.csv,5.18618219481807,326.17322916483,1.1182293667384922,0,0.0001217777,0.0,368000.0,104000.0,1.7117677695238618,0.0011290972680072578,True,vec,16,"{""1"": 8, ""2"": 10, ""3"": 8, ""4"": 6, ""5"": 9, ""6"": 11, ""7"": 9, ""8"": 9, ""9"": 3, ""10"": 14, ""11"": 13}"
1646,1646,True,,mpeg4\random\mappings\sample_1646_seed_1646.csv,5.717163003039471,327.39479477226,1.3120886856318144,1,0.0001212097,0.008123281250000001,508000.0,96000.0,1.2687974562100819,0.0011276971097047082,True,vec,16,"{""1"": 13, ""2"": 9, ""3"": 8, ""4"": 4, ""5"": 11, ""6"": 15, ""7"": 13, ""8"": 14, ""9"": 4, ""10"": 2, ""11"": 15}"
1647,1647,True,,mpeg4\random\mappings\sample_1647_seed_1647.csv,5.009045521656828,326.44235328295,1.265375305239186,0,0.0001218899,0.0,492000.0,64000.0,1.369671883994408,0.0011310407516987838,True,vec,16,"{""1"": 14, ""2"": 14, ""3"": 2, ""4"": 11, ""5"": 0, ""6"": 1, ""7"": 14, ""8"": 8, ""9"": 7, ""10"": 13, ""11"": 13}"
1648,1648,True,,mpeg4\random\mappings\sample_1648_seed_1648.csv,5.591088548095373,326.27678502485,1.2277224282444659,0,0.0001222797,0.0,820000.0,120000.0,0.988103396288479,0.0011342916308152823,True,vec,16,"{""1"": 0, ""2"": 15, ""3"": 2, ""4"": 0, ""5"": 8, ""6"": 1, ""7"": 4, ""8"": 13, ""9"": 15, ""10"": 10, ""11"": 3}"
1649,1649,True,,mpeg4\random\mappings\sample_1649_seed_1649.csv,5.180367554536542,326.29107710497,1.1457230374542002,0,0.0001219899,0.0,616000.0,96000.0,1.1021353581316302,0.0011312307871931013,True,vec,16,"{""1"": 13, ""2"": 8, ""3"": 5, ""4"": 3, ""5"": 6, ""6"": 14, ""7"": 4, ""8"": 6, ""9"": 5, ""10"": 12, ""11"": 0}"
1650,1650,True,,mpeg4\random\mappings\sample_1650_seed_1650.csv,5.526413324396441,325.80596480031,1.1836550641215375,0,0.000128613,0.0,724000.0,88000.0,1.8038705079356376,0.0011683930033025225,True,vec,16,"{""1"": 15, ""2"": 1, ""3"": 11, ""4"": 4, ""5"": 9, ""6"": 0, ""7"": 7, ""8"": 11, ""9"": 11, ""10"": 11, ""11"": 12}"
1651,1651,True,,mpeg4\random\mappings\sample_1651_seed_1651.csv,4.819698951006478,325.44594273644,1.159766073751863,0,0.0001210396,0.0,416000.0,72000.0,1.4179161755434335,0.001125224544082086,True,vec,16,"{""1"": 0, ""2"": 9, ""3"": 5, ""4"": 7, ""5"": 4, ""6"": 4, ""7"": 8, ""8"": 1, ""9"": 7, ""10"": 6, ""11"": 9}"
1652,1652,True,,mpeg4\random\mappings\sample_1652_seed_1652.csv,5.427586229730904,326.45106226495,1.2056139512502995,0,0.0001226109,0.0,476000.0,92000.0,2.0714070337984154,0.0011344397358394715,True,vec,16,"{""1"": 11, ""2"": 12, ""3"": 5, ""4"": 10, ""5"": 13, ""6"": 12, ""7"": 11, ""8"": 10, ""9"": 12, ""10"": 5, ""11"": 15}"
1653,1653,True,,mpeg4\random\mappings\sample_1653_seed_1653.csv,5.089724253898081,327.10275664594,1.3187934974249005,0,0.00012186,0.0,536000.0,80000.0,0.803897919464927,0.001131840954408932,True,vec,16,"{""1"": 1, ""2"": 1, ""3"": 8, ""4"": 13, ""5"": 6, ""6"": 12, ""7"": 7, ""8"": 2, ""9"": 15, ""10"": 11, ""11"": 5}"
1654,1654,True,,mpeg4\random\mappings\sample_1654_seed_1654.csv,5.038658237517846,326.23385224948,1.1841218647598966,0,0.0001219359,0.0,528000.0,60000.0,1.6854527014062115,0.0011307560427094535,True,vec,16,"{""1"": 7, ""2"": 0, ""3"": 9, ""4"": 7, ""5"": 5, ""6"": 15, ""7"": 8, ""8"": 2, ""9"": 5, ""10"": 15, ""11"": 7}"
1655,1655,True,,mpeg4\random\mappings\sample_1655_seed_1655.csv,4.86845011232985,325.90334772032,1.2150190433349937,0,0.0001211907,0.0,396000.0,56000.0,1.7073819248375868,0.0011265464348152725,True,vec,16,"{""1"": 3, ""2"": 6, ""3"": 5, ""4"": 4, ""5"": 5, ""6"": 4, ""7"": 12, ""8"": 11, ""9"": 3, ""10"": 0, ""11"": 0}"
1656,1656,True,,mpeg4\random\mappings\sample_1656_seed_1656.csv,5.283412684396636,326.2195330986,1.1814591478745098,0,0.0001223708,0.0,600000.0,80000.0,1.728433979331707,0.001133522553769121,True,vec,16,"{""1"": 15, ""2"": 7, ""3"": 1, ""4"": 15, ""5"": 15, ""6"": 5, ""7"": 14, ""8"": 7, ""9"": 3, ""10"": 8, ""11"": 12}"
1657,1657,True,,mpeg4\random\mappings\sample_1657_seed_1657.csv,5.079534416185506,326.39966721271,1.2661486364854688,0,0.0001202924,0.0,480000.0,80000.0,1.3082700583865574,0.001121816670064056,True,vec,16,"{""1"": 14, ""2"": 14, ""3"": 5, ""4"": 0, ""5"": 6, ""6"": 12, ""7"": 12, ""8"": 3, ""9"": 6, ""10"": 4, ""11"": 13}"
1658,1658,True,,mpeg4\random\mappings\sample_1658_seed_1658.csv,4.858190828043515,325.94700417449,1.174009236391027,0,0.0001225148,0.0,368000.0,68000.0,1.5144047586414846,0.0011331482938462746,True,vec,16,"{""1"": 14, ""2"": 11, ""3"": 5, ""4"": 4, ""5"": 10, ""6"": 8, ""7"": 11, ""8"": 10, ""9"": 8, ""10"": 4, ""11"": 13}"
1659,1659,True,,mpeg4\random\mappings\sample_1659_seed_1659.csv,4.893290097693877,325.82320724112,1.1006865748750696,0,0.0001327718,0.0,556000.0,72000.0,0.8565280557002275,0.0011896173081869892,True,vec,16,"{""1"": 14, ""2"": 8, ""3"": 9, ""4"": 3, ""5"": 0, ""6"": 1, ""7"": 10, ""8"": 11, ""9"": 8, ""10"": 10, ""11"": 6}"
1660,1660,True,,mpeg4\random\mappings\sample_1660_seed_1660.csv,5.822324519316551,327.34717584559,1.313884853674408,1,0.0001276188,0.012913257575757502,572000.0,88000.0,1.2863408349551821,0.001163009406465625,True,vec,16,"{""1"": 3, ""2"": 7, ""3"": 15, ""4"": 0, ""5"": 12, ""6"": 7, ""7"": 9, ""8"": 3, ""9"": 14, ""10"": 14, ""11"": 4}"
1661,1661,True,,mpeg4\random\mappings\sample_1661_seed_1661.csv,5.60089114855271,327.37960012923,1.3050749472974053,1,0.0001224728,0.0118942434210525,500000.0,80000.0,1.2380965434061566,0.0011344743318496713,True,vec,16,"{""1"": 15, ""2"": 2, ""3"": 11, ""4"": 5, ""5"": 3, ""6"": 7, ""7"": 1, ""8"": 3, ""9"": 9, ""10"": 2, ""11"": 15}"
1662,1662,True,,mpeg4\random\mappings\sample_1662_seed_1662.csv,5.075199005229238,326.0366850132,1.1925656287456194,0,0.0001213558,0.0,484000.0,92000.0,1.2468682327787066,0.0011277371948729686,True,vec,16,"{""1"": 9, ""2"": 8, ""3"": 13, ""4"": 1, ""5"": 1, ""6"": 0, ""7"": 6, ""8"": 10, ""9"": 3, ""10"": 14, ""11"": 13}"
1663,1663,True,,mpeg4\random\mappings\sample_1663_seed_1663.csv,4.806992817472903,325.88333834099,1.1021310135732585,0,0.0001215856,0.0,376000.0,64000.0,1.645980099229736,0.0011280361755788787,True,vec,16,"{""1"": 3, ""2"": 2, ""3"": 10, ""4"": 5, ""5"": 11, ""6"": 6, ""7"": 5, ""8"": 10, ""9"": 2, ""10"": 13, ""11"": 11}"
1664,1664,True,,mpeg4\random\mappings\sample_1664_seed_1664.csv,5.026753461945055,326.02935555697,1.1865531291539084,0,0.0001213389,0.0,580000.0,72000.0,1.3170417477591074,0.0011278110594567085,True,vec,16,"{""1"": 12, ""2"": 9, ""3"": 9, ""4"": 8, ""5"": 4, ""6"": 13, ""7"": 7, ""8"": 0, ""9"": 0, ""10"": 10, ""11"": 7}"
1665,1665,True,,mpeg4\random\mappings\sample_1665_seed_1665.csv,5.690540288325544,326.15537328455,1.355023838262235,0,0.0001231321,0.0,652000.0,120000.0,1.453002933033634,0.0011389629107291907,True,vec,16,"{""1"": 14, ""2"": 1, ""3"": 0, ""4"": 0, ""5"": 2, ""6"": 12, ""7"": 3, ""8"": 2, ""9"": 14, ""10"": 10, ""11"": 8}"
1666,1666,True,,mpeg4\random\mappings\sample_1666_seed_1666.csv,5.0664348690424506,326.16370318734,1.1841131158109974,0,0.0001218569,0.0,636000.0,72000.0,1.2249390093473316,0.0011309711582974937,True,vec,16,"{""1"": 7, ""2"": 0, ""3"": 0, ""4"": 9, ""5"": 10, ""6"": 3, ""7"": 9, ""8"": 11, ""9"": 6, ""10"": 14, ""11"": 8}"
1667,1667,True,,mpeg4\random\mappings\sample_1667_seed_1667.csv,6.573733525547537,327.82170573512,1.3129822615660371,2,0.0001220308,0.13520437500000207,592000.0,76000.0,0.900386502562978,0.0011334325551639467,True,vec,16,"{""1"": 15, ""2"": 9, ""3"": 2, ""4"": 11, ""5"": 1, ""6"": 3, ""7"": 0, ""8"": 12, ""9"": 9, ""10"": 11, ""11"": 8}"
1668,1668,True,,mpeg4\random\mappings\sample_1668_seed_1668.csv,5.069811594995906,326.03012161921,1.1547411386052135,0,0.0001220348,0.0,564000.0,72000.0,1.5275622927003099,0.001131409421997828,True,vec,16,"{""1"": 3, ""2"": 6, ""3"": 8, ""4"": 14, ""5"": 4, ""6"": 8, ""7"": 6, ""8"": 0, ""9"": 14, ""10"": 5, ""11"": 13}"
1669,1669,True,,mpeg4\random\mappings\sample_1669_seed_1669.csv,5.4125692247311505,325.89362359772,1.1720147560489074,0,0.0001223538,0.0,620000.0,104000.0,1.6187878621748308,0.0011330725716961528,True,vec,16,"{""1"": 7, ""2"": 4, ""3"": 14, ""4"": 2, ""5"": 2, ""6"": 12, ""7"": 5, ""8"": 4, ""9"": 12, ""10"": 11, ""11"": 5}"
1670,1670,True,,mpeg4\random\mappings\sample_1670_seed_1670.csv,6.411543788009366,327.66896819165,1.3027314583993863,1,0.0001211697,0.10768715277777499,628000.0,88000.0,1.457388777719909,0.0011281789901131938,True,vec,16,"{""1"": 13, ""2"": 13, ""3"": 0, ""4"": 6, ""5"": 9, ""6"": 15, ""7"": 13, ""8"": 12, ""9"": 0, ""10"": 1, ""11"": 4}"
1671,1671,True,,mpeg4\random\mappings\sample_1671_seed_1671.csv,5.773856269694184,327.60612507139,1.2869761913028912,1,0.0001220668,0.06220375,508000.0,80000.0,0.8960006578767029,0.0011326682444346295,True,vec,16,"{""1"": 9, ""2"": 8, ""3"": 15, ""4"": 1, ""5"": 10, ""6"": 3, ""7"": 15, ""8"": 14, ""9"": 11, ""10"": 0, ""11"": 12}"
1672,1672,True,,mpeg4\random\mappings\sample_1672_seed_1672.csv,5.581428144772893,327.38915790334,1.1448395012616304,1,0.0001211767,0.019295833333333127,344000.0,76000.0,1.9705326060140895,0.001125978104576033,True,vec,16,"{""1"": 9, ""2"": 6, ""3"": 2, ""4"": 10, ""5"": 2, ""6"": 10, ""7"": 13, ""8"": 1, ""9"": 9, ""10"": 2, ""11"": 0}"
1673,1673,True,,mpeg4\random\mappings\sample_1673_seed_1673.csv,5.049450558160987,326.17070143605,1.2044388460156106,0,0.0001225377,0.0,596000.0,56000.0,1.5758065842493352,0.0011345295343675853,True,vec,16,"{""1"": 9, ""2"": 2, ""3"": 12, ""4"": 4, ""5"": 4, ""6"": 15, ""7"": 13, ""8"": 11, ""9"": 7, ""10"": 9, ""11"": 4}"
1674,1674,True,,mpeg4\random\mappings\sample_1674_seed_1674.csv,5.319561115848198,326.33208665,1.2774491119656404,0,0.0001224761,0.0,636000.0,84000.0,1.3959869521120583,0.0011347244547928394,True,vec,16,"{""1"": 11, ""2"": 3, ""3"": 5, ""4"": 4, ""5"": 15, ""6"": 12, ""7"": 3, ""8"": 5, ""9"": 1, ""10"": 9, ""11"": 11}"
1675,1675,True,,mpeg4\random\mappings\sample_1675_seed_1675.csv,5.413680941379759,327.16167189725,1.2073864417078923,1,0.0001226338,0.000199652777777775,688000.0,84000.0,0.5670623064060744,0.0011355166319693911,True,vec,16,"{""1"": 8, ""2"": 13, ""3"": 0, ""4"": 6, ""5"": 11, ""6"": 4, ""7"": 10, ""8"": 3, ""9"": 12, ""10"": 9, ""11"": 7}"
1676,1676,True,,mpeg4\random\mappings\sample_1676_seed_1676.csv,5.356294546797973,326.01275421044,1.1978712037611297,0,0.0001207503,0.0,500000.0,104000.0,1.746854527014062,0.0011242611814516463,True,vec,16,"{""1"": 0, ""2"": 1, ""3"": 10, ""4"": 14, ""5"": 13, ""6"": 1, ""7"": 1, ""8"": 7, ""9"": 10, ""10"": 3, ""11"": 8}"
1677,1677,True,,mpeg4\random\mappings\sample_1677_seed_1677.csv,5.145417422342287,326.89388768424,1.1156856397955603,0,0.0001217059,0.0,416000.0,72000.0,1.9793042953866395,0.0011292837077366191,True,vec,16,"{""1"": 10, ""2"": 9, ""3"": 8, ""4"": 10, ""5"": 1, ""6"": 1, ""7"": 14, ""8"": 1, ""9"": 2, ""10"": 3, ""11"": 7}"
1678,1678,True,,mpeg4\random\mappings\sample_1678_seed_1678.csv,5.424715730477169,325.66155625425,1.0723075170102307,0,0.0001323516,0.0,432000.0,104000.0,2.102107946602341,0.0011867444728678915,True,vec,16,"{""1"": 8, ""2"": 11, ""3"": 10, ""4"": 2, ""5"": 0, ""6"": 10, ""7"": 11, ""8"": 1, ""9"": 11, ""10"": 8, ""11"": 8}"
1679,1679,True,,mpeg4\random\mappings\sample_1679_seed_1679.csv,5.729372232242739,327.27805889501,1.2405996942801742,2,0.0001211341,0.019409833333333314,500000.0,64000.0,1.2117814752885063,0.001126744562505079,True,vec,16,"{""1"": 2, ""2"": 6, ""3"": 3, ""4"": 7, ""5"": 8, ""6"": 9, ""7"": 9, ""8"": 8, ""9"": 1, ""10"": 14, ""11"": 12}"
1680,1680,True,,mpeg4\random\mappings\sample_1680_seed_1680.csv,4.607733476245019,326.06587449964,1.1352251723739073,0,0.0001219716,0.0,396000.0,56000.0,1.0670486006414297,0.0011301856106073526,True,vec,16,"{""1"": 9, ""2"": 7, ""3"": 2, ""4"": 11, ""5"": 0, ""6"": 6, ""7"": 10, ""8"": 9, ""9"": 3, ""10"": 8, ""11"": 11}"
1681,1681,True,,mpeg4\random\mappings\sample_1681_seed_1681.csv,5.072947158445962,326.14152071087,1.3019672342683641,0,0.0001209963,0.0,548000.0,52000.0,1.7117677695238618,0.001126187426018832,True,vec,16,"{""1"": 8, ""2"": 1, ""3"": 4, ""4"": 8, ""5"": 5, ""6"": 12, ""7"": 12, ""8"": 4, ""9"": 1, ""10"": 6, ""11"": 3}"
1682,1682,True,,mpeg4\random\mappings\sample_1682_seed_1682.csv,5.631834780529802,327.28846866907,1.2506908720547967,1,0.0001226968,0.010522625,472000.0,64000.0,1.922288314465064,0.0011355896274306363,True,vec,16,"{""1"": 11, ""2"": 8, ""3"": 12, ""4"": 8, ""5"": 6, ""6"": 12, ""7"": 5, ""8"": 7, ""9"": 8, ""10"": 7, ""11"": 10}"
1683,1683,True,,mpeg4\random\mappings\sample_1683_seed_1683.csv,5.48230673412895,326.61864398981,1.1484712823192926,0,0.0001310116,0.0,344000.0,80000.0,2.6371809983278967,0.0011796740835088605,True,vec,16,"{""1"": 0, ""2"": 0, ""3"": 5, ""4"": 3, ""5"": 5, ""6"": 10, ""7"": 14, ""8"": 5, ""9"": 5, ""10"": 14, ""11"": 6}"
1684,1684,True,,mpeg4\random\mappings\sample_1684_seed_1684.csv,5.8002394210051165,326.35210485607,1.3669680631602037,0,0.0001273242,0.0,696000.0,80000.0,2.317014336229818,0.0011616723426914773,True,vec,16,"{""1"": 15, ""2"": 0, ""3"": 13, ""4"": 14, ""5"": 8, ""6"": 0, ""7"": 15, ""8"": 8, ""9"": 0, ""10"": 0, ""11"": 9}"
1685,1685,True,,mpeg4\random\mappings\sample_1685_seed_1685.csv,5.635311122523797,325.97529872812,1.2499059526515126,0,0.0001216998,0.0,480000.0,96000.0,2.6371809983278967,0.0011294791531949438,True,vec,16,"{""1"": 4, ""2"": 10, ""3"": 8, ""4"": 4, ""5"": 12, ""6"": 4, ""7"": 2, ""8"": 12, ""9"": 4, ""10"": 11, ""11"": 2}"
1686,1686,True,,mpeg4\random\mappings\sample_1686_seed_1686.csv,5.242167213159392,326.16366014755,1.128264556408943,0,0.0001220187,0.0,508000.0,108000.0,1.374057728680683,0.0011310658606279763,True,vec,16,"{""1"": 6, ""2"": 2, ""3"": 8, ""4"": 14, ""5"": 6, ""6"": 7, ""7"": 2, ""8"": 0, ""9"": 6, ""10"": 4, ""11"": 15}"
1687,1687,True,,mpeg4\random\mappings\sample_1687_seed_1687.csv,5.318376960122981,325.73474071002,1.0747512246230133,0,0.0001330049,0.0,620000.0,96000.0,1.4223020202297085,0.001191197808944074,True,vec,16,"{""1"": 13, ""2"": 2, ""3"": 4, ""4"": 11, ""5"": 6, ""6"": 13, ""7"": 2, ""8"": 7, ""9"": 2, ""10"": 9, ""11"": 12}"
1688,1688,True,,mpeg4\random\mappings\sample_1688_seed_1688.csv,4.878162442401074,325.76966569121,1.0800997291404038,0,0.0001223458,0.0,408000.0,64000.0,1.8170280419944629,0.0011322683207244963,True,vec,16,"{""1"": 9, ""2"": 4, ""3"": 1, ""4"": 5, ""5"": 10, ""6"": 5, ""7"": 14, ""8"": 15, ""9"": 1, ""10"": 9, ""11"": 1}"
1689,1689,True,,mpeg4\random\mappings\sample_1689_seed_1689.csv,4.819926158646092,326.18996039838,1.1306951232829685,0,0.0001220188,0.0,456000.0,80000.0,0.9354732600531783,0.001131161843160489,True,vec,16,"{""1"": 10, ""2"": 11, ""3"": 8, ""4"": 6, ""5"": 13, ""6"": 5, ""7"": 11, ""8"": 12, ""9"": 7, ""10"": 14, ""11"": 14}"
1690,1690,True,,mpeg4\random\mappings\sample_1690_seed_1690.csv,4.823503236035688,327.1499972748,1.23756894490169,0,0.0001220388,0.0,548000.0,48000.0,0.8960006578767029,0.0011321020005327094,True,vec,16,"{""1"": 2, ""2"": 14, ""3"": 15, ""4"": 7, ""5"": 6, ""6"": 5, ""7"": 12, ""8"": 0, ""9"": 13, ""10"": 3, ""11"": 15}"
1691,1691,True,,mpeg4\random\mappings\sample_1691_seed_1691.csv,5.814403128008998,327.28984499407,1.298574424441311,1,0.0001365899,0.012928987068965624,448000.0,68000.0,1.7907129738768126,0.0012104553058572157,True,vec,16,"{""1"": 8, ""2"": 14, ""3"": 12, ""4"": 8, ""5"": 9, ""6"": 11, ""7"": 4, ""8"": 12, ""9"": 15, ""10"": 6, ""11"": 12}"
1692,1692,True,,mpeg4\random\mappings\sample_1692_seed_1692.csv,5.1350826896298,326.88446793874,1.1391029232892196,0,0.0001221678,0.0,424000.0,112000.0,0.9617883281708286,0.0011319700407080694,True,vec,16,"{""1"": 5, ""2"": 6, ""3"": 0, ""4"": 10, ""5"": 1, ""6"": 6, ""7"": 13, ""8"": 11, ""9"": 3, ""10"": 2, ""11"": 14}"
1693,1693,True,,mpeg4\random\mappings\sample_1693_seed_1693.csv,5.1277398704238655,326.31337748756,1.1805265380881937,0,0.0001212117,0.0,448000.0,88000.0,1.5319481373865849,0.0011265661381495208,True,vec,16,"{""1"": 4, ""2"": 5, ""3"": 14, ""4"": 8, ""5"": 7, ""6"": 7, ""7"": 15, ""8"": 6, ""9"": 7, ""10"": 13, ""11"": 13}"
1694,1694,True,,mpeg4\random\mappings\sample_1694_seed_1694.csv,4.905861617921195,325.98227976681,1.0949667994029177,0,0.0001215528,0.0,520000.0,72000.0,1.3433568158767577,0.0011284469702792252,True,vec,16,"{""1"": 1, ""2"": 4, ""3"": 5, ""4"": 3, ""5"": 6, ""6"": 11, ""7"": 13, ""8"": 6, ""9"": 10, ""10"": 1, ""11"": 11}"
1695,1695,True,,mpeg4\random\mappings\sample_1695_seed_1695.csv,5.110677057541886,325.9028184025,1.1489154915384974,0,0.0001220196,0.0,488000.0,80000.0,1.7205394588964118,0.0011306240718542753,True,vec,16,"{""1"": 2, ""2"": 15, ""3"": 1, ""4"": 9, ""5"": 9, ""6"": 14, ""7"": 15, ""8"": 2, ""9"": 8, ""10"": 5, ""11"": 1}"
1696,1696,True,,mpeg4\random\mappings\sample_1696_seed_1696.csv,5.6606691600301415,326.05576036566,1.2845242127564072,0,0.0001328611,0.0,788000.0,84000.0,1.6591376332885612,0.0011919477898058297,True,vec,16,"{""1"": 0, ""2"": 6, ""3"": 0, ""4"": 7, ""5"": 15, ""6"": 12, ""7"": 3, ""8"": 12, ""9"": 9, ""10"": 3, ""11"": 6}"
1697,1697,True,,mpeg4\random\mappings\sample_1697_seed_1697.csv,5.06752389581265,325.97397641176,1.2495526536845927,0,0.0001204683,0.0,484000.0,64000.0,1.7819412845042626,0.00112292036119172,True,vec,16,"{""1"": 11, ""2"": 15, ""3"": 2, ""4"": 1, ""5"": 2, ""6"": 4, ""7"": 4, ""8"": 1, ""9"": 10, ""10"": 6, ""11"": 6}"
1698,1698,True,,mpeg4\random\mappings\sample_1698_seed_1698.csv,5.114783082040955,326.14219088142,1.1786271734631082,0,0.0001213536,0.0,600000.0,84000.0,1.2249390093473316,0.0011278511910448902,True,vec,16,"{""1"": 13, ""2"": 5, ""3"": 13, ""4"": 3, ""5"": 8, ""6"": 2, ""7"": 1, ""8"": 6, ""9"": 12, ""10"": 14, ""11"": 2}"
1699,1699,True,,mpeg4\random\mappings\sample_1699_seed_1699.csv,5.674880737972297,327.19128028241,1.2978001701027686,1,0.0001222207,0.0007152960526315624,536000.0,76000.0,1.6986102354650365,0.0011333136851263857,True,vec,16,"{""1"": 9, ""2"": 12, ""3"": 8, ""4"": 3, ""5"": 12, ""6"": 3, ""7"": 11, ""8"": 7, ""9"": 8, ""10"": 7, ""11"": 13}"
1700,1700,True,,mpeg4\random\mappings\sample_1700_seed_1700.csv,6.1559318057477785,327.28331906707,1.3995957223822573,1,0.0001205882,0.02250125,352000.0,96000.0,2.571393328033771,0.0011238651558936436,True,vec,16,"{""1"": 13, ""2"": 4, ""3"": 4, ""4"": 0, ""5"": 4, ""6"": 12, ""7"": 12, ""8"": 15, ""9"": 5, ""10"": 10, ""11"": 12}"
1701,1701,True,,mpeg4\random\mappings\sample_1701_seed_1701.csv,5.988991306868366,327.33131264469,1.3488023200550965,2,0.0001226028,0.020355541666666872,524000.0,80000.0,1.2030097859159563,0.001135858249402898,True,vec,16,"{""1"": 15, ""2"": 12, ""3"": 3, ""4"": 7, ""5"": 5, ""6"": 1, ""7"": 7, ""8"": 14, ""9"": 5, ""10"": 8, ""11"": 15}"
1702,1702,True,,mpeg4\random\mappings\sample_1702_seed_1702.csv,4.759925023703559,325.98978572908,1.2202090327389101,0,0.000122806,0.0,536000.0,72000.0,0.5670623064060744,0.001135685254216178,True,vec,16,"{""1"": 13, ""2"": 6, ""3"": 4, ""4"": 1, ""5"": 12, ""6"": 11, ""7"": 0, ""8"": 9, ""9"": 8, ""10"": 10, ""11"": 5}"
1703,1703,True,,mpeg4\random\mappings\sample_1703_seed_1703.csv,5.204486035521861,325.85195303306,1.1812987426232413,0,0.0001318888,0.0,632000.0,80000.0,1.1986239412296813,0.00118546957415566,True,vec,16,"{""1"": 12, ""2"": 12, ""3"": 0, ""4"": 11, ""5"": 7, ""6"": 8, ""7"": 1, ""8"": 6, ""9"": 9, ""10"": 1, ""11"": 7}"
1704,1704,True,,mpeg4\random\mappings\sample_1704_seed_1704.csv,4.870769290796788,325.83336802327,1.1148706455806707,0,0.0001225378,0.0,544000.0,72000.0,1.1459938049943805,0.0011339614185646972,True,vec,16,"{""1"": 7, ""2"": 3, ""3"": 5, ""4"": 7, ""5"": 3, ""6"": 9, ""7"": 2, ""8"": 13, ""9"": 1, ""10"": 14, ""11"": 4}"
1705,1705,True,,mpeg4\random\mappings\sample_1705_seed_1705.csv,5.31685714921169,326.82450821851,1.3078977395044062,0,0.0001223149,0.0,556000.0,76000.0,1.5758065842493352,0.0011341451326151992,True,vec,16,"{""1"": 3, ""2"": 1, ""3"": 0, ""4"": 13, ""5"": 3, ""6"": 13, ""7"": 7, ""8"": 15, ""9"": 3, ""10"": 14, ""11"": 2}"
1706,1706,True,,mpeg4\random\mappings\sample_1706_seed_1706.csv,5.4102534343723745,325.94616703901,1.2084287449387885,0,0.0001208781,0.0,444000.0,116000.0,1.7731695951317124,0.0011247826121734165,True,vec,16,"{""1"": 14, ""2"": 15, ""3"": 10, ""4"": 14, ""5"": 14, ""6"": 13, ""7"": 13, ""8"": 0, ""9"": 11, ""10"": 2, ""11"": 9}"
1707,1707,True,,mpeg4\random\mappings\sample_1707_seed_1707.csv,6.23399277405354,327.29276172247,1.11214031073175,1,0.0001527227,0.011255555555555624,436000.0,96000.0,2.2556125106219675,0.0012968451212288326,True,vec,16,"{""1"": 5, ""2"": 3, ""3"": 4, ""4"": 4, ""5"": 4, ""6"": 5, ""7"": 10, ""8"": 0, ""9"": 9, ""10"": 10, ""11"": 2}"
1708,1708,True,,mpeg4\random\mappings\sample_1708_seed_1708.csv,5.220202957720887,325.93752163173,1.0385134041508155,0,0.0001223787,0.0,504000.0,112000.0,1.4837038458375593,0.001132819537079513,True,vec,16,"{""1"": 10, ""2"": 3, ""3"": 9, ""4"": 1, ""5"": 6, ""6"": 9, ""7"": 14, ""8"": 14, ""9"": 7, ""10"": 10, ""11"": 0}"
1709,1709,True,,mpeg4\random\mappings\sample_1709_seed_1709.csv,5.524186656685283,327.256224273,1.266383455656195,1,0.0001223318,0.013488125,416000.0,48000.0,2.0714070337984154,0.0011327590608191025,True,vec,16,"{""1"": 1, ""2"": 14, ""3"": 4, ""4"": 4, ""5"": 0, ""6"": 5, ""7"": 11, ""8"": 1, ""9"": 2, ""10"": 4, ""11"": 1}"
1710,1710,True,,mpeg4\random\mappings\sample_1710_seed_1710.csv,4.842017560830132,325.50012102224,1.1647851793657917,0,0.0001277056,0.0,480000.0,72000.0,1.0495052218963297,0.0011618807787170825,True,vec,16,"{""1"": 12, ""2"": 1, ""3"": 4, ""4"": 14, ""5"": 2, ""6"": 8, ""7"": 5, ""8"": 4, ""9"": 9, ""10"": 9, ""11"": 13}"
1711,1711,True,,mpeg4\random\mappings\sample_1711_seed_1711.csv,4.9721053487406905,326.186372435,1.2445567018873889,0,0.0001206841,0.0,428000.0,72000.0,1.4223020202297085,0.0011237317274081363,True,vec,16,"{""1"": 15, ""2"": 9, ""3"": 9, ""4"": 11, ""5"": 13, ""6"": 12, ""7"": 12, ""8"": 2, ""9"": 4, ""10"": 15, ""11"": 7}"
1712,1712,True,,mpeg4\random\mappings\sample_1712_seed_1712.csv,4.9639790482534885,326.32921744272,1.1815277872870171,0,0.0001271156,0.0,568000.0,72000.0,0.8916148131904279,0.0011596096911880996,True,vec,16,"{""1"": 15, ""2"": 5, ""3"": 6, ""4"": 2, ""5"": 8, ""6"": 10, ""7"": 5, ""8"": 4, ""9"": 14, ""10"": 14, ""11"": 1}"
1713,1713,True,,mpeg4\random\mappings\sample_1713_seed_1713.csv,4.960509587850375,325.70761666785,1.0870147130864352,0,0.0001214976,0.0,532000.0,96000.0,1.0266988295276993,0.0011278284576324907,True,vec,16,"{""1"": 11, ""2"": 6, ""3"": 13, ""4"": 8, ""5"": 4, ""6"": 10, ""7"": 9, ""8"": 6, ""9"": 15, ""10"": 4, ""11"": 1}"
1714,1714,True,,mpeg4\random\mappings\sample_1714_seed_1714.csv,4.8420354922747375,326.17715795004,1.1770081189048758,0,0.0001225589,0.0,588000.0,48000.0,1.2468682327787066,0.0011346602431490241,True,vec,16,"{""1"": 13, ""2"": 0, ""3"": 10, ""4"": 14, ""5"": 2, ""6"": 11, ""7"": 4, ""8"": 8, ""9"": 3, ""10"": 11, ""11"": 11}"
1715,1715,True,,mpeg4\random\mappings\sample_1715_seed_1715.csv,5.275184785579785,326.46214257487,1.2063230473372106,0,0.0001326376,0.0,484000.0,64000.0,1.8959732463474137,0.001189489453043203,True,vec,16,"{""1"": 7, ""2"": 1, ""3"": 13, ""4"": 7, ""5"": 2, ""6"": 14, ""7"": 15, ""8"": 2, ""9"": 1, ""10"": 15, ""11"": 7}"
1716,1716,True,,mpeg4\random\mappings\sample_1716_seed_1716.csv,5.305642770405826,326.09288078254,1.2151731069457206,0,0.0001226059,0.0,608000.0,88000.0,1.54510567144541,0.001135343033148615,True,vec,16,"{""1"": 0, ""2"": 3, ""3"": 12, ""4"": 3, ""5"": 6, ""6"": 11, ""7"": 12, ""8"": 5, ""9"": 15, ""10"": 3, ""11"": 14}"
1717,1717,True,,mpeg4\random\mappings\sample_1717_seed_1717.csv,6.487352586723997,327.82536858853,1.2021397162826144,2,0.0001325977,0.10615788377193193,416000.0,96000.0,1.0144184644061292,0.001190036491285852,True,vec,16,"{""1"": 5, ""2"": 7, ""3"": 1, ""4"": 7, ""5"": 4, ""6"": 9, ""7"": 14, ""8"": 6, ""9"": 14, ""10"": 11, ""11"": 3}"
1718,1718,True,,mpeg4\random\mappings\sample_1718_seed_1718.csv,4.598269266623028,325.54577233998,1.0977733851745293,0,0.0001224958,0.0,488000.0,64000.0,0.8302129875825772,0.0011336191429701641,True,vec,16,"{""1"": 13, ""2"": 5, ""3"": 6, ""4"": 8, ""5"": 13, ""6"": 7, ""7"": 1, ""8"": 2, ""9"": 10, ""10"": 11, ""11"": 9}"
1719,1719,True,,mpeg4\random\mappings\sample_1719_seed_1719.csv,5.114403888381111,326.19060901162,1.3084072821271882,0,0.0001212598,0.0,652000.0,72000.0,1.0582769112688797,0.0011285936554348388,True,vec,16,"{""1"": 12, ""2"": 0, ""3"": 1, ""4"": 3, ""5"": 0, ""6"": 4, ""7"": 10, ""8"": 11, ""9"": 3, ""10"": 13, ""11"": 7}"
1720,1720,True,,mpeg4\random\mappings\sample_1720_seed_1720.csv,5.0296147855140285,326.11303421357,1.1745898737903926,0,0.0001227979,0.0,532000.0,80000.0,1.2249390093473316,0.0011355657747468039,True,vec,16,"{""1"": 9, ""2"": 14, ""3"": 4, ""4"": 8, ""5"": 11, ""6"": 2, ""7"": 8, ""8"": 10, ""9"": 10, ""10"": 1, ""11"": 14}"
1721,1721,True,,mpeg4\random\mappings\sample_1721_seed_1721.csv,6.42060454869645,327.6232298506,1.265065498217632,1,0.00014236,0.03128466981132063,704000.0,96000.0,1.6679093226611112,0.001242869667665094,True,vec,16,"{""1"": 4, ""2"": 12, ""3"": 6, ""4"": 11, ""5"": 0, ""6"": 2, ""7"": 12, ""8"": 13, ""9"": 12, ""10"": 12, ""11"": 4}"
1722,1722,True,,mpeg4\random\mappings\sample_1722_seed_1722.csv,5.714072940964492,326.32612689705,1.1526567816481832,0,0.0001327608,0.0,592000.0,108000.0,2.010005208190565,0.0011900995834012759,True,vec,16,"{""1"": 15, ""2"": 12, ""3"": 6, ""4"": 13, ""5"": 13, ""6"": 7, ""7"": 9, ""8"": 9, ""9"": 3, ""10"": 9, ""11"": 9}"
1723,1723,True,,mpeg4\random\mappings\sample_1723_seed_1723.csv,5.433235633971292,326.79558359985,1.143333774299397,0,0.0001217956,0.0,576000.0,120000.0,1.2468682327787066,0.0011297561271894974,True,vec,16,"{""1"": 8, ""2"": 6, ""3"": 11, ""4"": 9, ""5"": 1, ""6"": 11, ""7"": 7, ""8"": 4, ""9"": 12, ""10"": 8, ""11"": 2}"
1724,1724,True,,mpeg4\random\mappings\sample_1724_seed_1724.csv,6.058058778480375,327.24940734132,1.2275169350108004,1,0.0001279269,0.003039015151515125,680000.0,80000.0,2.2073682190729422,0.001164161288844207,True,vec,16,"{""1"": 2, ""2"": 14, ""3"": 7, ""4"": 7, ""5"": 0, ""6"": 10, ""7"": 15, ""8"": 15, ""9"": 0, ""10"": 0, ""11"": 0}"
1725,1725,True,,mpeg4\random\mappings\sample_1725_seed_1725.csv,6.5442382431000725,327.68701902529,1.3648948268864258,2,0.0001226589,0.048965746323529374,544000.0,84000.0,2.0363202763082153,0.0011364248262317037,True,vec,16,"{""1"": 9, ""2"": 3, ""3"": 1, ""4"": 2, ""5"": 7, ""6"": 0, ""7"": 10, ""8"": 0, ""9"": 8, ""10"": 0, ""11"": 0}"
1726,1726,True,,mpeg4\random\mappings\sample_1726_seed_1726.csv,4.98417477348182,326.90880929531,1.2116385886194423,0,0.0001220219,0.0,540000.0,72000.0,0.9617883281708286,0.001131686937613579,True,vec,16,"{""1"": 5, ""2"": 10, ""3"": 14, ""4"": 12, ""5"": 7, ""6"": 6, ""7"": 12, ""8"": 13, ""9"": 15, ""10"": 8, ""11"": 8}"
1727,1727,True,,mpeg4\random\mappings\sample_1727_seed_1727.csv,5.123470623827666,325.8839831433,1.2307587410040028,0,0.0001215785,0.0,548000.0,60000.0,1.8872015569748637,0.0011291582106024664,True,vec,16,"{""1"": 2, ""2"": 4, ""3"": 7, ""4"": 11, ""5"": 0, ""6"": 11, ""7"": 11, ""8"": 10, ""9"": 2, ""10"": 10, ""11"": 13}"
1728,1728,True,,mpeg4\random\mappings\sample_1728_seed_1728.csv,5.073828600164902,325.97628803736,1.2340125263953592,0,0.0001223469,0.0,680000.0,84000.0,0.7863545407198268,0.0011340764817439268,True,vec,16,"{""1"": 12, ""2"": 1, ""3"": 0, ""4"": 9, ""5"": 15, ""6"": 8, ""7"": 2, ""8"": 14, ""9"": 7, ""10"": 0, ""11"": 11}"
1729,1729,True,,mpeg4\random\mappings\sample_1729_seed_1729.csv,5.099507148446511,326.09312495458,1.1353206602653068,0,0.0001219377,0.0,544000.0,84000.0,1.4223020202297085,0.0011305777864637526,True,vec,16,"{""1"": 1, ""2"": 13, ""3"": 1, ""4"": 5, ""5"": 9, ""6"": 11, ""7"": 9, ""8"": 14, ""9"": 6, ""10"": 4, ""11"": 5}"
1730,1730,True,,mpeg4\random\mappings\sample_1730_seed_1730.csv,5.627927621963912,327.27970732425,1.206861608218369,1,0.0001221327,0.01266017857142875,456000.0,88000.0,1.4968613798963843,0.0011326845432594282,True,vec,16,"{""1"": 6, ""2"": 10, ""3"": 3, ""4"": 2, ""5"": 5, ""6"": 10, ""7"": 7, ""8"": 5, ""9"": 11, ""10"": 3, ""11"": 12}"
1731,1731,True,,mpeg4\random\mappings\sample_1731_seed_1731.csv,5.028477247889527,326.4182099322,1.268449395426034,0,0.0001220188,0.0,560000.0,48000.0,1.5977358076807104,0.0011320154607058997,True,vec,16,"{""1"": 15, ""2"": 3, ""3"": 3, ""4"": 6, ""5"": 12, ""6"": 6, ""7"": 15, ""8"": 14, ""9"": 0, ""10"": 7, ""11"": 1}"
1732,1732,True,,mpeg4\random\mappings\sample_1732_seed_1732.csv,4.892803856232929,326.1813932745,1.2556484064201008,0,0.0001327676,0.0,500000.0,60000.0,0.8302129875825772,0.0011908433478554229,True,vec,16,"{""1"": 7, ""2"": 3, ""3"": 12, ""4"": 14, ""5"": 4, ""6"": 15, ""7"": 11, ""8"": 9, ""9"": 11, ""10"": 10, ""11"": 10}"
1733,1733,True,,mpeg4\random\mappings\sample_1733_seed_1733.csv,5.757196232563922,327.21506807204,1.3549253851226895,1,0.0001212657,0.0037190972222222504,608000.0,80000.0,1.5012472245826594,0.001128134068837697,True,vec,16,"{""1"": 4, ""2"": 0, ""3"": 5, ""4"": 9, ""5"": 4, ""6"": 3, ""7"": 1, ""8"": 1, ""9"": 8, ""10"": 12, ""11"": 1}"
1734,1734,True,,mpeg4\random\mappings\sample_1734_seed_1734.csv,5.131286200563295,326.4177730757,1.27147739466537,0,0.0001225319,0.0,556000.0,72000.0,1.3345851265042077,0.001134723051813835,True,vec,16,"{""1"": 3, ""2"": 12, ""3"": 12, ""4"": 9, ""5"": 8, ""6"": 4, ""7"": 3, ""8"": 10, ""9"": 13, ""10"": 8, ""11"": 5}"
1735,1735,True,,mpeg4\random\mappings\sample_1735_seed_1735.csv,5.564191488745115,327.37635308682,1.3271879604708248,1,0.0001211056,0.016966493055555625,392000.0,64000.0,1.7065047559003317,0.00112699872580142,True,vec,16,"{""1"": 13, ""2"": 12, ""3"": 1, ""4"": 8, ""5"": 1, ""6"": 14, ""7"": 13, ""8"": 12, ""9"": 14, ""10"": 11, ""11"": 3}"
1736,1736,True,,mpeg4\random\mappings\sample_1736_seed_1736.csv,5.0419795103087,326.03748008849,1.1865962769597453,0,0.0001214997,0.0,564000.0,64000.0,1.5758065842493352,0.001128630137400805,True,vec,16,"{""1"": 0, ""2"": 8, ""3"": 0, ""4"": 3, ""5"": 14, ""6"": 5, ""7"": 10, ""8"": 6, ""9"": 5, ""10"": 15, ""11"": 5}"
1737,1737,True,,mpeg4\random\mappings\sample_1737_seed_1737.csv,5.6591691094227246,326.22979752068,1.2433756326099556,0,0.0001229128,0.0,620000.0,112000.0,1.8608864888572134,0.0011367384625361866,True,vec,16,"{""1"": 5, ""2"": 15, ""3"": 9, ""4"": 13, ""5"": 1, ""6"": 15, ""7"": 9, ""8"": 3, ""9"": 8, ""10"": 13, ""11"": 13}"
1738,1738,True,,mpeg4\random\mappings\sample_1738_seed_1738.csv,4.932688337915702,326.17919116719,1.1663821546021966,0,0.0001283206,0.0,448000.0,80000.0,0.9837175516022039,0.0011654039056392849,True,vec,16,"{""1"": 3, ""2"": 13, ""3"": 4, ""4"": 12, ""5"": 2, ""6"": 5, ""7"": 4, ""8"": 7, ""9"": 9, ""10"": 9, ""11"": 10}"
1739,1739,True,,mpeg4\random\mappings\sample_1739_seed_1739.csv,5.168840845622055,325.9987787079,1.1761947607845344,0,0.0001222637,0.0,656000.0,72000.0,1.5144047586414846,0.0011328155232764605,True,vec,16,"{""1"": 7, ""2"": 8, ""3"": 6, ""4"": 15, ""5"": 8, ""6"": 13, ""7"": 8, ""8"": 14, ""9"": 4, ""10"": 2, ""11"": 4}"
1740,1740,True,,mpeg4\random\mappings\sample_1740_seed_1740.csv,5.362180550179617,326.25808172561,1.167874996926836,0,0.0001214996,0.0,500000.0,112000.0,1.549491516131685,0.0011278637504444629,True,vec,16,"{""1"": 7, ""2"": 5, ""3"": 9, ""4"": 3, ""5"": 3, ""6"": 5, ""7"": 6, ""8"": 1, ""9"": 4, ""10"": 12, ""11"": 1}"
1741,1741,True,,mpeg4\random\mappings\sample_1741_seed_1741.csv,5.180504133156097,325.94711550387,1.2042650046305035,0,0.0001208799,0.0,564000.0,84000.0,1.5275622927003099,0.001125278188342996,True,vec,16,"{""1"": 5, ""2"": 4, ""3"": 4, ""4"": 6, ""5"": 2, ""6"": 3, ""7"": 4, ""8"": 8, ""9"": 9, ""10"": 14, ""11"": 15}"
1742,1742,True,,mpeg4\random\mappings\sample_1742_seed_1742.csv,5.280150658623966,327.16629218488,1.2530101150606665,1,0.0001220416,4.458333333333313e-05,548000.0,64000.0,0.9398591047394534,0.0011321710646784722,True,vec,16,"{""1"": 1, ""2"": 15, ""3"": 11, ""4"": 3, ""5"": 4, ""6"": 5, ""7"": 1, ""8"": 10, ""9"": 2, ""10"": 3, ""11"": 9}"
1743,1743,True,,mpeg4\random\mappings\sample_1743_seed_1743.csv,5.912927392210768,327.38473124874,1.383962677006738,1,0.0001222248,0.05849375,540000.0,72000.0,1.2907266796414572,0.001134968909334204,True,vec,16,"{""1"": 5, ""2"": 3, ""3"": 3, ""4"": 7, ""5"": 0, ""6"": 11, ""7"": 5, ""8"": 2, ""9"": 4, ""10"": 15, ""11"": 15}"
1744,1744,True,,mpeg4\random\mappings\sample_1744_seed_1744.csv,5.155193635183866,325.92139301296,1.0169119197997976,0,0.0001215296,0.0,436000.0,88000.0,2.106493791288616,0.001127546658785449,True,vec,16,"{""1"": 9, ""2"": 14, ""3"": 8, ""4"": 9, ""5"": 6, ""6"": 5, ""7"": 9, ""8"": 6, ""9"": 2, ""10"": 11, ""11"": 6}"
1745,1745,True,,mpeg4\random\mappings\sample_1745_seed_1745.csv,5.897982481303609,327.25482737616,1.2653247592687036,1,0.0001212977,0.0118903125,452000.0,104000.0,1.8345714207395631,0.001127388724941165,True,vec,16,"{""1"": 9, ""2"": 11, ""3"": 13, ""4"": 13, ""5"": 12, ""6"": 8, ""7"": 13, ""8"": 9, ""9"": 1, ""10"": 6, ""11"": 7}"
1746,1746,True,,mpeg4\random\mappings\sample_1746_seed_1746.csv,6.344217309081174,325.88878746262,1.1906081493990128,0,0.0001217948,0.0,448000.0,136000.0,3.983635317014336,0.001129789967638404,True,vec,16,"{""1"": 7, ""2"": 6, ""3"": 12, ""4"": 7, ""5"": 7, ""6"": 7, ""7"": 14, ""8"": 12, ""9"": 7, ""10"": 5, ""11"": 6}"
1747,1747,True,,mpeg4\random\mappings\sample_1747_seed_1747.csv,5.653644884640754,327.28100293938,1.1511974979862063,1,0.0001217148,0.0060687499999999995,520000.0,88000.0,1.637208409857186,0.0011300164840320369,True,vec,16,"{""1"": 14, ""2"": 11, ""3"": 11, ""4"": 4, ""5"": 6, ""6"": 9, ""7"": 15, ""8"": 15, ""9"": 6, ""10"": 3, ""11"": 4}"
1748,1748,True,,mpeg4\random\mappings\sample_1748_seed_1748.csv,7.281831002464974,328.82840246952,1.3530357779379785,1,0.0001217468,0.24240435606060623,668000.0,96000.0,1.0231901537786794,0.0011346978478104016,True,vec,16,"{""1"": 12, ""2"": 15, ""3"": 7, ""4"": 2, ""5"": 9, ""6"": 13, ""7"": 6, ""8"": 3, ""9"": 13, ""10"": 8, ""11"": 3}"
1749,1749,True,,mpeg4\random\mappings\sample_1749_seed_1749.csv,5.519957141389796,327.32712661766,1.2519185689126722,1,0.0001215316,0.01543611111111125,608000.0,72000.0,1.0056467750335791,0.0011293762246910818,True,vec,16,"{""1"": 7, ""2"": 13, ""3"": 8, ""4"": 10, ""5"": 8, ""6"": 15, ""7"": 11, ""8"": 12, ""9"": 5, ""10"": 9, ""11"": 1}"
1750,1750,True,,mpeg4\random\mappings\sample_1750_seed_1750.csv,5.335692916859591,325.86775039003,1.145467098869295,0,0.000122378,0.0,644000.0,104000.0,1.4003727967983335,0.0011335634861812285,True,vec,16,"{""1"": 11, ""2"": 9, ""3"": 6, ""4"": 6, ""5"": 12, ""6"": 0, ""7"": 14, ""8"": 1, ""9"": 6, ""10"": 5, ""11"": 8}"
1751,1751,True,,mpeg4\random\mappings\sample_1751_seed_1751.csv,4.905209710510417,325.96892232254,1.0984434571476969,0,0.0001222657,0.0,532000.0,92000.0,0.8302129875825772,0.0011319456419159827,True,vec,16,"{""1"": 0, ""2"": 11, ""3"": 12, ""4"": 5, ""5"": 9, ""6"": 10, ""7"": 5, ""8"": 6, ""9"": 8, ""10"": 2, ""11"": 4}"
1752,1752,True,,mpeg4\random\mappings\sample_1752_seed_1752.csv,4.830933090762927,326.18455561395,1.1864943373943797,0,0.0001214797,0.0,560000.0,72000.0,0.7644253172884515,0.0011286362873181147,True,vec,16,"{""1"": 6, ""2"": 1, ""3"": 4, ""4"": 2, ""5"": 5, ""6"": 0, ""7"": 8, ""8"": 3, ""9"": 14, ""10"": 11, ""11"": 8}"
1753,1753,True,,mpeg4\random\mappings\sample_1753_seed_1753.csv,4.754556237870292,325.69249942348,1.0707802792231154,0,0.0001215796,0.0,496000.0,56000.0,1.4793180011512843,0.0011281824111879315,True,vec,16,"{""1"": 1, ""2"": 7, ""3"": 5, ""4"": 11, ""5"": 7, ""6"": 10, ""7"": 11, ""8"": 14, ""9"": 12, ""10"": 7, ""11"": 8}"
1754,1754,True,,mpeg4\random\mappings\sample_1754_seed_1754.csv,5.088450428395095,327.18565345213,1.1422678847394734,1,0.0001214017,0.0006816666666666875,460000.0,64000.0,0.8828431238178778,0.0011277885004324004,True,vec,16,"{""1"": 6, ""2"": 4, ""3"": 0, ""4"": 9, ""5"": 14, ""6"": 10, ""7"": 13, ""8"": 14, ""9"": 2, ""10"": 7, ""11"": 15}"
1755,1755,True,,mpeg4\random\mappings\sample_1755_seed_1755.csv,5.507807811249709,325.13303597317,1.1296081068555943,0,0.0001320037,0.0,452000.0,104000.0,2.3292947013513885,0.001184978214097656,True,vec,16,"{""1"": 11, ""2"": 14, ""3"": 6, ""4"": 6, ""5"": 11, ""6"": 7, ""7"": 2, ""8"": 14, ""9"": 14, ""10"": 2, ""11"": 2}"
1756,1756,True,,mpeg4\random\mappings\sample_1756_seed_1756.csv,5.656837518704837,327.3023221482,1.3702367351211004,1,0.0001223067,0.024664534883720623,416000.0,72000.0,1.4880896905238343,0.0011341491771676656,True,vec,16,"{""1"": 9, ""2"": 15, ""3"": 15, ""4"": 14, ""5"": 12, ""6"": 11, ""7"": 14, ""8"": 10, ""9"": 7, ""10"": 13, ""11"": 12}"
1757,1757,True,,mpeg4\random\mappings\sample_1757_seed_1757.csv,4.743767629254215,326.42286914023,1.1609602346546264,0,0.0001214996,0.0,544000.0,64000.0,0.7249527151119761,0.0011282820209047367,True,vec,16,"{""1"": 13, ""2"": 12, ""3"": 4, ""4"": 2, ""5"": 15, ""6"": 5, ""7"": 6, ""8"": 1, ""9"": 12, ""10"": 14, ""11"": 9}"
1758,1758,True,,mpeg4\random\mappings\sample_1758_seed_1758.csv,4.971478716214691,326.46091214893,1.2883362170569213,0,0.0001217468,0.0,544000.0,64000.0,1.071434445327705,0.0011307718627283669,True,vec,16,"{""1"": 4, ""2"": 8, ""3"": 12, ""4"": 9, ""5"": 1, ""6"": 14, ""7"": 7, ""8"": 13, ""9"": 15, ""10"": 1, ""11"": 14}"
1759,1759,True,,mpeg4\random\mappings\sample_1759_seed_1759.csv,5.041803270519583,325.98037974524,1.1347448412628702,0,0.0001220197,0.0,540000.0,88000.0,1.2117814752885063,0.0011308239824719666,True,vec,16,"{""1"": 14, ""2"": 5, ""3"": 0, ""4"": 9, ""5"": 5, ""6"": 11, ""7"": 14, ""8"": 13, ""9"": 8, ""10"": 1, ""11"": 1}"
1760,1760,True,,mpeg4\random\mappings\sample_1760_seed_1760.csv,6.3687153175810165,328.16603191714,1.26912988766276,1,0.0001214017,0.12561125,600000.0,80000.0,1.2249390093473316,0.0011290456051825585,True,vec,16,"{""1"": 5, ""2"": 0, ""3"": 4, ""4"": 13, ""5"": 2, ""6"": 15, ""7"": 13, ""8"": 15, ""9"": 12, ""10"": 8, ""11"": 7}"
1761,1761,True,,mpeg4\random\mappings\sample_1761_seed_1761.csv,4.441197410955547,325.84221510529,1.0518870368247166,0,0.0001224139,0.0,472000.0,40000.0,0.9837175516022039,0.0011328174466224451,True,vec,16,"{""1"": 2, ""2"": 13, ""3"": 10, ""4"": 0, ""5"": 9, ""6"": 6, ""7"": 12, ""8"": 11, ""9"": 7, ""10"": 10, ""11"": 2}"
1762,1762,True,,mpeg4\random\mappings\sample_1762_seed_1762.csv,5.946859395346191,327.13789673481,1.4184789732022496,0,0.0001219738,0.0,432000.0,148000.0,1.7503632027630822,0.0011317573579136177,True,vec,16,"{""1"": 8, ""2"": 4, ""3"": 1, ""4"": 2, ""5"": 8, ""6"": 0, ""7"": 12, ""8"": 4, ""9"": 8, ""10"": 5, ""11"": 0}"
1763,1763,True,,mpeg4\random\mappings\sample_1763_seed_1763.csv,4.610300036028471,325.76673730721,1.132180523262448,0,0.0001224408,0.0,524000.0,48000.0,0.988103396288479,0.0011336672573177536,True,vec,16,"{""1"": 10, ""2"": 8, ""3"": 15, ""4"": 4, ""5"": 5, ""6"": 3, ""7"": 5, ""8"": 7, ""9"": 14, ""10"": 7, ""11"": 6}"
1764,1764,True,,mpeg4\random\mappings\sample_1764_seed_1764.csv,4.662918579102134,326.01731596599,1.0540917606402511,0,0.0001213056,0.0,456000.0,68000.0,1.0056467750335791,0.0011263861035029727,True,vec,16,"{""1"": 6, ""2"": 2, ""3"": 14, ""4"": 4, ""5"": 6, ""6"": 9, ""7"": 5, ""8"": 11, ""9"": 1, ""10"": 4, ""11"": 12}"
1765,1765,True,,mpeg4\random\mappings\sample_1765_seed_1765.csv,5.488797731656294,326.30659115172,1.2232417609637032,0,0.0001213077,0.0,352000.0,88000.0,2.7205120473671225,0.001127047536923709,True,vec,16,"{""1"": 6, ""2"": 7, ""3"": 11, ""4"": 6, ""5"": 3, ""6"": 6, ""7"": 14, ""8"": 6, ""9"": 3, ""10"": 13, ""11"": 15}"
1766,1766,True,,mpeg4\random\mappings\sample_1766_seed_1766.csv,5.304420909274496,326.42475092385,1.0921370120014415,0,0.0001209797,0.0,464000.0,64000.0,2.698582823935747,0.00112509042917802,True,vec,16,"{""1"": 6, ""2"": 9, ""3"": 9, ""4"": 3, ""5"": 4, ""6"": 9, ""7"": 6, ""8"": 15, ""9"": 9, ""10"": 11, ""11"": 12}"
1767,1767,True,,mpeg4\random\mappings\sample_1767_seed_1767.csv,5.112713149968027,325.94064802583,1.2331950750244056,0,0.0001217936,0.0,500000.0,80000.0,1.5056330692689346,0.0011301929380452117,True,vec,16,"{""1"": 15, ""2"": 9, ""3"": 11, ""4"": 14, ""5"": 3, ""6"": 10, ""7"": 9, ""8"": 10, ""9"": 3, ""10"": 8, ""11"": 8}"
1768,1768,True,,mpeg4\random\mappings\sample_1768_seed_1768.csv,5.3161891826389365,326.57625927082,1.2211343726130988,0,0.0001229148,0.0,680000.0,88000.0,1.2117814752885063,0.0011370344640273722,True,vec,16,"{""1"": 2, ""2"": 12, ""3"": 2, ""4"": 8, ""5"": 12, ""6"": 14, ""7"": 7, ""8"": 9, ""9"": 0, ""10"": 15, ""11"": 5}"
1769,1769,True,,mpeg4\random\mappings\sample_1769_seed_1769.csv,5.795062637472341,327.28697745923,1.252224432405047,1,0.0001277876,0.02366125,516000.0,92000.0,1.2468682327787066,0.0011637597100869063,True,vec,16,"{""1"": 0, ""2"": 14, ""3"": 15, ""4"": 11, ""5"": 13, ""6"": 6, ""7"": 13, ""8"": 3, ""9"": 10, ""10"": 10, ""11"": 6}"
1770,1770,True,,mpeg4\random\mappings\sample_1770_seed_1770.csv,5.347016664005211,325.66292128164,1.0952530288928928,0,0.000132244,0.0,688000.0,84000.0,1.5933499629944354,0.0011873941820408171,True,vec,16,"{""1"": 10, ""2"": 13, ""3"": 5, ""4"": 6, ""5"": 10, ""6"": 0, ""7"": 14, ""8"": 5, ""9"": 11, ""10"": 14, ""11"": 13}"
1771,1771,True,,mpeg4\random\mappings\sample_1771_seed_1771.csv,5.5434099736536115,326.01308319637,1.0537875424367613,0,0.0001225589,0.0,416000.0,92000.0,3.0275211754063758,0.0011330343619793792,True,vec,16,"{""1"": 5, ""2"": 2, ""3"": 10, ""4"": 10, ""5"": 0, ""6"": 10, ""7"": 0, ""8"": 9, ""9"": 2, ""10"": 10, ""11"": 6}"
1772,1772,True,,mpeg4\random\mappings\sample_1772_seed_1772.csv,5.999507287525052,327.29042968388,1.128974886733269,1,0.0001321317,0.016044622093023125,392000.0,120000.0,1.7687837504454373,0.0011862953852578423,True,vec,16,"{""1"": 6, ""2"": 12, ""3"": 12, ""4"": 8, ""5"": 10, ""6"": 5, ""7"": 10, ""8"": 6, ""9"": 2, ""10"": 10, ""11"": 1}"
1773,1773,True,,mpeg4\random\mappings\sample_1773_seed_1773.csv,5.045408668024465,326.89427619405,1.2018229709746149,0,0.0001333627,0.0,444000.0,72000.0,1.0275759984649544,0.0011930011446359885,True,vec,16,"{""1"": 13, ""2"": 6, ""3"": 1, ""4"": 3, ""5"": 11, ""6"": 8, ""7"": 13, ""8"": 9, ""9"": 13, ""10"": 12, ""11"": 14}"
1774,1774,True,,mpeg4\random\mappings\sample_1774_seed_1774.csv,5.1731051890828805,325.65352709838,1.0762139046671877,0,0.0001216987,0.0,340000.0,76000.0,2.632795153641622,0.0011281374768586966,True,vec,16,"{""1"": 10, ""2"": 13, ""3"": 6, ""4"": 13, ""5"": 10, ""6"": 6, ""7"": 14, ""8"": 4, ""9"": 7, ""10"": 6, ""11"": 13}"
1775,1775,True,,mpeg4\random\mappings\sample_1775_seed_1775.csv,5.221013512049289,326.14082398562,1.282841444268886,0,0.000122878,0.0,632000.0,84000.0,1.1591513390532058,0.0011368581258490486,True,vec,16,"{""1"": 12, ""2"": 3, ""3"": 14, ""4"": 11, ""5"": 4, ""6"": 3, ""7"": 8, ""8"": 1, ""9"": 7, ""10"": 2, ""11"": 12}"
1776,1776,True,,mpeg4\random\mappings\sample_1776_seed_1776.csv,5.550876711665989,327.11844803114,1.180161203344237,0,0.0001219549,0.0,676000.0,116000.0,1.2161673199747813,0.001131988120486756,True,vec,16,"{""1"": 3, ""2"": 11, ""3"": 14, ""4"": 4, ""5"": 11, ""6"": 8, ""7"": 7, ""8"": 5, ""9"": 15, ""10"": 11, ""11"": 13}"
1777,1777,True,,mpeg4\random\mappings\sample_1777_seed_1777.csv,5.596123066220294,327.29949906036,1.2286860801365123,1,0.0001214189,0.009122083333333125,564000.0,96000.0,0.9617883281708286,0.0011288348156943478,True,vec,16,"{""1"": 11, ""2"": 7, ""3"": 7, ""4"": 1, ""5"": 14, ""6"": 8, ""7"": 2, ""8"": 0, ""9"": 9, ""10"": 15, ""11"": 3}"
1778,1778,True,,mpeg4\random\mappings\sample_1778_seed_1778.csv,5.021467335513593,327.14821145298,1.2614424858251476,0,0.0001216516,0.0,396000.0,72000.0,1.2898495107042023,0.001128805237809283,True,vec,16,"{""1"": 1, ""2"": 4, ""3"": 6, ""4"": 6, ""5"": 5, ""6"": 11, ""7"": 7, ""8"": 4, ""9"": 13, ""10"": 3, ""11"": 0}"
1779,1779,True,,mpeg4\random\mappings\sample_1779_seed_1779.csv,5.220532347541591,327.06271450531,1.1825468399462256,0,0.0001215316,0.0,592000.0,104000.0,0.803897919464927,0.001129137778204588,True,vec,16,"{""1"": 8, ""2"": 1, ""3"": 10, ""4"": 9, ""5"": 6, ""6"": 11, ""7"": 15, ""8"": 15, ""9"": 14, ""10"": 12, ""11"": 3}"
1780,1780,True,,mpeg4\random\mappings\sample_1780_seed_1780.csv,5.762980429114095,326.85582988233,1.2788905114110884,0,0.000122502,0.0,788000.0,120000.0,1.2687974562100819,0.0011355118704956487,True,vec,16,"{""1"": 0, ""2"": 10, ""3"": 12, ""4"": 5, ""5"": 5, ""6"": 3, ""7"": 8, ""8"": 14, ""9"": 9, ""10"": 5, ""11"": 13}"
1781,1781,True,,mpeg4\random\mappings\sample_1781_seed_1781.csv,4.631543455355422,326.28209672578,1.156809051506293,0,0.0001217137,0.0,456000.0,48000.0,1.0495052218963297,0.0011291418446449106,True,vec,16,"{""1"": 2, ""2"": 14, ""3"": 6, ""4"": 4, ""5"": 5, ""6"": 0, ""7"": 5, ""8"": 9, ""9"": 0, ""10"": 3, ""11"": 7}"
1782,1782,True,,mpeg4\random\mappings\sample_1782_seed_1782.csv,5.59476838162235,327.31898131965,1.1592539733991536,1,0.0001279467,0.0115206597222225,476000.0,72000.0,1.6187878621748308,0.0011637717252460456,True,vec,16,"{""1"": 15, ""2"": 3, ""3"": 13, ""4"": 2, ""5"": 9, ""6"": 5, ""7"": 10, ""8"": 3, ""9"": 2, ""10"": 2, ""11"": 13}"
1783,1783,True,,mpeg4\random\mappings\sample_1783_seed_1783.csv,5.2537494609521795,325.82658124024,1.2236386336467724,0,0.0001228738,0.0,668000.0,84000.0,1.3784435733669582,0.0011367232662666013,True,vec,16,"{""1"": 15, ""2"": 12, ""3"": 1, ""4"": 5, ""5"": 15, ""6"": 1, ""7"": 10, ""8"": 6, ""9"": 9, ""10"": 4, ""11"": 2}"
1784,1784,True,,mpeg4\random\mappings\sample_1784_seed_1784.csv,5.284911438574597,326.89672576981,1.2694548307503148,0,0.0001206577,0.0,484000.0,64000.0,2.0714070337984154,0.001123934356153587,True,vec,16,"{""1"": 1, ""2"": 1, ""3"": 0, ""4"": 0, ""5"": 8, ""6"": 9, ""7"": 1, ""8"": 12, ""9"": 7, ""10"": 0, ""11"": 11}"
1785,1785,True,,mpeg4\random\mappings\sample_1785_seed_1785.csv,4.884647224586881,326.34961287321,1.13869817198677,0,0.0001207517,0.0,448000.0,80000.0,1.1196787368767303,0.0011238504375290506,True,vec,16,"{""1"": 5, ""2"": 5, ""3"": 6, ""4"": 10, ""5"": 3, ""6"": 9, ""7"": 12, ""8"": 3, ""9"": 1, ""10"": 15, ""11"": 11}"
1786,1786,True,,mpeg4\random\mappings\sample_1786_seed_1786.csv,5.042546969778501,325.89044825122,1.1610479685232882,0,0.0001218747,0.0,512000.0,80000.0,1.4442312436610838,0.001130327850212855,True,vec,16,"{""1"": 4, ""2"": 1, ""3"": 8, ""4"": 4, ""5"": 9, ""6"": 14, ""7"": 6, ""8"": 14, ""9"": 13, ""10"": 8, ""11"": 10}"
1787,1787,True,,mpeg4\random\mappings\sample_1787_seed_1787.csv,5.236686803618209,327.23802992818,1.1425277773115154,1,0.000121651,0.002782386363636375,392000.0,68000.0,1.3389709711904827,0.0011286698909719823,True,vec,16,"{""1"": 5, ""2"": 9, ""3"": 11, ""4"": 9, ""5"": 10, ""6"": 8, ""7"": 3, ""8"": 3, ""9"": 13, ""10"": 8, ""11"": 7}"
1788,1788,True,,mpeg4\random\mappings\sample_1788_seed_1788.csv,5.077901249854001,326.23926363144,1.1056402345126932,0,0.0001222357,0.0,600000.0,76000.0,1.4003727967983335,0.0011325182622923462,True,vec,16,"{""1"": 7, ""2"": 12, ""3"": 5, ""4"": 5, ""5"": 6, ""6"": 9, ""7"": 6, ""8"": 0, ""9"": 15, ""10"": 2, ""11"": 2}"
1789,1789,True,,mpeg4\random\mappings\sample_1789_seed_1789.csv,6.811813063706651,327.16261921782,1.278888955200539,1,0.0001335468,0.00010773026315789375,652000.0,136000.0,2.9222609029357747,0.0011950207258225188,True,vec,16,"{""1"": 1, ""2"": 15, ""3"": 1, ""4"": 3, ""5"": 15, ""6"": 3, ""7"": 5, ""8"": 1, ""9"": 5, ""10"": 1, ""11"": 14}"
1790,1790,True,,mpeg4\random\mappings\sample_1790_seed_1790.csv,5.022976593959465,325.76943564334,1.2022773337543393,0,0.0001274288,0.0,528000.0,88000.0,0.9179298813080782,0.0011613333484985595,True,vec,16,"{""1"": 5, ""2"": 9, ""3"": 13, ""4"": 3, ""5"": 15, ""6"": 2, ""7"": 14, ""8"": 8, ""9"": 11, ""10"": 11, ""11"": 3}"
1791,1791,True,,mpeg4\random\mappings\sample_1791_seed_1791.csv,5.024695931235403,326.04541162625,1.2320049823146917,0,0.0001214518,0.0,580000.0,80000.0,1.0231901537786794,0.001128227759678285,True,vec,16,"{""1"": 11, ""2"": 5, ""3"": 1, ""4"": 9, ""5"": 3, ""6"": 7, ""7"": 14, ""8"": 4, ""9"": 8, ""10"": 1, ""11"": 5}"
1792,1792,True,,mpeg4\random\mappings\sample_1792_seed_1792.csv,4.968149818496935,326.18992915501,1.2421384373903819,0,0.0001220348,0.0,472000.0,76000.0,1.1591513390532058,0.0011312962392723753,True,vec,16,"{""1"": 14, ""2"": 12, ""3"": 11, ""4"": 4, ""5"": 15, ""6"": 13, ""7"": 6, ""8"": 11, ""9"": 0, ""10"": 5, ""11"": 14}"
1793,1793,True,,mpeg4\random\mappings\sample_1793_seed_1793.csv,6.050272036151258,327.84180165907,1.224849585532902,2,0.0001222808,0.06477327651514944,384000.0,88000.0,1.0012609303473041,0.0011329753302058384,True,vec,16,"{""1"": 0, ""2"": 5, ""3"": 8, ""4"": 6, ""5"": 2, ""6"": 10, ""7"": 1, ""8"": 1, ""9"": 12, ""10"": 9, ""11"": 0}"
1794,1794,True,,mpeg4\random\mappings\sample_1794_seed_1794.csv,5.515046359095813,326.95471592245,1.1972311599403673,0,0.0001217958,0.0,584000.0,120000.0,1.2907266796414572,0.001130726727004669,True,vec,16,"{""1"": 10, ""2"": 12, ""3"": 8, ""4"": 15, ""5"": 0, ""6"": 8, ""7"": 6, ""8"": 7, ""9"": 11, ""10"": 15, ""11"": 1}"
1795,1795,True,,mpeg4\random\mappings\sample_1795_seed_1795.csv,5.720287120825084,327.34730551935,1.2595661957664515,1,0.0001209297,0.012928787878788126,376000.0,80000.0,2.0582494997395906,0.001125499680736284,True,vec,16,"{""1"": 3, ""2"": 3, ""3"": 2, ""4"": 4, ""5"": 5, ""6"": 7, ""7"": 5, ""8"": 2, ""9"": 2, ""10"": 7, ""11"": 14}"
1796,1796,True,,mpeg4\random\mappings\sample_1796_seed_1796.csv,5.120614268866128,327.19722915824,1.2059301030538576,1,0.0001223608,0.00059921875,428000.0,48000.0,1.2468682327787066,0.0011331646488481593,True,vec,16,"{""1"": 15, ""2"": 0, ""3"": 3, ""4"": 8, ""5"": 6, ""6"": 10, ""7"": 1, ""8"": 14, ""9"": 15, ""10"": 10, ""11"": 15}"
1797,1797,True,,mpeg4\random\mappings\sample_1797_seed_1797.csv,4.876861451515056,325.89397439391,1.1377540694650334,0,0.0001222138,0.0,448000.0,80000.0,1.185466407170856,0.001132000513384596,True,vec,16,"{""1"": 9, ""2"": 10, ""3"": 0, ""4"": 12, ""5"": 4, ""6"": 6, ""7"": 0, ""8"": 2, ""9"": 9, ""10"": 10, ""11"": 5}"
1798,1798,True,,mpeg4\random\mappings\sample_1798_seed_1798.csv,6.230522199193322,327.55617789974,1.1943545742528574,1,0.0001283678,0.060228124999999993,764000.0,96000.0,1.1679230284257558,0.0011672758964711748,True,vec,16,"{""1"": 15, ""2"": 0, ""3"": 9, ""4"": 2, ""5"": 14, ""6"": 5, ""7"": 15, ""8"": 2, ""9"": 12, ""10"": 12, ""11"": 4}"
1799,1799,True,,mpeg4\random\mappings\sample_1799_seed_1799.csv,5.617983083964696,327.33278967051,1.1766541795525476,1,0.0001330987,0.01780798611111125,472000.0,88000.0,1.0144184644061292,0.0011917247131500756,True,vec,16,"{""1"": 7, ""2"": 4, ""3"": 15, ""4"": 4, ""5"": 11, ""6"": 9, ""7"": 1, ""8"": 0, ""9"": 1, ""10"": 8, ""11"": 10}"
1800,1800,True,,mpeg4\random\mappings\sample_1800_seed_1800.csv,5.111869316623875,325.87092601849,1.1244179200409627,0,0.0001224558,0.0,620000.0,96000.0,1.0538910665826047,0.0011334687329875167,True,vec,16,"{""1"": 11, ""2"": 1, ""3"": 11, ""4"": 9, ""5"": 14, ""6"": 7, ""7"": 4, ""8"": 5, ""9"": 13, ""10"": 1, ""11"": 10}"
1801,1801,True,,mpeg4\random\mappings\sample_1801_seed_1801.csv,4.981105089661193,326.36678175192,1.20685948913567,0,0.0001226087,0.0,608000.0,72000.0,0.9223157259943532,0.0011348016017592754,True,vec,16,"{""1"": 3, ""2"": 8, ""3"": 12, ""4"": 2, ""5"": 11, ""6"": 6, ""7"": 9, ""8"": 0, ""9"": 5, ""10"": 0, ""11"": 9}"
1802,1802,True,,mpeg4\random\mappings\sample_1802_seed_1802.csv,5.763166207635271,327.63366275482,1.3042311316426403,1,0.0001214228,0.0334904481132075,412000.0,76000.0,1.645980099229736,0.0011290665084054995,True,vec,16,"{""1"": 12, ""2"": 12, ""3"": 6, ""4"": 12, ""5"": 4, ""6"": 7, ""7"": 4, ""8"": 14, ""9"": 3, ""10"": 1, ""11"": 8}"
1803,1803,True,,mpeg4\random\mappings\sample_1803_seed_1803.csv,5.295512984438208,326.78148596032,1.2558367049465036,0,0.0001318538,0.0,532000.0,72000.0,1.466160467092459,0.001185851247248335,True,vec,16,"{""1"": 9, ""2"": 12, ""3"": 0, ""4"": 14, ""5"": 0, ""6"": 4, ""7"": 7, ""8"": 2, ""9"": 3, ""10"": 7, ""11"": 4}"
1804,1804,True,,mpeg4\random\mappings\sample_1804_seed_1804.csv,4.640806989310789,325.87557681206,1.1213660228984166,0,0.0001215796,0.0,424000.0,64000.0,1.0056467750335791,0.0011281064343189055,True,vec,16,"{""1"": 9, ""2"": 11, ""3"": 8, ""4"": 15, ""5"": 1, ""6"": 6, ""7"": 2, ""8"": 4, ""9"": 8, ""10"": 6, ""11"": 7}"
1805,1805,True,,mpeg4\random\mappings\sample_1805_seed_1805.csv,4.9559173589055785,325.84556530063,1.1639875006724762,0,0.0001329868,0.0,436000.0,84000.0,0.9354732600531783,0.0011906502464521115,True,vec,16,"{""1"": 10, ""2"": 7, ""3"": 5, ""4"": 4, ""5"": 3, ""6"": 0, ""7"": 9, ""8"": 14, ""9"": 9, ""10"": 1, ""11"": 14}"
1806,1806,True,,mpeg4\random\mappings\sample_1806_seed_1806.csv,5.46530290630185,325.94020392814,1.1064196381672415,0,0.000122462,0.0,648000.0,72000.0,2.5398152462925907,0.0011335690698458208,True,vec,16,"{""1"": 2, ""2"": 8, ""3"": 10, ""4"": 2, ""5"": 2, ""6"": 7, ""7"": 12, ""8"": 8, ""9"": 2, ""10"": 4, ""11"": 7}"
1807,1807,True,,mpeg4\random\mappings\sample_1807_seed_1807.csv,4.920320672721398,326.20241574663,1.1258718777177144,0,0.0001217918,0.0,364000.0,80000.0,1.4837038458375593,0.0011295248787196632,True,vec,16,"{""1"": 5, ""2"": 5, ""3"": 14, ""4"": 2, ""5"": 2, ""6"": 6, ""7"": 13, ""8"": 1, ""9"": 3, ""10"": 11, ""11"": 6}"
1808,1808,True,,mpeg4\random\mappings\sample_1808_seed_1808.csv,5.130969337093352,326.90270371988,1.2664704901170944,0,0.0001209316,0.0,484000.0,80000.0,1.2687974562100819,0.0011258174310640656,True,vec,16,"{""1"": 0, ""2"": 1, ""3"": 11, ""4"": 14, ""5"": 11, ""6"": 13, ""7"": 14, ""8"": 4, ""9"": 2, ""10"": 15, ""11"": 10}"
1809,1809,True,,mpeg4\random\mappings\sample_1809_seed_1809.csv,5.072979665044038,326.15921974997,1.016065898109308,0,0.0001221716,0.0,460000.0,68000.0,2.1678956168964665,0.0011310072325672613,True,vec,16,"{""1"": 9, ""2"": 3, ""3"": 5, ""4"": 10, ""5"": 11, ""6"": 5, ""7"": 6, ""8"": 5, ""9"": 8, ""10"": 7, ""11"": 10}"
1810,1810,True,,mpeg4\random\mappings\sample_1810_seed_1810.csv,5.595533176121918,327.20543126498,1.207244676157277,1,0.0001215377,0.00246527777777775,540000.0,88000.0,1.3828294180532332,0.0011284455280767731,True,vec,16,"{""1"": 2, ""2"": 0, ""3"": 7, ""4"": 4, ""5"": 10, ""6"": 11, ""7"": 9, ""8"": 4, ""9"": 14, ""10"": 1, ""11"": 4}"
1811,1811,True,,mpeg4\random\mappings\sample_1811_seed_1811.csv,5.384932718045848,326.01719315387,1.161987441900295,0,0.0001217698,0.0,644000.0,120000.0,1.1196787368767303,0.0011299868314672806,True,vec,16,"{""1"": 10, ""2"": 2, ""3"": 15, ""4"": 1, ""5"": 2, ""6"": 11, ""7"": 5, ""8"": 5, ""9"": 0, ""10"": 13, ""11"": 4}"
1812,1812,True,,mpeg4\random\mappings\sample_1812_seed_1812.csv,5.736914677881475,326.45106226495,1.2319153016147868,0,0.0001279989,0.0,532000.0,132000.0,1.650365943916011,0.0011641668419498717,True,vec,16,"{""1"": 11, ""2"": 12, ""3"": 8, ""4"": 4, ""5"": 10, ""6"": 11, ""7"": 5, ""8"": 10, ""9"": 4, ""10"": 4, ""11"": 15}"
1813,1813,True,,mpeg4\random\mappings\sample_1813_seed_1813.csv,5.113427342830686,326.58779103712,1.12085042151387,0,0.0001217216,0.0,532000.0,80000.0,1.474932156465009,0.0011294275670785266,True,vec,16,"{""1"": 15, ""2"": 12, ""3"": 6, ""4"": 9, ""5"": 4, ""6"": 10, ""7"": 9, ""8"": 4, ""9"": 14, ""10"": 13, ""11"": 6}"
1814,1814,True,,mpeg4\random\mappings\sample_1814_seed_1814.csv,6.626540607375816,327.63178602435,1.3782722345398424,2,0.0001214729,0.11141145833333248,552000.0,80000.0,1.3784435733669582,0.0011303094285054222,True,vec,16,"{""1"": 7, ""2"": 11, ""3"": 10, ""4"": 0, ""5"": 3, ""6"": 3, ""7"": 9, ""8"": 15, ""9"": 12, ""10"": 0, ""11"": 7}"
1815,1815,True,,mpeg4\random\mappings\sample_1815_seed_1815.csv,4.456088220768293,325.98763827604,1.1605901143082369,0,0.0001214076,0.0,484000.0,48000.0,0.5670623064060744,0.0011275681018761835,True,vec,16,"{""1"": 1, ""2"": 4, ""3"": 8, ""4"": 3, ""5"": 9, ""6"": 13, ""7"": 12, ""8"": 5, ""9"": 0, ""10"": 10, ""11"": 14}"
1816,1816,True,,mpeg4\random\mappings\sample_1816_seed_1816.csv,6.177561499611935,327.59622523692,1.2466517598216083,2,0.0001216328,0.07226645833333376,492000.0,72000.0,1.360900194621858,0.0011299171869494594,True,vec,16,"{""1"": 9, ""2"": 4, ""3"": 1, ""4"": 11, ""5"": 1, ""6"": 2, ""7"": 9, ""8"": 8, ""9"": 8, ""10"": 10, ""11"": 0}"
1817,1817,True,,mpeg4\random\mappings\sample_1817_seed_1817.csv,5.040994029668013,327.19756451374,1.189100875843106,1,0.0001215988,0.0008110416666666874,464000.0,48000.0,0.9837175516022039,0.001128907303830037,True,vec,16,"{""1"": 15, ""2"": 11, ""3"": 9, ""4"": 3, ""5"": 10, ""6"": 5, ""7"": 12, ""8"": 0, ""9"": 9, ""10"": 14, ""11"": 15}"
1818,1818,True,,mpeg4\random\mappings\sample_1818_seed_1818.csv,4.693275595588455,326.18183488805,1.1778933128103604,0,0.0001226459,0.0,392000.0,64000.0,0.988103396288479,0.0011343612376932368,True,vec,16,"{""1"": 5, ""2"": 10, ""3"": 7, ""4"": 4, ""5"": 3, ""6"": 11, ""7"": 12, ""8"": 6, ""9"": 15, ""10"": 10, ""11"": 4}"
1819,1819,True,,mpeg4\random\mappings\sample_1819_seed_1819.csv,5.923131079202802,325.81503191396,1.296502351615682,0,0.000122275,0.0,604000.0,88000.0,3.224884186288753,0.001133012296569728,True,vec,16,"{""1"": 14, ""2"": 6, ""3"": 12, ""4"": 12, ""5"": 2, ""6"": 12, ""7"": 2, ""8"": 8, ""9"": 12, ""10"": 6, ""11"": 14}"
1820,1820,True,,mpeg4\random\mappings\sample_1820_seed_1820.csv,5.561527662021785,326.00568733211,1.0799915693531288,0,0.0001216627,0.0,548000.0,104000.0,2.4266604533866944,0.001129208252901062,True,vec,16,"{""1"": 4, ""2"": 7, ""3"": 6, ""4"": 13, ""5"": 13, ""6"": 6, ""7"": 4, ""8"": 13, ""9"": 11, ""10"": 10, ""11"": 11}"
1821,1821,True,,mpeg4\random\mappings\sample_1821_seed_1821.csv,5.815970950377085,326.91275932282,1.1463323973172987,0,0.0001208477,0.0,552000.0,164000.0,1.3959869521120583,0.0011243350656020357,True,vec,16,"{""1"": 11, ""2"": 11, ""3"": 13, ""4"": 4, ""5"": 8, ""6"": 10, ""7"": 8, ""8"": 5, ""9"": 0, ""10"": 12, ""11"": 13}"
1822,1822,True,,mpeg4\random\mappings\sample_1822_seed_1822.csv,5.109330119510756,326.3152154851,1.295024377664631,0,0.0001218429,0.0,560000.0,72000.0,1.2644116115238069,0.0011313384693418444,True,vec,16,"{""1"": 11, ""2"": 7, ""3"": 11, ""4"": 10, ""5"": 8, ""6"": 0, ""7"": 7, ""8"": 2, ""9"": 6, ""10"": 13, ""11"": 6}"
1823,1823,True,,mpeg4\random\mappings\sample_1823_seed_1823.csv,4.71735263987689,326.03057817317,1.1410824603760403,0,0.0001314543,0.0,340000.0,48000.0,1.3784435733669582,0.0011817871752985343,True,vec,16,"{""1"": 8, ""2"": 10, ""3"": 11, ""4"": 2, ""5"": 7, ""6"": 4, ""7"": 4, ""8"": 0, ""9"": 4, ""10"": 6, ""11"": 6}"
1824,1824,True,,mpeg4\random\mappings\sample_1824_seed_1824.csv,5.545551507143923,327.21718037016,1.2765347263442268,1,0.0001216716,0.0013087209302325626,536000.0,80000.0,1.2907266796414572,0.0011297090720758457,True,vec,16,"{""1"": 7, ""2"": 0, ""3"": 1, ""4"": 10, ""5"": 2, ""6"": 0, ""7"": 4, ""8"": 13, ""9"": 8, ""10"": 5, ""11"": 1}"
1825,1825,True,,mpeg4\random\mappings\sample_1825_seed_1825.csv,5.857604012567663,326.33036996244,1.2379231706625542,0,0.0001279457,0.0,448000.0,136000.0,2.1547380828376417,0.0011633982479156884,True,vec,16,"{""1"": 0, ""2"": 9, ""3"": 2, ""4"": 13, ""5"": 8, ""6"": 0, ""7"": 0, ""8"": 5, ""9"": 5, ""10"": 5, ""11"": 2}"
1826,1826,True,,mpeg4\random\mappings\sample_1826_seed_1826.csv,5.41854044379684,325.92679662385,1.1759950067032583,0,0.0001396647,0.0,608000.0,72000.0,1.7722924261944575,0.001226102147023861,True,vec,16,"{""1"": 4, ""2"": 15, ""3"": 15, ""4"": 0, ""5"": 2, ""6"": 5, ""7"": 13, ""8"": 15, ""9"": 9, ""10"": 7, ""11"": 9}"
1827,1827,True,,mpeg4\random\mappings\sample_1827_seed_1827.csv,5.528010128536627,327.27695772837,1.3003645160323554,1,0.0001220237,0.0183425,600000.0,72000.0,0.8960006578767029,0.0011324214744985043,True,vec,16,"{""1"": 8, ""2"": 6, ""3"": 4, ""4"": 0, ""5"": 14, ""6"": 12, ""7"": 4, ""8"": 9, ""9"": 5, ""10"": 3, ""11"": 10}"
1828,1828,True,,mpeg4\random\mappings\sample_1828_seed_1828.csv,6.174349907562746,327.30527766802,1.4706338319004837,1,0.0001220327,0.018661397058823748,484000.0,80000.0,2.4749047449357198,0.001133564742679498,True,vec,16,"{""1"": 1, ""2"": 0, ""3"": 12, ""4"": 13, ""5"": 8, ""6"": 12, ""7"": 9, ""8"": 12, ""9"": 13, ""10"": 15, ""11"": 13}"
1829,1829,True,,mpeg4\random\mappings\sample_1829_seed_1829.csv,5.601984400786348,325.76831099198,1.126501994495396,0,0.000132537,0.0,652000.0,100000.0,1.9433403689591842,0.0011884674167683387,True,vec,16,"{""1"": 11, ""2"": 5, ""3"": 11, ""4"": 5, ""5"": 10, ""6"": 3, ""7"": 13, ""8"": 5, ""9"": 15, ""10"": 13, ""11"": 8}"
1830,1830,True,,mpeg4\random\mappings\sample_1830_seed_1830.csv,5.862289347204523,327.46299602791,1.3602016042629381,1,0.0001222977,0.0458340277777775,428000.0,80000.0,1.4968613798963843,0.001134067074215863,True,vec,16,"{""1"": 15, ""2"": 12, ""3"": 8, ""4"": 13, ""5"": 10, ""6"": 3, ""7"": 1, ""8"": 13, ""9"": 15, ""10"": 3, ""11"": 10}"
1831,1831,True,,mpeg4\random\mappings\sample_1831_seed_1831.csv,4.8557213345880825,326.08526657526,1.1407039248454656,0,0.0001218896,0.0,356000.0,88000.0,1.1416079603081055,0.0011296895143097093,True,vec,16,"{""1"": 1, ""2"": 3, ""3"": 5, ""4"": 6, ""5"": 9, ""6"": 2, ""7"": 1, ""8"": 10, ""9"": 10, ""10"": 2, ""11"": 0}"
1832,1832,True,,mpeg4\random\mappings\sample_1832_seed_1832.csv,4.984649812472865,325.86103888188,1.1776720894068593,0,0.0001331708,0.0,532000.0,56000.0,1.3477426605630327,0.0011921355194407495,True,vec,16,"{""1"": 15, ""2"": 4, ""3"": 5, ""4"": 7, ""5"": 4, ""6"": 0, ""7"": 9, ""8"": 11, ""9"": 9, ""10"": 4, ""11"": 8}"
1833,1833,True,,mpeg4\random\mappings\sample_1833_seed_1833.csv,4.9330178560305615,326.19525906279,1.2821446509044556,0,0.0001212097,0.0,444000.0,88000.0,0.803897919464927,0.001127123134918802,True,vec,16,"{""1"": 8, ""2"": 9, ""3"": 12, ""4"": 14, ""5"": 0, ""6"": 1, ""7"": 9, ""8"": 5, ""9"": 10, ""10"": 3, ""11"": 13}"
1834,1834,True,,mpeg4\random\mappings\sample_1834_seed_1834.csv,5.298808322123821,326.85597600645,1.2546766624157037,0,0.0001217469,0.0,588000.0,96000.0,1.1144157232532004,0.0011302799141748607,True,vec,16,"{""1"": 12, ""2"": 9, ""3"": 4, ""4"": 12, ""5"": 6, ""6"": 15, ""7"": 2, ""8"": 9, ""9"": 13, ""10"": 1, ""11"": 5}"
1835,1835,True,,mpeg4\random\mappings\sample_1835_seed_1835.csv,5.74421687332828,327.16371550837,1.2697370663737453,1,0.0001276816,4.2187499999999995e-05,652000.0,72000.0,1.5626490501905101,0.001163227338444157,True,vec,16,"{""1"": 3, ""2"": 8, ""3"": 2, ""4"": 6, ""5"": 8, ""6"": 12, ""7"": 6, ""8"": 7, ""9"": 13, ""10"": 13, ""11"": 12}"
1836,1836,True,,mpeg4\random\mappings\sample_1836_seed_1836.csv,5.560510667541744,328.34514437398,1.3096907155827813,1,0.0001214976,0.0393410227272725,372000.0,52000.0,1.4003727967983335,0.0011292415756253673,True,vec,16,"{""1"": 6, ""2"": 5, ""3"": 0, ""4"": 12, ""5"": 7, ""6"": 12, ""7"": 13, ""8"": 11, ""9"": 8, ""10"": 12, ""11"": 14}"
1837,1837,True,,mpeg4\random\mappings\sample_1837_seed_1837.csv,4.557578851764391,325.74501823223,1.1806486451871259,0,0.0001214517,0.0,552000.0,48000.0,0.6986376469943258,0.001127902023253511,True,vec,16,"{""1"": 0, ""2"": 2, ""3"": 6, ""4"": 14, ""5"": 12, ""6"": 11, ""7"": 3, ""8"": 9, ""9"": 8, ""10"": 13, ""11"": 8}"
1838,1838,True,,mpeg4\random\mappings\sample_1838_seed_1838.csv,5.461783646678515,325.89211803263,1.1941619753389892,0,0.0001319196,0.0,508000.0,96000.0,1.8608864888572134,0.0011856894691647337,True,vec,16,"{""1"": 5, ""2"": 14, ""3"": 3, ""4"": 0, ""5"": 3, ""6"": 5, ""7"": 4, ""8"": 2, ""9"": 3, ""10"": 4, ""11"": 11}"
1839,1839,True,,mpeg4\random\mappings\sample_1839_seed_1839.csv,6.218425317043354,327.32390447855,1.4955121089949828,1,0.0001207868,0.014158035714285627,424000.0,104000.0,2.276664565116088,0.0011256364317470174,True,vec,16,"{""1"": 1, ""2"": 2, ""3"": 12, ""4"": 8, ""5"": 0, ""6"": 0, ""7"": 0, ""8"": 2, ""9"": 8, ""10"": 12, ""11"": 3}"
1840,1840,True,,mpeg4\random\mappings\sample_1840_seed_1840.csv,4.932268768915992,326.81696971707,1.1458927713902893,0,0.0001227899,0.0,528000.0,64000.0,1.172308873112031,0.0011354035580443465,True,vec,16,"{""1"": 14, ""2"": 1, ""3"": 2, ""4"": 7, ""5"": 13, ""6"": 10, ""7"": 0, ""8"": 13, ""9"": 14, ""10"": 1, ""11"": 6}"
1841,1841,True,,mpeg4\random\mappings\sample_1841_seed_1841.csv,5.615640144017744,326.88839090562,1.1523844121910949,0,0.0001213429,0.0,576000.0,104000.0,2.092459088292536,0.0011277339802928173,True,vec,16,"{""1"": 5, ""2"": 7, ""3"": 5, ""4"": 8, ""5"": 13, ""6"": 13, ""7"": 0, ""8"": 7, ""9"": 3, ""10"": 4, ""11"": 7}"
1842,1842,True,,mpeg4\random\mappings\sample_1842_seed_1842.csv,5.114567953608227,325.64208878448,1.1103192667027595,0,0.0001324278,0.0,448000.0,80000.0,1.6407170856062059,0.001187501149692366,True,vec,16,"{""1"": 5, ""2"": 4, ""3"": 13, ""4"": 1, ""5"": 10, ""6"": 7, ""7"": 1, ""8"": 4, ""9"": 1, ""10"": 7, ""11"": 15}"
1843,1843,True,,mpeg4\random\mappings\sample_1843_seed_1843.csv,4.762174476664322,325.84718396089,1.1282240437569524,0,0.0001220868,0.0,536000.0,56000.0,1.2030097859159563,0.001131446200421573,True,vec,16,"{""1"": 12, ""2"": 7, ""3"": 9, ""4"": 3, ""5"": 9, ""6"": 1, ""7"": 8, ""8"": 6, ""9"": 2, ""10"": 14, ""11"": 8}"
1844,1844,True,,mpeg4\random\mappings\sample_1844_seed_1844.csv,5.110386805782375,326.43126272997,1.251828831885085,0,0.0001218418,0.0,736000.0,72000.0,0.8512650420766975,0.001131556407683892,True,vec,16,"{""1"": 3, ""2"": 12, ""3"": 14, ""4"": 5, ""5"": 13, ""6"": 8, ""7"": 1, ""8"": 12, ""9"": 7, ""10"": 11, ""11"": 15}"
1845,1845,True,,mpeg4\random\mappings\sample_1845_seed_1845.csv,5.552756237394076,325.87965126417,1.1199456474169192,0,0.0001224638,0.0,592000.0,96000.0,2.386310682272964,0.0011335885043871493,True,vec,16,"{""1"": 2, ""2"": 12, ""3"": 6, ""4"": 2, ""5"": 10, ""6"": 2, ""7"": 9, ""8"": 12, ""9"": 1, ""10"": 10, ""11"": 6}"
1846,1846,True,,mpeg4\random\mappings\sample_1846_seed_1846.csv,5.173811327997737,326.12094566799,1.2373316542491466,0,0.0001220337,0.0,548000.0,72000.0,1.6582604643513061,0.001131466548277459,True,vec,16,"{""1"": 15, ""2"": 13, ""3"": 4, ""4"": 13, ""5"": 3, ""6"": 8, ""7"": 5, ""8"": 13, ""9"": 6, ""10"": 3, ""11"": 11}"
1847,1847,True,,mpeg4\random\mappings\sample_1847_seed_1847.csv,5.358208650232406,327.19005211344,1.2356976775830069,1,0.000122761213,0.0014220833333333125,492000.0,60000.0,1.3872152627395082,0.001135494527184559,True,vec,16,"{""1"": 1, ""2"": 15, ""3"": 7, ""4"": 15, ""5"": 14, ""6"": 10, ""7"": 12, ""8"": 4, ""9"": 8, ""10"": 14, ""11"": 7}"
1848,1848,True,,mpeg4\random\mappings\sample_1848_seed_1848.csv,5.8280485855791575,327.23232300309,1.2215717111871123,1,0.0001329265,0.0030187499999999997,524000.0,88000.0,1.641594254543461,0.0011909329205446414,True,vec,16,"{""1"": 15, ""2"": 1, ""3"": 13, ""4"": 2, ""5"": 3, ""6"": 8, ""7"": 8, ""8"": 13, ""9"": 8, ""10"": 5, ""11"": 12}"
1849,1849,True,,mpeg4\random\mappings\sample_1849_seed_1849.csv,5.092528735818099,326.15478956628,1.2402143225732019,0,0.0001227858,0.0,512000.0,84000.0,1.2117814752885063,0.0011356050994105942,True,vec,16,"{""1"": 9, ""2"": 2, ""3"": 12, ""4"": 3, ""5"": 2, ""6"": 0, ""7"": 6, ""8"": 13, ""9"": 1, ""10"": 4, ""11"": 0}"
1850,1850,True,,mpeg4\random\mappings\sample_1850_seed_1850.csv,5.069771044759979,325.94835141393,1.1760435056456893,0,0.0001214036,0.0,468000.0,60000.0,2.0582494997395906,0.0011272206184669781,True,vec,16,"{""1"": 0, ""2"": 6, ""3"": 10, ""4"": 7, ""5"": 0, ""6"": 9, ""7"": 10, ""8"": 11, ""9"": 0, ""10"": 13, ""11"": 0}"
1851,1851,True,,mpeg4\random\mappings\sample_1851_seed_1851.csv,5.770173421927468,327.31479282357,1.18464240265662,1,0.0001226948,0.014702430555555625,744000.0,112000.0,0.5670623064060744,0.0011359415399845396,True,vec,16,"{""1"": 12, ""2"": 3, ""3"": 13, ""4"": 1, ""5"": 6, ""6"": 14, ""7"": 8, ""8"": 2, ""9"": 10, ""10"": 0, ""11"": 4}"
1852,1852,True,,mpeg4\random\mappings\sample_1852_seed_1852.csv,4.831080549297593,325.48700565947,0.9980691970220804,0,0.0001314781,0.0,404000.0,64000.0,1.641594254543461,0.0011817328641367197,True,vec,16,"{""1"": 2, ""2"": 1, ""3"": 11, ""4"": 5, ""5"": 10, ""6"": 9, ""7"": 9, ""8"": 11, ""9"": 3, ""10"": 9, ""11"": 8}"
1853,1853,True,,mpeg4\random\mappings\sample_1853_seed_1853.csv,5.013747020323905,325.81426872398,1.1808991350618039,0,0.000122414,0.0,596000.0,84000.0,1.0056467750335791,0.0011338746873469094,True,vec,16,"{""1"": 7, ""2"": 13, ""3"": 9, ""4"": 8, ""5"": 5, ""6"": 3, ""7"": 8, ""8"": 10, ""9"": 2, ""10"": 5, ""11"": 0}"
1854,1854,True,,mpeg4\random\mappings\sample_1854_seed_1854.csv,5.171505823065485,326.94021955914,1.1591747028891737,0,0.0001214476,0.0,492000.0,88000.0,1.3872152627395082,0.0011280440655013386,True,vec,16,"{""1"": 10, ""2"": 5, ""3"": 10, ""4"": 5, ""5"": 3, ""6"": 8, ""7"": 4, ""8"": 7, ""9"": 3, ""10"": 0, ""11"": 15}"
1855,1855,True,,mpeg4\random\mappings\sample_1855_seed_1855.csv,5.686963342290282,327.30144598869,1.2596029154133743,1,0.0001212656,0.021464244186046248,480000.0,72000.0,1.7293111482689618,0.001128164400870479,True,vec,16,"{""1"": 9, ""2"": 12, ""3"": 12, ""4"": 13, ""5"": 3, ""6"": 9, ""7"": 13, ""8"": 1, ""9"": 3, ""10"": 6, ""11"": 14}"
1856,1856,True,,mpeg4\random\mappings\sample_1856_seed_1856.csv,5.404659060145777,325.92592146351,1.1481809808530903,0,0.000142478,0.0,556000.0,68000.0,1.926674159151339,0.0012415925383927361,True,vec,16,"{""1"": 15, ""2"": 8, ""3"": 13, ""4"": 13, ""5"": 13, ""6"": 11, ""7"": 0, ""8"": 6, ""9"": 15, ""10"": 2, ""11"": 7}"
1857,1857,True,,mpeg4\random\mappings\sample_1857_seed_1857.csv,4.8467724836142,325.40973814113,1.0526120165400985,0,0.0001273307,0.0,352000.0,72000.0,1.6942243907787615,0.0011591284334117205,True,vec,16,"{""1"": 6, ""2"": 10, ""3"": 7, ""4"": 8, ""5"": 2, ""6"": 5, ""7"": 13, ""8"": 7, ""9"": 10, ""10"": 10, ""11"": 5}"
1858,1858,True,,mpeg4\random\mappings\sample_1858_seed_1858.csv,5.272763746871935,327.27665677767,1.268661675469034,1,0.0001213537,0.00879734375,420000.0,48000.0,1.4442312436610838,0.0011278745858044256,True,vec,16,"{""1"": 14, ""2"": 12, ""3"": 4, ""4"": 0, ""5"": 0, ""6"": 9, ""7"": 1, ""8"": 14, ""9"": 14, ""10"": 6, ""11"": 2}"
1859,1859,True,,mpeg4\random\mappings\sample_1859_seed_1859.csv,4.7215000634149185,325.67225027615,1.138583221892075,0,0.0001215764,0.0,384000.0,72000.0,1.185466407170856,0.0011282096039199033,True,vec,16,"{""1"": 11, ""2"": 14, ""3"": 4, ""4"": 6, ""5"": 0, ""6"": 10, ""7"": 10, ""8"": 8, ""9"": 7, ""10"": 14, ""11"": 7}"
1860,1860,True,,mpeg4\random\mappings\sample_1860_seed_1860.csv,5.210919763797367,326.28887563707,1.2648774397838003,0,0.0001216585,0.0,620000.0,80000.0,1.2907266796414572,0.0011297826843336552,True,vec,16,"{""1"": 11, ""2"": 12, ""3"": 14, ""4"": 8, ""5"": 13, ""6"": 3, ""7"": 3, ""8"": 14, ""9"": 4, ""10"": 9, ""11"": 0}"
1861,1861,True,,mpeg4\random\mappings\sample_1861_seed_1861.csv,4.909108844195959,325.88725407901,1.2727842730523875,0,0.0001219057,0.0,556000.0,72000.0,0.8828431238178778,0.0011312340787804063,True,vec,16,"{""1"": 15, ""2"": 9, ""3"": 12, ""4"": 0, ""5"": 3, ""6"": 7, ""7"": 5, ""8"": 3, ""9"": 1, ""10"": 10, ""11"": 14}"
1862,1862,True,,mpeg4\random\mappings\sample_1862_seed_1862.csv,5.1947122969616135,325.05746760021,1.0374244066745426,0,0.0001328197,0.0,512000.0,120000.0,1.1144157232532004,0.0011891427565767752,True,vec,16,"{""1"": 8, ""2"": 14, ""3"": 4, ""4"": 2, ""5"": 13, ""6"": 10, ""7"": 5, ""8"": 14, ""9"": 5, ""10"": 8, ""11"": 9}"
1863,1863,True,,mpeg4\random\mappings\sample_1863_seed_1863.csv,5.168105651244928,326.22273971195,1.1885665578936666,0,0.0001216278,0.0,628000.0,88000.0,1.1547654943669308,0.0011294868807492058,True,vec,16,"{""1"": 12, ""2"": 5, ""3"": 8, ""4"": 9, ""5"": 9, ""6"": 2, ""7"": 11, ""8"": 7, ""9"": 14, ""10"": 13, ""11"": 5}"
1864,1864,True,,mpeg4\random\mappings\sample_1864_seed_1864.csv,5.266689598655843,325.82505387669,1.16244136601741,0,0.0001217916,0.0,532000.0,88000.0,1.8652723335434884,0.0011294837903948968,True,vec,16,"{""1"": 2, ""2"": 9, ""3"": 3, ""4"": 9, ""5"": 8, ""6"": 4, ""7"": 8, ""8"": 1, ""9"": 10, ""10"": 3, ""11"": 9}"
1865,1865,True,,mpeg4\random\mappings\sample_1865_seed_1865.csv,4.711409273245888,325.8924187089,1.120712671131952,0,0.0001221218,0.0,428000.0,64000.0,1.172308873112031,0.0011312816871745272,True,vec,16,"{""1"": 5, ""2"": 13, ""3"": 1, ""4"": 6, ""5"": 0, ""6"": 9, ""7"": 2, ""8"": 0, ""9"": 13, ""10"": 10, ""11"": 10}"
1866,1866,True,,mpeg4\random\mappings\sample_1866_seed_1866.csv,6.148114605986279,325.87726854447,1.1369219488084772,0,0.000133409,0.0,720000.0,144000.0,2.2292974425043175,0.0011938906664962772,True,vec,16,"{""1"": 15, ""2"": 0, ""3"": 6, ""4"": 10, ""5"": 10, ""6"": 15, ""7"": 4, ""8"": 10, ""9"": 4, ""10"": 6, ""11"": 13}"
1867,1867,True,,mpeg4\random\mappings\sample_1867_seed_1867.csv,6.4485290838074505,326.16473697332,1.3356727641312247,0,0.0001217357,0.0,552000.0,92000.0,4.593267728406568,0.0011299355308944572,True,vec,16,"{""1"": 7, ""2"": 13, ""3"": 0, ""4"": 0, ""5"": 7, ""6"": 0, ""7"": 8, ""8"": 0, ""9"": 0, ""10"": 6, ""11"": 7}"
1868,1868,True,,mpeg4\random\mappings\sample_1868_seed_1868.csv,4.659807903293497,326.09721014021,1.0945457243987828,0,0.0001222957,0.0,384000.0,60000.0,1.2249390093473316,0.0011319464560365004,True,vec,16,"{""1"": 14, ""2"": 15, ""3"": 8, ""4"": 3, ""5"": 9, ""6"": 6, ""7"": 9, ""8"": 6, ""9"": 5, ""10"": 10, ""11"": 12}"
1869,1869,True,,mpeg4\random\mappings\sample_1869_seed_1869.csv,6.185987575501158,327.63130555628,1.2860208385622511,2,0.0001224427,0.10674811507936813,360000.0,64000.0,1.2512540774649819,0.0011346517323944543,True,vec,16,"{""1"": 7, ""2"": 15, ""3"": 10, ""4"": 12, ""5"": 13, ""6"": 8, ""7"": 10, ""8"": 11, ""9"": 11, ""10"": 4, ""11"": 7}"
1870,1870,True,,mpeg4\random\mappings\sample_1870_seed_1870.csv,5.273770373072954,327.26539236607,1.1710800582281986,1,0.0001220887,0.009780208333333125,448000.0,72000.0,1.0056467750335791,0.0011315919336252309,True,vec,16,"{""1"": 10, ""2"": 3, ""3"": 6, ""4"": 14, ""5"": 2, ""6"": 2, ""7"": 5, ""8"": 7, ""9"": 11, ""10"": 1, ""11"": 8}"
1871,1871,True,,mpeg4\random\mappings\sample_1871_seed_1871.csv,6.045409136529473,327.32235005651,1.34568747838033,1,0.0001220818,0.014352777777777501,680000.0,96000.0,1.5538773608179601,0.0011331071315130552,True,vec,16,"{""1"": 15, ""2"": 2, ""3"": 0, ""4"": 12, ""5"": 13, ""6"": 0, ""7"": 9, ""8"": 3, ""9"": 6, ""10"": 0, ""11"": 4}"
1872,1872,True,,mpeg4\random\mappings\sample_1872_seed_1872.csv,5.621789626603719,325.83977231377,1.134231103937817,0,0.0001388838,0.0,528000.0,84000.0,2.4389408185082644,0.001221269250894017,True,vec,16,"{""1"": 8, ""2"": 9, ""3"": 9, ""4"": 10, ""5"": 1, ""6"": 3, ""7"": 10, ""8"": 9, ""9"": 9, ""10"": 13, ""11"": 15}"
1873,1873,True,,mpeg4\random\mappings\sample_1873_seed_1873.csv,5.832599518906335,327.29154397149,1.2017707567952856,1,0.0001317781,0.007879734848485,308000.0,84000.0,2.317014336229818,0.0011841107444509362,True,vec,16,"{""1"": 0, ""2"": 1, ""3"": 13, ""4"": 6, ""5"": 10, ""6"": 14, ""7"": 14, ""8"": 0, ""9"": 14, ""10"": 10, ""11"": 14}"
1874,1874,True,,mpeg4\random\mappings\sample_1874_seed_1874.csv,5.3723645053983065,327.04695316182,1.233949978402928,0,0.0001219388,0.0,564000.0,88000.0,1.549491516131685,0.001131269344500939,True,vec,16,"{""1"": 11, ""2"": 2, ""3"": 6, ""4"": 4, ""5"": 15, ""6"": 3, ""7"": 15, ""8"": 11, ""9"": 6, ""10"": 14, ""11"": 4}"
1875,1875,True,,mpeg4\random\mappings\sample_1875_seed_1875.csv,6.404377971136931,327.39643679697,1.1260238258463422,1,0.0001326337,0.037878125,568000.0,112000.0,2.2328061182533374,0.001189718822128041,True,vec,16,"{""1"": 7, ""2"": 9, ""3"": 7, ""4"": 3, ""5"": 12, ""6"": 6, ""7"": 9, ""8"": 9, ""9"": 11, ""10"": 9, ""11"": 11}"
1876,1876,True,,mpeg4\random\mappings\sample_1876_seed_1876.csv,5.212101655448781,325.97852289717,1.1994776035525967,0,0.0001330939,0.0,604000.0,72000.0,1.356514349935583,0.0011922823417545815,True,vec,16,"{""1"": 12, ""2"": 2, ""3"": 5, ""4"": 3, ""5"": 8, ""6"": 14, ""7"": 3, ""8"": 9, ""9"": 14, ""10"": 3, ""11"": 6}"
1877,1877,True,,mpeg4\random\mappings\sample_1877_seed_1877.csv,6.186912187158756,328.2182464084,1.1427502683756148,1,0.0001220917,0.14882875,452000.0,72000.0,1.1591513390532058,0.0011320146572377117,True,vec,16,"{""1"": 4, ""2"": 10, ""3"": 11, ""4"": 5, ""5"": 8, ""6"": 6, ""7"": 11, ""8"": 9, ""9"": 15, ""10"": 14, ""11"": 5}"
1878,1878,True,,mpeg4\random\mappings\sample_1878_seed_1878.csv,5.118400367713256,326.86529614203,1.1739901369006756,0,0.0001228859,0.0,632000.0,72000.0,1.1591513390532058,0.001136359218832667,True,vec,16,"{""1"": 9, ""2"": 3, ""3"": 9, ""4"": 12, ""5"": 11, ""6"": 6, ""7"": 12, ""8"": 13, ""9"": 8, ""10"": 0, ""11"": 10}"
1879,1879,True,,mpeg4\random\mappings\sample_1879_seed_1879.csv,5.0224803703631276,326.18895178122,1.1722507568576992,0,0.0001223928,0.0,628000.0,84000.0,0.8512650420766975,0.0011336543328792025,True,vec,16,"{""1"": 7, ""2"": 1, ""3"": 3, ""4"": 12, ""5"": 8, ""6"": 11, ""7"": 13, ""8"": 1, ""9"": 2, ""10"": 14, ""11"": 10}"
1880,1880,True,,mpeg4\random\mappings\sample_1880_seed_1880.csv,5.0206447711427895,326.19677333494,1.2534994502711545,0,0.0001214038,0.0,680000.0,72000.0,0.8302129875825772,0.0011289729671549779,True,vec,16,"{""1"": 0, ""2"": 4, ""3"": 13, ""4"": 15, ""5"": 6, ""6"": 3, ""7"": 15, ""8"": 5, ""9"": 10, ""10"": 8, ""11"": 11}"
1881,1881,True,,mpeg4\random\mappings\sample_1881_seed_1881.csv,5.370570756971054,327.30390810168,1.2490988288792295,1,0.0001215988,0.009000416666666875,492000.0,76000.0,0.9179298813080782,0.001129570909397598,True,vec,16,"{""1"": 9, ""2"": 11, ""3"": 7, ""4"": 6, ""5"": 10, ""6"": 3, ""7"": 0, ""8"": 12, ""9"": 7, ""10"": 9, ""11"": 15}"
1882,1882,True,,mpeg4\random\mappings\sample_1882_seed_1882.csv,5.482132448960004,327.36850221207,1.2559511063003719,1,0.0001217307,0.012745000000000001,460000.0,72000.0,1.3126559030728324,0.0011303400708216305,True,vec,16,"{""1"": 14, ""2"": 1, ""3"": 1, ""4"": 4, ""5"": 4, ""6"": 7, ""7"": 10, ""8"": 13, ""9"": 15, ""10"": 11, ""11"": 3}"
1883,1883,True,,mpeg4\random\mappings\sample_1883_seed_1883.csv,5.9438529894746175,327.50632754095,1.1792124310088747,1,0.0001331717,0.07622625000000001,612000.0,72000.0,0.9354732600531783,0.001193134252909196,True,vec,16,"{""1"": 12, ""2"": 6, ""3"": 3, ""4"": 2, ""5"": 5, ""6"": 11, ""7"": 9, ""8"": 10, ""9"": 9, ""10"": 0, ""11"": 10}"
1884,1884,True,,mpeg4\random\mappings\sample_1884_seed_1884.csv,5.065045805949481,326.49861978269,1.1597143104582603,0,0.0001232258,0.0,640000.0,72000.0,1.1152928921904552,0.0011385057545217916,True,vec,16,"{""1"": 3, ""2"": 12, ""3"": 7, ""4"": 8, ""5"": 10, ""6"": 7, ""7"": 14, ""8"": 9, ""9"": 11, ""10"": 5, ""11"": 0}"
1885,1885,True,,mpeg4\random\mappings\sample_1885_seed_1885.csv,5.5306655535185,326.23274127673,1.2525868286756559,0,0.0001228988,0.0,748000.0,100000.0,1.4003727967983335,0.0011372134430102702,True,vec,16,"{""1"": 12, ""2"": 3, ""3"": 9, ""4"": 1, ""5"": 15, ""6"": 3, ""7"": 15, ""8"": 0, ""9"": 8, ""10"": 1, ""11"": 11}"
1886,1886,True,,mpeg4\random\mappings\sample_1886_seed_1886.csv,5.038761515994271,326.52043562283,1.1901075952108369,0,0.0001265481,0.0,308000.0,72000.0,1.751240371700337,0.001154975934661993,True,vec,16,"{""1"": 1, ""2"": 10, ""3"": 10, ""4"": 14, ""5"": 9, ""6"": 8, ""7"": 14, ""8"": 6, ""9"": 8, ""10"": 8, ""11"": 3}"
1887,1887,True,,mpeg4\random\mappings\sample_1887_seed_1887.csv,4.929716171255533,326.41573244427,1.2171424887876272,0,0.0001323796,0.0,348000.0,60000.0,1.374057728680683,0.0011874032914654022,True,vec,16,"{""1"": 11, ""2"": 15, ""3"": 6, ""4"": 13, ""5"": 1, ""6"": 0, ""7"": 1, ""8"": 9, ""9"": 1, ""10"": 8, ""11"": 15}"
1888,1888,True,,mpeg4\random\mappings\sample_1888_seed_1888.csv,5.2564993933185615,326.39051706545,1.1688394112445553,0,0.0001285288,0.0,672000.0,72000.0,1.4003727967983335,0.0011673412941037523,True,vec,16,"{""1"": 15, ""2"": 0, ""3"": 7, ""4"": 4, ""5"": 13, ""6"": 7, ""7"": 15, ""8"": 5, ""9"": 1, ""10"": 1, ""11"": 11}"
1889,1889,True,,mpeg4\random\mappings\sample_1889_seed_1889.csv,5.340194475713889,327.10862270415,1.2664210546364416,0,0.000122211,0.0,740000.0,88000.0,0.8828431238178778,0.001133897643850992,True,vec,16,"{""1"": 9, ""2"": 6, ""3"": 13, ""4"": 10, ""5"": 0, ""6"": 12, ""7"": 7, ""8"": 0, ""9"": 1, ""10"": 3, ""11"": 2}"
1890,1890,True,,mpeg4\random\mappings\sample_1890_seed_1890.csv,5.211209384375087,325.7752864703,1.138838746741467,0,0.0001216487,0.0,612000.0,108000.0,1.1109070475041802,0.0011297619109493018,True,vec,16,"{""1"": 12, ""2"": 5, ""3"": 8, ""4"": 3, ""5"": 14, ""6"": 13, ""7"": 5, ""8"": 10, ""9"": 14, ""10"": 7, ""11"": 7}"
1891,1891,True,,mpeg4\random\mappings\sample_1891_seed_1891.csv,5.905375362303807,327.2641103254,1.475253964773897,1,0.0001200149,0.0056318181818181875,544000.0,72000.0,2.010005208190565,0.0011218573489537185,True,vec,16,"{""1"": 0, ""2"": 0, ""3"": 9, ""4"": 12, ""5"": 3, ""6"": 3, ""7"": 3, ""8"": 4, ""9"": 2, ""10"": 12, ""11"": 15}"
1892,1892,True,,mpeg4\random\mappings\sample_1892_seed_1892.csv,5.018279535714229,326.15708817758,1.1531889644616402,0,0.0001217436,0.0,556000.0,72000.0,1.3784435733669582,0.00112981491351893,True,vec,16,"{""1"": 9, ""2"": 2, ""3"": 8, ""4"": 15, ""5"": 1, ""6"": 8, ""7"": 4, ""8"": 13, ""9"": 7, ""10"": 12, ""11"": 15}"
1893,1893,True,,mpeg4\random\mappings\sample_1893_seed_1893.csv,4.776557447795357,325.73304156132,1.1613709280267994,0,0.0001275806,0.0,448000.0,72000.0,0.8916148131904279,0.0011616568175361924,True,vec,16,"{""1"": 12, ""2"": 6, ""3"": 7, ""4"": 13, ""5"": 15, ""6"": 10, ""7"": 6, ""8"": 8, ""9"": 11, ""10"": 11, ""11"": 2}"
1894,1894,True,,mpeg4\random\mappings\sample_1894_seed_1894.csv,4.897793947235414,326.17715708776,1.2052036237118533,0,0.0001225878,0.0,644000.0,64000.0,0.8302129875825772,0.0011349732112675957,True,vec,16,"{""1"": 1, ""2"": 12, ""3"": 5, ""4"": 9, ""5"": 0, ""6"": 14, ""7"": 2, ""8"": 4, ""9"": 1, ""10"": 7, ""11"": 7}"
1895,1895,True,,mpeg4\random\mappings\sample_1895_seed_1895.csv,8.161751861655443,328.67676629293,1.2759858332841558,1,0.0001241327,0.43317013888888756,508000.0,84000.0,1.3345851265042077,0.0011467058590898056,True,vec,16,"{""1"": 9, ""2"": 15, ""3"": 1, ""4"": 10, ""5"": 0, ""6"": 14, ""7"": 11, ""8"": 14, ""9"": 10, ""10"": 8, ""11"": 11}"
1896,1896,True,,mpeg4\random\mappings\sample_1896_seed_1896.csv,5.192434241487729,325.66994015622,1.2029051965414337,0,0.0001317924,0.0,472000.0,96000.0,1.2468682327787066,0.0011846552570883055,True,vec,16,"{""1"": 3, ""2"": 6, ""3"": 14, ""4"": 8, ""5"": 12, ""6"": 1, ""7"": 1, ""8"": 9, ""9"": 1, ""10"": 7, ""11"": 5}"
1897,1897,True,,mpeg4\random\mappings\sample_1897_seed_1897.csv,5.1050259572232894,326.5479389009,1.2603242337847207,0,0.0001221629,0.0,544000.0,72000.0,1.2907266796414572,0.001132598152970712,True,vec,16,"{""1"": 15, ""2"": 10, ""3"": 3, ""4"": 15, ""5"": 9, ""6"": 4, ""7"": 11, ""8"": 6, ""9"": 8, ""10"": 14, ""11"": 15}"
1898,1898,True,,mpeg4\random\mappings\sample_1898_seed_1898.csv,4.739496065813389,325.83160302585,1.1383777175975531,0,0.0001214507,0.0,376000.0,56000.0,1.5758065842493352,0.0011276245173176681,True,vec,16,"{""1"": 9, ""2"": 13, ""3"": 3, ""4"": 9, ""5"": 3, ""6"": 6, ""7"": 14, ""8"": 10, ""9"": 7, ""10"": 9, ""11"": 2}"
1899,1899,True,,mpeg4\random\mappings\sample_1899_seed_1899.csv,5.310719987965088,325.81538487985,1.1822695221046897,0,0.0001325989,0.0,524000.0,84000.0,1.6854527014062115,0.0011893548497311512,True,vec,16,"{""1"": 4, ""2"": 1, ""3"": 2, ""4"": 6, ""5"": 4, ""6"": 2, ""7"": 15, ""8"": 7, ""9"": 15, ""10"": 6, ""11"": 9}"
1900,1900,True,,mpeg4\random\mappings\sample_1900_seed_1900.csv,5.075630630416713,326.40114072092,1.2134073428730678,0,0.0001228919,0.0,540000.0,80000.0,1.1591513390532058,0.001136305831123895,True,vec,16,"{""1"": 1, ""2"": 11, ""3"": 6, ""4"": 3, ""5"": 15, ""6"": 14, ""7"": 3, ""8"": 4, ""9"": 10, ""10"": 8, ""11"": 6}"
1901,1901,True,,mpeg4\random\mappings\sample_1901_seed_1901.csv,4.918896853925581,326.31360933845,1.292533041942209,0,0.0001228999,0.0,552000.0,64000.0,0.8960006578767029,0.001136898471069261,True,vec,16,"{""1"": 3, ""2"": 10, ""3"": 3, ""4"": 9, ""5"": 0, ""6"": 8, ""7"": 15, ""8"": 14, ""9"": 4, ""10"": 1, ""11"": 11}"
1902,1902,True,,mpeg4\random\mappings\sample_1902_seed_1902.csv,5.642518986533956,326.87956938224,1.2914976446553532,0,0.0001216468,0.0,720000.0,92000.0,1.738082837641512,0.0011303282719222713,True,vec,16,"{""1"": 0, ""2"": 1, ""3"": 6, ""4"": 15, ""5"": 3, ""6"": 9, ""7"": 0, ""8"": 15, ""9"": 1, ""10"": 7, ""11"": 15}"
1903,1903,True,,mpeg4\random\mappings\sample_1903_seed_1903.csv,5.2191839690889195,326.53854503708,1.2414312520716888,0,0.000121894,0.0,460000.0,64000.0,2.0757928784846906,0.001130495750623143,True,vec,16,"{""1"": 5, ""2"": 9, ""3"": 14, ""4"": 0, ""5"": 15, ""6"": 14, ""7"": 0, ""8"": 5, ""9"": 8, ""10"": 6, ""11"": 0}"
1904,1904,True,,mpeg4\random\mappings\sample_1904_seed_1904.csv,5.442742889852851,327.20264048522,1.225853456724728,1,0.0001216987,0.001551875,500000.0,72000.0,1.3872152627395082,0.0011296466766059002,True,vec,16,"{""1"": 15, ""2"": 13, ""3"": 9, ""4"": 4, ""5"": 1, ""6"": 5, ""7"": 2, ""8"": 4, ""9"": 1, ""10"": 0, ""11"": 5}"
1905,1905,True,,mpeg4\random\mappings\sample_1905_seed_1905.csv,5.465800879702767,327.3257643355,1.251707426594103,1,0.0001216996,0.01310138888888875,456000.0,80000.0,1.1144157232532004,0.0011300330720675324,True,vec,16,"{""1"": 3, ""2"": 0, ""3"": 1, ""4"": 14, ""5"": 2, ""6"": 10, ""7"": 11, ""8"": 0, ""9"": 6, ""10"": 3, ""11"": 6}"
1906,1906,True,,mpeg4\random\mappings\sample_1906_seed_1906.csv,4.94293718989667,325.82472261066,1.071907365107278,0,0.0001221087,0.0,400000.0,64000.0,2.03193443162194,0.0011309087589836623,True,vec,16,"{""1"": 6, ""2"": 13, ""3"": 3, ""4"": 9, ""5"": 9, ""6"": 9, ""7"": 11, ""8"": 6, ""9"": 7, ""10"": 5, ""11"": 10}"
1907,1907,True,,mpeg4\random\mappings\sample_1907_seed_1907.csv,5.4895638062105,326.06732008171,1.084560721029996,0,0.0001223958,0.0,476000.0,136000.0,1.641594254543461,0.0011330743105913874,True,vec,16,"{""1"": 7, ""2"": 5, ""3"": 11, ""4"": 9, ""5"": 9, ""6"": 5, ""7"": 11, ""8"": 14, ""9"": 6, ""10"": 10, ""11"": 13}"
1908,1908,True,,mpeg4\random\mappings\sample_1908_seed_1908.csv,5.191543989680741,326.01256180547,1.1369599994938684,0,0.0001218437,0.0,432000.0,112000.0,1.3784435733669582,0.001129754236872351,True,vec,16,"{""1"": 6, ""2"": 15, ""3"": 7, ""4"": 12, ""5"": 0, ""6"": 5, ""7"": 10, ""8"": 5, ""9"": 7, ""10"": 2, ""11"": 6}"
1909,1909,True,,mpeg4\random\mappings\sample_1909_seed_1909.csv,4.9598434186999905,326.04270405635,1.211372549424697,0,0.0001210078,0.0,552000.0,60000.0,1.4266878649159838,0.0011262139841998874,True,vec,16,"{""1"": 8, ""2"": 4, ""3"": 9, ""4"": 5, ""5"": 9, ""6"": 12, ""7"": 0, ""8"": 6, ""9"": 3, ""10"": 6, ""11"": 5}"
1910,1910,True,,mpeg4\random\mappings\sample_1910_seed_1910.csv,5.606742425853601,327.24611503482,1.3691887823103068,1,0.0001218396,0.005095,472000.0,72000.0,1.5407198267591349,0.0011308759821188027,True,vec,16,"{""1"": 1, ""2"": 15, ""3"": 0, ""4"": 7, ""5"": 0, ""6"": 8, ""7"": 4, ""8"": 7, ""9"": 8, ""10"": 12, ""11"": 6}"
1911,1911,True,,mpeg4\random\mappings\sample_1911_seed_1911.csv,4.870498942003332,326.3537835042,1.191751041189971,0,0.0001223777,0.0,640000.0,72000.0,0.5670623064060744,0.001133621117915607,True,vec,16,"{""1"": 11, ""2"": 0, ""3"": 12, ""4"": 3, ""5"": 7, ""6"": 2, ""7"": 5, ""8"": 8, ""9"": 9, ""10"": 14, ""11"": 6}"
1912,1912,True,,mpeg4\random\mappings\sample_1912_seed_1912.csv,5.0220845653742305,325.66034024379,1.1061187031183826,0,0.0001321938,0.0,456000.0,72000.0,1.549491516131685,0.0011859315110088798,True,vec,16,"{""1"": 1, ""2"": 9, ""3"": 4, ""4"": 11, ""5"": 15, ""6"": 2, ""7"": 9, ""8"": 1, ""9"": 2, ""10"": 9, ""11"": 6}"
1913,1913,True,,mpeg4\random\mappings\sample_1913_seed_1913.csv,4.7832421593403005,326.1668876748,1.1902261364934017,0,0.0001218436,0.0,416000.0,48000.0,1.54510567144541,0.001129638298956627,True,vec,16,"{""1"": 13, ""2"": 5, ""3"": 11, ""4"": 4, ""5"": 15, ""6"": 10, ""7"": 11, ""8"": 4, ""9"": 8, ""10"": 4, ""11"": 9}"
1914,1914,True,,mpeg4\random\mappings\sample_1914_seed_1914.csv,5.939264783152516,326.26391908769,1.3045235954030898,0,0.0001216648,0.0,680000.0,120000.0,2.211754063759217,0.0011303956322177885,True,vec,16,"{""1"": 0, ""2"": 7, ""3"": 8, ""4"": 15, ""5"": 0, ""6"": 0, ""7"": 9, ""8"": 10, ""9"": 10, ""10"": 8, ""11"": 7}"
1915,1915,True,,mpeg4\random\mappings\sample_1915_seed_1915.csv,5.7499360740405665,327.32390005022,1.1314167050840809,1,0.0001216989,0.006069375,548000.0,96000.0,1.6854527014062115,0.0011295542017927733,True,vec,16,"{""1"": 1, ""2"": 10, ""3"": 9, ""4"": 11, ""5"": 5, ""6"": 1, ""7"": 14, ""8"": 1, ""9"": 10, ""10"": 15, ""11"": 12}"
1916,1916,True,,mpeg4\random\mappings\sample_1916_seed_1916.csv,5.8418919021184355,326.11968889984,1.1056818533565438,0,0.0001408818,0.0,320000.0,96000.0,3.2643567884652285,0.0012310230659837314,True,vec,16,"{""1"": 1, ""2"": 0, ""3"": 5, ""4"": 5, ""5"": 5, ""6"": 2, ""7"": 9, ""8"": 2, ""9"": 2, ""10"": 4, ""11"": 2}"
1917,1917,True,,mpeg4\random\mappings\sample_1917_seed_1917.csv,6.003244355710929,327.30141788704,1.448796078476971,1,0.0001217229,0.0376885,496000.0,80000.0,1.7161536142101368,0.0011316369607757815,True,vec,16,"{""1"": 7, ""2"": 2, ""3"": 0, ""4"": 4, ""5"": 3, ""6"": 3, ""7"": 14, ""8"": 4, ""9"": 3, ""10"": 10, ""11"": 5}"
1918,1918,True,,mpeg4\random\mappings\sample_1918_seed_1918.csv,4.8402447960442245,325.641913963,1.0602809597784502,0,0.0001207747,0.0,312000.0,48000.0,2.4661330555631698,0.001123333108519951,True,vec,16,"{""1"": 2, ""2"": 6, ""3"": 10, ""4"": 5, ""5"": 10, ""6"": 10, ""7"": 8, ""8"": 8, ""9"": 7, ""10"": 11, ""11"": 6}"
1919,1919,True,,mpeg4\random\mappings\sample_1919_seed_1919.csv,5.255155737611803,326.10578350505,1.1741420665875457,0,0.0001222829,0.0,612000.0,96000.0,1.3082700583865574,0.0011329870952366263,True,vec,16,"{""1"": 10, ""2"": 3, ""3"": 15, ""4"": 5, ""5"": 4, ""6"": 8, ""7"": 15, ""8"": 13, ""9"": 4, ""10"": 7, ""11"": 3}"
1920,1920,True,,mpeg4\random\mappings\sample_1920_seed_1920.csv,4.841470509269288,325.67552029625,1.2781102208875785,0,0.0001272577,0.0,520000.0,72000.0,0.6547792001315753,0.001160212888222952,True,vec,16,"{""1"": 15, ""2"": 7, ""3"": 11, ""4"": 6, ""5"": 12, ""6"": 3, ""7"": 5, ""8"": 10, ""9"": 1, ""10"": 1, ""11"": 9}"
1921,1921,True,,mpeg4\random\mappings\sample_1921_seed_1921.csv,5.989272777073614,326.45839032123,1.1674481688416625,0,0.0001222597,0.0,696000.0,112000.0,2.7117403579945725,0.001132753689476403,True,vec,16,"{""1"": 0, ""2"": 14, ""3"": 0, ""4"": 5, ""5"": 14, ""6"": 1, ""7"": 6, ""8"": 5, ""9"": 1, ""10"": 14, ""11"": 14}"
1922,1922,True,,mpeg4\random\mappings\sample_1922_seed_1922.csv,5.036961195036316,326.48849459047,1.2581727669666967,0,0.0001218387,0.0,364000.0,56000.0,1.9793042953866395,0.0011301349469709145,True,vec,16,"{""1"": 1, ""2"": 2, ""3"": 11, ""4"": 7, ""5"": 2, ""6"": 6, ""7"": 4, ""8"": 1, ""9"": 1, ""10"": 7, ""11"": 7}"
1923,1923,True,,mpeg4\random\mappings\sample_1923_seed_1923.csv,5.725289917780028,325.93599786138,1.2257224016771007,0,0.0001216256,0.0,532000.0,148000.0,1.645980099229736,0.0011292460385760462,True,vec,16,"{""1"": 15, ""2"": 13, ""3"": 1, ""4"": 15, ""5"": 13, ""6"": 14, ""7"": 13, ""8"": 9, ""9"": 10, ""10"": 8, ""11"": 0}"
1924,1924,True,,mpeg4\random\mappings\sample_1924_seed_1924.csv,5.056967080334004,325.97882173114,1.1383353770600448,0,0.0001322059,0.0,612000.0,88000.0,0.6986376469943258,0.001187115997852849,True,vec,16,"{""1"": 9, ""2"": 10, ""3"": 6, ""4"": 0, ""5"": 5, ""6"": 3, ""7"": 14, ""8"": 2, ""9"": 14, ""10"": 13, ""11"": 12}"
1925,1925,True,,mpeg4\random\mappings\sample_1925_seed_1925.csv,6.968789848136187,328.19388885541,1.2327237479678845,1,0.0001222358,0.1434825,488000.0,88000.0,2.8082289410926236,0.001133152205125585,True,vec,16,"{""1"": 4, ""2"": 5, ""3"": 13, ""4"": 13, ""5"": 2, ""6"": 13, ""7"": 11, ""8"": 2, ""9"": 15, ""10"": 14, ""11"": 2}"
1926,1926,True,,mpeg4\random\mappings\sample_1926_seed_1926.csv,5.472604629896625,327.23006489867,1.3417365093994718,1,0.0001221448,0.003210037878787875,424000.0,72000.0,1.374057728680683,0.00113242846089092,True,vec,16,"{""1"": 9, ""2"": 12, ""3"": 5, ""4"": 0, ""5"": 0, ""6"": 13, ""7"": 1, ""8"": 8, ""9"": 13, ""10"": 14, ""11"": 12}"
1927,1927,True,,mpeg4\random\mappings\sample_1927_seed_1927.csv,5.0117373067986435,326.0742985708,1.1647187454557582,0,0.0001220549,0.0,580000.0,96000.0,0.7424960938570763,0.0011316824715719227,True,vec,16,"{""1"": 9, ""2"": 14, ""3"": 3, ""4"": 4, ""5"": 10, ""6"": 11, ""7"": 12, ""8"": 13, ""9"": 4, ""10"": 15, ""11"": 2}"
1928,1928,True,,mpeg4\random\mappings\sample_1928_seed_1928.csv,5.581533595720695,326.41556438375,1.2238845965804166,0,0.0001218428,0.0,560000.0,128000.0,1.466160467092459,0.0011306092670286298,True,vec,16,"{""1"": 4, ""2"": 6, ""3"": 8, ""4"": 0, ""5"": 11, ""6"": 4, ""7"": 2, ""8"": 15, ""9"": 8, ""10"": 4, ""11"": 3}"
1929,1929,True,,mpeg4\random\mappings\sample_1929_seed_1929.csv,5.032628478715607,325.96983281358,1.1806332984144057,0,0.0001220878,0.0,668000.0,84000.0,0.8302129875825772,0.001131899143205483,True,vec,16,"{""1"": 0, ""2"": 10, ""3"": 7, ""4"": 0, ""5"": 13, ""6"": 14, ""7"": 8, ""8"": 12, ""9"": 1, ""10"": 5, ""11"": 2}"
1930,1930,True,,mpeg4\random\mappings\sample_1930_seed_1930.csv,5.333407152728384,326.99132226559,1.2355748617663216,0,0.0001219927,0.0,536000.0,72000.0,1.8872015569748637,0.0011312307870037087,True,vec,16,"{""1"": 7, ""2"": 12, ""3"": 13, ""4"": 3, ""5"": 13, ""6"": 8, ""7"": 13, ""8"": 6, ""9"": 12, ""10"": 0, ""11"": 0}"
1931,1931,True,,mpeg4\random\mappings\sample_1931_seed_1931.csv,5.199441579400961,326.50242571655,1.1232171927484476,0,0.0001225927,0.0,568000.0,60000.0,2.0626353444258654,0.0011343957740055889,True,vec,16,"{""1"": 15, ""2"": 0, ""3"": 5, ""4"": 2, ""5"": 10, ""6"": 5, ""7"": 13, ""8"": 5, ""9"": 0, ""10"": 6, ""11"": 3}"
1932,1932,True,,mpeg4\random\mappings\sample_1932_seed_1932.csv,5.893653769110251,327.19079591212,1.1441647043494518,1,0.000122321357,0.0014820833333333125,420000.0,140000.0,1.5100189139552096,0.001132413822552313,True,vec,16,"{""1"": 10, ""2"": 1, ""3"": 9, ""4"": 8, ""5"": 9, ""6"": 10, ""7"": 12, ""8"": 13, ""9"": 14, ""10"": 8, ""11"": 5}"
1933,1933,True,,mpeg4\random\mappings\sample_1933_seed_1933.csv,4.765814018627308,325.74839241729,1.1372253978378646,0,0.0001323957,0.0,408000.0,56000.0,1.2117814752885063,0.001187286776145956,True,vec,16,"{""1"": 10, ""2"": 8, ""3"": 1, ""4"": 11, ""5"": 3, ""6"": 6, ""7"": 14, ""8"": 11, ""9"": 13, ""10"": 14, ""11"": 10}"
1934,1934,True,,mpeg4\random\mappings\sample_1934_seed_1934.csv,4.851015194726909,325.76049347148,1.1505237565091238,0,0.0001219759,0.0,484000.0,64000.0,1.3959869521120583,0.0011309581309493564,True,vec,16,"{""1"": 8, ""2"": 4, ""3"": 8, ""4"": 11, ""5"": 1, ""6"": 7, ""7"": 13, ""8"": 13, ""9"": 3, ""10"": 10, ""11"": 1}"
1935,1935,True,,mpeg4\random\mappings\sample_1935_seed_1935.csv,4.865422547369942,326.01810618793,1.2274561565307496,0,0.0001213537,0.0,504000.0,64000.0,1.1591513390532058,0.0011277301923587912,True,vec,16,"{""1"": 4, ""2"": 0, ""3"": 12, ""4"": 6, ""5"": 4, ""6"": 3, ""7"": 1, ""8"": 10, ""9"": 11, ""10"": 5, ""11"": 12}"
1936,1936,True,,mpeg4\random\mappings\sample_1936_seed_1936.csv,5.380340691920863,327.29162265155,1.3356289585868115,1,0.0001215276,0.0297821875,368000.0,56000.0,1.2205531646610563,0.0011289319132442507,True,vec,16,"{""1"": 11, ""2"": 7, ""3"": 2, ""4"": 3, ""5"": 9, ""6"": 4, ""7"": 0, ""8"": 11, ""9"": 4, ""10"": 6, ""11"": 0}"
1937,1937,True,,mpeg4\random\mappings\sample_1937_seed_1937.csv,5.599319727531604,327.2447627262,1.2365423677371823,1,0.0001221829,0.005870486111111125,664000.0,96000.0,0.7249527151119761,0.0011330844482023569,True,vec,16,"{""1"": 4, ""2"": 13, ""3"": 1, ""4"": 11, ""5"": 15, ""6"": 7, ""7"": 0, ""8"": 12, ""9"": 2, ""10"": 13, ""11"": 3}"
1938,1938,True,,mpeg4\random\mappings\sample_1938_seed_1938.csv,5.031625426168296,325.75972662089,1.0864951252951012,0,0.0001331878,0.0,552000.0,72000.0,1.2951125243277322,0.001191887754785717,True,vec,16,"{""1"": 9, ""2"": 2, ""3"": 15, ""4"": 4, ""5"": 1, ""6"": 4, ""7"": 10, ""8"": 8, ""9"": 2, ""10"": 10, ""11"": 13}"
1939,1939,True,,mpeg4\random\mappings\sample_1939_seed_1939.csv,4.731116662617296,326.09458405931,1.1291377977700474,0,0.0001219696,0.0,484000.0,60000.0,1.09336366875908,0.001130493832936747,True,vec,16,"{""1"": 7, ""2"": 8, ""3"": 3, ""4"": 5, ""5"": 7, ""6"": 9, ""7"": 5, ""8"": 11, ""9"": 10, ""10"": 4, ""11"": 0}"
1940,1940,True,,mpeg4\random\mappings\sample_1940_seed_1940.csv,5.773809357530105,327.27401029771,1.341044248039015,1,0.0001215709,0.0163065625,632000.0,72000.0,1.466160467092459,0.0011303177473689844,True,vec,16,"{""1"": 9, ""2"": 6, ""3"": 13, ""4"": 12, ""5"": 0, ""6"": 0, ""7"": 10, ""8"": 2, ""9"": 9, ""10"": 15, ""11"": 9}"
1941,1941,True,,mpeg4\random\mappings\sample_1941_seed_1941.csv,5.1257366877375095,325.9712676624,1.1681161697121256,0,0.0001225778,0.0,596000.0,96000.0,1.0275759984649544,0.0011347836284349468,True,vec,16,"{""1"": 15, ""2"": 8, ""3"": 5, ""4"": 3, ""5"": 7, ""6"": 14, ""7"": 2, ""8"": 1, ""9"": 15, ""10"": 12, ""11"": 14}"
1942,1942,True,,mpeg4\random\mappings\sample_1942_seed_1942.csv,5.21611971147776,327.29708280082,1.2363230993710579,1,0.0001217477,0.019556085526315624,524000.0,48000.0,0.8828431238178778,0.0011303806480040118,True,vec,16,"{""1"": 9, ""2"": 0, ""3"": 4, ""4"": 0, ""5"": 7, ""6"": 14, ""7"": 11, ""8"": 13, ""9"": 8, ""10"": 1, ""11"": 2}"
1943,1943,True,,mpeg4\random\mappings\sample_1943_seed_1943.csv,4.990884612002404,326.22546951341,1.2012462945660305,0,0.0001218748,0.0,572000.0,56000.0,1.4880896905238343,0.0011309101006642208,True,vec,16,"{""1"": 1, ""2"": 12, ""3"": 11, ""4"": 6, ""5"": 11, ""6"": 13, ""7"": 6, ""8"": 15, ""9"": 9, ""10"": 13, ""11"": 7}"
1944,1944,True,,mpeg4\random\mappings\sample_1944_seed_1944.csv,5.125469937594461,326.18230445757,1.1409011378452087,0,0.0001329176,0.0,532000.0,72000.0,1.3784435733669582,0.0011909504207195133,True,vec,16,"{""1"": 1, ""2"": 14, ""3"": 11, ""4"": 4, ""5"": 4, ""6"": 7, ""7"": 3, ""8"": 8, ""9"": 6, ""10"": 3, ""11"": 7}"
1945,1945,True,,mpeg4\random\mappings\sample_1945_seed_1945.csv,4.964855149305491,325.94957398126,1.113089584340532,0,0.0001359796,0.0,460000.0,48000.0,1.6854527014062115,0.0012056957600941455,True,vec,16,"{""1"": 13, ""2"": 9, ""3"": 9, ""4"": 11, ""5"": 12, ""6"": 2, ""7"": 6, ""8"": 7, ""9"": 7, ""10"": 15, ""11"": 9}"
1946,1946,True,,mpeg4\random\mappings\sample_1946_seed_1946.csv,5.753659207262999,326.78484398573,1.2409156011835152,0,0.0001326889,0.0,580000.0,96000.0,2.097722101916066,0.0011896662834410315,True,vec,16,"{""1"": 6, ""2"": 3, ""3"": 14, ""4"": 14, ""5"": 13, ""6"": 6, ""7"": 12, ""8"": 6, ""9"": 12, ""10"": 8, ""11"": 0}"
1947,1947,True,,mpeg4\random\mappings\sample_1947_seed_1947.csv,6.0973452884039245,327.20474273015,1.2286024681625163,1,0.0001369081,0.00227222222222225,668000.0,96000.0,1.7029960801513115,0.0012122289642906832,True,vec,16,"{""1"": 2, ""2"": 11, ""3"": 11, ""4"": 0, ""5"": 5, ""6"": 12, ""7"": 3, ""8"": 15, ""9"": 5, ""10"": 13, ""11"": 11}"
1948,1948,True,,mpeg4\random\mappings\sample_1948_seed_1948.csv,4.864229214152147,325.88266305679,1.1239198673495006,0,0.0001218709,0.0,592000.0,76000.0,0.8960006578767029,0.0011305118879006682,True,vec,16,"{""1"": 13, ""2"": 6, ""3"": 13, ""4"": 10, ""5"": 5, ""6"": 7, ""7"": 0, ""8"": 11, ""9"": 3, ""10"": 12, ""11"": 1}"
1949,1949,True,,mpeg4\random\mappings\sample_1949_seed_1949.csv,5.16299485971509,326.08161937247,1.2115773165215376,0,0.0001218918,0.0,716000.0,72000.0,1.2459910638414518,0.0011313577305632528,True,vec,16,"{""1"": 2, ""2"": 8, ""3"": 10, ""4"": 2, ""5"": 12, ""6"": 15, ""7"": 6, ""8"": 8, ""9"": 3, ""10"": 0, ""11"": 3}"
1950,1950,True,,mpeg4\random\mappings\sample_1950_seed_1950.csv,4.777045903136065,325.75232630813,1.174943515771853,0,0.0001220668,0.0,568000.0,72000.0,0.7249527151119761,0.0011315399834058396,True,vec,16,"{""1"": 7, ""2"": 6, ""3"": 13, ""4"": 10, ""5"": 11, ""6"": 3, ""7"": 15, ""8"": 1, ""9"": 1, ""10"": 8, ""11"": 9}"
1951,1951,True,,mpeg4\random\mappings\sample_1951_seed_1951.csv,6.077124298074392,327.6092065795,1.282962182552745,1,0.0001225708,0.04775946969697,712000.0,88000.0,1.2424823880924316,0.0011361781993798792,True,vec,16,"{""1"": 4, ""2"": 15, ""3"": 9, ""4"": 2, ""5"": 3, ""6"": 3, ""7"": 15, ""8"": 11, ""9"": 8, ""10"": 1, ""11"": 13}"
1952,1952,True,,mpeg4\random\mappings\sample_1952_seed_1952.csv,6.015839633844602,325.93606248266,1.2379405057308897,0,0.0001214098,0.0,676000.0,160000.0,1.7907129738768126,0.001128395384660109,True,vec,16,"{""1"": 11, ""2"": 11, ""3"": 13, ""4"": 9, ""5"": 0, ""6"": 11, ""7"": 5, ""8"": 12, ""9"": 4, ""10"": 2, ""11"": 0}"
1953,1953,True,,mpeg4\random\mappings\sample_1953_seed_1953.csv,5.235953345407339,326.86151422492,1.2091660317397963,0,0.0001211428,0.0,552000.0,92000.0,1.2424823880924316,0.0011267240360700527,True,vec,16,"{""1"": 8, ""2"": 13, ""3"": 9, ""4"": 11, ""5"": 9, ""6"": 12, ""7"": 0, ""8"": 2, ""9"": 7, ""10"": 4, ""11"": 13}"
1954,1954,True,,mpeg4\random\mappings\sample_1954_seed_1954.csv,4.961900473567918,326.20373248516,1.1906446349242292,0,0.0001215428,0.0,408000.0,48000.0,2.0714070337984154,0.0011282525563151035,True,vec,16,"{""1"": 14, ""2"": 9, ""3"": 7, ""4"": 12, ""5"": 7, ""6"": 2, ""7"": 4, ""8"": 14, ""9"": 7, ""10"": 13, ""11"": 14}"
1955,1955,True,,mpeg4\random\mappings\sample_1955_seed_1955.csv,5.169515792892542,326.36933005802,1.0786144796783717,0,0.0001209396,0.0,392000.0,72000.0,2.378416161837669,0.0011242088529477695,True,vec,16,"{""1"": 5, ""2"": 4, ""3"": 2, ""4"": 4, ""5"": 10, ""6"": 10, ""7"": 11, ""8"": 12, ""9"": 4, ""10"": 5, ""11"": 10}"
1956,1956,True,,mpeg4\random\mappings\sample_1956_seed_1956.csv,6.062737195357133,327.28762482147,1.2590144188482624,1,0.0001221839,0.016874166666666877,488000.0,132000.0,1.466160467092459,0.0011331379595931122,True,vec,16,"{""1"": 11, ""2"": 2, ""3"": 2, ""4"": 3, ""5"": 9, ""6"": 11, ""7"": 1, ""8"": 14, ""9"": 6, ""10"": 3, ""11"": 13}"
1957,1957,True,,mpeg4\random\mappings\sample_1957_seed_1957.csv,5.6364831875686034,326.86428001458,1.1733568558111156,0,0.0001214479,0.0,636000.0,88000.0,2.308242646857268,0.0011283216922866363,True,vec,16,"{""1"": 15, ""2"": 7, ""3"": 10, ""4"": 7, ""5"": 9, ""6"": 7, ""7"": 0, ""8"": 10, ""9"": 12, ""10"": 13, ""11"": 0}"
1958,1958,True,,mpeg4\random\mappings\sample_1958_seed_1958.csv,4.829282938468276,325.91399417037,1.1618744441586306,0,0.0001214336,0.0,372000.0,80000.0,1.2249390093473316,0.0011272026501900026,True,vec,16,"{""1"": 7, ""2"": 6, ""3"": 9, ""4"": 5, ""5"": 8, ""6"": 4, ""7"": 5, ""8"": 14, ""9"": 1, ""10"": 6, ""11"": 14}"
1959,1959,True,,mpeg4\random\mappings\sample_1959_seed_1959.csv,5.733530026420376,327.67660925955,1.3574544985118162,1,0.0001221399,0.04699171511627937,452000.0,64000.0,1.356514349935583,0.0011334942480678222,True,vec,16,"{""1"": 0, ""2"": 1, ""3"": 9, ""4"": 8, ""5"": 12, ""6"": 5, ""7"": 15, ""8"": 0, ""9"": 14, ""10"": 0, ""11"": 8}"
1960,1960,True,,mpeg4\random\mappings\sample_1960_seed_1960.csv,5.006237398666605,326.44637875501,1.3049507534295828,0,0.0001206062,0.0,344000.0,76000.0,1.4486170883473588,0.001123350013495759,True,vec,16,"{""1"": 8, ""2"": 12, ""3"": 14, ""4"": 12, ""5"": 15, ""6"": 13, ""7"": 13, ""8"": 10, ""9"": 11, ""10"": 6, ""11"": 10}"
1961,1961,True,,mpeg4\random\mappings\sample_1961_seed_1961.csv,5.0338189834677705,327.01782066335,1.3152307349687358,0,0.0001214036,0.0,488000.0,72000.0,1.0056467750335791,0.001128458401610148,True,vec,16,"{""1"": 1, ""2"": 5, ""3"": 0, ""4"": 0, ""5"": 12, ""6"": 11, ""7"": 15, ""8"": 10, ""9"": 14, ""10"": 2, ""11"": 4}"
1962,1962,True,,mpeg4\random\mappings\sample_1962_seed_1962.csv,5.142251092738559,327.00498987181,1.16851984867408,0,0.0001220157,0.0,508000.0,72000.0,1.5626490501905101,0.0011309391031702604,True,vec,16,"{""1"": 5, ""2"": 3, ""3"": 9, ""4"": 2, ""5"": 3, ""6"": 5, ""7"": 8, ""8"": 10, ""9"": 5, ""10"": 12, ""11"": 11}"
1963,1963,True,,mpeg4\random\mappings\sample_1963_seed_1963.csv,4.765835892196883,326.76879294796,1.212413997223838,0,0.0001214518,0.0,548000.0,56000.0,0.7424960938570763,0.0011282609075858705,True,vec,16,"{""1"": 5, ""2"": 9, ""3"": 2, ""4"": 0, ""5"": 10, ""6"": 3, ""7"": 15, ""8"": 6, ""9"": 4, ""10"": 0, ""11"": 12}"
1964,1964,True,,mpeg4\random\mappings\sample_1964_seed_1964.csv,6.624411061502629,327.82381836567,1.1971257108036233,2,0.0001275249,0.10522904605263159,584000.0,104000.0,0.9705600175433787,0.0011627599401027315,True,vec,16,"{""1"": 6, ""2"": 5, ""3"": 14, ""4"": 3, ""5"": 4, ""6"": 1, ""7"": 9, ""8"": 4, ""9"": 11, ""10"": 11, ""11"": 0}"
1965,1965,True,,mpeg4\random\mappings\sample_1965_seed_1965.csv,5.149718332411853,325.95663208353,1.043076830665419,0,0.0001317817,0.0,448000.0,112000.0,1.09336366875908,0.001183916667893401,True,vec,16,"{""1"": 10, ""2"": 11, ""3"": 11, ""4"": 4, ""5"": 14, ""6"": 9, ""7"": 6, ""8"": 5, ""9"": 6, ""10"": 3, ""11"": 2}"
1966,1966,True,,mpeg4\random\mappings\sample_1966_seed_1966.csv,4.717455345059024,326.88417782139,1.1810687769690955,0,0.0001228358,0.0,536000.0,48000.0,0.803897919464927,0.0011357677443194659,True,vec,16,"{""1"": 1, ""2"": 15, ""3"": 0, ""4"": 11, ""5"": 13, ""6"": 5, ""7"": 3, ""8"": 1, ""9"": 4, ""10"": 7, ""11"": 6}"
1967,1967,True,,mpeg4\random\mappings\sample_1967_seed_1967.csv,5.9088559344325144,327.27468160333,1.3255162458406744,2,0.0001227717,0.02585361111111125,548000.0,64000.0,1.2468682327787066,0.0011367050445943785,True,vec,16,"{""1"": 10, ""2"": 0, ""3"": 7, ""4"": 3, ""5"": 12, ""6"": 2, ""7"": 7, ""8"": 4, ""9"": 10, ""10"": 2, ""11"": 11}"
1968,1968,True,,mpeg4\random\mappings\sample_1968_seed_1968.csv,5.120783973171511,326.52922540303,1.1108745282446444,0,0.0001216987,0.0,520000.0,96000.0,1.2073956306022313,0.001129353915189298,True,vec,16,"{""1"": 4, ""2"": 1, ""3"": 6, ""4"": 4, ""5"": 8, ""6"": 10, ""7"": 2, ""8"": 13, ""9"": 6, ""10"": 1, ""11"": 3}"
1969,1969,True,,mpeg4\random\mappings\sample_1969_seed_1969.csv,5.197422450567554,326.88907594228,1.3621966559488408,0,0.0001216036,0.0,552000.0,72000.0,1.2249390093473316,0.0011303919988188446,True,vec,16,"{""1"": 12, ""2"": 5, ""3"": 11, ""4"": 7, ""5"": 2, ""6"": 2, ""7"": 3, ""8"": 4, ""9"": 11, ""10"": 15, ""11"": 1}"
1970,1970,True,,mpeg4\random\mappings\sample_1970_seed_1970.csv,5.221096268502098,326.71124186754,1.2122307760027193,0,0.0001208398,0.0,544000.0,88000.0,1.360900194621858,0.001125237943779603,True,vec,16,"{""1"": 4, ""2"": 6, ""3"": 7, ""4"": 1, ""5"": 2, ""6"": 2, ""7"": 4, ""8"": 11, ""9"": 14, ""10"": 11, ""11"": 3}"
1971,1971,True,,mpeg4\random\mappings\sample_1971_seed_1971.csv,5.67427604330368,327.39706142938,1.172551770169107,1,0.0001320577,0.025969,404000.0,72000.0,1.6152791864258107,0.001185953742089964,True,vec,16,"{""1"": 6, ""2"": 2, ""3"": 3, ""4"": 15, ""5"": 15, ""6"": 6, ""7"": 9, ""8"": 10, ""9"": 4, ""10"": 9, ""11"": 2}"
1972,1972,True,,mpeg4\random\mappings\sample_1972_seed_1972.csv,4.688070546272248,326.01773739433,1.140850188895874,0,0.0001208896,0.0,448000.0,48000.0,1.374057728680683,0.001124692539510451,True,vec,16,"{""1"": 6, ""2"": 9, ""3"": 10, ""4"": 12, ""5"": 13, ""6"": 13, ""7"": 9, ""8"": 3, ""9"": 2, ""10"": 6, ""11"": 0}"
1973,1973,True,,mpeg4\random\mappings\sample_1973_seed_1973.csv,4.888840343710962,326.28032477391,1.1912405983197558,0,0.0001206522,0.0,416000.0,72000.0,1.3082700583865574,0.001123166083735166,True,vec,16,"{""1"": 5, ""2"": 10, ""3"": 11, ""4"": 14, ""5"": 9, ""6"": 12, ""7"": 12, ""8"": 2, ""9"": 9, ""10"": 7, ""11"": 2}"
1974,1974,True,,mpeg4\random\mappings\sample_1974_seed_1974.csv,4.957133829361692,325.97504227128,1.1642482437963189,0,0.0001218436,0.0,404000.0,68000.0,1.733696992955237,0.001129637281223279,True,vec,16,"{""1"": 0, ""2"": 5, ""3"": 3, ""4"": 10, ""5"": 6, ""6"": 5, ""7"": 6, ""8"": 15, ""9"": 5, ""10"": 4, ""11"": 4}"
1975,1975,True,,mpeg4\random\mappings\sample_1975_seed_1975.csv,5.829287605387143,327.35236034798,1.1762449206366483,1,0.000121646275,0.016822916666666875,464000.0,120000.0,1.3214275924453824,0.0011292340744931614,True,vec,16,"{""1"": 5, ""2"": 1, ""3"": 7, ""4"": 1, ""5"": 6, ""6"": 6, ""7"": 12, ""8"": 15, ""9"": 9, ""10"": 8, ""11"": 2}"
1976,1976,True,,mpeg4\random\mappings\sample_1976_seed_1976.csv,5.155445742538175,326.92613591975,1.1911788427460914,0,0.0001223957,0.0,548000.0,84000.0,1.181080562484581,0.0011341316135789902,True,vec,16,"{""1"": 0, ""2"": 1, ""3"": 11, ""4"": 13, ""5"": 9, ""6"": 7, ""7"": 15, ""8"": 7, ""9"": 11, ""10"": 3, ""11"": 14}"
1977,1977,True,,mpeg4\random\mappings\sample_1977_seed_1977.csv,5.924974515416244,327.61664941416,1.3020697530204013,1,0.0001228199,0.06704416666666875,560000.0,72000.0,1.2249390093473316,0.0011373852540162242,True,vec,16,"{""1"": 14, ""2"": 7, ""3"": 4, ""4"": 8, ""5"": 11, ""6"": 1, ""7"": 11, ""8"": 14, ""9"": 7, ""10"": 6, ""11"": 15}"
1978,1978,True,,mpeg4\random\mappings\sample_1978_seed_1978.csv,5.685079775811724,326.50094137827,1.23732411356556,0,0.0001231479,0.0,660000.0,144000.0,1.0275759984649544,0.001138583207040172,True,vec,16,"{""1"": 2, ""2"": 12, ""3"": 11, ""4"": 7, ""5"": 13, ""6"": 1, ""7"": 11, ""8"": 9, ""9"": 2, ""10"": 6, ""11"": 0}"
1979,1979,True,,mpeg4\random\mappings\sample_1979_seed_1979.csv,6.068102394121086,327.62755889816,1.2473025362540842,1,0.0001226509,0.09425555555555624,508000.0,68000.0,1.5538773608179601,0.0011356573197342972,True,vec,16,"{""1"": 2, ""2"": 4, ""3"": 11, ""4"": 1, ""5"": 1, ""6"": 8, ""7"": 7, ""8"": 0, ""9"": 11, ""10"": 8, ""11"": 2}"
1980,1980,True,,mpeg4\random\mappings\sample_1980_seed_1980.csv,5.931791760883372,327.26845850695,1.2917908514169736,1,0.0001328577,0.00775,540000.0,96000.0,1.474932156465009,0.001191162707138015,True,vec,16,"{""1"": 0, ""2"": 12, ""3"": 4, ""4"": 13, ""5"": 3, ""6"": 0, ""7"": 8, ""8"": 13, ""9"": 8, ""10"": 2, ""11"": 2}"
1981,1981,True,,mpeg4\random\mappings\sample_1981_seed_1981.csv,5.17107384900984,325.75782519839,1.1208523801825252,0,0.0001329409,0.0,528000.0,72000.0,1.6898385460924865,0.0011902909730114378,True,vec,16,"{""1"": 5, ""2"": 3, ""3"": 11, ""4"": 4, ""5"": 9, ""6"": 12, ""7"": 6, ""8"": 4, ""9"": 6, ""10"": 9, ""11"": 4}"
1982,1982,True,,mpeg4\random\mappings\sample_1982_seed_1982.csv,5.976287586065304,327.57734029212,1.35545160232517,1,0.0001224196,0.06796180555555625,568000.0,88000.0,0.8828431238178778,0.0011351235383992289,True,vec,16,"{""1"": 2, ""2"": 0, ""3"": 14, ""4"": 13, ""5"": 8, ""6"": 15, ""7"": 11, ""8"": 8, ""9"": 12, ""10"": 7, ""11"": 1}"
1983,1983,True,,mpeg4\random\mappings\sample_1983_seed_1983.csv,5.268464566616304,326.39174637735,1.1997260255772089,0,0.0001215956,0.0,596000.0,100000.0,1.181080562484581,0.0011293590239517402,True,vec,16,"{""1"": 3, ""2"": 0, ""3"": 10, ""4"": 11, ""5"": 2, ""6"": 11, ""7"": 15, ""8"": 5, ""9"": 9, ""10"": 2, ""11"": 14}"
1984,1984,True,,mpeg4\random\mappings\sample_1984_seed_1984.csv,4.750102666175659,326.6061731171,1.1935446175351774,0,0.0001220859,0.0,488000.0,72000.0,0.5670623064060744,0.0011316668624656479,True,vec,16,"{""1"": 11, ""2"": 15, ""3"": 6, ""4"": 12, ""5"": 2, ""6"": 7, ""7"": 8, ""8"": 10, ""9"": 1, ""10"": 5, ""11"": 9}"
1985,1985,True,,mpeg4\random\mappings\sample_1985_seed_1985.csv,5.259635894706418,326.51375736245,1.245576225935029,0,0.0001216517,0.0,528000.0,64000.0,2.013513883939585,0.0011293037057670263,True,vec,16,"{""1"": 12, ""2"": 11, ""3"": 12, ""4"": 9, ""5"": 14, ""6"": 14, ""7"": 6, ""8"": 11, ""9"": 14, ""10"": 2, ""11"": 0}"
1986,1986,True,,mpeg4\random\mappings\sample_1986_seed_1986.csv,5.431198663301963,326.19752982234,1.118417469476394,0,0.0001329737,0.0,652000.0,96000.0,1.4223020202297085,0.001191385636489757,True,vec,16,"{""1"": 8, ""2"": 3, ""3"": 2, ""4"": 12, ""5"": 4, ""6"": 10, ""7"": 2, ""8"": 13, ""9"": 2, ""10"": 4, ""11"": 15}"
1987,1987,True,,mpeg4\random\mappings\sample_1987_seed_1987.csv,5.222890541007223,326.06732572353,1.2021866036882185,0,0.0001329857,0.0,556000.0,72000.0,1.4880896905238343,0.0011915508846626992,True,vec,16,"{""1"": 15, ""2"": 4, ""3"": 1, ""4"": 2, ""5"": 14, ""6"": 10, ""7"": 8, ""8"": 8, ""9"": 8, ""10"": 15, ""11"": 14}"
1988,1988,True,,mpeg4\random\mappings\sample_1988_seed_1988.csv,5.473495267844228,327.2664393222,1.271311152087413,1,0.0001229447,0.012822749999999999,596000.0,72000.0,0.8740714344453278,0.0011374766518198692,True,vec,16,"{""1"": 3, ""2"": 4, ""3"": 15, ""4"": 14, ""5"": 8, ""6"": 9, ""7"": 1, ""8"": 2, ""9"": 3, ""10"": 8, ""11"": 5}"
1989,1989,True,,mpeg4\random\mappings\sample_1989_seed_1989.csv,5.075812047588629,325.76967423088,1.1086733062940002,0,0.0001263983,0.0,372000.0,48000.0,2.632795153641622,0.0011541990744287243,True,vec,16,"{""1"": 5, ""2"": 8, ""3"": 9, ""4"": 8, ""5"": 2, ""6"": 9, ""7"": 3, ""8"": 3, ""9"": 9, ""10"": 9, ""11"": 13}"
1990,1990,True,,mpeg4\random\mappings\sample_1990_seed_1990.csv,5.962094774155355,327.28074005035,1.2843101481017716,1,0.0001223827,0.00836775,532000.0,96000.0,1.9486033825827143,0.0011341560268327553,True,vec,16,"{""1"": 0, ""2"": 10, ""3"": 1, ""4"": 0, ""5"": 4, ""6"": 2, ""7"": 0, ""8"": 2, ""9"": 6, ""10"": 15, ""11"": 4}"
1991,1991,True,,mpeg4\random\mappings\sample_1991_seed_1991.csv,6.181882413065369,327.37527903415,1.2790720750825582,1,0.0001332428,0.00722357142857125,692000.0,80000.0,2.1240371700337164,0.0011940860350349728,True,vec,16,"{""1"": 13, ""2"": 11, ""3"": 0, ""4"": 0, ""5"": 15, ""6"": 11, ""7"": 13, ""8"": 6, ""9"": 13, ""10"": 3, ""11"": 15}"
1992,1992,True,,mpeg4\random\mappings\sample_1992_seed_1992.csv,4.75232163911713,326.90061778723,1.199963917052998,0,0.0001207997,0.0,400000.0,48000.0,1.2951125243277322,0.0011241811345785101,True,vec,16,"{""1"": 10, ""2"": 10, ""3"": 2, ""4"": 15, ""5"": 14, ""6"": 9, ""7"": 4, ""8"": 14, ""9"": 12, ""10"": 15, ""11"": 13}"
1993,1993,True,,mpeg4\random\mappings\sample_1993_seed_1993.csv,4.927321326916653,325.97271220422,1.1548107949490836,0,0.0001220639,0.0,628000.0,80000.0,0.7863545407198268,0.0011315879714289443,True,vec,16,"{""1"": 15, ""2"": 8, ""3"": 3, ""4"": 5, ""5"": 10, ""6"": 11, ""7"": 4, ""8"": 14, ""9"": 12, ""10"": 11, ""11"": 1}"
1994,1994,True,,mpeg4\random\mappings\sample_1994_seed_1994.csv,5.032518803021393,326.87571885654,1.217188358170313,0,0.0001215456,0.0,440000.0,88000.0,1.0231901537786794,0.0011284482734746524,True,vec,16,"{""1"": 15, ""2"": 14, ""3"": 11, ""4"": 5, ""5"": 0, ""6"": 10, ""7"": 9, ""8"": 9, ""9"": 8, ""10"": 10, ""11"": 13}"
1995,1995,True,,mpeg4\random\mappings\sample_1995_seed_1995.csv,5.524700353549758,326.39432293834,1.1349460952144268,0,0.0001326889,0.0,608000.0,84000.0,1.9924618294454648,0.0011891778296730777,True,vec,16,"{""1"": 14, ""2"": 5, ""3"": 14, ""4"": 11, ""5"": 9, ""6"": 11, ""7"": 4, ""8"": 0, ""9"": 4, ""10"": 13, ""11"": 14}"
1996,1996,True,,mpeg4\random\mappings\sample_1996_seed_1996.csv,4.63354997651333,325.87331405484,1.1573191481060385,0,0.0001212117,0.0,396000.0,48000.0,1.356514349935583,0.001126160656253045,True,vec,16,"{""1"": 14, ""2"": 13, ""3"": 12, ""4"": 1, ""5"": 8, ""6"": 9, ""7"": 11, ""8"": 9, ""9"": 12, ""10"": 1, ""11"": 7}"
1997,1997,True,,mpeg4\random\mappings\sample_1997_seed_1997.csv,5.551835707064273,325.75402317383,1.1341126072534986,0,0.0001323518,0.0,532000.0,64000.0,2.9310325923083247,0.0011876225168844002,True,vec,16,"{""1"": 7, ""2"": 2, ""3"": 7, ""4"": 12, ""5"": 10, ""6"": 14, ""7"": 7, ""8"": 7, ""9"": 7, ""10"": 1, ""11"": 4}"
1998,1998,True,,mpeg4\random\mappings\sample_1998_seed_1998.csv,5.693393001241251,327.13781958004,1.1543570835209436,0,0.000128151,0.0,676000.0,136000.0,1.0056467750335791,0.0011649717034907783,True,vec,16,"{""1"": 6, ""2"": 4, ""3"": 3, ""4"": 9, ""5"": 9, ""6"": 7, ""7"": 13, ""8"": 11, ""9"": 12, ""10"": 12, ""11"": 5}"
1999,1999,True,,mpeg4\random\mappings\sample_1999_seed_1999.csv,5.497032717191286,327.18095923605,1.1255494121759893,1,0.0001275509,0.0005179166666666687,580000.0,84000.0,1.09336366875908,0.001161262972919527,True,vec,16,"{""1"": 3, ""2"": 11, ""3"": 8, ""4"": 6, ""5"": 5, ""6"": 6, ""7"": 1, ""8"": 4, ""9"": 12, ""10"": 12, ""11"": 15}"
2000,2000,True,,mpeg4\random\mappings\sample_2000_seed_2000.csv,4.626497090204456,325.83351408135,1.1565491316270966,0,0.0001224627,0.0,472000.0,60000.0,0.8302129875825772,0.0011335081724468765,True,vec,16,"{""1"": 14, ""2"": 1, ""3"": 5, ""4"": 4, ""5"": 12, ""6"": 6, ""7"": 4, ""8"": 15, ""9"": 10, ""10"": 11, ""11"": 8}"
2001,2001,True,,mpeg4\random\mappings\sample_2001_seed_2001.csv,5.330587686485408,326.02212021606,1.2391848079808618,0,0.0001223148,0.0,548000.0,84000.0,1.8477289547983882,0.0011332117756413446,True,vec,16,"{""1"": 0, ""2"": 11, ""3"": 1, ""4"": 5, ""5"": 1, ""6"": 8, ""7"": 14, ""8"": 1, ""9"": 4, ""10"": 2, ""11"": 2}"
2002,2002,True,,mpeg4\random\mappings\sample_2002_seed_2002.csv,5.3750432597721245,325.97013470546,1.1858866701824249,0,0.0001221856,0.0,628000.0,88000.0,1.8038705079356376,0.001132475848647975,True,vec,16,"{""1"": 0, ""2"": 10, ""3"": 9, ""4"": 0, ""5"": 3, ""6"": 8, ""7"": 9, ""8"": 3, ""9"": 2, ""10"": 1, ""11"": 8}"
2003,2003,True,,mpeg4\random\mappings\sample_2003_seed_2003.csv,4.994737925064485,326.37480090165,1.1155910817434749,0,0.0001215776,0.0,480000.0,64000.0,1.7205394588964118,0.0011282705824315227,True,vec,16,"{""1"": 3, ""2"": 7, ""3"": 12, ""4"": 3, ""5"": 5, ""6"": 10, ""7"": 9, ""8"": 9, ""9"": 2, ""10"": 10, ""11"": 9}"
2004,2004,True,,mpeg4\random\mappings\sample_2004_seed_2004.csv,5.22169773777466,326.70678239178,1.1620765808644633,0,0.0001212097,0.0,580000.0,92000.0,1.2731833008963571,0.001127139900065456,True,vec,16,"{""1"": 0, ""2"": 6, ""3"": 4, ""4"": 14, ""5"": 5, ""6"": 4, ""7"": 1, ""8"": 11, ""9"": 12, ""10"": 11, ""11"": 3}"
2005,2005,True,,mpeg4\random\mappings\sample_2005_seed_2005.csv,5.346375593424928,326.14569619711,1.2025438612516242,0,0.0001223316,0.0,676000.0,104000.0,1.1372221156218305,0.001133925021600118,True,vec,16,"{""1"": 14, ""2"": 0, ""3"": 6, ""4"": 14, ""5"": 13, ""6"": 3, ""7"": 7, ""8"": 2, ""9"": 14, ""10"": 10, ""11"": 15}"
2006,2006,True,,mpeg4\random\mappings\sample_2006_seed_2006.csv,5.432558839332021,326.08943275994,1.1767349805030791,0,0.0001276427,0.0,528000.0,116000.0,1.4003727967983335,0.0011621604897177273,True,vec,16,"{""1"": 12, ""2"": 2, ""3"": 2, ""4"": 7, ""5"": 6, ""6"": 14, ""7"": 9, ""8"": 1, ""9"": 6, ""10"": 6, ""11"": 10}"
2007,2007,True,,mpeg4\random\mappings\sample_2007_seed_2007.csv,5.089562586383499,326.10053341749,1.1051824935322108,0,0.00012214,0.0,500000.0,88000.0,1.4793180011512843,0.0011315660977733978,True,vec,16,"{""1"": 6, ""2"": 2, ""3"": 5, ""4"": 5, ""5"": 2, ""6"": 1, ""7"": 15, ""8"": 13, ""9"": 13, ""10"": 9, ""11"": 11}"
2008,2008,True,,mpeg4\random\mappings\sample_2008_seed_2008.csv,5.723630316371604,326.096596192,1.2809971834345248,0,0.0001211238,0.0,560000.0,120000.0,2.0450919656807653,0.0011271209607073029,True,vec,16,"{""1"": 4, ""2"": 12, ""3"": 12, ""4"": 12, ""5"": 11, ""6"": 4, ""7"": 10, ""8"": 3, ""9"": 14, ""10"": 7, ""11"": 1}"
2009,2009,True,,mpeg4\random\mappings\sample_2009_seed_2009.csv,5.056664674699777,325.75042189268,1.16010209181321,0,0.0001220699,0.0,484000.0,100000.0,1.1459938049943805,0.0011314871344228906,True,vec,16,"{""1"": 8, ""2"": 5, ""3"": 10, ""4"": 5, ""5"": 8, ""6"": 3, ""7"": 4, ""8"": 13, ""9"": 7, ""10"": 6, ""11"": 1}"
2010,2010,True,,mpeg4\random\mappings\sample_2010_seed_2010.csv,6.50964188787073,327.60982196381,1.2186823744816517,1,0.0001218803,0.087634722222225,516000.0,96000.0,2.3521010937200186,0.0011312845766237544,True,vec,16,"{""1"": 4, ""2"": 15, ""3"": 14, ""4"": 14, ""5"": 8, ""6"": 6, ""7"": 6, ""8"": 14, ""9"": 7, ""10"": 8, ""11"": 7}"
2011,2011,True,,mpeg4\random\mappings\sample_2011_seed_2011.csv,5.278429084206322,325.67581177302,1.1168047724222134,0,0.0001218437,0.0,492000.0,100000.0,1.8784298676023135,0.00112975695784514,True,vec,16,"{""1"": 7, ""2"": 9, ""3"": 1, ""4"": 11, ""5"": 0, ""6"": 9, ""7"": 6, ""8"": 5, ""9"": 7, ""10"": 1, ""11"": 9}"
2012,2012,True,,mpeg4\random\mappings\sample_2012_seed_2012.csv,5.627907934914852,327.46151030635,1.1783751711238815,1,0.0001222517,0.02491685606060625,524000.0,72000.0,1.4837038458375593,0.0011332061992644414,True,vec,16,"{""1"": 3, ""2"": 15, ""3"": 10, ""4"": 0, ""5"": 9, ""6"": 10, ""7"": 15, ""8"": 11, ""9"": 3, ""10"": 8, ""11"": 6}"
2013,2013,True,,mpeg4\random\mappings\sample_2013_seed_2013.csv,5.166199092984141,326.19649448166,1.2467512278127542,0,0.0001224328,0.0,552000.0,60000.0,1.8389572654258382,0.0011340438508837744,True,vec,16,"{""1"": 13, ""2"": 1, ""3"": 12, ""4"": 14, ""5"": 13, ""6"": 8, ""7"": 1, ""8"": 12, ""9"": 3, ""10"": 12, ""11"": 10}"
2014,2014,True,,mpeg4\random\mappings\sample_2014_seed_2014.csv,5.167751696648573,326.01369534483,1.1604818937519958,0,0.0001226541,0.0,504000.0,84000.0,1.6679093226611112,0.0011345020192782835,True,vec,16,"{""1"": 10, ""2"": 12, ""3"": 6, ""4"": 13, ""5"": 13, ""6"": 15, ""7"": 0, ""8"": 6, ""9"": 12, ""10"": 11, ""11"": 10}"
2015,2015,True,,mpeg4\random\mappings\sample_2015_seed_2015.csv,4.948569610125068,326.44102393275,1.2437234539082385,0,0.0001219679,0.0,436000.0,48000.0,1.7556262163866123,0.0011311094411005772,True,vec,16,"{""1"": 2, ""2"": 1, ""3"": 13, ""4"": 4, ""5"": 13, ""6"": 11, ""7"": 1, ""8"": 4, ""9"": 3, ""10"": 9, ""11"": 2}"
2016,2016,True,,mpeg4\random\mappings\sample_2016_seed_2016.csv,5.440329172617011,325.80056999213,1.2562653997728936,0,0.0001215878,0.0,648000.0,96000.0,1.6722951673473863,0.0011295592524493993,True,vec,16,"{""1"": 14, ""2"": 8, ""3"": 4, ""4"": 2, ""5"": 15, ""6"": 15, ""7"": 3, ""8"": 2, ""9"": 9, ""10"": 4, ""11"": 9}"
2017,2017,True,,mpeg4\random\mappings\sample_2017_seed_2017.csv,5.5278648045991075,326.00468849678,1.2013140002061273,0,0.0001324456,0.0,456000.0,120000.0,1.5801924289356104,0.0011882000439832588,True,vec,16,"{""1"": 6, ""2"": 14, ""3"": 6, ""4"": 2, ""5"": 14, ""6"": 3, ""7"": 7, ""8"": 10, ""9"": 12, ""10"": 7, ""11"": 10}"
2018,2018,True,,mpeg4\random\mappings\sample_2018_seed_2018.csv,5.091859375228882,326.47519042917,1.2550673351652895,0,0.0001320828,0.0,472000.0,72000.0,1.1372221156218305,0.0011864593181416902,True,vec,16,"{""1"": 4, ""2"": 0, ""3"": 3, ""4"": 13, ""5"": 7, ""6"": 7, ""7"": 1, ""8"": 12, ""9"": 1, ""10"": 2, ""11"": 9}"
2019,2019,True,,mpeg4\random\mappings\sample_2019_seed_2019.csv,5.339877121883205,326.22966265977,1.122869762377198,0,0.0001316976,0.0,404000.0,72000.0,2.400345385269044,0.0011835605278576835,True,vec,16,"{""1"": 4, ""2"": 7, ""3"": 7, ""4"": 7, ""5"": 10, ""6"": 9, ""7"": 13, ""8"": 15, ""9"": 7, ""10"": 13, ""11"": 5}"
2020,2020,True,,mpeg4\random\mappings\sample_2020_seed_2020.csv,5.354448252757133,327.11700694323,1.251548225130508,0,0.0001224098,0.0,536000.0,84000.0,1.5880869493709053,0.0011343897372738825,True,vec,16,"{""1"": 5, ""2"": 14, ""3"": 11, ""4"": 13, ""5"": 5, ""6"": 2, ""7"": 14, ""8"": 14, ""9"": 7, ""10"": 6, ""11"": 15}"
2021,2021,True,,mpeg4\random\mappings\sample_2021_seed_2021.csv,5.494966658272101,327.28324355576,1.2248724107194726,1,0.0001215987,0.013821666666666876,560000.0,80000.0,0.9793317069159289,0.0011297423984228466,True,vec,16,"{""1"": 12, ""2"": 8, ""3"": 14, ""4"": 15, ""5"": 2, ""6"": 10, ""7"": 8, ""8"": 7, ""9"": 9, ""10"": 15, ""11"": 1}"
2022,2022,True,,mpeg4\random\mappings\sample_2022_seed_2022.csv,4.99479370930935,325.66027473862,1.1415918307719868,0,0.0001214016,0.0,376000.0,68000.0,2.0757928784846906,0.0011268267542134597,True,vec,16,"{""1"": 9, ""2"": 14, ""3"": 13, ""4"": 10, ""5"": 0, ""6"": 13, ""7"": 9, ""8"": 9, ""9"": 14, ""10"": 1, ""11"": 1}"
2023,2023,True,,mpeg4\random\mappings\sample_2023_seed_2023.csv,4.992656868651601,326.39746891737,1.2318977670038704,0,0.0001207984,0.0,424000.0,56000.0,1.8126421973081879,0.0011242476850810014,True,vec,16,"{""1"": 12, ""2"": 14, ""3"": 10, ""4"": 3, ""5"": 3, ""6"": 9, ""7"": 9, ""8"": 12, ""9"": 5, ""10"": 7, ""11"": 10}"
2024,2024,True,,mpeg4\random\mappings\sample_2024_seed_2024.csv,5.524433640165325,325.6649587444,1.2532520415365989,0,0.0001223156,0.0,568000.0,136000.0,1.2468682327787066,0.0011333594891639528,True,vec,16,"{""1"": 15, ""2"": 5, ""3"": 13, ""4"": 8, ""5"": 7, ""6"": 15, ""7"": 11, ""8"": 9, ""9"": 13, ""10"": 6, ""11"": 6}"
2025,2025,True,,mpeg4\random\mappings\sample_2025_seed_2025.csv,5.484739138926579,326.29978727168,1.21506110662906,0,0.000133169,0.0,600000.0,96000.0,1.466160467092459,0.0011925903097277026,True,vec,16,"{""1"": 2, ""2"": 15, ""3"": 11, ""4"": 12, ""5"": 7, ""6"": 2, ""7"": 12, ""8"": 5, ""9"": 12, ""10"": 3, ""11"": 0}"
2026,2026,True,,mpeg4\random\mappings\sample_2026_seed_2026.csv,5.41014804026872,327.43771631295,1.3779885919486379,1,0.0001224299,0.01833197674418625,396000.0,48000.0,1.4223020202297085,0.0011348316649564625,True,vec,16,"{""1"": 3, ""2"": 10, ""3"": 13, ""4"": 15, ""5"": 14, ""6"": 7, ""7"": 0, ""8"": 3, ""9"": 2, ""10"": 3, ""11"": 7}"
2027,2027,True,,mpeg4\random\mappings\sample_2027_seed_2027.csv,5.314650154746577,326.09643436166,1.1253668543676798,0,0.0001327698,0.0,548000.0,88000.0,1.5758065842493352,0.0011899293275475127,True,vec,16,"{""1"": 3, ""2"": 14, ""3"": 10, ""4"": 12, ""5"": 5, ""6"": 12, ""7"": 5, ""8"": 2, ""9"": 11, ""10"": 5, ""11"": 0}"
2028,2028,True,,mpeg4\random\mappings\sample_2028_seed_2028.csv,5.538104270397634,326.39481486414,1.1429530090710884,0,0.0001218678,0.0,624000.0,72000.0,2.6152517748965214,0.0011305675608828186,True,vec,16,"{""1"": 11, ""2"": 5, ""3"": 11, ""4"": 8, ""5"": 5, ""6"": 0, ""7"": 6, ""8"": 0, ""9"": 9, ""10"": 11, ""11"": 11}"
2029,2029,True,,mpeg4\random\mappings\sample_2029_seed_2029.csv,5.097295571542122,325.95076300764,1.1782785623484322,0,0.0001316468,0.0,524000.0,80000.0,1.172308873112031,0.0011836333162765227,True,vec,16,"{""1"": 15, ""2"": 15, ""3"": 13, ""4"": 4, ""5"": 9, ""6"": 10, ""7"": 12, ""8"": 5, ""9"": 14, ""10"": 12, ""11"": 5}"
2030,2030,True,,mpeg4\random\mappings\sample_2030_seed_2030.csv,5.781746401803117,327.28811965075,1.3182334020099518,1,0.0001215677,0.0227345,524000.0,100000.0,1.09336366875908,0.0011297782393777727,True,vec,16,"{""1"": 9, ""2"": 12, ""3"": 15, ""4"": 14, ""5"": 13, ""6"": 12, ""7"": 4, ""8"": 11, ""9"": 9, ""10"": 2, ""11"": 0}"
2031,2031,True,,mpeg4\random\mappings\sample_2031_seed_2031.csv,5.022015320773605,326.05081128318,1.162810319663303,0,0.0001212597,0.0,508000.0,96000.0,1.0056467750335791,0.0011267172614095415,True,vec,16,"{""1"": 5, ""2"": 10, ""3"": 14, ""4"": 14, ""5"": 6, ""6"": 7, ""7"": 15, ""8"": 11, ""9"": 9, ""10"": 12, ""11"": 8}"
2032,2032,True,,mpeg4\random\mappings\sample_2032_seed_2032.csv,5.094127649846347,325.76147904151,1.0933810906775248,0,0.0001225599,0.0,620000.0,72000.0,1.641594254543461,0.0011341878664119281,True,vec,16,"{""1"": 1, ""2"": 14, ""3"": 7, ""4"": 5, ""5"": 5, ""6"": 11, ""7"": 1, ""8"": 3, ""9"": 6, ""10"": 14, ""11"": 14}"
2033,2033,True,,mpeg4\random\mappings\sample_2033_seed_2033.csv,5.584372109962374,326.75112885411,1.2260896740018268,0,0.000121956,0.0,648000.0,104000.0,1.6679093226611112,0.001131632626501993,True,vec,16,"{""1"": 13, ""2"": 4, ""3"": 6, ""4"": 13, ""5"": 11, ""6"": 12, ""7"": 7, ""8"": 3, ""9"": 12, ""10"": 3, ""11"": 12}"
2034,2034,True,,mpeg4\random\mappings\sample_2034_seed_2034.csv,5.174664403911546,326.28244096375,1.172281938428789,0,0.0001221348,0.0,452000.0,88000.0,1.6494887749787561,0.0011315497902972115,True,vec,16,"{""1"": 2, ""2"": 11, ""3"": 3, ""4"": 9, ""5"": 0, ""6"": 6, ""7"": 0, ""8"": 11, ""9"": 11, ""10"": 6, ""11"": 1}"
2035,2035,True,,mpeg4\random\mappings\sample_2035_seed_2035.csv,5.031049728277848,326.86168693043,1.247449105668731,0,0.0001223138,0.0,456000.0,80000.0,1.0670486006414297,0.0011332597593590949,True,vec,16,"{""1"": 9, ""2"": 5, ""3"": 15, ""4"": 9, ""5"": 3, ""6"": 11, ""7"": 2, ""8"": 2, ""9"": 6, ""10"": 10, ""11"": 1}"
2036,2036,True,,mpeg4\random\mappings\sample_2036_seed_2036.csv,5.8859185820766715,327.26963025177,1.3533763693087195,1,0.0001223917,0.0029403017241379373,516000.0,72000.0,2.2556125106219675,0.001134045327865082,True,vec,16,"{""1"": 1, ""2"": 13, ""3"": 0, ""4"": 12, ""5"": 12, ""6"": 2, ""7"": 0, ""8"": 0, ""9"": 13, ""10"": 2, ""11"": 4}"
2037,2037,True,,mpeg4\random\mappings\sample_2037_seed_2037.csv,5.336252267987973,325.66565187605,1.2387807374971123,0,0.000132738,0.0,680000.0,80000.0,1.3433568158767577,0.0011903974795996468,True,vec,16,"{""1"": 8, ""2"": 1, ""3"": 4, ""4"": 1, ""5"": 12, ""6"": 3, ""7"": 8, ""8"": 9, ""9"": 8, ""10"": 13, ""11"": 14}"
2038,2038,True,,mpeg4\random\mappings\sample_2038_seed_2038.csv,5.4648995420625806,327.3257252298,1.2334834640574384,1,0.0001227839,0.00843575,516000.0,84000.0,0.9354732600531783,0.001136022411452906,True,vec,16,"{""1"": 2, ""2"": 15, ""3"": 0, ""4"": 7, ""5"": 5, ""6"": 11, ""7"": 1, ""8"": 2, ""9"": 9, ""10"": 3, ""11"": 3}"
2039,2039,True,,mpeg4\random\mappings\sample_2039_seed_2039.csv,4.936256124957218,326.40710178549,1.1836928097703834,0,0.0001279507,0.0,416000.0,72000.0,1.1679230284257558,0.0011629347132766533,True,vec,16,"{""1"": 12, ""2"": 0, ""3"": 10, ""4"": 0, ""5"": 14, ""6"": 6, ""7"": 9, ""8"": 8, ""9"": 4, ""10"": 4, ""11"": 9}"
2040,2040,True,,mpeg4\random\mappings\sample_2040_seed_2040.csv,5.915068390651007,327.72629112182,1.2242470758439155,1,0.0001319636,0.06904696969696875,416000.0,72000.0,1.374057728680683,0.001186825501006213,True,vec,16,"{""1"": 12, ""2"": 10, ""3"": 13, ""4"": 11, ""5"": 5, ""6"": 5, ""7"": 1, ""8"": 15, ""9"": 1, ""10"": 7, ""11"": 15}"
2041,2041,True,,mpeg4\random\mappings\sample_2041_seed_2041.csv,4.975921820847246,327.00750411658,1.1851343179200151,0,0.0001216476,0.0,492000.0,64000.0,1.2907266796414572,0.0011287337683221904,True,vec,16,"{""1"": 1, ""2"": 14, ""3"": 14, ""4"": 7, ""5"": 2, ""6"": 4, ""7"": 8, ""8"": 9, ""9"": 12, ""10"": 10, ""11"": 4}"
2042,2042,True,,mpeg4\random\mappings\sample_2042_seed_2042.csv,4.880819077415028,327.13350418466,1.2006436511130845,0,0.0001217637,0.0,544000.0,64000.0,0.803897919464927,0.0011302503524452305,True,vec,16,"{""1"": 10, ""2"": 7, ""3"": 3, ""4"": 13, ""5"": 0, ""6"": 2, ""7"": 7, ""8"": 4, ""9"": 15, ""10"": 14, ""11"": 9}"
2043,2043,True,,mpeg4\random\mappings\sample_2043_seed_2043.csv,5.429338155901197,325.42169338804,1.1524821996081518,0,0.0001220847,0.0,608000.0,112000.0,1.7117677695238618,0.0011316928363257173,True,vec,16,"{""1"": 15, ""2"": 7, ""3"": 14, ""4"": 8, ""5"": 4, ""6"": 14, ""7"": 11, ""8"": 13, ""9"": 13, ""10"": 8, ""11"": 4}"
2044,2044,True,,mpeg4\random\mappings\sample_2044_seed_2044.csv,5.1343769928178435,326.02987083205,1.2921537993904102,0,0.000122131,0.0,592000.0,60000.0,1.6021216523669854,0.001132466574172731,True,vec,16,"{""1"": 3, ""2"": 10, ""3"": 15, ""4"": 1, ""5"": 3, ""6"": 12, ""7"": 2, ""8"": 3, ""9"": 14, ""10"": 12, ""11"": 8}"
2045,2045,True,,mpeg4\random\mappings\sample_2045_seed_2045.csv,5.601465380534334,325.93186785127,1.1819275257984179,0,0.0001225228,0.0,664000.0,144000.0,1.09336366875908,0.0011348654073973174,True,vec,16,"{""1"": 4, ""2"": 13, ""3"": 3, ""4"": 9, ""5"": 12, ""6"": 4, ""7"": 7, ""8"": 1, ""9"": 15, ""10"": 6, ""11"": 7}"
2046,2046,True,,mpeg4\random\mappings\sample_2046_seed_2046.csv,4.825516420176067,326.39332479611,1.2395239005923522,0,0.0001220237,0.0,496000.0,72000.0,0.7249527151119761,0.0011314231068946332,True,vec,16,"{""1"": 12, ""2"": 10, ""3"": 6, ""4"": 3, ""5"": 15, ""6"": 5, ""7"": 8, ""8"": 13, ""9"": 14, ""10"": 10, ""11"": 9}"
2047,2047,True,,mpeg4\random\mappings\sample_2047_seed_2047.csv,5.093665177853147,326.15120728359,1.1740301804741526,0,0.0001223727,0.0,608000.0,84000.0,1.1152928921904552,0.0011335090949222064,True,vec,16,"{""1"": 7, ""2"": 15, ""3"": 1, ""4"": 12, ""5"": 14, ""6"": 1, ""7"": 3, ""8"": 4, ""9"": 9, ""10"": 5, ""11"": 13}"
2048,2048,True,,mpeg4\random\mappings\sample_2048_seed_2048.csv,5.421288921759653,327.29055649655,1.3245562133013755,1,0.0001226087,0.0110215277777775,524000.0,84000.0,0.5670623064060744,0.0011353159153077745,True,vec,16,"{""1"": 9, ""2"": 15, ""3"": 7, ""4"": 10, ""5"": 0, ""6"": 3, ""7"": 1, ""8"": 12, ""9"": 4, ""10"": 2, ""11"": 11}"
2049,2049,True,,mpeg4\random\mappings\sample_2049_seed_2049.csv,5.77739544690382,326.97930668502,1.2306247165655086,0,0.0001218898,0.0,620000.0,96000.0,2.395959540582769,0.0011306258662175507,True,vec,16,"{""1"": 8, ""2"": 3, ""3"": 0, ""4"": 3, ""5"": 13, ""6"": 11, ""7"": 13, ""8"": 13, ""9"": 5, ""10"": 12, ""11"": 13}"
2050,2050,True,,mpeg4\random\mappings\sample_2050_seed_2050.csv,5.938885949505224,327.23779233962,1.2130085827811166,1,0.0001200147,0.003202232142857125,416000.0,72000.0,3.0713796222691263,0.0011197881275809335,True,vec,16,"{""1"": 10, ""2"": 6, ""3"": 11, ""4"": 13, ""5"": 11, ""6"": 11, ""7"": 11, ""8"": 12, ""9"": 12, ""10"": 2, ""11"": 8}"
2051,2051,True,,mpeg4\random\mappings\sample_2051_seed_2051.csv,5.603460187045598,327.26986062718,1.2073770586217003,1,0.0001333768,0.0146446875,576000.0,64000.0,1.2249390093473316,0.0011940856673551903,True,vec,16,"{""1"": 6, ""2"": 13, ""3"": 2, ""4"": 3, ""5"": 5, ""6"": 13, ""7"": 4, ""8"": 14, ""9"": 4, ""10"": 10, ""11"": 10}"
2052,2052,True,,mpeg4\random\mappings\sample_2052_seed_2052.csv,5.069301648905886,325.94802174764,1.2242662081109177,0,0.0001219037,0.0,640000.0,56000.0,1.5582632055042351,0.0011315644260484607,True,vec,16,"{""1"": 10, ""2"": 12, ""3"": 2, ""4"": 12, ""5"": 3, ""6"": 4, ""7"": 12, ""8"": 0, ""9"": 15, ""10"": 3, ""11"": 7}"
2053,2053,True,,mpeg4\random\mappings\sample_2053_seed_2053.csv,5.530330136406098,326.44117553181,1.2189286706012685,0,0.0001218909,0.0,596000.0,128000.0,1.2249390093473316,0.0011310976619032262,True,vec,16,"{""1"": 9, ""2"": 8, ""3"": 6, ""4"": 15, ""5"": 3, ""6"": 8, ""7"": 15, ""8"": 1, ""9"": 0, ""10"": 2, ""11"": 4}"
2054,2054,True,,mpeg4\random\mappings\sample_2054_seed_2054.csv,5.248610127557898,326.23976000548,1.1707366194061788,0,0.0001213557,0.0,420000.0,96000.0,1.8082563526219129,0.0011273680751508542,True,vec,16,"{""1"": 6, ""2"": 3, ""3"": 7, ""4"": 6, ""5"": 11, ""6"": 5, ""7"": 7, ""8"": 11, ""9"": 11, ""10"": 0, ""11"": 9}"
2055,2055,True,,mpeg4\random\mappings\sample_2055_seed_2055.csv,5.878423398261999,327.27136161847,1.2012057117440607,1,0.0001221868,0.014533250000000001,588000.0,108000.0,1.3828294180532332,0.0011330432658105552,True,vec,16,"{""1"": 5, ""2"": 8, ""3"": 3, ""4"": 2, ""5"": 5, ""6"": 4, ""7"": 10, ""8"": 5, ""9"": 15, ""10"": 6, ""11"": 14}"
2056,2056,True,,mpeg4\random\mappings\sample_2056_seed_2056.csv,4.97299978603946,325.90776707451,1.217431807001519,0,0.0001220117,0.0,716000.0,72000.0,0.7424960938570763,0.001132055289327276,True,vec,16,"{""1"": 8, ""2"": 13, ""3"": 3, ""4"": 0, ""5"": 12, ""6"": 7, ""7"": 2, ""8"": 6, ""9"": 0, ""10"": 14, ""11"": 5}"
2057,2057,True,,mpeg4\random\mappings\sample_2057_seed_2057.csv,5.4371819493181786,326.4258421437,1.2606685461994855,0,0.0001322237,0.0,652000.0,84000.0,1.356514349935583,0.001187881392798825,True,vec,16,"{""1"": 14, ""2"": 8, ""3"": 3, ""4"": 12, ""5"": 4, ""6"": 0, ""7"": 8, ""8"": 1, ""9"": 10, ""10"": 8, ""11"": 4}"
2058,2058,True,,mpeg4\random\mappings\sample_2058_seed_2058.csv,5.721869315293126,327.13648874628,1.1295081323301255,0,0.0001213077,0.0,576000.0,148000.0,1.3784435733669582,0.0011271306484733393,True,vec,16,"{""1"": 4, ""2"": 1, ""3"": 6, ""4"": 10, ""5"": 4, ""6"": 6, ""7"": 14, ""8"": 3, ""9"": 8, ""10"": 12, ""11"": 13}"
2059,2059,True,,mpeg4\random\mappings\sample_2059_seed_2059.csv,5.286103385385207,325.88691475212,1.1605130577622635,0,0.000133455,0.0,672000.0,84000.0,1.2117814752885063,0.001194419806121287,True,vec,16,"{""1"": 13, ""2"": 2, ""3"": 8, ""4"": 14, ""5"": 6, ""6"": 4, ""7"": 15, ""8"": 14, ""9"": 15, ""10"": 3, ""11"": 13}"
2060,2060,True,,mpeg4\random\mappings\sample_2060_seed_2060.csv,6.400703702592574,327.24152146182,1.3094585256573457,1,0.0001414828,0.0018966666666666875,628000.0,104000.0,2.1503522381513664,0.0012373549882419273,True,vec,16,"{""1"": 9, ""2"": 11, ""3"": 0, ""4"": 0, ""5"": 0, ""6"": 12, ""7"": 15, ""8"": 2, ""9"": 2, ""10"": 13, ""11"": 15}"
2061,2061,True,,mpeg4\random\mappings\sample_2061_seed_2061.csv,4.917349231675604,326.09794511424,1.2058619853262276,0,0.0001226758,0.0,428000.0,72000.0,1.3082700583865574,0.0011350609937521457,True,vec,16,"{""1"": 11, ""2"": 9, ""3"": 10, ""4"": 2, ""5"": 13, ""6"": 3, ""7"": 15, ""8"": 15, ""9"": 6, ""10"": 2, ""11"": 3}"
2062,2062,True,,mpeg4\random\mappings\sample_2062_seed_2062.csv,5.309402640861678,326.91724786587,1.1464686351770361,0,0.0001225539,0.0,512000.0,88000.0,1.7205394588964118,0.0011339685371446672,True,vec,16,"{""1"": 10, ""2"": 14, ""3"": 0, ""4"": 10, ""5"": 11, ""6"": 4, ""7"": 14, ""8"": 5, ""9"": 1, ""10"": 0, ""11"": 14}"
2063,2063,True,,mpeg4\random\mappings\sample_2063_seed_2063.csv,5.085787949938435,326.29045355611,1.2046599375938194,0,0.0001212597,0.0,580000.0,92000.0,0.9179298813080782,0.0011276375661489922,True,vec,16,"{""1"": 4, ""2"": 5, ""3"": 7, ""4"": 2, ""5"": 6, ""6"": 15, ""7"": 10, ""8"": 11, ""9"": 4, ""10"": 7, ""11"": 3}"
2064,2064,True,,mpeg4\random\mappings\sample_2064_seed_2064.csv,5.641611346198259,327.24456818957,1.1965575287531702,1,0.0001217957,0.004097083333333313,536000.0,80000.0,1.6810668567199365,0.0011301923461133974,True,vec,16,"{""1"": 9, ""2"": 2, ""3"": 10, ""4"": 14, ""5"": 14, ""6"": 1, ""7"": 6, ""8"": 14, ""9"": 9, ""10"": 8, ""11"": 15}"
2065,2065,True,,mpeg4\random\mappings\sample_2065_seed_2065.csv,5.048656923802731,326.15842150007,1.2728222897492487,0,0.0001220568,0.0,568000.0,72000.0,1.1591513390532058,0.0011322473566078256,True,vec,16,"{""1"": 8, ""2"": 2, ""3"": 2, ""4"": 7, ""5"": 1, ""6"": 12, ""7"": 5, ""8"": 6, ""9"": 9, ""10"": 11, ""11"": 5}"
2066,2066,True,,mpeg4\random\mappings\sample_2066_seed_2066.csv,4.914426875740309,326.36050505139,1.1606755886319275,0,0.000122798,0.0,640000.0,72000.0,0.7424960938570763,0.001136129784354362,True,vec,16,"{""1"": 3, ""2"": 9, ""3"": 1, ""4"": 13, ""5"": 14, ""6"": 11, ""7"": 0, ""8"": 6, ""9"": 14, ""10"": 7, ""11"": 12}"
2067,2067,True,,mpeg4\random\mappings\sample_2067_seed_2067.csv,4.811348626167245,325.98683993157,1.1398956172135069,0,0.0001212596,0.0,392000.0,68000.0,1.4223020202297085,0.0011266694888294889,True,vec,16,"{""1"": 2, ""2"": 6, ""3"": 7, ""4"": 14, ""5"": 5, ""6"": 7, ""7"": 3, ""8"": 1, ""9"": 15, ""10"": 5, ""11"": 15}"
2068,2068,True,,mpeg4\random\mappings\sample_2068_seed_2068.csv,6.268669908670391,327.44528752023,1.377593380673973,1,0.0001277227,0.02655017361111125,536000.0,132000.0,1.267920287272827,0.0011644463802095114,True,vec,16,"{""1"": 2, ""2"": 15, ""3"": 14, ""4"": 12, ""5"": 1, ""6"": 3, ""7"": 7, ""8"": 15, ""9"": 6, ""10"": 6, ""11"": 3}"
2069,2069,True,,mpeg4\random\mappings\sample_2069_seed_2069.csv,5.354994967568195,325.68796119015,1.1367459101914585,0,0.0001218897,0.0,568000.0,104000.0,1.751240371700337,0.0011301029841451066,True,vec,16,"{""1"": 11, ""2"": 8, ""3"": 2, ""4"": 7, ""5"": 10, ""6"": 7, ""7"": 5, ""8"": 9, ""9"": 8, ""10"": 2, ""11"": 8}"
2070,2070,True,,mpeg4\random\mappings\sample_2070_seed_2070.csv,6.7226441952074865,327.19754714949,1.2750457067897412,1,0.0001309627,0.001116294642857125,664000.0,104000.0,3.43101888654368,0.0011803946483553518,True,vec,16,"{""1"": 12, ""2"": 3, ""3"": 10, ""4"": 2, ""5"": 2, ""6"": 5, ""7"": 2, ""8"": 2, ""9"": 1, ""10"": 3, ""11"": 2}"
2071,2071,True,,mpeg4\random\mappings\sample_2071_seed_2071.csv,5.8309878514516305,327.22234785454,1.2488282701551832,1,0.0001213538,0.0008503125,676000.0,120000.0,0.8960006578767029,0.0011287584783614758,True,vec,16,"{""1"": 0, ""2"": 4, ""3"": 2, ""4"": 15, ""5"": 10, ""6"": 3, ""7"": 5, ""8"": 7, ""9"": 14, ""10"": 9, ""11"": 3}"
2072,2072,True,,mpeg4\random\mappings\sample_2072_seed_2072.csv,5.877598654096067,327.31726936996,1.4059792962618431,2,0.0001216276,0.0018320275119616935,412000.0,60000.0,1.8477289547983882,0.0011300610201313472,True,vec,16,"{""1"": 11, ""2"": 7, ""3"": 8, ""4"": 15, ""5"": 12, ""6"": 15, ""7"": 14, ""8"": 12, ""9"": 13, ""10"": 15, ""11"": 13}"
2073,2073,True,,mpeg4\random\mappings\sample_2073_seed_2073.csv,6.160514495991198,327.6308776721,1.2808292874076592,2,0.0001226278,0.10716249999999936,464000.0,64000.0,0.8960006578767029,0.0011361949554571631,True,vec,16,"{""1"": 6, ""2"": 1, ""3"": 6, ""4"": 3, ""5"": 8, ""6"": 13, ""7"": 11, ""8"": 0, ""9"": 5, ""10"": 14, ""11"": 2}"
2074,2074,True,,mpeg4\random\mappings\sample_2074_seed_2074.csv,5.08472697887443,325.98152320788,1.1538587229987478,0,0.0001224298,0.0,600000.0,88000.0,1.1144157232532004,0.0011337017399373974,True,vec,16,"{""1"": 8, ""2"": 7, ""3"": 11, ""4"": 0, ""5"": 4, ""6"": 6, ""7"": 0, ""8"": 7, ""9"": 14, ""10"": 2, ""11"": 1}"
2075,2075,True,,mpeg4\random\mappings\sample_2075_seed_2075.csv,5.068469805124917,326.26271262928,1.221934568615392,0,0.0001221217,0.0,540000.0,92000.0,0.9179298813080782,0.001132068479337508,True,vec,16,"{""1"": 10, ""2"": 12, ""3"": 14, ""4"": 2, ""5"": 2, ""6"": 3, ""7"": 1, ""8"": 15, ""9"": 6, ""10"": 4, ""11"": 7}"
2076,2076,True,,mpeg4\random\mappings\sample_2076_seed_2076.csv,4.743781761717267,325.82826925326,1.0927339583603175,0,0.0001212596,0.0,444000.0,52000.0,1.6021216523669854,0.0011262480798087096,True,vec,16,"{""1"": 6, ""2"": 2, ""3"": 5, ""4"": 15, ""5"": 2, ""6"": 1, ""7"": 2, ""8"": 8, ""9"": 12, ""10"": 5, ""11"": 10}"
2077,2077,True,,mpeg4\random\mappings\sample_2077_seed_2077.csv,5.328370727337927,326.28278781253,1.2271395772106866,0,0.000121442,0.0,576000.0,72000.0,2.01439105287684,0.0011287690380109806,True,vec,16,"{""1"": 11, ""2"": 9, ""3"": 9, ""4"": 1, ""5"": 12, ""6"": 12, ""7"": 2, ""8"": 2, ""9"": 10, ""10"": 9, ""11"": 0}"
2078,2078,True,,mpeg4\random\mappings\sample_2078_seed_2078.csv,6.306438581094113,325.89135106727,1.1003704522584299,0,0.0001519278,0.0,508000.0,104000.0,3.588909295249582,0.0012923425442496785,True,vec,16,"{""1"": 1, ""2"": 6, ""3"": 11, ""4"": 11, ""5"": 11, ""6"": 2, ""7"": 11, ""8"": 1, ""9"": 11, ""10"": 4, ""11"": 15}"
2079,2079,True,,mpeg4\random\mappings\sample_2079_seed_2079.csv,5.2075573482631725,325.88268992344,1.2080062357280361,0,0.0001222588,0.0,624000.0,72000.0,1.6758038430964064,0.0011331372126299043,True,vec,16,"{""1"": 14, ""2"": 6, ""3"": 12, ""4"": 7, ""5"": 7, ""6"": 0, ""7"": 6, ""8"": 6, ""9"": 2, ""10"": 10, ""11"": 5}"
2080,2080,True,,mpeg4\random\mappings\sample_2080_seed_2080.csv,5.6109640901234386,327.38721125124,1.1727196156805344,1,0.0001222748,0.0259972222222225,668000.0,80000.0,0.8828431238178778,0.0011335600730923254,True,vec,16,"{""1"": 1, ""2"": 12, ""3"": 10, ""4"": 5, ""5"": 13, ""6"": 14, ""7"": 7, ""8"": 13, ""9"": 4, ""10"": 9, ""11"": 15}"
2081,2081,True,,mpeg4\random\mappings\sample_2081_seed_2081.csv,5.4671401558648896,325.42169338804,1.0232130791108691,0,0.0001424118,0.0,552000.0,96000.0,1.909130780406239,0.00124131797577901,True,vec,16,"{""1"": 15, ""2"": 6, ""3"": 2, ""4"": 13, ""5"": 5, ""6"": 13, ""7"": 6, ""8"": 1, ""9"": 6, ""10"": 6, ""11"": 14}"
2082,2082,True,,mpeg4\random\mappings\sample_2082_seed_2082.csv,4.7608281014635265,326.14792820145,1.0861271540572233,0,0.0001213536,0.0,476000.0,72000.0,1.0275759984649544,0.0011272377546970328,True,vec,16,"{""1"": 3, ""2"": 2, ""3"": 5, ""4"": 10, ""5"": 8, ""6"": 6, ""7"": 5, ""8"": 13, ""9"": 11, ""10"": 3, ""11"": 0}"
2083,2083,True,,mpeg4\random\mappings\sample_2083_seed_2083.csv,5.0586647211970766,326.28492008356,1.2069927840094752,0,0.0001221867,0.0,500000.0,56000.0,1.8345714207395631,0.0011317500189707294,True,vec,16,"{""1"": 0, ""2"": 3, ""3"": 8, ""4"": 8, ""5"": 1, ""6"": 5, ""7"": 10, ""8"": 0, ""9"": 4, ""10"": 14, ""11"": 8}"
2084,2084,True,,mpeg4\random\mappings\sample_2084_seed_2084.csv,5.573926735654771,326.08498576415,1.259220502440469,0,0.0001218089,0.0,636000.0,124000.0,1.352128505249308,0.001131069178425565,True,vec,16,"{""1"": 13, ""2"": 8, ""3"": 12, ""4"": 6, ""5"": 15, ""6"": 12, ""7"": 1, ""8"": 10, ""9"": 3, ""10"": 5, ""11"": 10}"
2085,2085,True,,mpeg4\random\mappings\sample_2085_seed_2085.csv,5.463910652966329,325.94417446137,1.1169660687437555,0,0.0001406381,0.0,292000.0,76000.0,2.755598804857323,0.0012299135800039173,True,vec,16,"{""1"": 2, ""2"": 5, ""3"": 1, ""4"": 1, ""5"": 1, ""6"": 5, ""7"": 5, ""8"": 7, ""9"": 3, ""10"": 8, ""11"": 6}"
2086,2086,True,,mpeg4\random\mappings\sample_2086_seed_2086.csv,5.0651076648081865,326.50589216402,1.1447144627773305,0,0.0001213077,0.0,440000.0,76000.0,1.6635234779748362,0.001127137469236923,True,vec,16,"{""1"": 8, ""2"": 6, ""3"": 5, ""4"": 2, ""5"": 2, ""6"": 10, ""7"": 15, ""8"": 14, ""9"": 7, ""10"": 10, ""11"": 2}"
2087,2087,True,,mpeg4\random\mappings\sample_2087_seed_2087.csv,4.943335527614322,326.08272240168,1.1826807121788812,0,0.0001211597,0.0,424000.0,52000.0,1.9529892272689893,0.001125634058293803,True,vec,16,"{""1"": 4, ""2"": 7, ""3"": 11, ""4"": 2, ""5"": 7, ""6"": 2, ""7"": 0, ""8"": 4, ""9"": 2, ""10"": 12, ""11"": 14}"
2088,2088,True,,mpeg4\random\mappings\sample_2088_seed_2088.csv,5.492272479605932,327.14476991523,1.31809895574591,0,0.0001208923,0.0,500000.0,72000.0,2.2468408212494175,0.0011253863544183282,True,vec,16,"{""1"": 15, ""2"": 6, ""3"": 3, ""4"": 12, ""5"": 6, ""6"": 0, ""7"": 0, ""8"": 12, ""9"": 4, ""10"": 3, ""11"": 6}"
2089,2089,True,,mpeg4\random\mappings\sample_2089_seed_2089.csv,5.674603364016605,327.15387920956,1.3258634827147429,1,0.0001222007,4.599056603773563e-06,672000.0,72000.0,1.3828294180532332,0.0011331596356088992,True,vec,16,"{""1"": 12, ""2"": 3, ""3"": 11, ""4"": 3, ""5"": 2, ""6"": 8, ""7"": 13, ""8"": 5, ""9"": 6, ""10"": 4, ""11"": 3}"
2090,2090,True,,mpeg4\random\mappings\sample_2090_seed_2090.csv,5.332578203907136,327.24681932702,1.2402452253195189,1,0.0001209441,0.004409375,484000.0,72000.0,1.0538910665826047,0.0011259405320105768,True,vec,16,"{""1"": 7, ""2"": 11, ""3"": 4, ""4"": 12, ""5"": 2, ""6"": 6, ""7"": 6, ""8"": 15, ""9"": 15, ""10"": 10, ""11"": 0}"
2091,2091,True,,mpeg4\random\mappings\sample_2091_seed_2091.csv,4.848250844034471,326.57992923569,1.1769961936884665,0,0.0001217676,0.0,544000.0,48000.0,1.2907266796414572,0.0011296823412280524,True,vec,16,"{""1"": 9, ""2"": 12, ""3"": 2, ""4"": 11, ""5"": 15, ""6"": 5, ""7"": 4, ""8"": 2, ""9"": 8, ""10"": 9, ""11"": 4}"
2092,2092,True,,mpeg4\random\mappings\sample_2092_seed_2092.csv,5.4168122200646005,325.896979225,1.2216929421077898,0,0.0001222141,0.0,656000.0,92000.0,1.6986102354650365,0.0011332408297064418,True,vec,16,"{""1"": 13, ""2"": 12, ""3"": 10, ""4"": 6, ""5"": 12, ""6"": 3, ""7"": 12, ""8"": 6, ""9"": 2, ""10"": 5, ""11"": 11}"
2093,2093,True,,mpeg4\random\mappings\sample_2093_seed_2093.csv,5.199393641236251,327.16889912577,1.1214225340462831,1,0.0001220167,0.00040312499999999995,584000.0,64000.0,0.8960006578767029,0.0011312316892970924,True,vec,16,"{""1"": 13, ""2"": 11, ""3"": 12, ""4"": 6, ""5"": 10, ""6"": 5, ""7"": 13, ""8"": 0, ""9"": 4, ""10"": 15, ""11"": 4}"
2094,2094,True,,mpeg4\random\mappings\sample_2094_seed_2094.csv,4.644293587745438,326.42306992327,1.1491474660120513,0,0.0001223677,0.0,380000.0,48000.0,1.2424823880924316,0.0011327865358291926,True,vec,16,"{""1"": 1, ""2"": 9, ""3"": 5, ""4"": 11, ""5"": 2, ""6"": 11, ""7"": 9, ""8"": 0, ""9"": 15, ""10"": 7, ""11"": 12}"
2095,2095,True,,mpeg4\random\mappings\sample_2095_seed_2095.csv,5.582342083322642,327.18897467193,1.2066783739049136,1,0.000123037293,0.000661553030303,500000.0,116000.0,0.803897919464927,0.001137199992379324,True,vec,16,"{""1"": 8, ""2"": 15, ""3"": 3, ""4"": 11, ""5"": 10, ""6"": 9, ""7"": 15, ""8"": 5, ""9"": 14, ""10"": 13, ""11"": 6}"
2096,2096,True,,mpeg4\random\mappings\sample_2096_seed_2096.csv,5.27112119984552,326.9800558154,1.159647796446755,0,0.0001223419,0.0,616000.0,88000.0,1.2907266796414572,0.0011329812235573117,True,vec,16,"{""1"": 0, ""2"": 3, ""3"": 13, ""4"": 6, ""5"": 7, ""6"": 10, ""7"": 0, ""8"": 9, ""9"": 9, ""10"": 1, ""11"": 9}"
2097,2097,True,,mpeg4\random\mappings\sample_2097_seed_2097.csv,5.422863626592992,327.16265999966,1.200571331693008,1,0.0001229799,0.0002125,604000.0,72000.0,1.09336366875908,0.0011370475046560734,True,vec,16,"{""1"": 2, ""2"": 12, ""3"": 7, ""4"": 11, ""5"": 6, ""6"": 5, ""7"": 15, ""8"": 2, ""9"": 2, ""10"": 0, ""11"": 8}"
2098,2098,True,,mpeg4\random\mappings\sample_2098_seed_2098.csv,5.488102953239765,327.15361239904,1.3046424972142632,1,0.0001218677,1.15196078431375e-05,448000.0,64000.0,1.6977330665277817,0.0011308633889084568,True,vec,16,"{""1"": 7, ""2"": 3, ""3"": 12, ""4"": 6, ""5"": 11, ""6"": 1, ""7"": 3, ""8"": 3, ""9"": 6, ""10"": 4, ""11"": 7}"
2099,2099,True,,mpeg4\random\mappings\sample_2099_seed_2099.csv,5.643520628039591,327.27605174767,1.3135731623364775,1,0.000122838,0.005654734848484875,568000.0,88000.0,1.09336366875908,0.0011365827510419102,True,vec,16,"{""1"": 13, ""2"": 6, ""3"": 3, ""4"": 1, ""5"": 0, ""6"": 7, ""7"": 12, ""8"": 12, ""9"": 6, ""10"": 8, ""11"": 8}"
2100,2100,True,,mpeg4\random\mappings\sample_2100_seed_2100.csv,6.027447218459639,327.40887228093,1.2192458051908297,2,0.0001221396,0.017809236111111123,528000.0,84000.0,1.5275622927003099,0.0011325530719903923,True,vec,16,"{""1"": 9, ""2"": 15, ""3"": 2, ""4"": 13, ""5"": 11, ""6"": 1, ""7"": 2, ""8"": 2, ""9"": 6, ""10"": 3, ""11"": 14}"
2101,2101,True,,mpeg4\random\mappings\sample_2101_seed_2101.csv,5.11008398545159,325.93409955848,1.2381728401518355,0,0.0001216987,0.0,484000.0,72000.0,1.7161536142101368,0.00112972610022662,True,vec,16,"{""1"": 11, ""2"": 5, ""3"": 4, ""4"": 4, ""5"": 5, ""6"": 1, ""7"": 6, ""8"": 1, ""9"": 2, ""10"": 14, ""11"": 8}"
2102,2102,True,,mpeg4\random\mappings\sample_2102_seed_2102.csv,5.0107789035770836,326.89974123068,1.1980127443066682,0,0.0001227078,0.0,544000.0,56000.0,1.3959869521120583,0.0011353648041879856,True,vec,16,"{""1"": 9, ""2"": 3, ""3"": 14, ""4"": 13, ""5"": 2, ""6"": 5, ""7"": 3, ""8"": 14, ""9"": 7, ""10"": 0, ""11"": 9}"
2103,2103,True,,mpeg4\random\mappings\sample_2103_seed_2103.csv,5.296029021975058,325.9084634515,1.1467932567046717,0,0.0001334549,0.0,616000.0,72000.0,1.6854527014062115,0.0011942443010335938,True,vec,16,"{""1"": 2, ""2"": 10, ""3"": 1, ""4"": 8, ""5"": 13, ""6"": 2, ""7"": 15, ""8"": 1, ""9"": 15, ""10"": 7, ""11"": 13}"
2104,2104,True,,mpeg4\random\mappings\sample_2104_seed_2104.csv,5.491012796108458,326.81955301513,1.113762342644097,0,0.0001215296,0.0,572000.0,112000.0,1.6679093226611112,0.0011287185916106191,True,vec,16,"{""1"": 5, ""2"": 6, ""3"": 11, ""4"": 5, ""5"": 13, ""6"": 4, ""7"": 5, ""8"": 15, ""9"": 11, ""10"": 15, ""11"": 12}"
2105,2105,True,,mpeg4\random\mappings\sample_2105_seed_2105.csv,5.5906168879458615,327.12334386299,1.253667849057863,0,0.000122233,0.0,760000.0,80000.0,1.742468682327787,0.0011335764175420602,True,vec,16,"{""1"": 4, ""2"": 13, ""3"": 14, ""4"": 2, ""5"": 2, ""6"": 15, ""7"": 1, ""8"": 1, ""9"": 2, ""10"": 0, ""11"": 13}"
2106,2106,True,,mpeg4\random\mappings\sample_2106_seed_2106.csv,5.134783778366869,326.4071667768,1.2305398590119956,0,0.0001220908,0.0,604000.0,88000.0,0.9617883281708286,0.0011323081739079816,True,vec,16,"{""1"": 12, ""2"": 6, ""3"": 6, ""4"": 3, ""5"": 8, ""6"": 4, ""7"": 2, ""8"": 10, ""9"": 1, ""10"": 15, ""11"": 0}"
2107,2107,True,,mpeg4\random\mappings\sample_2107_seed_2107.csv,5.707268218357436,327.2346617481,1.2742175647577545,1,0.0001214018,0.0030849999999999996,516000.0,84000.0,1.6942243907787615,0.0011281377290811418,True,vec,16,"{""1"": 1, ""2"": 6, ""3"": 2, ""4"": 0, ""5"": 3, ""6"": 8, ""7"": 1, ""8"": 8, ""9"": 6, ""10"": 8, ""11"": 12}"
2108,2108,True,,mpeg4\random\mappings\sample_2108_seed_2108.csv,4.562184185964593,325.71607325534,1.090011593875667,0,0.0001220268,0.0,452000.0,56000.0,0.988103396288479,0.0011306770466550547,True,vec,16,"{""1"": 8, ""2"": 5, ""3"": 7, ""4"": 8, ""5"": 9, ""6"": 13, ""7"": 6, ""8"": 11, ""9"": 11, ""10"": 12, ""11"": 4}"
2109,2109,True,,mpeg4\random\mappings\sample_2109_seed_2109.csv,5.06126907854223,326.8444747736,1.2321913570668965,0,0.0001216148,0.0,568000.0,72000.0,1.09336366875908,0.0011294864409600962,True,vec,16,"{""1"": 12, ""2"": 13, ""3"": 10, ""4"": 15, ""5"": 3, ""6"": 6, ""7"": 8, ""8"": 10, ""9"": 12, ""10"": 11, ""11"": 1}"
2110,2110,True,,mpeg4\random\mappings\sample_2110_seed_2110.csv,5.695288260728026,326.29021302789,1.270955458443876,0,0.000127053,0.0,632000.0,120000.0,1.5275622927003099,0.001160102016036128,True,vec,16,"{""1"": 3, ""2"": 7, ""3"": 5, ""4"": 13, ""5"": 5, ""6"": 0, ""7"": 3, ""8"": 15, ""9"": 11, ""10"": 11, ""11"": 15}"
2111,2111,True,,mpeg4\random\mappings\sample_2111_seed_2111.csv,8.535726237855066,328.72800648945,1.3447122568381413,1,0.000133831,0.47230243055555626,452000.0,60000.0,1.9661467613278145,0.0011999408516817972,True,vec,16,"{""1"": 11, ""2"": 15, ""3"": 3, ""4"": 14, ""5"": 7, ""6"": 14, ""7"": 0, ""8"": 11, ""9"": 10, ""10"": 0, ""11"": 14}"
2112,2112,True,,mpeg4\random\mappings\sample_2112_seed_2112.csv,5.732548702273062,326.17454340475,1.3164748660416288,0,0.0001215957,0.0,736000.0,88000.0,2.1985965297003918,0.001130591521515845,True,vec,16,"{""1"": 3, ""2"": 15, ""3"": 1, ""4"": 3, ""5"": 15, ""6"": 15, ""7"": 10, ""8"": 9, ""9"": 7, ""10"": 1, ""11"": 8}"
2113,2113,True,,mpeg4\random\mappings\sample_2113_seed_2113.csv,4.560672138335845,325.86165993028,1.0703245326311694,0,0.0001215548,0.0,452000.0,48000.0,1.180203393547326,0.0011278211240934915,True,vec,16,"{""1"": 0, ""2"": 8, ""3"": 10, ""4"": 2, ""5"": 9, ""6"": 5, ""7"": 11, ""8"": 8, ""9"": 4, ""10"": 3, ""11"": 5}"
2114,2114,True,,mpeg4\random\mappings\sample_2114_seed_2114.csv,5.110708992943518,325.89166572265,1.160318584657714,0,0.0001215476,0.0,416000.0,88000.0,1.7293111482689618,0.0011281879501540096,True,vec,16,"{""1"": 7, ""2"": 6, ""3"": 15, ""4"": 8, ""5"": 1, ""6"": 6, ""7"": 7, ""8"": 14, ""9"": 10, ""10"": 1, ""11"": 7}"
2115,2115,True,,mpeg4\random\mappings\sample_2115_seed_2115.csv,6.0440721287829025,327.67422833492,1.258357413200322,2,0.0001211376,0.11608833202305811,228000.0,44000.0,1.6021216523669854,0.0011269054006652658,True,vec,16,"{""1"": 11, ""2"": 11, ""3"": 6, ""4"": 10, ""5"": 11, ""6"": 5, ""7"": 1, ""8"": 15, ""9"": 9, ""10"": 5, ""11"": 7}"
2116,2116,True,,mpeg4\random\mappings\sample_2116_seed_2116.csv,6.076825179069926,326.29363272468,1.0883555886093514,0,0.0001263917,0.0,400000.0,120000.0,3.659082810229983,0.0011539202729085674,True,vec,16,"{""1"": 4, ""2"": 5, ""3"": 13, ""4"": 15, ""5"": 5, ""6"": 5, ""7"": 5, ""8"": 11, ""9"": 8, ""10"": 8, ""11"": 5}"
2117,2117,True,,mpeg4\random\mappings\sample_2117_seed_2117.csv,5.187757141060692,327.26541065332,1.1579174539092962,1,0.0001224547,0.0097746527777775,464000.0,60000.0,1.0056467750335791,0.0011333058368034105,True,vec,16,"{""1"": 6, ""2"": 15, ""3"": 11, ""4"": 4, ""5"": 13, ""6"": 5, ""7"": 8, ""8"": 14, ""9"": 13, ""10"": 9, ""11"": 4}"
2118,2118,True,,mpeg4\random\mappings\sample_2118_seed_2118.csv,5.427401980402905,327.2315380772,1.2610485860840985,1,0.0001207036,0.000866875,484000.0,64000.0,1.5275622927003099,0.0011240145064610333,True,vec,16,"{""1"": 13, ""2"": 13, ""3"": 14, ""4"": 7, ""5"": 0, ""6"": 1, ""7"": 0, ""8"": 4, ""9"": 6, ""10"": 9, ""11"": 0}"
2119,2119,True,,mpeg4\random\mappings\sample_2119_seed_2119.csv,4.684127853405516,326.15792822309,1.1689581504543667,0,0.0001214036,0.0,476000.0,52000.0,1.07582029001398,0.0011275270824435055,True,vec,16,"{""1"": 5, ""2"": 8, ""3"": 6, ""4"": 1, ""5"": 1, ""6"": 13, ""7"": 14, ""8"": 0, ""9"": 8, ""10"": 9, ""11"": 15}"
2120,2120,True,,mpeg4\random\mappings\sample_2120_seed_2120.csv,5.404641915182651,327.26706537093,1.3095836714699765,1,0.0001216656,0.0089,516000.0,72000.0,0.9179298813080782,0.001130302455759465,True,vec,16,"{""1"": 14, ""2"": 7, ""3"": 4, ""4"": 12, ""5"": 12, ""6"": 8, ""7"": 9, ""8"": 3, ""9"": 10, ""10"": 11, ""11"": 13}"
2121,2121,True,,mpeg4\random\mappings\sample_2121_seed_2121.csv,4.70163944925753,326.20410900047,1.170937498466948,0,0.0001218109,0.0,556000.0,56000.0,0.7863545407198268,0.0011302038177455616,True,vec,16,"{""1"": 5, ""2"": 1, ""3"": 0, ""4"": 11, ""5"": 7, ""6"": 14, ""7"": 3, ""8"": 9, ""9"": 0, ""10"": 6, ""11"": 13}"
2122,2122,True,,mpeg4\random\mappings\sample_2122_seed_2122.csv,5.275087944152692,325.75212389643,1.17530934112957,0,0.0001217237,0.0,576000.0,104000.0,1.4047586414846085,0.0011297871074287722,True,vec,16,"{""1"": 12, ""2"": 14, ""3"": 9, ""4"": 13, ""5"": 3, ""6"": 9, ""7"": 11, ""8"": 6, ""9"": 6, ""10"": 12, ""11"": 2}"
2123,2123,True,,mpeg4\random\mappings\sample_2123_seed_2123.csv,4.752223356674183,326.18271917635,1.1260681620291313,0,0.0001216256,0.0,456000.0,68000.0,1.0407335325237794,0.0011284814380048225,True,vec,16,"{""1"": 13, ""2"": 1, ""3"": 8, ""4"": 0, ""5"": 2, ""6"": 5, ""7"": 1, ""8"": 13, ""9"": 14, ""10"": 6, ""11"": 7}"
2124,2124,True,,mpeg4\random\mappings\sample_2124_seed_2124.csv,4.786244953489528,325.76749310885,1.1677155642155237,0,0.0001214037,0.0,584000.0,64000.0,0.9223157259943532,0.001128050132090975,True,vec,16,"{""1"": 0, ""2"": 1, ""3"": 7, ""4"": 12, ""5"": 2, ""6"": 13, ""7"": 10, ""8"": 4, ""9"": 4, ""10"": 3, ""11"": 10}"
2125,2125,True,,mpeg4\random\mappings\sample_2125_seed_2125.csv,4.928797517204271,326.14911551789,1.086080382742926,0,0.0001227067,0.0,428000.0,68000.0,1.6766810120336613,0.001134430543892969,True,vec,16,"{""1"": 10, ""2"": 1, ""3"": 6, ""4"": 5, ""5"": 1, ""6"": 5, ""7"": 10, ""8"": 15, ""9"": 15, ""10"": 4, ""11"": 7}"
2126,2126,True,,mpeg4\random\mappings\sample_2126_seed_2126.csv,5.374793803474502,327.14337080467,1.240092006068776,0,0.0001219078,0.0,576000.0,72000.0,1.8433431101121132,0.0011312884502805087,True,vec,16,"{""1"": 7, ""2"": 3, ""3"": 3, ""4"": 8, ""5"": 15, ""6"": 5, ""7"": 3, ""8"": 8, ""9"": 13, ""10"": 4, ""11"": 12}"
2127,2127,True,,mpeg4\random\mappings\sample_2127_seed_2127.csv,5.772769038895738,327.15703525583,1.1917551135516853,1,0.0001274277,2.375e-05,472000.0,92000.0,1.8608864888572134,0.0011609103602538214,True,vec,16,"{""1"": 3, ""2"": 10, ""3"": 14, ""4"": 7, ""5"": 7, ""6"": 10, ""7"": 3, ""8"": 5, ""9"": 2, ""10"": 2, ""11"": 2}"
2128,2128,True,,mpeg4\random\mappings\sample_2128_seed_2128.csv,5.132741345427543,325.82231481061,1.2170466372685673,0,0.000127929,0.0,720000.0,72000.0,1.0056467750335791,0.0011644386410033134,True,vec,16,"{""1"": 3, ""2"": 6, ""3"": 10, ""4"": 2, ""5"": 2, ""6"": 15, ""7"": 4, ""8"": 12, ""9"": 1, ""10"": 1, ""11"": 7}"
2129,2129,True,,mpeg4\random\mappings\sample_2129_seed_2129.csv,6.379522231383382,327.48219600021,1.2068418235698122,1,0.0001333269,0.07187625,784000.0,92000.0,1.2644116115238069,0.0011949667110021166,True,vec,16,"{""1"": 4, ""2"": 15, ""3"": 4, ""4"": 0, ""5"": 2, ""6"": 13, ""7"": 7, ""8"": 9, ""9"": 7, ""10"": 1, ""11"": 9}"
2130,2130,True,,mpeg4\random\mappings\sample_2130_seed_2130.csv,5.246628247032858,326.02578298951,1.1696093950987791,0,0.0001216917,0.0,604000.0,88000.0,1.5407198267591349,0.0011296114169672062,True,vec,16,"{""1"": 7, ""2"": 9, ""3"": 14, ""4"": 11, ""5"": 0, ""6"": 9, ""7"": 11, ""8"": 0, ""9"": 4, ""10"": 6, ""11"": 13}"
2131,2131,True,,mpeg4\random\mappings\sample_2131_seed_2131.csv,6.432440870742399,327.27966459042,1.326289241623853,1,0.0001225788,0.005203583333333313,564000.0,120000.0,2.6064800855239714,0.0011352689507542408,True,vec,16,"{""1"": 12, ""2"": 11, ""3"": 12, ""4"": 13, ""5"": 10, ""6"": 12, ""7"": 10, ""8"": 6, ""9"": 8, ""10"": 12, ""11"": 5}"
2132,2132,True,,mpeg4\random\mappings\sample_2132_seed_2132.csv,5.171478584547349,325.87196749845,1.1519624262352501,0,0.0001210817,0.0,560000.0,72000.0,1.913516625092514,0.0011259726024315897,True,vec,16,"{""1"": 14, ""2"": 3, ""3"": 2, ""4"": 8, ""5"": 4, ""6"": 4, ""7"": 1, ""8"": 4, ""9"": 10, ""10"": 11, ""11"": 14}"
2133,2133,True,,mpeg4\random\mappings\sample_2133_seed_2133.csv,5.62750797318505,326.87127561341,1.2865266857550879,0,0.0001219887,0.0,504000.0,132000.0,1.3784435733669582,0.0011319234122656667,True,vec,16,"{""1"": 1, ""2"": 10, ""3"": 2, ""4"": 14, ""5"": 3, ""6"": 1, ""7"": 3, ""8"": 11, ""9"": 13, ""10"": 2, ""11"": 7}"
2134,2134,True,,mpeg4\random\mappings\sample_2134_seed_2134.csv,4.7673421355174845,326.17758095189,1.2280632358020218,0,0.0001213348,0.0,408000.0,48000.0,1.453002933033634,0.0011273183397330399,True,vec,16,"{""1"": 14, ""2"": 10, ""3"": 4, ""4"": 10, ""5"": 4, ""6"": 3, ""7"": 0, ""8"": 13, ""9"": 9, ""10"": 7, ""11"": 9}"
2135,2135,True,,mpeg4\random\mappings\sample_2135_seed_2135.csv,5.695007011492439,327.39527459165,1.2573173630826446,1,0.0001216988,0.036646250000000005,452000.0,68000.0,1.6407170856062059,0.0011295822128497251,True,vec,16,"{""1"": 0, ""2"": 5, ""3"": 11, ""4"": 15, ""5"": 8, ""6"": 4, ""7"": 7, ""8"": 5, ""9"": 8, ""10"": 4, ""11"": 8}"
2136,2136,True,,mpeg4\random\mappings\sample_2136_seed_2136.csv,5.160039013604892,325.82893596767,1.1491621712675806,0,0.000122454,0.0,628000.0,72000.0,1.6679093226611112,0.0011342229149579252,True,vec,16,"{""1"": 5, ""2"": 0, ""3"": 7, ""4"": 1, ""5"": 8, ""6"": 3, ""7"": 8, ""8"": 14, ""9"": 14, ""10"": 7, ""11"": 7}"
2137,2137,True,,mpeg4\random\mappings\sample_2137_seed_2137.csv,4.934736874593568,325.91105680126,1.1471290792056732,0,0.0001213538,0.0,556000.0,72000.0,1.2424823880924316,0.0011274278591855843,True,vec,16,"{""1"": 9, ""2"": 11, ""3"": 7, ""4"": 12, ""5"": 10, ""6"": 12, ""7"": 5, ""8"": 9, ""9"": 2, ""10"": 6, ""11"": 0}"
2138,2138,True,,mpeg4\random\mappings\sample_2138_seed_2138.csv,4.870279461681187,326.40439205219,1.1852232586588944,0,0.0001220188,0.0,380000.0,64000.0,1.461774622406184,0.0011305989515790296,True,vec,16,"{""1"": 11, ""2"": 10, ""3"": 3, ""4"": 6, ""5"": 9, ""6"": 13, ""7"": 6, ""8"": 11, ""9"": 13, ""10"": 9, ""11"": 4}"
2139,2139,True,,mpeg4\random\mappings\sample_2139_seed_2139.csv,4.946664900433319,326.13281409592,1.0940791785520585,0,0.0001321697,0.0,368000.0,60000.0,1.7293111482689618,0.0011857123260722632,True,vec,16,"{""1"": 7, ""2"": 1, ""3"": 9, ""4"": 6, ""5"": 9, ""6"": 1, ""7"": 4, ""8"": 15, ""9"": 4, ""10"": 3, ""11"": 7}"
2140,2140,True,,mpeg4\random\mappings\sample_2140_seed_2140.csv,5.225037720736822,325.94353086556,1.2361837917426288,0,0.0001212197,0.0,456000.0,72000.0,2.1363175351552863,0.0011267142328702424,True,vec,16,"{""1"": 11, ""2"": 11, ""3"": 0, ""4"": 13, ""5"": 8, ""6"": 0, ""7"": 2, ""8"": 11, ""9"": 5, ""10"": 6, ""11"": 8}"
2141,2141,True,,mpeg4\random\mappings\sample_2141_seed_2141.csv,4.87479246444316,326.23321797615,1.2246711154404148,0,0.0001222677,0.0,516000.0,72000.0,0.8828431238178778,0.001132585554406752,True,vec,16,"{""1"": 12, ""2"": 7, ""3"": 9, ""4"": 7, ""5"": 15, ""6"": 1, ""7"": 3, ""8"": 13, ""9"": 4, ""10"": 6, ""11"": 14}"
2142,2142,True,,mpeg4\random\mappings\sample_2142_seed_2142.csv,5.322069975596447,327.12235713314,1.214278982841741,0,0.0001216496,0.0,432000.0,88000.0,1.7942216496258325,0.0011292134250289586,True,vec,16,"{""1"": 5, ""2"": 3, ""3"": 6, ""4"": 5, ""5"": 1, ""6"": 9, ""7"": 5, ""8"": 3, ""9"": 15, ""10"": 9, ""11"": 2}"
2143,2143,True,,mpeg4\random\mappings\sample_2143_seed_2143.csv,5.072865882564394,325.93454480532,1.1499519685135187,0,0.0001227028,0.0,576000.0,88000.0,1.1591513390532058,0.0011348610179850106,True,vec,16,"{""1"": 6, ""2"": 0, ""3"": 14, ""4"": 4, ""5"": 7, ""6"": 2, ""7"": 4, ""8"": 10, ""9"": 12, ""10"": 5, ""11"": 14}"
2144,2144,True,,mpeg4\random\mappings\sample_2144_seed_2144.csv,6.524914026130465,327.57708018241,1.2336156957370568,2,0.0001220868,0.060843125,568000.0,100000.0,1.7073819248375868,0.0011330278112784036,True,vec,16,"{""1"": 13, ""2"": 11, ""3"": 14, ""4"": 4, ""5"": 13, ""6"": 7, ""7"": 4, ""8"": 7, ""9"": 3, ""10"": 14, ""11"": 15}"
2145,2145,True,,mpeg4\random\mappings\sample_2145_seed_2145.csv,5.121722955627589,325.42025944745,1.1328626720857322,0,0.0001280048,0.0,500000.0,96000.0,1.3301992818179327,0.00116371727472058,True,vec,16,"{""1"": 12, ""2"": 1, ""3"": 9, ""4"": 9, ""5"": 4, ""6"": 8, ""7"": 13, ""8"": 13, ""9"": 11, ""10"": 11, ""11"": 10}"
2146,2146,True,,mpeg4\random\mappings\sample_2146_seed_2146.csv,4.889901425027845,326.16070631211,1.1858261705712747,0,0.0001218897,0.0,448000.0,72000.0,1.2293248540336066,0.0011301662888912407,True,vec,16,"{""1"": 5, ""2"": 10, ""3"": 1, ""4"": 8, ""5"": 0, ""6"": 5, ""7"": 13, ""8"": 14, ""9"": 14, ""10"": 0, ""11"": 9}"
2147,2147,True,,mpeg4\random\mappings\sample_2147_seed_2147.csv,5.726279559609468,327.28990585847,1.1924320257809988,1,0.0001222029,0.011409,580000.0,72000.0,1.8477289547983882,0.0011328851438792559,True,vec,16,"{""1"": 5, ""2"": 11, ""3"": 15, ""4"": 1, ""5"": 13, ""6"": 1, ""7"": 14, ""8"": 13, ""9"": 11, ""10"": 6, ""11"": 11}"
2148,2148,True,,mpeg4\random\mappings\sample_2148_seed_2148.csv,4.946954121083168,326.48539799952,1.1712571812492678,0,0.0001213241,0.0,564000.0,64000.0,1.2117814752885063,0.0011274312804925547,True,vec,16,"{""1"": 12, ""2"": 2, ""3"": 5, ""4"": 10, ""5"": 8, ""6"": 4, ""7"": 4, ""8"": 8, ""9"": 15, ""10"": 3, ""11"": 0}"
2149,2149,True,,mpeg4\random\mappings\sample_2149_seed_2149.csv,6.255937134635569,327.31279355501,1.3395030939923738,1,0.0001209878,0.005306875,496000.0,72000.0,3.3871604396809296,0.0011264998607820275,True,vec,16,"{""1"": 0, ""2"": 8, ""3"": 0, ""4"": 8, ""5"": 8, ""6"": 8, ""7"": 6, ""8"": 5, ""9"": 7, ""10"": 3, ""11"": 5}"
2150,2150,True,,mpeg4\random\mappings\sample_2150_seed_2150.csv,5.324759016933437,325.97831627059,1.190394489038278,0,0.0001269089,0.0,588000.0,80000.0,1.7731695951317124,0.0011585563835384625,True,vec,16,"{""1"": 12, ""2"": 10, ""3"": 10, ""4"": 12, ""5"": 13, ""6"": 9, ""7"": 12, ""8"": 11, ""9"": 3, ""10"": 3, ""11"": 0}"
2151,2151,True,,mpeg4\random\mappings\sample_2151_seed_2151.csv,5.0105436920537745,326.38703505055,1.0937578718915069,0,0.0001322537,0.0,476000.0,72000.0,1.2687974562100819,0.001186840712635304,True,vec,16,"{""1"": 9, ""2"": 14, ""3"": 13, ""4"": 4, ""5"": 4, ""6"": 2, ""7"": 10, ""8"": 3, ""9"": 10, ""10"": 2, ""11"": 6}"
2152,2152,True,,mpeg4\random\mappings\sample_2152_seed_2152.csv,5.4126584239085584,326.80883788759,1.2892744345283236,0,0.000122131,0.0,792000.0,64000.0,1.5319481373865849,0.0011335800548955893,True,vec,16,"{""1"": 15, ""2"": 7, ""3"": 9, ""4"": 13, ""5"": 15, ""6"": 0, ""7"": 14, ""8"": 9, ""9"": 8, ""10"": 15, ""11"": 5}"
2153,2153,True,,mpeg4\random\mappings\sample_2153_seed_2153.csv,5.114243363604027,326.03047005927,1.1988581301140195,0,0.0001229498,0.0,476000.0,56000.0,2.1240371700337164,0.001136354426209571,True,vec,16,"{""1"": 3, ""2"": 0, ""3"": 8, ""4"": 8, ""5"": 15, ""6"": 6, ""7"": 8, ""8"": 6, ""9"": 7, ""10"": 4, ""11"": 7}"
2154,2154,True,,mpeg4\random\mappings\sample_2154_seed_2154.csv,5.6049757736927015,325.98849146181,1.3294617163834421,0,0.0001268663,0.0,460000.0,104000.0,2.0670211891121406,0.0011584904380080845,True,vec,16,"{""1"": 14, ""2"": 15, ""3"": 13, ""4"": 14, ""5"": 3, ""6"": 15, ""7"": 6, ""8"": 4, ""9"": 15, ""10"": 15, ""11"": 1}"
2155,2155,True,,mpeg4\random\mappings\sample_2155_seed_2155.csv,6.2336783623004655,327.31832057172,1.22454732124256,1,0.0001218178,0.004523125,720000.0,120000.0,1.8696581782297634,0.0011306586531289176,True,vec,16,"{""1"": 0, ""2"": 7, ""3"": 14, ""4"": 5, ""5"": 7, ""6"": 0, ""7"": 9, ""8"": 13, ""9"": 12, ""10"": 13, ""11"": 7}"
2156,2156,True,,mpeg4\random\mappings\sample_2156_seed_2156.csv,4.834437527710211,326.27703696429,1.2226652187206999,0,0.0001216037,0.0,508000.0,72000.0,0.803897919464927,0.001129275400241635,True,vec,16,"{""1"": 13, ""2"": 6, ""3"": 7, ""4"": 0, ""5"": 15, ""6"": 14, ""7"": 6, ""8"": 12, ""9"": 9, ""10"": 11, ""11"": 3}"
2157,2157,True,,mpeg4\random\mappings\sample_2157_seed_2157.csv,5.7135603176324805,327.23907545873,1.2041848571355196,1,0.0001224757,0.005679861111111125,520000.0,120000.0,0.9617883281708286,0.0011344757767865602,True,vec,16,"{""1"": 11, ""2"": 12, ""3"": 5, ""4"": 13, ""5"": 7, ""6"": 10, ""7"": 7, ""8"": 8, ""9"": 15, ""10"": 3, ""11"": 3}"
2158,2158,True,,mpeg4\random\mappings\sample_2158_seed_2158.csv,5.027376945750185,326.39465777471,1.267722765505102,0,0.0001223638,0.0,456000.0,60000.0,1.6021216523669854,0.0011333893422837565,True,vec,16,"{""1"": 14, ""2"": 8, ""3"": 4, ""4"": 12, ""5"": 15, ""6"": 8, ""7"": 11, ""8"": 10, ""9"": 7, ""10"": 8, ""11"": 15}"
2159,2159,True,,mpeg4\random\mappings\sample_2159_seed_2159.csv,4.968626458938773,325.93299768219,1.2166326034962194,0,0.0001227939,0.0,516000.0,72000.0,1.2380965434061566,0.0011355932023848381,True,vec,16,"{""1"": 10, ""2"": 1, ""3"": 3, ""4"": 14, ""5"": 1, ""6"": 0, ""7"": 10, ""8"": 9, ""9"": 4, ""10"": 9, ""11"": 5}"
2160,2160,True,,mpeg4\random\mappings\sample_2160_seed_2160.csv,4.92822190981354,327.05193842132,1.1779441618588748,0,0.0001222937,0.0,436000.0,64000.0,1.2863408349551821,0.0011324822106416111,True,vec,16,"{""1"": 9, ""2"": 13, ""3"": 4, ""4"": 9, ""5"": 14, ""6"": 5, ""7"": 0, ""8"": 15, ""9"": 6, ""10"": 4, ""11"": 15}"
2161,2161,True,,mpeg4\random\mappings\sample_2161_seed_2161.csv,5.809951749840837,326.39812098921,1.2677601258394025,0,0.0001279809,0.0,752000.0,120000.0,1.470546311778734,0.0011655391421909757,True,vec,16,"{""1"": 3, ""2"": 8, ""3"": 10, ""4"": 14, ""5"": 8, ""6"": 0, ""7"": 8, ""8"": 13, ""9"": 7, ""10"": 7, ""11"": 4}"
2162,2162,True,,mpeg4\random\mappings\sample_2162_seed_2162.csv,5.494718162370803,327.34392417651,1.1638829707058105,1,0.0001212196,0.0205159722222225,380000.0,80000.0,1.4880896905238343,0.0011265558711290066,True,vec,16,"{""1"": 13, ""2"": 12, ""3"": 13, ""4"": 10, ""5"": 5, ""6"": 6, ""7"": 10, ""8"": 8, ""9"": 14, ""10"": 9, ""11"": 6}"
2163,2163,True,,mpeg4\random\mappings\sample_2163_seed_2163.csv,5.430204747458324,325.99566163881,1.1710390594171567,0,0.0001224749,0.0,520000.0,120000.0,1.54510567144541,0.0011338577855417704,True,vec,16,"{""1"": 14, ""2"": 9, ""3"": 6, ""4"": 13, ""5"": 11, ""6"": 12, ""7"": 6, ""8"": 13, ""9"": 11, ""10"": 9, ""11"": 5}"
2164,2164,True,,mpeg4\random\mappings\sample_2164_seed_2164.csv,5.57398973763384,327.39100744499,1.1306062192939232,1,0.0001216488,0.0198925,468000.0,60000.0,1.9793042953866395,0.0011292060133286815,True,vec,16,"{""1"": 9, ""2"": 4, ""3"": 6, ""4"": 6, ""5"": 5, ""6"": 14, ""7"": 5, ""8"": 6, ""9"": 15, ""10"": 7, ""11"": 0}"
2165,2165,True,,mpeg4\random\mappings\sample_2165_seed_2165.csv,5.428245905745482,326.40686001269,1.283160751448329,0,0.0001214038,0.0,588000.0,80000.0,1.926674159151339,0.0011285618827955183,True,vec,16,"{""1"": 15, ""2"": 14, ""3"": 5, ""4"": 0, ""5"": 1, ""6"": 0, ""7"": 6, ""8"": 5, ""9"": 15, ""10"": 0, ""11"": 8}"
2166,2166,True,,mpeg4\random\mappings\sample_2166_seed_2166.csv,5.8030741629190175,326.34200046319,1.150617256403505,0,0.0001221157,0.0,736000.0,156000.0,1.1591513390532058,0.0011326988772176816,True,vec,16,"{""1"": 4, ""2"": 3, ""3"": 12, ""4"": 14, ""5"": 6, ""6"": 4, ""7"": 6, ""8"": 5, ""9"": 13, ""10"": 15, ""11"": 11}"
2167,2167,True,,mpeg4\random\mappings\sample_2167_seed_2167.csv,4.776167103573711,326.0752467441,1.2083704236542967,0,0.0001225099,0.0,520000.0,56000.0,1.0275759984649544,0.001134099386946916,True,vec,16,"{""1"": 3, ""2"": 13, ""3"": 15, ""4"": 4, ""5"": 11, ""6"": 6, ""7"": 12, ""8"": 0, ""9"": 9, ""10"": 3, ""11"": 3}"
2168,2168,True,,mpeg4\random\mappings\sample_2168_seed_2168.csv,5.636003547461378,327.29912325373,1.1504398914087486,1,0.0001322198,0.008418181818181875,532000.0,80000.0,1.3301992818179327,0.0011869615106388967,True,vec,16,"{""1"": 3, ""2"": 3, ""3"": 9, ""4"": 10, ""5"": 5, ""6"": 11, ""7"": 13, ""8"": 9, ""9"": 13, ""10"": 1, ""11"": 2}"
2169,2169,True,,mpeg4\random\mappings\sample_2169_seed_2169.csv,4.756441769008039,326.18991708989,1.2940204761927194,0,0.0001216801,0.0,428000.0,56000.0,1.0275759984649544,0.0011296744673778487,True,vec,16,"{""1"": 10, ""2"": 4, ""3"": 0, ""4"": 8, ""5"": 15, ""6"": 14, ""7"": 14, ""8"": 5, ""9"": 10, ""10"": 3, ""11"": 6}"
2170,2170,True,,mpeg4\random\mappings\sample_2170_seed_2170.csv,5.371338775631339,325.93015388801,1.1660552970716807,0,0.0001327768,0.0,480000.0,72000.0,2.2424549765631423,0.0011895746124825875,True,vec,16,"{""1"": 13, ""2"": 9, ""3"": 3, ""4"": 9, ""5"": 1, ""6"": 9, ""7"": 0, ""8"": 3, ""9"": 0, ""10"": 12, ""11"": 14}"
2171,2171,True,,mpeg4\random\mappings\sample_2171_seed_2171.csv,5.44680367452749,326.41589403325,1.2883629457899821,0,0.0001219356,0.0,680000.0,88000.0,1.5179134343905047,0.0011314746087784234,True,vec,16,"{""1"": 7, ""2"": 12, ""3"": 6, ""4"": 3, ""5"": 3, ""6"": 4, ""7"": 0, ""8"": 12, ""9"": 12, ""10"": 5, ""11"": 9}"
2172,2172,True,,mpeg4\random\mappings\sample_2172_seed_2172.csv,5.567981869871292,327.30611839363,1.3254067582208704,1,0.0001216987,0.0034571874999999998,528000.0,72000.0,1.3872152627395082,0.0011306205364568017,True,vec,16,"{""1"": 5, ""2"": 8, ""3"": 12, ""4"": 1, ""5"": 8, ""6"": 15, ""7"": 10, ""8"": 0, ""9"": 14, ""10"": 1, ""11"": 12}"
2173,2173,True,,mpeg4\random\mappings\sample_2173_seed_2173.csv,5.197547512393872,326.23646055976,1.2600895906021332,0,0.0001217748,0.0,548000.0,92000.0,1.1986239412296813,0.0011304985235844832,True,vec,16,"{""1"": 7, ""2"": 13, ""3"": 13, ""4"": 1, ""5"": 2, ""6"": 3, ""7"": 0, ""8"": 15, ""9"": 14, ""10"": 6, ""11"": 15}"
2174,2174,True,,mpeg4\random\mappings\sample_2174_seed_2174.csv,5.328410508038828,326.06091385627,1.1372765611784503,0,0.0001268256,0.0,476000.0,136000.0,0.9179298813080782,0.0011572546771740032,True,vec,16,"{""1"": 1, ""2"": 0, ""3"": 8, ""4"": 6, ""5"": 9, ""6"": 2, ""7"": 4, ""8"": 7, ""9"": 1, ""10"": 1, ""11"": 15}"
2175,2175,True,,mpeg4\random\mappings\sample_2175_seed_2175.csv,5.230724925775127,326.89332573309,1.2649051010878105,0,0.0001226699,0.0,508000.0,96000.0,1.071434445327705,0.0011356574772029937,True,vec,16,"{""1"": 11, ""2"": 5, ""3"": 2, ""4"": 1, ""5"": 7, ""6"": 11, ""7"": 4, ""8"": 12, ""9"": 3, ""10"": 7, ""11"": 9}"
2176,2176,True,,mpeg4\random\mappings\sample_2176_seed_2176.csv,6.154483139894407,327.48516676165,1.3642362178857808,2,0.0001216477,0.06661062499999999,452000.0,72000.0,1.2687974562100819,0.0011304786210446758,True,vec,16,"{""1"": 5, ""2"": 2, ""3"": 15, ""4"": 11, ""5"": 11, ""6"": 8, ""7"": 0, ""8"": 3, ""9"": 5, ""10"": 8, ""11"": 10}"
2177,2177,True,,mpeg4\random\mappings\sample_2177_seed_2177.csv,5.13550237287268,326.40632501552,1.2576995878904231,0,0.0001219207,0.0,480000.0,80000.0,1.4266878649159838,0.001130853141543662,True,vec,16,"{""1"": 1, ""2"": 9, ""3"": 0, ""4"": 5, ""5"": 12, ""6"": 4, ""7"": 9, ""8"": 12, ""9"": 5, ""10"": 1, ""11"": 7}"
2178,2178,True,,mpeg4\random\mappings\sample_2178_seed_2178.csv,6.002721583920192,327.37176019032,1.2237019494848616,1,0.0001270519,0.025727083333333126,616000.0,88000.0,1.6854527014062115,0.0011597183734278987,True,vec,16,"{""1"": 1, ""2"": 14, ""3"": 6, ""4"": 10, ""5"": 8, ""6"": 8, ""7"": 8, ""8"": 15, ""9"": 2, ""10"": 2, ""11"": 12}"
2179,2179,True,,mpeg4\random\mappings\sample_2179_seed_2179.csv,5.319690939262405,326.6061731171,1.2328298085306546,0,0.0001217607,0.0,452000.0,96000.0,1.6635234779748362,0.0011299335528478654,True,vec,16,"{""1"": 11, ""2"": 15, ""3"": 7, ""4"": 2, ""5"": 2, ""6"": 11, ""7"": 9, ""8"": 10, ""9"": 12, ""10"": 7, ""11"": 9}"
2180,2180,True,,mpeg4\random\mappings\sample_2180_seed_2180.csv,5.518061757848644,327.13641826306,1.1988552544566204,0,0.0001214517,0.0,644000.0,116000.0,1.181080562484581,0.0011290533896850304,True,vec,16,"{""1"": 5, ""2"": 1, ""3"": 10, ""4"": 10, ""5"": 3, ""6"": 0, ""7"": 2, ""8"": 12, ""9"": 11, ""10"": 3, ""11"": 15}"
2181,2181,True,,mpeg4\random\mappings\sample_2181_seed_2181.csv,5.527554309338118,326.13435199716,1.2450280972338301,0,0.0001328737,0.0,600000.0,92000.0,1.6722951673473863,0.0011910076639046535,True,vec,16,"{""1"": 4, ""2"": 15, ""3"": 11, ""4"": 4, ""5"": 15, ""6"": 0, ""7"": 8, ""8"": 0, ""9"": 8, ""10"": 13, ""11"": 2}"
2182,2182,True,,mpeg4\random\mappings\sample_2182_seed_2182.csv,5.260611621373762,326.41432346393,1.2237112179565404,0,0.0001226348,0.0,628000.0,96000.0,1.0670486006414297,0.0011353793589014248,True,vec,16,"{""1"": 8, ""2"": 11, ""3"": 1, ""4"": 8, ""5"": 12, ""6"": 7, ""7"": 14, ""8"": 14, ""9"": 9, ""10"": 3, ""11"": 13}"
2183,2183,True,,mpeg4\random\mappings\sample_2183_seed_2183.csv,5.671258302879864,326.99447752618,1.423286456466392,0,0.0001213517,0.0,592000.0,80000.0,2.1240371700337164,0.00112889050968468,True,vec,16,"{""1"": 15, ""2"": 3, ""3"": 8, ""4"": 0, ""5"": 0, ""6"": 0, ""7"": 8, ""8"": 6, ""9"": 12, ""10"": 5, ""11"": 1}"
2184,2184,True,,mpeg4\random\mappings\sample_2184_seed_2184.csv,5.1763476069537475,326.17978010532,1.2156871735958197,0,0.0001222008,0.0,568000.0,96000.0,1.09336366875908,0.0011328027673519917,True,vec,16,"{""1"": 1, ""2"": 6, ""3"": 2, ""4"": 0, ""5"": 8, ""6"": 7, ""7"": 9, ""8"": 2, ""9"": 14, ""10"": 10, ""11"": 14}"
2185,2185,True,,mpeg4\random\mappings\sample_2185_seed_2185.csv,5.715007940796677,327.52749961157,1.3350269707319595,1,0.0001221618,0.03553888888888875,640000.0,64000.0,1.0705572763904498,0.0011335145687051784,True,vec,16,"{""1"": 8, ""2"": 3, ""3"": 5, ""4"": 7, ""5"": 15, ""6"": 0, ""7"": 9, ""8"": 3, ""9"": 6, ""10"": 0, ""11"": 12}"
2186,2186,True,,mpeg4\random\mappings\sample_2186_seed_2186.csv,5.02830721293518,326.29841753653,1.1914986854758383,0,0.0001219397,0.0,644000.0,64000.0,1.2161673199747813,0.001131490789325878,True,vec,16,"{""1"": 3, ""2"": 9, ""3"": 8, ""4"": 7, ""5"": 1, ""6"": 15, ""7"": 10, ""8"": 7, ""9"": 7, ""10"": 5, ""11"": 12}"
2187,2187,True,,mpeg4\random\mappings\sample_2187_seed_2187.csv,4.753513539499536,325.42169338804,1.10199223927876,0,0.0001212736,0.0,448000.0,72000.0,1.2687974562100819,0.0011266446546770322,True,vec,16,"{""1"": 3, ""2"": 11, ""3"": 9, ""4"": 5, ""5"": 9, ""6"": 1, ""7"": 5, ""8"": 2, ""9"": 7, ""10"": 10, ""11"": 4}"
2188,2188,True,,mpeg4\random\mappings\sample_2188_seed_2188.csv,5.582246968722595,327.37708225681,1.261356068817548,1,0.0001217127,0.017670833333333125,576000.0,88000.0,0.8302129875825772,0.0011306725352549626,True,vec,16,"{""1"": 9, ""2"": 10, ""3"": 15, ""4"": 12, ""5"": 5, ""6"": 0, ""7"": 5, ""8"": 7, ""9"": 14, ""10"": 4, ""11"": 3}"
2189,2189,True,,mpeg4\random\mappings\sample_2189_seed_2189.csv,4.711640990680241,326.16020127569,1.1308597086806642,0,0.0001227527,0.0,472000.0,48000.0,1.2907266796414572,0.0011346402935486562,True,vec,16,"{""1"": 2, ""2"": 15, ""3"": 9, ""4"": 14, ""5"": 12, ""6"": 6, ""7"": 1, ""8"": 6, ""9"": 4, ""10"": 10, ""11"": 9}"
2190,2190,True,,mpeg4\random\mappings\sample_2190_seed_2190.csv,5.645780741989129,325.6648764924,1.1628040527006183,0,0.000142102,0.0,592000.0,92000.0,2.03193443162194,0.0012390702787151544,True,vec,16,"{""1"": 11, ""2"": 1, ""3"": 13, ""4"": 13, ""5"": 13, ""6"": 15, ""7"": 4, ""8"": 7, ""9"": 9, ""10"": 10, ""11"": 1}"
2191,2191,True,,mpeg4\random\mappings\sample_2191_seed_2191.csv,4.954884163897413,326.86576508129,1.3277795922779565,0,0.0001223156,0.0,504000.0,72000.0,0.7249527151119761,0.0011336860701856742,True,vec,16,"{""1"": 5, ""2"": 11, ""3"": 3, ""4"": 6, ""5"": 8, ""6"": 15, ""7"": 14, ""8"": 7, ""9"": 12, ""10"": 11, ""11"": 10}"
2192,2192,True,,mpeg4\random\mappings\sample_2192_seed_2192.csv,5.330642971293459,325.97011442458,1.1501013072452155,0,0.0001223138,0.0,556000.0,112000.0,1.4047586414846085,0.0011331278084656248,True,vec,16,"{""1"": 11, ""2"": 6, ""3"": 9, ""4"": 13, ""5"": 15, ""6"": 9, ""7"": 2, ""8"": 0, ""9"": 6, ""10"": 14, ""11"": 14}"
2193,2193,True,,mpeg4\random\mappings\sample_2193_seed_2193.csv,6.208867694085611,327.45112333233,1.1927474410786463,1,0.0001224517,0.0420027777777775,640000.0,96000.0,1.9705326060140895,0.0011345966001678057,True,vec,16,"{""1"": 2, ""2"": 12, ""3"": 0, ""4"": 2, ""5"": 10, ""6"": 5, ""7"": 2, ""8"": 8, ""9"": 5, ""10"": 15, ""11"": 5}"
2194,2194,True,,mpeg4\random\mappings\sample_2194_seed_2194.csv,5.946894381643645,327.59589510485,1.218220316782213,2,0.0001275307,0.0448784027777775,416000.0,72000.0,1.2030097859159563,0.0011619709105989793,True,vec,16,"{""1"": 12, ""2"": 4, ""3"": 5, ""4"": 11, ""5"": 6, ""6"": 1, ""7"": 0, ""8"": 8, ""9"": 6, ""10"": 6, ""11"": 0}"
2195,2195,True,,mpeg4\random\mappings\sample_2195_seed_2195.csv,5.113516556186765,326.52618819673,1.1330863015896635,0,0.0001212576,0.0,524000.0,72000.0,1.6854527014062115,0.001126636416697434,True,vec,16,"{""1"": 7, ""2"": 3, ""3"": 10, ""4"": 4, ""5"": 14, ""6"": 10, ""7"": 9, ""8"": 12, ""9"": 8, ""10"": 4, ""11"": 4}"
2196,2196,True,,mpeg4\random\mappings\sample_2196_seed_2196.csv,5.21556292516868,325.76196223447,1.2031197934961768,0,0.000132933,0.0,692000.0,88000.0,0.8302129875825772,0.0011916214773148785,True,vec,16,"{""1"": 3, ""2"": 11, ""3"": 14, ""4"": 6, ""5"": 0, ""6"": 12, ""7"": 2, ""8"": 1, ""9"": 2, ""10"": 5, ""11"": 5}"
2197,2197,True,,mpeg4\random\mappings\sample_2197_seed_2197.csv,5.17253076811785,325.70505484283,1.1312122037396248,0,0.0001220919,0.0,548000.0,92000.0,1.5582632055042351,0.0011313678784232856,True,vec,16,"{""1"": 2, ""2"": 0, ""3"": 4, ""4"": 11, ""5"": 9, ""6"": 8, ""7"": 7, ""8"": 11, ""9"": 1, ""10"": 9, ""11"": 11}"
2198,2198,True,,mpeg4\random\mappings\sample_2198_seed_2198.csv,5.2656802074432125,326.47848920019,1.2566526810405962,0,0.0001224149,0.0,480000.0,72000.0,1.9398316932101642,0.0011334331825135595,True,vec,16,"{""1"": 0, ""2"": 2, ""3"": 5, ""4"": 2, ""5"": 4, ""6"": 11, ""7"": 4, ""8"": 1, ""9"": 2, ""10"": 12, ""11"": 4}"
2199,2199,True,,mpeg4\random\mappings\sample_2199_seed_2199.csv,5.183344705489223,326.42642094843,1.3303480508495367,0,0.000121795,0.0,408000.0,64000.0,1.9573750719552643,0.001130303096650725,True,vec,16,"{""1"": 3, ""2"": 2, ""3"": 3, ""4"": 6, ""5"": 7, ""6"": 8, ""7"": 3, ""8"": 6, ""9"": 0, ""10"": 8, ""11"": 11}"
2200,2200,True,,mpeg4\random\mappings\sample_2200_seed_2200.csv,5.034554329304606,325.93437359569,1.1845364025981144,0,0.0001217137,0.0,464000.0,80000.0,1.4924755352101093,0.0011293678373806395,True,vec,16,"{""1"": 10, ""2"": 3, ""3"": 7, ""4"": 7, ""5"": 2, ""6"": 10, ""7"": 13, ""8"": 12, ""9"": 3, ""10"": 8, ""11"": 15}"
2201,2201,True,,mpeg4\random\mappings\sample_2201_seed_2201.csv,5.033868689107584,326.05863473509,1.2651082595104324,0,0.0001217589,0.0,420000.0,64000.0,1.7556262163866123,0.0011296432105796302,True,vec,16,"{""1"": 5, ""2"": 13, ""3"": 13, ""4"": 1, ""5"": 3, ""6"": 15, ""7"": 8, ""8"": 4, ""9"": 13, ""10"": 15, ""11"": 5}"
2202,2202,True,,mpeg4\random\mappings\sample_2202_seed_2202.csv,5.436568699238995,326.20333664188,1.3282360227802208,0,0.0001208076,0.0,312000.0,80000.0,2.681039445190647,0.0011237165635003482,True,vec,16,"{""1"": 0, ""2"": 2, ""3"": 2, ""4"": 4, ""5"": 8, ""6"": 8, ""7"": 12, ""8"": 4, ""9"": 4, ""10"": 5, ""11"": 4}"
2203,2203,True,,mpeg4\random\mappings\sample_2203_seed_2203.csv,5.02575157253846,326.23148870384,1.24488568582739,0,0.0001214516,0.0,516000.0,72000.0,1.2951125243277322,0.0011285397530552644,True,vec,16,"{""1"": 9, ""2"": 12, ""3"": 4, ""4"": 3, ""5"": 12, ""6"": 7, ""7"": 11, ""8"": 1, ""9"": 3, ""10"": 13, ""11"": 1}"
2204,2204,True,,mpeg4\random\mappings\sample_2204_seed_2204.csv,4.765210154544617,326.83199025116,1.15211321524831,0,0.0001217948,0.0,484000.0,56000.0,1.0144184644061292,0.0011299166489099938,True,vec,16,"{""1"": 1, ""2"": 2, ""3"": 10, ""4"": 2, ""5"": 4, ""6"": 13, ""7"": 11, ""8"": 8, ""9"": 15, ""10"": 1, ""11"": 6}"
2205,2205,True,,mpeg4\random\mappings\sample_2205_seed_2205.csv,5.502558354196276,325.83720292956,1.1734455599779599,0,0.0001322978,0.0,660000.0,88000.0,1.7950988185630876,0.0011876798609580536,True,vec,16,"{""1"": 3, ""2"": 10, ""3"": 6, ""4"": 12, ""5"": 3, ""6"": 10, ""7"": 12, ""8"": 4, ""9"": 12, ""10"": 0, ""11"": 14}"
2206,2206,True,,mpeg4\random\mappings\sample_2206_seed_2206.csv,6.312996767689104,327.59007037852,1.1719627497427145,1,0.0001211037,0.05548333333333312,468000.0,112000.0,2.2073682190729422,0.0011265295581062962,True,vec,16,"{""1"": 14, ""2"": 13, ""3"": 7, ""4"": 14, ""5"": 7, ""6"": 9, ""7"": 4, ""8"": 4, ""9"": 14, ""10"": 7, ""11"": 12}"
2207,2207,True,,mpeg4\random\mappings\sample_2207_seed_2207.csv,4.767554539610872,325.92464326745,1.1975343523444457,0,0.0001223309,0.0,464000.0,64000.0,1.0495052218963297,0.0011327065178455785,True,vec,16,"{""1"": 8, ""2"": 10, ""3"": 4, ""4"": 2, ""5"": 0, ""6"": 13, ""7"": 2, ""8"": 7, ""9"": 9, ""10"": 13, ""11"": 12}"
2208,2208,True,,mpeg4\random\mappings\sample_2208_seed_2208.csv,5.219764686611486,326.97291184503,1.1534596153997025,0,0.0001214036,0.0,452000.0,80000.0,1.8170280419944629,0.0011275102708596496,True,vec,16,"{""1"": 3, ""2"": 6, ""3"": 14, ""4"": 1, ""5"": 5, ""6"": 6, ""7"": 2, ""8"": 0, ""9"": 3, ""10"": 0, ""11"": 6}"
2209,2209,True,,mpeg4\random\mappings\sample_2209_seed_2209.csv,5.013829020336964,326.06438350182,1.1985312905675172,0,0.0001225739,0.0,636000.0,64000.0,1.2293248540336066,0.0011351885502448745,True,vec,16,"{""1"": 2, ""2"": 14, ""3"": 4, ""4"": 1, ""5"": 11, ""6"": 7, ""7"": 8, ""8"": 13, ""9"": 11, ""10"": 14, ""11"": 7}"
2210,2210,True,,mpeg4\random\mappings\sample_2210_seed_2210.csv,5.438463965700568,327.13721031642,1.250078436157534,0,0.0001210428,0.0,596000.0,72000.0,1.9793042953866395,0.0011270867793257164,True,vec,16,"{""1"": 3, ""2"": 11, ""3"": 11, ""4"": 3, ""5"": 11, ""6"": 5, ""7"": 14, ""8"": 12, ""9"": 7, ""10"": 15, ""11"": 9}"
2211,2211,True,,mpeg4\random\mappings\sample_2211_seed_2211.csv,5.2461580696061425,325.82884000297,1.2131687352928193,0,0.000132311,0.0,704000.0,72000.0,1.2249390093473316,0.001188287996741339,True,vec,16,"{""1"": 0, ""2"": 11, ""3"": 11, ""4"": 10, ""5"": 5, ""6"": 15, ""7"": 4, ""8"": 6, ""9"": 14, ""10"": 4, ""11"": 14}"
2212,2212,True,,mpeg4\random\mappings\sample_2212_seed_2212.csv,5.150659347068445,325.62796400799,1.1154863994549167,0,0.0001212088,0.0,464000.0,76000.0,2.1722814615827417,0.0011263272444697343,True,vec,16,"{""1"": 6, ""2"": 6, ""3"": 2, ""4"": 13, ""5"": 8, ""6"": 13, ""7"": 1, ""8"": 13, ""9"": 2, ""10"": 14, ""11"": 11}"
2213,2213,True,,mpeg4\random\mappings\sample_2213_seed_2213.csv,5.9114269159264,327.39274241426,1.1760115794205392,1,0.000133389,0.027849305555555624,596000.0,108000.0,0.8740714344453278,0.0011940368252954514,True,vec,16,"{""1"": 9, ""2"": 12, ""3"": 4, ""4"": 14, ""5"": 11, ""6"": 8, ""7"": 3, ""8"": 5, ""9"": 14, ""10"": 3, ""11"": 13}"
2214,2214,True,,mpeg4\random\mappings\sample_2214_seed_2214.csv,5.342445712574094,325.94417312553,1.1607594709716955,0,0.000122428,0.0,752000.0,80000.0,1.6108933417395357,0.0011340480473801845,True,vec,16,"{""1"": 8, ""2"": 14, ""3"": 4, ""4"": 4, ""5"": 7, ""6"": 13, ""7"": 3, ""8"": 3, ""9"": 11, ""10"": 8, ""11"": 14}"
2215,2215,True,,mpeg4\random\mappings\sample_2215_seed_2215.csv,5.047471747275696,326.00496096086,1.1720842192944325,0,0.0001215509,0.0,560000.0,72000.0,1.461774622406184,0.0011285911717211104,True,vec,16,"{""1"": 7, ""2"": 6, ""3"": 14, ""4"": 2, ""5"": 11, ""6"": 11, ""7"": 12, ""8"": 13, ""9"": 14, ""10"": 1, ""11"": 13}"
2216,2216,True,,mpeg4\random\mappings\sample_2216_seed_2216.csv,5.671258923980394,325.82885992638,1.1340178217081132,0,0.0001272138,0.0,572000.0,156000.0,1.2424823880924316,0.0011597819737323742,True,vec,16,"{""1"": 10, ""2"": 5, ""3"": 4, ""4"": 14, ""5"": 11, ""6"": 8, ""7"": 7, ""8"": 13, ""9"": 11, ""10"": 11, ""11"": 5}"
2217,2217,True,,mpeg4\random\mappings\sample_2217_seed_2217.csv,4.830866624272595,326.33121464814,1.0788178464902902,0,0.0001277669,0.0,524000.0,80000.0,0.6547792001315753,0.0011620046976391913,True,vec,16,"{""1"": 5, ""2"": 8, ""3"": 2, ""4"": 13, ""5"": 10, ""6"": 11, ""7"": 7, ""8"": 3, ""9"": 4, ""10"": 4, ""11"": 6}"
2218,2218,True,,mpeg4\random\mappings\sample_2218_seed_2218.csv,5.149427476450205,325.72315121971,1.1579087794256335,0,0.0001277208,0.0,552000.0,68000.0,1.7643979057591623,0.0011619866405223887,True,vec,16,"{""1"": 2, ""2"": 8, ""3"": 4, ""4"": 4, ""5"": 5, ""6"": 13, ""7"": 11, ""8"": 11, ""9"": 1, ""10"": 1, ""11"": 11}"
2219,2219,True,,mpeg4\random\mappings\sample_2219_seed_2219.csv,5.724746872248592,327.28744842596,1.3381119758564672,1,0.0001213517,0.012285312500000001,596000.0,88000.0,1.1372221156218305,0.0011289385890017635,True,vec,16,"{""1"": 2, ""2"": 7, ""3"": 1, ""4"": 0, ""5"": 0, ""6"": 12, ""7"": 4, ""8"": 5, ""9"": 1, ""10"": 11, ""11"": 9}"
2220,2220,True,,mpeg4\random\mappings\sample_2220_seed_2220.csv,5.09571989155004,326.13998894184,1.112641804737625,0,0.0001230279,0.0,580000.0,96000.0,1.0407335325237794,0.0011369487075927381,True,vec,16,"{""1"": 15, ""2"": 6, ""3"": 8, ""4"": 10, ""5"": 2, ""6"": 9, ""7"": 3, ""8"": 10, ""9"": 6, ""10"": 14, ""11"": 5}"
2221,2221,True,,mpeg4\random\mappings\sample_2221_seed_2221.csv,4.763270350562244,325.50827295516,1.09655497061846,0,0.0001212402,0.0,464000.0,48000.0,1.7819412845042626,0.001126166756169804,True,vec,16,"{""1"": 15, ""2"": 1, ""3"": 10, ""4"": 1, ""5"": 10, ""6"": 2, ""7"": 2, ""8"": 11, ""9"": 15, ""10"": 4, ""11"": 9}"
2222,2222,True,,mpeg4\random\mappings\sample_2222_seed_2222.csv,5.027386253243816,326.18804592882,1.2072774063147984,0,0.0001212402,0.0,424000.0,60000.0,1.922288314465064,0.001126510467923483,True,vec,16,"{""1"": 6, ""2"": 8, ""3"": 8, ""4"": 0, ""5"": 7, ""6"": 2, ""7"": 2, ""8"": 2, ""9"": 10, ""10"": 13, ""11"": 4}"
2223,2223,True,,mpeg4\random\mappings\sample_2223_seed_2223.csv,5.925735839419581,327.28111631629,1.2310960970017968,1,0.0001274748,0.0190884375,632000.0,112000.0,0.9837175516022039,0.0011623495193507055,True,vec,16,"{""1"": 8, ""2"": 0, ""3"": 8, ""4"": 12, ""5"": 3, ""6"": 9, ""7"": 13, ""8"": 15, ""9"": 2, ""10"": 2, ""11"": 7}"
2224,2224,True,,mpeg4\random\mappings\sample_2224_seed_2224.csv,6.174779240474631,327.30591049075,1.2358843415514549,1,0.0001323798,0.0027893181818181875,500000.0,136000.0,1.5758065842493352,0.0011882839162226236,True,vec,16,"{""1"": 5, ""2"": 1, ""3"": 6, ""4"": 0, ""5"": 0, ""6"": 4, ""7"": 13, ""8"": 12, ""9"": 13, ""10"": 11, ""11"": 0}"
2225,2225,True,,mpeg4\random\mappings\sample_2225_seed_2225.csv,5.19852981291243,326.18208855865,1.12615904628303,0,0.0001222309,0.0,508000.0,80000.0,1.8740440229160384,0.0011318126074034895,True,vec,16,"{""1"": 5, ""2"": 10, ""3"": 12, ""4"": 4, ""5"": 1, ""6"": 10, ""7"": 0, ""8"": 1, ""9"": 12, ""10"": 10, ""11"": 8}"
2226,2226,True,,mpeg4\random\mappings\sample_2226_seed_2226.csv,5.038842532298927,325.84113499285,1.1083422180220857,0,0.0001214219,0.0,524000.0,76000.0,1.637208409857186,0.0011276665688150253,True,vec,16,"{""1"": 2, ""2"": 2, ""3"": 10, ""4"": 8, ""5"": 7, ""6"": 11, ""7"": 12, ""8"": 11, ""9"": 7, ""10"": 5, ""11"": 8}"
2227,2227,True,,mpeg4\random\mappings\sample_2227_seed_2227.csv,5.348462101076097,325.99909211956,1.1852745335168144,0,0.0001221849,0.0,664000.0,96000.0,1.443354074723829,0.0011326148100700279,True,vec,16,"{""1"": 8, ""2"": 11, ""3"": 8, ""4"": 4, ""5"": 9, ""6"": 3, ""7"": 9, ""8"": 11, ""9"": 5, ""10"": 14, ""11"": 0}"
2228,2228,True,,mpeg4\random\mappings\sample_2228_seed_2228.csv,4.985442510847999,326.30446887241,1.1961474636945806,0,0.0001218588,0.0,548000.0,88000.0,0.803897919464927,0.001130674840713276,True,vec,16,"{""1"": 9, ""2"": 8, ""3"": 14, ""4"": 11, ""5"": 7, ""6"": 4, ""7"": 10, ""8"": 9, ""9"": 15, ""10"": 1, ""11"": 0}"
2229,2229,True,,mpeg4\random\mappings\sample_2229_seed_2229.csv,4.843813096542901,326.17340012807,1.1535604180347387,0,0.0001223487,0.0,540000.0,72000.0,0.900386502562978,0.0011330304132804528,True,vec,16,"{""1"": 14, ""2"": 4, ""3"": 7, ""4"": 10, ""5"": 0, ""6"": 6, ""7"": 3, ""8"": 1, ""9"": 10, ""10"": 1, ""11"": 13}"
2230,2230,True,,mpeg4\random\mappings\sample_2230_seed_2230.csv,5.588705559206414,327.23637910983,1.0774640504733284,1,0.0001316501,0.0032154166666666876,332000.0,64000.0,2.378416161837669,0.0011827534733828242,True,vec,16,"{""1"": 5, ""2"": 11, ""3"": 6, ""4"": 5, ""5"": 11, ""6"": 10, ""7"": 10, ""8"": 5, ""9"": 10, ""10"": 9, ""11"": 15}"
2231,2231,True,,mpeg4\random\mappings\sample_2231_seed_2231.csv,4.9287223677973975,325.96281467051,1.191230976731192,0,0.0001221236,0.0,568000.0,72000.0,1.0538910665826047,0.0011322112439546938,True,vec,16,"{""1"": 0, ""2"": 7, ""3"": 10, ""4"": 12, ""5"": 13, ""6"": 2, ""7"": 6, ""8"": 5, ""9"": 14, ""10"": 7, ""11"": 2}"
2232,2232,True,,mpeg4\random\mappings\sample_2232_seed_2232.csv,5.069148499593015,325.89127588838,1.2737594640939744,0,0.0001219429,0.0,564000.0,68000.0,1.4003727967983335,0.001131613233077808,True,vec,16,"{""1"": 1, ""2"": 11, ""3"": 14, ""4"": 13, ""5"": 14, ""6"": 15, ""7"": 8, ""8"": 8, ""9"": 11, ""10"": 2, ""11"": 10}"
2233,2233,True,,mpeg4\random\mappings\sample_2233_seed_2233.csv,4.778399818320337,326.46188828293,1.192412803534642,0,0.0001214017,0.0,448000.0,64000.0,1.0056467750335791,0.0011276162631384627,True,vec,16,"{""1"": 2, ""2"": 3, ""3"": 7, ""4"": 8, ""5"": 12, ""6"": 4, ""7"": 9, ""8"": 6, ""9"": 7, ""10"": 4, ""11"": 14}"
2234,2234,True,,mpeg4\random\mappings\sample_2234_seed_2234.csv,5.376400611366034,326.81612339565,1.2045785708478804,0,0.0001322468,0.0,560000.0,88000.0,1.3477426605630327,0.0011872136237320524,True,vec,16,"{""1"": 2, ""2"": 3, ""3"": 11, ""4"": 12, ""5"": 6, ""6"": 14, ""7"": 8, ""8"": 12, ""9"": 12, ""10"": 8, ""11"": 1}"
2235,2235,True,,mpeg4\random\mappings\sample_2235_seed_2235.csv,4.745131754916484,325.76404403804,1.167634570902652,0,0.0001215068,0.0,352000.0,64000.0,1.4310737096022588,0.0011276348153584192,True,vec,16,"{""1"": 8, ""2"": 9, ""3"": 8, ""4"": 3, ""5"": 4, ""6"": 1, ""7"": 10, ""8"": 4, ""9"": 5, ""10"": 1, ""11"": 6}"
2236,2236,True,,mpeg4\random\mappings\sample_2236_seed_2236.csv,4.529173220604659,326.1716505354,1.1606487853539182,0,0.0001202002,0.0,232000.0,52000.0,1.352128505249308,0.0011201431404521277,True,vec,16,"{""1"": 5, ""2"": 5, ""3"": 2, ""4"": 14, ""5"": 1, ""6"": 6, ""7"": 6, ""8"": 9, ""9"": 2, ""10"": 7, ""11"": 4}"
2237,2237,True,,mpeg4\random\mappings\sample_2237_seed_2237.csv,5.375304018053924,327.38968984542,1.2391697395255963,1,0.0001219427,0.01988125,396000.0,72000.0,1.09336366875908,0.0011308492903972837,True,vec,16,"{""1"": 1, ""2"": 2, ""3"": 10, ""4"": 6, ""5"": 15, ""6"": 9, ""7"": 12, ""8"": 10, ""9"": 1, ""10"": 13, ""11"": 3}"
2238,2238,True,,mpeg4\random\mappings\sample_2238_seed_2238.csv,5.351216562871827,327.24079139046,1.1344628437393631,1,0.0001219518,0.0055604166666666874,488000.0,84000.0,1.0056467750335791,0.0011305762496309634,True,vec,16,"{""1"": 6, ""2"": 3, ""3"": 13, ""4"": 11, ""5"": 9, ""6"": 11, ""7"": 8, ""8"": 4, ""9"": 2, ""10"": 5, ""11"": 7}"
2239,2239,True,,mpeg4\random\mappings\sample_2239_seed_2239.csv,6.054902494654667,327.60924553231,1.3106356214368782,1,0.0001223876,0.0875798611111125,608000.0,72000.0,1.1372221156218305,0.001135136553451281,True,vec,16,"{""1"": 8, ""2"": 3, ""3"": 10, ""4"": 13, ""5"": 13, ""6"": 15, ""7"": 11, ""8"": 7, ""9"": 15, ""10"": 5, ""11"": 1}"
2240,2240,True,,mpeg4\random\mappings\sample_2240_seed_2240.csv,5.062755163792673,325.93740026897,1.143759105968998,0,0.0001213996,0.0,508000.0,80000.0,1.553000191880705,0.0011272710328299755,True,vec,16,"{""1"": 9, ""2"": 11, ""3"": 13, ""4"": 2, ""5"": 2, ""6"": 4, ""7"": 0, ""8"": 11, ""9"": 9, ""10"": 13, ""11"": 12}"
2241,2241,True,,mpeg4\random\mappings\sample_2241_seed_2241.csv,5.572613459579265,327.4955873763,1.3028240717668207,1,0.0001216878,0.031035984848485,408000.0,64000.0,1.461774622406184,0.0011301290382628414,True,vec,16,"{""1"": 15, ""2"": 15, ""3"": 4, ""4"": 2, ""5"": 8, ""6"": 8, ""7"": 1, ""8"": 11, ""9"": 4, ""10"": 9, ""11"": 6}"
2242,2242,True,,mpeg4\random\mappings\sample_2242_seed_2242.csv,5.140458656283354,326.83754502839,1.1971537482304089,0,0.0001320596,0.0,332000.0,72000.0,1.6722951673473863,0.0011856002512184067,True,vec,16,"{""1"": 9, ""2"": 13, ""3"": 8, ""4"": 13, ""5"": 9, ""6"": 2, ""7"": 1, ""8"": 8, ""9"": 1, ""10"": 0, ""11"": 7}"
2243,2243,True,,mpeg4\random\mappings\sample_2243_seed_2243.csv,6.073072021242746,327.22908518258,1.292085394279023,1,0.000122654,0.0027054924242424375,672000.0,128000.0,1.2424823880924316,0.001135427535900755,True,vec,16,"{""1"": 14, ""2"": 1, ""3"": 13, ""4"": 13, ""5"": 5, ""6"": 15, ""7"": 4, ""8"": 12, ""9"": 9, ""10"": 2, ""11"": 12}"
2244,2244,True,,mpeg4\random\mappings\sample_2244_seed_2244.csv,5.255030408743787,326.06975973567,1.2497091520988974,0,0.0001223159,0.0,496000.0,96000.0,1.466160467092459,0.0011330807484040148,True,vec,16,"{""1"": 2, ""2"": 4, ""3"": 13, ""4"": 13, ""5"": 14, ""6"": 1, ""7"": 11, ""8"": 8, ""9"": 2, ""10"": 5, ""11"": 2}"
2245,2245,True,,mpeg4\random\mappings\sample_2245_seed_2245.csv,5.626194673744375,327.26758760715,1.2753715593384194,1,0.0001221527,0.007072083333333126,416000.0,64000.0,2.0845645678572406,0.0011317218645178857,True,vec,16,"{""1"": 4, ""2"": 13, ""3"": 1, ""4"": 4, ""5"": 7, ""6"": 8, ""7"": 13, ""8"": 4, ""9"": 5, ""10"": 4, ""11"": 0}"
2246,2246,True,,mpeg4\random\mappings\sample_2246_seed_2246.csv,5.670761071598263,325.81935769396,1.3066931409021307,0,0.0001218427,0.0,652000.0,104000.0,2.010005208190565,0.0011309270223107,True,vec,16,"{""1"": 1, ""2"": 8, ""3"": 2, ""4"": 2, ""5"": 6, ""6"": 0, ""7"": 2, ""8"": 15, ""9"": 4, ""10"": 6, ""11"": 15}"
2247,2247,True,,mpeg4\random\mappings\sample_2247_seed_2247.csv,4.910505721255419,325.95597837664,1.1679279797149407,0,0.0001214317,0.0,516000.0,72000.0,1.2205531646610563,0.0011276156684528165,True,vec,16,"{""1"": 0, ""2"": 6, ""3"": 11, ""4"": 5, ""5"": 9, ""6"": 8, ""7"": 0, ""8"": 10, ""9"": 15, ""10"": 8, ""11"": 10}"
2248,2248,True,,mpeg4\random\mappings\sample_2248_seed_2248.csv,4.8729865690477645,326.3990481886,1.1194700883326656,0,0.0001210356,0.0,496000.0,64000.0,1.3345851265042077,0.0011258078032895071,True,vec,16,"{""1"": 9, ""2"": 0, ""3"": 9, ""4"": 12, ""5"": 6, ""6"": 6, ""7"": 7, ""8"": 2, ""9"": 11, ""10"": 4, ""11"": 15}"
2249,2249,True,,mpeg4\random\mappings\sample_2249_seed_2249.csv,5.363563294796308,326.53742836054,1.17894281951806,0,0.0001222008,0.0,564000.0,120000.0,1.0670486006414297,0.001132336055531917,True,vec,16,"{""1"": 10, ""2"": 4, ""3"": 9, ""4"": 1, ""5"": 14, ""6"": 8, ""7"": 1, ""8"": 15, ""9"": 2, ""10"": 5, ""11"": 4}"
2250,2250,True,,mpeg4\random\mappings\sample_2250_seed_2250.csv,6.258499354237098,327.5955495716,1.2923271574068353,1,0.0001213078,0.0736826388888875,480000.0,96000.0,1.821413886680738,0.001128276839587214,True,vec,16,"{""1"": 15, ""2"": 14, ""3"": 9, ""4"": 15, ""5"": 4, ""6"": 4, ""7"": 10, ""8"": 12, ""9"": 14, ""10"": 4, ""11"": 8}"
2251,2251,True,,mpeg4\random\mappings\sample_2251_seed_2251.csv,4.63200291645694,325.85756978516,1.0477559576562414,0,0.0001216207,0.0,440000.0,64000.0,1.1021353581316302,0.0011281865671733389,True,vec,16,"{""1"": 1, ""2"": 2, ""3"": 6, ""4"": 9, ""5"": 5, ""6"": 7, ""7"": 15, ""8"": 9, ""9"": 4, ""10"": 6, ""11"": 14}"
2252,2252,True,,mpeg4\random\mappings\sample_2252_seed_2252.csv,5.060200171124395,325.75894009186,1.1166992988252094,0,0.0001224187,0.0,356000.0,76000.0,2.1240371700337164,0.0011324948358346347,True,vec,16,"{""1"": 4, ""2"": 10, ""3"": 9, ""4"": 2, ""5"": 11, ""6"": 2, ""7"": 10, ""8"": 6, ""9"": 6, ""10"": 2, ""11"": 9}"
2253,2253,True,,mpeg4\random\mappings\sample_2253_seed_2253.csv,5.546483373564959,327.28427972051,1.2981664830531188,1,0.0001208362,0.008709821428571251,448000.0,76000.0,1.466160467092459,0.0011248627828456782,True,vec,16,"{""1"": 14, ""2"": 15, ""3"": 13, ""4"": 4, ""5"": 0, ""6"": 8, ""7"": 8, ""8"": 14, ""9"": 15, ""10"": 4, ""11"": 1}"
2254,2254,True,,mpeg4\random\mappings\sample_2254_seed_2254.csv,8.094382900014093,328.69030589246,1.2020211653311117,1,0.0001349228,0.447312847222225,488000.0,72000.0,1.0275759984649544,0.0012053245907086762,True,vec,16,"{""1"": 5, ""2"": 0, ""3"": 6, ""4"": 8, ""5"": 14, ""6"": 3, ""7"": 5, ""8"": 1, ""9"": 5, ""10"": 11, ""11"": 4}"
2255,2255,True,,mpeg4\random\mappings\sample_2255_seed_2255.csv,5.393679334985072,326.38482214034,1.2777908434662144,0,0.0001221288,0.0,680000.0,96000.0,1.2117814752885063,0.0011331295976066223,True,vec,16,"{""1"": 0, ""2"": 4, ""3"": 3, ""4"": 12, ""5"": 13, ""6"": 0, ""7"": 9, ""8"": 12, ""9"": 11, ""10"": 5, ""11"": 10}"
2256,2256,True,,mpeg4\random\mappings\sample_2256_seed_2256.csv,4.856100915659043,325.61417867792,1.1406740967072018,0,0.0001214842,0.0,488000.0,48000.0,1.8433431101121132,0.001127933977556266,True,vec,16,"{""1"": 3, ""2"": 8, ""3"": 5, ""4"": 11, ""5"": 1, ""6"": 4, ""7"": 4, ""8"": 5, ""9"": 11, ""10"": 5, ""11"": 7}"
2257,2257,True,,mpeg4\random\mappings\sample_2257_seed_2257.csv,7.010472748337618,327.85532368155,1.2860477290529946,2,0.000133349,0.15084305555555486,672000.0,104000.0,0.6986376469943258,0.0011959771470820863,True,vec,16,"{""1"": 1, ""2"": 3, ""3"": 8, ""4"": 0, ""5"": 9, ""6"": 12, ""7"": 2, ""8"": 7, ""9"": 2, ""10"": 15, ""11"": 6}"
2258,2258,True,,mpeg4\random\mappings\sample_2258_seed_2258.csv,5.80267036440187,326.71021352828,1.2513298158517518,0,0.0001220677,0.0,680000.0,88000.0,2.5143773471121955,0.0011324781922109584,True,vec,16,"{""1"": 2, ""2"": 13, ""3"": 2, ""4"": 15, ""5"": 7, ""6"": 15, ""7"": 10, ""8"": 10, ""9"": 0, ""10"": 2, ""11"": 15}"
2259,2259,True,,mpeg4\random\mappings\sample_2259_seed_2259.csv,5.429450683760774,327.22639220134,1.2146237763413126,1,0.0001214276,0.00247125,544000.0,72000.0,1.2424823880924316,0.0011285270251844427,True,vec,16,"{""1"": 3, ""2"": 8, ""3"": 9, ""4"": 10, ""5"": 7, ""6"": 7, ""7"": 6, ""8"": 6, ""9"": 14, ""10"": 11, ""11"": 12}"
2260,2260,True,,mpeg4\random\mappings\sample_2260_seed_2260.csv,5.328095999423256,326.82145638913,1.206381617085016,0,0.0001224349,0.0,608000.0,84000.0,1.5056330692689346,0.001134231699753192,True,vec,16,"{""1"": 8, ""2"": 2, ""3"": 4, ""4"": 13, ""5"": 8, ""6"": 13, ""7"": 2, ""8"": 1, ""9"": 14, ""10"": 3, ""11"": 10}"
2261,2261,True,,mpeg4\random\mappings\sample_2261_seed_2261.csv,5.188186717424404,326.39561389405,1.1722081583124935,0,0.0001212417,0.0,468000.0,88000.0,1.641594254543461,0.001126847520828048,True,vec,16,"{""1"": 9, ""2"": 6, ""3"": 2, ""4"": 4, ""5"": 2, ""6"": 4, ""7"": 9, ""8"": 3, ""9"": 10, ""10"": 14, ""11"": 13}"
2262,2262,True,,mpeg4\random\mappings\sample_2262_seed_2262.csv,5.854560789690379,327.20489697869,1.178668669901744,1,0.0001215477,0.0022006944444444374,672000.0,96000.0,1.645980099229736,0.0011290680359078453,True,vec,16,"{""1"": 6, ""2"": 8, ""3"": 14, ""4"": 6, ""5"": 8, ""6"": 13, ""7"": 10, ""8"": 12, ""9"": 0, ""10"": 7, ""11"": 8}"
2263,2263,True,,mpeg4\random\mappings\sample_2263_seed_2263.csv,5.582176254153598,327.27713260965,1.2499763541525533,1,0.0001225258,0.018785312499999998,548000.0,48000.0,1.8170280419944629,0.0011348701832500033,True,vec,16,"{""1"": 1, ""2"": 14, ""3"": 1, ""4"": 0, ""5"": 5, ""6"": 11, ""7"": 8, ""8"": 8, ""9"": 14, ""10"": 15, ""11"": 1}"
2264,2264,True,,mpeg4\random\mappings\sample_2264_seed_2264.csv,5.114366095492331,326.08643323665,1.1405556602652678,0,0.000127279,0.0,624000.0,76000.0,1.2337106987198816,0.001160022209881929,True,vec,16,"{""1"": 1, ""2"": 0, ""3"": 6, ""4"": 13, ""5"": 1, ""6"": 11, ""7"": 7, ""8"": 3, ""9"": 0, ""10"": 0, ""11"": 10}"
2265,2265,True,,mpeg4\random\mappings\sample_2265_seed_2265.csv,5.356796931619126,326.87407209993,1.2944944954790738,0,0.000122676,0.0,624000.0,72000.0,1.5977358076807104,0.0011358951783852975,True,vec,16,"{""1"": 1, ""2"": 13, ""3"": 9, ""4"": 12, ""5"": 11, ""6"": 1, ""7"": 15, ""8"": 9, ""9"": 12, ""10"": 8, ""11"": 8}"
2266,2266,True,,mpeg4\random\mappings\sample_2266_seed_2266.csv,5.857824979724185,326.91704488011,1.3731709916208636,0,0.0001224077,0.0,448000.0,132000.0,1.9661467613278145,0.001133683060981847,True,vec,16,"{""1"": 1, ""2"": 8, ""3"": 0, ""4"": 12, ""5"": 7, ""6"": 0, ""7"": 8, ""8"": 4, ""9"": 0, ""10"": 12, ""11"": 2}"
2267,2267,True,,mpeg4\random\mappings\sample_2267_seed_2267.csv,4.777519556566138,326.30329909865,1.0834576349134637,0,0.0001212336,0.0,352000.0,72000.0,1.374057728680683,0.001125809535170411,True,vec,16,"{""1"": 6, ""2"": 9, ""3"": 4, ""4"": 3, ""5"": 5, ""6"": 5, ""7"": 9, ""8"": 2, ""9"": 1, ""10"": 6, ""11"": 0}"
2268,2268,True,,mpeg4\random\mappings\sample_2268_seed_2268.csv,6.949062566301328,327.29832216178,1.3955022133554615,1,0.0001359756,0.03222617924528312,376000.0,84000.0,4.34327458128889,0.0012072999427910382,True,vec,16,"{""1"": 5, ""2"": 8, ""3"": 8, ""4"": 12, ""5"": 15, ""6"": 8, ""7"": 12, ""8"": 12, ""9"": 8, ""10"": 10, ""11"": 8}"
2269,2269,True,,mpeg4\random\mappings\sample_2269_seed_2269.csv,5.054824072554157,326.33109859626,1.2522085691024492,0,0.0001212581,0.0,524000.0,72000.0,1.3170417477591074,0.0011272834129246194,True,vec,16,"{""1"": 9, ""2"": 14, ""3"": 12, ""4"": 5, ""5"": 11, ""6"": 15, ""7"": 15, ""8"": 0, ""9"": 7, ""10"": 0, ""11"": 5}"
2270,2270,True,,mpeg4\random\mappings\sample_2270_seed_2270.csv,6.020026693850405,327.27685977974,1.2713540206299483,1,0.0001220337,0.00958388888888875,500000.0,112000.0,1.8608864888572134,0.0011320975531344697,True,vec,16,"{""1"": 8, ""2"": 11, ""3"": 12, ""4"": 8, ""5"": 12, ""6"": 5, ""7"": 13, ""8"": 5, ""9"": 3, ""10"": 2, ""11"": 13}"
2271,2271,True,,mpeg4\random\mappings\sample_2271_seed_2271.csv,5.758125889994208,326.00498930225,1.1794379409562106,0,0.0001216668,0.0,568000.0,136000.0,1.9915846605082097,0.0011292380129986756,True,vec,16,"{""1"": 13, ""2"": 11, ""3"": 13, ""4"": 9, ""5"": 14, ""6"": 14, ""7"": 2, ""8"": 11, ""9"": 4, ""10"": 9, ""11"": 2}"
2272,2272,True,,mpeg4\random\mappings\sample_2272_seed_2272.csv,5.199151647613601,325.82920461642,1.159649728695483,0,0.0001215959,0.0,568000.0,72000.0,1.9486033825827143,0.0011287810212800243,True,vec,16,"{""1"": 8, ""2"": 5, ""3"": 2, ""4"": 13, ""5"": 15, ""6"": 2, ""7"": 15, ""8"": 10, ""9"": 8, ""10"": 2, ""11"": 1}"
2273,2273,True,,mpeg4\random\mappings\sample_2273_seed_2273.csv,4.785050216354679,326.8414591064,1.213452229808137,0,0.0001221178,0.0,468000.0,48000.0,1.1459938049943805,0.0011320941613170083,True,vec,16,"{""1"": 3, ""2"": 2, ""3"": 5, ""4"": 0, ""5"": 2, ""6"": 9, ""7"": 0, ""8"": 14, ""9"": 11, ""10"": 4, ""11"": 7}"
2274,2274,True,,mpeg4\random\mappings\sample_2274_seed_2274.csv,5.101112430909328,325.42025944745,1.0907074226120195,0,0.0001280509,0.0,624000.0,88000.0,1.2073956306022313,0.0011641867128849904,True,vec,16,"{""1"": 0, ""2"": 14, ""3"": 7, ""4"": 4, ""5"": 10, ""6"": 13, ""7"": 14, ""8"": 2, ""9"": 2, ""10"": 2, ""11"": 5}"
2275,2275,True,,mpeg4\random\mappings\sample_2275_seed_2275.csv,4.626121606021597,326.55768812437,1.237949268259185,0,0.0001218407,0.0,464000.0,56000.0,0.5670623064060744,0.0011306345860968335,True,vec,16,"{""1"": 11, ""2"": 15, ""3"": 8, ""4"": 4, ""5"": 12, ""6"": 6, ""7"": 1, ""8"": 13, ""9"": 10, ""10"": 9, ""11"": 7}"
2276,2276,True,,mpeg4\random\mappings\sample_2276_seed_2276.csv,4.828196003018667,325.81580088024,1.175839246769796,0,0.0001220718,0.0,520000.0,64000.0,1.1591513390532058,0.0011313221253856259,True,vec,16,"{""1"": 12, ""2"": 5, ""3"": 8, ""4"": 2, ""5"": 12, ""6"": 6, ""7"": 8, ""8"": 4, ""9"": 15, ""10"": 0, ""11"": 14}"
2277,2277,True,,mpeg4\random\mappings\sample_2277_seed_2277.csv,5.656579571496453,327.33162821082,1.2707872707743493,1,0.0001272827,0.005702004716981125,444000.0,60000.0,2.018776897563115,0.0011604981259481693,True,vec,16,"{""1"": 11, ""2"": 3, ""3"": 2, ""4"": 4, ""5"": 3, ""6"": 2, ""7"": 0, ""8"": 13, ""9"": 10, ""10"": 10, ""11"": 3}"
2278,2278,True,,mpeg4\random\mappings\sample_2278_seed_2278.csv,8.433371682511153,328.72851032874,1.2960302525681582,1,0.0001232829,0.473121527777775,468000.0,72000.0,1.821413886680738,0.0011421740801248442,True,vec,16,"{""1"": 4, ""2"": 0, ""3"": 7, ""4"": 8, ""5"": 4, ""6"": 8, ""7"": 15, ""8"": 4, ""9"": 10, ""10"": 2, ""11"": 1}"
2279,2279,True,,mpeg4\random\mappings\sample_2279_seed_2279.csv,5.566815411502473,327.37867642822,1.222598396939873,1,0.0001214016,0.017630729166666873,484000.0,80000.0,1.3117787341355773,0.0011281714227815206,True,vec,16,"{""1"": 14, ""2"": 12, ""3"": 13, ""4"": 11, ""5"": 2, ""6"": 9, ""7"": 13, ""8"": 12, ""9"": 14, ""10"": 4, ""11"": 7}"
2280,2280,True,,mpeg4\random\mappings\sample_2280_seed_2280.csv,5.068228738983438,326.4352122482,1.1464569409785184,0,0.0001218108,0.0,544000.0,96000.0,0.9398591047394534,0.0011303359421722353,True,vec,16,"{""1"": 11, ""2"": 6, ""3"": 9, ""4"": 15, ""5"": 8, ""6"": 10, ""7"": 3, ""8"": 0, ""9"": 4, ""10"": 15, ""11"": 3}"
2281,2281,True,,mpeg4\random\mappings\sample_2281_seed_2281.csv,5.0005363909371345,326.258731733,1.2719719784520427,0,0.0001220578,0.0,404000.0,48000.0,1.9793042953866395,0.0011316598247495659,True,vec,16,"{""1"": 10, ""2"": 3, ""3"": 3, ""4"": 3, ""5"": 1, ""6"": 5, ""7"": 14, ""8"": 15, ""9"": 13, ""10"": 6, ""11"": 1}"
2282,2282,True,,mpeg4\random\mappings\sample_2282_seed_2282.csv,5.163993462654545,326.10573536458,1.1580227413595345,0,0.0001323217,0.0,576000.0,88000.0,1.0144184644061292,0.0011876257707221045,True,vec,16,"{""1"": 5, ""2"": 1, ""3"": 15, ""4"": 2, ""5"": 1, ""6"": 12, ""7"": 9, ""8"": 13, ""9"": 0, ""10"": 9, ""11"": 3}"
2283,2283,True,,mpeg4\random\mappings\sample_2283_seed_2283.csv,5.028721151381739,326.16817196851,1.2458452379552458,0,0.0001225298,0.0,456000.0,80000.0,1.2644116115238069,0.0011345884826423523,True,vec,16,"{""1"": 2, ""2"": 14, ""3"": 10, ""4"": 7, ""5"": 0, ""6"": 2, ""7"": 14, ""8"": 11, ""9"": 6, ""10"": 3, ""11"": 3}"
2284,2284,True,,mpeg4\random\mappings\sample_2284_seed_2284.csv,5.218372592363255,326.78759260133,1.287057719307542,0,0.0001317877,0.0,400000.0,80000.0,1.356514349935583,0.001184952734170913,True,vec,16,"{""1"": 11, ""2"": 10, ""3"": 6, ""4"": 0, ""5"": 3, ""6"": 3, ""7"": 1, ""8"": 15, ""9"": 1, ""10"": 6, ""11"": 13}"
2285,2285,True,,mpeg4\random\mappings\sample_2285_seed_2285.csv,5.0938166019480144,325.62707038258,1.0706826268224379,0,0.0001214016,0.0,336000.0,84000.0,2.268770044680793,0.0011264364043265993,True,vec,16,"{""1"": 9, ""2"": 2, ""3"": 10, ""4"": 6, ""5"": 10, ""6"": 8, ""7"": 9, ""8"": 9, ""9"": 4, ""10"": 15, ""11"": 10}"
2286,2286,True,,mpeg4\random\mappings\sample_2286_seed_2286.csv,5.369667044548128,326.05884330321,1.275879363495478,0,0.0001220349,0.0,632000.0,104000.0,1.1986239412296813,0.0011322383130768115,True,vec,16,"{""1"": 12, ""2"": 4, ""3"": 10, ""4"": 13, ""5"": 0, ""6"": 15, ""7"": 2, ""8"": 11, ""9"": 13, ""10"": 15, ""11"": 11}"
2287,2287,True,,mpeg4\random\mappings\sample_2287_seed_2287.csv,5.618944189686623,327.22111764243,1.2015027951541317,1,0.0001320596,0.0034600694444444375,436000.0,88000.0,1.356514349935583,0.0011862428832582015,True,vec,16,"{""1"": 4, ""2"": 5, ""3"": 0, ""4"": 13, ""5"": 10, ""6"": 14, ""7"": 13, ""8"": 15, ""9"": 13, ""10"": 14, ""11"": 11}"
2288,2288,True,,mpeg4\random\mappings\sample_2288_seed_2288.csv,5.21394524146317,325.74251533263,1.143183416509691,0,0.0001223237,0.0,588000.0,104000.0,1.2512540774649819,0.00113294296074678,True,vec,16,"{""1"": 11, ""2"": 2, ""3"": 14, ""4"": 10, ""5"": 0, ""6"": 9, ""7"": 11, ""8"": 4, ""9"": 1, ""10"": 2, ""11"": 9}"
2289,2289,True,,mpeg4\random\mappings\sample_2289_seed_2289.csv,5.304840903403764,327.28086517176,1.269775948004087,1,0.0001226728,0.017451,444000.0,72000.0,0.7424960938570763,0.0011352428799571432,True,vec,16,"{""1"": 13, ""2"": 6, ""3"": 3, ""4"": 2, ""5"": 15, ""6"": 11, ""7"": 5, ""8"": 14, ""9"": 2, ""10"": 10, ""11"": 8}"
2290,2290,True,,mpeg4\random\mappings\sample_2290_seed_2290.csv,5.051822628782795,326.21748682858,1.2935528292736986,0,0.00012248,0.0,500000.0,80000.0,1.09336366875908,0.0011348294144754626,True,vec,16,"{""1"": 7, ""2"": 4, ""3"": 5, ""4"": 8, ""5"": 0, ""6"": 3, ""7"": 13, ""8"": 3, ""9"": 11, ""10"": 7, ""11"": 1}"
2291,2291,True,,mpeg4\random\mappings\sample_2291_seed_2291.csv,5.497733572294219,326.27034810876,1.2591723553449756,0,0.000122586,0.0,632000.0,112000.0,1.3345851265042077,0.0011356780079786113,True,vec,16,"{""1"": 2, ""2"": 3, ""3"": 14, ""4"": 0, ""5"": 13, ""6"": 0, ""7"": 14, ""8"": 15, ""9"": 7, ""10"": 10, ""11"": 1}"
2292,2292,True,,mpeg4\random\mappings\sample_2292_seed_2292.csv,4.9826294033907335,326.32313412082,1.1046116708112488,0,0.0001215676,0.0,476000.0,76000.0,1.466160467092459,0.0011282150243634814,True,vec,16,"{""1"": 9, ""2"": 6, ""3"": 11, ""4"": 8, ""5"": 7, ""6"": 4, ""7"": 8, ""8"": 0, ""9"": 14, ""10"": 7, ""11"": 8}"
2293,2293,True,,mpeg4\random\mappings\sample_2293_seed_2293.csv,5.383708235820341,327.26804612508,1.1892971805148118,1,0.0001216258,0.0051401515151514995,556000.0,84000.0,0.803897919464927,0.001129177013263286,True,vec,16,"{""1"": 14, ""2"": 12, ""3"": 3, ""4"": 13, ""5"": 10, ""6"": 11, ""7"": 5, ""8"": 6, ""9"": 2, ""10"": 8, ""11"": 12}"
2294,2294,True,,mpeg4\random\mappings\sample_2294_seed_2294.csv,5.055199335503224,326.07045320035,1.182838540436807,0,0.0001221308,0.0,596000.0,88000.0,0.9617883281708286,0.0011322348191356287,True,vec,16,"{""1"": 7, ""2"": 15, ""3"": 9, ""4"": 14, ""5"": 6, ""6"": 15, ""7"": 3, ""8"": 12, ""9"": 1, ""10"": 13, ""11"": 5}"
2295,2295,True,,mpeg4\random\mappings\sample_2295_seed_2295.csv,5.119623132143417,326.9144619741,1.2858353929312716,0,0.0001211077,0.0,528000.0,64000.0,1.4266878649159838,0.001126875743696139,True,vec,16,"{""1"": 8, ""2"": 12, ""3"": 3, ""4"": 4, ""5"": 3, ""6"": 6, ""7"": 14, ""8"": 2, ""9"": 12, ""10"": 15, ""11"": 4}"
2296,2296,True,,mpeg4\random\mappings\sample_2296_seed_2296.csv,6.3847207845998,327.19593040788,1.2816534653662957,1,0.0001225228,0.0015656250000000002,808000.0,164000.0,1.0012609303473041,0.0011354751832186268,True,vec,16,"{""1"": 15, ""2"": 0, ""3"": 7, ""4"": 13, ""5"": 14, ""6"": 12, ""7"": 15, ""8"": 4, ""9"": 9, ""10"": 6, ""11"": 4}"
2297,2297,True,,mpeg4\random\mappings\sample_2297_seed_2297.csv,5.670251976459664,327.20576050375,1.2041680268439392,1,0.0001223439,0.0022809027777777498,572000.0,96000.0,1.3082700583865574,0.0011337419230493604,True,vec,16,"{""1"": 14, ""2"": 7, ""3"": 8, ""4"": 11, ""5"": 10, ""6"": 14, ""7"": 1, ""8"": 3, ""9"": 11, ""10"": 9, ""11"": 7}"
2298,2298,True,,mpeg4\random\mappings\sample_2298_seed_2298.csv,5.0328567682171155,326.78420290746,1.1072890540683584,0,0.0001214517,0.0,548000.0,84000.0,1.09336366875908,0.0011277071185666226,True,vec,16,"{""1"": 9, ""2"": 13, ""3"": 6, ""4"": 4, ""5"": 8, ""6"": 11, ""7"": 3, ""8"": 7, ""9"": 12, ""10"": 13, ""11"": 13}"
2299,2299,True,,mpeg4\random\mappings\sample_2299_seed_2299.csv,4.960874670748358,326.17371775578,1.179809863345871,0,0.0001227047,0.0,560000.0,96000.0,0.5670623064060744,0.0011351770824353134,True,vec,16,"{""1"": 4, ""2"": 14, ""3"": 0, ""4"": 8, ""5"": 3, ""6"": 6, ""7"": 9, ""8"": 5, ""9"": 13, ""10"": 10, ""11"": 7}"
2300,2300,True,,mpeg4\random\mappings\sample_2300_seed_2300.csv,5.09150448427585,326.18922490894,1.2727521031406268,0,0.0001219157,0.0,608000.0,80000.0,0.988103396288479,0.001131395360025289,True,vec,16,"{""1"": 15, ""2"": 13, ""3"": 2, ""4"": 6, ""5"": 4, ""6"": 3, ""7"": 6, ""8"": 9, ""9"": 5, ""10"": 9, ""11"": 10}"
2301,2301,True,,mpeg4\random\mappings\sample_2301_seed_2301.csv,4.854393695656798,325.87276315809,1.1316256904414042,0,0.0001223847,0.0,472000.0,72000.0,1.2512540774649819,0.0011328764259364297,True,vec,16,"{""1"": 9, ""2"": 7, ""3"": 6, ""4"": 13, ""5"": 3, ""6"": 1, ""7"": 9, ""8"": 14, ""9"": 7, ""10"": 0, ""11"": 6}"
2302,2302,True,,mpeg4\random\mappings\sample_2302_seed_2302.csv,4.9346774197791134,325.76694037115,1.2105941003013645,0,0.0001219157,0.0,644000.0,68000.0,0.9793317069159289,0.0011312533621198131,True,vec,16,"{""1"": 2, ""2"": 1, ""3"": 12, ""4"": 7, ""5"": 3, ""6"": 15, ""7"": 10, ""8"": 10, ""9"": 4, ""10"": 3, ""11"": 9}"
2303,2303,True,,mpeg4\random\mappings\sample_2303_seed_2303.csv,4.814210703664549,326.40731402381,1.2254445666564588,0,0.0001219856,0.0,504000.0,72000.0,0.6986376469943258,0.0011315979302377534,True,vec,16,"{""1"": 3, ""2"": 1, ""3"": 12, ""4"": 9, ""5"": 4, ""6"": 6, ""7"": 5, ""8"": 8, ""9"": 15, ""10"": 3, ""11"": 2}"
2304,2304,True,,mpeg4\random\mappings\sample_2304_seed_2304.csv,5.387883626527269,327.27698034842,1.1735453774976328,1,0.0001214997,0.0111527777777775,528000.0,80000.0,0.9223157259943532,0.001128613555970929,True,vec,16,"{""1"": 10, ""2"": 14, ""3"": 5, ""4"": 2, ""5"": 13, ""6"": 7, ""7"": 10, ""8"": 15, ""9"": 9, ""10"": 14, ""11"": 1}"
2305,2305,True,,mpeg4\random\mappings\sample_2305_seed_2305.csv,5.849659408242691,327.65188524337,1.2467367228025665,1,0.0001221556,0.09280243055555625,560000.0,64000.0,0.9179298813080782,0.0011333560063971186,True,vec,16,"{""1"": 5, ""2"": 12, ""3"": 1, ""4"": 2, ""5"": 3, ""6"": 9, ""7"": 10, ""8"": 8, ""9"": 14, ""10"": 1, ""11"": 14}"
2306,2306,True,,mpeg4\random\mappings\sample_2306_seed_2306.csv,6.088478500144043,327.32501224639,1.261011944170194,1,0.0001218596,0.006148982558139562,628000.0,112000.0,1.7775554398179874,0.001131353513584252,True,vec,16,"{""1"": 15, ""2"": 3, ""3"": 8, ""4"": 2, ""5"": 13, ""6"": 3, ""7"": 2, ""8"": 2, ""9"": 14, ""10"": 5, ""11"": 9}"
2307,2307,True,,mpeg4\random\mappings\sample_2307_seed_2307.csv,5.037198317305879,326.7593472073,1.1907544595905066,0,0.0001228919,0.0,492000.0,76000.0,1.2117814752885063,0.0011363941705158235,True,vec,16,"{""1"": 9, ""2"": 15, ""3"": 9, ""4"": 12, ""5"": 10, ""6"": 1, ""7"": 11, ""8"": 10, ""9"": 5, ""10"": 7, ""11"": 13}"
2308,2308,True,,mpeg4\random\mappings\sample_2308_seed_2308.csv,4.95692592268651,327.14560858369,1.132090757186513,0,0.0001224468,0.0,528000.0,72000.0,1.0056467750335791,0.0011331362466406284,True,vec,16,"{""1"": 14, ""2"": 1, ""3"": 5, ""4"": 10, ""5"": 7, ""6"": 10, ""7"": 4, ""8"": 2, ""9"": 12, ""10"": 8, ""11"": 9}"
2309,2309,True,,mpeg4\random\mappings\sample_2309_seed_2309.csv,5.447075798245438,325.76360581646,1.1532207336178149,0,0.0001225319,0.0,464000.0,112000.0,2.03193443162194,0.001133508057331383,True,vec,16,"{""1"": 8, ""2"": 11, ""3"": 7, ""4"": 12, ""5"": 13, ""6"": 8, ""7"": 7, ""8"": 8, ""9"": 10, ""10"": 12, ""11"": 5}"
2310,2310,True,,mpeg4\random\mappings\sample_2310_seed_2310.csv,6.405164297565385,327.65776718113,1.2838566689629218,1,0.000132391,0.041351598837209375,656000.0,104000.0,1.7073819248375868,0.0011894774847577795,True,vec,16,"{""1"": 9, ""2"": 13, ""3"": 0, ""4"": 0, ""5"": 10, ""6"": 7, ""7"": 12, ""8"": 12, ""9"": 10, ""10"": 12, ""11"": 4}"
2311,2311,True,,mpeg4\random\mappings\sample_2311_seed_2311.csv,5.351275279766817,326.59794874142,1.1449270077667348,0,0.0001322057,0.0,432000.0,92000.0,1.7293111482689618,0.0011866602434973121,True,vec,16,"{""1"": 4, ""2"": 12, ""3"": 0, ""4"": 5, ""5"": 5, ""6"": 10, ""7"": 2, ""8"": 9, ""9"": 2, ""10"": 10, ""11"": 10}"
2312,2312,True,,mpeg4\random\mappings\sample_2312_seed_2312.csv,5.127888904495622,326.27966587126,1.1789983261838075,0,0.0001227477,0.0,792000.0,80000.0,0.7424960938570763,0.0011361874063525277,True,vec,16,"{""1"": 15, ""2"": 0, ""3"": 10, ""4"": 12, ""5"": 4, ""6"": 11, ""7"": 14, ""8"": 8, ""9"": 1, ""10"": 4, ""11"": 3}"
2313,2313,True,,mpeg4\random\mappings\sample_2313_seed_2313.csv,5.2254836184345645,327.08828750693,1.2724237846457869,0,0.0001217948,0.0,408000.0,76000.0,1.733696992955237,0.0011304316234593882,True,vec,16,"{""1"": 14, ""2"": 15, ""3"": 9, ""4"": 3, ""5"": 7, ""6"": 15, ""7"": 3, ""8"": 2, ""9"": 15, ""10"": 14, ""11"": 13}"
2314,2314,True,,mpeg4\random\mappings\sample_2314_seed_2314.csv,5.448029687336572,326.10657662406,1.2950541212352196,0,0.0001212737,0.0,616000.0,88000.0,1.7950988185630876,0.001128124424290427,True,vec,16,"{""1"": 6, ""2"": 0, ""3"": 12, ""4"": 6, ""5"": 3, ""6"": 3, ""7"": 1, ""8"": 15, ""9"": 15, ""10"": 5, ""11"": 15}"
2315,2315,True,,mpeg4\random\mappings\sample_2315_seed_2315.csv,5.037021694932624,327.08952736156,1.1672475891035081,0,0.0001220187,0.0,472000.0,72000.0,1.3389709711904827,0.001130817596413525,True,vec,16,"{""1"": 8, ""2"": 6, ""3"": 13, ""4"": 1, ""5"": 14, ""6"": 4, ""7"": 6, ""8"": 1, ""9"": 0, ""10"": 4, ""11"": 15}"
2316,2316,True,,mpeg4\random\mappings\sample_2316_seed_2316.csv,5.249855474350845,326.76574664808,1.2892944734280218,0,0.0001210276,0.0,588000.0,88000.0,1.1328362709355555,0.0011261742734841932,True,vec,16,"{""1"": 14, ""2"": 14, ""3"": 4, ""4"": 15, ""5"": 0, ""6"": 3, ""7"": 7, ""8"": 9, ""9"": 12, ""10"": 8, ""11"": 4}"
2317,2317,True,,mpeg4\random\mappings\sample_2317_seed_2317.csv,5.711556374100683,327.35585450432,1.1801877411066706,1,0.000123043908,0.00750142857142875,704000.0,72000.0,1.5100189139552096,0.0011380098484745956,True,vec,16,"{""1"": 12, ""2"": 3, ""3"": 10, ""4"": 8, ""5"": 15, ""6"": 5, ""7"": 15, ""8"": 4, ""9"": 14, ""10"": 10, ""11"": 10}"
2318,2318,True,,mpeg4\random\mappings\sample_2318_seed_2318.csv,5.955696098664086,327.37086880524,1.2107576271218425,2,0.0001217847,0.014296250000000002,384000.0,104000.0,1.360900194621858,0.0011296608012033036,True,vec,16,"{""1"": 3, ""2"": 9, ""3"": 11, ""4"": 1, ""5"": 5, ""6"": 5, ""7"": 13, ""8"": 2, ""9"": 12, ""10"": 9, ""11"": 3}"
2319,2319,True,,mpeg4\random\mappings\sample_2319_seed_2319.csv,5.182533584873914,326.16852287188,1.2901062956024314,0,0.0001211877,0.0,588000.0,92000.0,1.0231901537786794,0.0011274299165861263,True,vec,16,"{""1"": 3, ""2"": 3, ""3"": 8, ""4"": 13, ""5"": 0, ""6"": 11, ""7"": 6, ""8"": 1, ""9"": 5, ""10"": 11, ""11"": 12}"
2320,2320,True,,mpeg4\random\mappings\sample_2320_seed_2320.csv,4.908641024778715,326.01668727606,1.1228550310321308,0,0.0001219108,0.0,408000.0,64000.0,1.751240371700337,0.0011298431858770093,True,vec,16,"{""1"": 15, ""2"": 13, ""3"": 2, ""4"": 5, ""5"": 6, ""6"": 6, ""7"": 0, ""8"": 11, ""9"": 13, ""10"": 2, ""11"": 13}"
2321,2321,True,,mpeg4\random\mappings\sample_2321_seed_2321.csv,6.084916779687652,327.15242612939,1.3792220969694953,1,0.0001221278,0.0,776000.0,80000.0,1.9705326060140895,0.001133641439461329,True,vec,16,"{""1"": 11, ""2"": 8, ""3"": 15, ""4"": 15, ""5"": 12, ""6"": 3, ""7"": 0, ""8"": 3, ""9"": 5, ""10"": 12, ""11"": 12}"
2322,2322,True,,mpeg4\random\mappings\sample_2322_seed_2322.csv,5.344802027071389,326.27243876048,1.2139195223422239,0,0.0001331769,0.0,732000.0,72000.0,1.2644116115238069,0.0011928367473109727,True,vec,16,"{""1"": 2, ""2"": 13, ""3"": 2, ""4"": 0, ""5"": 7, ""6"": 1, ""7"": 12, ""8"": 14, ""9"": 12, ""10"": 10, ""11"": 13}"
2323,2323,True,,mpeg4\random\mappings\sample_2323_seed_2323.csv,6.187596087561458,327.52417224368,1.181993424431621,1,0.0001226559,0.076095625,600000.0,88000.0,1.6538746196650311,0.0011355807358867927,True,vec,16,"{""1"": 12, ""2"": 1, ""3"": 9, ""4"": 0, ""5"": 6, ""6"": 11, ""7"": 1, ""8"": 1, ""9"": 8, ""10"": 14, ""11"": 9}"
2324,2324,True,,mpeg4\random\mappings\sample_2324_seed_2324.csv,6.2930374540307845,327.16848740767,1.2826907882630645,1,0.000127694236,0.0002197368421052625,640000.0,104000.0,2.395959540582769,0.001163720735897501,True,vec,16,"{""1"": 12, ""2"": 10, ""3"": 9, ""4"": 12, ""5"": 12, ""6"": 9, ""7"": 7, ""8"": 3, ""9"": 3, ""10"": 3, ""11"": 8}"
2325,2325,True,,mpeg4\random\mappings\sample_2325_seed_2325.csv,5.848727645062317,327.26805805481,1.1641591811231222,1,0.0001215218,0.008896180555555626,500000.0,112000.0,1.641594254543461,0.0011281977364795317,True,vec,16,"{""1"": 14, ""2"": 12, ""3"": 13, ""4"": 5, ""5"": 2, ""6"": 14, ""7"": 5, ""8"": 6, ""9"": 8, ""10"": 14, ""11"": 8}"
2326,2326,True,,mpeg4\random\mappings\sample_2326_seed_2326.csv,5.5937101064893335,327.37736006133,1.2545384053331496,2,0.0001211947,0.017815416666666875,428000.0,72000.0,0.803897919464927,0.001127201896113795,True,vec,16,"{""1"": 13, ""2"": 13, ""3"": 6, ""4"": 2, ""5"": 7, ""6"": 9, ""7"": 14, ""8"": 1, ""9"": 10, ""10"": 15, ""11"": 12}"
2327,2327,True,,mpeg4\random\mappings\sample_2327_seed_2327.csv,4.729733529434008,326.96305890219,1.1016746974305687,0,0.0001219708,0.0,436000.0,52000.0,1.1986239412296813,0.0011305286861555289,True,vec,16,"{""1"": 6, ""2"": 2, ""3"": 5, ""4"": 3, ""5"": 7, ""6"": 9, ""7"": 2, ""8"": 10, ""9"": 5, ""10"": 3, ""11"": 4}"
2328,2328,True,,mpeg4\random\mappings\sample_2328_seed_2328.csv,5.754270562762197,327.32593062193,1.3386841803532055,1,0.0001223789,0.01769236111111125,520000.0,56000.0,2.01439105287684,0.0011341364586800772,True,vec,16,"{""1"": 6, ""2"": 12, ""3"": 15, ""4"": 15, ""5"": 10, ""6"": 2, ""7"": 15, ""8"": 8, ""9"": 2, ""10"": 11, ""11"": 6}"
2329,2329,True,,mpeg4\random\mappings\sample_2329_seed_2329.csv,5.293827293205486,327.12870486173,1.242067702338508,0,0.0001229769,0.0,612000.0,72000.0,1.4793180011512843,0.0011373177652975743,True,vec,16,"{""1"": 6, ""2"": 15, ""3"": 12, ""4"": 7, ""5"": 2, ""6"": 11, ""7"": 1, ""8"": 2, ""9"": 2, ""10"": 0, ""11"": 7}"
2330,2330,True,,mpeg4\random\mappings\sample_2330_seed_2330.csv,5.235341820721203,326.52748606136,1.2398357934923112,0,0.0001221178,0.0,528000.0,80000.0,1.5758065842493352,0.0011319988366505016,True,vec,16,"{""1"": 8, ""2"": 0, ""3"": 1, ""4"": 3, ""5"": 14, ""6"": 1, ""7"": 8, ""8"": 5, ""9"": 4, ""10"": 9, ""11"": 14}"
2331,2331,True,,mpeg4\random\mappings\sample_2331_seed_2331.csv,4.709410084460494,326.47521832735,1.1287644333791038,0,0.0001218958,0.0,412000.0,60000.0,1.1152928921904552,0.0011301540567165915,True,vec,16,"{""1"": 8, ""2"": 12, ""3"": 10, ""4"": 6, ""5"": 14, ""6"": 10, ""7"": 1, ""8"": 0, ""9"": 7, ""10"": 9, ""11"": 5}"
2332,2332,True,,mpeg4\random\mappings\sample_2332_seed_2332.csv,4.689820651450845,326.57995870984,1.146499215038204,0,0.0001220276,0.0,380000.0,60000.0,1.071434445327705,0.00113091096243194,True,vec,16,"{""1"": 5, ""2"": 14, ""3"": 13, ""4"": 8, ""5"": 7, ""6"": 6, ""7"": 10, ""8"": 9, ""9"": 11, ""10"": 7, ""11"": 6}"
2333,2333,True,,mpeg4\random\mappings\sample_2333_seed_2333.csv,5.207698491948349,326.87368568068,1.2393301627935607,0,0.0001220908,0.0,484000.0,80000.0,1.5144047586414846,0.0011318263752835942,True,vec,16,"{""1"": 1, ""2"": 8, ""3"": 8, ""4"": 15, ""5"": 7, ""6"": 11, ""7"": 2, ""8"": 4, ""9"": 15, ""10"": 8, ""11"": 9}"
2334,2334,True,,mpeg4\random\mappings\sample_2334_seed_2334.csv,4.9771986525837715,326.20013218024,1.2705496732223245,0,0.0001226487,0.0,648000.0,60000.0,0.9828403826649489,0.0011356536934343596,True,vec,16,"{""1"": 10, ""2"": 12, ""3"": 3, ""4"": 1, ""5"": 15, ""6"": 0, ""7"": 5, ""8"": 12, ""9"": 4, ""10"": 11, ""11"": 11}"
2335,2335,True,,mpeg4\random\mappings\sample_2335_seed_2335.csv,5.200694921692377,325.90306918949,1.2464146215327698,0,0.0001218506,0.0,608000.0,72000.0,1.6240508757983607,0.0011307535517402264,True,vec,16,"{""1"": 10, ""2"": 0, ""3"": 13, ""4"": 3, ""5"": 0, ""6"": 15, ""7"": 15, ""8"": 9, ""9"": 3, ""10"": 4, ""11"": 9}"
2336,2336,True,,mpeg4\random\mappings\sample_2336_seed_2336.csv,5.8518776903127625,326.25806858472,1.1687340399266104,0,0.0001320888,0.0,500000.0,128000.0,2.2073682190729422,0.001185955584497849,True,vec,16,"{""1"": 14, ""2"": 14, ""3"": 8, ""4"": 1, ""5"": 5, ""6"": 14, ""7"": 8, ""8"": 12, ""9"": 8, ""10"": 9, ""11"": 11}"
2337,2337,True,,mpeg4\random\mappings\sample_2337_seed_2337.csv,5.795124559741265,327.28167642256,1.2441177744407161,1,0.0001218988,0.020599375,424000.0,120000.0,1.1372221156218305,0.0011306690301772517,True,vec,16,"{""1"": 8, ""2"": 13, ""3"": 11, ""4"": 15, ""5"": 10, ""6"": 10, ""7"": 3, ""8"": 9, ""9"": 8, ""10"": 4, ""11"": 5}"
2338,2338,True,,mpeg4\random\mappings\sample_2338_seed_2338.csv,4.7534837329032555,326.59261865737,1.0803221964819687,0,0.0001213181,0.0,428000.0,56000.0,1.3784435733669582,0.0011264051096127026,True,vec,16,"{""1"": 12, ""2"": 10, ""3"": 8, ""4"": 6, ""5"": 6, ""6"": 5, ""7"": 5, ""8"": 4, ""9"": 1, ""10"": 2, ""11"": 2}"
2339,2339,True,,mpeg4\random\mappings\sample_2339_seed_2339.csv,5.025052588175917,326.15663718506,1.1504266245691177,0,0.0001281468,0.0,520000.0,88000.0,0.9179298813080782,0.00116478159511972,True,vec,16,"{""1"": 2, ""2"": 8, ""3"": 12, ""4"": 11, ""5"": 10, ""6"": 13, ""7"": 11, ""8"": 3, ""9"": 6, ""10"": 6, ""11"": 1}"
2340,2340,True,,mpeg4\random\mappings\sample_2340_seed_2340.csv,4.7578072620535306,325.86413094077,1.0647961059267237,0,0.0001215028,0.0,360000.0,68000.0,1.549491516131685,0.0011276357888631218,True,vec,16,"{""1"": 5, ""2"": 9, ""3"": 10, ""4"": 4, ""5"": 9, ""6"": 11, ""7"": 8, ""8"": 4, ""9"": 3, ""10"": 11, ""11"": 3}"
2341,2341,True,,mpeg4\random\mappings\sample_2341_seed_2341.csv,5.129252813619124,326.08491245889,1.1410309931936744,0,0.0001220699,0.0,588000.0,96000.0,1.1021353581316302,0.0011316789954183368,True,vec,16,"{""1"": 13, ""2"": 10, ""3"": 2, ""4"": 7, ""5"": 5, ""6"": 14, ""7"": 4, ""8"": 5, ""9"": 12, ""10"": 2, ""11"": 3}"
2342,2342,True,,mpeg4\random\mappings\sample_2342_seed_2342.csv,5.262489360044336,326.84790499123,1.1509002527388519,0,0.0001214037,0.0,556000.0,104000.0,1.1591513390532058,0.0011275054275058066,True,vec,16,"{""1"": 6, ""2"": 4, ""3"": 14, ""4"": 3, ""5"": 10, ""6"": 11, ""7"": 6, ""8"": 8, ""9"": 12, ""10"": 8, ""11"": 4}"
2343,2343,True,,mpeg4\random\mappings\sample_2343_seed_2343.csv,4.471800631455907,325.89810344826,1.0800629135966637,0,0.0001212276,0.0,424000.0,40000.0,1.1635371837394808,0.0011259619500687981,True,vec,16,"{""1"": 1, ""2"": 7, ""3"": 2, ""4"": 8, ""5"": 2, ""6"": 10, ""7"": 6, ""8"": 5, ""9"": 14, ""10"": 5, ""11"": 12}"
2344,2344,True,,mpeg4\random\mappings\sample_2344_seed_2344.csv,4.675767377588457,326.91173155365,1.2522265549137224,0,0.0001217147,0.0,412000.0,48000.0,0.8960006578767029,0.001129665203037559,True,vec,16,"{""1"": 12, ""2"": 8, ""3"": 10, ""4"": 11, ""5"": 1, ""6"": 7, ""7"": 10, ""8"": 9, ""9"": 5, ""10"": 3, ""11"": 4}"
2345,2345,True,,mpeg4\random\mappings\sample_2345_seed_2345.csv,5.017782715807224,326.95318412903,1.2307370649542473,0,0.0001218407,0.0,580000.0,72000.0,0.900386502562978,0.0011307033049238523,True,vec,16,"{""1"": 15, ""2"": 6, ""3"": 3, ""4"": 12, ""5"": 11, ""6"": 8, ""7"": 13, ""8"": 1, ""9"": 12, ""10"": 6, ""11"": 9}"
2346,2346,True,,mpeg4\random\mappings\sample_2346_seed_2346.csv,5.487522409345225,327.27679749024,1.2536889115504704,1,0.0001215142,0.018229375,432000.0,60000.0,1.628436720484636,0.0011283224065316516,True,vec,16,"{""1"": 12, ""2"": 11, ""3"": 2, ""4"": 3, ""5"": 5, ""6"": 7, ""7"": 7, ""8"": 5, ""9"": 2, ""10"": 9, ""11"": 12}"
2347,2347,True,,mpeg4\random\mappings\sample_2347_seed_2347.csv,4.988854526823468,327.05751973786,1.1267266398684763,0,0.0001217636,0.0,380000.0,64000.0,1.738082837641512,0.001129413441889047,True,vec,16,"{""1"": 6, ""2"": 9, ""3"": 10, ""4"": 15, ""5"": 1, ""6"": 10, ""7"": 11, ""8"": 1, ""9"": 15, ""10"": 6, ""11"": 7}"
2348,2348,True,,mpeg4\random\mappings\sample_2348_seed_2348.csv,5.2115814492546955,327.38998507976,1.2435470728378686,1,0.0001212596,0.00768765625,272000.0,64000.0,1.352128505249308,0.0011265495663042005,True,vec,16,"{""1"": 5, ""2"": 7, ""3"": 3, ""4"": 6, ""5"": 1, ""6"": 9, ""7"": 10, ""8"": 5, ""9"": 13, ""10"": 9, ""11"": 3}"
2349,2349,True,,mpeg4\random\mappings\sample_2349_seed_2349.csv,4.873401082683005,325.88678840563,1.1248309278779838,0,0.0001217429,0.0,496000.0,72000.0,1.2731833008963571,0.0011293998581687122,True,vec,16,"{""1"": 11, ""2"": 6, ""3"": 1, ""4"": 4, ""5"": 7, ""6"": 10, ""7"": 0, ""8"": 13, ""9"": 10, ""10"": 6, ""11"": 1}"
2350,2350,True,,mpeg4\random\mappings\sample_2350_seed_2350.csv,5.016592934296788,325.85511077962,1.1004292819274881,0,0.0001226428,0.0,600000.0,84000.0,1.1591513390532058,0.0011343393407911924,True,vec,16,"{""1"": 7, ""2"": 13, ""3"": 10, ""4"": 1, ""5"": 7, ""6"": 2, ""7"": 14, ""8"": 4, ""9"": 12, ""10"": 0, ""11"": 10}"
2351,2351,True,,mpeg4\random\mappings\sample_2351_seed_2351.csv,5.206516238598288,327.32289547515,1.3105192637830565,1,0.0001221636,0.0027142857142856878,416000.0,56000.0,1.0495052218963297,0.0011325015265537255,True,vec,16,"{""1"": 15, ""2"": 7, ""3"": 13, ""4"": 2, ""5"": 4, ""6"": 3, ""7"": 2, ""8"": 14, ""9"": 1, ""10"": 3, ""11"": 6}"
2352,2352,True,,mpeg4\random\mappings\sample_2352_seed_2352.csv,5.296035528017638,327.30468009568,1.2714492077329413,1,0.0001219419,0.008814962121211875,468000.0,72000.0,0.803897919464927,0.001131273319451192,True,vec,16,"{""1"": 13, ""2"": 9, ""3"": 1, ""4"": 14, ""5"": 3, ""6"": 7, ""7"": 8, ""8"": 15, ""9"": 4, ""10"": 10, ""11"": 15}"
2353,2353,True,,mpeg4\random\mappings\sample_2353_seed_2353.csv,5.036981840395949,325.99444806551,1.2290616049204344,0,0.0001213927,0.0,448000.0,72000.0,1.6187878621748308,0.0011278008950289958,True,vec,16,"{""1"": 7, ""2"": 2, ""3"": 1, ""4"": 14, ""5"": 8, ""6"": 8, ""7"": 13, ""8"": 2, ""9"": 11, ""10"": 4, ""11"": 1}"
2354,2354,True,,mpeg4\random\mappings\sample_2354_seed_2354.csv,5.5265210313647835,325.68295327781,1.1996178978888388,0,0.0001225628,0.0,620000.0,128000.0,1.3959869521120583,0.001134529624867015,True,vec,16,"{""1"": 12, ""2"": 7, ""3"": 11, ""4"": 14, ""5"": 5, ""6"": 12, ""7"": 10, ""8"": 10, ""9"": 9, ""10"": 0, ""11"": 5}"
2355,2355,True,,mpeg4\random\mappings\sample_2355_seed_2355.csv,5.406028179914884,327.57911242245,1.1658378270681478,1,0.0001223636,0.067956597222225,516000.0,48000.0,0.7249527151119761,0.0011336259736578146,True,vec,16,"{""1"": 9, ""2"": 0, ""3"": 2, ""4"": 14, ""5"": 13, ""6"": 6, ""7"": 7, ""8"": 8, ""9"": 8, ""10"": 3, ""11"": 1}"
2356,2356,True,,mpeg4\random\mappings\sample_2356_seed_2356.csv,5.132934309489559,325.98625395685,1.228359520402779,0,0.0001215796,0.0,496000.0,112000.0,0.8565280557002275,0.0011288692948392934,True,vec,16,"{""1"": 12, ""2"": 13, ""3"": 7, ""4"": 4, ""5"": 3, ""6"": 14, ""7"": 15, ""8"": 6, ""9"": 12, ""10"": 6, ""11"": 9}"
2357,2357,True,,mpeg4\random\mappings\sample_2357_seed_2357.csv,4.8649609185857825,325.66502049099,1.1833626108650799,0,0.000122076,0.0,400000.0,52000.0,1.8872015569748637,0.0011310050235721274,True,vec,16,"{""1"": 10, ""2"": 6, ""3"": 5, ""4"": 8, ""5"": 8, ""6"": 0, ""7"": 11, ""8"": 5, ""9"": 4, ""10"": 5, ""11"": 10}"
2358,2358,True,,mpeg4\random\mappings\sample_2358_seed_2358.csv,5.188153728215308,325.97337314647,1.2335379848458548,0,0.0001213998,0.0,648000.0,96000.0,0.9617883281708286,0.0011283125156360246,True,vec,16,"{""1"": 14, ""2"": 8, ""3"": 10, ""4"": 11, ""5"": 7, ""6"": 15, ""7"": 12, ""8"": 3, ""9"": 4, ""10"": 3, ""11"": 8}"
2359,2359,True,,mpeg4\random\mappings\sample_2359_seed_2359.csv,5.939528772361521,327.15472203514,1.1810030839149646,1,0.0001218568,2.9375e-05,564000.0,76000.0,2.663496066445547,0.0011305112838156499,True,vec,16,"{""1"": 2, ""2"": 1, ""3"": 13, ""4"": 7, ""5"": 1, ""6"": 7, ""7"": 1, ""8"": 7, ""9"": 0, ""10"": 2, ""11"": 8}"
2360,2360,True,,mpeg4\random\mappings\sample_2360_seed_2360.csv,4.504046933640927,326.18093437484,1.2080561279156246,0,0.0001219587,0.0,352000.0,56000.0,0.6986376469943258,0.001130399608752082,True,vec,16,"{""1"": 14, ""2"": 6, ""3"": 1, ""4"": 4, ""5"": 0, ""6"": 5, ""7"": 8, ""8"": 15, ""9"": 10, ""10"": 9, ""11"": 9}"
2361,2361,True,,mpeg4\random\mappings\sample_2361_seed_2361.csv,5.37073864098523,326.30002956805,1.1758655070922817,0,0.0001324888,0.0,636000.0,96000.0,1.1547654943669308,0.0011888377348117493,True,vec,16,"{""1"": 8, ""2"": 1, ""3"": 3, ""4"": 15, ""5"": 0, ""6"": 11, ""7"": 5, ""8"": 14, ""9"": 3, ""10"": 5, ""11"": 1}"
2362,2362,True,,mpeg4\random\mappings\sample_2362_seed_2362.csv,5.839513885687336,327.3377829581,1.2610619875814206,2,0.0001218117,0.009348125,668000.0,72000.0,0.9617883281708286,0.0011315078167973723,True,vec,16,"{""1"": 12, ""2"": 1, ""3"": 7, ""4"": 8, ""5"": 3, ""6"": 5, ""7"": 10, ""8"": 7, ""9"": 15, ""10"": 14, ""11"": 0}"
2363,2363,True,,mpeg4\random\mappings\sample_2363_seed_2363.csv,5.2816174771024915,326.34788666953,1.2152146431475188,0,0.0001221148,0.0,424000.0,92000.0,1.825799731367013,0.0011312571441327588,True,vec,16,"{""1"": 5, ""2"": 7, ""3"": 14, ""4"": 6, ""5"": 7, ""6"": 0, ""7"": 6, ""8"": 11, ""9"": 5, ""10"": 0, ""11"": 5}"
2364,2364,True,,mpeg4\random\mappings\sample_2364_seed_2364.csv,5.280884323328228,325.82745161887,1.1775415867423007,0,0.0001282037,0.0,580000.0,88000.0,1.5187906033277596,0.0011652445693957133,True,vec,16,"{""1"": 9, ""2"": 11, ""3"": 0, ""4"": 7, ""5"": 11, ""6"": 0, ""7"": 14, ""8"": 8, ""9"": 2, ""10"": 2, ""11"": 13}"
2365,2365,True,,mpeg4\random\mappings\sample_2365_seed_2365.csv,4.676630578724154,325.82333939913,1.177650680389722,0,0.0001218127,0.0,516000.0,64000.0,0.7424960938570763,0.001130307850740167,True,vec,16,"{""1"": 2, ""2"": 1, ""3"": 4, ""4"": 11, ""5"": 14, ""6"": 15, ""7"": 7, ""8"": 13, ""9"": 5, ""10"": 11, ""11"": 10}"
2366,2366,True,,mpeg4\random\mappings\sample_2366_seed_2366.csv,5.736313657867625,327.2605856499,1.3592253482486607,1,0.0001223449,0.006676111111111251,660000.0,72000.0,1.374057728680683,0.0011346022976373665,True,vec,16,"{""1"": 11, ""2"": 13, ""3"": 0, ""4"": 0, ""5"": 4, ""6"": 15, ""7"": 5, ""8"": 3, ""9"": 2, ""10"": 11, ""11"": 13}"
2367,2367,True,,mpeg4\random\mappings\sample_2367_seed_2367.csv,5.009800947937096,325.886658833,1.1661747059936132,0,0.0001210636,0.0,452000.0,80000.0,1.5319481373865849,0.0011255508446951807,True,vec,16,"{""1"": 12, ""2"": 8, ""3"": 13, ""4"": 13, ""5"": 5, ""6"": 9, ""7"": 8, ""8"": 7, ""9"": 7, ""10"": 4, ""11"": 4}"
2368,2368,True,,mpeg4\random\mappings\sample_2368_seed_2368.csv,5.29251463118007,326.95689518494,1.1235780029981377,0,0.0001214516,0.0,524000.0,104000.0,1.3556371809983279,0.0011279687273519344,True,vec,16,"{""1"": 11, ""2"": 9, ""3"": 11, ""4"": 0, ""5"": 14, ""6"": 5, ""7"": 6, ""8"": 9, ""9"": 15, ""10"": 14, ""11"": 8}"
2369,2369,True,,mpeg4\random\mappings\sample_2369_seed_2369.csv,5.9582707564582,327.25993882726,1.1851572234746794,1,0.0001323158,0.007656944444444375,752000.0,108000.0,0.9617883281708286,0.0011885634550665458,True,vec,16,"{""1"": 12, ""2"": 2, ""3"": 10, ""4"": 4, ""5"": 13, ""6"": 15, ""7"": 6, ""8"": 3, ""9"": 0, ""10"": 6, ""11"": 13}"
2370,2370,True,,mpeg4\random\mappings\sample_2370_seed_2370.csv,6.225540461954567,327.20235955015,1.2334638799610458,1,0.0001265457,0.0018356060606060625,540000.0,116000.0,2.317014336229818,0.0011561852479433188,True,vec,16,"{""1"": 12, ""2"": 4, ""3"": 7, ""4"": 14, ""5"": 7, ""6"": 4, ""7"": 7, ""8"": 0, ""9"": 9, ""10"": 9, ""11"": 0}"
2371,2371,True,,mpeg4\random\mappings\sample_2371_seed_2371.csv,4.961782871318277,325.72301230568,1.176427084223043,0,0.0001217948,0.0,524000.0,72000.0,1.3828294180532332,0.0011298363026276273,True,vec,16,"{""1"": 0, ""2"": 5, ""3"": 7, ""4"": 7, ""5"": 12, ""6"": 13, ""7"": 11, ""8"": 14, ""9"": 13, ""10"": 5, ""11"": 2}"
2372,2372,True,,mpeg4\random\mappings\sample_2372_seed_2372.csv,5.887827935443106,328.16202376254,1.1783420256410024,1,0.0001214019,0.04746540178571437,672000.0,88000.0,0.9223157259943532,0.001128893867509749,True,vec,16,"{""1"": 13, ""2"": 12, ""3"": 5, ""4"": 15, ""5"": 10, ""6"": 7, ""7"": 13, ""8"": 6, ""9"": 8, ""10"": 12, ""11"": 2}"
2373,2373,True,,mpeg4\random\mappings\sample_2373_seed_2373.csv,5.406215574754195,325.78155848739,1.1807245540687634,0,0.0001318443,0.0,500000.0,68000.0,2.422274608700419,0.0011846851702692017,True,vec,16,"{""1"": 12, ""2"": 2, ""3"": 6, ""4"": 13, ""5"": 13, ""6"": 11, ""7"": 11, ""8"": 12, ""9"": 11, ""10"": 13, ""11"": 2}"
2374,2374,True,,mpeg4\random\mappings\sample_2374_seed_2374.csv,5.12636636184798,327.39168358166,1.235832928434685,1,0.0001222996,0.027825347222222498,400000.0,48000.0,0.7863545407198268,0.0011330259610071469,True,vec,16,"{""1"": 10, ""2"": 15, ""3"": 9, ""4"": 12, ""5"": 1, ""6"": 11, ""7"": 7, ""8"": 6, ""9"": 5, ""10"": 11, ""11"": 14}"
2375,2375,True,,mpeg4\random\mappings\sample_2375_seed_2375.csv,5.749038537723954,327.60136612678,1.2427661755310158,1,0.0001217949,0.061275,540000.0,60000.0,1.3126559030728324,0.0011308592129419535,True,vec,16,"{""1"": 8, ""2"": 4, ""3"": 6, ""4"": 6, ""5"": 11, ""6"": 0, ""7"": 7, ""8"": 13, ""9"": 8, ""10"": 11, ""11"": 12}"
2376,2376,True,,mpeg4\random\mappings\sample_2376_seed_2376.csv,5.347892170274256,326.41984337421,1.2370992168531711,0,0.0001215768,0.0,568000.0,88000.0,1.6635234779748362,0.0011290509907085538,True,vec,16,"{""1"": 11, ""2"": 9, ""3"": 9, ""4"": 12, ""5"": 3, ""6"": 14, ""7"": 5, ""8"": 14, ""9"": 4, ""10"": 12, ""11"": 4}"
2377,2377,True,,mpeg4\random\mappings\sample_2377_seed_2377.csv,5.157087718365486,325.19268849188,1.0210269643850893,0,0.0001215277,0.0,412000.0,96000.0,2.206491050135687,0.0011271831318411373,True,vec,16,"{""1"": 14, ""2"": 10, ""3"": 4, ""4"": 2, ""5"": 10, ""6"": 6, ""7"": 4, ""8"": 10, ""9"": 1, ""10"": 14, ""11"": 2}"
2378,2378,True,,mpeg4\random\mappings\sample_2378_seed_2378.csv,5.177855280678335,325.93858484222,1.284754966399797,0,0.0001215956,0.0,556000.0,64000.0,1.7950988185630876,0.0011290679937280333,True,vec,16,"{""1"": 3, ""2"": 10, ""3"": 15, ""4"": 15, ""5"": 5, ""6"": 14, ""7"": 15, ""8"": 12, ""9"": 4, ""10"": 9, ""11"": 3}"
2379,2379,True,,mpeg4\random\mappings\sample_2379_seed_2379.csv,5.478199502891293,326.38040192965,1.0779962682000173,0,0.0001206108,0.0,360000.0,96000.0,2.8082289410926236,0.0011223818152112615,True,vec,16,"{""1"": 6, ""2"": 5, ""3"": 12, ""4"": 6, ""5"": 5, ""6"": 5, ""7"": 5, ""8"": 10, ""9"": 15, ""10"": 1, ""11"": 0}"
2380,2380,True,,mpeg4\random\mappings\sample_2380_seed_2380.csv,5.500671864510587,326.33338600421,1.248346025320476,0,0.0001326669,0.0,676000.0,120000.0,0.6986376469943258,0.001190612381333944,True,vec,16,"{""1"": 13, ""2"": 6, ""3"": 12, ""4"": 5, ""5"": 0, ""6"": 4, ""7"": 14, ""8"": 7, ""9"": 10, ""10"": 14, ""11"": 2}"
2381,2381,True,,mpeg4\random\mappings\sample_2381_seed_2381.csv,5.2911513243603965,326.92341552824,1.2763739733662602,0,0.0001221788,0.0,528000.0,88000.0,1.352128505249308,0.0011330261432617587,True,vec,16,"{""1"": 6, ""2"": 3, ""3"": 0, ""4"": 2, ""5"": 10, ""6"": 0, ""7"": 3, ""8"": 11, ""9"": 7, ""10"": 4, ""11"": 14}"
2382,2382,True,,mpeg4\random\mappings\sample_2382_seed_2382.csv,4.827589563653477,325.91015529986,1.206484773366453,0,0.0001213043,0.0,412000.0,68000.0,1.2907266796414572,0.001126828558568059,True,vec,16,"{""1"": 15, ""2"": 8, ""3"": 8, ""4"": 9, ""5"": 14, ""6"": 2, ""7"": 2, ""8"": 6, ""9"": 10, ""10"": 0, ""11"": 11}"
2383,2383,True,,mpeg4\random\mappings\sample_2383_seed_2383.csv,5.256811453120918,327.27944157758,1.253925193158634,1,0.0001224427,0.0175515,428000.0,60000.0,0.9617883281708286,0.001133795307319929,True,vec,16,"{""1"": 13, ""2"": 5, ""3"": 3, ""4"": 7, ""5"": 9, ""6"": 8, ""7"": 10, ""8"": 0, ""9"": 9, ""10"": 8, ""11"": 14}"
2384,2384,True,,mpeg4\random\mappings\sample_2384_seed_2384.csv,5.035361884182893,326.35083393988,1.2079341850792211,0,0.0001218067,0.0,520000.0,80000.0,1.1635371837394808,0.0011304924227500833,True,vec,16,"{""1"": 12, ""2"": 6, ""3"": 8, ""4"": 9, ""5"": 8, ""6"": 5, ""7"": 0, ""8"": 4, ""9"": 7, ""10"": 6, ""11"": 3}"
2385,2385,True,,mpeg4\random\mappings\sample_2385_seed_2385.csv,4.737601444818044,325.81938447815,1.1227176866960116,0,0.0001216142,0.0,504000.0,72000.0,0.8960006578767029,0.0011285778761260259,True,vec,16,"{""1"": 15, ""2"": 0, ""3"": 8, ""4"": 7, ""5"": 11, ""6"": 9, ""7"": 9, ""8"": 14, ""9"": 5, ""10"": 2, ""11"": 10}"
2386,2386,True,,mpeg4\random\mappings\sample_2386_seed_2386.csv,4.735675287824391,325.81463293988,1.179310060853869,0,0.0001212116,0.0,488000.0,64000.0,1.0056467750335791,0.0011268052444725007,True,vec,16,"{""1"": 13, ""2"": 10, ""3"": 6, ""4"": 13, ""5"": 7, ""6"": 15, ""7"": 11, ""8"": 5, ""9"": 7, ""10"": 0, ""11"": 1}"
2387,2387,True,,mpeg4\random\mappings\sample_2387_seed_2387.csv,6.136185364648703,327.39446505384,1.2724224478397426,1,0.0001220168,0.01185944767441875,544000.0,128000.0,1.637208409857186,0.0011322532214573268,True,vec,16,"{""1"": 0, ""2"": 3, ""3"": 4, ""4"": 6, ""5"": 4, ""6"": 3, ""7"": 5, ""8"": 5, ""9"": 2, ""10"": 15, ""11"": 7}"
2388,2388,True,,mpeg4\random\mappings\sample_2388_seed_2388.csv,5.667230160956052,327.22493017372,1.285659824272951,1,0.000122529,0.0018078947368421249,692000.0,92000.0,0.8828431238178778,0.0011352817411042064,True,vec,16,"{""1"": 5, ""2"": 12, ""3"": 10, ""4"": 13, ""5"": 12, ""6"": 15, ""7"": 1, ""8"": 11, ""9"": 2, ""10"": 4, ""11"": 8}"
2389,2389,True,,mpeg4\random\mappings\sample_2389_seed_2389.csv,5.22327463568791,325.97052079413,1.1583076891511277,0,0.0001276356,0.0,412000.0,92000.0,1.738082837641512,0.0011617541598514802,True,vec,16,"{""1"": 6, ""2"": 0, ""3"": 15, ""4"": 9, ""5"": 15, ""6"": 6, ""7"": 3, ""8"": 10, ""9"": 10, ""10"": 10, ""11"": 7}"
2390,2390,True,,mpeg4\random\mappings\sample_2390_seed_2390.csv,5.105434277905744,326.43176598309,1.2705971515669305,0,0.0001217797,0.0,536000.0,72000.0,1.3389709711904827,0.0011307329008058554,True,vec,16,"{""1"": 15, ""2"": 11, ""3"": 2, ""4"": 10, ""5"": 3, ""6"": 4, ""7"": 6, ""8"": 2, ""9"": 2, ""10"": 14, ""11"": 7}"
2391,2391,True,,mpeg4\random\mappings\sample_2391_seed_2391.csv,5.659695374476269,326.27799541801,1.2915896947271865,0,0.0001325388,0.0,668000.0,92000.0,1.7293111482689618,0.0011899887772961978,True,vec,16,"{""1"": 7, ""2"": 3, ""3"": 12, ""4"": 12, ""5"": 14, ""6"": 15, ""7"": 6, ""8"": 9, ""9"": 10, ""10"": 6, ""11"": 12}"
2392,2392,True,,mpeg4\random\mappings\sample_2392_seed_2392.csv,6.699586255117761,327.73779261577,1.2678319695942588,1,0.0001216737,0.1404290625,576000.0,136000.0,0.8512650420766975,0.001131400472487915,True,vec,16,"{""1"": 9, ""2"": 14, ""3"": 8, ""4"": 12, ""5"": 7, ""6"": 10, ""7"": 13, ""8"": 14, ""9"": 0, ""10"": 3, ""11"": 15}"
2393,2393,True,,mpeg4\random\mappings\sample_2393_seed_2393.csv,5.356489986452122,327.0008339018,1.227839311382174,0,0.0001218157,0.0,688000.0,84000.0,1.2907266796414572,0.0011310536533962916,True,vec,16,"{""1"": 1, ""2"": 6, ""3"": 12, ""4"": 0, ""5"": 7, ""6"": 8, ""7"": 0, ""8"": 10, ""9"": 1, ""10"": 3, ""11"": 8}"
2394,2394,True,,mpeg4\random\mappings\sample_2394_seed_2394.csv,5.394752092831285,326.04034678981,1.187970275325646,0,0.0001214998,0.0,468000.0,88000.0,2.290699268112168,0.0011281588206642802,True,vec,16,"{""1"": 14, ""2"": 10, ""3"": 14, ""4"": 2, ""5"": 12, ""6"": 7, ""7"": 14, ""8"": 12, ""9"": 7, ""10"": 12, ""11"": 6}"
2395,2395,True,,mpeg4\random\mappings\sample_2395_seed_2395.csv,5.505094853185467,326.87293415613,1.167425351452168,0,0.0001221881,0.0,676000.0,116000.0,1.180203393547326,0.0011328795733547244,True,vec,16,"{""1"": 8, ""2"": 10, ""3"": 8, ""4"": 7, ""5"": 9, ""6"": 0, ""7"": 15, ""8"": 10, ""9"": 14, ""10"": 12, ""11"": 2}"
2396,2396,True,,mpeg4\random\mappings\sample_2396_seed_2396.csv,4.976376558990921,325.96809098328,1.220992910072763,0,0.0001211927,0.0,408000.0,84000.0,1.3170417477591074,0.0011264885223088326,True,vec,16,"{""1"": 4, ""2"": 6, ""3"": 6, ""4"": 10, ""5"": 11, ""6"": 3, ""7"": 1, ""8"": 15, ""9"": 15, ""10"": 2, ""11"": 4}"
2397,2397,True,,mpeg4\random\mappings\sample_2397_seed_2397.csv,5.418292303122371,327.22387698567,1.2147858282876371,1,0.0001218977,0.0037243055555555627,584000.0,72000.0,1.0670486006414297,0.0011311309601215178,True,vec,16,"{""1"": 2, ""2"": 15, ""3"": 3, ""4"": 1, ""5"": 5, ""6"": 8, ""7"": 5, ""8"": 2, ""9"": 10, ""10"": 7, ""11"": 14}"
2398,2398,True,,mpeg4\random\mappings\sample_2398_seed_2398.csv,5.039993097689973,326.10459645259,1.0943308629652397,0,0.0001226187,0.0,604000.0,96000.0,0.8828431238178778,0.001134577759992262,True,vec,16,"{""1"": 9, ""2"": 7, ""3"": 13, ""4"": 6, ""5"": 3, ""6"": 8, ""7"": 10, ""8"": 4, ""9"": 7, ""10"": 4, ""11"": 15}"
2399,2399,True,,mpeg4\random\mappings\sample_2399_seed_2399.csv,5.189407361882912,326.73727393975,1.2269038626790312,0,0.0001206576,0.0,372000.0,88000.0,1.7029960801513115,0.001123463586817368,True,vec,16,"{""1"": 10, ""2"": 10, ""3"": 14, ""4"": 13, ""5"": 11, ""6"": 10, ""7"": 9, ""8"": 7, ""9"": 13, ""10"": 0, ""11"": 15}"
2400,2400,True,,mpeg4\random\mappings\sample_2400_seed_2400.csv,5.114927056747028,326.82690552452,1.2710666244205158,0,0.0001216339,0.0,536000.0,72000.0,1.2512540774649819,0.0011299936900200777,True,vec,16,"{""1"": 2, ""2"": 2, ""3"": 1, ""4"": 8, ""5"": 4, ""6"": 3, ""7"": 14, ""8"": 15, ""9"": 15, ""10"": 2, ""11"": 0}"
2401,2401,True,,mpeg4\random\mappings\sample_2401_seed_2401.csv,4.9549531825985484,326.43512389552,1.0934578144717553,0,0.0001208877,0.0,496000.0,64000.0,1.6187878621748308,0.0011243765529408637,True,vec,16,"{""1"": 1, ""2"": 6, ""3"": 13, ""4"": 15, ""5"": 9, ""6"": 9, ""7"": 4, ""8"": 6, ""9"": 12, ""10"": 3, ""11"": 13}"
2402,2402,True,,mpeg4\random\mappings\sample_2402_seed_2402.csv,5.5830084393198645,326.37745294873,1.2036452344692774,0,0.0001213877,0.0,548000.0,76000.0,2.746827115484773,0.0011281792665955234,True,vec,16,"{""1"": 2, ""2"": 8, ""3"": 9, ""4"": 15, ""5"": 9, ""6"": 15, ""7"": 10, ""8"": 15, ""9"": 9, ""10"": 3, ""11"": 10}"
2403,2403,True,,mpeg4\random\mappings\sample_2403_seed_2403.csv,4.954439052139495,326.40801277492,1.2093101298956637,0,0.0001224827,0.0,456000.0,68000.0,1.3345851265042077,0.0011336645999706924,True,vec,16,"{""1"": 2, ""2"": 15, ""3"": 3, ""4"": 6, ""5"": 7, ""6"": 5, ""7"": 2, ""8"": 3, ""9"": 8, ""10"": 6, ""11"": 4}"
2404,2404,True,,mpeg4\random\mappings\sample_2404_seed_2404.csv,5.7253049087039996,327.37828131203,1.1997500770197302,1,0.0001213556,0.018239962121211876,596000.0,72000.0,1.6810668567199365,0.0011278951792125748,True,vec,16,"{""1"": 13, ""2"": 2, ""3"": 1, ""4"": 10, ""5"": 10, ""6"": 14, ""7"": 10, ""8"": 0, ""9"": 4, ""10"": 5, ""11"": 0}"
2405,2405,True,,mpeg4\random\mappings\sample_2405_seed_2405.csv,5.771682894104757,327.20615455386,1.2155502950308175,1,0.0001222739,0.00253715277777775,600000.0,112000.0,1.1328362709355555,0.0011333559712374552,True,vec,16,"{""1"": 7, ""2"": 15, ""3"": 7, ""4"": 5, ""5"": 10, ""6"": 13, ""7"": 2, ""8"": 14, ""9"": 1, ""10"": 6, ""11"": 14}"
2406,2406,True,,mpeg4\random\mappings\sample_2406_seed_2406.csv,5.3036580893253635,326.1590930214,1.2583299062285798,0,0.0001225298,0.0,368000.0,84000.0,2.1678956168964665,0.0011337600590751102,True,vec,16,"{""1"": 13, ""2"": 10, ""3"": 2, ""4"": 15, ""5"": 13, ""6"": 15, ""7"": 6, ""8"": 9, ""9"": 13, ""10"": 14, ""11"": 13}"
2407,2407,True,,mpeg4\random\mappings\sample_2407_seed_2407.csv,5.545346056366341,326.33919009778,1.2818727693329814,0,0.0001213368,0.0,472000.0,136000.0,1.3345851265042077,0.001128020553263573,True,vec,16,"{""1"": 12, ""2"": 13, ""3"": 11, ""4"": 4, ""5"": 11, ""6"": 12, ""7"": 5, ""8"": 8, ""9"": 6, ""10"": 14, ""11"": 9}"
2408,2408,True,,mpeg4\random\mappings\sample_2408_seed_2408.csv,4.789617066890603,325.97631489393,1.209286062333961,0,0.0001219397,0.0,476000.0,68000.0,0.9617883281708286,0.0011306487346344626,True,vec,16,"{""1"": 12, ""2"": 0, ""3"": 3, ""4"": 5, ""5"": 1, ""6"": 2, ""7"": 10, ""8"": 10, ""9"": 0, ""10"": 7, ""11"": 14}"
2409,2409,True,,mpeg4\random\mappings\sample_2409_seed_2409.csv,4.93568839943754,326.00577329831,1.2373632759397821,0,0.0001220087,0.0,504000.0,72000.0,1.1372221156218305,0.001131382147190925,True,vec,16,"{""1"": 12, ""2"": 9, ""3"": 4, ""4"": 7, ""5"": 7, ""6"": 15, ""7"": 13, ""8"": 8, ""9"": 4, ""10"": 11, ""11"": 10}"
2410,2410,True,,mpeg4\random\mappings\sample_2410_seed_2410.csv,5.649186920127688,326.09215587148,1.1949509921509516,0,0.0001330418,0.0,708000.0,96000.0,1.751240371700337,0.0011919989023876942,True,vec,16,"{""1"": 3, ""2"": 4, ""3"": 11, ""4"": 11, ""5"": 12, ""6"": 2, ""7"": 4, ""8"": 8, ""9"": 4, ""10"": 2, ""11"": 10}"
2411,2411,True,,mpeg4\random\mappings\sample_2411_seed_2411.csv,5.6935267038785895,327.24663302789,1.2359956435258133,1,0.0001219207,0.006036458333333313,504000.0,104000.0,1.2512540774649819,0.0011312754657158812,True,vec,16,"{""1"": 3, ""2"": 7, ""3"": 12, ""4"": 3, ""5"": 9, ""6"": 1, ""7"": 9, ""8"": 0, ""9"": 2, ""10"": 7, ""11"": 4}"
2412,2412,True,,mpeg4\random\mappings\sample_2412_seed_2412.csv,4.758688153973779,326.18397881621,1.139347239221829,0,0.0001215757,0.0,496000.0,48000.0,1.374057728680683,0.0011285816986910402,True,vec,16,"{""1"": 10, ""2"": 15, ""3"": 12, ""4"": 14, ""5"": 10, ""6"": 5, ""7"": 0, ""8"": 0, ""9"": 13, ""10"": 10, ""11"": 7}"
2413,2413,True,,mpeg4\random\mappings\sample_2413_seed_2413.csv,4.939526216228035,326.28715661671,1.1757480055655367,0,0.000122268,0.0,588000.0,72000.0,0.9617883281708286,0.0011331022209228093,True,vec,16,"{""1"": 13, ""2"": 5, ""3"": 6, ""4"": 14, ""5"": 3, ""6"": 8, ""7"": 3, ""8"": 15, ""9"": 13, ""10"": 10, ""11"": 0}"
2414,2414,True,,mpeg4\random\mappings\sample_2414_seed_2414.csv,5.29122353175556,326.09557395801,1.1738616396864023,0,0.0001228488,0.0,608000.0,104000.0,1.2249390093473316,0.0011360793143620836,True,vec,16,"{""1"": 5, ""2"": 15, ""3"": 1, ""4"": 9, ""5"": 7, ""6"": 15, ""7"": 9, ""8"": 0, ""9"": 6, ""10"": 10, ""11"": 13}"
2415,2415,True,,mpeg4\random\mappings\sample_2415_seed_2415.csv,5.0379487127453055,326.17719102967,1.2054880980927283,0,0.0001212869,0.0,564000.0,72000.0,1.3082700583865574,0.0011274205897386725,True,vec,16,"{""1"": 7, ""2"": 7, ""3"": 2, ""4"": 4, ""5"": 9, ""6"": 15, ""7"": 8, ""8"": 5, ""9"": 13, ""10"": 4, ""11"": 15}"
2416,2416,True,,mpeg4\random\mappings\sample_2416_seed_2416.csv,4.817344075840267,325.75163397687,1.13923332108181,0,0.0001212556,0.0,348000.0,72000.0,1.5407198267591349,0.001126134032635446,True,vec,16,"{""1"": 10, ""2"": 14, ""3"": 6, ""4"": 2, ""5"": 14, ""6"": 8, ""7"": 4, ""8"": 6, ""9"": 10, ""10"": 9, ""11"": 9}"
2417,2417,True,,mpeg4\random\mappings\sample_2417_seed_2417.csv,5.213032652025005,326.15388857057,1.1836278883729594,0,0.0001211636,0.0,484000.0,72000.0,2.080178723170966,0.001126322976698063,True,vec,16,"{""1"": 0, ""2"": 9, ""3"": 13, ""4"": 6, ""5"": 14, ""6"": 13, ""7"": 14, ""8"": 15, ""9"": 13, ""10"": 4, ""11"": 6}"
2418,2418,True,,mpeg4\random\mappings\sample_2418_seed_2418.csv,5.863275517593927,327.22713254607,1.313591510132552,1,0.0001322258,0.0026616666666666876,672000.0,72000.0,1.5319481373865849,0.0011884077455273803,True,vec,16,"{""1"": 7, ""2"": 14, ""3"": 12, ""4"": 9, ""5"": 12, ""6"": 3, ""7"": 5, ""8"": 8, ""9"": 12, ""10"": 5, ""11"": 15}"
2419,2419,True,,mpeg4\random\mappings\sample_2419_seed_2419.csv,4.69399939566755,326.47359522385,1.1316465732429342,0,0.0001219419,0.0,420000.0,56000.0,1.1328362709355555,0.0011303879816719127,True,vec,16,"{""1"": 1, ""2"": 5, ""3"": 10, ""4"": 8, ""5"": 6, ""6"": 13, ""7"": 0, ""8"": 0, ""9"": 15, ""10"": 12, ""11"": 10}"
2420,2420,True,,mpeg4\random\mappings\sample_2420_seed_2420.csv,4.693060592517657,326.46799601507,1.1732605154812186,0,0.0001222036,0.0,308000.0,56000.0,1.3345851265042077,0.0011317267809176517,True,vec,16,"{""1"": 10, ""2"": 7, ""3"": 1, ""4"": 6, ""5"": 2, ""6"": 6, ""7"": 10, ""8"": 11, ""9"": 3, ""10"": 14, ""11"": 14}"
2421,2421,True,,mpeg4\random\mappings\sample_2421_seed_2421.csv,5.410501582903123,325.99268967933,1.2549750108110589,0,0.0001215583,0.0,548000.0,104000.0,1.6240508757983607,0.0011289579449414323,True,vec,16,"{""1"": 0, ""2"": 3, ""3"": 8, ""4"": 4, ""5"": 7, ""6"": 1, ""7"": 1, ""8"": 4, ""9"": 7, ""10"": 9, ""11"": 3}"
2422,2422,True,,mpeg4\random\mappings\sample_2422_seed_2422.csv,5.328450237254421,326.4231229702,1.276669339321924,0,0.0001227598,0.0,664000.0,80000.0,1.4003727967983335,0.0011362371329231092,True,vec,16,"{""1"": 15, ""2"": 0, ""3"": 7, ""4"": 15, ""5"": 8, ""6"": 8, ""7"": 1, ""8"": 9, ""9"": 4, ""10"": 12, ""11"": 12}"
2423,2423,True,,mpeg4\random\mappings\sample_2423_seed_2423.csv,5.0482076060274546,326.92907449215,1.203889985970516,0,0.0001227167,0.0,548000.0,96000.0,0.5670623064060744,0.001135551989200727,True,vec,16,"{""1"": 7, ""2"": 1, ""3"": 15, ""4"": 10, ""5"": 8, ""6"": 6, ""7"": 3, ""8"": 5, ""9"": 14, ""10"": 2, ""11"": 9}"
2424,2424,True,,mpeg4\random\mappings\sample_2424_seed_2424.csv,5.114809514404282,327.05089148073,1.2515755757815745,0,0.0001217956,0.0,512000.0,72000.0,1.2863408349551821,0.0011301140842425264,True,vec,16,"{""1"": 9, ""2"": 0, ""3"": 2, ""4"": 14, ""5"": 5, ""6"": 15, ""7"": 14, ""8"": 12, ""9"": 8, ""10"": 15, ""11"": 0}"
2425,2425,True,,mpeg4\random\mappings\sample_2425_seed_2425.csv,4.828924273884952,326.56395794233,1.2990305203688008,0,0.0001219318,0.0,348000.0,64000.0,1.1372221156218305,0.0011306777440230947,True,vec,16,"{""1"": 8, ""2"": 9, ""3"": 10, ""4"": 14, ""5"": 8, ""6"": 12, ""7"": 15, ""8"": 0, ""9"": 8, ""10"": 13, ""11"": 5}"
2426,2426,True,,mpeg4\random\mappings\sample_2426_seed_2426.csv,5.32721973113668,325.96545086929,1.2351403068757356,0,0.0001223317,0.0,636000.0,72000.0,1.8959732463474137,0.0011336752177879016,True,vec,16,"{""1"": 15, ""2"": 0, ""3"": 2, ""4"": 15, ""5"": 0, ""6"": 11, ""7"": 14, ""8"": 6, ""9"": 11, ""10"": 0, ""11"": 14}"
2427,2427,True,,mpeg4\random\mappings\sample_2427_seed_2427.csv,5.873309872877985,325.5585319566,1.0864500346444925,0,0.0001540257,0.0,588000.0,72000.0,2.925769578684795,0.0013023693471343714,True,vec,16,"{""1"": 13, ""2"": 7, ""3"": 7, ""4"": 13, ""5"": 2, ""6"": 4, ""7"": 9, ""8"": 7, ""9"": 4, ""10"": 3, ""11"": 7}"
2428,2428,True,,mpeg4\random\mappings\sample_2428_seed_2428.csv,5.096775351039612,326.34855080758,1.114600668780555,0,0.0001328116,0.0,572000.0,68000.0,1.2907266796414572,0.0011901220135542886,True,vec,16,"{""1"": 10, ""2"": 3, ""3"": 9, ""4"": 1, ""5"": 0, ""6"": 14, ""7"": 10, ""8"": 5, ""9"": 4, ""10"": 10, ""11"": 1}"
2429,2429,True,,mpeg4\random\mappings\sample_2429_seed_2429.csv,5.204882728209044,327.17764592179,1.1941957439529751,1,0.0001217948,0.00024625,540000.0,72000.0,0.6986376469943258,0.0011301766847461436,True,vec,16,"{""1"": 11, ""2"": 2, ""3"": 1, ""4"": 7, ""5"": 0, ""6"": 6, ""7"": 15, ""8"": 13, ""9"": 5, ""10"": 12, ""11"": 12}"
2430,2430,True,,mpeg4\random\mappings\sample_2430_seed_2430.csv,4.974720188656415,325.88037722516,1.1484244748943104,0,0.0001222488,0.0,600000.0,72000.0,1.2117814752885063,0.0011327747777414346,True,vec,16,"{""1"": 3, ""2"": 4, ""3"": 8, ""4"": 7, ""5"": 1, ""6"": 11, ""7"": 5, ""8"": 7, ""9"": 2, ""10"": 14, ""11"": 8}"
2431,2431,True,,mpeg4\random\mappings\sample_2431_seed_2431.csv,4.7541861083365395,326.30981086538,1.1911854721027029,0,0.0001212436,0.0,392000.0,72000.0,0.9617883281708286,0.0011265932720592074,True,vec,16,"{""1"": 12, ""2"": 10, ""3"": 10, ""4"": 13, ""5"": 2, ""6"": 5, ""7"": 6, ""8"": 11, ""9"": 9, ""10"": 1, ""11"": 14}"
2432,2432,True,,mpeg4\random\mappings\sample_2432_seed_2432.csv,5.71022676197982,327.19089945076,1.230260847042801,1,0.0001329749,0.001503125,564000.0,72000.0,1.5758065842493352,0.0011914837397983176,True,vec,16,"{""1"": 10, ""2"": 15, ""3"": 3, ""4"": 11, ""5"": 11, ""6"": 2, ""7"": 8, ""8"": 1, ""9"": 9, ""10"": 8, ""11"": 11}"
2433,2433,True,,mpeg4\random\mappings\sample_2433_seed_2433.csv,4.894287225156574,326.24285667244,1.2094628081955936,0,0.0001217469,0.0,444000.0,72000.0,1.181080562484581,0.0011295810674048692,True,vec,16,"{""1"": 9, ""2"": 13, ""3"": 8, ""4"": 15, ""5"": 10, ""6"": 12, ""7"": 11, ""8"": 4, ""9"": 12, ""10"": 9, ""11"": 15}"
2434,2434,True,,mpeg4\random\mappings\sample_2434_seed_2434.csv,5.39720853626401,326.37231636158,1.241498160939708,0,0.0001216996,0.0,616000.0,104000.0,1.3126559030728324,0.0011302284812463414,True,vec,16,"{""1"": 12, ""2"": 15, ""3"": 9, ""4"": 0, ""5"": 8, ""6"": 15, ""7"": 11, ""8"": 13, ""9"": 9, ""10"": 6, ""11"": 6}"
2435,2435,True,,mpeg4\random\mappings\sample_2435_seed_2435.csv,4.746748352545007,325.99562892617,1.147269200978126,0,0.0001219389,0.0,480000.0,64000.0,1.0495052218963297,0.001130325100624814,True,vec,16,"{""1"": 7, ""2"": 11, ""3"": 14, ""4"": 5, ""5"": 2, ""6"": 8, ""7"": 2, ""8"": 10, ""9"": 8, ""10"": 13, ""11"": 9}"
2436,2436,True,,mpeg4\random\mappings\sample_2436_seed_2436.csv,7.289846606429423,328.65939169156,1.302442015834214,1,0.0001216758,0.16446666666666876,724000.0,132000.0,1.4793180011512843,0.0011343238875763824,True,vec,16,"{""1"": 2, ""2"": 13, ""3"": 6, ""4"": 12, ""5"": 2, ""6"": 1, ""7"": 10, ""8"": 12, ""9"": 12, ""10"": 15, ""11"": 8}"
2437,2437,True,,mpeg4\random\mappings\sample_2437_seed_2437.csv,5.930119077000841,327.46837516683,1.1011865369805593,1,0.0001219043,0.051044791666666874,396000.0,72000.0,2.452975521504345,0.00112983213218465,True,vec,16,"{""1"": 10, ""2"": 15, ""3"": 9, ""4"": 9, ""5"": 3, ""6"": 10, ""7"": 10, ""8"": 11, ""9"": 8, ""10"": 2, ""11"": 9}"
2438,2438,True,,mpeg4\random\mappings\sample_2438_seed_2438.csv,5.042274846013934,325.93313809017,1.1689895720802819,0,0.0001323997,0.0,424000.0,72000.0,1.466160467092459,0.0011877602539103619,True,vec,16,"{""1"": 14, ""2"": 6, ""3"": 4, ""4"": 1, ""5"": 12, ""6"": 6, ""7"": 11, ""8"": 7, ""9"": 11, ""10"": 1, ""11"": 14}"
2439,2439,True,,mpeg4\random\mappings\sample_2439_seed_2439.csv,5.1997672180359675,326.02018110306,1.1944699955774516,0,0.0001322738,0.0,656000.0,80000.0,1.0275759984649544,0.001187803479272903,True,vec,16,"{""1"": 0, ""2"": 1, ""3"": 11, ""4"": 2, ""5"": 12, ""6"": 6, ""7"": 13, ""8"": 7, ""9"": 8, ""10"": 13, ""11"": 11}"
2440,2440,True,,mpeg4\random\mappings\sample_2440_seed_2440.csv,5.231482425488249,327.22126755709,1.1795443669690477,1,0.0001217147,0.0016362500000000001,376000.0,60000.0,1.4880896905238343,0.0011290198808540915,True,vec,16,"{""1"": 15, ""2"": 14, ""3"": 10, ""4"": 9, ""5"": 8, ""6"": 10, ""7"": 2, ""8"": 4, ""9"": 8, ""10"": 6, ""11"": 15}"
2441,2441,True,,mpeg4\random\mappings\sample_2441_seed_2441.csv,4.942320778649447,325.85162291369,1.2148247717864593,0,0.0001209297,0.0,560000.0,72000.0,1.1372221156218305,0.0011258452885012267,True,vec,16,"{""1"": 12, ""2"": 8, ""3"": 8, ""4"": 15, ""5"": 14, ""6"": 4, ""7"": 1, ""8"": 11, ""9"": 7, ""10"": 14, ""11"": 13}"
2442,2442,True,,mpeg4\random\mappings\sample_2442_seed_2442.csv,5.144154792929252,326.11355001024,1.1881876705758427,0,0.0001215937,0.0,624000.0,80000.0,1.3126559030728324,0.0011294711182876138,True,vec,16,"{""1"": 10, ""2"": 3, ""3"": 0, ""4"": 9, ""5"": 9, ""6"": 3, ""7"": 1, ""8"": 12, ""9"": 15, ""10"": 6, ""11"": 4}"
2443,2443,True,,mpeg4\random\mappings\sample_2443_seed_2443.csv,5.431247679022345,326.35250451398,1.1821303704268789,0,0.0001284347,0.0,592000.0,100000.0,1.466160467092459,0.0011667446767597708,True,vec,16,"{""1"": 13, ""2"": 3, ""3"": 14, ""4"": 0, ""5"": 12, ""6"": 14, ""7"": 12, ""8"": 11, ""9"": 6, ""10"": 6, ""11"": 5}"
2444,2444,True,,mpeg4\random\mappings\sample_2444_seed_2444.csv,6.953040248748659,327.8320559761,1.2958843656011505,2,0.0001227821,0.11403888157894737,576000.0,128000.0,1.189852251857131,0.001137027125721475,True,vec,16,"{""1"": 14, ""2"": 9, ""3"": 2, ""4"": 13, ""5"": 8, ""6"": 15, ""7"": 0, ""8"": 13, ""9"": 14, ""10"": 8, ""11"": 12}"
2445,2445,True,,mpeg4\random\mappings\sample_2445_seed_2445.csv,4.887215662714817,325.87326984474,1.1403350112737431,0,0.0001318077,0.0,516000.0,80000.0,0.6986376469943258,0.0011845415402220885,True,vec,16,"{""1"": 14, ""2"": 13, ""3"": 10, ""4"": 11, ""5"": 2, ""6"": 1, ""7"": 4, ""8"": 0, ""9"": 6, ""10"": 4, ""11"": 7}"
2446,2446,True,,mpeg4\random\mappings\sample_2446_seed_2446.csv,5.117927083659308,326.41036873816,1.1691484021244407,0,0.0001215438,0.0,524000.0,96000.0,1.1021353581316302,0.0011287878321621656,True,vec,16,"{""1"": 11, ""2"": 8, ""3"": 12, ""4"": 9, ""5"": 1, ""6"": 10, ""7"": 4, ""8"": 1, ""9"": 3, ""10"": 10, ""11"": 2}"
2447,2447,True,,mpeg4\random\mappings\sample_2447_seed_2447.csv,5.687807051598685,327.2439780466,1.2975949348493718,1,0.0001229,0.005763888888888875,648000.0,84000.0,1.1328362709355555,0.001137616708629003,True,vec,16,"{""1"": 13, ""2"": 11, ""3"": 8, ""4"": 9, ""5"": 2, ""6"": 0, ""7"": 11, ""8"": 15, ""9"": 7, ""10"": 1, ""11"": 0}"
2448,2448,True,,mpeg4\random\mappings\sample_2448_seed_2448.csv,5.660224016583743,326.32765737157,1.3103549972175699,0,0.0001221181,0.0,756000.0,132000.0,0.8960006578767029,0.0011337842879112264,True,vec,16,"{""1"": 15, ""2"": 5, ""3"": 10, ""4"": 3, ""5"": 14, ""6"": 15, ""7"": 0, ""8"": 1, ""9"": 7, ""10"": 2, ""11"": 4}"
2449,2449,True,,mpeg4\random\mappings\sample_2449_seed_2449.csv,4.712707032735689,325.9776457162,1.201372901486209,0,0.0001224108,0.0,508000.0,72000.0,0.5670623064060744,0.0011336547541651286,True,vec,16,"{""1"": 2, ""2"": 10, ""3"": 3, ""4"": 5, ""5"": 4, ""6"": 8, ""7"": 11, ""8"": 6, ""9"": 9, ""10"": 7, ""11"": 14}"
2450,2450,True,,mpeg4\random\mappings\sample_2450_seed_2450.csv,5.117457815582609,326.27131724914,1.1501766229530952,0,0.0001217958,0.0,516000.0,80000.0,1.5582632055042351,0.0011296495169975218,True,vec,16,"{""1"": 15, ""2"": 5, ""3"": 9, ""4"": 1, ""5"": 5, ""6"": 1, ""7"": 7, ""8"": 3, ""9"": 8, ""10"": 13, ""11"": 3}"
2451,2451,True,,mpeg4\random\mappings\sample_2451_seed_2451.csv,4.576639572195372,326.28764596638,1.1703321548961034,0,0.0001218117,0.0,428000.0,40000.0,1.1152928921904552,0.0011296993114933854,True,vec,16,"{""1"": 7, ""2"": 15, ""3"": 7, ""4"": 9, ""5"": 1, ""6"": 2, ""7"": 10, ""8"": 13, ""9"": 2, ""10"": 0, ""11"": 3}"
2452,2452,True,,mpeg4\random\mappings\sample_2452_seed_2452.csv,5.30604123490147,326.12782918547,1.1597948588772027,0,0.0001324388,0.0,524000.0,64000.0,2.0845645678572406,0.0011880627395001698,True,vec,16,"{""1"": 6, ""2"": 1, ""3"": 7, ""4"": 11, ""5"": 13, ""6"": 11, ""7"": 8, ""8"": 11, ""9"": 15, ""10"": 8, ""11"": 1}"
2453,2453,True,,mpeg4\random\mappings\sample_2453_seed_2453.csv,5.4473255572027615,326.93719142112,1.2447060710587081,0,0.000122231,0.0,604000.0,92000.0,1.5626490501905101,0.0011332682893106438,True,vec,16,"{""1"": 15, ""2"": 5, ""3"": 0, ""4"": 14, ""5"": 13, ""6"": 11, ""7"": 0, ""8"": 13, ""9"": 11, ""10"": 15, ""11"": 1}"
2454,2454,True,,mpeg4\random\mappings\sample_2454_seed_2454.csv,5.270545091933085,327.46995758293,1.2128432370326891,1,0.0001215276,0.050652777777777505,304000.0,64000.0,0.7863545407198268,0.0011283567486373117,True,vec,16,"{""1"": 6, ""2"": 7, ""3"": 2, ""4"": 11, ""5"": 13, ""6"": 5, ""7"": 4, ""8"": 3, ""9"": 9, ""10"": 5, ""11"": 10}"
2455,2455,True,,mpeg4\random\mappings\sample_2455_seed_2455.csv,5.565527522456513,327.23100165585,1.2302235236719878,1,0.0001230819,0.0029133333333333125,620000.0,88000.0,0.9617883281708286,0.0011380636061886248,True,vec,16,"{""1"": 15, ""2"": 4, ""3"": 0, ""4"": 2, ""5"": 10, ""6"": 4, ""7"": 14, ""8"": 7, ""9"": 9, ""10"": 1, ""11"": 3}"
2456,2456,True,,mpeg4\random\mappings\sample_2456_seed_2456.csv,4.833898391410855,325.86627787872,1.1018145666459451,0,0.0001224437,0.0,452000.0,72000.0,1.3126559030728324,0.0011327123618452616,True,vec,16,"{""1"": 1, ""2"": 11, ""3"": 9, ""4"": 7, ""5"": 15, ""6"": 6, ""7"": 14, ""8"": 9, ""9"": 1, ""10"": 6, ""11"": 13}"
2457,2457,True,,mpeg4\random\mappings\sample_2457_seed_2457.csv,4.88811013899512,326.8227274118,1.180358861012583,0,0.0001208518,0.0,556000.0,64000.0,0.9617883281708286,0.0011248961959563451,True,vec,16,"{""1"": 1, ""2"": 1, ""3"": 0, ""4"": 15, ""5"": 5, ""6"": 14, ""7"": 7, ""8"": 8, ""9"": 8, ""10"": 3, ""11"": 10}"
2458,2458,True,,mpeg4\random\mappings\sample_2458_seed_2458.csv,5.194080804241456,326.16879552373,1.1709847323786535,0,0.0001219207,0.0,400000.0,92000.0,1.7994846632493626,0.0011300809936393528,True,vec,16,"{""1"": 5, ""2"": 2, ""3"": 15, ""4"": 0, ""5"": 10, ""6"": 13, ""7"": 5, ""8"": 13, ""9"": 9, ""10"": 13, ""11"": 0}"
2459,2459,True,,mpeg4\random\mappings\sample_2459_seed_2459.csv,5.660978784304387,327.280459528,1.3033045730987498,1,0.0001215958,0.019645625,608000.0,72000.0,1.2380965434061566,0.0011301500167274592,True,vec,16,"{""1"": 11, ""2"": 5, ""3"": 7, ""4"": 3, ""5"": 4, ""6"": 12, ""7"": 15, ""8"": 4, ""9"": 6, ""10"": 5, ""11"": 11}"
2460,2460,True,,mpeg4\random\mappings\sample_2460_seed_2460.csv,5.100225732880781,326.43389039691,1.2298254692214323,0,0.0001220238,0.0,560000.0,80000.0,1.1591513390532058,0.0011317491015983968,True,vec,16,"{""1"": 2, ""2"": 12, ""3"": 8, ""4"": 0, ""5"": 4, ""6"": 6, ""7"": 8, ""8"": 5, ""9"": 15, ""10"": 13, ""11"": 0}"
2461,2461,True,,mpeg4\random\mappings\sample_2461_seed_2461.csv,4.905545862385873,326.10195916848,1.075850562639562,0,0.0001223247,0.0,376000.0,64000.0,1.8915874016611387,0.001131955888026347,True,vec,16,"{""1"": 1, ""2"": 10, ""3"": 4, ""4"": 2, ""5"": 5, ""6"": 5, ""7"": 7, ""8"": 5, ""9"": 9, ""10"": 2, ""11"": 3}"
2462,2462,True,,mpeg4\random\mappings\sample_2462_seed_2462.csv,4.840282580335316,325.74795195259,1.193586822773242,0,0.0001213557,0.0,444000.0,72000.0,1.2249390093473316,0.001127248614604043,True,vec,16,"{""1"": 4, ""2"": 1, ""3"": 14, ""4"": 14, ""5"": 11, ""6"": 10, ""7"": 7, ""8"": 9, ""9"": 10, ""10"": 2, ""11"": 13}"
2463,2463,True,,mpeg4\random\mappings\sample_2463_seed_2463.csv,5.488427555181489,327.4159764486,1.3075720255461962,1,0.0001223608,0.0079225,416000.0,56000.0,1.738082837641512,0.001133557456110698,True,vec,16,"{""1"": 3, ""2"": 10, ""3"": 3, ""4"": 14, ""5"": 7, ""6"": 8, ""7"": 1, ""8"": 7, ""9"": 12, ""10"": 6, ""11"": 3}"
2464,2464,True,,mpeg4\random\mappings\sample_2464_seed_2464.csv,6.014099797848065,326.0666784109,1.2968716353323164,0,0.0001266916,0.0,528000.0,152000.0,2.01439105287684,0.0011576042895019192,True,vec,16,"{""1"": 15, ""2"": 12, ""3"": 8, ""4"": 13, ""5"": 8, ""6"": 15, ""7"": 8, ""8"": 0, ""9"": 14, ""10"": 14, ""11"": 6}"
2465,2465,True,,mpeg4\random\mappings\sample_2465_seed_2465.csv,5.584670032375902,326.87973581131,1.1740351254231207,0,0.000122276,0.0,656000.0,88000.0,2.0714070337984154,0.0011336952974717205,True,vec,16,"{""1"": 14, ""2"": 3, ""3"": 6, ""4"": 8, ""5"": 4, ""6"": 4, ""7"": 15, ""8"": 4, ""9"": 3, ""10"": 2, ""11"": 15}"
2466,2466,True,,mpeg4\random\mappings\sample_2466_seed_2466.csv,5.273576593281272,325.95097310582,1.1718990197999397,0,0.0001220669,0.0,464000.0,72000.0,2.3608727830925686,0.001131335017633366,True,vec,16,"{""1"": 10, ""2"": 11, ""3"": 6, ""4"": 10, ""5"": 11, ""6"": 12, ""7"": 6, ""8"": 10, ""9"": 9, ""10"": 11, ""11"": 2}"
2467,2467,True,,mpeg4\random\mappings\sample_2467_seed_2467.csv,5.325338509951355,326.31625368209,1.2217017198021545,0,0.0001272918,0.0,628000.0,80000.0,1.4837038458375593,0.001160741957622696,True,vec,16,"{""1"": 6, ""2"": 2, ""3"": 12, ""4"": 4, ""5"": 14, ""6"": 13, ""7"": 0, ""8"": 0, ""9"": 6, ""10"": 6, ""11"": 12}"
2468,2468,True,,mpeg4\random\mappings\sample_2468_seed_2468.csv,4.80066718708472,325.97421728191,1.0776836340857976,0,0.0001230657,0.0,416000.0,68000.0,1.4047586414846085,0.0011358947315554288,True,vec,16,"{""1"": 8, ""2"": 15, ""3"": 5, ""4"": 6, ""5"": 13, ""6"": 5, ""7"": 2, ""8"": 9, ""9"": 9, ""10"": 4, ""11"": 4}"
2469,2469,True,,mpeg4\random\mappings\sample_2469_seed_2469.csv,5.111587416546608,327.11769758447,1.2514992299923926,0,0.0001225739,0.0,584000.0,84000.0,0.7644253172884515,0.0011350186053065477,True,vec,16,"{""1"": 8, ""2"": 7, ""3"": 9, ""4"": 6, ""5"": 13, ""6"": 15, ""7"": 8, ""8"": 2, ""9"": 12, ""10"": 14, ""11"": 11}"
2470,2470,True,,mpeg4\random\mappings\sample_2470_seed_2470.csv,4.516067904734223,325.95054314069,1.1613727762683848,0,0.0001224158,0.0,440000.0,48000.0,0.8302129875825772,0.0011332017579603168,True,vec,16,"{""1"": 8, ""2"": 5, ""3"": 10, ""4"": 0, ""5"": 13, ""6"": 7, ""7"": 1, ""8"": 4, ""9"": 6, ""10"": 15, ""11"": 13}"
2471,2471,True,,mpeg4\random\mappings\sample_2471_seed_2471.csv,5.36490216156678,325.13031008651,1.086876750805177,0,0.0001226339,0.0,580000.0,104000.0,1.9968476741317398,0.0011344524073820658,True,vec,16,"{""1"": 13, ""2"": 4, ""3"": 7, ""4"": 9, ""5"": 13, ""6"": 4, ""7"": 14, ""8"": 13, ""9"": 7, ""10"": 2, ""11"": 6}"
2472,2472,True,,mpeg4\random\mappings\sample_2472_seed_2472.csv,5.286136637650896,327.23427093225,1.2616220454248157,1,0.0001220756,0.0020488486842105,420000.0,60000.0,1.3214275924453824,0.0011317063054485817,True,vec,16,"{""1"": 12, ""2"": 1, ""3"": 2, ""4"": 2, ""5"": 0, ""6"": 6, ""7"": 10, ""8"": 0, ""9"": 7, ""10"": 5, ""11"": 15}"
2473,2473,True,,mpeg4\random\mappings\sample_2473_seed_2473.csv,4.492081837972212,325.99085660576,1.1514844218871985,0,0.0001214016,0.0,480000.0,48000.0,0.6986376469943258,0.0011278349963513487,True,vec,16,"{""1"": 11, ""2"": 7, ""3"": 3, ""4"": 10, ""5"": 8, ""6"": 5, ""7"": 1, ""8"": 9, ""9"": 15, ""10"": 2, ""11"": 2}"
2474,2474,True,,mpeg4\random\mappings\sample_2474_seed_2474.csv,5.144119279813506,327.34625820207,1.1087431964015828,1,0.0001212836,0.0153515625,408000.0,56000.0,1.1591513390532058,0.001126561419296745,True,vec,16,"{""1"": 13, ""2"": 12, ""3"": 9, ""4"": 7, ""5"": 10, ""6"": 5, ""7"": 6, ""8"": 13, ""9"": 12, ""10"": 2, ""11"": 6}"
2475,2475,True,,mpeg4\random\mappings\sample_2475_seed_2475.csv,4.783607904890761,325.8129704949,1.1802377420755152,0,0.0001219388,0.0,488000.0,64000.0,1.1152928921904552,0.0011303735660394437,True,vec,16,"{""1"": 1, ""2"": 6, ""3"": 1, ""4"": 13, ""5"": 15, ""6"": 8, ""7"": 14, ""8"": 9, ""9"": 4, ""10"": 8, ""11"": 10}"
2476,2476,True,,mpeg4\random\mappings\sample_2476_seed_2476.csv,5.384983609705664,325.94045564685,1.0876212131101264,0,0.0001219189,0.0,472000.0,100000.0,2.2161399084454922,0.001130169182210326,True,vec,16,"{""1"": 6, ""2"": 7, ""3"": 9, ""4"": 6, ""5"": 6, ""6"": 11, ""7"": 4, ""8"": 11, ""9"": 5, ""10"": 11, ""11"": 12}"
2477,2477,True,,mpeg4\random\mappings\sample_2477_seed_2477.csv,6.505547949550046,327.62002048236,1.248156865045617,2,0.0001323617,0.09347145467836118,536000.0,72000.0,1.453002933033634,0.001189114678763447,True,vec,16,"{""1"": 7, ""2"": 13, ""3"": 10, ""4"": 13, ""5"": 1, ""6"": 1, ""7"": 4, ""8"": 12, ""9"": 4, ""10"": 6, ""11"": 14}"
2478,2478,True,,mpeg4\random\mappings\sample_2478_seed_2478.csv,5.0591291507889675,326.40468609961,1.1756024773361804,0,0.0001221167,0.0,576000.0,72000.0,1.3038842137002824,0.0011320460831444946,True,vec,16,"{""1"": 6, ""2"": 11, ""3"": 4, ""4"": 5, ""5"": 6, ""6"": 14, ""7"": 11, ""8"": 12, ""9"": 10, ""10"": 2, ""11"": 12}"
2479,2479,True,,mpeg4\random\mappings\sample_2479_seed_2479.csv,5.874851117470218,327.22806828757,1.3297261926578667,1,0.0001227901,0.0026908333333333125,708000.0,84000.0,1.4880896905238343,0.0011371824562277848,True,vec,16,"{""1"": 12, ""2"": 7, ""3"": 3, ""4"": 13, ""5"": 15, ""6"": 3, ""7"": 12, ""8"": 4, ""9"": 6, ""10"": 15, ""11"": 0}"
2480,2480,True,,mpeg4\random\mappings\sample_2480_seed_2480.csv,4.958241783768299,325.83329609101,1.1298661644405446,0,0.0001213056,0.0,412000.0,88000.0,1.4003727967983335,0.0011266768502414318,True,vec,16,"{""1"": 2, ""2"": 1, ""3"": 0, ""4"": 13, ""5"": 6, ""6"": 13, ""7"": 9, ""8"": 10, ""9"": 5, ""10"": 2, ""11"": 6}"
2481,2481,True,,mpeg4\random\mappings\sample_2481_seed_2481.csv,5.29214826321577,326.30924070679,1.1604201048868037,0,0.0001315317,0.0,364000.0,72000.0,2.2731558893670676,0.0011825545995207876,True,vec,16,"{""1"": 3, ""2"": 1, ""3"": 1, ""4"": 8, ""5"": 5, ""6"": 1, ""7"": 6, ""8"": 3, ""9"": 4, ""10"": 6, ""11"": 15}"
2482,2482,True,,mpeg4\random\mappings\sample_2482_seed_2482.csv,4.761469901289017,327.04027352043,1.0914956505619944,0,0.0001216976,0.0,408000.0,64000.0,1.1021353581316302,0.001128986066062898,True,vec,16,"{""1"": 6, ""2"": 14, ""3"": 11, ""4"": 2, ""5"": 5, ""6"": 10, ""7"": 9, ""8"": 2, ""9"": 11, ""10"": 15, ""11"": 13}"
2483,2483,True,,mpeg4\random\mappings\sample_2483_seed_2483.csv,5.568516635778798,327.23599504327,1.080529170170026,1,0.0001213717,0.0032937500000000002,568000.0,92000.0,1.4003727967983335,0.001127379240567514,True,vec,16,"{""1"": 4, ""2"": 14, ""3"": 14, ""4"": 4, ""5"": 5, ""6"": 10, ""7"": 7, ""8"": 2, ""9"": 8, ""10"": 5, ""11"": 3}"
2484,2484,True,,mpeg4\random\mappings\sample_2484_seed_2484.csv,5.193380276901713,326.93603977665,1.2040532335677778,0,0.000123004,0.0,524000.0,88000.0,1.2117814752885063,0.0011368884366409924,True,vec,16,"{""1"": 7, ""2"": 9, ""3"": 7, ""4"": 15, ""5"": 9, ""6"": 8, ""7"": 3, ""8"": 6, ""9"": 0, ""10"": 4, ""11"": 2}"
2485,2485,True,,mpeg4\random\mappings\sample_2485_seed_2485.csv,5.056312448631038,326.2334835956,1.2301077343301197,0,0.0001220719,0.0,600000.0,60000.0,1.4354595542885338,0.0011320993616861302,True,vec,16,"{""1"": 0, ""2"": 4, ""3"": 6, ""4"": 2, ""5"": 12, ""6"": 14, ""7"": 1, ""8"": 12, ""9"": 12, ""10"": 6, ""11"": 11}"
2486,2486,True,,mpeg4\random\mappings\sample_2486_seed_2486.csv,4.938479036805119,325.75013983472,1.191125189444058,0,0.0001219377,0.0,452000.0,72000.0,1.466160467092459,0.001130511112518392,True,vec,16,"{""1"": 5, ""2"": 10, ""3"": 4, ""4"": 5, ""5"": 7, ""6"": 3, ""7"": 1, ""8"": 2, ""9"": 11, ""10"": 5, ""11"": 4}"
2487,2487,True,,mpeg4\random\mappings\sample_2487_seed_2487.csv,5.56029418908544,327.288457183,1.2536762079404604,1,0.0001217057,0.014877761627906874,428000.0,68000.0,1.7073819248375868,0.0011299003577493133,True,vec,16,"{""1"": 8, ""2"": 15, ""3"": 15, ""4"": 14, ""5"": 14, ""6"": 5, ""7"": 13, ""8"": 5, ""9"": 10, ""10"": 2, ""11"": 0}"
2488,2488,True,,mpeg4\random\mappings\sample_2488_seed_2488.csv,5.218513923495527,325.95073208925,1.178887691137632,0,0.000122364,0.0,484000.0,60000.0,2.395959540582769,0.0011329208519175959,True,vec,16,"{""1"": 11, ""2"": 7, ""3"": 9, ""4"": 7, ""5"": 11, ""6"": 0, ""7"": 11, ""8"": 11, ""9"": 1, ""10"": 8, ""11"": 4}"
2489,2489,True,,mpeg4\random\mappings\sample_2489_seed_2489.csv,5.1890815343348615,325.88045258302,1.0993701664426796,0,0.0001326297,0.0,360000.0,64000.0,2.395959540582769,0.0011884711785430453,True,vec,16,"{""1"": 5, ""2"": 2, ""3"": 11, ""4"": 10, ""5"": 6, ""6"": 6, ""7"": 11, ""8"": 6, ""9"": 14, ""10"": 11, ""11"": 9}"
2490,2490,True,,mpeg4\random\mappings\sample_2490_seed_2490.csv,5.511410652950328,325.98532553273,1.202981922708269,0,0.0001210221,0.0,364000.0,88000.0,2.9038403552534198,0.0011246034761501307,True,vec,16,"{""1"": 9, ""2"": 1, ""3"": 13, ""4"": 2, ""5"": 0, ""6"": 1, ""7"": 1, ""8"": 1, ""9"": 8, ""10"": 9, ""11"": 9}"
2491,2491,True,,mpeg4\random\mappings\sample_2491_seed_2491.csv,5.286096188797306,326.0932854198,1.2333373550863351,0,0.0001216467,0.0,528000.0,76000.0,1.9705326060140895,0.001129612153727937,True,vec,16,"{""1"": 5, ""2"": 4, ""3"": 1, ""4"": 12, ""5"": 12, ""6"": 4, ""7"": 12, ""8"": 13, ""9"": 0, ""10"": 15, ""11"": 15}"
2492,2492,True,,mpeg4\random\mappings\sample_2492_seed_2492.csv,6.491717353365174,327.56290712704,1.3018519850607349,2,0.0001327796,0.06367578125000001,616000.0,72000.0,1.5538773608179601,0.0011920776299984479,True,vec,16,"{""1"": 14, ""2"": 3, ""3"": 7, ""4"": 11, ""5"": 12, ""6"": 1, ""7"": 2, ""8"": 1, ""9"": 14, ""10"": 2, ""11"": 2}"
2493,2493,True,,mpeg4\random\mappings\sample_2493_seed_2493.csv,4.718870018853705,326.1962518614,1.1606110357787531,0,0.0001219047,0.0,492000.0,60000.0,0.9398591047394534,0.0011303742492352524,True,vec,16,"{""1"": 5, ""2"": 2, ""3"": 15, ""4"": 13, ""5"": 8, ""6"": 11, ""7"": 9, ""8"": 10, ""9"": 13, ""10"": 7, ""11"": 5}"
2494,2494,True,,mpeg4\random\mappings\sample_2494_seed_2494.csv,5.335209279262891,325.68890507288,1.146279898541093,0,0.0001268598,0.0,364000.0,88000.0,2.413502919327869,0.0011570797780904635,True,vec,16,"{""1"": 5, ""2"": 6, ""3"": 11, ""4"": 1, ""5"": 10, ""6"": 11, ""7"": 11, ""8"": 2, ""9"": 2, ""10"": 2, ""11"": 6}"
2495,2495,True,,mpeg4\random\mappings\sample_2495_seed_2495.csv,4.948219175843773,326.15742448854,1.1440374945969332,0,0.0001217747,0.0,476000.0,88000.0,1.0538910665826047,0.0011298638528085994,True,vec,16,"{""1"": 2, ""2"": 3, ""3"": 4, ""4"": 7, ""5"": 6, ""6"": 2, ""7"": 0, ""8"": 13, ""9"": 3, ""10"": 14, ""11"": 11}"
2496,2496,True,,mpeg4\random\mappings\sample_2496_seed_2496.csv,5.408001518086981,327.03487082845,1.2685753069857744,0,0.0001319085,0.0,548000.0,64000.0,1.8170280419944629,0.0011858083700539157,True,vec,16,"{""1"": 3, ""2"": 11, ""3"": 1, ""4"": 14, ""5"": 14, ""6"": 0, ""7"": 0, ""8"": 8, ""9"": 1, ""10"": 0, ""11"": 9}"
2497,2497,True,,mpeg4\random\mappings\sample_2497_seed_2497.csv,5.413481206009537,327.19820322155,1.230607895999226,1,0.0001221877,0.0008005,660000.0,72000.0,0.8565280557002275,0.001133560096651427,True,vec,16,"{""1"": 14, ""2"": 4, ""3"": 1, ""4"": 7, ""5"": 9, ""6"": 0, ""7"": 2, ""8"": 11, ""9"": 11, ""10"": 15, ""11"": 15}"
2498,2498,True,,mpeg4\random\mappings\sample_2498_seed_2498.csv,5.9339237769347655,327.26633316754,1.3613459866129916,1,0.0001210425,0.0061550872093023125,556000.0,84000.0,1.9924618294454648,0.0011268227800537924,True,vec,16,"{""1"": 5, ""2"": 3, ""3"": 2, ""4"": 2, ""5"": 4, ""6"": 15, ""7"": 15, ""8"": 11, ""9"": 5, ""10"": 3, ""11"": 3}"
2499,2499,True,,mpeg4\random\mappings\sample_2499_seed_2499.csv,5.077410896387229,325.80745369032,1.2417019668694163,0,0.0001221659,0.0,592000.0,96000.0,0.803897919464927,0.0011329171806829714,True,vec,16,"{""1"": 8, ""2"": 4, ""3"": 15, ""4"": 0, ""5"": 3, ""6"": 11, ""7"": 4, ""8"": 2, ""9"": 14, ""10"": 10, ""11"": 7}"
2500,2500,True,,mpeg4\random\mappings\sample_2500_seed_2500.csv,5.2837185914137805,326.7295677311,1.1684716030574032,0,0.0001212596,0.0,560000.0,80000.0,1.751240371700337,0.001127353728530892,True,vec,16,"{""1"": 0, ""2"": 7, ""3"": 6, ""4"": 1, ""5"": 2, ""6"": 10, ""7"": 6, ""8"": 15, ""9"": 1, ""10"": 10, ""11"": 10}"
2501,2501,True,,mpeg4\random\mappings\sample_2501_seed_2501.csv,5.084883130244936,326.99907797019,1.2093107557978926,0,0.0001208481,0.0,460000.0,84000.0,1.2117814752885063,0.0011249948028544936,True,vec,16,"{""1"": 5, ""2"": 10, ""3"": 1, ""4"": 3, ""5"": 7, ""6"": 6, ""7"": 6, ""8"": 3, ""9"": 11, ""10"": 15, ""11"": 0}"
2502,2502,True,,mpeg4\random\mappings\sample_2502_seed_2502.csv,4.9891350145982925,325.67979924053,1.1381748359294457,0,0.0001268256,0.0,392000.0,60000.0,2.010005208190565,0.0011566966048740396,True,vec,16,"{""1"": 4, ""2"": 2, ""3"": 2, ""4"": 14, ""5"": 7, ""6"": 8, ""7"": 8, ""8"": 8, ""9"": 9, ""10"": 9, ""11"": 11}"
2503,2503,True,,mpeg4\random\mappings\sample_2503_seed_2503.csv,4.925649495496208,326.03521353164,1.1577116302297397,0,0.0001229948,0.0,468000.0,76000.0,1.2468682327787066,0.0011363648861188538,True,vec,16,"{""1"": 10, ""2"": 12, ""3"": 6, ""4"": 15, ""5"": 0, ""6"": 14, ""7"": 2, ""8"": 5, ""9"": 10, ""10"": 14, ""11"": 6}"
2504,2504,True,,mpeg4\random\mappings\sample_2504_seed_2504.csv,6.479797072150104,327.5461611819,1.339727182018202,1,0.0001316949,0.02966412671232875,452000.0,100000.0,2.681039445190647,0.0011854936116543423,True,vec,16,"{""1"": 3, ""2"": 3, ""3"": 2, ""4"": 3, ""5"": 3, ""6"": 10, ""7"": 0, ""8"": 5, ""9"": 14, ""10"": 0, ""11"": 5}"
2505,2505,True,,mpeg4\random\mappings\sample_2505_seed_2505.csv,5.262360934421846,327.16605839523,1.2290904362060482,1,0.0001219397,0.00016958333333333127,608000.0,56000.0,0.9617883281708286,0.0011314748990163524,True,vec,16,"{""1"": 9, ""2"": 15, ""3"": 5, ""4"": 4, ""5"": 8, ""6"": 7, ""7"": 15, ""8"": 1, ""9"": 2, ""10"": 1, ""11"": 0}"
2506,2506,True,,mpeg4\random\mappings\sample_2506_seed_2506.csv,5.273132884597307,326.40515174616,1.251290017749895,0,0.0001224229,0.0,668000.0,96000.0,0.9442449494257285,0.00113443683863787,True,vec,16,"{""1"": 14, ""2"": 11, ""3"": 0, ""4"": 5, ""5"": 1, ""6"": 15, ""7"": 8, ""8"": 4, ""9"": 11, ""10"": 0, ""11"": 13}"
2507,2507,True,,mpeg4\random\mappings\sample_2507_seed_2507.csv,5.027018546122947,326.42079520199,1.2201105788238051,0,0.0001217956,0.0,516000.0,68000.0,1.374057728680683,0.0011305166335392818,True,vec,16,"{""1"": 3, ""2"": 12, ""3"": 12, ""4"": 11, ""5"": 8, ""6"": 6, ""7"": 10, ""8"": 10, ""9"": 11, ""10"": 5, ""11"": 15}"
2508,2508,True,,mpeg4\random\mappings\sample_2508_seed_2508.csv,5.413899372630906,327.40077911869,1.2960475728654532,1,0.0001322856,0.0166,384000.0,52000.0,1.2512540774649819,0.0011878304866813117,True,vec,16,"{""1"": 4, ""2"": 0, ""3"": 6, ""4"": 5, ""5"": 0, ""6"": 2, ""7"": 3, ""8"": 4, ""9"": 13, ""10"": 3, ""11"": 12}"
2509,2509,True,,mpeg4\random\mappings\sample_2509_seed_2509.csv,6.325566040417551,327.56476568016,1.4140357756702804,2,0.0001220367,0.023314345238095186,600000.0,72000.0,1.8915874016611387,0.0011339312825378312,True,vec,16,"{""1"": 15, ""2"": 0, ""3"": 0, ""4"": 3, ""5"": 0, ""6"": 5, ""7"": 7, ""8"": 2, ""9"": 9, ""10"": 3, ""11"": 1}"
2510,2510,True,,mpeg4\random\mappings\sample_2510_seed_2510.csv,5.031707424854417,325.98915472776,1.2063979236506677,0,0.0001215959,0.0,512000.0,72000.0,1.474932156465009,0.0011289374781205976,True,vec,16,"{""1"": 9, ""2"": 12, ""3"": 5, ""4"": 12, ""5"": 8, ""6"": 15, ""7"": 2, ""8"": 6, ""9"": 8, ""10"": 15, ""11"": 2}"
2511,2511,True,,mpeg4\random\mappings\sample_2511_seed_2511.csv,5.5481677644284595,327.29017257359,1.381314355475449,1,0.0001220067,0.016365892857143124,592000.0,64000.0,1.0056467750335791,0.0011330749945576142,True,vec,16,"{""1"": 12, ""2"": 6, ""3"": 7, ""4"": 3, ""5"": 15, ""6"": 2, ""7"": 0, ""8"": 4, ""9"": 15, ""10"": 1, ""11"": 3}"
2512,2512,True,,mpeg4\random\mappings\sample_2512_seed_2512.csv,5.506589849293527,327.32334504524,1.2196991326339413,1,0.0001325736,0.01683125,520000.0,68000.0,0.9617883281708286,0.0011895858396449876,True,vec,16,"{""1"": 3, ""2"": 11, ""3"": 1, ""4"": 7, ""5"": 3, ""6"": 14, ""7"": 10, ""8"": 15, ""9"": 10, ""10"": 9, ""11"": 8}"
2513,2513,True,,mpeg4\random\mappings\sample_2513_seed_2513.csv,5.340909967429906,327.16906472722,1.257464123243374,1,0.0001214516,0.00040763888888888745,508000.0,64000.0,1.2249390093473316,0.0011284637399144415,True,vec,16,"{""1"": 11, ""2"": 7, ""3"": 14, ""4"": 14, ""5"": 3, ""6"": 2, ""7"": 6, ""8"": 12, ""9"": 2, ""10"": 15, ""11"": 8}"
2514,2514,True,,mpeg4\random\mappings\sample_2514_seed_2514.csv,5.570143346871359,326.77641512348,1.315163742909818,0,0.0001204422,0.0,648000.0,96000.0,1.6591376332885612,0.001123039954662865,True,vec,16,"{""1"": 3, ""2"": 3, ""3"": 14, ""4"": 9, ""5"": 15, ""6"": 7, ""7"": 7, ""8"": 8, ""9"": 12, ""10"": 8, ""11"": 8}"
2515,2515,True,,mpeg4\random\mappings\sample_2515_seed_2515.csv,5.1292110197043055,327.16429767842,1.1179482040292483,1,0.0001220087,0.00013916666666666876,500000.0,60000.0,1.0275759984649544,0.001131095777091278,True,vec,16,"{""1"": 6, ""2"": 0, ""3"": 5, ""4"": 14, ""5"": 9, ""6"": 8, ""7"": 5, ""8"": 11, ""9"": 6, ""10"": 12, ""11"": 15}"
2516,2516,True,,mpeg4\random\mappings\sample_2516_seed_2516.csv,4.892128480461399,326.17549804053,1.1830952310533447,0,0.0001222245,0.0,580000.0,56000.0,1.2293248540336066,0.0011324967405721865,True,vec,16,"{""1"": 10, ""2"": 8, ""3"": 3, ""4"": 1, ""5"": 12, ""6"": 2, ""7"": 2, ""8"": 11, ""9"": 11, ""10"": 12, ""11"": 6}"
2517,2517,True,,mpeg4\random\mappings\sample_2517_seed_2517.csv,5.1055195866575875,326.82639013816,1.175883170649456,0,0.0001220188,0.0,508000.0,84000.0,1.2249390093473316,0.0011312468801854662,True,vec,16,"{""1"": 6, ""2"": 9, ""3"": 3, ""4"": 11, ""5"": 6, ""6"": 7, ""7"": 14, ""8"": 15, ""9"": 15, ""10"": 4, ""11"": 9}"
2518,2518,True,,mpeg4\random\mappings\sample_2518_seed_2518.csv,4.92950444965682,326.35376867969,1.2037843202151184,0,0.0001220029,0.0,568000.0,48000.0,1.457388777719909,0.0011311395984761065,True,vec,16,"{""1"": 13, ""2"": 0, ""3"": 9, ""4"": 15, ""5"": 1, ""6"": 14, ""7"": 3, ""8"": 13, ""9"": 4, ""10"": 9, ""11"": 13}"
2519,2519,True,,mpeg4\random\mappings\sample_2519_seed_2519.csv,5.103325057917324,326.07878575279,1.2207718561396717,0,0.0001215776,0.0,568000.0,84000.0,1.1986239412296813,0.0011287571467620125,True,vec,16,"{""1"": 0, ""2"": 13, ""3"": 11, ""4"": 12, ""5"": 7, ""6"": 13, ""7"": 9, ""8"": 10, ""9"": 8, ""10"": 1, ""11"": 10}"
2520,2520,True,,mpeg4\random\mappings\sample_2520_seed_2520.csv,5.05346025523429,325.71742748297,1.1603448525977607,0,0.0001225797,0.0,500000.0,80000.0,1.5363339820728599,0.0011343688847836155,True,vec,16,"{""1"": 13, ""2"": 2, ""3"": 6, ""4"": 11, ""5"": 15, ""6"": 6, ""7"": 11, ""8"": 7, ""9"": 5, ""10"": 2, ""11"": 10}"
2521,2521,True,,mpeg4\random\mappings\sample_2521_seed_2521.csv,5.208561768752692,327.28417641989,1.2321025433757284,1,0.0001223956,0.0235071875,548000.0,48000.0,0.7249527151119761,0.001133705720082414,True,vec,16,"{""1"": 8, ""2"": 7, ""3"": 2, ""4"": 3, ""5"": 15, ""6"": 6, ""7"": 10, ""8"": 0, ""9"": 13, ""10"": 0, ""11"": 14}"
2522,2522,True,,mpeg4\random\mappings\sample_2522_seed_2522.csv,5.816644624284792,327.27429563185,1.1994840495471222,1,0.0001331337,0.016699375,524000.0,120000.0,0.6986376469943258,0.001192731564315852,True,vec,16,"{""1"": 10, ""2"": 0, ""3"": 2, ""4"": 3, ""5"": 15, ""6"": 9, ""7"": 14, ""8"": 13, ""9"": 14, ""10"": 11, ""11"": 6}"
2523,2523,True,,mpeg4\random\mappings\sample_2523_seed_2523.csv,6.1065882882711495,326.17605869777,1.2392154564432103,0,0.0001332139,0.0,692000.0,140000.0,1.9705326060140895,0.0011935466042704475,True,vec,16,"{""1"": 3, ""2"": 9, ""3"": 11, ""4"": 3, ""5"": 3, ""6"": 0, ""7"": 10, ""8"": 11, ""9"": 10, ""10"": 14, ""11"": 1}"
2524,2524,True,,mpeg4\random\mappings\sample_2524_seed_2524.csv,5.679490370431693,326.18246899758,1.3069162964741146,0,0.0001212197,0.0,516000.0,128000.0,1.7731695951317124,0.0011272776543480836,True,vec,16,"{""1"": 2, ""2"": 2, ""3"": 12, ""4"": 4, ""5"": 9, ""6"": 0, ""7"": 2, ""8"": 4, ""9"": 0, ""10"": 15, ""11"": 5}"
2525,2525,True,,mpeg4\random\mappings\sample_2525_seed_2525.csv,5.225662339790675,326.97973691187,1.1681955216065012,0,0.0001216999,0.0,408000.0,92000.0,1.637208409857186,0.0011293277085157925,True,vec,16,"{""1"": 9, ""2"": 5, ""3"": 1, ""4"": 7, ""5"": 1, ""6"": 14, ""7"": 3, ""8"": 14, ""9"": 10, ""10"": 2, ""11"": 5}"
2526,2526,True,,mpeg4\random\mappings\sample_2526_seed_2526.csv,5.656560138088355,326.82853611713,1.3113260864423102,0,0.0001230941,0.0,772000.0,92000.0,1.5582632055042351,0.0011390862293346644,True,vec,16,"{""1"": 7, ""2"": 12, ""3"": 6, ""4"": 3, ""5"": 15, ""6"": 3, ""7"": 12, ""8"": 15, ""9"": 13, ""10"": 11, ""11"": 2}"
2527,2527,True,,mpeg4\random\mappings\sample_2527_seed_2527.csv,5.187639897239404,327.13317333845,1.2348597256924128,0,0.0001217717,0.0,528000.0,72000.0,1.461774622406184,0.0011303338769231034,True,vec,16,"{""1"": 4, ""2"": 11, ""3"": 3, ""4"": 6, ""5"": 14, ""6"": 14, ""7"": 11, ""8"": 9, ""9"": 2, ""10"": 3, ""11"": 5}"
2528,2528,True,,mpeg4\random\mappings\sample_2528_seed_2528.csv,5.428428024231803,326.89769241767,1.203903681491594,0,0.0001222938,0.0,496000.0,120000.0,1.2687974562100819,0.0011328455428371647,True,vec,16,"{""1"": 8, ""2"": 10, ""3"": 1, ""4"": 15, ""5"": 0, ""6"": 10, ""7"": 12, ""8"": 5, ""9"": 8, ""10"": 15, ""11"": 14}"
2529,2529,True,,mpeg4\random\mappings\sample_2529_seed_2529.csv,5.021334581153723,326.88560419374,1.1981495740937316,0,0.0001221389,0.0,504000.0,56000.0,1.5582632055042351,0.0011317412404570487,True,vec,16,"{""1"": 8, ""2"": 5, ""3"": 11, ""4"": 11, ""5"": 5, ""6"": 13, ""7"": 7, ""8"": 8, ""9"": 15, ""10"": 0, ""11"": 4}"
2530,2530,True,,mpeg4\random\mappings\sample_2530_seed_2530.csv,5.319723211777639,327.2851144134,1.2800322761723448,1,0.0001215477,0.014776875000000002,508000.0,60000.0,0.9398591047394534,0.0011293983063556969,True,vec,16,"{""1"": 5, ""2"": 9, ""3"": 11, ""4"": 15, ""5"": 12, ""6"": 7, ""7"": 10, ""8"": 8, ""9"": 4, ""10"": 15, ""11"": 10}"
2531,2531,True,,mpeg4\random\mappings\sample_2531_seed_2531.csv,5.51415064083913,327.28816474998,1.2836235350028138,1,0.0001323537,0.0149373546511625,412000.0,72000.0,1.09336366875908,0.0011884291672095047,True,vec,16,"{""1"": 14, ""2"": 0, ""3"": 0, ""4"": 4, ""5"": 1, ""6"": 8, ""7"": 13, ""8"": 15, ""9"": 10, ""10"": 13, ""11"": 6}"
2532,2532,True,,mpeg4\random\mappings\sample_2532_seed_2532.csv,4.9341602279425985,325.94759971846,1.1637125467873228,0,0.0001219857,0.0,512000.0,72000.0,1.2907266796414572,0.0011307803864913498,True,vec,16,"{""1"": 7, ""2"": 14, ""3"": 5, ""4"": 13, ""5"": 8, ""6"": 0, ""7"": 5, ""8"": 0, ""9"": 2, ""10"": 12, ""11"": 6}"
2533,2533,True,,mpeg4\random\mappings\sample_2533_seed_2533.csv,5.063669298724991,325.74891593141,1.125689093357849,0,0.0001329017,0.0,536000.0,72000.0,1.356514349935583,0.0011906244325033445,True,vec,16,"{""1"": 1, ""2"": 14, ""3"": 1, ""4"": 13, ""5"": 5, ""6"": 7, ""7"": 15, ""8"": 2, ""9"": 8, ""10"": 15, ""11"": 7}"
2534,2534,True,,mpeg4\random\mappings\sample_2534_seed_2534.csv,4.556510626846401,326.6061727381,1.1770458953136425,0,0.0001215536,0.0,328000.0,44000.0,1.1372221156218305,0.0011279149238585659,True,vec,16,"{""1"": 9, ""2"": 14, ""3"": 10, ""4"": 7, ""5"": 7, ""6"": 2, ""7"": 1, ""8"": 5, ""9"": 2, ""10"": 6, ""11"": 0}"
2535,2535,True,,mpeg4\random\mappings\sample_2535_seed_2535.csv,5.621536483853883,327.22154363391,1.0891376859961692,1,0.0001321576,0.003467361111111125,520000.0,88000.0,1.3784435733669582,0.001186736805463754,True,vec,16,"{""1"": 1, ""2"": 5, ""3"": 2, ""4"": 12, ""5"": 9, ""6"": 6, ""7"": 2, ""8"": 15, ""9"": 2, ""10"": 14, ""11"": 14}"
2536,2536,True,,mpeg4\random\mappings\sample_2536_seed_2536.csv,5.184352029416583,326.20151696575,1.1627509777918554,0,0.0001323978,0.0,652000.0,72000.0,1.185466407170856,0.0011885303678251197,True,vec,16,"{""1"": 13, ""2"": 14, ""3"": 3, ""4"": 0, ""5"": 5, ""6"": 11, ""7"": 2, ""8"": 12, ""9"": 2, ""10"": 12, ""11"": 2}"
2537,2537,True,,mpeg4\random\mappings\sample_2537_seed_2537.csv,4.673524914327347,325.90371843437,1.142426433684201,0,0.0001218268,0.0,444000.0,60000.0,1.071434445327705,0.0011296491524928351,True,vec,16,"{""1"": 1, ""2"": 4, ""3"": 6, ""4"": 5, ""5"": 2, ""6"": 1, ""7"": 10, ""8"": 7, ""9"": 5, ""10"": 13, ""11"": 8}"
2538,2538,True,,mpeg4\random\mappings\sample_2538_seed_2538.csv,5.049335625389829,325.76173805979,1.133409663142643,0,0.0001278288,0.0,424000.0,80000.0,1.5933499629944354,0.0011628467609196798,True,vec,16,"{""1"": 15, ""2"": 9, ""3"": 4, ""4"": 6, ""5"": 5, ""6"": 5, ""7"": 14, ""8"": 14, ""9"": 11, ""10"": 11, ""11"": 11}"
2539,2539,True,,mpeg4\random\mappings\sample_2539_seed_2539.csv,5.3037571941927375,325.92001942221,1.2233885384849743,0,0.0001217157,0.0,544000.0,96000.0,1.5977358076807104,0.0011299054993266773,True,vec,16,"{""1"": 13, ""2"": 0, ""3"": 2, ""4"": 1, ""5"": 13, ""6"": 13, ""7"": 15, ""8"": 7, ""9"": 6, ""10"": 8, ""11"": 10}"
2540,2540,True,,mpeg4\random\mappings\sample_2540_seed_2540.csv,5.02898301542952,325.94576258052,1.1002857413147136,0,0.0001329476,0.0,536000.0,68000.0,1.3433568158767577,0.0011906670405859928,True,vec,16,"{""1"": 1, ""2"": 12, ""3"": 3, ""4"": 4, ""5"": 5, ""6"": 2, ""7"": 6, ""8"": 5, ""9"": 8, ""10"": 6, ""11"": 3}"
2541,2541,True,,mpeg4\random\mappings\sample_2541_seed_2541.csv,4.68364535976277,325.66593118764,1.1553595408940007,0,0.0001209441,0.0,436000.0,48000.0,1.466160467092459,0.0011248446349507292,True,vec,16,"{""1"": 15, ""2"": 10, ""3"": 1, ""4"": 4, ""5"": 7, ""6"": 6, ""7"": 6, ""8"": 13, ""9"": 15, ""10"": 4, ""11"": 7}"
2542,2542,True,,mpeg4\random\mappings\sample_2542_seed_2542.csv,6.1690667273044015,327.58908342854,1.1807644265563606,1,0.0001211236,0.0544275,460000.0,128000.0,1.457388777719909,0.0011264437606178465,True,vec,16,"{""1"": 2, ""2"": 2, ""3"": 13, ""4"": 5, ""5"": 10, ""6"": 1, ""7"": 2, ""8"": 4, ""9"": 13, ""10"": 7, ""11"": 0}"
2543,2543,True,,mpeg4\random\mappings\sample_2543_seed_2543.csv,4.899999471234296,326.08672361877,1.2109154287937727,0,0.0001227239,0.0,524000.0,76000.0,0.900386502562978,0.001135266882727792,True,vec,16,"{""1"": 0, ""2"": 2, ""3"": 15, ""4"": 5, ""5"": 13, ""6"": 14, ""7"": 3, ""8"": 9, ""9"": 5, ""10"": 9, ""11"": 1}"
2544,2544,True,,mpeg4\random\mappings\sample_2544_seed_2544.csv,5.237457201644431,325.42025944745,1.1708981462592332,0,0.0001216517,0.0,496000.0,80000.0,2.1678956168964665,0.0011287555660226428,True,vec,16,"{""1"": 12, ""2"": 11, ""3"": 2, ""4"": 5, ""5"": 2, ""6"": 7, ""7"": 2, ""8"": 8, ""9"": 5, ""10"": 9, ""11"": 5}"
2545,2545,True,,mpeg4\random\mappings\sample_2545_seed_2545.csv,5.3019697987668355,326.43843905887,1.217360173047055,0,0.000127375,0.0,644000.0,96000.0,0.9837175516022039,0.0011608543406503133,True,vec,16,"{""1"": 14, ""2"": 15, ""3"": 11, ""4"": 2, ""5"": 8, ""6"": 14, ""7"": 3, ""8"": 9, ""9"": 0, ""10"": 0, ""11"": 12}"
2546,2546,True,,mpeg4\random\mappings\sample_2546_seed_2546.csv,5.598784656509718,326.51831839633,1.2231965577891704,0,0.0001220038,0.0,628000.0,136000.0,1.1152928921904552,0.0011321298239563475,True,vec,16,"{""1"": 10, ""2"": 1, ""3"": 8, ""4"": 13, ""5"": 14, ""6"": 8, ""7"": 6, ""8"": 12, ""9"": 11, ""10"": 7, ""11"": 2}"
2547,2547,True,,mpeg4\random\mappings\sample_2547_seed_2547.csv,5.121393563101247,326.18584665958,1.2156842777011114,0,0.0001213848,0.0,508000.0,72000.0,1.6679093226611112,0.0011279092543057736,True,vec,16,"{""1"": 10, ""2"": 10, ""3"": 4, ""4"": 15, ""5"": 0, ""6"": 4, ""7"": 13, ""8"": 0, ""9"": 11, ""10"": 9, ""11"": 8}"
2548,2548,True,,mpeg4\random\mappings\sample_2548_seed_2548.csv,5.4784974350176325,325.87640033631,1.1882079235690424,0,0.0001328859,0.0,708000.0,88000.0,1.5319481373865849,0.0011916534744821753,True,vec,16,"{""1"": 8, ""2"": 3, ""3"": 1, ""4"": 4, ""5"": 7, ""6"": 4, ""7"": 3, ""8"": 14, ""9"": 15, ""10"": 3, ""11"": 9}"
2549,2549,True,,mpeg4\random\mappings\sample_2549_seed_2549.csv,6.367235678076939,327.20886839344,1.365311486581358,1,0.0001226221,0.00113837209302325,768000.0,104000.0,2.2292974425043175,0.001136530146035361,True,vec,16,"{""1"": 5, ""2"": 3, ""3"": 12, ""4"": 10, ""5"": 12, ""6"": 3, ""7"": 12, ""8"": 2, ""9"": 13, ""10"": 4, ""11"": 2}"
2550,2550,True,,mpeg4\random\mappings\sample_2550_seed_2550.csv,5.192295999504181,327.31999287926,1.2241310265449992,1,0.0001221847,0.0023621428571428747,472000.0,60000.0,0.9617883281708286,0.0011326448013633972,True,vec,16,"{""1"": 5, ""2"": 12, ""3"": 14, ""4"": 7, ""5"": 4, ""6"": 3, ""7"": 1, ""8"": 6, ""9"": 7, ""10"": 3, ""11"": 11}"
2551,2551,True,,mpeg4\random\mappings\sample_2551_seed_2551.csv,4.929004980660444,325.90381755499,1.1251888089569602,0,0.0001212729,0.0,412000.0,80000.0,1.4880896905238343,0.001126485103211328,True,vec,16,"{""1"": 5, ""2"": 1, ""3"": 9, ""4"": 13, ""5"": 9, ""6"": 2, ""7"": 13, ""8"": 11, ""9"": 2, ""10"": 0, ""11"": 4}"
2552,2552,True,,mpeg4\random\mappings\sample_2552_seed_2552.csv,4.9483926871218955,326.59303036677,1.2578679889569555,0,0.0001223596,0.0,496000.0,72000.0,0.9617883281708286,0.0011332276673745249,True,vec,16,"{""1"": 1, ""2"": 11, ""3"": 0, ""4"": 12, ""5"": 5, ""6"": 8, ""7"": 4, ""8"": 10, ""9"": 5, ""10"": 8, ""11"": 6}"
2553,2553,True,,mpeg4\random\mappings\sample_2553_seed_2553.csv,6.777218217407235,327.81181981902,1.3279054314353238,2,0.0001216518,0.03798361555232558,540000.0,144000.0,1.6065074970532607,0.0011308153230460984,True,vec,16,"{""1"": 4, ""2"": 7, ""3"": 3, ""4"": 6, ""5"": 11, ""6"": 7, ""7"": 14, ""8"": 6, ""9"": 9, ""10"": 0, ""11"": 3}"
2554,2554,True,,mpeg4\random\mappings\sample_2554_seed_2554.csv,4.873611069054573,326.1864607287,1.2317549075358218,0,0.0001219897,0.0,320000.0,72000.0,1.4179161755434335,0.001130325988874965,True,vec,16,"{""1"": 10, ""2"": 5, ""3"": 1, ""4"": 13, ""5"": 1, ""6"": 12, ""7"": 4, ""8"": 9, ""9"": 13, ""10"": 8, ""11"": 5}"
2555,2555,True,,mpeg4\random\mappings\sample_2555_seed_2555.csv,5.149637086186249,326.14553827794,1.0654962200774003,0,0.0001412227,0.0,496000.0,56000.0,1.7950988185630876,0.001234020987278995,True,vec,16,"{""1"": 9, ""2"": 1, ""3"": 8, ""4"": 8, ""5"": 8, ""6"": 5, ""7"": 0, ""8"": 14, ""9"": 6, ""10"": 15, ""11"": 3}"
2556,2556,True,,mpeg4\random\mappings\sample_2556_seed_2556.csv,5.696235832451063,326.35070925677,1.1824284129604001,0,0.0001213216,0.0,544000.0,144000.0,1.6021216523669854,0.001127400462289226,True,vec,16,"{""1"": 3, ""2"": 9, ""3"": 9, ""4"": 3, ""5"": 10, ""6"": 2, ""7"": 1, ""8"": 0, ""9"": 5, ""10"": 9, ""11"": 8}"
2557,2557,True,,mpeg4\random\mappings\sample_2557_seed_2557.csv,4.743799714896964,325.90876007601,1.1396990101124655,0,0.00012294,0.0,496000.0,64000.0,1.0056467750335791,0.0011358941576168754,True,vec,16,"{""1"": 0, ""2"": 9, ""3"": 5, ""4"": 5, ""5"": 11, ""6"": 4, ""7"": 15, ""8"": 1, ""9"": 6, ""10"": 12, ""11"": 8}"
2558,2558,True,,mpeg4\random\mappings\sample_2558_seed_2558.csv,5.109847292579564,325.88451751779,1.2290742991062544,0,0.0001331577,0.0,588000.0,64000.0,1.2512540774649819,0.001192982252384572,True,vec,16,"{""1"": 10, ""2"": 0, ""3"": 14, ""4"": 13, ""5"": 0, ""6"": 3, ""7"": 6, ""8"": 10, ""9"": 6, ""10"": 15, ""11"": 11}"
2559,2559,True,,mpeg4\random\mappings\sample_2559_seed_2559.csv,5.3534274964555,327.46873804555,1.2250587521231713,1,0.0001221676,0.05053576388888875,488000.0,60000.0,0.5670623064060744,0.0011326674361238208,True,vec,16,"{""1"": 9, ""2"": 12, ""3"": 0, ""4"": 2, ""5"": 6, ""6"": 4, ""7"": 8, ""8"": 13, ""9"": 3, ""10"": 1, ""11"": 5}"
2560,2560,True,,mpeg4\random\mappings\sample_2560_seed_2560.csv,5.0723003462062675,326.44885901962,1.2275782658705994,0,0.0001273758,0.0,628000.0,72000.0,0.8916148131904279,0.0011608390527742558,True,vec,16,"{""1"": 14, ""2"": 8, ""3"": 10, ""4"": 7, ""5"": 5, ""6"": 3, ""7"": 8, ""8"": 4, ""9"": 0, ""10"": 0, ""11"": 13}"
2561,2561,True,,mpeg4\random\mappings\sample_2561_seed_2561.csv,5.1166863883525835,326.51321949066,1.1771060385051777,0,0.0001208838,0.0,600000.0,72000.0,1.4091444861708835,0.0011253619205308003,True,vec,16,"{""1"": 4, ""2"": 6, ""3"": 6, ""4"": 15, ""5"": 10, ""6"": 2, ""7"": 14, ""8"": 15, ""9"": 9, ""10"": 13, ""11"": 13}"
2562,2562,True,,mpeg4\random\mappings\sample_2562_seed_2562.csv,5.210282822544327,326.99835800002,1.1544339324032693,0,0.0001214643,0.0,404000.0,72000.0,2.088950412543516,0.0011273369637437266,True,vec,16,"{""1"": 9, ""2"": 14, ""3"": 6, ""4"": 10, ""5"": 15, ""6"": 6, ""7"": 6, ""8"": 10, ""9"": 1, ""10"": 0, ""11"": 2}"
2563,2563,True,,mpeg4\random\mappings\sample_2563_seed_2563.csv,5.162193537446974,325.85481127929,1.1402907464865157,0,0.0001221468,0.0,596000.0,96000.0,1.2424823880924316,0.0011316637641141064,True,vec,16,"{""1"": 3, ""2"": 13, ""3"": 10, ""4"": 14, ""5"": 10, ""6"": 1, ""7"": 7, ""8"": 4, ""9"": 8, ""10"": 5, ""11"": 4}"
2564,2564,True,,mpeg4\random\mappings\sample_2564_seed_2564.csv,4.834559052342341,326.10045902162,1.0949055968829928,0,0.0001216737,0.0,472000.0,48000.0,1.7731695951317124,0.00112862006969251,True,vec,16,"{""1"": 3, ""2"": 6, ""3"": 11, ""4"": 5, ""5"": 5, ""6"": 8, ""7"": 5, ""8"": 4, ""9"": 10, ""10"": 0, ""11"": 11}"
2565,2565,True,,mpeg4\random\mappings\sample_2565_seed_2565.csv,7.027724621277566,327.82103733869,1.3385651126478206,2,0.000127149,0.13489085317460178,664000.0,96000.0,1.3126559030728324,0.001162335087176126,True,vec,16,"{""1"": 3, ""2"": 10, ""3"": 10, ""4"": 14, ""5"": 8, ""6"": 0, ""7"": 9, ""8"": 15, ""9"": 11, ""10"": 11, ""11"": 14}"
2566,2566,True,,mpeg4\random\mappings\sample_2566_seed_2566.csv,5.318504402585666,326.55716097782,1.2752331041681686,0,0.0001223001,0.0,568000.0,72000.0,1.7907129738768126,0.0011337055000978549,True,vec,16,"{""1"": 3, ""2"": 15, ""3"": 15, ""4"": 8, ""5"": 10, ""6"": 0, ""7"": 15, ""8"": 6, ""9"": 2, ""10"": 4, ""11"": 10}"
2567,2567,True,,mpeg4\random\mappings\sample_2567_seed_2567.csv,4.978341035941246,325.75867638004,1.1556140629388707,0,0.0001213228,0.0,460000.0,64000.0,1.8345714207395631,0.0011268675498200518,True,vec,16,"{""1"": 11, ""2"": 10, ""3"": 14, ""4"": 4, ""5"": 14, ""6"": 2, ""7"": 14, ""8"": 11, ""9"": 1, ""10"": 8, ""11"": 0}"
2568,2568,True,,mpeg4\random\mappings\sample_2568_seed_2568.csv,6.083645903636338,327.35599516384,1.3613604091270624,1,0.0001219819,0.01315514705882375,564000.0,76000.0,2.404731229955319,0.0011325695930484653,True,vec,16,"{""1"": 15, ""2"": 3, ""3"": 3, ""4"": 2, ""5"": 15, ""6"": 3, ""7"": 4, ""8"": 8, ""9"": 11, ""10"": 6, ""11"": 8}"
2569,2569,True,,mpeg4\random\mappings\sample_2569_seed_2569.csv,5.588720861886304,327.403901402,1.2327367181867392,1,0.0001280008,0.030874652777777498,560000.0,68000.0,0.9705600175433787,0.0011646140046733234,True,vec,16,"{""1"": 11, ""2"": 3, ""3"": 0, ""4"": 5, ""5"": 10, ""6"": 13, ""7"": 4, ""8"": 10, ""9"": 1, ""10"": 1, ""11"": 2}"
2570,2570,True,,mpeg4\random\mappings\sample_2570_seed_2570.csv,4.992727792838745,326.18396156725,1.2104742692875134,0,0.0001216028,0.0,452000.0,96000.0,0.9179298813080782,0.0011286693068142594,True,vec,16,"{""1"": 0, ""2"": 1, ""3"": 5, ""4"": 6, ""5"": 11, ""6"": 7, ""7"": 14, ""8"": 12, ""9"": 5, ""10"": 0, ""11"": 4}"
2571,2571,True,,mpeg4\random\mappings\sample_2571_seed_2571.csv,6.3152527126443925,327.5863230642,1.3395235562288623,2,0.0001225689,0.06593924999999999,732000.0,84000.0,0.6986376469943258,0.0011366579854658393,True,vec,16,"{""1"": 4, ""2"": 11, ""3"": 12, ""4"": 8, ""5"": 6, ""6"": 0, ""7"": 13, ""8"": 2, ""9"": 14, ""10"": 4, ""11"": 3}"
2572,2572,True,,mpeg4\random\mappings\sample_2572_seed_2572.csv,4.892851179434627,326.96709345117,1.108556841757208,0,0.0001227798,0.0,404000.0,80000.0,1.071434445327705,0.001135181096251211,True,vec,16,"{""1"": 1, ""2"": 13, ""3"": 5, ""4"": 11, ""5"": 9, ""6"": 10, ""7"": 3, ""8"": 4, ""9"": 15, ""10"": 11, ""11"": 5}"
2573,2573,True,,mpeg4\random\mappings\sample_2573_seed_2573.csv,5.305952155723474,326.84284606973,1.213698029594188,0,0.0001219842,0.0,552000.0,96000.0,1.3170417477591074,0.0011314903804131664,True,vec,16,"{""1"": 3, ""2"": 4, ""3"": 7, ""4"": 6, ""5"": 5, ""6"": 2, ""7"": 2, ""8"": 15, ""9"": 15, ""10"": 11, ""11"": 5}"
2574,2574,True,,mpeg4\random\mappings\sample_2574_seed_2574.csv,5.643909977736485,327.40042416437,1.2137668644296606,1,0.0001221619,0.03032916666666688,544000.0,72000.0,1.3345851265042077,0.0011320277059688002,True,vec,16,"{""1"": 1, ""2"": 6, ""3"": 14, ""4"": 2, ""5"": 4, ""6"": 11, ""7"": 1, ""8"": 0, ""9"": 12, ""10"": 4, ""11"": 1}"
2575,2575,True,,mpeg4\random\mappings\sample_2575_seed_2575.csv,5.84937638323054,326.86094170209,1.245462692541611,0,0.0001335318,0.0,696000.0,96000.0,1.9924618294454648,0.0011953927985394598,True,vec,16,"{""1"": 9, ""2"": 2, ""3"": 12, ""4"": 3, ""5"": 3, ""6"": 12, ""7"": 5, ""8"": 5, ""9"": 5, ""10"": 6, ""11"": 1}"
2576,2576,True,,mpeg4\random\mappings\sample_2576_seed_2576.csv,6.276346988592586,327.36693163614,1.2924579680867367,2,0.0001326409,0.02433047619047625,804000.0,80000.0,0.9617883281708286,0.001191292255804094,True,vec,16,"{""1"": 12, ""2"": 10, ""3"": 13, ""4"": 12, ""5"": 1, ""6"": 7, ""7"": 8, ""8"": 2, ""9"": 8, ""10"": 4, ""11"": 3}"
2577,2577,True,,mpeg4\random\mappings\sample_2577_seed_2577.csv,5.655033326221919,327.28451638246,1.2673037727514835,1,0.0001219867,0.021370625,512000.0,84000.0,1.2468682327787066,0.0011317856126938255,True,vec,16,"{""1"": 11, ""2"": 14, ""3"": 2, ""4"": 3, ""5"": 11, ""6"": 1, ""7"": 6, ""8"": 0, ""9"": 5, ""10"": 1, ""11"": 6}"
2578,2578,True,,mpeg4\random\mappings\sample_2578_seed_2578.csv,5.406993548595925,325.94943310753,1.2863812636281962,0,0.0001209884,0.0,712000.0,64000.0,2.0363202763082153,0.0011269365737282015,True,vec,16,"{""1"": 14, ""2"": 5, ""3"": 0, ""4"": 15, ""5"": 13, ""6"": 0, ""7"": 0, ""8"": 4, ""9"": 14, ""10"": 3, ""11"": 3}"
2579,2579,True,,mpeg4\random\mappings\sample_2579_seed_2579.csv,5.45109247513985,325.93046101835,1.1248270050533138,0,0.0001230759,0.0,584000.0,92000.0,2.1626326032729364,0.0011370188533021263,True,vec,16,"{""1"": 11, ""2"": 8, ""3"": 7, ""4"": 5, ""5"": 8, ""6"": 2, ""7"": 15, ""8"": 8, ""9"": 0, ""10"": 7, ""11"": 7}"
2580,2580,True,,mpeg4\random\mappings\sample_2580_seed_2580.csv,5.21902298774694,326.74189077526,1.321995389650285,0,0.0001218177,0.0,480000.0,72000.0,1.6065074970532607,0.0011303594072609045,True,vec,16,"{""1"": 3, ""2"": 6, ""3"": 0, ""4"": 11, ""5"": 3, ""6"": 14, ""7"": 9, ""8"": 11, ""9"": 4, ""10"": 12, ""11"": 3}"
2581,2581,True,,mpeg4\random\mappings\sample_2581_seed_2581.csv,5.4174555983832,326.46138001151,1.1909426456089116,0,0.0001217457,0.0,620000.0,100000.0,1.5319481373865849,0.0011300213469399084,True,vec,16,"{""1"": 4, ""2"": 11, ""3"": 7, ""4"": 12, ""5"": 4, ""6"": 10, ""7"": 13, ""8"": 7, ""9"": 4, ""10"": 8, ""11"": 14}"
2582,2582,True,,mpeg4\random\mappings\sample_2582_seed_2582.csv,5.150142411525881,325.83534422029,1.1340860253472271,0,0.0001219368,0.0,568000.0,92000.0,1.4003727967983335,0.001130855250170274,True,vec,16,"{""1"": 4, ""2"": 13, ""3"": 2, ""4"": 10, ""5"": 2, ""6"": 13, ""7"": 1, ""8"": 0, ""9"": 5, ""10"": 7, ""11"": 11}"
2583,2583,True,,mpeg4\random\mappings\sample_2583_seed_2583.csv,6.555033865707783,328.74336364808,1.4123828590373975,1,0.0001219548,0.11973662499999999,492000.0,88000.0,1.4486170883473588,0.0011351981515392287,True,vec,16,"{""1"": 10, ""2"": 14, ""3"": 13, ""4"": 15, ""5"": 7, ""6"": 12, ""7"": 15, ""8"": 11, ""9"": 1, ""10"": 14, ""11"": 15}"
2584,2584,True,,mpeg4\random\mappings\sample_2584_seed_2584.csv,4.698766161926531,325.16136518347,1.037040280700456,0,0.0001215317,0.0,420000.0,72000.0,1.4003727967983335,0.001127737111042041,True,vec,16,"{""1"": 9, ""2"": 13, ""3"": 10, ""4"": 9, ""5"": 11, ""6"": 5, ""7"": 2, ""8"": 1, ""9"": 14, ""10"": 11, ""11"": 11}"
2585,2585,True,,mpeg4\random\mappings\sample_2585_seed_2585.csv,5.134728633437276,326.19192967109,1.2359703327058855,0,0.0001216159,0.0,560000.0,80000.0,1.3301992818179327,0.001129648716666532,True,vec,16,"{""1"": 3, ""2"": 3, ""3"": 2, ""4"": 12, ""5"": 13, ""6"": 15, ""7"": 5, ""8"": 5, ""9"": 14, ""10"": 3, ""11"": 10}"
2586,2586,True,,mpeg4\random\mappings\sample_2586_seed_2586.csv,6.594366454059374,328.21944924336,1.2758233208183098,2,0.0001217756,0.1636528125,460000.0,52000.0,1.3784435733669582,0.00113090576859173,True,vec,16,"{""1"": 9, ""2"": 15, ""3"": 8, ""4"": 12, ""5"": 9, ""6"": 8, ""7"": 4, ""8"": 5, ""9"": 1, ""10"": 0, ""11"": 2}"
2587,2587,True,,mpeg4\random\mappings\sample_2587_seed_2587.csv,5.16670015925841,325.75544175978,1.186943862634524,0,0.0001212577,0.0,576000.0,80000.0,1.628436720484636,0.0011273263810358247,True,vec,16,"{""1"": 8, ""2"": 13, ""3"": 14, ""4"": 10, ""5"": 13, ""6"": 0, ""7"": 5, ""8"": 5, ""9"": 13, ""10"": 10, ""11"": 7}"
2588,2588,True,,mpeg4\random\mappings\sample_2588_seed_2588.csv,5.044381013631018,326.87943068373,1.1760433362271718,0,0.0001208518,0.0,548000.0,72000.0,1.2380965434061566,0.001125161801386332,True,vec,16,"{""1"": 4, ""2"": 4, ""3"": 1, ""4"": 14, ""5"": 6, ""6"": 8, ""7"": 11, ""8"": 2, ""9"": 15, ""10"": 3, ""11"": 4}"
2589,2589,True,,mpeg4\random\mappings\sample_2589_seed_2589.csv,4.667537923479007,325.75478896913,1.0807616812940977,0,0.0001284207,0.0,476000.0,60000.0,0.9179298813080782,0.0011659964240384887,True,vec,16,"{""1"": 3, ""2"": 8, ""3"": 13, ""4"": 4, ""5"": 6, ""6"": 5, ""7"": 4, ""8"": 1, ""9"": 7, ""10"": 7, ""11"": 15}"
2590,2590,True,,mpeg4\random\mappings\sample_2590_seed_2590.csv,5.599432601577156,326.08924849842,1.2594788613873837,0,0.0001226907,0.0,604000.0,144000.0,1.0275759984649544,0.001135693080224716,True,vec,16,"{""1"": 3, ""2"": 13, ""3"": 8, ""4"": 11, ""5"": 7, ""6"": 3, ""7"": 6, ""8"": 14, ""9"": 5, ""10"": 2, ""11"": 5}"
2591,2591,True,,mpeg4\random\mappings\sample_2591_seed_2591.csv,5.8537635726565265,327.28175142477,1.3759484350397573,1,0.0001215549,0.01851625,544000.0,80000.0,1.637208409857186,0.001130240472142167,True,vec,16,"{""1"": 11, ""2"": 11, ""3"": 0, ""4"": 1, ""5"": 15, ""6"": 15, ""7"": 2, ""8"": 9, ""9"": 15, ""10"": 10, ""11"": 5}"
2592,2592,True,,mpeg4\random\mappings\sample_2592_seed_2592.csv,5.719847509001666,327.32460275898,1.2247483232023992,1,0.0001226041,0.016897916666666877,700000.0,88000.0,0.9617883281708286,0.0011360112352331586,True,vec,16,"{""1"": 10, ""2"": 7, ""3"": 1, ""4"": 15, ""5"": 6, ""6"": 0, ""7"": 15, ""8"": 3, ""9"": 10, ""10"": 9, ""11"": 4}"
2593,2593,True,,mpeg4\random\mappings\sample_2593_seed_2593.csv,4.825231738551601,326.15637828717,1.1611719956108257,0,0.0001222516,0.0,412000.0,80000.0,1.0056467750335791,0.0011318190768235916,True,vec,16,"{""1"": 14, ""2"": 1, ""3"": 11, ""4"": 2, ""5"": 6, ""6"": 2, ""7"": 3, ""8"": 15, ""9"": 0, ""10"": 9, ""11"": 13}"
2594,2594,True,,mpeg4\random\mappings\sample_2594_seed_2594.csv,5.00854732948345,326.47324468899,1.2155339027229854,0,0.0001210256,0.0,536000.0,72000.0,1.1986239412296813,0.0011261535015317646,True,vec,16,"{""1"": 10, ""2"": 14, ""3"": 14, ""4"": 6, ""5"": 1, ""6"": 12, ""7"": 13, ""8"": 13, ""9"": 5, ""10"": 3, ""11"": 8}"
2595,2595,True,,mpeg4\random\mappings\sample_2595_seed_2595.csv,4.907088405590347,326.4003187256,1.1351611486289919,0,0.0001323137,0.0,512000.0,64000.0,0.9617883281708286,0.0011876125314159186,True,vec,16,"{""1"": 7, ""2"": 10, ""3"": 6, ""4"": 3, ""5"": 11, ""6"": 9, ""7"": 1, ""8"": 12, ""9"": 15, ""10"": 1, ""11"": 3}"
2596,2596,True,,mpeg4\random\mappings\sample_2596_seed_2596.csv,5.177732078766083,324.98881689265,1.0986157923752538,0,0.0001225288,0.0,568000.0,84000.0,1.9705326060140895,0.0011335790758364194,True,vec,16,"{""1"": 4, ""2"": 11, ""3"": 14, ""4"": 14, ""5"": 4, ""6"": 1, ""7"": 13, ""8"": 1, ""9"": 7, ""10"": 4, ""11"": 9}"
2597,2597,True,,mpeg4\random\mappings\sample_2597_seed_2597.csv,5.493629268673626,326.32732934589,1.2279922220806556,0,0.0001225876,0.0,720000.0,104000.0,1.3170417477591074,0.001135315489948734,True,vec,16,"{""1"": 1, ""2"": 15, ""3"": 0, ""4"": 2, ""5"": 12, ""6"": 1, ""7"": 2, ""8"": 4, ""9"": 8, ""10"": 15, ""11"": 10}"
2598,2598,True,,mpeg4\random\mappings\sample_2598_seed_2598.csv,5.11762497932107,326.93311498938,1.234081713592898,0,0.0001221018,0.0,376000.0,72000.0,1.7249253035826868,0.001131389885836349,True,vec,16,"{""1"": 12, ""2"": 8, ""3"": 5, ""4"": 4, ""5"": 13, ""6"": 5, ""7"": 12, ""8"": 15, ""9"": 4, ""10"": 10, ""11"": 8}"
2599,2599,True,,mpeg4\random\mappings\sample_2599_seed_2599.csv,4.7968129148951375,326.22353243875,1.2318608966436855,0,0.0001228498,0.0,428000.0,60000.0,1.1372221156218305,0.0011356225000842541,True,vec,16,"{""1"": 2, ""2"": 10, ""3"": 12, ""4"": 11, ""5"": 11, ""6"": 8, ""7"": 14, ""8"": 7, ""9"": 12, ""10"": 4, ""11"": 6}"
2600,2600,True,,mpeg4\random\mappings\sample_2600_seed_2600.csv,4.817767003798607,325.89286597251,1.1915826935834728,0,0.0001216996,0.0,528000.0,72000.0,0.8828431238178778,0.0011294240422798215,True,vec,16,"{""1"": 15, ""2"": 2, ""3"": 1, ""4"": 2, ""5"": 5, ""6"": 7, ""7"": 11, ""8"": 13, ""9"": 9, ""10"": 8, ""11"": 4}"
2601,2601,True,,mpeg4\random\mappings\sample_2601_seed_2601.csv,5.164787029423046,325.82964737289,1.1368162118231222,0,0.0001224596,0.0,636000.0,96000.0,1.1459938049943805,0.001133453835874458,True,vec,16,"{""1"": 0, ""2"": 11, ""3"": 12, ""4"": 6, ""5"": 11, ""6"": 2, ""7"": 6, ""8"": 13, ""9"": 4, ""10"": 9, ""11"": 5}"
2602,2602,True,,mpeg4\random\mappings\sample_2602_seed_2602.csv,5.46365157263617,326.29207793573,1.1541316591540671,0,0.0001222107,0.0,592000.0,88000.0,2.1240371700337164,0.0011326246162926277,True,vec,16,"{""1"": 2, ""2"": 9, ""3"": 2, ""4"": 8, ""5"": 8, ""6"": 2, ""7"": 10, ""8"": 13, ""9"": 6, ""10"": 5, ""11"": 15}"
2603,2603,True,,mpeg4\random\mappings\sample_2603_seed_2603.csv,4.773046449571651,325.98147834969,1.1149563317207025,0,0.0001214037,0.0,544000.0,56000.0,1.2249390093473316,0.001127414473118145,True,vec,16,"{""1"": 9, ""2"": 8, ""3"": 13, ""4"": 7, ""5"": 2, ""6"": 7, ""7"": 15, ""8"": 14, ""9"": 13, ""10"": 0, ""11"": 1}"
2604,2604,True,,mpeg4\random\mappings\sample_2604_seed_2604.csv,4.863232048048874,325.66678860559,1.268130281117586,0,0.0001214517,0.0,592000.0,80000.0,0.5670623064060744,0.0011288671599989746,True,vec,16,"{""1"": 0, ""2"": 8, ""3"": 4, ""4"": 1, ""5"": 12, ""6"": 3, ""7"": 11, ""8"": 2, ""9"": 5, ""10"": 14, ""11"": 10}"
2605,2605,True,,mpeg4\random\mappings\sample_2605_seed_2605.csv,5.404367197166794,326.91251563446,1.2403227028587331,0,0.0001222779,0.0,652000.0,80000.0,1.5977358076807104,0.0011331071506189903,True,vec,16,"{""1"": 0, ""2"": 11, ""3"": 2, ""4"": 2, ""5"": 13, ""6"": 11, ""7"": 12, ""8"": 14, ""9"": 8, ""10"": 15, ""11"": 0}"
2606,2606,True,,mpeg4\random\mappings\sample_2606_seed_2606.csv,5.3748314099700325,326.95183365786,1.2478182243279827,0,0.0001223829,0.0,628000.0,104000.0,1.0056467750335791,0.001133743074400425,True,vec,16,"{""1"": 13, ""2"": 0, ""3"": 7, ""4"": 7, ""5"": 6, ""6"": 2, ""7"": 8, ""8"": 14, ""9"": 12, ""10"": 5, ""11"": 11}"
2607,2607,True,,mpeg4\random\mappings\sample_2607_seed_2607.csv,6.231539988511463,327.28101864554,1.351835084046425,1,0.0001224207,0.006619615384615625,580000.0,116000.0,2.010005208190565,0.0011350817467415798,True,vec,16,"{""1"": 6, ""2"": 0, ""3"": 15, ""4"": 14, ""5"": 3, ""6"": 15, ""7"": 7, ""8"": 6, ""9"": 11, ""10"": 5, ""11"": 15}"
2608,2608,True,,mpeg4\random\mappings\sample_2608_seed_2608.csv,4.7109625578404595,325.7897256608,1.0933789573453134,0,0.0001227378,0.0,456000.0,80000.0,0.803897919464927,0.0011344211328426566,True,vec,16,"{""1"": 8, ""2"": 6, ""3"": 1, ""4"": 10, ""5"": 14, ""6"": 11, ""7"": 2, ""8"": 13, ""9"": 15, ""10"": 9, ""11"": 13}"
2609,2609,True,,mpeg4\random\mappings\sample_2609_seed_2609.csv,5.762767292205214,327.20739271442,1.2702676060621714,1,0.0001222888,0.0018693181818181875,660000.0,92000.0,1.2863408349551821,0.0011339526464169071,True,vec,16,"{""1"": 1, ""2"": 15, ""3"": 4, ""4"": 1, ""5"": 0, ""6"": 6, ""7"": 13, ""8"": 14, ""9"": 6, ""10"": 7, ""11"": 15}"
2610,2610,True,,mpeg4\random\mappings\sample_2610_seed_2610.csv,5.309619364469812,327.14812564771,1.3080291857811388,0,0.0001225227,0.0,564000.0,80000.0,1.3389709711904827,0.0011351747925388428,True,vec,16,"{""1"": 15, ""2"": 12, ""3"": 3, ""4"": 11, ""5"": 1, ""6"": 5, ""7"": 2, ""8"": 3, ""9"": 4, ""10"": 3, ""11"": 13}"
2611,2611,True,,mpeg4\random\mappings\sample_2611_seed_2611.csv,5.134552415129491,326.01135368689,1.1725404994907989,0,0.0001215857,0.0,596000.0,72000.0,1.6065074970532607,0.0011294492214577582,True,vec,16,"{""1"": 13, ""2"": 9, ""3"": 0, ""4"": 3, ""5"": 9, ""6"": 13, ""7"": 5, ""8"": 0, ""9"": 15, ""10"": 2, ""11"": 11}"
2612,2612,True,,mpeg4\random\mappings\sample_2612_seed_2612.csv,5.188406034421911,325.88767456314,1.1960247314575134,0,0.0001216438,0.0,700000.0,100000.0,0.8302129875825772,0.0011302097211573637,True,vec,16,"{""1"": 5, ""2"": 13, ""3"": 4, ""4"": 3, ""5"": 15, ""6"": 12, ""7"": 10, ""8"": 0, ""9"": 7, ""10"": 5, ""11"": 7}"
2613,2613,True,,mpeg4\random\mappings\sample_2613_seed_2613.csv,5.108916092324731,326.13926469466,1.1701607057932095,0,0.0001220738,0.0,460000.0,92000.0,1.4003727967983335,0.0011316939207992199,True,vec,16,"{""1"": 8, ""2"": 12, ""3"": 0, ""4"": 10, ""5"": 8, ""6"": 11, ""7"": 2, ""8"": 7, ""9"": 15, ""10"": 10, ""11"": 10}"
2614,2614,True,,mpeg4\random\mappings\sample_2614_seed_2614.csv,5.18313791328037,325.78339840435,1.0765438706241726,0,0.0001426917,0.0,520000.0,72000.0,1.4968613798963843,0.0012429855003860027,True,vec,16,"{""1"": 4, ""2"": 14, ""3"": 13, ""4"": 7, ""5"": 0, ""6"": 8, ""7"": 10, ""8"": 7, ""9"": 10, ""10"": 10, ""11"": 0}"
2615,2615,True,,mpeg4\random\mappings\sample_2615_seed_2615.csv,4.462483926881856,325.94762933887,1.0916709532788924,0,0.0001223897,0.0,488000.0,40000.0,0.8828431238178778,0.0011330696732248847,True,vec,16,"{""1"": 9, ""2"": 12, ""3"": 11, ""4"": 0, ""5"": 1, ""6"": 6, ""7"": 4, ""8"": 1, ""9"": 10, ""10"": 7, ""11"": 15}"
2616,2616,True,,mpeg4\random\mappings\sample_2616_seed_2616.csv,5.371364553695246,326.60889569687,1.2802680441084242,0,0.0001229287,0.0,556000.0,104000.0,1.2030097859159563,0.0011370936800581108,True,vec,16,"{""1"": 14, ""2"": 0, ""3"": 15, ""4"": 13, ""5"": 5, ""6"": 12, ""7"": 9, ""8"": 10, ""9"": 13, ""10"": 14, ""11"": 15}"
2617,2617,True,,mpeg4\random\mappings\sample_2617_seed_2617.csv,4.787286134737943,325.67025876781,1.2602671002204344,0,0.0001208896,0.0,424000.0,64000.0,1.2030097859159563,0.0011248715388060089,True,vec,16,"{""1"": 2, ""2"": 6, ""3"": 14, ""4"": 9, ""5"": 12, ""6"": 12, ""7"": 13, ""8"": 4, ""9"": 10, ""10"": 8, ""11"": 13}"
2618,2618,True,,mpeg4\random\mappings\sample_2618_seed_2618.csv,4.767651566807823,326.85018644873,1.2393038711173585,0,0.0001220837,0.0,456000.0,48000.0,1.071434445327705,0.001131772381844539,True,vec,16,"{""1"": 15, ""2"": 7, ""3"": 8, ""4"": 1, ""5"": 12, ""6"": 9, ""7"": 14, ""8"": 10, ""9"": 1, ""10"": 15, ""11"": 14}"
2619,2619,True,,mpeg4\random\mappings\sample_2619_seed_2619.csv,5.138852017389378,325.80726678561,1.2341705574351882,0,0.0001221019,0.0,488000.0,76000.0,1.7293111482689618,0.001132082726066887,True,vec,16,"{""1"": 15, ""2"": 13, ""3"": 15, ""4"": 4, ""5"": 15, ""6"": 2, ""7"": 8, ""8"": 11, ""9"": 14, ""10"": 6, ""11"": 6}"
2620,2620,True,,mpeg4\random\mappings\sample_2620_seed_2620.csv,5.564222749829421,327.39471616177,1.3071487946293208,1,0.0001219697,0.028196875,520000.0,80000.0,0.8302129875825772,0.0011320365063686988,True,vec,16,"{""1"": 15, ""2"": 3, ""3"": 7, ""4"": 2, ""5"": 12, ""6"": 14, ""7"": 9, ""8"": 10, ""9"": 6, ""10"": 11, ""11"": 2}"
2621,2621,True,,mpeg4\random\mappings\sample_2621_seed_2621.csv,7.122311888575885,327.36815028768,1.4223531273872225,2,0.0001226121,0.01330139423076925,772000.0,156000.0,1.9705326060140895,0.0011374301438559396,True,vec,16,"{""1"": 12, ""2"": 10, ""3"": 12, ""4"": 13, ""5"": 15, ""6"": 12, ""7"": 3, ""8"": 7, ""9"": 0, ""10"": 14, ""11"": 3}"
2622,2622,True,,mpeg4\random\mappings\sample_2622_seed_2622.csv,5.436362830352294,326.53127536246,1.1280929324458582,0,0.0001218627,0.0,500000.0,148000.0,0.9398591047394534,0.0011299853285238724,True,vec,16,"{""1"": 8, ""2"": 11, ""3"": 7, ""4"": 5, ""5"": 9, ""6"": 10, ""7"": 8, ""8"": 3, ""9"": 9, ""10"": 4, ""11"": 12}"
2623,2623,True,,mpeg4\random\mappings\sample_2623_seed_2623.csv,5.202366920161695,326.7734667954,1.2081072627257536,0,0.0001219038,0.0,772000.0,72000.0,1.0056467750335791,0.0011316297148317906,True,vec,16,"{""1"": 0, ""2"": 7, ""3"": 8, ""4"": 8, ""5"": 6, ""6"": 15, ""7"": 12, ""8"": 14, ""9"": 2, ""10"": 3, ""11"": 9}"
2624,2624,True,,mpeg4\random\mappings\sample_2624_seed_2624.csv,5.538727058406758,327.19756573691,1.2807552331834184,1,0.0001222839,0.0004423863636363625,476000.0,80000.0,1.4223020202297085,0.0011332396369249246,True,vec,16,"{""1"": 3, ""2"": 2, ""3"": 3, ""4"": 1, ""5"": 14, ""6"": 5, ""7"": 15, ""8"": 12, ""9"": 0, ""10"": 6, ""11"": 3}"
2625,2625,True,,mpeg4\random\mappings\sample_2625_seed_2625.csv,5.620221379887716,326.51775072464,1.2955251346283156,0,0.0001220358,0.0,572000.0,116000.0,1.6196650311120857,0.001132347431521432,True,vec,16,"{""1"": 2, ""2"": 7, ""3"": 0, ""4"": 12, ""5"": 7, ""6"": 4, ""7"": 7, ""8"": 2, ""9"": 11, ""10"": 10, ""11"": 1}"
2626,2626,True,,mpeg4\random\mappings\sample_2626_seed_2626.csv,5.703529258023665,325.94565140556,1.2020209566440951,0,0.0001274728,0.0,452000.0,128000.0,2.097722101916066,0.0011607802194447856,True,vec,16,"{""1"": 9, ""2"": 10, ""3"": 11, ""4"": 14, ""5"": 0, ""6"": 11, ""7"": 6, ""8"": 9, ""9"": 5, ""10"": 5, ""11"": 11}"
2627,2627,True,,mpeg4\random\mappings\sample_2627_seed_2627.csv,5.339392106687265,326.06999455676,1.2702324948066308,0,0.0001212756,0.0,488000.0,80000.0,2.0793015542337105,0.0011272372039647304,True,vec,16,"{""1"": 14, ""2"": 7, ""3"": 2, ""4"": 10, ""5"": 2, ""6"": 7, ""7"": 3, ""8"": 7, ""9"": 0, ""10"": 8, ""11"": 15}"
2628,2628,True,,mpeg4\random\mappings\sample_2628_seed_2628.csv,5.6709158928043575,326.01576166235,1.212923795863299,0,0.0001218418,0.0,572000.0,116000.0,2.102107946602341,0.0011303232531265598,True,vec,16,"{""1"": 9, ""2"": 3, ""3"": 0, ""4"": 10, ""5"": 3, ""6"": 0, ""7"": 9, ""8"": 9, ""9"": 6, ""10"": 13, ""11"": 5}"
2629,2629,True,,mpeg4\random\mappings\sample_2629_seed_2629.csv,4.779975802227893,325.94382459127,1.1865623585949951,0,0.0001217119,0.0,568000.0,56000.0,1.0231901537786794,0.0011299496507194621,True,vec,16,"{""1"": 12, ""2"": 12, ""3"": 11, ""4"": 14, ""5"": 10, ""6"": 2, ""7"": 13, ""8"": 0, ""9"": 11, ""10"": 5, ""11"": 7}"
2630,2630,True,,mpeg4\random\mappings\sample_2630_seed_2630.csv,6.019124810672796,327.29582724671,1.3809531245845432,1,0.0001223037,0.020273982558139374,656000.0,88000.0,1.5538773608179601,0.001134637774695264,True,vec,16,"{""1"": 7, ""2"": 13, ""3"": 0, ""4"": 4, ""5"": 3, ""6"": 1, ""7"": 4, ""8"": 0, ""9"": 8, ""10"": 10, ""11"": 1}"
2631,2631,True,,mpeg4\random\mappings\sample_2631_seed_2631.csv,5.760564787952035,325.89699909464,1.120784638497207,0,0.0001221227,0.0,484000.0,144000.0,2.1898248403278417,0.0011313649835231272,True,vec,16,"{""1"": 8, ""2"": 14, ""3"": 2, ""4"": 8, ""5"": 6, ""6"": 8, ""7"": 10, ""8"": 2, ""9"": 13, ""10"": 9, ""11"": 10}"
2632,2632,True,,mpeg4\random\mappings\sample_2632_seed_2632.csv,4.920708849971586,325.97979078147,1.1954405902700609,0,0.0001218197,0.0,496000.0,68000.0,1.3126559030728324,0.0011300910670315352,True,vec,16,"{""1"": 7, ""2"": 0, ""3"": 3, ""4"": 5, ""5"": 6, ""6"": 11, ""7"": 3, ""8"": 12, ""9"": 11, ""10"": 13, ""11"": 7}"
2633,2633,True,,mpeg4\random\mappings\sample_2633_seed_2633.csv,4.808659179068382,326.97298740035,1.1924089274668426,0,0.0001223477,0.0,468000.0,48000.0,1.2117814752885063,0.0011330119224640344,True,vec,16,"{""1"": 9, ""2"": 0, ""3"": 9, ""4"": 5, ""5"": 13, ""6"": 11, ""7"": 3, ""8"": 5, ""9"": 14, ""10"": 2, ""11"": 6}"
2634,2634,True,,mpeg4\random\mappings\sample_2634_seed_2634.csv,5.573667757143622,327.39459535543,1.1367892306161864,1,0.0001220388,0.018070089285714373,556000.0,72000.0,1.470546311778734,0.0011315872757037201,True,vec,16,"{""1"": 12, ""2"": 0, ""3"": 9, ""4"": 6, ""5"": 6, ""6"": 10, ""7"": 4, ""8"": 9, ""9"": 0, ""10"": 11, ""11"": 1}"
2635,2635,True,,mpeg4\random\mappings\sample_2635_seed_2635.csv,4.632528779088312,325.82559285566,1.0407406131102506,0,0.0001219696,0.0,416000.0,72000.0,1.0012609303473041,0.0011297149026430048,True,vec,16,"{""1"": 6, ""2"": 13, ""3"": 3, ""4"": 9, ""5"": 10, ""6"": 5, ""7"": 1, ""8"": 1, ""9"": 11, ""10"": 4, ""11"": 6}"
2636,2636,True,,mpeg4\random\mappings\sample_2636_seed_2636.csv,5.149941904381597,326.76747475173,1.253986198067822,0,0.000121809,0.0,596000.0,72000.0,1.2380965434061566,0.0011304862607176118,True,vec,16,"{""1"": 13, ""2"": 5, ""3"": 10, ""4"": 11, ""5"": 8, ""6"": 3, ""7"": 13, ""8"": 13, ""9"": 12, ""10"": 2, ""11"": 4}"
2637,2637,True,,mpeg4\random\mappings\sample_2637_seed_2637.csv,5.095054262810985,326.12093244851,1.2600612092985077,0,0.0001221887,0.0,516000.0,72000.0,1.466160467092459,0.001132532338117558,True,vec,16,"{""1"": 8, ""2"": 14, ""3"": 12, ""4"": 12, ""5"": 15, ""6"": 6, ""7"": 11, ""8"": 13, ""9"": 10, ""10"": 8, ""11"": 6}"
2638,2638,True,,mpeg4\random\mappings\sample_2638_seed_2638.csv,5.929705777894536,327.34866862635,1.1838044075610616,1,0.0001221748,0.006695625,652000.0,84000.0,2.0363202763082153,0.001132604674592607,True,vec,16,"{""1"": 9, ""2"": 14, ""3"": 1, ""4"": 10, ""5"": 15, ""6"": 1, ""7"": 8, ""8"": 1, ""9"": 12, ""10"": 9, ""11"": 3}"
2639,2639,True,,mpeg4\random\mappings\sample_2639_seed_2639.csv,5.030782317413731,326.14402427989,1.1407191800915426,0,0.0001207056,0.0,452000.0,104000.0,1.0407335325237794,0.001123674204655695,True,vec,16,"{""1"": 8, ""2"": 8, ""3"": 14, ""4"": 2, ""5"": 15, ""6"": 9, ""7"": 5, ""8"": 5, ""9"": 6, ""10"": 3, ""11"": 10}"
2640,2640,True,,mpeg4\random\mappings\sample_2640_seed_2640.csv,5.1548591031802005,326.24026374224,1.1808892175589467,0,0.0001221716,0.0,620000.0,72000.0,1.4924755352101093,0.001132295670308044,True,vec,16,"{""1"": 14, ""2"": 0, ""3"": 9, ""4"": 10, ""5"": 10, ""6"": 3, ""7"": 2, ""8"": 12, ""9"": 0, ""10"": 9, ""11"": 2}"
2641,2641,True,,mpeg4\random\mappings\sample_2641_seed_2641.csv,6.811720456421263,327.98261534603,1.3586651794296445,2,0.0001225709,0.1441928125,596000.0,88000.0,0.9828403826649489,0.0011379930470399521,True,vec,16,"{""1"": 6, ""2"": 0, ""3"": 5, ""4"": 4, ""5"": 14, ""6"": 8, ""7"": 15, ""8"": 0, ""9"": 7, ""10"": 6, ""11"": 1}"
2642,2642,True,,mpeg4\random\mappings\sample_2642_seed_2642.csv,4.814504497672165,326.40590060065,1.1577581504114363,0,0.0001215796,0.0,500000.0,64000.0,1.0538910665826047,0.0011285062710515972,True,vec,16,"{""1"": 5, ""2"": 9, ""3"": 2, ""4"": 4, ""5"": 13, ""6"": 14, ""7"": 15, ""8"": 12, ""9"": 1, ""10"": 12, ""11"": 2}"
2643,2643,True,,mpeg4\random\mappings\sample_2643_seed_2643.csv,5.214921203274093,326.9146851248,1.186077639275047,0,0.0001215478,0.0,644000.0,80000.0,1.2249390093473316,0.0011292979384036677,True,vec,16,"{""1"": 6, ""2"": 3, ""3"": 4, ""4"": 9, ""5"": 5, ""6"": 3, ""7"": 15, ""8"": 11, ""9"": 14, ""10"": 8, ""11"": 9}"
2644,2644,True,,mpeg4\random\mappings\sample_2644_seed_2644.csv,5.135626607333577,325.42025944745,1.1106083149573232,0,0.0001278817,0.0,648000.0,88000.0,1.2030097859159563,0.001163197362049804,True,vec,16,"{""1"": 0, ""2"": 14, ""3"": 8, ""4"": 7, ""5"": 2, ""6"": 8, ""7"": 1, ""8"": 5, ""9"": 13, ""10"": 13, ""11"": 6}"
2645,2645,True,,mpeg4\random\mappings\sample_2645_seed_2645.csv,5.19007299505225,326.78536672924,1.100510954063503,0,0.0001213468,0.0,464000.0,80000.0,1.8740440229160384,0.0011272829763664272,True,vec,16,"{""1"": 6, ""2"": 9, ""3"": 10, ""4"": 8, ""5"": 9, ""6"": 9, ""7"": 7, ""8"": 12, ""9"": 3, ""10"": 12, ""11"": 1}"
2646,2646,True,,mpeg4\random\mappings\sample_2646_seed_2646.csv,5.213056710140123,327.14230208957,1.2620429508920163,0,0.0001217949,0.0,616000.0,84000.0,0.9617883281708286,0.001131233286486286,True,vec,16,"{""1"": 0, ""2"": 3, ""3"": 3, ""4"": 9, ""5"": 2, ""6"": 8, ""7"": 15, ""8"": 10, ""9"": 7, ""10"": 11, ""11"": 5}"
2647,2647,True,,mpeg4\random\mappings\sample_2647_seed_2647.csv,5.215227652779993,326.40666161619,1.3518982462315414,0,0.0001223628,0.0,600000.0,72000.0,1.2863408349551821,0.0011348291603037392,True,vec,16,"{""1"": 11, ""2"": 6, ""3"": 5, ""4"": 0, ""5"": 0, ""6"": 15, ""7"": 6, ""8"": 2, ""9"": 1, ""10"": 7, ""11"": 7}"
2648,2648,True,,mpeg4\random\mappings\sample_2648_seed_2648.csv,5.5587530331639545,327.16754591027,1.206819803690975,1,0.0001214347,0.00017541666666666874,532000.0,80000.0,1.5319481373865849,0.0011284660597010161,True,vec,16,"{""1"": 11, ""2"": 14, ""3"": 14, ""4"": 11, ""5"": 6, ""6"": 13, ""7"": 10, ""8"": 4, ""9"": 11, ""10"": 12, ""11"": 0}"
2649,2649,True,,mpeg4\random\mappings\sample_2649_seed_2649.csv,4.872724872179644,325.70466356937,1.169387384829994,0,0.0001213317,0.0,336000.0,64000.0,1.8565006441709382,0.0011263763247788916,True,vec,16,"{""1"": 4, ""2"": 9, ""3"": 6, ""4"": 14, ""5"": 13, ""6"": 13, ""7"": 10, ""8"": 8, ""9"": 6, ""10"": 13, ""11"": 8}"
2650,2650,True,,mpeg4\random\mappings\sample_2650_seed_2650.csv,6.565404812101327,327.53491571397,1.1908552030374946,1,0.0001292381,0.041526875,708000.0,96000.0,2.5485869356651407,0.0011718134114150525,True,vec,16,"{""1"": 8, ""2"": 6, ""3"": 0, ""4"": 4, ""5"": 6, ""6"": 15, ""7"": 0, ""8"": 6, ""9"": 2, ""10"": 10, ""11"": 6}"
2651,2651,True,,mpeg4\random\mappings\sample_2651_seed_2651.csv,5.525037170615947,327.2609793547,1.1693872032542405,1,0.0001216156,0.0075409722222225,544000.0,88000.0,1.1547654943669308,0.0011290697401911242,True,vec,16,"{""1"": 15, ""2"": 4, ""3"": 8, ""4"": 10, ""5"": 10, ""6"": 5, ""7"": 4, ""8"": 0, ""9"": 1, ""10"": 12, ""11"": 14}"
2652,2652,True,,mpeg4\random\mappings\sample_2652_seed_2652.csv,5.023122338186535,326.09339635936,1.3089555014441474,0,0.0001216638,0.0,520000.0,56000.0,1.5319481373865849,0.0011298209250766476,True,vec,16,"{""1"": 2, ""2"": 14, ""3"": 13, ""4"": 8, ""5"": 8, ""6"": 0, ""7"": 12, ""8"": 13, ""9"": 11, ""10"": 0, ""11"": 6}"
2653,2653,True,,mpeg4\random\mappings\sample_2653_seed_2653.csv,5.020083498462755,326.99006723587,1.269577459176484,0,0.0001227087,0.0,432000.0,72000.0,1.181080562484581,0.0011351174696744215,True,vec,16,"{""1"": 0, ""2"": 13, ""3"": 10, ""4"": 14, ""5"": 12, ""6"": 14, ""7"": 11, ""8"": 1, ""9"": 12, ""10"": 15, ""11"": 6}"
2654,2654,True,,mpeg4\random\mappings\sample_2654_seed_2654.csv,5.4604690398881,326.90939783644,1.2055994422032477,0,0.0001222668,0.0,712000.0,92000.0,1.4003727967983335,0.0011336845839934014,True,vec,16,"{""1"": 13, ""2"": 3, ""3"": 5, ""4"": 9, ""5"": 5, ""6"": 15, ""7"": 3, ""8"": 0, ""9"": 0, ""10"": 7, ""11"": 10}"
2655,2655,True,,mpeg4\random\mappings\sample_2655_seed_2655.csv,5.132993555034783,326.08672897203,1.1405945888754605,0,0.0001217928,0.0,492000.0,88000.0,1.5626490501905101,0.0011299845462988958,True,vec,16,"{""1"": 4, ""2"": 9, ""3"": 4, ""4"": 9, ""5"": 14, ""6"": 7, ""7"": 1, ""8"": 6, ""9"": 15, ""10"": 7, ""11"": 15}"
2656,2656,True,,mpeg4\random\mappings\sample_2656_seed_2656.csv,4.967904987333406,326.00810362717,1.1801385297723321,0,0.0001217458,0.0,472000.0,80000.0,1.2687974562100819,0.0011291033383262735,True,vec,16,"{""1"": 4, ""2"": 10, ""3"": 9, ""4"": 14, ""5"": 2, ""6"": 15, ""7"": 9, ""8"": 5, ""9"": 2, ""10"": 12, ""11"": 4}"
2657,2657,True,,mpeg4\random\mappings\sample_2657_seed_2657.csv,4.933926291128179,327.05814596111,1.1484027229690326,0,0.0001219927,0.0,416000.0,64000.0,1.4301965406650037,0.0011302938116316099,True,vec,16,"{""1"": 1, ""2"": 10, ""3"": 6, ""4"": 13, ""5"": 2, ""6"": 8, ""7"": 13, ""8"": 10, ""9"": 12, ""10"": 10, ""11"": 5}"
2658,2658,True,,mpeg4\random\mappings\sample_2658_seed_2658.csv,5.242643126684639,326.38895947139,1.1149813942008893,0,0.0001222016,0.0,496000.0,84000.0,1.9047449357199637,0.0011315417223857586,True,vec,16,"{""1"": 1, ""2"": 15, ""3"": 9, ""4"": 10, ""5"": 10, ""6"": 13, ""7"": 9, ""8"": 5, ""9"": 8, ""10"": 1, ""11"": 10}"
2659,2659,True,,mpeg4\random\mappings\sample_2659_seed_2659.csv,4.792379733867452,326.49346374552,1.2184720562424787,0,0.0001215308,0.0,456000.0,56000.0,1.1328362709355555,0.0011287193751839397,True,vec,16,"{""1"": 2, ""2"": 2, ""3"": 13, ""4"": 9, ""5"": 10, ""6"": 7, ""7"": 14, ""8"": 1, ""9"": 0, ""10"": 3, ""11"": 7}"
2660,2660,True,,mpeg4\random\mappings\sample_2660_seed_2660.csv,5.308427682305307,326.47924727949,1.2556619941390041,0,0.0001211198,0.0,524000.0,80000.0,1.8082563526219129,0.001126693205929339,True,vec,16,"{""1"": 3, ""2"": 3, ""3"": 14, ""4"": 6, ""5"": 13, ""6"": 1, ""7"": 8, ""8"": 14, ""9"": 13, ""10"": 15, ""11"": 3}"
2661,2661,True,,mpeg4\random\mappings\sample_2661_seed_2661.csv,5.66704020808209,326.54055908486,1.1382397094245233,0,0.000132103,0.0,464000.0,96000.0,2.4836764343082702,0.0011858378363454793,True,vec,16,"{""1"": 10, ""2"": 6, ""3"": 10, ""4"": 13, ""5"": 6, ""6"": 11, ""7"": 0, ""8"": 10, ""9"": 10, ""10"": 0, ""11"": 15}"
2662,2662,True,,mpeg4\random\mappings\sample_2662_seed_2662.csv,5.35756911619872,326.1035106548,1.2743537278934929,0,0.0001211378,0.0,704000.0,80000.0,1.5319481373865849,0.0011275746876553954,True,vec,16,"{""1"": 3, ""2"": 3, ""3"": 15, ""4"": 15, ""5"": 2, ""6"": 13, ""7"": 1, ""8"": 8, ""9"": 11, ""10"": 3, ""11"": 14}"
2663,2663,True,,mpeg4\random\mappings\sample_2663_seed_2663.csv,4.7317640762354305,326.17704791057,1.127075987203614,0,0.0001227897,0.0,400000.0,60000.0,1.2731833008963571,0.0011350709067782414,True,vec,16,"{""1"": 10, ""2"": 4, ""3"": 2, ""4"": 13, ""5"": 7, ""6"": 2, ""7"": 0, ""8"": 6, ""9"": 3, ""10"": 6, ""11"": 11}"
2664,2664,True,,mpeg4\random\mappings\sample_2664_seed_2664.csv,6.1888998487967966,327.29239915351,1.3613861050022982,1,0.0001266309,0.005214144736842125,524000.0,112000.0,1.9836901400729148,0.0011570540880603752,True,vec,16,"{""1"": 12, ""2"": 12, ""3"": 13, ""4"": 10, ""5"": 0, ""6"": 1, ""7"": 4, ""8"": 0, ""9"": 12, ""10"": 12, ""11"": 4}"
2665,2665,True,,mpeg4\random\mappings\sample_2665_seed_2665.csv,4.9493836026616895,326.14677088732,1.10250114465828,0,0.0001216277,0.0,396000.0,80000.0,1.5538773608179601,0.0011279676033567893,True,vec,16,"{""1"": 13, ""2"": 5, ""3"": 2, ""4"": 9, ""5"": 10, ""6"": 1, ""7"": 3, ""8"": 2, ""9"": 1, ""10"": 10, ""11"": 13}"
2666,2666,True,,mpeg4\random\mappings\sample_2666_seed_2666.csv,5.149977278480659,325.90662769615,1.2402555690002752,0,0.0001220836,0.0,420000.0,72000.0,1.9924618294454648,0.0011318013497941088,True,vec,16,"{""1"": 9, ""2"": 14, ""3"": 7, ""4"": 11, ""5"": 13, ""6"": 11, ""7"": 10, ""8"": 7, ""9"": 11, ""10"": 2, ""11"": 10}"
2667,2667,True,,mpeg4\random\mappings\sample_2667_seed_2667.csv,5.883872521951585,327.26895540814,1.3881684234452731,1,0.0001222601,0.009160763888888751,544000.0,76000.0,1.913516625092514,0.0011340999976415956,True,vec,16,"{""1"": 3, ""2"": 0, ""3"": 1, ""4"": 2, ""5"": 1, ""6"": 12, ""7"": 3, ""8"": 1, ""9"": 8, ""10"": 13, ""11"": 14}"
2668,2668,True,,mpeg4\random\mappings\sample_2668_seed_2668.csv,4.924022053334855,326.34273687684,1.2827203594186871,0,0.0001222508,0.0,528000.0,72000.0,0.8302129875825772,0.0011332562701988173,True,vec,16,"{""1"": 9, ""2"": 4, ""3"": 13, ""4"": 14, ""5"": 15, ""6"": 8, ""7"": 14, ""8"": 5, ""9"": 11, ""10"": 0, ""11"": 1}"
2669,2669,True,,mpeg4\random\mappings\sample_2669_seed_2669.csv,4.95687458856988,326.00371671876,1.0867768668627378,0,0.0001216516,0.0,576000.0,88000.0,0.9837175516022039,0.0011291435314434123,True,vec,16,"{""1"": 8, ""2"": 11, ""3"": 10, ""4"": 5, ""5"": 4, ""6"": 1, ""7"": 2, ""8"": 13, ""9"": 15, ""10"": 10, ""11"": 2}"
2670,2670,True,,mpeg4\random\mappings\sample_2670_seed_2670.csv,6.375793072226752,327.2105365327,1.4261033949381805,1,0.0001226621,0.00148793103448275,600000.0,112000.0,2.387187851210219,0.0011364493199940624,True,vec,16,"{""1"": 10, ""2"": 15, ""3"": 12, ""4"": 12, ""5"": 0, ""6"": 15, ""7"": 0, ""8"": 14, ""9"": 14, ""10"": 6, ""11"": 15}"
2671,2671,True,,mpeg4\random\mappings\sample_2671_seed_2671.csv,6.559119461240365,327.32003698258,1.3296829979773062,2,0.0001223197,0.022893452380952504,736000.0,124000.0,1.2687974562100819,0.0011348120248651221,True,vec,16,"{""1"": 3, ""2"": 12, ""3"": 2, ""4"": 2, ""5"": 3, ""6"": 1, ""7"": 4, ""8"": 8, ""9"": 11, ""10"": 13, ""11"": 6}"
2672,2672,True,,mpeg4\random\mappings\sample_2672_seed_2672.csv,5.143420522696193,325.75481815757,1.0876795462772406,0,0.0001219196,0.0,460000.0,100000.0,1.6196650311120857,0.0011298034380143554,True,vec,16,"{""1"": 11, ""2"": 13, ""3"": 11, ""4"": 5, ""5"": 8, ""6"": 9, ""7"": 8, ""8"": 7, ""9"": 4, ""10"": 2, ""11"": 8}"
2673,2673,True,,mpeg4\random\mappings\sample_2673_seed_2673.csv,4.838677765296652,326.10690730794,1.184891769262288,0,0.0001225688,0.0,556000.0,72000.0,0.7863545407198268,0.001134449332756799,True,vec,16,"{""1"": 6, ""2"": 14, ""3"": 8, ""4"": 9, ""5"": 15, ""6"": 4, ""7"": 13, ""8"": 2, ""9"": 3, ""10"": 8, ""11"": 0}"
2674,2674,True,,mpeg4\random\mappings\sample_2674_seed_2674.csv,5.686038177089902,327.29516008013,1.2662675729040802,1,0.0001217396,0.028122750000000002,476000.0,88000.0,1.2424823880924316,0.0011305200262052932,True,vec,16,"{""1"": 1, ""2"": 9, ""3"": 12, ""4"": 13, ""5"": 5, ""6"": 14, ""7"": 10, ""8"": 10, ""9"": 5, ""10"": 11, ""11"": 13}"
2675,2675,True,,mpeg4\random\mappings\sample_2675_seed_2675.csv,5.494386466065459,327.26007230266,1.2596716404444037,1,0.0001224836,0.004181628787878812,680000.0,64000.0,1.0670486006414297,0.0011348502409590897,True,vec,16,"{""1"": 0, ""2"": 15, ""3"": 1, ""4"": 5, ""5"": 4, ""6"": 11, ""7"": 15, ""8"": 14, ""9"": 9, ""10"": 2, ""11"": 4}"
2676,2676,True,,mpeg4\random\mappings\sample_2676_seed_2676.csv,5.590847465367179,326.93780868752,1.244634041018186,0,0.0001215476,0.0,756000.0,84000.0,1.7635207368219072,0.0011293215802563972,True,vec,16,"{""1"": 8, ""2"": 15, ""3"": 5, ""4"": 5, ""5"": 14, ""6"": 7, ""7"": 11, ""8"": 15, ""9"": 13, ""10"": 12, ""11"": 15}"
2677,2677,True,,mpeg4\random\mappings\sample_2677_seed_2677.csv,5.950340789806374,327.29842913825,1.3672506745199215,1,0.0001209456,0.01665078125,604000.0,96000.0,1.453002933033634,0.001126733448373909,True,vec,16,"{""1"": 7, ""2"": 7, ""3"": 4, ""4"": 0, ""5"": 15, ""6"": 14, ""7"": 13, ""8"": 0, ""9"": 0, ""10"": 12, ""11"": 9}"
2678,2678,True,,mpeg4\random\mappings\sample_2678_seed_2678.csv,5.00568940112209,326.43746027721,1.153291744939935,0,0.0001221239,0.0,456000.0,80000.0,1.3345851265042077,0.0011320424613664446,True,vec,16,"{""1"": 3, ""2"": 7, ""3"": 4, ""4"": 10, ""5"": 9, ""6"": 9, ""7"": 3, ""8"": 0, ""9"": 11, ""10"": 6, ""11"": 11}"
2679,2679,True,,mpeg4\random\mappings\sample_2679_seed_2679.csv,5.174763148368349,325.92625406706,1.2561676653770812,0,0.0001319061,0.0,404000.0,64000.0,1.9047449357199637,0.001185554570414596,True,vec,16,"{""1"": 11, ""2"": 9, ""3"": 4, ""4"": 15, ""5"": 2, ""6"": 3, ""7"": 3, ""8"": 4, ""9"": 10, ""10"": 3, ""11"": 15}"
2680,2680,True,,mpeg4\random\mappings\sample_2680_seed_2680.csv,5.875346214151447,327.60125337915,1.2813095030134072,1,0.0001223477,0.03675375,340000.0,80000.0,2.0450919656807653,0.0011334272880283809,True,vec,16,"{""1"": 14, ""2"": 11, ""3"": 8, ""4"": 9, ""5"": 13, ""6"": 9, ""7"": 14, ""8"": 13, ""9"": 9, ""10"": 15, ""11"": 15}"
2681,2681,True,,mpeg4\random\mappings\sample_2681_seed_2681.csv,5.980241759317992,327.30073163891,1.3398640720062176,1,0.0001213537,0.009319583333333124,680000.0,104000.0,1.3126559030728324,0.0011292178258516454,True,vec,16,"{""1"": 1, ""2"": 2, ""3"": 0, ""4"": 5, ""5"": 8, ""6"": 15, ""7"": 13, ""8"": 15, ""9"": 0, ""10"": 1, ""11"": 3}"
2682,2682,True,,mpeg4\random\mappings\sample_2682_seed_2682.csv,5.668087753192715,327.38578542557,1.2642431318561351,1,0.0001221548,0.01172665094339625,564000.0,72000.0,1.5363339820728599,0.0011333415896241964,True,vec,16,"{""1"": 1, ""2"": 11, ""3"": 15, ""4"": 9, ""5"": 14, ""6"": 5, ""7"": 3, ""8"": 15, ""9"": 4, ""10"": 15, ""11"": 3}"
2683,2683,True,,mpeg4\random\mappings\sample_2683_seed_2683.csv,5.210644595627947,325.80078059,1.060163345878874,0,0.0001217628,0.0,496000.0,88000.0,2.03544310737096,0.0011288655900039766,True,vec,16,"{""1"": 14, ""2"": 5, ""3"": 9, ""4"": 2, ""5"": 14, ""6"": 6, ""7"": 15, ""8"": 5, ""9"": 8, ""10"": 5, ""11"": 5}"
2684,2684,True,,mpeg4\random\mappings\sample_2684_seed_2684.csv,4.841616982424953,325.82561064499,1.150907162838526,0,0.0001220587,0.0,428000.0,72000.0,1.3170417477591074,0.001131276180043493,True,vec,16,"{""1"": 10, ""2"": 5, ""3"": 9, ""4"": 3, ""5"": 5, ""6"": 12, ""7"": 14, ""8"": 14, ""9"": 7, ""10"": 13, ""11"": 10}"
2685,2685,True,,mpeg4\random\mappings\sample_2685_seed_2685.csv,5.639914276525284,327.26985628712,1.1708215188012123,1,0.0001229298,0.00277328125,464000.0,88000.0,1.7205394588964118,0.0011362385585628075,True,vec,16,"{""1"": 7, ""2"": 14, ""3"": 3, ""4"": 8, ""5"": 10, ""6"": 5, ""7"": 14, ""8"": 7, ""9"": 10, ""10"": 8, ""11"": 3}"
2686,2686,True,,mpeg4\random\mappings\sample_2686_seed_2686.csv,4.983046921882091,326.87421328711,1.1905439747387998,0,0.0001326437,0.0,400000.0,68000.0,1.1152928921904552,0.0011891252892298064,True,vec,16,"{""1"": 7, ""2"": 10, ""3"": 6, ""4"": 0, ""5"": 3, ""6"": 9, ""7"": 1, ""8"": 11, ""9"": 1, ""10"": 6, ""11"": 7}"
2687,2687,True,,mpeg4\random\mappings\sample_2687_seed_2687.csv,4.958896537450736,326.08316809116,1.128458228202363,0,0.0001218388,0.0,532000.0,60000.0,1.6187878621748308,0.0011299682249889182,True,vec,16,"{""1"": 14, ""2"": 11, ""3"": 14, ""4"": 2, ""5"": 4, ""6"": 10, ""7"": 4, ""8"": 11, ""9"": 2, ""10"": 1, ""11"": 9}"
2688,2688,True,,mpeg4\random\mappings\sample_2688_seed_2688.csv,5.965448278286794,327.61440347969,1.2402831182000789,1,0.0001222948,0.08951631944444374,540000.0,76000.0,1.1021353581316302,0.001134063787752654,True,vec,16,"{""1"": 4, ""2"": 7, ""3"": 2, ""4"": 11, ""5"": 7, ""6"": 9, ""7"": 0, ""8"": 3, ""9"": 2, ""10"": 6, ""11"": 1}"
2689,2689,True,,mpeg4\random\mappings\sample_2689_seed_2689.csv,5.529816045646374,327.1307400806,1.272506032523318,0,0.0001322536,0.0,352000.0,88000.0,2.101230777665086,0.001187556427885695,True,vec,16,"{""1"": 1, ""2"": 3, ""3"": 1, ""4"": 11, ""5"": 5, ""6"": 7, ""7"": 3, ""8"": 3, ""9"": 14, ""10"": 3, ""11"": 2}"
2690,2690,True,,mpeg4\random\mappings\sample_2690_seed_2690.csv,5.665292636265296,327.1470181709,1.1949453989216177,0,0.0001275029,0.0,568000.0,120000.0,1.5100189139552096,0.0011611761102316945,True,vec,16,"{""1"": 10, ""2"": 2, ""3"": 13, ""4"": 6, ""5"": 14, ""6"": 11, ""7"": 13, ""8"": 1, ""9"": 12, ""10"": 12, ""11"": 13}"
2691,2691,True,,mpeg4\random\mappings\sample_2691_seed_2691.csv,6.041937599249263,327.28170387153,1.2421692358374312,1,0.0001220996,0.019650749999999998,400000.0,120000.0,1.913516625092514,0.0011322323499181333,True,vec,16,"{""1"": 11, ""2"": 4, ""3"": 12, ""4"": 8, ""5"": 10, ""6"": 10, ""7"": 11, ""8"": 10, ""9"": 15, ""10"": 2, ""11"": 14}"
2692,2692,True,,mpeg4\random\mappings\sample_2692_seed_2692.csv,4.687753228230779,326.26937446083,1.1172921375822678,0,0.0001210656,0.0,456000.0,48000.0,1.3214275924453824,0.0011255407369417378,True,vec,16,"{""1"": 8, ""2"": 12, ""3"": 10, ""4"": 9, ""5"": 5, ""6"": 5, ""7"": 1, ""8"": 15, ""9"": 12, ""10"": 15, ""11"": 4}"
2693,2693,True,,mpeg4\random\mappings\sample_2693_seed_2693.csv,4.729279609092359,325.87518489824,1.079654011740845,0,0.0001325257,0.0,436000.0,64000.0,0.9354732600531783,0.001187712182471703,True,vec,16,"{""1"": 6, ""2"": 11, ""3"": 13, ""4"": 3, ""5"": 1, ""6"": 2, ""7"": 10, ""8"": 9, ""9"": 10, ""10"": 0, ""11"": 9}"
2694,2694,True,,mpeg4\random\mappings\sample_2694_seed_2694.csv,4.951593555420411,326.08501123982,1.2585135015642688,0,0.0001211617,0.0,488000.0,64000.0,1.365286039308133,0.0011268878942679993,True,vec,16,"{""1"": 9, ""2"": 8, ""3"": 12, ""4"": 5, ""5"": 8, ""6"": 0, ""7"": 5, ""8"": 4, ""9"": 15, ""10"": 12, ""11"": 14}"
2695,2695,True,,mpeg4\random\mappings\sample_2695_seed_2695.csv,5.261350613582553,325.82332995367,1.1786966835730202,0,0.0001208317,0.0,564000.0,104000.0,1.4003727967983335,0.001124948030938887,True,vec,16,"{""1"": 12, ""2"": 9, ""3"": 11, ""4"": 12, ""5"": 11, ""6"": 13, ""7"": 8, ""8"": 6, ""9"": 10, ""10"": 2, ""11"": 2}"
2696,2696,True,,mpeg4\random\mappings\sample_2696_seed_2696.csv,5.575243266651962,327.14031641691,1.22608187448646,0,0.0001219508,0.0,740000.0,96000.0,1.457388777719909,0.0011316249106780286,True,vec,16,"{""1"": 15, ""2"": 4, ""3"": 2, ""4"": 13, ""5"": 3, ""6"": 10, ""7"": 4, ""8"": 1, ""9"": 0, ""10"": 2, ""11"": 4}"
2697,2697,True,,mpeg4\random\mappings\sample_2697_seed_2697.csv,4.918933701215032,326.40730415321,1.1759181206613696,0,0.0001217607,0.0,440000.0,56000.0,1.645980099229736,0.0011296112175310945,True,vec,16,"{""1"": 10, ""2"": 9, ""3"": 12, ""4"": 9, ""5"": 4, ""6"": 14, ""7"": 9, ""8"": 3, ""9"": 5, ""10"": 15, ""11"": 4}"
2698,2698,True,,mpeg4\random\mappings\sample_2698_seed_2698.csv,4.760299140014517,325.55575789236,1.1237225559699584,0,0.0001220329,0.0,512000.0,72000.0,1.0012609303473041,0.0011307803134459227,True,vec,16,"{""1"": 7, ""2"": 1, ""3"": 10, ""4"": 5, ""5"": 14, ""6"": 11, ""7"": 1, ""8"": 4, ""9"": 12, ""10"": 6, ""11"": 7}"
2699,2699,True,,mpeg4\random\mappings\sample_2699_seed_2699.csv,5.755212130424162,326.97893476911,1.280451930980332,0,0.0001219348,0.0,728000.0,88000.0,2.110879635974891,0.0011315816253191305,True,vec,16,"{""1"": 13, ""2"": 7, ""3"": 15, ""4"": 13, ""5"": 0, ""6"": 2, ""7"": 4, ""8"": 0, ""9"": 0, ""10"": 9, ""11"": 0}"
2700,2700,True,,mpeg4\random\mappings\sample_2700_seed_2700.csv,4.900364166188455,326.79073345041,1.1288890112042156,0,0.0001221369,0.0,628000.0,72000.0,0.6986376469943258,0.0011321293490774978,True,vec,16,"{""1"": 7, ""2"": 14, ""3"": 11, ""4"": 1, ""5"": 6, ""6"": 2, ""7"": 13, ""8"": 5, ""9"": 7, ""10"": 12, ""11"": 0}"
2701,2701,True,,mpeg4\random\mappings\sample_2701_seed_2701.csv,4.892227911081458,326.1616618371,1.1933701072143152,0,0.0001218267,0.0,440000.0,72000.0,1.2424823880924316,0.0011302156600862111,True,vec,16,"{""1"": 15, ""2"": 6, ""3"": 9, ""4"": 1, ""5"": 9, ""6"": 3, ""7"": 6, ""8"": 14, ""9"": 10, ""10"": 7, ""11"": 12}"
2702,2702,True,,mpeg4\random\mappings\sample_2702_seed_2702.csv,5.162433919494342,326.47017625944,1.3316089459300395,0,0.0001214329,0.0,624000.0,60000.0,1.4003727967983335,0.0011294038519390492,True,vec,16,"{""1"": 5, ""2"": 13, ""3"": 15, ""4"": 3, ""5"": 15, ""6"": 2, ""7"": 13, ""8"": 14, ""9"": 8, ""10"": 14, ""11"": 11}"
2703,2703,True,,mpeg4\random\mappings\sample_2703_seed_2703.csv,4.678096779366461,326.24627300145,1.1593352315291916,0,0.0001223478,0.0,428000.0,72000.0,0.6986376469943258,0.0011329397442470762,True,vec,16,"{""1"": 13, ""2"": 12, ""3"": 1, ""4"": 15, ""5"": 4, ""6"": 5, ""7"": 3, ""8"": 14, ""9"": 6, ""10"": 9, ""11"": 6}"
2704,2704,True,,mpeg4\random\mappings\sample_2704_seed_2704.csv,5.107999294182381,325.76435745401,1.1456656130767464,0,0.0001217308,0.0,496000.0,84000.0,1.6591376332885612,0.0011295738535762815,True,vec,16,"{""1"": 3, ""2"": 10, ""3"": 10, ""4"": 14, ""5"": 6, ""6"": 4, ""7"": 10, ""8"": 13, ""9"": 9, ""10"": 2, ""11"": 2}"
2705,2705,True,,mpeg4\random\mappings\sample_2705_seed_2705.csv,5.0647843940601565,326.92744565911,1.1578561670752923,0,0.0001220236,0.0,468000.0,80000.0,1.3170417477591074,0.0011308213587257303,True,vec,16,"{""1"": 5, ""2"": 14, ""3"": 12, ""4"": 4, ""5"": 1, ""6"": 5, ""7"": 4, ""8"": 7, ""9"": 0, ""10"": 7, ""11"": 8}"
2706,2706,True,,mpeg4\random\mappings\sample_2706_seed_2706.csv,5.534184001670397,326.09504519524,1.1967920929860167,0,0.0001216957,0.0,400000.0,104000.0,2.4661330555631698,0.0011293969134701378,True,vec,16,"{""1"": 7, ""2"": 11, ""3"": 2, ""4"": 5, ""5"": 2, ""6"": 7, ""7"": 5, ""8"": 2, ""9"": 11, ""10"": 6, ""11"": 0}"
2707,2707,True,,mpeg4\random\mappings\sample_2707_seed_2707.csv,5.513569958540801,326.27676261547,1.2043636950960717,0,0.0001324437,0.0,428000.0,112000.0,1.7073819248375868,0.0011882485057727768,True,vec,16,"{""1"": 11, ""2"": 6, ""3"": 14, ""4"": 12, ""5"": 3, ""6"": 7, ""7"": 10, ""8"": 7, ""9"": 7, ""10"": 10, ""11"": 6}"
2708,2708,True,,mpeg4\random\mappings\sample_2708_seed_2708.csv,4.818972660929804,326.9748472753,1.1789774938065842,0,0.0001217477,0.0,484000.0,56000.0,1.0670486006414297,0.0011296490225322351,True,vec,16,"{""1"": 6, ""2"": 0, ""3"": 1, ""4"": 15, ""5"": 4, ""6"": 13, ""7"": 15, ""8"": 10, ""9"": 11, ""10"": 8, ""11"": 10}"
2709,2709,True,,mpeg4\random\mappings\sample_2709_seed_2709.csv,5.1299545809616065,325.91971077002,1.081903580786029,0,0.0001217937,0.0,488000.0,104000.0,1.3828294180532332,0.0011293597067165723,True,vec,16,"{""1"": 5, ""2"": 11, ""3"": 8, ""4"": 5, ""5"": 11, ""6"": 6, ""7"": 1, ""8"": 2, ""9"": 14, ""10"": 3, ""11"": 2}"
2710,2710,True,,mpeg4\random\mappings\sample_2710_seed_2710.csv,4.842738054506151,326.03022339592,1.2094618534302717,0,0.0001214996,0.0,524000.0,64000.0,1.071434445327705,0.001128468643706782,True,vec,16,"{""1"": 7, ""2"": 15, ""3"": 14, ""4"": 10, ""5"": 1, ""6"": 13, ""7"": 14, ""8"": 9, ""9"": 10, ""10"": 4, ""11"": 8}"
2711,2711,True,,mpeg4\random\mappings\sample_2711_seed_2711.csv,5.0731180269524705,326.90070014285,1.1161089121790724,0,0.0001212598,0.0,444000.0,72000.0,1.7117677695238618,0.001126409410165229,True,vec,16,"{""1"": 8, ""2"": 10, ""3"": 14, ""4"": 8, ""5"": 6, ""6"": 5, ""7"": 11, ""8"": 8, ""9"": 15, ""10"": 12, ""11"": 5}"
2712,2712,True,,mpeg4\random\mappings\sample_2712_seed_2712.csv,4.609573241971855,326.91223900946,1.2104487158092252,0,0.0001217958,0.0,376000.0,52000.0,0.803897919464927,0.0011297420448272344,True,vec,16,"{""1"": 8, ""2"": 8, ""3"": 2, ""4"": 12, ""5"": 14, ""6"": 6, ""7"": 15, ""8"": 9, ""9"": 5, ""10"": 1, ""11"": 4}"
2713,2713,True,,mpeg4\random\mappings\sample_2713_seed_2713.csv,5.449251029433624,326.32250425068,1.2667865662222324,0,0.0001218908,0.0,516000.0,88000.0,2.0450919656807653,0.0011306212996088888,True,vec,16,"{""1"": 15, ""2"": 6, ""3"": 11, ""4"": 6, ""5"": 2, ""6"": 3, ""7"": 15, ""8"": 9, ""9"": 6, ""10"": 10, ""11"": 6}"
2714,2714,True,,mpeg4\random\mappings\sample_2714_seed_2714.csv,4.959458058337094,325.88693517399,1.197329628839103,0,0.0001224878,0.0,580000.0,64000.0,1.2863408349551821,0.0011338469679271065,True,vec,16,"{""1"": 14, ""2"": 1, ""3"": 13, ""4"": 4, ""5"": 6, ""6"": 0, ""7"": 12, ""8"": 12, ""9"": 0, ""10"": 15, ""11"": 6}"
2715,2715,True,,mpeg4\random\mappings\sample_2715_seed_2715.csv,5.882558121907321,326.79343554357,1.1632556262917286,0,0.00012239,0.0,656000.0,96000.0,2.781913872974973,0.001133613560859421,True,vec,16,"{""1"": 13, ""2"": 6, ""3"": 0, ""4"": 14, ""5"": 6, ""6"": 14, ""7"": 0, ""8"": 0, ""9"": 11, ""10"": 4, ""11"": 6}"
2716,2716,True,,mpeg4\random\mappings\sample_2716_seed_2716.csv,5.8608589885774975,326.85953892907,1.3413047235375128,0,0.0001220197,0.0,816000.0,88000.0,2.0714070337984154,0.0011333205230413814,True,vec,16,"{""1"": 0, ""2"": 15, ""3"": 0, ""4"": 2, ""5"": 4, ""6"": 12, ""7"": 14, ""8"": 2, ""9"": 2, ""10"": 15, ""11"": 15}"
2717,2717,True,,mpeg4\random\mappings\sample_2717_seed_2717.csv,5.717901457969799,325.35843567538,1.1269707436712362,0,0.0001220337,0.0,680000.0,152000.0,1.5100189139552096,0.0011311987433970218,True,vec,16,"{""1"": 7, ""2"": 4, ""3"": 14, ""4"": 14, ""5"": 8, ""6"": 7, ""7"": 5, ""8"": 2, ""9"": 8, ""10"": 13, ""11"": 9}"
2718,2718,True,,mpeg4\random\mappings\sample_2718_seed_2718.csv,5.477498736251252,326.92351252588,1.1043178857577198,0,0.0001223308,0.0,584000.0,64000.0,2.641566843014172,0.0011329175886291849,True,vec,16,"{""1"": 6, ""2"": 0, ""3"": 6, ""4"": 6, ""5"": 0, ""6"": 10, ""7"": 3, ""8"": 10, ""9"": 7, ""10"": 0, ""11"": 8}"
2719,2719,True,,mpeg4\random\mappings\sample_2719_seed_2719.csv,4.773692805580394,325.98203416492,1.1088543694472188,0,0.0001223949,0.0,616000.0,64000.0,0.8302129875825772,0.0011331833250793702,True,vec,16,"{""1"": 6, ""2"": 3, ""3"": 4, ""4"": 9, ""5"": 14, ""6"": 1, ""7"": 14, ""8"": 10, ""9"": 12, ""10"": 5, ""11"": 13}"
2720,2720,True,,mpeg4\random\mappings\sample_2720_seed_2720.csv,4.8100171262408,326.34858458272,1.216019969167642,0,0.0001209317,0.0,296000.0,56000.0,1.6854527014062115,0.0011246976315595705,True,vec,16,"{""1"": 6, ""2"": 5, ""3"": 7, ""4"": 13, ""5"": 7, ""6"": 15, ""7"": 10, ""8"": 11, ""9"": 15, ""10"": 6, ""11"": 6}"
2721,2721,True,,mpeg4\random\mappings\sample_2721_seed_2721.csv,5.4700670891388,326.87465876238,1.324624870114594,0,0.0001231599,0.0,484000.0,76000.0,2.1240371700337164,0.0011385508014965361,True,vec,16,"{""1"": 15, ""2"": 6, ""3"": 1, ""4"": 7, ""5"": 15, ""6"": 11, ""7"": 1, ""8"": 11, ""9"": 7, ""10"": 2, ""11"": 7}"
2722,2722,True,,mpeg4\random\mappings\sample_2722_seed_2722.csv,5.459296469062029,325.82656617959,1.160742340678949,0,0.0001219547,0.0,524000.0,128000.0,1.5275622927003099,0.001131060404210031,True,vec,16,"{""1"": 9, ""2"": 10, ""3"": 8, ""4"": 15, ""5"": 3, ""6"": 8, ""7"": 10, ""8"": 5, ""9"": 3, ""10"": 12, ""11"": 6}"
2723,2723,True,,mpeg4\random\mappings\sample_2723_seed_2723.csv,4.982141956381597,325.8674899524,1.2104923101981726,0,0.0001229288,0.0,672000.0,72000.0,0.8828431238178778,0.001136885667355143,True,vec,16,"{""1"": 3, ""2"": 8, ""3"": 2, ""4"": 11, ""5"": 4, ""6"": 12, ""7"": 5, ""8"": 10, ""9"": 8, ""10"": 10, ""11"": 14}"
2724,2724,True,,mpeg4\random\mappings\sample_2724_seed_2724.csv,5.356410692226092,326.22362280093,1.2167912614311382,0,0.0001203188,0.0,504000.0,56000.0,2.7292837367396725,0.0011219889931904578,True,vec,16,"{""1"": 12, ""2"": 12, ""3"": 12, ""4"": 11, ""5"": 10, ""6"": 10, ""7"": 12, ""8"": 4, ""9"": 1, ""10"": 2, ""11"": 3}"
2725,2725,True,,mpeg4\random\mappings\sample_2725_seed_2725.csv,5.207224369396992,326.13034238357,1.2321384057106495,0,0.0001218427,0.0,492000.0,88000.0,1.5582632055042351,0.0011306026106883398,True,vec,16,"{""1"": 14, ""2"": 12, ""3"": 10, ""4"": 0, ""5"": 8, ""6"": 11, ""7"": 6, ""8"": 0, ""9"": 11, ""10"": 10, ""11"": 12}"
2726,2726,True,,mpeg4\random\mappings\sample_2726_seed_2726.csv,5.330695358576889,326.34846887958,1.2204366584819089,0,0.0001216917,0.0,568000.0,96000.0,1.4880896905238343,0.0011296877352275465,True,vec,16,"{""1"": 5, ""2"": 0, ""3"": 3, ""4"": 14, ""5"": 12, ""6"": 1, ""7"": 3, ""8"": 11, ""9"": 14, ""10"": 1, ""11"": 5}"
2727,2727,True,,mpeg4\random\mappings\sample_2727_seed_2727.csv,5.237047191832814,325.99674885583,1.1867817974821369,0,0.0001217196,0.0,592000.0,64000.0,2.0573723308023353,0.0011299047563941222,True,vec,16,"{""1"": 9, ""2"": 14, ""3"": 1, ""4"": 2, ""5"": 12, ""6"": 1, ""7"": 0, ""8"": 14, ""9"": 15, ""10"": 10, ""11"": 1}"
2728,2728,True,,mpeg4\random\mappings\sample_2728_seed_2728.csv,5.090963639940602,326.44593911593,1.1413363768369074,0,0.0001225959,0.0,536000.0,84000.0,1.2775691455826321,0.0011343785417928039,True,vec,16,"{""1"": 1, ""2"": 10, ""3"": 9, ""4"": 10, ""5"": 2, ""6"": 13, ""7"": 7, ""8"": 15, ""9"": 1, ""10"": 12, ""11"": 2}"
2729,2729,True,,mpeg4\random\mappings\sample_2729_seed_2729.csv,4.681973789188521,326.46700959786,1.193733784134336,0,0.0001213836,0.0,468000.0,60000.0,0.7644253172884515,0.001127711605186622,True,vec,16,"{""1"": 4, ""2"": 5, ""3"": 15, ""4"": 2, ""5"": 11, ""6"": 8, ""7"": 4, ""8"": 0, ""9"": 10, ""10"": 7, ""11"": 13}"
2730,2730,True,,mpeg4\random\mappings\sample_2730_seed_2730.csv,5.100367461391148,325.66564574375,1.2186973324192387,0,0.0001228509,0.0,616000.0,88000.0,1.0538910665826047,0.0011363900147737477,True,vec,16,"{""1"": 0, ""2"": 13, ""3"": 11, ""4"": 9, ""5"": 3, ""6"": 12, ""7"": 11, ""8"": 6, ""9"": 14, ""10"": 6, ""11"": 4}"
2731,2731,True,,mpeg4\random\mappings\sample_2731_seed_2731.csv,5.003989049049279,326.02740238701,1.1410516015533638,0,0.0001228027,0.0,484000.0,84000.0,1.2907266796414572,0.0011352849426567633,True,vec,16,"{""1"": 2, ""2"": 12, ""3"": 1, ""4"": 9, ""5"": 3, ""6"": 10, ""7"": 2, ""8"": 10, ""9"": 6, ""10"": 5, ""11"": 6}"
2732,2732,True,,mpeg4\random\mappings\sample_2732_seed_2732.csv,4.779470612765297,326.32164571446,1.0679427488519029,0,0.0001208877,0.0,424000.0,72000.0,1.2249390093473316,0.0011243645792153778,True,vec,16,"{""1"": 10, ""2"": 6, ""3"": 2, ""4"": 4, ""5"": 9, ""6"": 9, ""7"": 12, ""8"": 8, ""9"": 2, ""10"": 11, ""11"": 3}"
2733,2733,True,,mpeg4\random\mappings\sample_2733_seed_2733.csv,5.065556254731574,326.07681216204,1.1515075445884693,0,0.0001330838,0.0,600000.0,72000.0,1.0275759984649544,0.0011919714183403999,True,vec,16,"{""1"": 2, ""2"": 11, ""3"": 9, ""4"": 4, ""5"": 14, ""6"": 1, ""7"": 13, ""8"": 7, ""9"": 13, ""10"": 15, ""11"": 1}"
2734,2734,True,,mpeg4\random\mappings\sample_2734_seed_2734.csv,5.11400854161026,325.42025944745,1.0963859459842176,0,0.0001275547,0.0,576000.0,88000.0,1.3784435733669582,0.001161453547176898,True,vec,16,"{""1"": 0, ""2"": 5, ""3"": 11, ""4"": 13, ""5"": 2, ""6"": 5, ""7"": 4, ""8"": 14, ""9"": 10, ""10"": 10, ""11"": 11}"
2735,2735,True,,mpeg4\random\mappings\sample_2735_seed_2735.csv,4.619037203669058,325.82404833809,1.108754163337989,0,0.0001227398,0.0,508000.0,48000.0,1.080206134700255,0.0011347999926072782,True,vec,16,"{""1"": 8, ""2"": 1, ""3"": 14, ""4"": 3, ""5"": 4, ""6"": 5, ""7"": 11, ""8"": 4, ""9"": 9, ""10"": 0, ""11"": 11}"
2736,2736,True,,mpeg4\random\mappings\sample_2736_seed_2736.csv,5.369276507444351,326.93650805653,1.151382984156672,0,0.0001212597,0.0,468000.0,76000.0,2.308242646857268,0.0011268490473646245,True,vec,16,"{""1"": 1, ""2"": 13, ""3"": 9, ""4"": 9, ""5"": 10, ""6"": 9, ""7"": 14, ""8"": 10, ""9"": 12, ""10"": 15, ""11"": 11}"
2737,2737,True,,mpeg4\random\mappings\sample_2737_seed_2737.csv,4.901680684357082,326.25377237731,1.2588196666716787,0,0.0001220157,0.0,460000.0,56000.0,1.3994956278610784,0.00113103265756981,True,vec,16,"{""1"": 11, ""2"": 2, ""3"": 15, ""4"": 1, ""5"": 3, ""6"": 5, ""7"": 0, ""8"": 2, ""9"": 12, ""10"": 5, ""11"": 15}"
2738,2738,True,,mpeg4\random\mappings\sample_2738_seed_2738.csv,5.565224071976439,327.40758492655,1.2250074358864143,1,0.0001207267,0.019764015151514998,328000.0,48000.0,2.4266604533866944,0.001123935426363442,True,vec,16,"{""1"": 12, ""2"": 13, ""3"": 5, ""4"": 7, ""5"": 5, ""6"": 5, ""7"": 0, ""8"": 12, ""9"": 10, ""10"": 1, ""11"": 0}"
2739,2739,True,,mpeg4\random\mappings\sample_2739_seed_2739.csv,5.768218945976299,326.18353089375,1.2590571064342517,0,0.0001211116,0.0,620000.0,140000.0,1.5801924289356104,0.0011273742562551725,True,vec,16,"{""1"": 12, ""2"": 13, ""3"": 11, ""4"": 3, ""5"": 14, ""6"": 13, ""7"": 12, ""8"": 10, ""9"": 10, ""10"": 7, ""11"": 3}"
2740,2740,True,,mpeg4\random\mappings\sample_2740_seed_2740.csv,5.438955701605687,326.20708706099,1.2214842563401171,0,0.0001334988,0.0,652000.0,88000.0,1.3784435733669582,0.0011946248583243888,True,vec,16,"{""1"": 14, ""2"": 1, ""3"": 13, ""4"": 3, ""5"": 0, ""6"": 11, ""7"": 13, ""8"": 12, ""9"": 13, ""10"": 14, ""11"": 4}"
2741,2741,True,,mpeg4\random\mappings\sample_2741_seed_2741.csv,5.263309677441922,325.81838776483,1.1562959711410683,0,0.0001392708,0.0,464000.0,64000.0,1.9915846605082097,0.001223161085248132,True,vec,16,"{""1"": 14, ""2"": 2, ""3"": 2, ""4"": 11, ""5"": 10, ""6"": 13, ""7"": 4, ""8"": 2, ""9"": 13, ""10"": 14, ""11"": 1}"
2742,2742,True,,mpeg4\random\mappings\sample_2742_seed_2742.csv,4.744045750134853,325.93205969952,1.1411570646160727,0,0.0001223959,0.0,524000.0,56000.0,1.1196787368767303,0.0011330807191156941,True,vec,16,"{""1"": 12, ""2"": 4, ""3"": 14, ""4"": 6, ""5"": 11, ""6"": 8, ""7"": 7, ""8"": 9, ""9"": 4, ""10"": 12, ""11"": 11}"
2743,2743,True,,mpeg4\random\mappings\sample_2743_seed_2743.csv,6.044385427090539,327.39153061014,1.3146865458226231,1,0.0001227881,0.022125125,616000.0,108000.0,1.352128505249308,0.00113726098311571,True,vec,16,"{""1"": 6, ""2"": 8, ""3"": 12, ""4"": 13, ""5"": 14, ""6"": 12, ""7"": 3, ""8"": 1, ""9"": 10, ""10"": 2, ""11"": 1}"
2744,2744,True,,mpeg4\random\mappings\sample_2744_seed_2744.csv,5.066563360986799,326.17054108127,1.2556668161557243,0,0.0001222659,0.0,556000.0,72000.0,1.2687974562100819,0.0011334199044893284,True,vec,16,"{""1"": 10, ""2"": 7, ""3"": 0, ""4"": 0, ""5"": 12, ""6"": 13, ""7"": 2, ""8"": 8, ""9"": 10, ""10"": 15, ""11"": 15}"
2745,2745,True,,mpeg4\random\mappings\sample_2745_seed_2745.csv,4.887069624088891,325.8316919365,1.1228980985140506,0,0.0001218887,0.0,468000.0,76000.0,1.3126559030728324,0.0011304890189297462,True,vec,16,"{""1"": 15, ""2"": 10, ""3"": 8, ""4"": 9, ""5"": 9, ""6"": 10, ""7"": 13, ""8"": 5, ""9"": 3, ""10"": 11, ""11"": 2}"
2746,2746,True,,mpeg4\random\mappings\sample_2746_seed_2746.csv,5.9992474955930755,327.36152426779,1.2810870865420518,1,0.000122166,0.0208815972222225,768000.0,104000.0,1.0275759984649544,0.0011337610959133877,True,vec,16,"{""1"": 4, ""2"": 9, ""3"": 7, ""4"": 2, ""5"": 14, ""6"": 11, ""7"": 0, ""8"": 15, ""9"": 4, ""10"": 12, ""11"": 11}"
2747,2747,True,,mpeg4\random\mappings\sample_2747_seed_2747.csv,5.183725487380471,327.04434017184,1.1909708551325706,0,0.0001218887,0.0,548000.0,88000.0,1.1547654943669308,0.0011304472368811927,True,vec,16,"{""1"": 7, ""2"": 5, ""3"": 2, ""4"": 8, ""5"": 8, ""6"": 1, ""7"": 9, ""8"": 9, ""9"": 0, ""10"": 4, ""11"": 12}"
2748,2748,True,,mpeg4\random\mappings\sample_2748_seed_2748.csv,5.810707285412307,327.38204987276,1.200586111152303,1,0.0001218348,0.02506076388888875,468000.0,72000.0,2.1415805487788164,0.001130327350333034,True,vec,16,"{""1"": 9, ""2"": 0, ""3"": 2, ""4"": 12, ""5"": 2, ""6"": 9, ""7"": 15, ""8"": 9, ""9"": 12, ""10"": 3, ""11"": 4}"
2749,2749,True,,mpeg4\random\mappings\sample_2749_seed_2749.csv,5.435909422587913,325.78627226924,1.151343746512791,0,0.0001218436,0.0,564000.0,72000.0,2.653847208135742,0.0011295251715607003,True,vec,16,"{""1"": 4, ""2"": 13, ""3"": 2, ""4"": 13, ""5"": 11, ""6"": 2, ""7"": 3, ""8"": 13, ""9"": 13, ""10"": 4, ""11"": 1}"
2750,2750,True,,mpeg4\random\mappings\sample_2750_seed_2750.csv,4.808427969229516,326.28305134344,1.1811879762585284,0,0.0001218117,0.0,588000.0,48000.0,1.1372221156218305,0.0011300957386532876,True,vec,16,"{""1"": 4, ""2"": 11, ""3"": 1, ""4"": 1, ""5"": 9, ""6"": 2, ""7"": 7, ""8"": 3, ""9"": 14, ""10"": 0, ""11"": 0}"
2751,2751,True,,mpeg4\random\mappings\sample_2751_seed_2751.csv,5.62419546485246,326.95258485748,1.276465698098444,0,0.0001223638,0.0,608000.0,120000.0,1.3433568158767577,0.0011339890316103133,True,vec,16,"{""1"": 3, ""2"": 0, ""3"": 3, ""4"": 10, ""5"": 0, ""6"": 8, ""7"": 11, ""8"": 5, ""9"": 12, ""10"": 13, ""11"": 13}"
2752,2752,True,,mpeg4\random\mappings\sample_2752_seed_2752.csv,5.193086384232304,326.515731169,1.2234659063240592,0,0.0001219388,0.0,560000.0,96000.0,1.0538910665826047,0.0011312400356704713,True,vec,16,"{""1"": 3, ""2"": 6, ""3"": 3, ""4"": 14, ""5"": 11, ""6"": 1, ""7"": 7, ""8"": 5, ""9"": 6, ""10"": 13, ""11"": 0}"
2753,2753,True,,mpeg4\random\mappings\sample_2753_seed_2753.csv,4.683308063442368,325.93874063668,1.1987550912326053,0,0.0001220167,0.0,436000.0,48000.0,1.2512540774649819,0.0011308820657310408,True,vec,16,"{""1"": 6, ""2"": 10, ""3"": 7, ""4"": 6, ""5"": 2, ""6"": 12, ""7"": 9, ""8"": 8, ""9"": 8, ""10"": 5, ""11"": 2}"
2754,2754,True,,mpeg4\random\mappings\sample_2754_seed_2754.csv,5.44068710845865,326.91446780779,1.1131944628129473,0,0.0001413187,0.0,476000.0,80000.0,1.7950988185630876,0.0012344006042859044,True,vec,16,"{""1"": 10, ""2"": 14, ""3"": 4, ""4"": 4, ""5"": 4, ""6"": 13, ""7"": 8, ""8"": 1, ""9"": 12, ""10"": 7, ""11"": 6}"
2755,2755,True,,mpeg4\random\mappings\sample_2755_seed_2755.csv,5.402631322238685,325.87873182718,1.1420072436728614,0,0.0001219056,0.0,428000.0,92000.0,2.4661330555631698,0.001129850052548869,True,vec,16,"{""1"": 14, ""2"": 11, ""3"": 1, ""4"": 11, ""5"": 11, ""6"": 13, ""7"": 9, ""8"": 9, ""9"": 1, ""10"": 14, ""11"": 13}"
2756,2756,True,,mpeg4\random\mappings\sample_2756_seed_2756.csv,4.735216170879022,326.01234844319,1.1929668760259367,0,0.0001228348,0.0,460000.0,56000.0,1.1152928921904552,0.0011353781191660568,True,vec,16,"{""1"": 15, ""2"": 1, ""3"": 14, ""4"": 10, ""5"": 9, ""6"": 8, ""7"": 6, ""8"": 11, ""9"": 0, ""10"": 8, ""11"": 14}"
2757,2757,True,,mpeg4\random\mappings\sample_2757_seed_2757.csv,4.83275358389668,326.3594064595,1.2494291598821445,0,0.000121888,0.0,480000.0,64000.0,0.9617883281708286,0.0011311698631153542,True,vec,16,"{""1"": 11, ""2"": 11, ""3"": 4, ""4"": 7, ""5"": 6, ""6"": 3, ""7"": 13, ""8"": 10, ""9"": 10, ""10"": 15, ""11"": 14}"
2758,2758,True,,mpeg4\random\mappings\sample_2758_seed_2758.csv,5.16794511279117,326.87724425823,1.127225236137517,0,0.0001215797,0.0,480000.0,104000.0,1.1328362709355555,0.001128611407685968,True,vec,16,"{""1"": 9, ""2"": 14, ""3"": 3, ""4"": 10, ""5"": 6, ""6"": 9, ""7"": 14, ""8"": 4, ""9"": 15, ""10"": 2, ""11"": 12}"
2759,2759,True,,mpeg4\random\mappings\sample_2759_seed_2759.csv,5.283511306559608,326.98160912275,1.1867799695471597,0,0.0001216238,0.0,488000.0,88000.0,1.637208409857186,0.0011287274408301132,True,vec,16,"{""1"": 6, ""2"": 7, ""3"": 9, ""4"": 11, ""5"": 3, ""6"": 11, ""7"": 8, ""8"": 9, ""9"": 5, ""10"": 12, ""11"": 7}"
2760,2760,True,,mpeg4\random\mappings\sample_2760_seed_2760.csv,5.073708103877525,326.12961751527,1.1663654524472953,0,0.0001214037,0.0,588000.0,80000.0,1.2600257668375319,0.0011279976650821015,True,vec,16,"{""1"": 7, ""2"": 14, ""3"": 6, ""4"": 1, ""5"": 10, ""6"": 11, ""7"": 14, ""8"": 12, ""9"": 2, ""10"": 11, ""11"": 12}"
2761,2761,True,,mpeg4\random\mappings\sample_2761_seed_2761.csv,4.887046042231095,325.93820567068,1.179558713959924,0,0.0001212736,0.0,392000.0,72000.0,1.474932156465009,0.001126276310626778,True,vec,16,"{""1"": 5, ""2"": 11, ""3"": 11, ""4"": 8, ""5"": 7, ""6"": 0, ""7"": 1, ""8"": 8, ""9"": 9, ""10"": 2, ""11"": 5}"
2762,2762,True,,mpeg4\random\mappings\sample_2762_seed_2762.csv,5.032167306155562,326.02578767634,1.0776832976897666,0,0.0001279177,0.0,496000.0,84000.0,1.2994983690140074,0.0011630964377338795,True,vec,16,"{""1"": 5, ""2"": 15, ""3"": 5, ""4"": 14, ""5"": 6, ""6"": 11, ""7"": 12, ""8"": 6, ""9"": 3, ""10"": 3, ""11"": 8}"
2763,2763,True,,mpeg4\random\mappings\sample_2763_seed_2763.csv,5.472252161349857,327.27391279738,1.2444504875589308,1,0.0001221868,0.01551525,504000.0,80000.0,0.9793317069159289,0.0011327319246988278,True,vec,16,"{""1"": 11, ""2"": 9, ""3"": 3, ""4"": 2, ""5"": 6, ""6"": 14, ""7"": 7, ""8"": 11, ""9"": 2, ""10"": 13, ""11"": 12}"
2764,2764,True,,mpeg4\random\mappings\sample_2764_seed_2764.csv,4.77061547034521,326.10984641693,1.1153794605566596,0,0.0001231639,0.0,476000.0,72000.0,0.9398591047394534,0.0011373538290765039,True,vec,16,"{""1"": 15, ""2"": 8, ""3"": 1, ""4"": 9, ""5"": 6, ""6"": 5, ""7"": 15, ""8"": 13, ""9"": 9, ""10"": 7, ""11"": 10}"
2765,2765,True,,mpeg4\random\mappings\sample_2765_seed_2765.csv,6.071038025352871,327.30268939589,1.4127170150355068,1,0.0001226461,0.012825551470588123,660000.0,80000.0,1.9047449357199637,0.0011369814470631096,True,vec,16,"{""1"": 2, ""2"": 5, ""3"": 15, ""4"": 14, ""5"": 3, ""6"": 15, ""7"": 0, ""8"": 15, ""9"": 12, ""10"": 13, ""11"": 7}"
2766,2766,True,,mpeg4\random\mappings\sample_2766_seed_2766.csv,5.49758656547019,325.42169338804,1.0427623784907813,0,0.0001468436,0.0,504000.0,108000.0,1.6591376332885612,0.0012646042577065377,True,vec,16,"{""1"": 15, ""2"": 1, ""3"": 13, ""4"": 4, ""5"": 6, ""6"": 9, ""7"": 5, ""8"": 13, ""9"": 5, ""10"": 2, ""11"": 13}"
2767,2767,True,,mpeg4\random\mappings\sample_2767_seed_2767.csv,6.44399021308497,327.57407873829,1.3764904550111572,2,0.0001215397,0.05298156007751918,748000.0,88000.0,1.09336366875908,0.0011315681271192272,True,vec,16,"{""1"": 15, ""2"": 8, ""3"": 4, ""4"": 12, ""5"": 2, ""6"": 1, ""7"": 6, ""8"": 4, ""9"": 11, ""10"": 15, ""11"": 0}"
2768,2768,True,,mpeg4\random\mappings\sample_2768_seed_2768.csv,5.220357700983817,326.54845339852,1.308192768685811,0,0.0001226559,0.0,556000.0,96000.0,0.9223157259943532,0.001135359677320455,True,vec,16,"{""1"": 0, ""2"": 9, ""3"": 11, ""4"": 7, ""5"": 12, ""6"": 2, ""7"": 13, ""8"": 5, ""9"": 10, ""10"": 9, ""11"": 0}"
2769,2769,True,,mpeg4\random\mappings\sample_2769_seed_2769.csv,5.149589225553733,325.99348388118,1.1322807571052937,0,0.0001329088,0.0,600000.0,80000.0,1.1582741701159507,0.0011911257622756932,True,vec,16,"{""1"": 5, ""2"": 2, ""3"": 12, ""4"": 15, ""5"": 7, ""6"": 10, ""7"": 3, ""8"": 2, ""9"": 15, ""10"": 3, ""11"": 13}"
2770,2770,True,,mpeg4\random\mappings\sample_2770_seed_2770.csv,5.40046648620476,327.29270059769,1.2920390909738988,1,0.0001228999,0.007814015151515,472000.0,48000.0,1.5714207395630602,0.0011367820648665236,True,vec,16,"{""1"": 3, ""2"": 14, ""3"": 7, ""4"": 11, ""5"": 9, ""6"": 4, ""7"": 11, ""8"": 3, ""9"": 9, ""10"": 8, ""11"": 7}"
2771,2771,True,,mpeg4\random\mappings\sample_2771_seed_2771.csv,4.900491338820966,325.84044116697,1.1922086238757623,0,0.0001216167,0.0,444000.0,80000.0,1.181080562484581,0.0011289353440204378,True,vec,16,"{""1"": 6, ""2"": 7, ""3"": 3, ""4"": 14, ""5"": 0, ""6"": 1, ""7"": 9, ""8"": 1, ""9"": 3, ""10"": 5, ""11"": 12}"
2772,2772,True,,mpeg4\random\mappings\sample_2772_seed_2772.csv,4.910567361428977,327.00091426293,1.2766750070932138,0,0.0001220698,0.0,448000.0,72000.0,0.8302129875825772,0.001132102564558766,True,vec,16,"{""1"": 14, ""2"": 10, ""3"": 9, ""4"": 7, ""5"": 4, ""6"": 3, ""7"": 0, ""8"": 11, ""9"": 6, ""10"": 1, ""11"": 7}"
2773,2773,True,,mpeg4\random\mappings\sample_2773_seed_2773.csv,4.66264465112178,325.74717577715,1.0718161438135188,0,0.0001313041,0.0,372000.0,48000.0,1.3784435733669582,0.0011807874113940909,True,vec,16,"{""1"": 5, ""2"": 9, ""3"": 1, ""4"": 14, ""5"": 6, ""6"": 2, ""7"": 2, ""8"": 11, ""9"": 8, ""10"": 2, ""11"": 8}"
2774,2774,True,,mpeg4\random\mappings\sample_2774_seed_2774.csv,5.166291220103109,325.89370284189,1.2690113137899255,0,0.0001217438,0.0,700000.0,80000.0,1.0538910665826047,0.001130975166768106,True,vec,16,"{""1"": 15, ""2"": 1, ""3"": 0, ""4"": 12, ""5"": 5, ""6"": 3, ""7"": 0, ""8"": 14, ""9"": 14, ""10"": 10, ""11"": 4}"
2775,2775,True,,mpeg4\random\mappings\sample_2775_seed_2775.csv,4.716619752653591,325.75886655466,1.155588008824097,0,0.0001218596,0.0,568000.0,56000.0,0.9617883281708286,0.001130508709604378,True,vec,16,"{""1"": 14, ""2"": 4, ""3"": 4, ""4"": 15, ""5"": 11, ""6"": 1, ""7"": 2, ""8"": 9, ""9"": 7, ""10"": 13, ""11"": 10}"
2776,2776,True,,mpeg4\random\mappings\sample_2776_seed_2776.csv,5.0470804590692016,325.82968528455,1.2559979979195541,0,0.0001220828,0.0,540000.0,72000.0,1.365286039308133,0.0011319509259393266,True,vec,16,"{""1"": 11, ""2"": 6, ""3"": 8, ""4"": 2, ""5"": 12, ""6"": 0, ""7"": 3, ""8"": 12, ""9"": 9, ""10"": 8, ""11"": 2}"
2777,2777,True,,mpeg4\random\mappings\sample_2777_seed_2777.csv,7.498467009604249,328.72771583855,1.210050432105177,1,0.0001215667,0.3790875,420000.0,80000.0,0.8565280557002275,0.0011314568843973094,True,vec,16,"{""1"": 9, ""2"": 14, ""3"": 13, ""4"": 10, ""5"": 6, ""6"": 5, ""7"": 8, ""8"": 11, ""9"": 14, ""10"": 9, ""11"": 15}"
2778,2778,True,,mpeg4\random\mappings\sample_2778_seed_2778.csv,5.852993456381884,327.27964909795,1.3273716485789837,2,0.0001226568,0.019684083333333314,520000.0,72000.0,1.080206134700255,0.0011356892882033703,True,vec,16,"{""1"": 9, ""2"": 7, ""3"": 3, ""4"": 7, ""5"": 8, ""6"": 15, ""7"": 9, ""8"": 13, ""9"": 4, ""10"": 14, ""11"": 12}"
2779,2779,True,,mpeg4\random\mappings\sample_2779_seed_2779.csv,4.831470811188632,326.36224188356,1.193725682082339,0,0.0001224748,0.0,508000.0,64000.0,0.9837175516022039,0.0011336254227332393,True,vec,16,"{""1"": 6, ""2"": 15, ""3"": 1, ""4"": 14, ""5"": 12, ""6"": 8, ""7"": 6, ""8"": 13, ""9"": 8, ""10"": 10, ""11"": 9}"
2780,2780,True,,mpeg4\random\mappings\sample_2780_seed_2780.csv,5.893720481120117,327.25726283967,1.3644363127360246,1,0.0001207057,0.0038432142857143126,412000.0,76000.0,2.4924481236808202,0.0011246208924214085,True,vec,16,"{""1"": 9, ""2"": 9, ""3"": 15, ""4"": 15, ""5"": 14, ""6"": 15, ""7"": 13, ""8"": 4, ""9"": 7, ""10"": 5, ""11"": 14}"
2781,2781,True,,mpeg4\random\mappings\sample_2781_seed_2781.csv,5.0888497088684685,326.61089648113,1.2158047422222533,0,0.0001219797,0.0,276000.0,80000.0,1.8740440229160384,0.0011304784367290684,True,vec,16,"{""1"": 8, ""2"": 9, ""3"": 8, ""4"": 9, ""5"": 14, ""6"": 10, ""7"": 15, ""8"": 12, ""9"": 6, ""10"": 9, ""11"": 10}"
2782,2782,True,,mpeg4\random\mappings\sample_2782_seed_2782.csv,5.1529604259989465,326.09442221715,1.076563385480016,0,0.0001218237,0.0,428000.0,92000.0,1.8389572654258382,0.0011294648921937613,True,vec,16,"{""1"": 10, ""2"": 2, ""3"": 14, ""4"": 10, ""5"": 10, ""6"": 9, ""7"": 4, ""8"": 14, ""9"": 11, ""10"": 6, ""11"": 0}"
2783,2783,True,,mpeg4\random\mappings\sample_2783_seed_2783.csv,5.349117785295144,326.15819886753,1.1936257721813637,0,0.0001222967,0.0,492000.0,84000.0,2.110879635974891,0.00113289352809391,True,vec,16,"{""1"": 11, ""2"": 0, ""3"": 0, ""4"": 0, ""5"": 11, ""6"": 5, ""7"": 13, ""8"": 9, ""9"": 3, ""10"": 6, ""11"": 6}"
2784,2784,True,,mpeg4\random\mappings\sample_2784_seed_2784.csv,6.7839581934805535,327.50712111046,1.3366010809728102,1,0.0001324089,0.04694201388888875,604000.0,144000.0,1.8608864888572134,0.0011895032618560784,True,vec,16,"{""1"": 3, ""2"": 1, ""3"": 1, ""4"": 4, ""5"": 13, ""6"": 3, ""7"": 4, ""8"": 0, ""9"": 4, ""10"": 5, ""11"": 6}"
2785,2785,True,,mpeg4\random\mappings\sample_2785_seed_2785.csv,4.918379718782652,325.8937813777,1.1388339399100107,0,0.0001224918,0.0,376000.0,84000.0,1.3959869521120583,0.0011330861135942975,True,vec,16,"{""1"": 10, ""2"": 11, ""3"": 3, ""4"": 15, ""5"": 13, ""6"": 5, ""7"": 11, ""8"": 5, ""9"": 9, ""10"": 4, ""11"": 10}"
2786,2786,True,,mpeg4\random\mappings\sample_2786_seed_2786.csv,4.962075714500178,326.44599616418,1.27743979661572,0,0.0001205645,0.0,404000.0,80000.0,1.1328362709355555,0.0011230283392298457,True,vec,16,"{""1"": 13, ""2"": 13, ""3"": 1, ""4"": 14, ""5"": 7, ""6"": 12, ""7"": 12, ""8"": 8, ""9"": 10, ""10"": 9, ""11"": 15}"
2787,2787,True,,mpeg4\random\mappings\sample_2787_seed_2787.csv,4.8245655841102195,326.01587784733,1.0938532782134593,0,0.0001212576,0.0,404000.0,84000.0,1.1591513390532058,0.0011259446122853579,True,vec,16,"{""1"": 9, ""2"": 6, ""3"": 2, ""4"": 5, ""5"": 8, ""6"": 9, ""7"": 5, ""8"": 12, ""9"": 4, ""10"": 14, ""11"": 0}"
2788,2788,True,,mpeg4\random\mappings\sample_2788_seed_2788.csv,4.817205882636712,325.90446352022,1.1423262492516066,0,0.0001217716,0.0,500000.0,72000.0,1.0582769112688797,0.001129817938230464,True,vec,16,"{""1"": 11, ""2"": 7, ""3"": 15, ""4"": 3, ""5"": 1, ""6"": 10, ""7"": 14, ""8"": 1, ""9"": 3, ""10"": 9, ""11"": 13}"
2789,2789,True,,mpeg4\random\mappings\sample_2789_seed_2789.csv,5.980731958267501,327.28506118916,1.2929722322022523,1,0.0001221938,0.02137375,616000.0,104000.0,1.374057728680683,0.0011337135027379257,True,vec,16,"{""1"": 2, ""2"": 5, ""3"": 3, ""4"": 2, ""5"": 14, ""6"": 12, ""7"": 5, ""8"": 6, ""9"": 11, ""10"": 2, ""11"": 10}"
2790,2790,True,,mpeg4\random\mappings\sample_2790_seed_2790.csv,5.372031812218359,326.136017608,1.2383998643900602,0,0.0001211221,0.0,500000.0,88000.0,2.01439105287684,0.0011260311544749062,True,vec,16,"{""1"": 2, ""2"": 0, ""3"": 14, ""4"": 4, ""5"": 2, ""6"": 3, ""7"": 3, ""8"": 14, ""9"": 8, ""10"": 5, ""11"": 2}"
2791,2791,True,,mpeg4\random\mappings\sample_2791_seed_2791.csv,5.258282366418134,327.32237975276,1.3330463920846938,1,0.0001216007,0.002698928571428562,344000.0,64000.0,1.181080562484581,0.0011294328446583089,True,vec,16,"{""1"": 9, ""2"": 8, ""3"": 4, ""4"": 1, ""5"": 7, ""6"": 15, ""7"": 13, ""8"": 14, ""9"": 14, ""10"": 15, ""11"": 8}"
2792,2792,True,,mpeg4\random\mappings\sample_2792_seed_2792.csv,5.076048924237412,326.25607968848,1.1763799453119084,0,0.0001212597,0.0,472000.0,76000.0,1.6152791864258107,0.0011272420579672242,True,vec,16,"{""1"": 4, ""2"": 8, ""3"": 4, ""4"": 5, ""5"": 7, ""6"": 10, ""7"": 15, ""8"": 15, ""9"": 10, ""10"": 3, ""11"": 7}"
2793,2793,True,,mpeg4\random\mappings\sample_2793_seed_2793.csv,5.112800097930036,327.2567474965,1.24095113696853,1,0.0001216517,0.0075541666666668755,384000.0,56000.0,0.9837175516022039,0.0011290779284179615,True,vec,16,"{""1"": 1, ""2"": 0, ""3"": 11, ""4"": 5, ""5"": 15, ""6"": 2, ""7"": 10, ""8"": 13, ""9"": 7, ""10"": 2, ""11"": 1}"
2794,2794,True,,mpeg4\random\mappings\sample_2794_seed_2794.csv,4.888729037941288,325.91254269712,1.1426790267663904,0,0.0001276049,0.0,548000.0,84000.0,0.6547792001315753,0.0011619816008746682,True,vec,16,"{""1"": 1, ""2"": 4, ""3"": 7, ""4"": 12, ""5"": 11, ""6"": 8, ""7"": 9, ""8"": 14, ""9"": 15, ""10"": 15, ""11"": 6}"
2795,2795,True,,mpeg4\random\mappings\sample_2795_seed_2795.csv,5.7061661302575555,327.49582528982,1.3196309807475233,1,0.000121878,0.021509765625,612000.0,64000.0,1.3959869521120583,0.001131957481784775,True,vec,16,"{""1"": 12, ""2"": 12, ""3"": 0, ""4"": 10, ""5"": 11, ""6"": 2, ""7"": 12, ""8"": 8, ""9"": 14, ""10"": 8, ""11"": 5}"
2796,2796,True,,mpeg4\random\mappings\sample_2796_seed_2796.csv,5.739576266482895,326.28647038691,1.211470887759156,0,0.0001226098,0.0,500000.0,136000.0,1.9354458485238892,0.001134475646029558,True,vec,16,"{""1"": 7, ""2"": 4, ""3"": 9, ""4"": 4, ""5"": 0, ""6"": 4, ""7"": 2, ""8"": 10, ""9"": 9, ""10"": 1, ""11"": 12}"
2797,2797,True,,mpeg4\random\mappings\sample_2797_seed_2797.csv,4.916359214049487,326.50799712187,1.1773128327732267,0,0.0001219188,0.0,512000.0,64000.0,1.2249390093473316,0.0011305875695608847,True,vec,16,"{""1"": 0, ""2"": 10, ""3"": 14, ""4"": 5, ""5"": 13, ""6"": 13, ""7"": 4, ""8"": 9, ""9"": 2, ""10"": 14, ""11"": 12}"
2798,2798,True,,mpeg4\random\mappings\sample_2798_seed_2798.csv,7.0803911201456025,327.92177973284,1.1936198222646877,2,0.0001327736,0.1939747083333333,360000.0,68000.0,2.0714070337984154,0.0011920782483666565,True,vec,16,"{""1"": 6, ""2"": 6, ""3"": 15, ""4"": 11, ""5"": 5, ""6"": 2, ""7"": 6, ""8"": 10, ""9"": 6, ""10"": 11, ""11"": 10}"
2799,2799,True,,mpeg4\random\mappings\sample_2799_seed_2799.csv,5.084376974551383,325.75764618187,1.1815942083557274,0,0.0001224578,0.0,432000.0,84000.0,1.6635234779748362,0.0011334657213341985,True,vec,16,"{""1"": 6, ""2"": 8, ""3"": 14, ""4"": 10, ""5"": 11, ""6"": 14, ""7"": 2, ""8"": 13, ""9"": 11, ""10"": 10, ""11"": 6}"
2800,2800,True,,mpeg4\random\mappings\sample_2800_seed_2800.csv,4.974294587872931,325.75818052591,1.1905883390572705,0,0.000122034,0.0,512000.0,72000.0,1.4003727967983335,0.001131622856439409,True,vec,16,"{""1"": 9, ""2"": 13, ""3"": 7, ""4"": 9, ""5"": 7, ""6"": 0, ""7"": 14, ""8"": 8, ""9"": 10, ""10"": 6, ""11"": 10}"
2801,2801,True,,mpeg4\random\mappings\sample_2801_seed_2801.csv,5.286720866414365,325.91013053276,1.2257003333056693,0,0.0001226589,0.0,716000.0,88000.0,1.2293248540336066,0.0011360777931606896,True,vec,16,"{""1"": 14, ""2"": 1, ""3"": 12, ""4"": 15, ""5"": 9, ""6"": 0, ""7"": 7, ""8"": 11, ""9"": 1, ""10"": 15, ""11"": 12}"
2802,2802,True,,mpeg4\random\mappings\sample_2802_seed_2802.csv,4.977554831409675,325.89798784186,1.1680232883002992,0,0.0001212868,0.0,444000.0,84000.0,1.356514349935583,0.0011269428683892107,True,vec,16,"{""1"": 10, ""2"": 9, ""3"": 9, ""4"": 11, ""5"": 12, ""6"": 15, ""7"": 12, ""8"": 7, ""9"": 6, ""10"": 10, ""11"": 1}"
2803,2803,True,,mpeg4\random\mappings\sample_2803_seed_2803.csv,5.458328596124058,326.42007868637,1.2084226843478307,0,0.0001278338,0.0,584000.0,104000.0,1.4179161755434335,0.0011631925727512195,True,vec,16,"{""1"": 9, ""2"": 2, ""3"": 7, ""4"": 9, ""5"": 0, ""6"": 8, ""7"": 2, ""8"": 4, ""9"": 1, ""10"": 1, ""11"": 1}"
2804,2804,True,,mpeg4\random\mappings\sample_2804_seed_2804.csv,5.853251604915522,327.33910193289,1.233488352746294,1,0.0001222459,0.00718297413793125,580000.0,80000.0,1.9880759847591898,0.0011333708588634015,True,vec,16,"{""1"": 9, ""2"": 4, ""3"": 0, ""4"": 6, ""5"": 14, ""6"": 7, ""7"": 0, ""8"": 0, ""9"": 9, ""10"": 2, ""11"": 7}"
2805,2805,True,,mpeg4\random\mappings\sample_2805_seed_2805.csv,5.072092865636645,326.14842194964,1.1929132885742637,0,0.0001216656,0.0,604000.0,84000.0,1.0495052218963297,0.001129351326056015,True,vec,16,"{""1"": 4, ""2"": 11, ""3"": 8, ""4"": 5, ""5"": 1, ""6"": 2, ""7"": 1, ""8"": 14, ""9"": 8, ""10"": 9, ""11"": 12}"
2806,2806,True,,mpeg4\random\mappings\sample_2806_seed_2806.csv,6.42704688524067,327.91425579418,1.290509467999337,2,0.0001216757,0.08270203463203481,496000.0,100000.0,1.0670486006414297,0.0011311481415173868,True,vec,16,"{""1"": 1, ""2"": 0, ""3"": 5, ""4"": 1, ""5"": 3, ""6"": 4, ""7"": 6, ""8"": 10, ""9"": 9, ""10"": 15, ""11"": 0}"
2807,2807,True,,mpeg4\random\mappings\sample_2807_seed_2807.csv,5.948225710537593,327.28301335855,1.3462881192554617,1,0.0001223196,0.01159046875,636000.0,80000.0,1.8038705079356376,0.0011344689227231041,True,vec,16,"{""1"": 0, ""2"": 11, ""3"": 0, ""4"": 1, ""5"": 12, ""6"": 8, ""7"": 12, ""8"": 1, ""9"": 14, ""10"": 3, ""11"": 8}"
2808,2808,True,,mpeg4\random\mappings\sample_2808_seed_2808.csv,5.601807908479764,326.24828386875,1.2830796865144214,0,0.0001208337,0.0,544000.0,120000.0,1.7029960801513115,0.0011254538366540444,True,vec,16,"{""1"": 4, ""2"": 0, ""3"": 0, ""4"": 11, ""5"": 12, ""6"": 4, ""7"": 1, ""8"": 2, ""9"": 11, ""10"": 6, ""11"": 2}"
2809,2809,True,,mpeg4\random\mappings\sample_2809_seed_2809.csv,7.078436867853399,327.61234727632,1.322052282669298,2,0.0001215136,0.09250024801587231,632000.0,144000.0,1.4266878649159838,0.0011303443824092422,True,vec,16,"{""1"": 3, ""2"": 8, ""3"": 9, ""4"": 4, ""5"": 2, ""6"": 2, ""7"": 1, ""8"": 12, ""9"": 8, ""10"": 5, ""11"": 4}"
2810,2810,True,,mpeg4\random\mappings\sample_2810_seed_2810.csv,5.626258434366616,327.26490297272,1.2702486312018955,1,0.0001272597,0.00961875,580000.0,84000.0,0.9837175516022039,0.0011608477310085677,True,vec,16,"{""1"": 12, ""2"": 4, ""3"": 12, ""4"": 6, ""5"": 3, ""6"": 8, ""7"": 11, ""8"": 0, ""9"": 10, ""10"": 10, ""11"": 14}"
2811,2811,True,,mpeg4\random\mappings\sample_2811_seed_2811.csv,6.07693040500673,326.92388647296,1.3413926832955059,0,0.000122817,0.0,916000.0,160000.0,0.7424960938570763,0.0011380538465631095,True,vec,16,"{""1"": 0, ""2"": 11, ""3"": 1, ""4"": 12, ""5"": 15, ""6"": 3, ""7"": 13, ""8"": 7, ""9"": 5, ""10"": 12, ""11"": 6}"
2812,2812,True,,mpeg4\random\mappings\sample_2812_seed_2812.csv,5.347080974968952,325.85691487972,1.2830591529656692,0,0.000121954,0.0,672000.0,80000.0,1.6152791864258107,0.0011320690115177684,True,vec,16,"{""1"": 3, ""2"": 3, ""3"": 12, ""4"": 1, ""5"": 14, ""6"": 12, ""7"": 2, ""8"": 13, ""9"": 10, ""10"": 4, ""11"": 14}"
2813,2813,True,,mpeg4\random\mappings\sample_2813_seed_2813.csv,5.673396733081076,327.26971363313,1.287312910145262,1,0.0001226279,0.004552302631578938,608000.0,100000.0,0.8828431238178778,0.0011358078544154585,True,vec,16,"{""1"": 2, ""2"": 3, ""3"": 13, ""4"": 15, ""5"": 3, ""6"": 1, ""7"": 11, ""8"": 14, ""9"": 8, ""10"": 5, ""11"": 7}"
2814,2814,True,,mpeg4\random\mappings\sample_2814_seed_2814.csv,5.769449757689573,326.32722125055,1.1727164312781504,0,0.0001319228,0.0,548000.0,132000.0,1.7293111482689618,0.001185722067092446,True,vec,16,"{""1"": 14, ""2"": 11, ""3"": 14, ""4"": 12, ""5"": 14, ""6"": 13, ""7"": 6, ""8"": 0, ""9"": 15, ""10"": 6, ""11"": 5}"
2815,2815,True,,mpeg4\random\mappings\sample_2815_seed_2815.csv,5.907252746361856,326.90460111883,1.2581304747680977,0,0.0001224749,0.0,708000.0,112000.0,2.106493791288616,0.0011348684952727603,True,vec,16,"{""1"": 12, ""2"": 0, ""3"": 12, ""4"": 1, ""5"": 10, ""6"": 12, ""7"": 6, ""8"": 3, ""9"": 0, ""10"": 1, ""11"": 9}"
2816,2816,True,,mpeg4\random\mappings\sample_2816_seed_2816.csv,4.851737981327802,325.97488057906,1.1407249817483174,0,0.0001210961,0.0,404000.0,72000.0,1.4223020202297085,0.0011252603748780196,True,vec,16,"{""1"": 14, ""2"": 6, ""3"": 5, ""4"": 12, ""5"": 13, ""6"": 14, ""7"": 14, ""8"": 10, ""9"": 9, ""10"": 2, ""11"": 8}"
2817,2817,True,,mpeg4\random\mappings\sample_2817_seed_2817.csv,4.8990919224968845,326.38550984633,1.1003201739844537,0,0.0001214037,0.0,460000.0,76000.0,1.2687974562100819,0.0011273494542786333,True,vec,16,"{""1"": 11, ""2"": 9, ""3"": 10, ""4"": 10, ""5"": 11, ""6"": 5, ""7"": 2, ""8"": 6, ""9"": 12, ""10"": 15, ""11"": 3}"
2818,2818,True,,mpeg4\random\mappings\sample_2818_seed_2818.csv,5.070604245711736,326.41080238531,1.2112073781483779,0,0.0001222659,0.0,592000.0,80000.0,1.0275759984649544,0.001133311925825897,True,vec,16,"{""1"": 2, ""2"": 3, ""3"": 5, ""4"": 0, ""5"": 7, ""6"": 13, ""7"": 2, ""8"": 12, ""9"": 15, ""10"": 8, ""11"": 0}"
2819,2819,True,,mpeg4\random\mappings\sample_2819_seed_2819.csv,5.484702100042359,325.8787799588,1.1025021571413987,0,0.0001331629,0.0,592000.0,116000.0,1.4091444861708835,0.0011921042071844732,True,vec,16,"{""1"": 7, ""2"": 8, ""3"": 5, ""4"": 1, ""5"": 10, ""6"": 8, ""7"": 2, ""8"": 10, ""9"": 9, ""10"": 2, ""11"": 14}"
2820,2820,True,,mpeg4\random\mappings\sample_2820_seed_2820.csv,4.94468403650073,326.01376193121,1.208790016058712,0,0.0001229581,0.0,672000.0,60000.0,1.0056467750335791,0.0011373873422237577,True,vec,16,"{""1"": 5, ""2"": 13, ""3"": 7, ""4"": 14, ""5"": 12, ""6"": 3, ""7"": 12, ""8"": 0, ""9"": 14, ""10"": 11, ""11"": 6}"
2821,2821,True,,mpeg4\random\mappings\sample_2821_seed_2821.csv,5.922439797443253,327.1840555971,1.2599260006755397,1,0.0001227368,0.000514473684210525,604000.0,112000.0,1.474932156465009,0.0011361706229646533,True,vec,16,"{""1"": 13, ""2"": 4, ""3"": 2, ""4"": 7, ""5"": 15, ""6"": 4, ""7"": 13, ""8"": 15, ""9"": 3, ""10"": 9, ""11"": 14}"
2822,2822,True,,mpeg4\random\mappings\sample_2822_seed_2822.csv,5.348747585803209,327.28132174208,1.3110860804274573,1,0.0001221076,0.013147500000000001,444000.0,56000.0,1.2249390093473316,0.0011324742791230219,True,vec,16,"{""1"": 12, ""2"": 0, ""3"": 3, ""4"": 2, ""5"": 14, ""6"": 2, ""7"": 6, ""8"": 11, ""9"": 3, ""10"": 1, ""11"": 13}"
2823,2823,True,,mpeg4\random\mappings\sample_2823_seed_2823.csv,4.991337379952461,325.6732633121,1.2242377688895332,0,0.0001228019,0.0,556000.0,92000.0,0.803897919464927,0.0011361194949325267,True,vec,16,"{""1"": 9, ""2"": 2, ""3"": 8, ""4"": 14, ""5"": 12, ""6"": 15, ""7"": 2, ""8"": 13, ""9"": 6, ""10"": 10, ""11"": 7}"
2824,2824,True,,mpeg4\random\mappings\sample_2824_seed_2824.csv,5.661520070733922,327.33050171545,1.2251517461465546,1,0.0001220808,0.008665625,456000.0,104000.0,1.2424823880924316,0.0011313152413815364,True,vec,16,"{""1"": 6, ""2"": 14, ""3"": 7, ""4"": 15, ""5"": 5, ""6"": 15, ""7"": 9, ""8"": 6, ""9"": 12, ""10"": 13, ""11"": 0}"
2825,2825,True,,mpeg4\random\mappings\sample_2825_seed_2825.csv,5.250627972208342,326.98054204409,1.1997317798081542,0,0.0001208318,0.0,504000.0,72000.0,1.8608864888572134,0.0011246487188166013,True,vec,16,"{""1"": 5, ""2"": 4, ""3"": 4, ""4"": 12, ""5"": 6, ""6"": 11, ""7"": 8, ""8"": 11, ""9"": 12, ""10"": 5, ""11"": 8}"
2826,2826,True,,mpeg4\random\mappings\sample_2826_seed_2826.csv,5.2627782240973,326.10617590064,1.1503714454008256,0,0.0001358497,0.0,520000.0,72000.0,1.7029960801513115,0.001205045985643564,True,vec,16,"{""1"": 5, ""2"": 15, ""3"": 13, ""4"": 8, ""5"": 14, ""6"": 6, ""7"": 9, ""8"": 13, ""9"": 8, ""10"": 11, ""11"": 13}"
2827,2827,True,,mpeg4\random\mappings\sample_2827_seed_2827.csv,5.929871173900289,327.2687256834,1.341303670536275,1,0.0001236178,0.00865390625,700000.0,104000.0,1.0538910665826047,0.0011418727250966,True,vec,16,"{""1"": 3, ""2"": 12, ""3"": 3, ""4"": 2, ""5"": 14, ""6"": 0, ""7"": 6, ""8"": 4, ""9"": 1, ""10"": 4, ""11"": 7}"
2828,2828,True,,mpeg4\random\mappings\sample_2828_seed_2828.csv,5.1564570842425885,326.33043728133,1.1740244382070097,0,0.0001213996,0.0,564000.0,64000.0,1.8433431101121132,0.0011280836896513098,True,vec,16,"{""1"": 13, ""2"": 15, ""3"": 10, ""4"": 8, ""5"": 3, ""6"": 8, ""7"": 4, ""8"": 0, ""9"": 10, ""10"": 15, ""11"": 10}"
2829,2829,True,,mpeg4\random\mappings\sample_2829_seed_2829.csv,7.0757412996418285,327.60238194275,1.386449824339745,3,0.0001222508,0.07203272321428564,640000.0,80000.0,2.1503522381513664,0.001134963925699809,True,vec,16,"{""1"": 8, ""2"": 2, ""3"": 8, ""4"": 12, ""5"": 8, ""6"": 2, ""7"": 11, ""8"": 0, ""9"": 4, ""10"": 0, ""11"": 1}"
2830,2830,True,,mpeg4\random\mappings\sample_2830_seed_2830.csv,5.694636009899167,327.30067022368,1.2951849007835103,1,0.0001215156,0.018207075471698125,508000.0,64000.0,1.821413886680738,0.00112951279734458,True,vec,16,"{""1"": 13, ""2"": 8, ""3"": 0, ""4"": 1, ""5"": 7, ""6"": 6, ""7"": 2, ""8"": 0, ""9"": 0, ""10"": 6, ""11"": 7}"
2831,2831,True,,mpeg4\random\mappings\sample_2831_seed_2831.csv,6.596429175268057,328.27369529449,1.3509044332383786,1,0.0001225787,0.187909375,456000.0,56000.0,1.5626490501905101,0.001136249790948124,True,vec,16,"{""1"": 15, ""2"": 0, ""3"": 4, ""4"": 1, ""5"": 0, ""6"": 7, ""7"": 2, ""8"": 9, ""9"": 3, ""10"": 7, ""11"": 7}"
2832,2832,True,,mpeg4\random\mappings\sample_2832_seed_2832.csv,5.54205236780876,327.15349752984,1.2814117314826436,1,0.000122082908,1.6875e-05,596000.0,80000.0,1.1328362709355555,0.00113243078863575,True,vec,16,"{""1"": 1, ""2"": 10, ""3"": 15, ""4"": 6, ""5"": 2, ""6"": 3, ""7"": 15, ""8"": 8, ""9"": 13, ""10"": 11, ""11"": 10}"
2833,2833,True,,mpeg4\random\mappings\sample_2833_seed_2833.csv,4.863542853119522,326.53511852242,1.2287059831984513,0,0.0001217397,0.0,456000.0,60000.0,1.2030097859159563,0.0011293132481629334,True,vec,16,"{""1"": 2, ""2"": 8, ""3"": 3, ""4"": 13, ""5"": 3, ""6"": 9, ""7"": 14, ""8"": 0, ""9"": 1, ""10"": 12, ""11"": 2}"
2834,2834,True,,mpeg4\random\mappings\sample_2834_seed_2834.csv,5.429554125505581,326.12590229109,1.189005408225706,0,0.0001215477,0.0,592000.0,96000.0,1.8433431101121132,0.0011293530284719995,True,vec,16,"{""1"": 15, ""2"": 10, ""3"": 7, ""4"": 10, ""5"": 8, ""6"": 13, ""7"": 10, ""8"": 0, ""9"": 15, ""10"": 3, ""11"": 7}"
2835,2835,True,,mpeg4\random\mappings\sample_2835_seed_2835.csv,5.028639422868105,326.85718248229,1.3449521183817947,0,0.0001211236,0.0,496000.0,72000.0,0.9617883281708286,0.0011274875396225133,True,vec,16,"{""1"": 6, ""2"": 8, ""3"": 8, ""4"": 9, ""5"": 12, ""6"": 3, ""7"": 2, ""8"": 0, ""9"": 11, ""10"": 15, ""11"": 13}"
2836,2836,True,,mpeg4\random\mappings\sample_2836_seed_2836.csv,5.407155089740369,325.25353664954,1.1245717949122296,0,0.0001213537,0.0,396000.0,96000.0,2.7205120473671225,0.0011264031441129323,True,vec,16,"{""1"": 4, ""2"": 9, ""3"": 7, ""4"": 9, ""5"": 2, ""6"": 4, ""7"": 9, ""8"": 10, ""9"": 11, ""10"": 4, ""11"": 4}"
2837,2837,True,,mpeg4\random\mappings\sample_2837_seed_2837.csv,5.528910676890993,326.17355693683,1.102343921792707,0,0.0001477868,0.0,544000.0,80000.0,1.8828157122885887,0.0012700079551521933,True,vec,16,"{""1"": 9, ""2"": 3, ""3"": 14, ""4"": 14, ""5"": 14, ""6"": 4, ""7"": 5, ""8"": 11, ""9"": 2, ""10"": 2, ""11"": 8}"
2838,2838,True,,mpeg4\random\mappings\sample_2838_seed_2838.csv,5.004047066399911,325.82513825908,1.2523163677084077,0,0.0001215908,0.0,448000.0,52000.0,1.9696554370768344,0.0011289321181443377,True,vec,16,"{""1"": 14, ""2"": 1, ""3"": 15, ""4"": 4, ""5"": 15, ""6"": 7, ""7"": 4, ""8"": 1, ""9"": 7, ""10"": 11, ""11"": 14}"
2839,2839,True,,mpeg4\random\mappings\sample_2839_seed_2839.csv,5.012959423652397,326.29822918032,1.2065854775183629,0,0.0001212678,0.0,560000.0,76000.0,1.1196787368767303,0.0011275300277609741,True,vec,16,"{""1"": 13, ""2"": 13, ""3"": 3, ""4"": 9, ""5"": 14, ""6"": 1, ""7"": 7, ""8"": 9, ""9"": 10, ""10"": 15, ""11"": 5}"
2840,2840,True,,mpeg4\random\mappings\sample_2840_seed_2840.csv,5.47273587749128,326.17396981414,1.1320669630950897,0,0.0001222188,0.0,536000.0,112000.0,1.8433431101121132,0.0011323952926354098,True,vec,16,"{""1"": 11, ""2"": 5, ""3"": 11, ""4"": 3, ""5"": 10, ""6"": 8, ""7"": 11, ""8"": 13, ""9"": 6, ""10"": 5, ""11"": 10}"
2841,2841,True,,mpeg4\random\mappings\sample_2841_seed_2841.csv,5.656954611180335,327.28468611779,1.3078350823657123,1,0.0001220036,0.0234040625,616000.0,80000.0,0.9398591047394534,0.0011324040345731406,True,vec,16,"{""1"": 11, ""2"": 8, ""3"": 7, ""4"": 3, ""5"": 12, ""6"": 14, ""7"": 15, ""8"": 2, ""9"": 12, ""10"": 4, ""11"": 15}"
2842,2842,True,,mpeg4\random\mappings\sample_2842_seed_2842.csv,5.483419926509375,325.88350643382,1.252696260385198,0,0.000122311,0.0,788000.0,88000.0,1.5538773608179601,0.0011341247392342574,True,vec,16,"{""1"": 0, ""2"": 10, ""3"": 15, ""4"": 8, ""5"": 1, ""6"": 15, ""7"": 4, ""8"": 11, ""9"": 1, ""10"": 13, ""11"": 8}"
2843,2843,True,,mpeg4\random\mappings\sample_2843_seed_2843.csv,5.249229172992296,325.99638977193,1.217381628549523,0,0.0001214958,0.0,604000.0,84000.0,1.549491516131685,0.0011287631902080542,True,vec,16,"{""1"": 1, ""2"": 0, ""3"": 6, ""4"": 0, ""5"": 0, ""6"": 11, ""7"": 8, ""8"": 7, ""9"": 2, ""10"": 4, ""11"": 10}"
2844,2844,True,,mpeg4\random\mappings\sample_2844_seed_2844.csv,5.470015442815931,326.32754671074,1.274977826442629,0,0.0001220109,0.0,704000.0,88000.0,1.5714207395630602,0.0011323539394290003,True,vec,16,"{""1"": 14, ""2"": 3, ""3"": 10, ""4"": 13, ""5"": 0, ""6"": 0, ""7"": 10, ""8"": 6, ""9"": 12, ""10"": 11, ""11"": 6}"
2845,2845,True,,mpeg4\random\mappings\sample_2845_seed_2845.csv,6.117595945220294,327.39363558955,1.270285514093609,2,0.0001217716,0.02570525,492000.0,80000.0,1.751240371700337,0.0011309292437900202,True,vec,16,"{""1"": 6, ""2"": 11, ""3"": 0, ""4"": 4, ""5"": 6, ""6"": 10, ""7"": 11, ""8"": 6, ""9"": 15, ""10"": 12, ""11"": 15}"
2846,2846,True,,mpeg4\random\mappings\sample_2846_seed_2846.csv,5.775874900994494,327.48333249773,1.2960780093802433,1,0.0001217087,0.04873333333333313,464000.0,64000.0,1.6240508757983607,0.0011306319749404047,True,vec,16,"{""1"": 11, ""2"": 15, ""3"": 9, ""4"": 6, ""5"": 3, ""6"": 3, ""7"": 11, ""8"": 14, ""9"": 2, ""10"": 14, ""11"": 6}"
2847,2847,True,,mpeg4\random\mappings\sample_2847_seed_2847.csv,6.287699944706654,326.37173104347,1.1435683424813883,0,0.0001363887,0.0,464000.0,72000.0,4.676598777445793,0.0012079969064125488,True,vec,16,"{""1"": 0, ""2"": 10, ""3"": 10, ""4"": 10, ""5"": 15, ""6"": 10, ""7"": 15, ""8"": 7, ""9"": 7, ""10"": 6, ""11"": 10}"
2848,2848,True,,mpeg4\random\mappings\sample_2848_seed_2848.csv,5.500029062245765,326.8625581709,1.2875690051252418,0,0.0001219397,0.0,688000.0,88000.0,1.5144047586414846,0.001131771891443667,True,vec,16,"{""1"": 4, ""2"": 3, ""3"": 6, ""4"": 3, ""5"": 12, ""6"": 11, ""7"": 3, ""8"": 10, ""9"": 0, ""10"": 4, ""11"": 14}"
2849,2849,True,,mpeg4\random\mappings\sample_2849_seed_2849.csv,5.030169293063896,326.12347158478,1.117757906260364,0,0.0001211938,0.0,488000.0,72000.0,1.7029960801513115,0.0011261752058794804,True,vec,16,"{""1"": 14, ""2"": 14, ""3"": 14, ""4"": 7, ""5"": 6, ""6"": 1, ""7"": 10, ""8"": 0, ""9"": 4, ""10"": 6, ""11"": 2}"
2850,2850,True,,mpeg4\random\mappings\sample_2850_seed_2850.csv,5.30331327206813,326.28301867492,1.2172008317823764,0,0.000128093,0.0,652000.0,88000.0,1.1679230284257558,0.0011651801043771786,True,vec,16,"{""1"": 0, ""2"": 11, ""3"": 9, ""4"": 7, ""5"": 14, ""6"": 8, ""7"": 1, ""8"": 3, ""9"": 3, ""10"": 3, ""11"": 0}"
2851,2851,True,,mpeg4\random\mappings\sample_2851_seed_2851.csv,4.754216329336026,325.9786121066,1.1309526899494196,0,0.0001214518,0.0,448000.0,48000.0,1.5758065842493352,0.0011274482581164372,True,vec,16,"{""1"": 10, ""2"": 5, ""3"": 0, ""4"": 7, ""5"": 2, ""6"": 5, ""7"": 3, ""8"": 3, ""9"": 12, ""10"": 5, ""11"": 13}"
2852,2852,True,,mpeg4\random\mappings\sample_2852_seed_2852.csv,6.483259927375878,327.28657128652,1.3021826150854612,1,0.0001364367,0.0089211397058825,400000.0,104000.0,3.0669937775828515,0.0012093483380661836,True,vec,16,"{""1"": 1, ""2"": 0, ""3"": 0, ""4"": 1, ""5"": 6, ""6"": 1, ""7"": 3, ""8"": 7, ""9"": 15, ""10"": 0, ""11"": 0}"
2853,2853,True,,mpeg4\random\mappings\sample_2853_seed_2853.csv,5.827391997867163,327.27602674803,1.3131350935156845,1,0.0001218488,0.0156485,616000.0,96000.0,1.181080562484581,0.0011317832378720716,True,vec,16,"{""1"": 5, ""2"": 1, ""3"": 15, ""4"": 14, ""5"": 4, ""6"": 4, ""7"": 13, ""8"": 12, ""9"": 9, ""10"": 14, ""11"": 2}"
2854,2854,True,,mpeg4\random\mappings\sample_2854_seed_2854.csv,5.160158757244112,327.32100278738,1.2148293596902715,1,0.0001220196,0.016777083333333123,420000.0,48000.0,1.080206134700255,0.001131079398385316,True,vec,16,"{""1"": 2, ""2"": 15, ""3"": 3, ""4"": 14, ""5"": 1, ""6"": 5, ""7"": 6, ""8"": 14, ""9"": 10, ""10"": 13, ""11"": 2}"
2855,2855,True,,mpeg4\random\mappings\sample_2855_seed_2855.csv,5.350097590521585,327.30123396682,1.3216549589127367,1,0.0001216627,0.02395017857142875,416000.0,56000.0,1.1196787368767303,0.001130209385199382,True,vec,16,"{""1"": 9, ""2"": 10, ""3"": 14, ""4"": 15, ""5"": 7, ""6"": 8, ""7"": 0, ""8"": 13, ""9"": 13, ""10"": 9, ""11"": 15}"
2856,2856,True,,mpeg4\random\mappings\sample_2856_seed_2856.csv,5.786469351482387,327.53259327757,1.2916692283249078,1,0.000122015,0.0369800347222225,512000.0,80000.0,1.3337079575669526,0.0011323501291824994,True,vec,16,"{""1"": 2, ""2"": 3, ""3"": 5, ""4"": 2, ""5"": 4, ""6"": 14, ""7"": 0, ""8"": 3, ""9"": 1, ""10"": 14, ""11"": 13}"
2857,2857,True,,mpeg4\random\mappings\sample_2857_seed_2857.csv,5.199603637993199,325.91514836711,1.1986221238978227,0,0.0001226348,0.0,648000.0,88000.0,1.2249390093473316,0.0011354445647873326,True,vec,16,"{""1"": 3, ""2"": 10, ""3"": 0, ""4"": 3, ""5"": 13, ""6"": 8, ""7"": 14, ""8"": 8, ""9"": 11, ""10"": 5, ""11"": 2}"
2858,2858,True,,mpeg4\random\mappings\sample_2858_seed_2858.csv,5.0766047255153985,326.37207342308,1.1142248472370166,0,0.0001214037,0.0,464000.0,120000.0,0.7424960938570763,0.0011274779335590768,True,vec,16,"{""1"": 7, ""2"": 5, ""3"": 9, ""4"": 4, ""5"": 11, ""6"": 6, ""7"": 3, ""8"": 10, ""9"": 13, ""10"": 11, ""11"": 0}"
2859,2859,True,,mpeg4\random\mappings\sample_2859_seed_2859.csv,6.737077882888157,327.31875391509,1.4768867907825955,2,0.0001208836,0.004208046875,448000.0,104000.0,3.0275211754063758,0.0011265651554465106,True,vec,16,"{""1"": 15, ""2"": 13, ""3"": 3, ""4"": 15, ""5"": 3, ""6"": 3, ""7"": 7, ""8"": 1, ""9"": 1, ""10"": 3, ""11"": 12}"
2860,2860,True,,mpeg4\random\mappings\sample_2860_seed_2860.csv,7.2108917631868374,327.20242054618,1.3270117742897596,1,0.0001368119,0.0007750753012048126,764000.0,152000.0,3.1503248266220774,0.0012123793028204076,True,vec,16,"{""1"": 3, ""2"": 0, ""3"": 0, ""4"": 11, ""5"": 11, ""6"": 0, ""7"": 7, ""8"": 1, ""9"": 14, ""10"": 13, ""11"": 0}"
2861,2861,True,,mpeg4\random\mappings\sample_2861_seed_2861.csv,5.777690828737806,327.32621108045,1.2407883797350199,1,0.000122930966,0.005868928571428562,664000.0,72000.0,1.7117677695238618,0.001137623368342688,True,vec,16,"{""1"": 10, ""2"": 4, ""3"": 10, ""4"": 4, ""5"": 3, ""6"": 12, ""7"": 3, ""8"": 14, ""9"": 6, ""10"": 7, ""11"": 14}"
2862,2862,True,,mpeg4\random\mappings\sample_2862_seed_2862.csv,5.0956461787485585,325.96214711953,1.0912827102271558,0,0.0001223637,0.0,400000.0,104000.0,1.470546311778734,0.0011322047512745343,True,vec,16,"{""1"": 6, ""2"": 13, ""3"": 11, ""4"": 5, ""5"": 10, ""6"": 7, ""7"": 10, ""8"": 9, ""9"": 9, ""10"": 7, ""11"": 5}"
2863,2863,True,,mpeg4\random\mappings\sample_2863_seed_2863.csv,5.33163014337251,326.00335380878,1.24947235942704,0,0.0001213558,0.0,612000.0,104000.0,1.2424823880924316,0.001128610811590319,True,vec,16,"{""1"": 1, ""2"": 2, ""3"": 13, ""4"": 8, ""5"": 12, ""6"": 8, ""7"": 14, ""8"": 14, ""9"": 6, ""10"": 3, ""11"": 7}"
2864,2864,True,,mpeg4\random\mappings\sample_2864_seed_2864.csv,5.392956193182268,326.1410411585,1.1808282903400835,0,0.0001325867,0.0,544000.0,80000.0,1.8608864888572134,0.001189099183701782,True,vec,16,"{""1"": 8, ""2"": 15, ""3"": 5, ""4"": 1, ""5"": 2, ""6"": 2, ""7"": 5, ""8"": 7, ""9"": 5, ""10"": 1, ""11"": 0}"
2865,2865,True,,mpeg4\random\mappings\sample_2865_seed_2865.csv,4.971873375307048,325.7757350033,1.1929921355021083,0,0.0001208336,0.0,440000.0,72000.0,1.6196650311120857,0.0011246003637286055,True,vec,16,"{""1"": 4, ""2"": 5, ""3"": 5, ""4"": 1, ""5"": 10, ""6"": 0, ""7"": 1, ""8"": 2, ""9"": 11, ""10"": 4, ""11"": 10}"
2866,2866,True,,mpeg4\random\mappings\sample_2866_seed_2866.csv,5.9822776985095905,327.33833610402,1.2949389295192473,1,0.000122446776,0.015323333333333125,564000.0,120000.0,1.2249390093473316,0.0011348756227048892,True,vec,16,"{""1"": 15, ""2"": 11, ""3"": 9, ""4"": 10, ""5"": 12, ""6"": 13, ""7"": 3, ""8"": 9, ""9"": 7, ""10"": 6, ""11"": 12}"
2867,2867,True,,mpeg4\random\mappings\sample_2867_seed_2867.csv,5.05060256107498,326.15974005987,1.1913785606357523,0,0.0001218428,0.0,564000.0,80000.0,1.180203393547326,0.0011306352918585114,True,vec,16,"{""1"": 1, ""2"": 6, ""3"": 10, ""4"": 0, ""5"": 12, ""6"": 7, ""7"": 14, ""8"": 6, ""9"": 11, ""10"": 13, ""11"": 10}"
2868,2868,True,,mpeg4\random\mappings\sample_2868_seed_2868.csv,5.2920482254981245,326.41350250292,1.1905628594534763,0,0.0001218576,0.0,592000.0,84000.0,1.6240508757983607,0.001130719404028158,True,vec,16,"{""1"": 15, ""2"": 2, ""3"": 5, ""4"": 0, ""5"": 15, ""6"": 10, ""7"": 9, ""8"": 4, ""9"": 15, ""10"": 4, ""11"": 10}"
2869,2869,True,,mpeg4\random\mappings\sample_2869_seed_2869.csv,5.057132670053502,325.82101361793,1.244575215303951,0,0.0001270817,0.0,516000.0,72000.0,1.3126559030728324,0.0011592137146166136,True,vec,16,"{""1"": 15, ""2"": 5, ""3"": 5, ""4"": 4, ""5"": 14, ""6"": 8, ""7"": 14, ""8"": 7, ""9"": 13, ""10"": 13, ""11"": 2}"
2870,2870,True,,mpeg4\random\mappings\sample_2870_seed_2870.csv,5.043815136993132,326.16002064718,1.1815541299336423,0,0.0001206096,0.0,320000.0,64000.0,2.2468408212494175,0.0011222901671675543,True,vec,16,"{""1"": 13, ""2"": 7, ""3"": 7, ""4"": 10, ""5"": 4, ""6"": 4, ""7"": 5, ""8"": 13, ""9"": 10, ""10"": 0, ""11"": 13}"
2871,2871,True,,mpeg4\random\mappings\sample_2871_seed_2871.csv,5.8583068244050445,327.14362861893,1.3201066193439253,0,0.000132006,0.0,652000.0,120000.0,1.4003727967983335,0.0011872952493910283,True,vec,16,"{""1"": 1, ""2"": 3, ""3"": 2, ""4"": 2, ""5"": 1, ""6"": 0, ""7"": 11, ""8"": 12, ""9"": 14, ""10"": 11, ""11"": 13}"
2872,2872,True,,mpeg4\random\mappings\sample_2872_seed_2872.csv,6.0080810212716464,325.55456977047,1.1945763370091758,0,0.0001320019,0.0,680000.0,128000.0,2.3214001809160933,0.001185974873931182,True,vec,16,"{""1"": 0, ""2"": 4, ""3"": 8, ""4"": 1, ""5"": 1, ""6"": 11, ""7"": 1, ""8"": 13, ""9"": 4, ""10"": 1, ""11"": 13}"
2873,2873,True,,mpeg4\random\mappings\sample_2873_seed_2873.csv,4.990155470393868,327.08186244959,1.1949349628212993,0,0.0001216627,0.0,484000.0,64000.0,1.3082700583865574,0.0011289799608684484,True,vec,16,"{""1"": 9, ""2"": 14, ""3"": 9, ""4"": 4, ""5"": 3, ""6"": 2, ""7"": 0, ""8"": 1, ""9"": 4, ""10"": 6, ""11"": 14}"
2874,2874,True,,mpeg4\random\mappings\sample_2874_seed_2874.csv,4.913262550117791,325.16294977771,0.9746824032291678,0,0.0001328868,0.0,428000.0,72000.0,1.7293111482689618,0.0011889638603666476,True,vec,16,"{""1"": 5, ""2"": 11, ""3"": 6, ""4"": 6, ""5"": 9, ""6"": 10, ""7"": 4, ""8"": 8, ""9"": 14, ""10"": 4, ""11"": 6}"
2875,2875,True,,mpeg4\random\mappings\sample_2875_seed_2875.csv,5.390446360188763,326.42451925559,1.0984261447190284,0,0.00012326,0.0,624000.0,132000.0,0.8828431238178778,0.0011384797457953209,True,vec,16,"{""1"": 5, ""2"": 3, ""3"": 8, ""4"": 11, ""5"": 6, ""6"": 4, ""7"": 15, ""8"": 6, ""9"": 7, ""10"": 10, ""11"": 13}"
2876,2876,True,,mpeg4\random\mappings\sample_2876_seed_2876.csv,4.929668505103766,325.97756654248,1.1306761651213597,0,0.0001224978,0.0,532000.0,72000.0,1.2687974562100819,0.0011339381768769817,True,vec,16,"{""1"": 12, ""2"": 1, ""3"": 0, ""4"": 9, ""5"": 10, ""6"": 9, ""7"": 2, ""8"": 11, ""9"": 6, ""10"": 5, ""11"": 10}"
2877,2877,True,,mpeg4\random\mappings\sample_2877_seed_2877.csv,7.0357743779114905,327.90908876544,1.3828986883000536,2,0.0001273091,0.10210919444444376,716000.0,88000.0,1.7643979057591623,0.001164080369541947,True,vec,16,"{""1"": 12, ""2"": 5, ""3"": 1, ""4"": 0, ""5"": 4, ""6"": 0, ""7"": 5, ""8"": 3, ""9"": 15, ""10"": 15, ""11"": 5}"
2878,2878,True,,mpeg4\random\mappings\sample_2878_seed_2878.csv,5.3873762054529415,326.40012225862,1.195750612001731,0,0.0001225959,0.0,608000.0,120000.0,1.0056467750335791,0.0011352587008058477,True,vec,16,"{""1"": 4, ""2"": 11, ""3"": 8, ""4"": 5, ""5"": 0, ""6"": 5, ""7"": 15, ""8"": 14, ""9"": 3, ""10"": 9, ""11"": 7}"
2879,2879,True,,mpeg4\random\mappings\sample_2879_seed_2879.csv,4.952262895998226,326.25520965222,1.2903003837432976,0,0.0001208663,0.0,436000.0,60000.0,1.4880896905238343,0.0011249437872229214,True,vec,16,"{""1"": 0, ""2"": 10, ""3"": 10, ""4"": 4, ""5"": 3, ""6"": 15, ""7"": 15, ""8"": 2, ""9"": 6, ""10"": 7, ""11"": 0}"
2880,2880,True,,mpeg4\random\mappings\sample_2880_seed_2880.csv,5.8273061458776345,327.61409890121,1.301572024946236,1,0.0001218897,0.035041666666666874,520000.0,72000.0,1.5977358076807104,0.0011313020703920625,True,vec,16,"{""1"": 15, ""2"": 7, ""3"": 1, ""4"": 1, ""5"": 4, ""6"": 11, ""7"": 9, ""8"": 14, ""9"": 12, ""10"": 1, ""11"": 15}"
2881,2881,True,,mpeg4\random\mappings\sample_2881_seed_2881.csv,7.41636131896229,327.99161778161,1.201056714270548,2,0.0001324448,0.2378448125,540000.0,84000.0,1.456511608782654,0.0011908623629900898,True,vec,16,"{""1"": 0, ""2"": 9, ""3"": 13, ""4"": 12, ""5"": 6, ""6"": 5, ""7"": 11, ""8"": 9, ""9"": 2, ""10"": 11, ""11"": 9}"
2882,2882,True,,mpeg4\random\mappings\sample_2882_seed_2882.csv,5.398907579873458,327.30016442399,1.2740969939158873,1,0.0001215959,0.0079390625,532000.0,72000.0,0.9442449494257285,0.0011293490546157566,True,vec,16,"{""1"": 4, ""2"": 0, ""3"": 10, ""4"": 7, ""5"": 15, ""6"": 1, ""7"": 14, ""8"": 12, ""9"": 1, ""10"": 12, ""11"": 8}"
2883,2883,True,,mpeg4\random\mappings\sample_2883_seed_2883.csv,4.841131267437848,325.71534650704,1.2159566627177265,0,0.0001222748,0.0,524000.0,72000.0,0.9398591047394534,0.001132728006225138,True,vec,16,"{""1"": 7, ""2"": 2, ""3"": 9, ""4"": 5, ""5"": 3, ""6"": 15, ""7"": 6, ""8"": 10, ""9"": 5, ""10"": 13, ""11"": 7}"
2884,2884,True,,mpeg4\random\mappings\sample_2884_seed_2884.csv,4.841616524763942,325.81673108939,1.0644603721037078,0,0.0001216187,0.0,408000.0,76000.0,1.4880896905238343,0.0011282049508447255,True,vec,16,"{""1"": 4, ""2"": 8, ""3"": 13, ""4"": 5, ""5"": 10, ""6"": 5, ""7"": 10, ""8"": 9, ""9"": 13, ""10"": 6, ""11"": 11}"
2885,2885,True,,mpeg4\random\mappings\sample_2885_seed_2885.csv,5.8709334368340915,327.15701182363,1.381503446844974,1,0.0001209876,7.954545454545624e-06,368000.0,72000.0,2.681039445190647,0.001125839893408171,True,vec,16,"{""1"": 1, ""2"": 6, ""3"": 3, ""4"": 6, ""5"": 15, ""6"": 15, ""7"": 14, ""8"": 10, ""9"": 15, ""10"": 6, ""11"": 6}"
2886,2886,True,,mpeg4\random\mappings\sample_2886_seed_2886.csv,5.859365608279307,327.44652017379,1.1772888413766456,1,0.0001216976,0.017254375,444000.0,64000.0,2.6854252898769224,0.0011288322933757952,True,vec,16,"{""1"": 8, ""2"": 14, ""3"": 5, ""4"": 4, ""5"": 14, ""6"": 5, ""7"": 1, ""8"": 4, ""9"": 0, ""10"": 5, ""11"": 14}"
2887,2887,True,,mpeg4\random\mappings\sample_2887_seed_2887.csv,5.385243299756698,326.55819319149,1.2198102616615396,0,0.0001324477,0.0,596000.0,88000.0,1.3117787341355773,0.001189155426956684,True,vec,16,"{""1"": 3, ""2"": 6, ""3"": 3, ""4"": 0, ""5"": 13, ""6"": 14, ""7"": 11, ""8"": 6, ""9"": 11, ""10"": 7, ""11"": 8}"
2888,2888,True,,mpeg4\random\mappings\sample_2888_seed_2888.csv,5.233595604979287,326.76572833519,1.1143668331053413,0,0.0001327889,0.0,600000.0,88000.0,1.0275759984649544,0.0011903850288691757,True,vec,16,"{""1"": 9, ""2"": 8, ""3"": 14, ""4"": 6, ""5"": 5, ""6"": 15, ""7"": 2, ""8"": 10, ""9"": 2, ""10"": 3, ""11"": 2}"
2889,2889,True,,mpeg4\random\mappings\sample_2889_seed_2889.csv,5.657189319567522,326.53491965004,1.3458313517932092,0,0.000128013,0.0,780000.0,88000.0,1.470546311778734,0.0011661793002534157,True,vec,16,"{""1"": 8, ""2"": 3, ""3"": 2, ""4"": 7, ""5"": 12, ""6"": 0, ""7"": 10, ""8"": 11, ""9"": 11, ""10"": 11, ""11"": 11}"
2890,2890,True,,mpeg4\random\mappings\sample_2890_seed_2890.csv,5.314272643261934,326.13800926293,1.2599449730174372,0,0.0001220399,0.0,588000.0,88000.0,1.5319481373865849,0.0011323413077380916,True,vec,16,"{""1"": 8, ""2"": 4, ""3"": 1, ""4"": 9, ""5"": 3, ""6"": 0, ""7"": 13, ""8"": 1, ""9"": 3, ""10"": 5, ""11"": 3}"
2891,2891,True,,mpeg4\random\mappings\sample_2891_seed_2891.csv,5.295699193645564,326.06267956826,1.1527258135028904,0,0.0001229928,0.0,692000.0,88000.0,1.4223020202297085,0.001137120498533219,True,vec,16,"{""1"": 11, ""2"": 0, ""3"": 9, ""4"": 2, ""5"": 14, ""6"": 0, ""7"": 9, ""8"": 12, ""9"": 8, ""10"": 11, ""11"": 6}"
2892,2892,True,,mpeg4\random\mappings\sample_2892_seed_2892.csv,4.829667145018956,325.70800452555,1.0634180728201434,0,0.0001219216,0.0,600000.0,72000.0,1.0495052218963297,0.001130542358378429,True,vec,16,"{""1"": 13, ""2"": 2, ""3"": 8, ""4"": 6, ""5"": 6, ""6"": 1, ""7"": 5, ""8"": 10, ""9"": 13, ""10"": 11, ""11"": 7}"
2893,2893,True,,mpeg4\random\mappings\sample_2893_seed_2893.csv,5.601415789768227,327.32267541434,1.3627969240850932,1,0.0001221179,0.004806875,516000.0,80000.0,1.2117814752885063,0.0011327563723700456,True,vec,16,"{""1"": 7, ""2"": 6, ""3"": 7, ""4"": 11, ""5"": 15, ""6"": 3, ""7"": 4, ""8"": 15, ""9"": 5, ""10"": 0, ""11"": 9}"
2894,2894,True,,mpeg4\random\mappings\sample_2894_seed_2894.csv,5.751100540511642,327.33127534987,1.2685428724719339,1,0.0001223617,0.011980357142856874,560000.0,96000.0,1.2380965434061566,0.0011336004439891803,True,vec,16,"{""1"": 5, ""2"": 12, ""3"": 9, ""4"": 13, ""5"": 15, ""6"": 7, ""7"": 5, ""8"": 13, ""9"": 0, ""10"": 12, ""11"": 6}"
2895,2895,True,,mpeg4\random\mappings\sample_2895_seed_2895.csv,5.0767013521207165,326.01911867615,1.1550579965580396,0,0.0001226268,0.0,600000.0,80000.0,1.2512540774649819,0.001134857119463003,True,vec,16,"{""1"": 3, ""2"": 12, ""3"": 14, ""4"": 5, ""5"": 12, ""6"": 4, ""7"": 10, ""8"": 10, ""9"": 1, ""10"": 7, ""11"": 1}"
2896,2896,True,,mpeg4\random\mappings\sample_2896_seed_2896.csv,4.965563089908983,325.96938388341,1.1394737396529262,0,0.0001216488,0.0,552000.0,64000.0,1.5100189139552096,0.0011290727100175227,True,vec,16,"{""1"": 13, ""2"": 10, ""3"": 4, ""4"": 7, ""5"": 2, ""6"": 2, ""7"": 9, ""8"": 5, ""9"": 7, ""10"": 12, ""11"": 4}"
2897,2897,True,,mpeg4\random\mappings\sample_2897_seed_2897.csv,6.093981399065137,327.22397433719,1.3376332803863349,1,0.000123019685,0.00374375,564000.0,92000.0,2.277541734053343,0.0011381377349308109,True,vec,16,"{""1"": 7, ""2"": 8, ""3"": 3, ""4"": 3, ""5"": 12, ""6"": 7, ""7"": 15, ""8"": 5, ""9"": 7, ""10"": 11, ""11"": 3}"
2898,2898,True,,mpeg4\random\mappings\sample_2898_seed_2898.csv,5.016467797846104,325.92426784105,1.169175990446423,0,0.0001267289,0.0,456000.0,80000.0,1.3258134371316577,0.001156316324668239,True,vec,16,"{""1"": 5, ""2"": 5, ""3"": 2, ""4"": 15, ""5"": 4, ""6"": 12, ""7"": 13, ""8"": 8, ""9"": 1, ""10"": 1, ""11"": 5}"
2899,2899,True,,mpeg4\random\mappings\sample_2899_seed_2899.csv,5.442581965092511,327.42520523979,1.163704290920542,1,0.0001212336,0.024234821428571248,384000.0,72000.0,1.4266878649159838,0.00112653553121205,True,vec,16,"{""1"": 8, ""2"": 10, ""3"": 15, ""4"": 5, ""5"": 9, ""6"": 9, ""7"": 5, ""8"": 12, ""9"": 2, ""10"": 12, ""11"": 13}"
2900,2900,True,,mpeg4\random\mappings\sample_2900_seed_2900.csv,4.778064510932332,326.03944566579,1.108031483607716,0,0.0001218576,0.0,540000.0,60000.0,1.1416079603081055,0.0011299674241536503,True,vec,16,"{""1"": 9, ""2"": 2, ""3"": 0, ""4"": 13, ""5"": 11, ""6"": 5, ""7"": 9, ""8"": 15, ""9"": 2, ""10"": 0, ""11"": 12}"
2901,2901,True,,mpeg4\random\mappings\sample_2901_seed_2901.csv,4.901814414100846,325.95794397532,1.2950032423136104,0,0.0001229238,0.0,412000.0,72000.0,1.1459938049943805,0.0011368046954182743,True,vec,16,"{""1"": 3, ""2"": 10, ""3"": 11, ""4"": 7, ""5"": 15, ""6"": 9, ""7"": 7, ""8"": 6, ""9"": 6, ""10"": 10, ""11"": 2}"
2902,2902,True,,mpeg4\random\mappings\sample_2902_seed_2902.csv,5.216195065537202,325.90602009816,1.1373387980832308,0,0.0001214496,0.0,576000.0,128000.0,0.7424960938570763,0.0011283768472450607,True,vec,16,"{""1"": 7, ""2"": 6, ""3"": 9, ""4"": 4, ""5"": 15, ""6"": 5, ""7"": 1, ""8"": 8, ""9"": 3, ""10"": 15, ""11"": 13}"
2903,2903,True,,mpeg4\random\mappings\sample_2903_seed_2903.csv,5.022758273182558,326.26646739058,1.2125584253381974,0,0.0001220656,0.0,464000.0,80000.0,1.2863408349551821,0.0011310525047337817,True,vec,16,"{""1"": 3, ""2"": 0, ""3"": 10, ""4"": 9, ""5"": 8, ""6"": 13, ""7"": 9, ""8"": 11, ""9"": 12, ""10"": 10, ""11"": 0}"
2904,2904,True,,mpeg4\random\mappings\sample_2904_seed_2904.csv,5.172799586539245,326.62594642533,1.1857621728563674,0,0.0001213517,0.0,476000.0,108000.0,1.0231901537786794,0.0011271284340811823,True,vec,16,"{""1"": 11, ""2"": 9, ""3"": 10, ""4"": 15, ""5"": 8, ""6"": 14, ""7"": 12, ""8"": 2, ""9"": 14, ""10"": 0, ""11"": 9}"
2905,2905,True,,mpeg4\random\mappings\sample_2905_seed_2905.csv,4.4961228138715725,325.82018251875,1.134546462031403,0,0.0001225058,0.0,464000.0,48000.0,0.803897919464927,0.0011332548624759338,True,vec,16,"{""1"": 5, ""2"": 2, ""3"": 13, ""4"": 4, ""5"": 15, ""6"": 8, ""7"": 6, ""8"": 5, ""9"": 0, ""10"": 9, ""11"": 11}"
2906,2906,True,,mpeg4\random\mappings\sample_2906_seed_2906.csv,5.548027109063963,327.33245906787,1.185423498027644,1,0.0001222828,0.025930625,548000.0,72000.0,1.1986239412296813,0.0011334023419268102,True,vec,16,"{""1"": 3, ""2"": 9, ""3"": 4, ""4"": 0, ""5"": 7, ""6"": 9, ""7"": 2, ""8"": 11, ""9"": 10, ""10"": 15, ""11"": 11}"
2907,2907,True,,mpeg4\random\mappings\sample_2907_seed_2907.csv,5.114890390291029,326.87742246465,1.1691051024906816,0,0.0001224428,0.0,596000.0,72000.0,1.2687974562100819,0.0011339414633611616,True,vec,16,"{""1"": 7, ""2"": 1, ""3"": 11, ""4"": 14, ""5"": 4, ""6"": 10, ""7"": 3, ""8"": 6, ""9"": 4, ""10"": 7, ""11"": 4}"
2908,2908,True,,mpeg4\random\mappings\sample_2908_seed_2908.csv,5.695975447751252,327.1570255068,1.1418045932709133,1,0.0001225959,3.875e-05,628000.0,80000.0,1.7687837504454373,0.001134631727599498,True,vec,16,"{""1"": 12, ""2"": 11, ""3"": 13, ""4"": 5, ""5"": 5, ""6"": 1, ""7"": 11, ""8"": 1, ""9"": 13, ""10"": 4, ""11"": 0}"
2909,2909,True,,mpeg4\random\mappings\sample_2909_seed_2909.csv,5.284528247301447,327.21886196549,1.2414058142351692,1,0.0001221048,0.0028462500000000003,392000.0,48000.0,1.6986102354650365,0.0011315326635684584,True,vec,16,"{""1"": 7, ""2"": 13, ""3"": 15, ""4"": 13, ""5"": 7, ""6"": 10, ""7"": 1, ""8"": 7, ""9"": 4, ""10"": 6, ""11"": 3}"
2910,2910,True,,mpeg4\random\mappings\sample_2910_seed_2910.csv,5.063105709657633,325.99652106935,1.1845154523413208,0,0.0001270156,0.0,520000.0,72000.0,1.4003727967983335,0.0011580431351610175,True,vec,16,"{""1"": 0, ""2"": 9, ""3"": 4, ""4"": 11, ""5"": 3, ""6"": 4, ""7"": 14, ""8"": 7, ""9"": 8, ""10"": 8, ""11"": 0}"
2911,2911,True,,mpeg4\random\mappings\sample_2911_seed_2911.csv,5.355693116634607,326.95074406835,1.1627258687737227,0,0.0001224898,0.0,588000.0,96000.0,1.4223020202297085,0.0011340646423944037,True,vec,16,"{""1"": 15, ""2"": 13, ""3"": 2, ""4"": 15, ""5"": 10, ""6"": 4, ""7"": 10, ""8"": 8, ""9"": 0, ""10"": 1, ""11"": 2}"
2912,2912,True,,mpeg4\random\mappings\sample_2912_seed_2912.csv,5.5883061671445,327.3701668466,1.2008262314512246,1,0.0001324428,0.022431944444444372,600000.0,72000.0,0.8302129875825772,0.0011889158280404177,True,vec,16,"{""1"": 1, ""2"": 5, ""3"": 0, ""4"": 15, ""5"": 9, ""6"": 3, ""7"": 10, ""8"": 12, ""9"": 1, ""10"": 10, ""11"": 8}"
2913,2913,True,,mpeg4\random\mappings\sample_2913_seed_2913.csv,5.284298447562107,326.45122826202,1.157916592907028,0,0.0001225148,0.0,600000.0,88000.0,1.5275622927003099,0.0011341067233930863,True,vec,16,"{""1"": 9, ""2"": 3, ""3"": 6, ""4"": 12, ""5"": 7, ""6"": 0, ""7"": 6, ""8"": 6, ""9"": 1, ""10"": 13, ""11"": 4}"
2914,2914,True,,mpeg4\random\mappings\sample_2914_seed_2914.csv,5.416430270447229,327.16452918193,1.2054774420201269,1,0.0001224919,0.00012375,636000.0,84000.0,0.7249527151119761,0.0011345424279661765,True,vec,16,"{""1"": 3, ""2"": 2, ""3"": 14, ""4"": 1, ""5"": 11, ""6"": 8, ""7"": 15, ""8"": 13, ""9"": 5, ""10"": 13, ""11"": 12}"
2915,2915,True,,mpeg4\random\mappings\sample_2915_seed_2915.csv,5.264082908481272,327.24099273166,1.2169270209672836,1,0.0001210516,0.003778219696969687,460000.0,80000.0,0.803897919464927,0.0011257376746705802,True,vec,16,"{""1"": 12, ""2"": 12, ""3"": 11, ""4"": 5, ""5"": 15, ""6"": 6, ""7"": 10, ""8"": 2, ""9"": 8, ""10"": 9, ""11"": 13}"
2916,2916,True,,mpeg4\random\mappings\sample_2916_seed_2916.csv,6.4042738338695075,327.86165476163,1.2299943734015995,2,0.0001219127,0.10017601686507849,584000.0,84000.0,0.988103396288479,0.0011329679451877758,True,vec,16,"{""1"": 15, ""2"": 7, ""3"": 13, ""4"": 0, ""5"": 6, ""6"": 9, ""7"": 1, ""8"": 3, ""9"": 3, ""10"": 5, ""11"": 6}"
2917,2917,True,,mpeg4\random\mappings\sample_2917_seed_2917.csv,5.218859355993979,327.14335455592,1.2338655005134382,0,0.0001224438,0.0,668000.0,88000.0,0.7863545407198268,0.001134662395321436,True,vec,16,"{""1"": 2, ""2"": 15, ""3"": 1, ""4"": 7, ""5"": 4, ""6"": 8, ""7"": 6, ""8"": 0, ""9"": 3, ""10"": 1, ""11"": 11}"
2918,2918,True,,mpeg4\random\mappings\sample_2918_seed_2918.csv,4.976399597737994,326.4123550076,1.2357790476366435,0,0.0001216968,0.0,468000.0,64000.0,1.4223020202297085,0.0011298677144900634,True,vec,16,"{""1"": 1, ""2"": 2, ""3"": 5, ""4"": 0, ""5"": 15, ""6"": 14, ""7"": 5, ""8"": 9, ""9"": 11, ""10"": 7, ""11"": 5}"
2919,2919,True,,mpeg4\random\mappings\sample_2919_seed_2919.csv,5.024372558165817,326.9662497046,1.1831578386250066,0,0.0001217798,0.0,444000.0,60000.0,1.6591376332885612,0.0011301701835220981,True,vec,16,"{""1"": 3, ""2"": 3, ""3"": 4, ""4"": 9, ""5"": 10, ""6"": 6, ""7"": 15, ""8"": 14, ""9"": 3, ""10"": 2, ""11"": 3}"
2920,2920,True,,mpeg4\random\mappings\sample_2920_seed_2920.csv,5.137137961435353,326.01319462757,1.121228332380968,0,0.0001223936,0.0,620000.0,72000.0,1.632822565170911,0.001133458658572108,True,vec,16,"{""1"": 14, ""2"": 0, ""3"": 13, ""4"": 6, ""5"": 10, ""6"": 12, ""7"": 13, ""8"": 10, ""9"": 7, ""10"": 0, ""11"": 6}"
2921,2921,True,,mpeg4\random\mappings\sample_2921_seed_2921.csv,5.792657526834088,326.2277323706,1.269609879073132,0,0.000122734,0.0,684000.0,156000.0,1.0231901537786794,0.0011362611703385483,True,vec,16,"{""1"": 2, ""2"": 15, ""3"": 1, ""4"": 13, ""5"": 0, ""6"": 3, ""7"": 8, ""8"": 7, ""9"": 1, ""10"": 10, ""11"": 15}"
2922,2922,True,,mpeg4\random\mappings\sample_2922_seed_2922.csv,5.275523149069329,325.74761151641,1.1808794680488863,0,0.0001318517,0.0,608000.0,96000.0,1.1372221156218305,0.001185492534233894,True,vec,16,"{""1"": 0, ""2"": 2, ""3"": 4, ""4"": 5, ""5"": 4, ""6"": 3, ""7"": 6, ""8"": 11, ""9"": 14, ""10"": 6, ""11"": 13}"
2923,2923,True,,mpeg4\random\mappings\sample_2923_seed_2923.csv,5.19595667567069,326.50460287177,1.2366444583810203,0,0.0001220347,0.0,500000.0,84000.0,1.466160467092459,0.001131610009752643,True,vec,16,"{""1"": 0, ""2"": 12, ""3"": 3, ""4"": 10, ""5"": 10, ""6"": 14, ""7"": 6, ""8"": 9, ""9"": 7, ""10"": 10, ""11"": 0}"
2924,2924,True,,mpeg4\random\mappings\sample_2924_seed_2924.csv,5.19415230897628,325.74793655014,1.1945262805418617,0,0.0001324748,0.0,520000.0,96000.0,1.09336366875908,0.0011883318390677707,True,vec,16,"{""1"": 12, ""2"": 13, ""3"": 11, ""4"": 10, ""5"": 15, ""6"": 13, ""7"": 6, ""8"": 1, ""9"": 8, ""10"": 6, ""11"": 5}"
2925,2925,True,,mpeg4\random\mappings\sample_2925_seed_2925.csv,4.970442164342351,326.86528542531,1.1871571179770053,0,0.0001224299,0.0,584000.0,72000.0,0.8565280557002275,0.001133749365919289,True,vec,16,"{""1"": 8, ""2"": 14, ""3"": 13, ""4"": 3, ""5"": 2, ""6"": 7, ""7"": 0, ""8"": 10, ""9"": 1, ""10"": 10, ""11"": 1}"
2926,2926,True,,mpeg4\random\mappings\sample_2926_seed_2926.csv,5.594361433874786,325.88664692333,1.3457031780918989,0,0.0001218328,0.0,560000.0,120000.0,1.5758065842493352,0.001131066830991274,True,vec,16,"{""1"": 13, ""2"": 8, ""3"": 15, ""4"": 15, ""5"": 12, ""6"": 12, ""7"": 5, ""8"": 1, ""9"": 9, ""10"": 6, ""11"": 9}"
2927,2927,True,,mpeg4\random\mappings\sample_2927_seed_2927.csv,5.430480068625742,326.75711407142,1.2440429466196106,0,0.0001223069,0.0,620000.0,88000.0,1.6152791864258107,0.0011332651527429132,True,vec,16,"{""1"": 1, ""2"": 6, ""3"": 0, ""4"": 7, ""5"": 11, ""6"": 0, ""7"": 7, ""8"": 1, ""9"": 12, ""10"": 13, ""11"": 10}"
2928,2928,True,,mpeg4\random\mappings\sample_2928_seed_2928.csv,5.932350289181182,325.76817676441,1.1710322729814853,0,0.0001327559,0.0,616000.0,104000.0,2.781913872974973,0.0011900334524121575,True,vec,16,"{""1"": 11, ""2"": 4, ""3"": 1, ""4"": 11, ""5"": 9, ""6"": 12, ""7"": 1, ""8"": 1, ""9"": 1, ""10"": 12, ""11"": 9}"
2929,2929,True,,mpeg4\random\mappings\sample_2929_seed_2929.csv,5.212424103462348,326.23955587059,1.2850696746898493,0,0.0001223099,0.0,584000.0,96000.0,0.9793317069159289,0.0011334853587425253,True,vec,16,"{""1"": 8, ""2"": 0, ""3"": 2, ""4"": 6, ""5"": 12, ""6"": 3, ""7"": 4, ""8"": 8, ""9"": 1, ""10"": 6, ""11"": 7}"
2930,2930,True,,mpeg4\random\mappings\sample_2930_seed_2930.csv,5.774772705181255,327.12786055324,1.290553769932792,0,0.000122746,0.0,792000.0,112000.0,1.356514349935583,0.0011366844924806522,True,vec,16,"{""1"": 15, ""2"": 12, ""3"": 3, ""4"": 15, ""5"": 10, ""6"": 0, ""7"": 14, ""8"": 1, ""9"": 12, ""10"": 8, ""11"": 12}"
2931,2931,True,,mpeg4\random\mappings\sample_2931_seed_2931.csv,5.898904960351805,327.5671825902,1.2439742986255382,1,0.0001221377,0.064196527777775,692000.0,72000.0,1.0056467750335791,0.0011330071518740547,True,vec,16,"{""1"": 10, ""2"": 12, ""3"": 7, ""4"": 7, ""5"": 5, ""6"": 3, ""7"": 1, ""8"": 4, ""9"": 9, ""10"": 8, ""11"": 13}"
2932,2932,True,,mpeg4\random\mappings\sample_2932_seed_2932.csv,6.010083934718313,327.39615917925,1.291408236631794,1,0.0001281369,0.014890909090909375,740000.0,84000.0,1.4398453989748088,0.0011661999506696944,True,vec,16,"{""1"": 11, ""2"": 0, ""3"": 3, ""4"": 1, ""5"": 13, ""6"": 12, ""7"": 11, ""8"": 10, ""9"": 1, ""10"": 1, ""11"": 0}"
2933,2933,True,,mpeg4\random\mappings\sample_2933_seed_2933.csv,5.016672072745648,326.44931995254,1.2110881506318383,0,0.0001227118,0.0,468000.0,84000.0,1.09336366875908,0.001135062947775378,True,vec,16,"{""1"": 9, ""2"": 3, ""3"": 2, ""4"": 1, ""5"": 9, ""6"": 8, ""7"": 1, ""8"": 0, ""9"": 4, ""10"": 10, ""11"": 5}"
2934,2934,True,,mpeg4\random\mappings\sample_2934_seed_2934.csv,5.337359387425597,326.18700267004,1.1927267903339218,0,0.0001320017,0.0,644000.0,100000.0,0.9617883281708286,0.0011866453233595126,True,vec,16,"{""1"": 12, ""2"": 11, ""3"": 15, ""4"": 13, ""5"": 12, ""6"": 10, ""7"": 5, ""8"": 1, ""9"": 3, ""10"": 5, ""11"": 2}"
2935,2935,True,,mpeg4\random\mappings\sample_2935_seed_2935.csv,6.03852915706117,327.28549823235,1.2416942232073325,1,0.0001363887,0.0154425,428000.0,92000.0,2.03193443162194,0.0012089612879649999,True,vec,16,"{""1"": 6, ""2"": 14, ""3"": 14, ""4"": 15, ""5"": 13, ""6"": 6, ""7"": 3, ""8"": 12, ""9"": 15, ""10"": 10, ""11"": 14}"
2936,2936,True,,mpeg4\random\mappings\sample_2936_seed_2936.csv,6.0360578332532935,325.65027465446,1.0849914470707362,0,0.0001498197,0.0,568000.0,92000.0,3.1099750555083467,0.0012808290255066634,True,vec,16,"{""1"": 6, ""2"": 13, ""3"": 13, ""4"": 7, ""5"": 0, ""6"": 13, ""7"": 10, ""8"": 13, ""9"": 5, ""10"": 10, ""11"": 8}"
2937,2937,True,,mpeg4\random\mappings\sample_2937_seed_2937.csv,5.743793271611272,326.94824034828,1.2202600515312176,0,0.0001230761,0.0,752000.0,128000.0,1.2117814752885063,0.0011383043472965946,True,vec,16,"{""1"": 13, ""2"": 11, ""3"": 4, ""4"": 14, ""5"": 11, ""6"": 12, ""7"": 3, ""8"": 8, ""9"": 5, ""10"": 7, ""11"": 4}"
2938,2938,True,,mpeg4\random\mappings\sample_2938_seed_2938.csv,5.794379111026316,327.3749913664,1.2023504924504151,1,0.0001224228,0.01203832236842125,620000.0,104000.0,1.1459938049943805,0.0011343570733198841,True,vec,16,"{""1"": 2, ""2"": 8, ""3"": 6, ""4"": 4, ""5"": 12, ""6"": 10, ""7"": 4, ""8"": 12, ""9"": 11, ""10"": 1, ""11"": 0}"
2939,2939,True,,mpeg4\random\mappings\sample_2939_seed_2939.csv,5.470126780280957,327.19756067314,1.3271655287479216,1,0.0001217677,0.000810625,556000.0,80000.0,0.9223157259943532,0.0011307074428886894,True,vec,16,"{""1"": 15, ""2"": 14, ""3"": 7, ""4"": 11, ""5"": 12, ""6"": 5, ""7"": 8, ""8"": 0, ""9"": 13, ""10"": 14, ""11"": 15}"
2940,2940,True,,mpeg4\random\mappings\sample_2940_seed_2940.csv,5.18047930483059,325.93160603382,1.1384359879449988,0,0.0001329956,0.0,516000.0,88000.0,1.2951125243277322,0.0011910240182614396,True,vec,16,"{""1"": 12, ""2"": 1, ""3"": 15, ""4"": 2, ""5"": 8, ""6"": 6, ""7"": 2, ""8"": 9, ""9"": 9, ""10"": 2, ""11"": 5}"
2941,2941,True,,mpeg4\random\mappings\sample_2941_seed_2941.csv,6.565227943401946,327.67352585674,1.2861856485665062,2,0.0001226279,0.12107667297979688,512000.0,80000.0,1.3082700583865574,0.001136296813125937,True,vec,16,"{""1"": 14, ""2"": 15, ""3"": 2, ""4"": 1, ""5"": 5, ""6"": 13, ""7"": 7, ""8"": 14, ""9"": 4, ""10"": 1, ""11"": 13}"
2942,2942,True,,mpeg4\random\mappings\sample_2942_seed_2942.csv,5.094336055884148,326.97152542611,1.143538396095686,0,0.0001213076,0.0,452000.0,64000.0,1.8477289547983882,0.001126912064492724,True,vec,16,"{""1"": 12, ""2"": 10, ""3"": 7, ""4"": 10, ""5"": 9, ""6"": 10, ""7"": 11, ""8"": 5, ""9"": 15, ""10"": 12, ""11"": 0}"
2943,2943,True,,mpeg4\random\mappings\sample_2943_seed_2943.csv,5.265845319256233,326.24824678615,1.246653221863605,0,0.0001329109,0.0,564000.0,72000.0,1.4398453989748088,0.0011909610386432678,True,vec,16,"{""1"": 0, ""2"": 6, ""3"": 0, ""4"": 10, ""5"": 4, ""6"": 15, ""7"": 8, ""8"": 2, ""9"": 10, ""10"": 8, ""11"": 2}"
2944,2944,True,,mpeg4\random\mappings\sample_2944_seed_2944.csv,5.726823552969884,326.09079372384,1.2959988495463337,0,0.0001221721,0.0,640000.0,136000.0,1.4091444861708835,0.0011334608768575184,True,vec,16,"{""1"": 0, ""2"": 1, ""3"": 3, ""4"": 4, ""5"": 7, ""6"": 0, ""7"": 15, ""8"": 4, ""9"": 6, ""10"": 13, ""11"": 15}"
2945,2945,True,,mpeg4\random\mappings\sample_2945_seed_2945.csv,4.625035785999958,326.02919467891,1.0635498528586471,0,0.0001224907,0.0,456000.0,72000.0,0.7424960938570763,0.001133025071124384,True,vec,16,"{""1"": 9, ""2"": 6, ""3"": 8, ""4"": 7, ""5"": 15, ""6"": 5, ""7"": 10, ""8"": 0, ""9"": 7, ""10"": 4, ""11"": 13}"
2946,2946,True,,mpeg4\random\mappings\sample_2946_seed_2946.csv,4.920280459075242,326.13254526468,1.1469940574179056,0,0.0001328676,0.0,332000.0,48000.0,1.8828157122885887,0.0011895450764508233,True,vec,16,"{""1"": 11, ""2"": 8, ""3"": 5, ""4"": 4, ""5"": 2, ""6"": 4, ""7"": 5, ""8"": 3, ""9"": 5, ""10"": 12, ""11"": 11}"
2947,2947,True,,mpeg4\random\mappings\sample_2947_seed_2947.csv,5.227612866031876,325.94494412699,1.1814964178617196,0,0.0001226598,0.0,496000.0,104000.0,1.3828294180532332,0.0011344954783585135,True,vec,16,"{""1"": 7, ""2"": 14, ""3"": 6, ""4"": 11, ""5"": 14, ""6"": 9, ""7"": 15, ""8"": 10, ""9"": 12, ""10"": 4, ""11"": 14}"
2948,2948,True,,mpeg4\random\mappings\sample_2948_seed_2948.csv,5.928871726602347,327.47967533566,1.2146679833226801,1,0.0001211796,0.028320714285714376,548000.0,84000.0,1.9003590910336887,0.0011273453070637408,True,vec,16,"{""1"": 8, ""2"": 8, ""3"": 15, ""4"": 9, ""5"": 9, ""6"": 2, ""7"": 3, ""8"": 11, ""9"": 8, ""10"": 15, ""11"": 11}"
2949,2949,True,,mpeg4\random\mappings\sample_2949_seed_2949.csv,8.181055578748328,328.74585117526,1.297439703995082,1,0.0001226187,0.41071791666666874,496000.0,88000.0,1.6722951673473863,0.0011380087371702582,True,vec,16,"{""1"": 14, ""2"": 11, ""3"": 0, ""4"": 6, ""5"": 11, ""6"": 1, ""7"": 6, ""8"": 14, ""9"": 14, ""10"": 2, ""11"": 15}"
2950,2950,True,,mpeg4\random\mappings\sample_2950_seed_2950.csv,5.638517387675674,326.16806657798,1.226060875942286,0,0.0001234479,0.0,680000.0,120000.0,1.4968613798963843,0.0011402467999878211,True,vec,16,"{""1"": 10, ""2"": 12, ""3"": 2, ""4"": 0, ""5"": 12, ""6"": 11, ""7"": 1, ""8"": 11, ""9"": 2, ""10"": 13, ""11"": 7}"
2951,2951,True,,mpeg4\random\mappings\sample_2951_seed_2951.csv,6.187801613737787,328.31535182348,1.2115888770950265,1,0.0001213583,0.07485975,580000.0,96000.0,1.2907266796414572,0.0011284161605874918,True,vec,16,"{""1"": 7, ""2"": 14, ""3"": 4, ""4"": 7, ""5"": 11, ""6"": 13, ""7"": 13, ""8"": 1, ""9"": 8, ""10"": 12, ""11"": 12}"
2952,2952,True,,mpeg4\random\mappings\sample_2952_seed_2952.csv,5.082027728001982,325.95138977199,1.247077742974001,0,0.0001226558,0.0,560000.0,84000.0,1.1021353581316302,0.0011355773268938148,True,vec,16,"{""1"": 3, ""2"": 1, ""3"": 10, ""4"": 14, ""5"": 2, ""6"": 15, ""7"": 9, ""8"": 2, ""9"": 7, ""10"": 10, ""11"": 13}"
2953,2953,True,,mpeg4\random\mappings\sample_2953_seed_2953.csv,5.359345988551787,325.85465993005,1.1521330171939863,0,0.0001218916,0.0,544000.0,72000.0,2.4661330555631698,0.0011303676661727632,True,vec,16,"{""1"": 12, ""2"": 2, ""3"": 11, ""4"": 10, ""5"": 11, ""6"": 9, ""7"": 10, ""8"": 11, ""9"": 0, ""10"": 2, ""11"": 9}"
2954,2954,True,,mpeg4\random\mappings\sample_2954_seed_2954.csv,4.8646001457881,326.11810021869,1.0912515635968472,0,0.0001228998,0.0,512000.0,80000.0,0.988103396288479,0.0011358222024706527,True,vec,16,"{""1"": 2, ""2"": 11, ""3"": 4, ""4"": 13, ""5"": 2, ""6"": 10, ""7"": 3, ""8"": 6, ""9"": 5, ""10"": 11, ""11"": 9}"
2955,2955,True,,mpeg4\random\mappings\sample_2955_seed_2955.csv,5.294422991946677,326.12890456942,1.1367821736308559,0,0.0001216817,0.0,604000.0,96000.0,1.5363339820728599,0.0011299095637928387,True,vec,16,"{""1"": 1, ""2"": 8, ""3"": 11, ""4"": 6, ""5"": 13, ""6"": 9, ""7"": 1, ""8"": 11, ""9"": 3, ""10"": 11, ""11"": 7}"
2956,2956,True,,mpeg4\random\mappings\sample_2956_seed_2956.csv,6.435973981673367,327.85534521933,1.338732822611772,2,0.000123178,0.07149289108187432,672000.0,84000.0,1.0144184644061292,0.001140379819123878,True,vec,16,"{""1"": 1, ""2"": 7, ""3"": 10, ""4"": 4, ""5"": 3, ""6"": 12, ""7"": 2, ""8"": 3, ""9"": 0, ""10"": 1, ""11"": 6}"
2957,2957,True,,mpeg4\random\mappings\sample_2957_seed_2957.csv,5.268107675360108,325.42025944745,1.093511610245984,0,0.0001224668,0.0,588000.0,116000.0,1.3345851265042077,0.001133445519835255,True,vec,16,"{""1"": 0, ""2"": 11, ""3"": 10, ""4"": 4, ""5"": 8, ""6"": 11, ""7"": 2, ""8"": 5, ""9"": 14, ""10"": 8, ""11"": 2}"
2958,2958,True,,mpeg4\random\mappings\sample_2958_seed_2958.csv,5.248595894064054,327.15980531499,1.1528354914742367,1,0.0001278147,0.0001548611111111125,444000.0,72000.0,0.9705600175433787,0.0011624922794261916,True,vec,16,"{""1"": 11, ""2"": 3, ""3"": 14, ""4"": 2, ""5"": 10, ""6"": 9, ""7"": 1, ""8"": 12, ""9"": 12, ""10"": 12, ""11"": 7}"
2959,2959,True,,mpeg4\random\mappings\sample_2959_seed_2959.csv,6.059505866204107,327.26698097782,1.2276536640817821,1,0.0001227147,0.0036864825581395624,620000.0,104000.0,1.9968476741317398,0.0011360437172732397,True,vec,16,"{""1"": 10, ""2"": 0, ""3"": 1, ""4"": 13, ""5"": 11, ""6"": 0, ""7"": 2, ""8"": 1, ""9"": 14, ""10"": 1, ""11"": 11}"
2960,2960,True,,mpeg4\random\mappings\sample_2960_seed_2960.csv,5.835065961551613,326.28393820586,1.2520910112336425,0,0.0001319178,0.0,588000.0,92000.0,2.5494641046023956,0.0011857914983013991,True,vec,16,"{""1"": 2, ""2"": 15, ""3"": 15, ""4"": 5, ""5"": 13, ""6"": 3, ""7"": 15, ""8"": 13, ""9"": 0, ""10"": 15, ""11"": 2}"
2961,2961,True,,mpeg4\random\mappings\sample_2961_seed_2961.csv,5.365529893741538,325.76043000828,0.997741083322726,0,0.0001423956,0.0,340000.0,108000.0,1.8784298676023135,0.001240315205926324,True,vec,16,"{""1"": 10, ""2"": 2, ""3"": 4, ""4"": 15, ""5"": 1, ""6"": 10, ""7"": 6, ""8"": 10, ""9"": 6, ""10"": 6, ""11"": 9}"
2962,2962,True,,mpeg4\random\mappings\sample_2962_seed_2962.csv,4.828349716729307,326.452398203,1.2202787138041642,0,0.0001215776,0.0,492000.0,68000.0,0.8740714344453278,0.0011287023465326098,True,vec,16,"{""1"": 4, ""2"": 5, ""3"": 15, ""4"": 10, ""5"": 2, ""6"": 14, ""7"": 13, ""8"": 12, ""9"": 2, ""10"": 4, ""11"": 0}"
2963,2963,True,,mpeg4\random\mappings\sample_2963_seed_2963.csv,5.010901028285796,326.17633671682,1.2039862234004255,0,0.0001224268,0.0,644000.0,64000.0,1.1591513390532058,0.0011342887708011913,True,vec,16,"{""1"": 0, ""2"": 2, ""3"": 12, ""4"": 14, ""5"": 7, ""6"": 6, ""7"": 15, ""8"": 4, ""9"": 12, ""10"": 7, ""11"": 15}"
2964,2964,True,,mpeg4\random\mappings\sample_2964_seed_2964.csv,5.515040489823292,326.4270729685,1.2453753182062934,0,0.0001218587,0.0,632000.0,136000.0,0.8512650420766975,0.0011312178002695404,True,vec,16,"{""1"": 1, ""2"": 3, ""3"": 6, ""4"": 12, ""5"": 13, ""6"": 0, ""7"": 2, ""8"": 3, ""9"": 14, ""10"": 4, ""11"": 11}"
2965,2965,True,,mpeg4\random\mappings\sample_2965_seed_2965.csv,4.832411944764268,326.99850114599,1.2082993025410322,0,0.0001211677,0.0,364000.0,64000.0,1.1986239412296813,0.0011258692886474185,True,vec,16,"{""1"": 6, ""2"": 6, ""3"": 11, ""4"": 5, ""5"": 0, ""6"": 9, ""7"": 4, ""8"": 1, ""9"": 9, ""10"": 0, ""11"": 2}"
2966,2966,True,,mpeg4\random\mappings\sample_2966_seed_2966.csv,5.633380202138919,327.19983965651,1.1784021854500437,1,0.0001222176,0.0017673611111111251,648000.0,100000.0,0.9793317069159289,0.001132590772907497,True,vec,16,"{""1"": 14, ""2"": 0, ""3"": 15, ""4"": 13, ""5"": 6, ""6"": 9, ""7"": 5, ""8"": 1, ""9"": 8, ""10"": 6, ""11"": 1}"
2967,2967,True,,mpeg4\random\mappings\sample_2967_seed_2967.csv,5.333424079913098,326.00129116234,1.2565624098279897,0,0.0001217918,0.0,672000.0,72000.0,1.7775554398179874,0.0011307836417204801,True,vec,16,"{""1"": 3, ""2"": 5, ""3"": 5, ""4"": 12, ""5"": 10, ""6"": 7, ""7"": 1, ""8"": 12, ""9"": 15, ""10"": 2, ""11"": 12}"
2968,2968,True,,mpeg4\random\mappings\sample_2968_seed_2968.csv,5.200152497251834,327.28305985927,1.2498935441559758,1,0.0001230957,0.0204655,428000.0,56000.0,0.8302129875825772,0.0011374274097455718,True,vec,16,"{""1"": 1, ""2"": 14, ""3"": 12, ""4"": 13, ""5"": 11, ""6"": 10, ""7"": 13, ""8"": 0, ""9"": 9, ""10"": 6, ""11"": 8}"
2969,2969,True,,mpeg4\random\mappings\sample_2969_seed_2969.csv,5.6966890801830825,327.32322501951,1.2792058989545045,1,0.0001215602,0.0167340277777775,368000.0,72000.0,2.0757928784846906,0.0011288633868481589,True,vec,16,"{""1"": 7, ""2"": 0, ""3"": 8, ""4"": 4, ""5"": 4, ""6"": 6, ""7"": 6, ""8"": 4, ""9"": 15, ""10"": 10, ""11"": 7}"
2970,2970,True,,mpeg4\random\mappings\sample_2970_seed_2970.csv,5.032803930123168,326.25688453894,1.2271782059945189,0,0.0001221679,0.0,524000.0,80000.0,1.1196787368767303,0.0011320715904896805,True,vec,16,"{""1"": 12, ""2"": 4, ""3"": 14, ""4"": 4, ""5"": 3, ""6"": 7, ""7"": 13, ""8"": 12, ""9"": 10, ""10"": 1, ""11"": 6}"
2971,2971,True,,mpeg4\random\mappings\sample_2971_seed_2971.csv,4.694699601576194,326.27229724685,1.1948491896518416,0,0.0001218607,0.0,448000.0,64000.0,0.803897919464927,0.001130198108354725,True,vec,16,"{""1"": 1, ""2"": 2, ""3"": 13, ""4"": 15, ""5"": 6, ""6"": 11, ""7"": 3, ""8"": 0, ""9"": 12, ""10"": 10, ""11"": 2}"
2972,2972,True,,mpeg4\random\mappings\sample_2972_seed_2972.csv,5.293507369276308,326.41741450165,1.2533222066076413,0,0.0001214828,0.0,564000.0,88000.0,1.4880896905238343,0.0011290622420565275,True,vec,16,"{""1"": 2, ""2"": 3, ""3"": 3, ""4"": 6, ""5"": 9, ""6"": 15, ""7"": 6, ""8"": 13, ""9"": 5, ""10"": 7, ""11"": 9}"
2973,2973,True,,mpeg4\random\mappings\sample_2973_seed_2973.csv,5.71867346207461,327.28880977394,1.401930628338218,1,0.0001206397,0.012407083333333124,412000.0,80000.0,1.6810668567199365,0.001124607944554474,True,vec,16,"{""1"": 13, ""2"": 13, ""3"": 0, ""4"": 4, ""5"": 0, ""6"": 4, ""7"": 12, ""8"": 8, ""9"": 11, ""10"": 9, ""11"": 5}"
2974,2974,True,,mpeg4\random\mappings\sample_2974_seed_2974.csv,4.589874758450506,326.04418468475,1.2139954146394114,0,0.0001218396,0.0,472000.0,48000.0,0.8302129875825772,0.001130064287887667,True,vec,16,"{""1"": 1, ""2"": 6, ""3"": 3, ""4"": 5, ""5"": 0, ""6"": 8, ""7"": 12, ""8"": 13, ""9"": 2, ""10"": 14, ""11"": 0}"
2975,2975,True,,mpeg4\random\mappings\sample_2975_seed_2975.csv,5.160746684569071,326.10351833127,1.2041132497582383,0,0.0001222199,0.0,636000.0,88000.0,1.09336366875908,0.0011329365978923513,True,vec,16,"{""1"": 12, ""2"": 4, ""3"": 2, ""4"": 11, ""5"": 13, ""6"": 9, ""7"": 3, ""8"": 1, ""9"": 14, ""10"": 1, ""11"": 1}"
2976,2976,True,,mpeg4\random\mappings\sample_2976_seed_2976.csv,5.352286081652227,326.41605640823,1.2664307902850076,0,0.0001207468,0.0,432000.0,80000.0,2.1898248403278417,0.0011243706359760765,True,vec,16,"{""1"": 9, ""2"": 9, ""3"": 10, ""4"": 15, ""5"": 15, ""6"": 15, ""7"": 6, ""8"": 14, ""9"": 1, ""10"": 14, ""11"": 2}"
2977,2977,True,,mpeg4\random\mappings\sample_2977_seed_2977.csv,5.116472509463,325.95860584417,1.1744375363500144,0,0.0001219048,0.0,584000.0,64000.0,1.7687837504454373,0.0011311237691427104,True,vec,16,"{""1"": 14, ""2"": 4, ""3"": 4, ""4"": 2, ""5"": 15, ""6"": 2, ""7"": 9, ""8"": 9, ""9"": 3, ""10"": 11, ""11"": 3}"
2978,2978,True,,mpeg4\random\mappings\sample_2978_seed_2978.csv,5.184271891203657,326.4143738393,1.1543613369519308,0,0.0001276768,0.0,484000.0,84000.0,1.4872125215865792,0.0011621786193577606,True,vec,16,"{""1"": 4, ""2"": 10, ""3"": 14, ""4"": 11, ""5"": 6, ""6"": 8, ""7"": 4, ""8"": 10, ""9"": 11, ""10"": 11, ""11"": 1}"
2979,2979,True,,mpeg4\random\mappings\sample_2979_seed_2979.csv,5.50553399731433,326.23321761426,1.3781004780815118,0,0.0001206118,0.0,512000.0,56000.0,2.764370494229873,0.0011246760520605848,True,vec,16,"{""1"": 4, ""2"": 12, ""3"": 15, ""4"": 5, ""5"": 15, ""6"": 15, ""7"": 3, ""8"": 14, ""9"": 15, ""10"": 12, ""11"": 11}"
2980,2980,True,,mpeg4\random\mappings\sample_2980_seed_2980.csv,5.028978729501025,325.93838222106,1.3222583215189474,0,0.000122065,0.0,480000.0,72000.0,1.2994983690140074,0.0011318562978563011,True,vec,16,"{""1"": 4, ""2"": 6, ""3"": 1, ""4"": 2, ""5"": 11, ""6"": 3, ""7"": 13, ""8"": 2, ""9"": 9, ""10"": 3, ""11"": 4}"
2981,2981,True,,mpeg4\random\mappings\sample_2981_seed_2981.csv,6.057457287789044,327.61588276367,1.1656248284251782,1,0.0001328427,0.06662666666666875,344000.0,60000.0,2.413502919327869,0.0011900871906430548,True,vec,16,"{""1"": 4, ""2"": 2, ""3"": 4, ""4"": 2, ""5"": 9, ""6"": 11, ""7"": 9, ""8"": 4, ""9"": 9, ""10"": 7, ""11"": 0}"
2982,2982,True,,mpeg4\random\mappings\sample_2982_seed_2982.csv,4.993016203560727,327.0165528681,1.1845543629627548,0,0.0001216756,0.0,488000.0,84000.0,0.8960006578767029,0.001129285976349069,True,vec,16,"{""1"": 10, ""2"": 5, ""3"": 15, ""4"": 7, ""5"": 9, ""6"": 11, ""7"": 15, ""8"": 2, ""9"": 14, ""10"": 8, ""11"": 12}"
2983,2983,True,,mpeg4\random\mappings\sample_2983_seed_2983.csv,5.025465794112682,326.36747193583,1.1559174356012933,0,0.0001212548,0.0,540000.0,84000.0,1.1196787368767303,0.001126803744681299,True,vec,16,"{""1"": 11, ""2"": 11, ""3"": 14, ""4"": 8, ""5"": 9, ""6"": 2, ""7"": 4, ""8"": 9, ""9"": 13, ""10"": 5, ""11"": 12}"
2984,2984,True,,mpeg4\random\mappings\sample_2984_seed_2984.csv,6.014432009492186,326.80357616473,1.3208576627084638,0,0.0001316609,0.0,464000.0,96000.0,3.0055919519750005,0.001184443464396418,True,vec,16,"{""1"": 3, ""2"": 3, ""3"": 3, ""4"": 3, ""5"": 4, ""6"": 1, ""7"": 11, ""8"": 6, ""9"": 8, ""10"": 11, ""11"": 11}"
2985,2985,True,,mpeg4\random\mappings\sample_2985_seed_2985.csv,5.432008128834544,327.12476086868,1.2412278678879987,0,0.000122536,0.0,608000.0,92000.0,1.4486170883473588,0.001135335411970645,True,vec,16,"{""1"": 11, ""2"": 15, ""3"": 1, ""4"": 5, ""5"": 10, ""6"": 15, ""7"": 1, ""8"": 7, ""9"": 7, ""10"": 3, ""11"": 8}"
2986,2986,True,,mpeg4\random\mappings\sample_2986_seed_2986.csv,5.4201976972170005,325.66499603712,1.1551917132616705,0,0.0001222197,0.0,624000.0,120000.0,1.3784435733669582,0.0011325552496347455,True,vec,16,"{""1"": 3, ""2"": 13, ""3"": 9, ""4"": 7, ""5"": 11, ""6"": 3, ""7"": 11, ""8"": 10, ""9"": 6, ""10"": 9, ""11"": 4}"
2987,2987,True,,mpeg4\random\mappings\sample_2987_seed_2987.csv,6.435784385932534,327.19744784048,1.250890646083105,1,0.0001218437,0.0010479910714285626,796000.0,120000.0,2.268770044680793,0.0011320957680809299,True,vec,16,"{""1"": 0, ""2"": 15, ""3"": 10, ""4"": 0, ""5"": 11, ""6"": 5, ""7"": 2, ""8"": 11, ""9"": 11, ""10"": 15, ""11"": 11}"
2988,2988,True,,mpeg4\random\mappings\sample_2988_seed_2988.csv,6.040752947873854,326.74945391172,1.3244899773953003,0,0.0001355165,0.0,564000.0,104000.0,2.5056056577396455,0.0012044340201278522,True,vec,16,"{""1"": 2, ""2"": 3, ""3"": 3, ""4"": 6, ""5"": 14, ""6"": 0, ""7"": 0, ""8"": 14, ""9"": 14, ""10"": 15, ""11"": 3}"
2989,2989,True,,mpeg4\random\mappings\sample_2989_seed_2989.csv,5.023884144824541,326.37698086627,1.2447688714603213,0,0.0001213236,0.0,380000.0,56000.0,1.9793042953866395,0.0011275536776859812,True,vec,16,"{""1"": 10, ""2"": 4, ""3"": 4, ""4"": 4, ""5"": 14, ""6"": 15, ""7"": 14, ""8"": 6, ""9"": 7, ""10"": 11, ""11"": 3}"
2990,2990,True,,mpeg4\random\mappings\sample_2990_seed_2990.csv,5.684623562525012,326.08569935631,1.1704666769945897,0,0.0001360398,0.0,604000.0,64000.0,2.8082289410926236,0.0012062178455613509,True,vec,16,"{""1"": 2, ""2"": 15, ""3"": 4, ""4"": 11, ""5"": 6, ""6"": 15, ""7"": 12, ""8"": 4, ""9"": 4, ""10"": 15, ""11"": 4}"
2991,2991,True,,mpeg4\random\mappings\sample_2991_seed_2991.csv,6.1445685720644105,327.2032352793,1.2552437088311985,1,0.0001363518,0.002129861111111125,520000.0,72000.0,2.7424412707984978,0.0012086334688969577,True,vec,16,"{""1"": 13, ""2"": 0, ""3"": 1, ""4"": 7, ""5"": 1, ""6"": 11, ""7"": 13, ""8"": 1, ""9"": 9, ""10"": 15, ""11"": 1}"
2992,2992,True,,mpeg4\random\mappings\sample_2992_seed_2992.csv,5.479966925339513,326.39413195513,1.338361096532112,0,0.0001217279,0.0,528000.0,96000.0,1.746854527014062,0.00113020381109849,True,vec,16,"{""1"": 0, ""2"": 0, ""3"": 8, ""4"": 3, ""5"": 15, ""6"": 0, ""7"": 13, ""8"": 2, ""9"": 8, ""10"": 4, ""11"": 9}"
2993,2993,True,,mpeg4\random\mappings\sample_2993_seed_2993.csv,5.377421631562348,325.87795368163,1.1564435824108952,0,0.0001222789,0.0,600000.0,88000.0,1.9749184507003645,0.0011329290878910033,True,vec,16,"{""1"": 15, ""2"": 12, ""3"": 13, ""4"": 1, ""5"": 7, ""6"": 13, ""7"": 0, ""8"": 11, ""9"": 11, ""10"": 13, ""11"": 1}"
2994,2994,True,,mpeg4\random\mappings\sample_2994_seed_2994.csv,5.365089726392328,326.33747097176,1.2599207580854366,0,0.0001214036,0.0,520000.0,104000.0,1.461774622406184,0.0011282975141506215,True,vec,16,"{""1"": 13, ""2"": 10, ""3"": 6, ""4"": 14, ""5"": 8, ""6"": 15, ""7"": 14, ""8"": 15, ""9"": 2, ""10"": 1, ""11"": 10}"
2995,2995,True,,mpeg4\random\mappings\sample_2995_seed_2995.csv,5.1755122302985415,326.7668541895,1.2087914319063844,0,0.0001218438,0.0,536000.0,92000.0,1.1196787368767303,0.0011301830357235733,True,vec,16,"{""1"": 11, ""2"": 4, ""3"": 8, ""4"": 10, ""5"": 4, ""6"": 12, ""7"": 15, ""8"": 11, ""9"": 1, ""10"": 0, ""11"": 13}"
2996,2996,True,,mpeg4\random\mappings\sample_2996_seed_2996.csv,5.395943249169572,326.30818506448,1.1062564676147677,0,0.0001323476,0.0,552000.0,112000.0,1.2468682327787066,0.0011877095198867987,True,vec,16,"{""1"": 6, ""2"": 2, ""3"": 4, ""4"": 15, ""5"": 3, ""6"": 4, ""7"": 5, ""8"": 9, ""9"": 5, ""10"": 7, ""11"": 12}"
2997,2997,True,,mpeg4\random\mappings\sample_2997_seed_2997.csv,5.317162746118604,326.05423720724,1.2197004815648733,0,0.0001216918,0.0,680000.0,80000.0,1.5977358076807104,0.001129945269778912,True,vec,16,"{""1"": 1, ""2"": 7, ""3"": 15, ""4"": 8, ""5"": 4, ""6"": 11, ""7"": 2, ""8"": 1, ""9"": 1, ""10"": 4, ""11"": 11}"
2998,2998,True,,mpeg4\random\mappings\sample_2998_seed_2998.csv,4.974814301959166,325.70641930488,1.165036696088596,0,0.0001220978,0.0,480000.0,72000.0,1.5582632055042351,0.0011311928433434743,True,vec,16,"{""1"": 12, ""2"": 2, ""3"": 9, ""4"": 2, ""5"": 13, ""6"": 13, ""7"": 6, ""8"": 4, ""9"": 8, ""10"": 15, ""11"": 4}"
2999,2999,True,,mpeg4\random\mappings\sample_2999_seed_2999.csv,4.775420488976645,325.9815771042,1.0531466135626373,0,0.0001320867,0.0,352000.0,64000.0,1.3345851265042077,0.0011850239858864063,True,vec,16,"{""1"": 8, ""2"": 10, ""3"": 6, ""4"": 0, ""5"": 5, ""6"": 5, ""7"": 7, ""8"": 1, ""9"": 7, ""10"": 9, ""11"": 8}"
