workload,method,method_family,source_root,ablation,seed,seed_type,selection_policy,metrics_path,history_path,reference_source_path,source_objective_name,source_objective_weights,stored_TR2_composite_cost,full_objective_comparable_score,run_ok,valid_for_cost,failure_reason,temperature_source,parsed_pe_count,valid,validity_notes,T_max_C,sigma_T_K,N_hot,makespan_us,DVFS_penalty_pct,comm_cost,congestion_proxy,load_imbalance,total_PE_optical_energy_mJ,T_max_K,makespan_s,eta_dvfs_pct,raw_comm_cost,raw_congestion_cost,raw_load_imbalance,pe_optical_comm_energy_J,f_thermal,f_sigma,f_hot,f_makespan,f_comm,f_congestion,f_dvfs,f_load,f_energy,history_rows,history_schema,history_all_best_fitness_infinite,history_best_inf_gens,history_avg_inf_gens,history_worst_inf_gens,configured_generations,actual_generations,converged,elapsed_s,requested_samples,sample_id,sample_seed,mapping_csv
GEMM,ReferenceMapping,reference_mapping,B-2-v4,,40,ga_seed,,D:\HNOCS\out\experimental results\B-2-v4\seed_40\gen_60\gemm\metrics.json,D:\HNOCS\out\experimental results\B-2-v4\seed_40\gen_60\gemm\history.json,D:\HNOCS\out\experimental results\B-2-v4\seed_40\gen_60\gemm\metrics.json,baseline_normalized_v2,w_T=1.0;w_sigma=1.0;w_hot=0.6;w_makespan=1.2;w_H=0.4;w_congestion=0.7;w_D=0.4;w_L=0.2;w_E=0.5,6.000000000000001,6.000000000000001,True,True,,vec,16,True,,54.93421735578005,2.1434761400252804,6.0,120.405,1.8350526805555563,104448.0,22528.0,0.9202539178734378,1.5708734939939561,328.08421735578,0.000120405,1.8350526805555563,104448.0,22528.0,0.9202539178734378,0.0015708734939939562,1.0,1.0,1.0,1.0,1.0,1.0,1.0,1.0,1.0,60,ga,False,0,0,0,60,60,False,83.54764350038022,,,,
GEMM,Full-GA,proposed,B-2-v4,,40,ga_seed,,D:\HNOCS\out\experimental results\B-2-v4\seed_40\gen_60\gemm\metrics.json,D:\HNOCS\out\experimental results\B-2-v4\seed_40\gen_60\gemm\history.json,D:\HNOCS\out\experimental results\B-2-v4\seed_40\gen_60\gemm\metrics.json,baseline_normalized_v2,w_T=1.0;w_sigma=1.0;w_hot=0.6;w_makespan=1.2;w_H=0.4;w_congestion=0.7;w_D=0.4;w_L=0.2;w_E=0.5,3.7756299369185338,3.7756299369185338,True,True,,vec,16,True,,53.20354868684001,1.3099701471744862,0.0,116.7588,0.0,68608.0,8192.0,0.8059908748264233,1.5161495975444554,326.35354868684,0.0001167588,0.0,68608.0,8192.0,0.8059908748264233,0.0015161495975444554,0.8257871146806465,0.6111428640204207,0.0,0.9697172044350317,0.6568627450980392,0.36363636363636365,0.0,0.8758353093339082,0.9651633968879537,60,ga,False,0,0,0,60,60,False,83.54764350038022,,,,
MPEG4,ReferenceMapping,reference_mapping,B-2-v4,,40,ga_seed,,D:\HNOCS\out\experimental results\B-2-v4\seed_40\gen_60\mpeg4\metrics.json,D:\HNOCS\out\experimental results\B-2-v4\seed_40\gen_60\mpeg4\history.json,D:\HNOCS\out\experimental results\B-2-v4\seed_40\gen_60\mpeg4\metrics.json,baseline_normalized_v2,w_T=1.0;w_sigma=1.0;w_hot=0.6;w_makespan=1.2;w_H=0.4;w_congestion=0.7;w_D=0.4;w_L=0.2;w_E=0.5,6.000000000000001,6.000000000000001,True,True,,vec,16,True,,54.44663874680003,1.3003837749577485,2.0,122.06989999999999,0.07168423611111063,420000.0,88000.0,0.5670623064060744,1.1328804365769536,327.5966387468,0.0001220699,0.07168423611111063,420000.0,88000.0,0.5670623064060744,0.0011328804365769536,1.0,1.0,1.0,1.0,1.0,1.0,1.0,1.0,1.0,28,ga,False,0,0,0,60,28,True,39.99079190008342,,,,
MPEG4,Full-GA,proposed,B-2-v4,,40,ga_seed,,D:\HNOCS\out\experimental results\B-2-v4\seed_40\gen_60\mpeg4\metrics.json,D:\HNOCS\out\experimental results\B-2-v4\seed_40\gen_60\mpeg4\history.json,D:\HNOCS\out\experimental results\B-2-v4\seed_40\gen_60\mpeg4\metrics.json,baseline_normalized_v2,w_T=1.0;w_sigma=1.0;w_hot=0.6;w_makespan=1.2;w_H=0.4;w_congestion=0.7;w_D=0.4;w_L=0.2;w_E=0.5,4.242777663082553,4.242777663082553,True,True,,vec,16,True,,52.05575244872,1.0802911596729816,0.0,122.34759999999999,0.0,400000.0,48000.0,0.5670623064060744,1.1320264694293614,325.20575244872,0.0001223476,0.0,400000.0,48000.0,0.5670623064060744,0.0011320264694293614,0.746906136440337,0.8307479533940525,0.0,1.0022749260874302,0.9523809523809523,0.5454545454545454,0.0,1.0,0.9992461983453678,28,ga,False,0,0,0,60,28,True,39.99079190008342,,,,
VOPD,ReferenceMapping,reference_mapping,B-2-v4,,40,ga_seed,,D:\HNOCS\out\experimental results\B-2-v4\seed_40\gen_60\vopd\metrics.json,D:\HNOCS\out\experimental results\B-2-v4\seed_40\gen_60\vopd\history.json,D:\HNOCS\out\experimental results\B-2-v4\seed_40\gen_60\vopd\metrics.json,baseline_normalized_v2,w_T=1.0;w_sigma=1.0;w_hot=0.6;w_makespan=1.2;w_H=0.4;w_congestion=0.7;w_D=0.4;w_L=0.2;w_E=0.5,5.0,5.0,True,True,,vec,16,True,,52.22271921261,0.9870939912641029,0.0,89.3329,0.0,1396000.0,252000.0,0.35802469135802467,0.7507385223064373,325.37271921261,8.93329e-05,0.0,1396000.0,252000.0,0.35802469135802467,0.0007507385223064374,1.0,1.0,0.0,1.0,1.0,1.0,0.0,1.0,1.0,24,ga,False,0,14,14,60,24,True,387.18333609960973,,,,
VOPD,Full-GA,proposed,B-2-v4,,40,ga_seed,,D:\HNOCS\out\experimental results\B-2-v4\seed_40\gen_60\vopd\metrics.json,D:\HNOCS\out\experimental results\B-2-v4\seed_40\gen_60\vopd\history.json,D:\HNOCS\out\experimental results\B-2-v4\seed_40\gen_60\vopd\metrics.json,baseline_normalized_v2,w_T=1.0;w_sigma=1.0;w_hot=0.6;w_makespan=1.2;w_H=0.4;w_congestion=0.7;w_D=0.4;w_L=0.2;w_E=0.5,4.535907040207907,4.535907040207907,True,True,,vec,16,True,,52.37165727272003,0.9088410564189721,0.0,88.51270000000001,0.0,1138000.0,138000.0,0.35802469135802467,0.7449911268570046,325.52165727272,8.85127e-05,0.0,1138000.0,138000.0,0.35802469135802467,0.0007449911268570047,1.0206207739392663,0.9207239274702527,0.0,0.9908186121798352,0.8151862464183381,0.5476190476190477,0.0,1.0,0.9923443445638364,24,ga,False,0,14,14,60,24,True,387.18333609960973,,,,
HNN,ReferenceMapping,reference_mapping,B-2-v4,,40,ga_seed,,D:\HNOCS\out\experimental results\B-2-v4\seed_40\gen_60\hnn\metrics.json,D:\HNOCS\out\experimental results\B-2-v4\seed_40\gen_60\hnn\history.json,D:\HNOCS\out\experimental results\B-2-v4\seed_40\gen_60\hnn\metrics.json,baseline_normalized_v2,w_T=1.0;w_sigma=1.0;w_hot=0.6;w_makespan=1.2;w_H=0.4;w_congestion=0.7;w_D=0.4;w_L=0.2;w_E=0.5,6.000000000000001,6.000000000000001,True,True,,vec,16,True,,55.66757624162,2.454372247071413,16.0,203.177525,11.14198573637825,2195456.0,163840.0,0.3028095733610822,4.651317011228462,328.81757624162,0.000203177525,11.14198573637825,2195456.0,163840.0,0.3028095733610822,0.004651317011228462,1.0,1.0,1.0,1.0,1.0,1.0,1.0,1.0,1.0,56,ga,False,0,0,0,60,56,True,127.62497629970312,,,,
HNN,Full-GA,proposed,B-2-v4,,40,ga_seed,,D:\HNOCS\out\experimental results\B-2-v4\seed_40\gen_60\hnn\metrics.json,D:\HNOCS\out\experimental results\B-2-v4\seed_40\gen_60\hnn\history.json,D:\HNOCS\out\experimental results\B-2-v4\seed_40\gen_60\hnn\metrics.json,baseline_normalized_v2,w_T=1.0;w_sigma=1.0;w_hot=0.6;w_makespan=1.2;w_H=0.4;w_congestion=0.7;w_D=0.4;w_L=0.2;w_E=0.5,5.04699018190069,5.04699018190069,True,True,,vec,16,True,,55.52869560405003,1.7455646610546751,5.0,246.09259999999998,0.5917053333333313,1736704.0,147456.0,0.3881373569198751,4.500817049650222,328.67869560405,0.0002460926,0.5917053333333313,1736704.0,147456.0,0.3881373569198751,0.004500817049650222,0.9869810503881734,0.7112061600018108,0.3125,1.2112195972462996,0.7910447761194029,0.9,0.053105913733261303,1.281786941580756,0.9676435811158588,56,ga,False,0,0,0,60,56,True,127.62497629970312,,,,
GEMM,ReferenceMapping,reference_mapping,B-2-v4,,41,ga_seed,,D:\HNOCS\out\experimental results\B-2-v4\seed_41\gen_60\gemm\metrics.json,D:\HNOCS\out\experimental results\B-2-v4\seed_41\gen_60\gemm\history.json,D:\HNOCS\out\experimental results\B-2-v4\seed_41\gen_60\gemm\metrics.json,baseline_normalized_v2,w_T=1.0;w_sigma=1.0;w_hot=0.6;w_makespan=1.2;w_H=0.4;w_congestion=0.7;w_D=0.4;w_L=0.2;w_E=0.5,6.000000000000001,6.000000000000001,True,True,,vec,16,True,,54.93421735578005,2.1434761400252804,6.0,120.405,1.8350526805555563,104448.0,22528.0,0.9202539178734378,1.5708734939939561,328.08421735578,0.000120405,1.8350526805555563,104448.0,22528.0,0.9202539178734378,0.0015708734939939562,1.0,1.0,1.0,1.0,1.0,1.0,1.0,1.0,1.0,29,ga,False,0,0,0,60,29,True,40.45462219975889,,,,
GEMM,Full-GA,proposed,B-2-v4,,41,ga_seed,,D:\HNOCS\out\experimental results\B-2-v4\seed_41\gen_60\gemm\metrics.json,D:\HNOCS\out\experimental results\B-2-v4\seed_41\gen_60\gemm\history.json,D:\HNOCS\out\experimental results\B-2-v4\seed_41\gen_60\gemm\metrics.json,baseline_normalized_v2,w_T=1.0;w_sigma=1.0;w_hot=0.6;w_makespan=1.2;w_H=0.4;w_congestion=0.7;w_D=0.4;w_L=0.2;w_E=0.5,3.795969112228902,3.795969112228902,True,True,,vec,16,True,,53.314869881670006,1.378840605050179,0.0,116.7927,0.0,62464.0,8192.0,0.8059908748264233,1.5167610670843386,326.46486988167,0.0001167927,0.0,62464.0,8192.0,0.8059908748264233,0.0015167610670843385,0.8369929491055624,0.6432731297087901,0.0,0.9699987542045596,0.5980392156862745,0.36363636363636365,0.0,0.8758353093339082,0.9655526513646643,29,ga,False,0,0,0,60,29,True,40.45462219975889,,,,
MPEG4,ReferenceMapping,reference_mapping,B-2-v4,,41,ga_seed,,D:\HNOCS\out\experimental results\B-2-v4\seed_41\gen_60\mpeg4\metrics.json,D:\HNOCS\out\experimental results\B-2-v4\seed_41\gen_60\mpeg4\history.json,D:\HNOCS\out\experimental results\B-2-v4\seed_41\gen_60\mpeg4\metrics.json,baseline_normalized_v2,w_T=1.0;w_sigma=1.0;w_hot=0.6;w_makespan=1.2;w_H=0.4;w_congestion=0.7;w_D=0.4;w_L=0.2;w_E=0.5,6.000000000000001,6.000000000000001,True,True,,vec,16,True,,54.44663874680003,1.3003837749577485,2.0,122.06989999999999,0.07168423611111063,420000.0,88000.0,0.5670623064060744,1.1328804365769536,327.5966387468,0.0001220699,0.07168423611111063,420000.0,88000.0,0.5670623064060744,0.0011328804365769536,1.0,1.0,1.0,1.0,1.0,1.0,1.0,1.0,1.0,57,ga,False,0,0,0,60,57,True,81.56840349920094,,,,
MPEG4,Full-GA,proposed,B-2-v4,,41,ga_seed,,D:\HNOCS\out\experimental results\B-2-v4\seed_41\gen_60\mpeg4\metrics.json,D:\HNOCS\out\experimental results\B-2-v4\seed_41\gen_60\mpeg4\history.json,D:\HNOCS\out\experimental results\B-2-v4\seed_41\gen_60\mpeg4\metrics.json,baseline_normalized_v2,w_T=1.0;w_sigma=1.0;w_hot=0.6;w_makespan=1.2;w_H=0.4;w_congestion=0.7;w_D=0.4;w_L=0.2;w_E=0.5,4.097180119498511,4.097180119498511,True,True,,vec,16,True,,51.89690268668005,1.0422940592580014,0.0,121.5296,0.0,300000.0,40000.0,0.7644253172884515,1.1269164285558106,325.04690268668,0.0001215296,0.0,300000.0,40000.0,0.7644253172884515,0.0011269164285558106,0.7300906567445818,0.8015280406677384,0.0,0.9955738474431453,0.7142857142857143,0.45454545454545453,0.0,1.3480446657321024,0.9947355362237841,57,ga,False,0,0,0,60,57,True,81.56840349920094,,,,
VOPD,ReferenceMapping,reference_mapping,B-2-v4,,41,ga_seed,,D:\HNOCS\out\experimental results\B-2-v4\seed_41\gen_60\vopd\metrics.json,D:\HNOCS\out\experimental results\B-2-v4\seed_41\gen_60\vopd\history.json,D:\HNOCS\out\experimental results\B-2-v4\seed_41\gen_60\vopd\metrics.json,baseline_normalized_v2,w_T=1.0;w_sigma=1.0;w_hot=0.6;w_makespan=1.2;w_H=0.4;w_congestion=0.7;w_D=0.4;w_L=0.2;w_E=0.5,5.0,5.0,True,True,,vec,16,True,,52.22271921261,0.9870939912641029,0.0,89.3329,0.0,1396000.0,252000.0,0.35802469135802467,0.7507385223064373,325.37271921261,8.93329e-05,0.0,1396000.0,252000.0,0.35802469135802467,0.0007507385223064374,1.0,1.0,0.0,1.0,1.0,1.0,0.0,1.0,1.0,40,ga,False,0,27,27,60,40,True,782.9763357006013,,,,
VOPD,Full-GA,proposed,B-2-v4,,41,ga_seed,,D:\HNOCS\out\experimental results\B-2-v4\seed_41\gen_60\vopd\metrics.json,D:\HNOCS\out\experimental results\B-2-v4\seed_41\gen_60\vopd\history.json,D:\HNOCS\out\experimental results\B-2-v4\seed_41\gen_60\vopd\metrics.json,baseline_normalized_v2,w_T=1.0;w_sigma=1.0;w_hot=0.6;w_makespan=1.2;w_H=0.4;w_congestion=0.7;w_D=0.4;w_L=0.2;w_E=0.5,4.4290574560875555,4.4290574560875555,True,True,,vec,16,True,,52.35080305214001,0.9605899974885381,0.0,87.5467,0.0,1154000.0,86000.0,0.35802469135802467,0.7396582987192672,325.50080305214,8.75467e-05,0.0,1154000.0,86000.0,0.35802469135802467,0.0007396582987192672,1.0177334651617618,0.9731494730895657,0.0,0.9800051268905409,0.826647564469914,0.3412698412698413,0.0,1.0,0.9852409017814495,40,ga,False,0,27,27,60,40,True,782.9763357006013,,,,
HNN,ReferenceMapping,reference_mapping,B-2-v4,,41,ga_seed,,D:\HNOCS\out\experimental results\B-2-v4\seed_41\gen_60\hnn\metrics.json,D:\HNOCS\out\experimental results\B-2-v4\seed_41\gen_60\hnn\history.json,D:\HNOCS\out\experimental results\B-2-v4\seed_41\gen_60\hnn\metrics.json,baseline_normalized_v2,w_T=1.0;w_sigma=1.0;w_hot=0.6;w_makespan=1.2;w_H=0.4;w_congestion=0.7;w_D=0.4;w_L=0.2;w_E=0.5,6.000000000000001,6.000000000000001,True,True,,vec,16,True,,55.66757624162,2.454372247071413,16.0,203.177525,11.14198573637825,2195456.0,163840.0,0.3028095733610822,4.651317011228462,328.81757624162,0.000203177525,11.14198573637825,2195456.0,163840.0,0.3028095733610822,0.004651317011228462,1.0,1.0,1.0,1.0,1.0,1.0,1.0,1.0,1.0,39,ga,False,0,0,0,60,39,True,89.19148840010166,,,,
HNN,Full-GA,proposed,B-2-v4,,41,ga_seed,,D:\HNOCS\out\experimental results\B-2-v4\seed_41\gen_60\hnn\metrics.json,D:\HNOCS\out\experimental results\B-2-v4\seed_41\gen_60\hnn\history.json,D:\HNOCS\out\experimental results\B-2-v4\seed_41\gen_60\hnn\metrics.json,baseline_normalized_v2,w_T=1.0;w_sigma=1.0;w_hot=0.6;w_makespan=1.2;w_H=0.4;w_congestion=0.7;w_D=0.4;w_L=0.2;w_E=0.5,5.17401394028756,5.17401394028756,True,True,,vec,16,True,,56.17274395863001,1.8383141988009524,11.0,197.7868,6.241983128860769,1613824.0,147456.0,0.25286160249739853,4.482683210938695,329.32274395863,0.0001977868,6.241983128860769,1613824.0,147456.0,0.25286160249739853,0.004482683210938695,1.0473554353461358,0.7489956753684985,0.6875,0.9734679069449241,0.7350746268656716,0.9,0.5602217842086156,0.8350515463917525,0.9637449350619021,39,ga,False,0,0,0,60,39,True,89.19148840010166,,,,
GEMM,ReferenceMapping,reference_mapping,B-2-v4,,42,ga_seed,,D:\HNOCS\out\experimental results\B-2-v4\seed_42\gen_60\gemm\metrics.json,D:\HNOCS\out\experimental results\B-2-v4\seed_42\gen_60\gemm\history.json,D:\HNOCS\out\experimental results\B-2-v4\seed_42\gen_60\gemm\metrics.json,baseline_normalized_v2,w_T=1.0;w_sigma=1.0;w_hot=0.6;w_makespan=1.2;w_H=0.4;w_congestion=0.7;w_D=0.4;w_L=0.2;w_E=0.5,6.000000000000001,6.000000000000001,True,True,,vec,16,True,,54.93421735578005,2.1434761400252804,6.0,120.405,1.8350526805555563,104448.0,22528.0,0.9202539178734378,1.5708734939939561,328.08421735578,0.000120405,1.8350526805555563,104448.0,22528.0,0.9202539178734378,0.0015708734939939562,1.0,1.0,1.0,1.0,1.0,1.0,1.0,1.0,1.0,45,ga,False,0,0,0,60,45,True,64.08752309996635,,,,
GEMM,Full-GA,proposed,B-2-v4,,42,ga_seed,,D:\HNOCS\out\experimental results\B-2-v4\seed_42\gen_60\gemm\metrics.json,D:\HNOCS\out\experimental results\B-2-v4\seed_42\gen_60\gemm\history.json,D:\HNOCS\out\experimental results\B-2-v4\seed_42\gen_60\gemm\metrics.json,baseline_normalized_v2,w_T=1.0;w_sigma=1.0;w_hot=0.6;w_makespan=1.2;w_H=0.4;w_congestion=0.7;w_D=0.4;w_L=0.2;w_E=0.5,3.799907180912859,3.799907180912859,True,True,,vec,16,True,,53.23828532851002,1.4089998627280593,0.0,116.7308,0.0,51200.0,8192.0,0.9964292799047808,1.5165817477558798,326.38828532851,0.0001167308,0.0,51200.0,8192.0,0.9964292799047808,0.00151658174775588,0.8292837808422538,0.6573433855491582,0.0,0.969484655952826,0.49019607843137253,0.36363636363636365,0.0,1.0827764604440613,0.9654384987424804,45,ga,False,0,0,0,60,45,True,64.08752309996635,,,,
MPEG4,ReferenceMapping,reference_mapping,B-2-v4,,42,ga_seed,,D:\HNOCS\out\experimental results\B-2-v4\seed_42\gen_60\mpeg4\metrics.json,D:\HNOCS\out\experimental results\B-2-v4\seed_42\gen_60\mpeg4\history.json,D:\HNOCS\out\experimental results\B-2-v4\seed_42\gen_60\mpeg4\metrics.json,baseline_normalized_v2,w_T=1.0;w_sigma=1.0;w_hot=0.6;w_makespan=1.2;w_H=0.4;w_congestion=0.7;w_D=0.4;w_L=0.2;w_E=0.5,6.000000000000001,6.000000000000001,True,True,,vec,16,True,,54.44663874680003,1.3003837749577485,2.0,122.06989999999999,0.07168423611111063,420000.0,88000.0,0.5670623064060744,1.1328804365769536,327.5966387468,0.0001220699,0.07168423611111063,420000.0,88000.0,0.5670623064060744,0.0011328804365769536,1.0,1.0,1.0,1.0,1.0,1.0,1.0,1.0,1.0,21,ga,False,0,0,0,60,21,True,30.379084800370038,,,,
MPEG4,Full-GA,proposed,B-2-v4,,42,ga_seed,,D:\HNOCS\out\experimental results\B-2-v4\seed_42\gen_60\mpeg4\metrics.json,D:\HNOCS\out\experimental results\B-2-v4\seed_42\gen_60\mpeg4\history.json,D:\HNOCS\out\experimental results\B-2-v4\seed_42\gen_60\mpeg4\metrics.json,baseline_normalized_v2,w_T=1.0;w_sigma=1.0;w_hot=0.6;w_makespan=1.2;w_H=0.4;w_congestion=0.7;w_D=0.4;w_L=0.2;w_E=0.5,4.216755651138596,4.216755651138596,True,True,,vec,16,True,,51.816508380320045,1.0198443512080955,0.0,121.3516,0.0,388000.0,48000.0,0.7644253172884515,1.1261318681507333,324.96650838032,0.0001213516,0.0,388000.0,48000.0,0.7644253172884515,0.0011261318681507332,0.7215802957034932,0.7842641309802807,0.0,0.9941156665156603,0.9238095238095239,0.5454545454545454,0.0,1.3480446657321024,0.9940430002952373,21,ga,False,0,0,0,60,21,True,30.379084800370038,,,,
VOPD,ReferenceMapping,reference_mapping,B-2-v4,,42,ga_seed,,D:\HNOCS\out\experimental results\B-2-v4\seed_42\gen_60\vopd\metrics.json,D:\HNOCS\out\experimental results\B-2-v4\seed_42\gen_60\vopd\history.json,D:\HNOCS\out\experimental results\B-2-v4\seed_42\gen_60\vopd\metrics.json,baseline_normalized_v2,w_T=1.0;w_sigma=1.0;w_hot=0.6;w_makespan=1.2;w_H=0.4;w_congestion=0.7;w_D=0.4;w_L=0.2;w_E=0.5,5.0,5.0,True,True,,vec,16,True,,52.22271921261,0.9870939912641029,0.0,89.3329,0.0,1396000.0,252000.0,0.35802469135802467,0.7507385223064373,325.37271921261,8.93329e-05,0.0,1396000.0,252000.0,0.35802469135802467,0.0007507385223064374,1.0,1.0,0.0,1.0,1.0,1.0,0.0,1.0,1.0,38,ga,False,0,21,21,60,38,True,584.1308521004394,,,,
VOPD,Full-GA,proposed,B-2-v4,,42,ga_seed,,D:\HNOCS\out\experimental results\B-2-v4\seed_42\gen_60\vopd\metrics.json,D:\HNOCS\out\experimental results\B-2-v4\seed_42\gen_60\vopd\history.json,D:\HNOCS\out\experimental results\B-2-v4\seed_42\gen_60\vopd\metrics.json,baseline_normalized_v2,w_T=1.0;w_sigma=1.0;w_hot=0.6;w_makespan=1.2;w_H=0.4;w_congestion=0.7;w_D=0.4;w_L=0.2;w_E=0.5,4.44974612228009,4.44974612228009,True,True,,vec,16,True,,51.86541027742004,0.9079904142012913,0.0,87.6888,0.0,1154000.0,136000.0,0.35802469135802467,0.7402316792300394,325.01541027742,8.76888e-05,0.0,1154000.0,136000.0,0.35802469135802467,0.0007402316792300394,0.9505298593684572,0.9198621633168802,0.0,0.981595806248314,0.826647564469914,0.5396825396825397,0.0,1.0,0.986004657062064,38,ga,False,0,21,21,60,38,True,584.1308521004394,,,,
HNN,ReferenceMapping,reference_mapping,B-2-v4,,42,ga_seed,,D:\HNOCS\out\experimental results\B-2-v4\seed_42\gen_60\hnn\metrics.json,D:\HNOCS\out\experimental results\B-2-v4\seed_42\gen_60\hnn\history.json,D:\HNOCS\out\experimental results\B-2-v4\seed_42\gen_60\hnn\metrics.json,baseline_normalized_v2,w_T=1.0;w_sigma=1.0;w_hot=0.6;w_makespan=1.2;w_H=0.4;w_congestion=0.7;w_D=0.4;w_L=0.2;w_E=0.5,6.000000000000001,6.000000000000001,True,True,,vec,16,True,,55.66757624162,2.454372247071413,16.0,203.177525,11.14198573637825,2195456.0,163840.0,0.3028095733610822,4.651317011228462,328.81757624162,0.000203177525,11.14198573637825,2195456.0,163840.0,0.3028095733610822,0.004651317011228462,1.0,1.0,1.0,1.0,1.0,1.0,1.0,1.0,1.0,54,ga,False,0,0,0,60,54,True,126.74257249943912,,,,
HNN,Full-GA,proposed,B-2-v4,,42,ga_seed,,D:\HNOCS\out\experimental results\B-2-v4\seed_42\gen_60\hnn\metrics.json,D:\HNOCS\out\experimental results\B-2-v4\seed_42\gen_60\hnn\history.json,D:\HNOCS\out\experimental results\B-2-v4\seed_42\gen_60\hnn\metrics.json,baseline_normalized_v2,w_T=1.0;w_sigma=1.0;w_hot=0.6;w_makespan=1.2;w_H=0.4;w_congestion=0.7;w_D=0.4;w_L=0.2;w_E=0.5,4.986974793468414,4.986974793468414,True,True,,vec,16,True,,54.72792989865002,1.7196509289544641,5.0,234.93869999999998,0.49297539654034994,1638400.0,155648.0,0.5171696149843913,4.433061037732707,327.87792989865,0.0002349387,0.49297539654034994,1638400.0,155648.0,0.5171696149843913,0.004433061037732707,0.911915666531268,0.7006479685411913,0.3125,1.156322285154325,0.746268656716418,0.95,0.044244841826605465,1.7079037800687284,0.9530765215596192,54,ga,False,0,0,0,60,54,True,126.74257249943912,,,,
GEMM,ReferenceMapping,reference_mapping,B-2-v4,,43,ga_seed,,D:\HNOCS\out\experimental results\B-2-v4\seed_43\gen_60\gemm\metrics.json,D:\HNOCS\out\experimental results\B-2-v4\seed_43\gen_60\gemm\history.json,D:\HNOCS\out\experimental results\B-2-v4\seed_43\gen_60\gemm\metrics.json,baseline_normalized_v2,w_T=1.0;w_sigma=1.0;w_hot=0.6;w_makespan=1.2;w_H=0.4;w_congestion=0.7;w_D=0.4;w_L=0.2;w_E=0.5,6.000000000000001,6.000000000000001,True,True,,vec,16,True,,54.93421735578005,2.1434761400252804,6.0,120.405,1.8350526805555563,104448.0,22528.0,0.9202539178734378,1.5708734939939561,328.08421735578,0.000120405,1.8350526805555563,104448.0,22528.0,0.9202539178734378,0.0015708734939939562,1.0,1.0,1.0,1.0,1.0,1.0,1.0,1.0,1.0,20,ga,False,0,0,0,60,20,True,28.955464399419725,,,,
GEMM,Full-GA,proposed,B-2-v4,,43,ga_seed,,D:\HNOCS\out\experimental results\B-2-v4\seed_43\gen_60\gemm\metrics.json,D:\HNOCS\out\experimental results\B-2-v4\seed_43\gen_60\gemm\history.json,D:\HNOCS\out\experimental results\B-2-v4\seed_43\gen_60\gemm\metrics.json,baseline_normalized_v2,w_T=1.0;w_sigma=1.0;w_hot=0.6;w_makespan=1.2;w_H=0.4;w_congestion=0.7;w_D=0.4;w_L=0.2;w_E=0.5,3.7673396106539467,3.7673396106539467,True,True,,vec,16,True,,53.00672326804005,1.4014433814768217,0.0,116.7629,0.0,60416.0,8192.0,0.8059908748264233,1.5167121428106511,326.15672326804,0.0001167629,0.0,60416.0,8192.0,0.8059908748264233,0.0015167121428106512,0.8059742384619234,0.6538180459803452,0.0,0.969751256177069,0.5784313725490197,0.36363636363636365,0.0,0.8758353093339082,0.9655215067347025,20,ga,False,0,0,0,60,20,True,28.955464399419725,,,,
MPEG4,ReferenceMapping,reference_mapping,B-2-v4,,43,ga_seed,,D:\HNOCS\out\experimental results\B-2-v4\seed_43\gen_60\mpeg4\metrics.json,D:\HNOCS\out\experimental results\B-2-v4\seed_43\gen_60\mpeg4\history.json,D:\HNOCS\out\experimental results\B-2-v4\seed_43\gen_60\mpeg4\metrics.json,baseline_normalized_v2,w_T=1.0;w_sigma=1.0;w_hot=0.6;w_makespan=1.2;w_H=0.4;w_congestion=0.7;w_D=0.4;w_L=0.2;w_E=0.5,6.000000000000001,6.000000000000001,True,True,,vec,16,True,,54.44663874680003,1.3003837749577485,2.0,122.06989999999999,0.07168423611111063,420000.0,88000.0,0.5670623064060744,1.1328804365769536,327.5966387468,0.0001220699,0.07168423611111063,420000.0,88000.0,0.5670623064060744,0.0011328804365769536,1.0,1.0,1.0,1.0,1.0,1.0,1.0,1.0,1.0,32,ga,False,0,0,0,60,32,True,46.34767690021545,,,,
MPEG4,Full-GA,proposed,B-2-v4,,43,ga_seed,,D:\HNOCS\out\experimental results\B-2-v4\seed_43\gen_60\mpeg4\metrics.json,D:\HNOCS\out\experimental results\B-2-v4\seed_43\gen_60\mpeg4\history.json,D:\HNOCS\out\experimental results\B-2-v4\seed_43\gen_60\mpeg4\metrics.json,baseline_normalized_v2,w_T=1.0;w_sigma=1.0;w_hot=0.6;w_makespan=1.2;w_H=0.4;w_congestion=0.7;w_D=0.4;w_L=0.2;w_E=0.5,4.11216503036325,4.11216503036325,True,True,,vec,16,True,,52.81853737770001,1.1319204135137755,0.0,121.1636,0.0,352000.0,24000.0,0.5670623064060744,1.125682756899805,325.9685373777,0.0001211636,0.0,352000.0,24000.0,0.5670623064060744,0.001125682756899805,0.8276528389897911,0.8704510432318746,0.0,0.9925755653113504,0.8380952380952381,0.2727272727272727,0.0,1.0,0.9936465672415559,32,ga,False,0,0,0,60,32,True,46.34767690021545,,,,
VOPD,ReferenceMapping,reference_mapping,B-2-v4,,43,ga_seed,,D:\HNOCS\out\experimental results\B-2-v4\seed_43\gen_60\vopd\metrics.json,D:\HNOCS\out\experimental results\B-2-v4\seed_43\gen_60\vopd\history.json,D:\HNOCS\out\experimental results\B-2-v4\seed_43\gen_60\vopd\metrics.json,baseline_normalized_v2,w_T=1.0;w_sigma=1.0;w_hot=0.6;w_makespan=1.2;w_H=0.4;w_congestion=0.7;w_D=0.4;w_L=0.2;w_E=0.5,5.0,5.0,True,True,,vec,16,True,,52.22271921261,0.9870939912641029,0.0,89.3329,0.0,1396000.0,252000.0,0.35802469135802467,0.7507385223064373,325.37271921261,8.93329e-05,0.0,1396000.0,252000.0,0.35802469135802467,0.0007507385223064374,1.0,1.0,0.0,1.0,1.0,1.0,0.0,1.0,1.0,29,ga,False,0,19,19,60,29,True,516.5136623000726,,,,
VOPD,Full-GA,proposed,B-2-v4,,43,ga_seed,,D:\HNOCS\out\experimental results\B-2-v4\seed_43\gen_60\vopd\metrics.json,D:\HNOCS\out\experimental results\B-2-v4\seed_43\gen_60\vopd\history.json,D:\HNOCS\out\experimental results\B-2-v4\seed_43\gen_60\vopd\metrics.json,baseline_normalized_v2,w_T=1.0;w_sigma=1.0;w_hot=0.6;w_makespan=1.2;w_H=0.4;w_congestion=0.7;w_D=0.4;w_L=0.2;w_E=0.5,4.349570016586447,4.349570016586447,True,True,,vec,16,True,,51.52152313343004,0.8995542885961757,0.0,89.3348,0.0,980000.0,128000.0,0.35802469135802467,0.7491663498222894,324.67152313343,8.93348e-05,0.0,980000.0,128000.0,0.35802469135802467,0.0007491663498222893,0.9029179927200048,0.9113157374650602,0.0,1.0000212687598857,0.7020057306590258,0.5079365079365079,0.0,1.0,0.9979058321407059,29,ga,False,0,19,19,60,29,True,516.5136623000726,,,,
HNN,ReferenceMapping,reference_mapping,B-2-v4,,43,ga_seed,,D:\HNOCS\out\experimental results\B-2-v4\seed_43\gen_60\hnn\metrics.json,D:\HNOCS\out\experimental results\B-2-v4\seed_43\gen_60\hnn\history.json,D:\HNOCS\out\experimental results\B-2-v4\seed_43\gen_60\hnn\metrics.json,baseline_normalized_v2,w_T=1.0;w_sigma=1.0;w_hot=0.6;w_makespan=1.2;w_H=0.4;w_congestion=0.7;w_D=0.4;w_L=0.2;w_E=0.5,6.000000000000001,6.000000000000001,True,True,,vec,16,True,,55.66757624162,2.454372247071413,16.0,203.177525,11.14198573637825,2195456.0,163840.0,0.3028095733610822,4.651317011228462,328.81757624162,0.000203177525,11.14198573637825,2195456.0,163840.0,0.3028095733610822,0.004651317011228462,1.0,1.0,1.0,1.0,1.0,1.0,1.0,1.0,1.0,17,ga,False,0,0,0,60,17,True,40.48738250043243,,,,
HNN,Full-GA,proposed,B-2-v4,,43,ga_seed,,D:\HNOCS\out\experimental results\B-2-v4\seed_43\gen_60\hnn\metrics.json,D:\HNOCS\out\experimental results\B-2-v4\seed_43\gen_60\hnn\history.json,D:\HNOCS\out\experimental results\B-2-v4\seed_43\gen_60\hnn\metrics.json,baseline_normalized_v2,w_T=1.0;w_sigma=1.0;w_hot=0.6;w_makespan=1.2;w_H=0.4;w_congestion=0.7;w_D=0.4;w_L=0.2;w_E=0.5,5.462613147873699,5.462613147873699,True,True,,vec,16,True,,56.16455265702001,1.7482141023913227,11.0,239.3087,4.846467318273964,1925120.0,139264.0,0.39438085327783556,4.629237536290297,329.31455265702,0.0002393087,4.846467318273964,1925120.0,139264.0,0.39438085327783556,0.004629237536290297,1.0465875662984285,0.7122856382023196,0.6875,1.177830569596711,0.8768656716417911,0.85,0.43497339100429766,1.3024054982817868,0.995253070284209,17,ga,False,0,0,0,60,17,True,40.48738250043243,,,,
GEMM,ReferenceMapping,reference_mapping,B-2-v4,,44,ga_seed,,D:\HNOCS\out\experimental results\B-2-v4\seed_44\gen_60\gemm\metrics.json,D:\HNOCS\out\experimental results\B-2-v4\seed_44\gen_60\gemm\history.json,D:\HNOCS\out\experimental results\B-2-v4\seed_44\gen_60\gemm\metrics.json,baseline_normalized_v2,w_T=1.0;w_sigma=1.0;w_hot=0.6;w_makespan=1.2;w_H=0.4;w_congestion=0.7;w_D=0.4;w_L=0.2;w_E=0.5,6.000000000000001,6.000000000000001,True,True,,vec,16,True,,54.93421735578005,2.1434761400252804,6.0,120.405,1.8350526805555563,104448.0,22528.0,0.9202539178734378,1.5708734939939561,328.08421735578,0.000120405,1.8350526805555563,104448.0,22528.0,0.9202539178734378,0.0015708734939939562,1.0,1.0,1.0,1.0,1.0,1.0,1.0,1.0,1.0,33,ga,False,0,0,0,60,33,True,46.09029379952699,,,,
GEMM,Full-GA,proposed,B-2-v4,,44,ga_seed,,D:\HNOCS\out\experimental results\B-2-v4\seed_44\gen_60\gemm\metrics.json,D:\HNOCS\out\experimental results\B-2-v4\seed_44\gen_60\gemm\history.json,D:\HNOCS\out\experimental results\B-2-v4\seed_44\gen_60\gemm\metrics.json,baseline_normalized_v2,w_T=1.0;w_sigma=1.0;w_hot=0.6;w_makespan=1.2;w_H=0.4;w_congestion=0.7;w_D=0.4;w_L=0.2;w_E=0.5,3.844634655649292,3.844634655649292,True,True,,vec,16,True,,53.08084279260004,1.3300696112541894,0.0,116.61670000000001,0.0,60416.0,10240.0,0.9964292799047808,1.515344355416367,326.2308427926,0.0001166167,0.0,60416.0,10240.0,0.9964292799047808,0.001515344355416367,0.8134352715665458,0.6205199052220391,0.0,0.968537020887837,0.5784313725490197,0.45454545454545453,0.0,1.0827764604440613,0.9646507890101284,33,ga,False,0,0,0,60,33,True,46.09029379952699,,,,
MPEG4,ReferenceMapping,reference_mapping,B-2-v4,,44,ga_seed,,D:\HNOCS\out\experimental results\B-2-v4\seed_44\gen_60\mpeg4\metrics.json,D:\HNOCS\out\experimental results\B-2-v4\seed_44\gen_60\mpeg4\history.json,D:\HNOCS\out\experimental results\B-2-v4\seed_44\gen_60\mpeg4\metrics.json,baseline_normalized_v2,w_T=1.0;w_sigma=1.0;w_hot=0.6;w_makespan=1.2;w_H=0.4;w_congestion=0.7;w_D=0.4;w_L=0.2;w_E=0.5,6.000000000000001,6.000000000000001,True,True,,vec,16,True,,54.44663874680003,1.3003837749577485,2.0,122.06989999999999,0.07168423611111063,420000.0,88000.0,0.5670623064060744,1.1328804365769536,327.5966387468,0.0001220699,0.07168423611111063,420000.0,88000.0,0.5670623064060744,0.0011328804365769536,1.0,1.0,1.0,1.0,1.0,1.0,1.0,1.0,1.0,39,ga,False,0,0,0,60,39,True,56.289624399505556,,,,
MPEG4,Full-GA,proposed,B-2-v4,,44,ga_seed,,D:\HNOCS\out\experimental results\B-2-v4\seed_44\gen_60\mpeg4\metrics.json,D:\HNOCS\out\experimental results\B-2-v4\seed_44\gen_60\mpeg4\history.json,D:\HNOCS\out\experimental results\B-2-v4\seed_44\gen_60\mpeg4\metrics.json,baseline_normalized_v2,w_T=1.0;w_sigma=1.0;w_hot=0.6;w_makespan=1.2;w_H=0.4;w_congestion=0.7;w_D=0.4;w_L=0.2;w_E=0.5,4.131037306053756,4.131037306053756,True,True,,vec,16,True,,52.025992957400035,1.0637550628258994,0.0,121.6256,0.0,336000.0,36000.0,0.7644253172884515,1.1275443470363125,325.1759929574,0.0001216256,0.0,336000.0,36000.0,0.7644253172884515,0.0011275443470363125,0.743755863404857,0.81803163290042,0.0,0.9963602821006653,0.8,0.4090909090909091,0.0,1.3480446657321024,0.9952898034352466,39,ga,False,0,0,0,60,39,True,56.289624399505556,,,,
VOPD,ReferenceMapping,reference_mapping,B-2-v4,,44,ga_seed,,D:\HNOCS\out\experimental results\B-2-v4\seed_44\gen_60\vopd\metrics.json,D:\HNOCS\out\experimental results\B-2-v4\seed_44\gen_60\vopd\history.json,D:\HNOCS\out\experimental results\B-2-v4\seed_44\gen_60\vopd\metrics.json,baseline_normalized_v2,w_T=1.0;w_sigma=1.0;w_hot=0.6;w_makespan=1.2;w_H=0.4;w_congestion=0.7;w_D=0.4;w_L=0.2;w_E=0.5,5.0,5.0,True,True,,vec,16,True,,52.22271921261,0.9870939912641029,0.0,89.3329,0.0,1396000.0,252000.0,0.35802469135802467,0.7507385223064373,325.37271921261,8.93329e-05,0.0,1396000.0,252000.0,0.35802469135802467,0.0007507385223064374,1.0,1.0,0.0,1.0,1.0,1.0,0.0,1.0,1.0,30,ga,False,0,23,23,60,30,True,615.8074479997158,,,,
VOPD,Full-GA,proposed,B-2-v4,,44,ga_seed,,D:\HNOCS\out\experimental results\B-2-v4\seed_44\gen_60\vopd\metrics.json,D:\HNOCS\out\experimental results\B-2-v4\seed_44\gen_60\vopd\history.json,D:\HNOCS\out\experimental results\B-2-v4\seed_44\gen_60\vopd\metrics.json,baseline_normalized_v2,w_T=1.0;w_sigma=1.0;w_hot=0.6;w_makespan=1.2;w_H=0.4;w_congestion=0.7;w_D=0.4;w_L=0.2;w_E=0.5,4.407643664781135,4.407643664781135,True,True,,vec,16,True,,51.447940923130034,0.862188439055063,0.0,88.7368,0.0,1230000.0,144000.0,0.35802469135802467,0.7462697670444793,324.59794092313,8.87368e-05,0.0,1230000.0,144000.0,0.35802469135802467,0.0007462697670444793,0.8927303877288628,0.8734613387230916,0.0,0.9933272064379417,0.8810888252148997,0.5714285714285714,0.0,1.0,0.9940475210353812,30,ga,False,0,23,23,60,30,True,615.8074479997158,,,,
HNN,ReferenceMapping,reference_mapping,B-2-v4,,44,ga_seed,,D:\HNOCS\out\experimental results\B-2-v4\seed_44\gen_60\hnn\metrics.json,D:\HNOCS\out\experimental results\B-2-v4\seed_44\gen_60\hnn\history.json,D:\HNOCS\out\experimental results\B-2-v4\seed_44\gen_60\hnn\metrics.json,baseline_normalized_v2,w_T=1.0;w_sigma=1.0;w_hot=0.6;w_makespan=1.2;w_H=0.4;w_congestion=0.7;w_D=0.4;w_L=0.2;w_E=0.5,6.000000000000001,6.000000000000001,True,True,,vec,16,True,,55.66757624162,2.454372247071413,16.0,203.177525,11.14198573637825,2195456.0,163840.0,0.3028095733610822,4.651317011228462,328.81757624162,0.000203177525,11.14198573637825,2195456.0,163840.0,0.3028095733610822,0.004651317011228462,1.0,1.0,1.0,1.0,1.0,1.0,1.0,1.0,1.0,30,ga,False,0,0,0,60,30,True,68.59648740012199,,,,
HNN,Full-GA,proposed,B-2-v4,,44,ga_seed,,D:\HNOCS\out\experimental results\B-2-v4\seed_44\gen_60\hnn\metrics.json,D:\HNOCS\out\experimental results\B-2-v4\seed_44\gen_60\hnn\history.json,D:\HNOCS\out\experimental results\B-2-v4\seed_44\gen_60\hnn\metrics.json,baseline_normalized_v2,w_T=1.0;w_sigma=1.0;w_hot=0.6;w_makespan=1.2;w_H=0.4;w_congestion=0.7;w_D=0.4;w_L=0.2;w_E=0.5,5.085554701009119,5.085554701009119,True,True,,vec,16,True,,55.48081585205,1.6481488649975016,7.0,238.3187,1.987052938289144,1548288.0,122880.0,0.5983350676378772,4.5385945057119335,328.63081585205,0.0002383187,1.987052938289144,1548288.0,122880.0,0.5983350676378772,0.004538594505711933,0.9824927063711676,0.6715154422741265,0.4375,1.1729579834186876,0.7052238805970149,0.75,0.1783392103798406,1.9759450171821307,0.9757654648684636,30,ga,False,0,0,0,60,30,True,68.59648740012199,,,,
GEMM,ReferenceMapping,reference_mapping,B-2-v4,,45,ga_seed,,D:\HNOCS\out\experimental results\B-2-v4\seed_45\gen_60\gemm\metrics.json,D:\HNOCS\out\experimental results\B-2-v4\seed_45\gen_60\gemm\history.json,D:\HNOCS\out\experimental results\B-2-v4\seed_45\gen_60\gemm\metrics.json,baseline_normalized_v2,w_T=1.0;w_sigma=1.0;w_hot=0.6;w_makespan=1.2;w_H=0.4;w_congestion=0.7;w_D=0.4;w_L=0.2;w_E=0.5,6.000000000000001,6.000000000000001,True,True,,vec,16,True,,54.93421735578005,2.1434761400252804,6.0,120.405,1.8350526805555563,104448.0,22528.0,0.9202539178734378,1.5708734939939561,328.08421735578,0.000120405,1.8350526805555563,104448.0,22528.0,0.9202539178734378,0.0015708734939939562,1.0,1.0,1.0,1.0,1.0,1.0,1.0,1.0,1.0,53,ga,False,0,0,0,60,53,True,73.08984429948032,,,,
GEMM,Full-GA,proposed,B-2-v4,,45,ga_seed,,D:\HNOCS\out\experimental results\B-2-v4\seed_45\gen_60\gemm\metrics.json,D:\HNOCS\out\experimental results\B-2-v4\seed_45\gen_60\gemm\history.json,D:\HNOCS\out\experimental results\B-2-v4\seed_45\gen_60\gemm\metrics.json,baseline_normalized_v2,w_T=1.0;w_sigma=1.0;w_hot=0.6;w_makespan=1.2;w_H=0.4;w_congestion=0.7;w_D=0.4;w_L=0.2;w_E=0.5,3.7465646208919887,3.7465646208919887,True,True,,vec,16,True,,53.13119804089001,1.4062426275223399,0.0,116.74459999999999,0.0,51200.0,8192.0,0.8059908748264233,1.516500416263109,326.28119804089,0.0001167446,0.0,51200.0,8192.0,0.8059908748264233,0.001516500416263109,0.8185041407574013,0.6560570473650127,0.0,0.9695992691333416,0.49019607843137253,0.36363636363636365,0.0,0.8758353093339082,0.9653867240495585,53,ga,False,0,0,0,60,53,True,73.08984429948032,,,,
MPEG4,ReferenceMapping,reference_mapping,B-2-v4,,45,ga_seed,,D:\HNOCS\out\experimental results\B-2-v4\seed_45\gen_60\mpeg4\metrics.json,D:\HNOCS\out\experimental results\B-2-v4\seed_45\gen_60\mpeg4\history.json,D:\HNOCS\out\experimental results\B-2-v4\seed_45\gen_60\mpeg4\metrics.json,baseline_normalized_v2,w_T=1.0;w_sigma=1.0;w_hot=0.6;w_makespan=1.2;w_H=0.4;w_congestion=0.7;w_D=0.4;w_L=0.2;w_E=0.5,6.000000000000001,6.000000000000001,True,True,,vec,16,True,,54.44663874680003,1.3003837749577485,2.0,122.06989999999999,0.07168423611111063,420000.0,88000.0,0.5670623064060744,1.1328804365769536,327.5966387468,0.0001220699,0.07168423611111063,420000.0,88000.0,0.5670623064060744,0.0011328804365769536,1.0,1.0,1.0,1.0,1.0,1.0,1.0,1.0,1.0,46,ga,False,0,0,0,60,46,True,64.41081409994513,,,,
MPEG4,Full-GA,proposed,B-2-v4,,45,ga_seed,,D:\HNOCS\out\experimental results\B-2-v4\seed_45\gen_60\mpeg4\metrics.json,D:\HNOCS\out\experimental results\B-2-v4\seed_45\gen_60\mpeg4\history.json,D:\HNOCS\out\experimental results\B-2-v4\seed_45\gen_60\mpeg4\metrics.json,baseline_normalized_v2,w_T=1.0;w_sigma=1.0;w_hot=0.6;w_makespan=1.2;w_H=0.4;w_congestion=0.7;w_D=0.4;w_L=0.2;w_E=0.5,4.049490827462077,4.049490827462077,True,True,,vec,16,True,,52.87960480218004,1.0994383653775313,0.0,121.6196,0.0,300000.0,24000.0,0.5670623064060744,1.1276795385642067,326.02960480218,0.0001216196,0.0,300000.0,24000.0,0.5670623064060744,0.0011276795385642066,0.8341172996426044,0.845472226391977,0.0,0.9963111299345704,0.7142857142857143,0.2727272727272727,0.0,1.0,0.9954091377652687,46,ga,False,0,0,0,60,46,True,64.41081409994513,,,,
VOPD,ReferenceMapping,reference_mapping,B-2-v4,,45,ga_seed,,D:\HNOCS\out\experimental results\B-2-v4\seed_45\gen_60\vopd\metrics.json,D:\HNOCS\out\experimental results\B-2-v4\seed_45\gen_60\vopd\history.json,D:\HNOCS\out\experimental results\B-2-v4\seed_45\gen_60\vopd\metrics.json,baseline_normalized_v2,w_T=1.0;w_sigma=1.0;w_hot=0.6;w_makespan=1.2;w_H=0.4;w_congestion=0.7;w_D=0.4;w_L=0.2;w_E=0.5,5.0,5.0,True,True,,vec,16,True,,52.22271921261,0.9870939912641029,0.0,89.3329,0.0,1396000.0,252000.0,0.35802469135802467,0.7507385223064373,325.37271921261,8.93329e-05,0.0,1396000.0,252000.0,0.35802469135802467,0.0007507385223064374,1.0,1.0,0.0,1.0,1.0,1.0,0.0,1.0,1.0,39,ga,False,0,30,30,60,39,True,936.1808992000297,,,,
VOPD,Full-GA,proposed,B-2-v4,,45,ga_seed,,D:\HNOCS\out\experimental results\B-2-v4\seed_45\gen_60\vopd\metrics.json,D:\HNOCS\out\experimental results\B-2-v4\seed_45\gen_60\vopd\history.json,D:\HNOCS\out\experimental results\B-2-v4\seed_45\gen_60\vopd\metrics.json,baseline_normalized_v2,w_T=1.0;w_sigma=1.0;w_hot=0.6;w_makespan=1.2;w_H=0.4;w_congestion=0.7;w_D=0.4;w_L=0.2;w_E=0.5,4.398872014789851,4.398872014789851,True,True,,vec,16,True,,51.94803907478001,0.9154805350445541,0.0,87.30269999999999,0.0,1050000.0,124000.0,0.35802469135802467,0.7378547215067333,325.09803907478,8.73027e-05,0.0,1050000.0,124000.0,0.35802469135802467,0.0007378547215067333,0.9619699825308963,0.9274502156295791,0.0,0.9772737703578412,0.7521489971346705,0.49206349206349204,0.0,1.0,0.9828384978033068,39,ga,False,0,30,30,60,39,True,936.1808992000297,,,,
HNN,ReferenceMapping,reference_mapping,B-2-v4,,45,ga_seed,,D:\HNOCS\out\experimental results\B-2-v4\seed_45\gen_60\hnn\metrics.json,D:\HNOCS\out\experimental results\B-2-v4\seed_45\gen_60\hnn\history.json,D:\HNOCS\out\experimental results\B-2-v4\seed_45\gen_60\hnn\metrics.json,baseline_normalized_v2,w_T=1.0;w_sigma=1.0;w_hot=0.6;w_makespan=1.2;w_H=0.4;w_congestion=0.7;w_D=0.4;w_L=0.2;w_E=0.5,6.000000000000001,6.000000000000001,True,True,,vec,16,True,,55.66757624162,2.454372247071413,16.0,203.177525,11.14198573637825,2195456.0,163840.0,0.3028095733610822,4.651317011228462,328.81757624162,0.000203177525,11.14198573637825,2195456.0,163840.0,0.3028095733610822,0.004651317011228462,1.0,1.0,1.0,1.0,1.0,1.0,1.0,1.0,1.0,27,ga,False,0,0,0,60,27,True,60.23271379992366,,,,
HNN,Full-GA,proposed,B-2-v4,,45,ga_seed,,D:\HNOCS\out\experimental results\B-2-v4\seed_45\gen_60\hnn\metrics.json,D:\HNOCS\out\experimental results\B-2-v4\seed_45\gen_60\hnn\history.json,D:\HNOCS\out\experimental results\B-2-v4\seed_45\gen_60\hnn\metrics.json,baseline_normalized_v2,w_T=1.0;w_sigma=1.0;w_hot=0.6;w_makespan=1.2;w_H=0.4;w_congestion=0.7;w_D=0.4;w_L=0.2;w_E=0.5,5.373174744913506,5.373174744913506,True,True,,vec,16,True,,56.47661709114004,1.8755066898106707,13.0,198.10459999999998,8.497955613563537,1687552.0,131072.0,0.32362122788761705,4.552326359540738,329.62661709114,0.0001981046,8.497955613563537,1687552.0,131072.0,0.32362122788761705,0.004552326359540738,1.0758411124697227,0.7641492410324262,0.8125,0.9750320563261118,0.7686567164179104,0.8,0.76269668752294,1.0687285223367697,0.9787177155526582,27,ga,False,0,0,0,60,27,True,60.23271379992366,,,,
GEMM,ReferenceMapping,reference_mapping,B-2-v4,,46,ga_seed,,D:\HNOCS\out\experimental results\B-2-v4\seed_46\gen_60\gemm\metrics.json,D:\HNOCS\out\experimental results\B-2-v4\seed_46\gen_60\gemm\history.json,D:\HNOCS\out\experimental results\B-2-v4\seed_46\gen_60\gemm\metrics.json,baseline_normalized_v2,w_T=1.0;w_sigma=1.0;w_hot=0.6;w_makespan=1.2;w_H=0.4;w_congestion=0.7;w_D=0.4;w_L=0.2;w_E=0.5,6.000000000000001,6.000000000000001,True,True,,vec,16,True,,54.93421735578005,2.1434761400252804,6.0,120.405,1.8350526805555563,104448.0,22528.0,0.9202539178734378,1.5708734939939561,328.08421735578,0.000120405,1.8350526805555563,104448.0,22528.0,0.9202539178734378,0.0015708734939939562,1.0,1.0,1.0,1.0,1.0,1.0,1.0,1.0,1.0,51,ga,False,0,0,0,60,51,True,70.74657240044326,,,,
GEMM,Full-GA,proposed,B-2-v4,,46,ga_seed,,D:\HNOCS\out\experimental results\B-2-v4\seed_46\gen_60\gemm\metrics.json,D:\HNOCS\out\experimental results\B-2-v4\seed_46\gen_60\gemm\history.json,D:\HNOCS\out\experimental results\B-2-v4\seed_46\gen_60\gemm\metrics.json,baseline_normalized_v2,w_T=1.0;w_sigma=1.0;w_hot=0.6;w_makespan=1.2;w_H=0.4;w_congestion=0.7;w_D=0.4;w_L=0.2;w_E=0.5,3.741650923084499,3.741650923084499,True,True,,vec,16,True,,52.72885150614002,1.363760546452741,0.0,116.7947,0.0,65536.0,8192.0,0.8059908748264233,1.5165172339048945,325.87885150614,0.0001167947,0.0,65536.0,8192.0,0.8059908748264233,0.0015165172339048944,0.7780030604668743,0.6362378012925568,0.0,0.9700153648104315,0.6274509803921569,0.36363636363636365,0.0,0.8758353093339082,0.9653974299669029,51,ga,False,0,0,0,60,51,True,70.74657240044326,,,,
MPEG4,ReferenceMapping,reference_mapping,B-2-v4,,46,ga_seed,,D:\HNOCS\out\experimental results\B-2-v4\seed_46\gen_60\mpeg4\metrics.json,D:\HNOCS\out\experimental results\B-2-v4\seed_46\gen_60\mpeg4\history.json,D:\HNOCS\out\experimental results\B-2-v4\seed_46\gen_60\mpeg4\metrics.json,baseline_normalized_v2,w_T=1.0;w_sigma=1.0;w_hot=0.6;w_makespan=1.2;w_H=0.4;w_congestion=0.7;w_D=0.4;w_L=0.2;w_E=0.5,6.000000000000001,6.000000000000001,True,True,,vec,16,True,,54.44663874680003,1.3003837749577485,2.0,122.06989999999999,0.07168423611111063,420000.0,88000.0,0.5670623064060744,1.1328804365769536,327.5966387468,0.0001220699,0.07168423611111063,420000.0,88000.0,0.5670623064060744,0.0011328804365769536,1.0,1.0,1.0,1.0,1.0,1.0,1.0,1.0,1.0,35,ga,False,0,0,0,60,35,True,49.0822147000581,,,,
MPEG4,Full-GA,proposed,B-2-v4,,46,ga_seed,,D:\HNOCS\out\experimental results\B-2-v4\seed_46\gen_60\mpeg4\metrics.json,D:\HNOCS\out\experimental results\B-2-v4\seed_46\gen_60\mpeg4\history.json,D:\HNOCS\out\experimental results\B-2-v4\seed_46\gen_60\mpeg4\metrics.json,baseline_normalized_v2,w_T=1.0;w_sigma=1.0;w_hot=0.6;w_makespan=1.2;w_H=0.4;w_congestion=0.7;w_D=0.4;w_L=0.2;w_E=0.5,4.016261600531964,4.016261600531964,True,True,,vec,16,True,,52.290550164980004,1.0784628192320467,0.0,121.5216,0.0,300000.0,24000.0,0.6986376469943258,1.1272591879990506,325.44055016498,0.0001215216,0.0,300000.0,24000.0,0.6986376469943258,0.0011272591879990506,0.7717612963076009,0.8293419527378274,0.0,0.9955083112216854,0.7142857142857143,0.2727272727272727,0.0,1.232029777154735,0.9950380919323775,35,ga,False,0,0,0,60,35,True,49.0822147000581,,,,
VOPD,ReferenceMapping,reference_mapping,B-2-v4,,46,ga_seed,,D:\HNOCS\out\experimental results\B-2-v4\seed_46\gen_60\vopd\metrics.json,D:\HNOCS\out\experimental results\B-2-v4\seed_46\gen_60\vopd\history.json,D:\HNOCS\out\experimental results\B-2-v4\seed_46\gen_60\vopd\metrics.json,baseline_normalized_v2,w_T=1.0;w_sigma=1.0;w_hot=0.6;w_makespan=1.2;w_H=0.4;w_congestion=0.7;w_D=0.4;w_L=0.2;w_E=0.5,5.0,5.0,True,True,,vec,16,True,,52.22271921261,0.9870939912641029,0.0,89.3329,0.0,1396000.0,252000.0,0.35802469135802467,0.7507385223064373,325.37271921261,8.93329e-05,0.0,1396000.0,252000.0,0.35802469135802467,0.0007507385223064374,1.0,1.0,0.0,1.0,1.0,1.0,0.0,1.0,1.0,27,ga,False,0,21,21,60,27,True,676.3897382998839,,,,
VOPD,Full-GA,proposed,B-2-v4,,46,ga_seed,,D:\HNOCS\out\experimental results\B-2-v4\seed_46\gen_60\vopd\metrics.json,D:\HNOCS\out\experimental results\B-2-v4\seed_46\gen_60\vopd\history.json,D:\HNOCS\out\experimental results\B-2-v4\seed_46\gen_60\vopd\metrics.json,baseline_normalized_v2,w_T=1.0;w_sigma=1.0;w_hot=0.6;w_makespan=1.2;w_H=0.4;w_congestion=0.7;w_D=0.4;w_L=0.2;w_E=0.5,4.446714704298548,4.446714704298548,True,True,,vec,16,True,,52.275004732920024,0.9217627782721624,0.0,87.7029,0.0,924000.0,78000.0,0.6323731138545954,0.7400433229376454,325.42500473292,8.77029e-05,0.0,924000.0,78000.0,0.6323731138545954,0.0007400433229376454,1.0072390354340146,0.9338145976268426,0.0,0.9817536428348347,0.66189111747851,0.30952380952380953,0.0,1.7662835249042148,0.9857537623939505,27,ga,False,0,21,21,60,27,True,676.3897382998839,,,,
HNN,ReferenceMapping,reference_mapping,B-2-v4,,46,ga_seed,,D:\HNOCS\out\experimental results\B-2-v4\seed_46\gen_60\hnn\metrics.json,D:\HNOCS\out\experimental results\B-2-v4\seed_46\gen_60\hnn\history.json,D:\HNOCS\out\experimental results\B-2-v4\seed_46\gen_60\hnn\metrics.json,baseline_normalized_v2,w_T=1.0;w_sigma=1.0;w_hot=0.6;w_makespan=1.2;w_H=0.4;w_congestion=0.7;w_D=0.4;w_L=0.2;w_E=0.5,6.000000000000001,6.000000000000001,True,True,,vec,16,True,,55.66757624162,2.454372247071413,16.0,203.177525,11.14198573637825,2195456.0,163840.0,0.3028095733610822,4.651317011228462,328.81757624162,0.000203177525,11.14198573637825,2195456.0,163840.0,0.3028095733610822,0.004651317011228462,1.0,1.0,1.0,1.0,1.0,1.0,1.0,1.0,1.0,60,ga,False,0,0,0,60,60,False,135.67122489959002,,,,
HNN,Full-GA,proposed,B-2-v4,,46,ga_seed,,D:\HNOCS\out\experimental results\B-2-v4\seed_46\gen_60\hnn\metrics.json,D:\HNOCS\out\experimental results\B-2-v4\seed_46\gen_60\hnn\history.json,D:\HNOCS\out\experimental results\B-2-v4\seed_46\gen_60\hnn\metrics.json,baseline_normalized_v2,w_T=1.0;w_sigma=1.0;w_hot=0.6;w_makespan=1.2;w_H=0.4;w_congestion=0.7;w_D=0.4;w_L=0.2;w_E=0.5,4.982882635915508,4.982882635915508,True,True,,vec,16,True,,56.14919799997,1.614644765235826,9.0,220.1926,4.01606118536325,1671168.0,106496.0,0.38189386056191466,4.520959952843556,329.29919799997,0.0002201926,4.01606118536325,1671168.0,106496.0,0.38189386056191466,0.0045209599528435555,1.0451481899394293,0.6578646605715331,0.5625,1.0837448679424557,0.7611940298507462,0.65,0.36044393525392243,1.261168384879725,0.9719741617115712,60,ga,False,0,0,0,60,60,False,135.67122489959002,,,,
GEMM,ReferenceMapping,reference_mapping,B-2-v4,,47,ga_seed,,D:\HNOCS\out\experimental results\B-2-v4\seed_47\gen_60\gemm\metrics.json,D:\HNOCS\out\experimental results\B-2-v4\seed_47\gen_60\gemm\history.json,D:\HNOCS\out\experimental results\B-2-v4\seed_47\gen_60\gemm\metrics.json,baseline_normalized_v2,w_T=1.0;w_sigma=1.0;w_hot=0.6;w_makespan=1.2;w_H=0.4;w_congestion=0.7;w_D=0.4;w_L=0.2;w_E=0.5,6.000000000000001,6.000000000000001,True,True,,vec,16,True,,54.93421735578005,2.1434761400252804,6.0,120.405,1.8350526805555563,104448.0,22528.0,0.9202539178734378,1.5708734939939561,328.08421735578,0.000120405,1.8350526805555563,104448.0,22528.0,0.9202539178734378,0.0015708734939939562,1.0,1.0,1.0,1.0,1.0,1.0,1.0,1.0,1.0,55,ga,False,0,0,0,60,55,True,75.0883022993803,,,,
GEMM,Full-GA,proposed,B-2-v4,,47,ga_seed,,D:\HNOCS\out\experimental results\B-2-v4\seed_47\gen_60\gemm\metrics.json,D:\HNOCS\out\experimental results\B-2-v4\seed_47\gen_60\gemm\history.json,D:\HNOCS\out\experimental results\B-2-v4\seed_47\gen_60\gemm\metrics.json,baseline_normalized_v2,w_T=1.0;w_sigma=1.0;w_hot=0.6;w_makespan=1.2;w_H=0.4;w_congestion=0.7;w_D=0.4;w_L=0.2;w_E=0.5,3.8192535762656448,3.8192535762656448,True,True,,vec,16,True,,53.23242899570005,1.3883834265550827,0.0,116.76089999999999,0.0,69632.0,8192.0,0.8059908748264233,1.5167518392859631,326.3824289957,0.0001167609,0.0,69632.0,8192.0,0.8059908748264233,0.0015167518392859632,0.8286942696004285,0.647725160373704,0.0,0.9697346455711972,0.6666666666666666,0.36363636363636365,0.0,0.8758353093339082,0.9655467770543456,55,ga,False,0,0,0,60,55,True,75.0883022993803,,,,
MPEG4,ReferenceMapping,reference_mapping,B-2-v4,,47,ga_seed,,D:\HNOCS\out\experimental results\B-2-v4\seed_47\gen_60\mpeg4\metrics.json,D:\HNOCS\out\experimental results\B-2-v4\seed_47\gen_60\mpeg4\history.json,D:\HNOCS\out\experimental results\B-2-v4\seed_47\gen_60\mpeg4\metrics.json,baseline_normalized_v2,w_T=1.0;w_sigma=1.0;w_hot=0.6;w_makespan=1.2;w_H=0.4;w_congestion=0.7;w_D=0.4;w_L=0.2;w_E=0.5,6.000000000000001,6.000000000000001,True,True,,vec,16,True,,54.44663874680003,1.3003837749577485,2.0,122.06989999999999,0.07168423611111063,420000.0,88000.0,0.5670623064060744,1.1328804365769536,327.5966387468,0.0001220699,0.07168423611111063,420000.0,88000.0,0.5670623064060744,0.0011328804365769536,1.0,1.0,1.0,1.0,1.0,1.0,1.0,1.0,1.0,58,ga,False,0,0,0,60,58,True,81.32400589995086,,,,
MPEG4,Full-GA,proposed,B-2-v4,,47,ga_seed,,D:\HNOCS\out\experimental results\B-2-v4\seed_47\gen_60\mpeg4\metrics.json,D:\HNOCS\out\experimental results\B-2-v4\seed_47\gen_60\mpeg4\history.json,D:\HNOCS\out\experimental results\B-2-v4\seed_47\gen_60\mpeg4\metrics.json,baseline_normalized_v2,w_T=1.0;w_sigma=1.0;w_hot=0.6;w_makespan=1.2;w_H=0.4;w_congestion=0.7;w_D=0.4;w_L=0.2;w_E=0.5,4.083388623951365,4.083388623951365,True,True,,vec,16,True,,51.89987704372004,1.0272632400600779,0.0,121.77759999999999,0.0,304000.0,32000.0,0.9179298813080782,1.128504756548051,325.04987704372,0.0001217776,0.0,304000.0,32000.0,0.9179298813080782,0.001128504756548051,0.7304055155128392,0.789969284331816,0.0,0.9976054703084053,0.7238095238095238,0.36363636363636365,0.0,1.6187460724126264,0.9961375623696673,58,ga,False,0,0,0,60,58,True,81.32400589995086,,,,
VOPD,ReferenceMapping,reference_mapping,B-2-v4,,47,ga_seed,,D:\HNOCS\out\experimental results\B-2-v4\seed_47\gen_60\vopd\metrics.json,D:\HNOCS\out\experimental results\B-2-v4\seed_47\gen_60\vopd\history.json,D:\HNOCS\out\experimental results\B-2-v4\seed_47\gen_60\vopd\metrics.json,baseline_normalized_v2,w_T=1.0;w_sigma=1.0;w_hot=0.6;w_makespan=1.2;w_H=0.4;w_congestion=0.7;w_D=0.4;w_L=0.2;w_E=0.5,5.0,5.0,True,True,,vec,16,True,,52.22271921261,0.9870939912641029,0.0,89.3329,0.0,1396000.0,252000.0,0.35802469135802467,0.7507385223064373,325.37271921261,8.93329e-05,0.0,1396000.0,252000.0,0.35802469135802467,0.0007507385223064374,1.0,1.0,0.0,1.0,1.0,1.0,0.0,1.0,1.0,50,ga,False,0,41,41,60,50,True,1167.8496821001172,,,,
VOPD,Full-GA,proposed,B-2-v4,,47,ga_seed,,D:\HNOCS\out\experimental results\B-2-v4\seed_47\gen_60\vopd\metrics.json,D:\HNOCS\out\experimental results\B-2-v4\seed_47\gen_60\vopd\history.json,D:\HNOCS\out\experimental results\B-2-v4\seed_47\gen_60\vopd\metrics.json,baseline_normalized_v2,w_T=1.0;w_sigma=1.0;w_hot=0.6;w_makespan=1.2;w_H=0.4;w_congestion=0.7;w_D=0.4;w_L=0.2;w_E=0.5,4.473743433386786,4.473743433386786,True,True,,vec,16,True,,52.202270997460005,0.9350136422126879,0.0,87.3008,0.0,1080000.0,128000.0,0.35802469135802467,0.7381586547046212,325.35227099746,8.73008e-05,0.0,1080000.0,128000.0,0.35802469135802467,0.0007381586547046212,0.997168903490766,0.947238713321799,0.0,0.9772525015979555,0.7736389684813754,0.5079365079365079,0.0,1.0,0.9832433434171354,50,ga,False,0,41,41,60,50,True,1167.8496821001172,,,,
HNN,ReferenceMapping,reference_mapping,B-2-v4,,47,ga_seed,,D:\HNOCS\out\experimental results\B-2-v4\seed_47\gen_60\hnn\metrics.json,D:\HNOCS\out\experimental results\B-2-v4\seed_47\gen_60\hnn\history.json,D:\HNOCS\out\experimental results\B-2-v4\seed_47\gen_60\hnn\metrics.json,baseline_normalized_v2,w_T=1.0;w_sigma=1.0;w_hot=0.6;w_makespan=1.2;w_H=0.4;w_congestion=0.7;w_D=0.4;w_L=0.2;w_E=0.5,6.000000000000001,6.000000000000001,True,True,,vec,16,True,,55.66757624162,2.454372247071413,16.0,203.177525,11.14198573637825,2195456.0,163840.0,0.3028095733610822,4.651317011228462,328.81757624162,0.000203177525,11.14198573637825,2195456.0,163840.0,0.3028095733610822,0.004651317011228462,1.0,1.0,1.0,1.0,1.0,1.0,1.0,1.0,1.0,28,ga,False,0,0,0,60,28,True,64.09038370009512,,,,
HNN,Full-GA,proposed,B-2-v4,,47,ga_seed,,D:\HNOCS\out\experimental results\B-2-v4\seed_47\gen_60\hnn\metrics.json,D:\HNOCS\out\experimental results\B-2-v4\seed_47\gen_60\hnn\history.json,D:\HNOCS\out\experimental results\B-2-v4\seed_47\gen_60\hnn\metrics.json,baseline_normalized_v2,w_T=1.0;w_sigma=1.0;w_hot=0.6;w_makespan=1.2;w_H=0.4;w_congestion=0.7;w_D=0.4;w_L=0.2;w_E=0.5,5.038941886660901,5.038941886660901,True,True,,vec,16,True,,55.43997479507004,1.664449978530488,5.0,238.1106,1.3007407868589813,1736704.0,131072.0,0.5775234131113424,4.500074509431657,328.58997479507,0.0002381106,1.3007407868589813,1736704.0,131072.0,0.5775234131113424,0.004500074509431657,0.9786641837475736,0.6781571053521038,0.3125,1.1719337559604586,0.7910447761194029,0.8,0.1167422771519175,1.9072164948453607,0.9674839402621452,28,ga,False,0,0,0,60,28,True,64.09038370009512,,,,
GEMM,ReferenceMapping,reference_mapping,B-2-v4,,48,ga_seed,,D:\HNOCS\out\experimental results\B-2-v4\seed_48\gen_60\gemm\metrics.json,D:\HNOCS\out\experimental results\B-2-v4\seed_48\gen_60\gemm\history.json,D:\HNOCS\out\experimental results\B-2-v4\seed_48\gen_60\gemm\metrics.json,baseline_normalized_v2,w_T=1.0;w_sigma=1.0;w_hot=0.6;w_makespan=1.2;w_H=0.4;w_congestion=0.7;w_D=0.4;w_L=0.2;w_E=0.5,6.000000000000001,6.000000000000001,True,True,,vec,16,True,,54.93421735578005,2.1434761400252804,6.0,120.405,1.8350526805555563,104448.0,22528.0,0.9202539178734378,1.5708734939939561,328.08421735578,0.000120405,1.8350526805555563,104448.0,22528.0,0.9202539178734378,0.0015708734939939562,1.0,1.0,1.0,1.0,1.0,1.0,1.0,1.0,1.0,60,ga,False,0,0,0,60,60,False,82.76657210011035,,,,
GEMM,Full-GA,proposed,B-2-v4,,48,ga_seed,,D:\HNOCS\out\experimental results\B-2-v4\seed_48\gen_60\gemm\metrics.json,D:\HNOCS\out\experimental results\B-2-v4\seed_48\gen_60\gemm\history.json,D:\HNOCS\out\experimental results\B-2-v4\seed_48\gen_60\gemm\metrics.json,baseline_normalized_v2,w_T=1.0;w_sigma=1.0;w_hot=0.6;w_makespan=1.2;w_H=0.4;w_congestion=0.7;w_D=0.4;w_L=0.2;w_E=0.5,3.7259784989639666,3.7259784989639666,True,True,,vec,16,True,,52.920489494440005,1.3334026497899885,0.0,116.6966,0.0,60416.0,8192.0,0.8059908748264233,1.5158428528834058,326.07048949444,0.0001166966,0.0,60416.0,8192.0,0.8059908748264233,0.0015158428528834057,0.7972937586101444,0.622074874028811,0.0,0.9692006145924172,0.5784313725490197,0.36363636363636365,0.0,0.8758353093339082,0.9649681267645336,60,ga,False,0,0,0,60,60,False,82.76657210011035,,,,
MPEG4,ReferenceMapping,reference_mapping,B-2-v4,,48,ga_seed,,D:\HNOCS\out\experimental results\B-2-v4\seed_48\gen_60\mpeg4\metrics.json,D:\HNOCS\out\experimental results\B-2-v4\seed_48\gen_60\mpeg4\history.json,D:\HNOCS\out\experimental results\B-2-v4\seed_48\gen_60\mpeg4\metrics.json,baseline_normalized_v2,w_T=1.0;w_sigma=1.0;w_hot=0.6;w_makespan=1.2;w_H=0.4;w_congestion=0.7;w_D=0.4;w_L=0.2;w_E=0.5,6.000000000000001,6.000000000000001,True,True,,vec,16,True,,54.44663874680003,1.3003837749577485,2.0,122.06989999999999,0.07168423611111063,420000.0,88000.0,0.5670623064060744,1.1328804365769536,327.5966387468,0.0001220699,0.07168423611111063,420000.0,88000.0,0.5670623064060744,0.0011328804365769536,1.0,1.0,1.0,1.0,1.0,1.0,1.0,1.0,1.0,26,ga,False,0,0,0,60,26,True,36.57357519958168,,,,
MPEG4,Full-GA,proposed,B-2-v4,,48,ga_seed,,D:\HNOCS\out\experimental results\B-2-v4\seed_48\gen_60\mpeg4\metrics.json,D:\HNOCS\out\experimental results\B-2-v4\seed_48\gen_60\mpeg4\history.json,D:\HNOCS\out\experimental results\B-2-v4\seed_48\gen_60\mpeg4\metrics.json,baseline_normalized_v2,w_T=1.0;w_sigma=1.0;w_hot=0.6;w_makespan=1.2;w_H=0.4;w_congestion=0.7;w_D=0.4;w_L=0.2;w_E=0.5,4.188175475521553,4.188175475521553,True,True,,vec,16,True,,52.757701079560036,1.113916048654285,0.0,121.3202,0.0,296000.0,28000.0,0.8960006578767029,1.1262643335165439,325.90770107956,0.0001213202,0.0,296000.0,28000.0,0.8960006578767029,0.001126264333516544,0.8212128448531907,0.8566056191299971,0.0,0.9938584368464298,0.7047619047619048,0.3181818181818182,0.0,1.5800744428868372,0.9941599282264945,26,ga,False,0,0,0,60,26,True,36.57357519958168,,,,
VOPD,ReferenceMapping,reference_mapping,B-2-v4,,48,ga_seed,,D:\HNOCS\out\experimental results\B-2-v4\seed_48\gen_60\vopd\metrics.json,D:\HNOCS\out\experimental results\B-2-v4\seed_48\gen_60\vopd\history.json,D:\HNOCS\out\experimental results\B-2-v4\seed_48\gen_60\vopd\metrics.json,baseline_normalized_v2,w_T=1.0;w_sigma=1.0;w_hot=0.6;w_makespan=1.2;w_H=0.4;w_congestion=0.7;w_D=0.4;w_L=0.2;w_E=0.5,5.0,5.0,True,True,,vec,16,True,,52.22271921261,0.9870939912641029,0.0,89.3329,0.0,1396000.0,252000.0,0.35802469135802467,0.7507385223064373,325.37271921261,8.93329e-05,0.0,1396000.0,252000.0,0.35802469135802467,0.0007507385223064374,1.0,1.0,0.0,1.0,1.0,1.0,0.0,1.0,1.0,48,ga,False,0,27,27,60,48,True,746.7129199001938,,,,
VOPD,Full-GA,proposed,B-2-v4,,48,ga_seed,,D:\HNOCS\out\experimental results\B-2-v4\seed_48\gen_60\vopd\metrics.json,D:\HNOCS\out\experimental results\B-2-v4\seed_48\gen_60\vopd\history.json,D:\HNOCS\out\experimental results\B-2-v4\seed_48\gen_60\vopd\metrics.json,baseline_normalized_v2,w_T=1.0;w_sigma=1.0;w_hot=0.6;w_makespan=1.2;w_H=0.4;w_congestion=0.7;w_D=0.4;w_L=0.2;w_E=0.5,4.3470398343814445,4.3470398343814445,True,True,,vec,16,True,,52.34654406093,0.9659049869487715,0.0,87.3487,0.0,1000000.0,72000.0,0.35802469135802467,0.7379499787168916,325.49654406093,8.73487e-05,0.0,1000000.0,72000.0,0.35802469135802467,0.0007379499787168916,1.0171437992638306,0.9785339547167173,0.0,0.97778869822876,0.7163323782234957,0.2857142857142857,0.0,1.0,0.9829653824739718,48,ga,False,0,27,27,60,48,True,746.7129199001938,,,,
HNN,ReferenceMapping,reference_mapping,B-2-v4,,48,ga_seed,,D:\HNOCS\out\experimental results\B-2-v4\seed_48\gen_60\hnn\metrics.json,D:\HNOCS\out\experimental results\B-2-v4\seed_48\gen_60\hnn\history.json,D:\HNOCS\out\experimental results\B-2-v4\seed_48\gen_60\hnn\metrics.json,baseline_normalized_v2,w_T=1.0;w_sigma=1.0;w_hot=0.6;w_makespan=1.2;w_H=0.4;w_congestion=0.7;w_D=0.4;w_L=0.2;w_E=0.5,6.000000000000001,6.000000000000001,True,True,,vec,16,True,,55.66757624162,2.454372247071413,16.0,203.177525,11.14198573637825,2195456.0,163840.0,0.3028095733610822,4.651317011228462,328.81757624162,0.000203177525,11.14198573637825,2195456.0,163840.0,0.3028095733610822,0.004651317011228462,1.0,1.0,1.0,1.0,1.0,1.0,1.0,1.0,1.0,46,ga,False,0,0,0,60,46,True,106.15551599953324,,,,
HNN,Full-GA,proposed,B-2-v4,,48,ga_seed,,D:\HNOCS\out\experimental results\B-2-v4\seed_48\gen_60\hnn\metrics.json,D:\HNOCS\out\experimental results\B-2-v4\seed_48\gen_60\hnn\history.json,D:\HNOCS\out\experimental results\B-2-v4\seed_48\gen_60\hnn\metrics.json,baseline_normalized_v2,w_T=1.0;w_sigma=1.0;w_hot=0.6;w_makespan=1.2;w_H=0.4;w_congestion=0.7;w_D=0.4;w_L=0.2;w_E=0.5,4.878621881488557,4.878621881488557,True,True,,vec,16,True,,54.83583567473005,1.6381491854504802,2.0,232.7646,0.39769316666666665,1622016.0,131072.0,0.7502601456815817,4.410111203904614,327.98583567473,0.0002327646,0.39769316666666665,1622016.0,131072.0,0.7502601456815817,0.004410111203904614,0.9220309704799786,0.667441211252751,0.125,1.1456217905991324,0.7388059701492538,0.8,0.03569320371396728,2.47766323024055,0.9481424708869407,46,ga,False,0,0,0,60,46,True,106.15551599953324,,,,
GEMM,ReferenceMapping,reference_mapping,B-2-v4,,49,ga_seed,,D:\HNOCS\out\experimental results\B-2-v4\seed_49\gen_60\gemm\metrics.json,D:\HNOCS\out\experimental results\B-2-v4\seed_49\gen_60\gemm\history.json,D:\HNOCS\out\experimental results\B-2-v4\seed_49\gen_60\gemm\metrics.json,baseline_normalized_v2,w_T=1.0;w_sigma=1.0;w_hot=0.6;w_makespan=1.2;w_H=0.4;w_congestion=0.7;w_D=0.4;w_L=0.2;w_E=0.5,6.000000000000001,6.000000000000001,True,True,,vec,16,True,,54.93421735578005,2.1434761400252804,6.0,120.405,1.8350526805555563,104448.0,22528.0,0.9202539178734378,1.5708734939939561,328.08421735578,0.000120405,1.8350526805555563,104448.0,22528.0,0.9202539178734378,0.0015708734939939562,1.0,1.0,1.0,1.0,1.0,1.0,1.0,1.0,1.0,60,ga,False,0,0,0,60,60,False,81.9219786003232,,,,
GEMM,Full-GA,proposed,B-2-v4,,49,ga_seed,,D:\HNOCS\out\experimental results\B-2-v4\seed_49\gen_60\gemm\metrics.json,D:\HNOCS\out\experimental results\B-2-v4\seed_49\gen_60\gemm\history.json,D:\HNOCS\out\experimental results\B-2-v4\seed_49\gen_60\gemm\metrics.json,baseline_normalized_v2,w_T=1.0;w_sigma=1.0;w_hot=0.6;w_makespan=1.2;w_H=0.4;w_congestion=0.7;w_D=0.4;w_L=0.2;w_E=0.5,3.7786313870473434,3.7786313870473434,True,True,,vec,16,True,,53.01589468322004,1.3411140195986384,0.0,116.71260000000001,0.0,70656.0,8192.0,0.8059908748264233,1.5160830251470978,326.16589468322,0.0001167126,0.0,70656.0,8192.0,0.8059908748264233,0.0015160830251470978,0.8068974531301284,0.6256724740508757,0.0,0.9693334994393921,0.6764705882352942,0.36363636363636365,0.0,0.8758353093339082,0.9651210176654307,60,ga,False,0,0,0,60,60,False,81.9219786003232,,,,
MPEG4,ReferenceMapping,reference_mapping,B-2-v4,,49,ga_seed,,D:\HNOCS\out\experimental results\B-2-v4\seed_49\gen_60\mpeg4\metrics.json,D:\HNOCS\out\experimental results\B-2-v4\seed_49\gen_60\mpeg4\history.json,D:\HNOCS\out\experimental results\B-2-v4\seed_49\gen_60\mpeg4\metrics.json,baseline_normalized_v2,w_T=1.0;w_sigma=1.0;w_hot=0.6;w_makespan=1.2;w_H=0.4;w_congestion=0.7;w_D=0.4;w_L=0.2;w_E=0.5,6.000000000000001,6.000000000000001,True,True,,vec,16,True,,54.44663874680003,1.3003837749577485,2.0,122.06989999999999,0.07168423611111063,420000.0,88000.0,0.5670623064060744,1.1328804365769536,327.5966387468,0.0001220699,0.07168423611111063,420000.0,88000.0,0.5670623064060744,0.0011328804365769536,1.0,1.0,1.0,1.0,1.0,1.0,1.0,1.0,1.0,31,ga,False,0,0,0,60,31,True,43.62503619957715,,,,
MPEG4,Full-GA,proposed,B-2-v4,,49,ga_seed,,D:\HNOCS\out\experimental results\B-2-v4\seed_49\gen_60\mpeg4\metrics.json,D:\HNOCS\out\experimental results\B-2-v4\seed_49\gen_60\mpeg4\history.json,D:\HNOCS\out\experimental results\B-2-v4\seed_49\gen_60\mpeg4\metrics.json,baseline_normalized_v2,w_T=1.0;w_sigma=1.0;w_hot=0.6;w_makespan=1.2;w_H=0.4;w_congestion=0.7;w_D=0.4;w_L=0.2;w_E=0.5,4.188954448764773,4.188954448764773,True,True,,vec,16,True,,52.293796117700026,1.0494445477996053,0.0,121.56960000000001,0.0,352000.0,48000.0,0.5670623064060744,1.127634381509737,325.4437961177,0.0001215696,0.0,352000.0,48000.0,0.5670623064060744,0.001127634381509737,0.7721049055856758,0.8070267931739639,0.0,0.9959015285504453,0.8380952380952381,0.5454545454545454,0.0,1.0,0.9953692773766419,31,ga,False,0,0,0,60,31,True,43.62503619957715,,,,
VOPD,ReferenceMapping,reference_mapping,B-2-v4,,49,ga_seed,,D:\HNOCS\out\experimental results\B-2-v4\seed_49\gen_60\vopd\metrics.json,D:\HNOCS\out\experimental results\B-2-v4\seed_49\gen_60\vopd\history.json,D:\HNOCS\out\experimental results\B-2-v4\seed_49\gen_60\vopd\metrics.json,baseline_normalized_v2,w_T=1.0;w_sigma=1.0;w_hot=0.6;w_makespan=1.2;w_H=0.4;w_congestion=0.7;w_D=0.4;w_L=0.2;w_E=0.5,5.0,5.0,True,True,,vec,16,True,,52.22271921261,0.9870939912641029,0.0,89.3329,0.0,1396000.0,252000.0,0.35802469135802467,0.7507385223064373,325.37271921261,8.93329e-05,0.0,1396000.0,252000.0,0.35802469135802467,0.0007507385223064374,1.0,1.0,0.0,1.0,1.0,1.0,0.0,1.0,1.0,48,ga,False,0,23,23,60,48,True,643.1203899001703,,,,
VOPD,Full-GA,proposed,B-2-v4,,49,ga_seed,,D:\HNOCS\out\experimental results\B-2-v4\seed_49\gen_60\vopd\metrics.json,D:\HNOCS\out\experimental results\B-2-v4\seed_49\gen_60\vopd\history.json,D:\HNOCS\out\experimental results\B-2-v4\seed_49\gen_60\vopd\metrics.json,baseline_normalized_v2,w_T=1.0;w_sigma=1.0;w_hot=0.6;w_makespan=1.2;w_H=0.4;w_congestion=0.7;w_D=0.4;w_L=0.2;w_E=0.5,4.2209760937638094,4.2209760937638094,True,True,,vec,16,True,,51.49230886724001,0.8656095550600199,0.0,89.3848,0.0,1146000.0,78000.0,0.35802469135802467,0.7499053430444169,324.64230886724,8.93848e-05,0.0,1146000.0,78000.0,0.35802469135802467,0.0007499053430444169,0.8988732188155978,0.8769271849699882,0.0,1.0005809729674062,0.8209169054441261,0.30952380952380953,0.0,1.0,0.9988901871460375,48,ga,False,0,23,23,60,48,True,643.1203899001703,,,,
HNN,ReferenceMapping,reference_mapping,B-2-v4,,49,ga_seed,,D:\HNOCS\out\experimental results\B-2-v4\seed_49\gen_60\hnn\metrics.json,D:\HNOCS\out\experimental results\B-2-v4\seed_49\gen_60\hnn\history.json,D:\HNOCS\out\experimental results\B-2-v4\seed_49\gen_60\hnn\metrics.json,baseline_normalized_v2,w_T=1.0;w_sigma=1.0;w_hot=0.6;w_makespan=1.2;w_H=0.4;w_congestion=0.7;w_D=0.4;w_L=0.2;w_E=0.5,6.000000000000001,6.000000000000001,True,True,,vec,16,True,,55.66757624162,2.454372247071413,16.0,203.177525,11.14198573637825,2195456.0,163840.0,0.3028095733610822,4.651317011228462,328.81757624162,0.000203177525,11.14198573637825,2195456.0,163840.0,0.3028095733610822,0.004651317011228462,1.0,1.0,1.0,1.0,1.0,1.0,1.0,1.0,1.0,28,ga,False,0,0,0,60,28,True,64.15254040062428,,,,
HNN,Full-GA,proposed,B-2-v4,,49,ga_seed,,D:\HNOCS\out\experimental results\B-2-v4\seed_49\gen_60\hnn\metrics.json,D:\HNOCS\out\experimental results\B-2-v4\seed_49\gen_60\hnn\history.json,D:\HNOCS\out\experimental results\B-2-v4\seed_49\gen_60\hnn\metrics.json,baseline_normalized_v2,w_T=1.0;w_sigma=1.0;w_hot=0.6;w_makespan=1.2;w_H=0.4;w_congestion=0.7;w_D=0.4;w_L=0.2;w_E=0.5,5.327389471999339,5.327389471999339,True,True,,vec,16,True,,56.88350197092001,1.8051743860009912,11.0,222.36860000000001,4.9939487059295145,1720320.0,131072.0,0.31321540062434966,4.5813381171139955,330.03350197092,0.0002223686,4.9939487059295145,1720320.0,131072.0,0.31321540062434966,0.0045813381171139955,1.1139833174621265,0.7354933173461962,0.6875,1.0944547139256666,0.7835820895522388,0.8,0.4482099352922721,1.034364261168385,0.984955036617471,28,ga,False,0,0,0,60,28,True,64.15254040062428,,,,
GEMM,thermal-only,ablation,B-2-v4-ablation,thermal-only,40,ga_seed,,D:\HNOCS\out\experimental results\B-2-v4-ablation\thermal-only\seed_40\gen_60\gemm\metrics.json,D:\HNOCS\out\experimental results\B-2-v4-ablation\thermal-only\seed_40\gen_60\gemm\history.json,D:\HNOCS\out\experimental results\B-2-v4-ablation\thermal-only\seed_40\gen_60\gemm\metrics.json,baseline_normalized_v2,w_T=1.0;w_sigma=1.0;w_hot=0.6;w_makespan=0.0;w_H=0.0;w_congestion=0.0;w_D=0.0;w_L=0.0;w_E=0.0,1.0253542108776807,8.643624932550848,True,True,,vec,16,True,,51.08467120250003,0.8849511181502574,0.0,326.2487,0.0,75776.0,32768.0,10.213648085697283,2.6347759914470887,324.2346712025,0.0003262487,0.0,75776.0,32768.0,10.213648085697283,0.0026347759914470887,0.6124962827554578,0.4128579281222231,0.0,2.70959428595158,0.7254901960784313,1.4545454545454546,0.0,11.09872817417547,1.6772680941659748,37,ga,False,0,0,0,60,37,True,69.30813319981098,,,,
MPEG4,thermal-only,ablation,B-2-v4-ablation,thermal-only,40,ga_seed,,D:\HNOCS\out\experimental results\B-2-v4-ablation\thermal-only\seed_40\gen_60\mpeg4\metrics.json,D:\HNOCS\out\experimental results\B-2-v4-ablation\thermal-only\seed_40\gen_60\mpeg4\history.json,D:\HNOCS\out\experimental results\B-2-v4-ablation\thermal-only\seed_40\gen_60\mpeg4\metrics.json,baseline_normalized_v2,w_T=1.0;w_sigma=1.0;w_hot=0.6;w_makespan=0.0;w_H=0.0;w_congestion=0.0;w_D=0.0;w_L=0.0;w_E=0.0,1.302589309598189,6.595115888392986,True,True,,vec,16,True,,51.068687050580024,0.8584765717543096,0.0,174.5317,0.0,372000.0,164000.0,3.6713631753515528,1.411800161901989,324.21868705058,0.0001745317,0.0,372000.0,164000.0,3.6713631753515528,0.0014118001619019892,0.6424176062237734,0.6601717033744157,0.0,1.4297685178737758,0.8857142857142857,1.8636363636363635,0.0,6.474355875670711,1.2462040267619092,37,ga,False,0,0,0,60,37,True,52.19840379990637,,,,
VOPD,thermal-only,ablation,B-2-v4-ablation,thermal-only,40,ga_seed,,D:\HNOCS\out\experimental results\B-2-v4-ablation\thermal-only\seed_40\gen_60\vopd\metrics.json,D:\HNOCS\out\experimental results\B-2-v4-ablation\thermal-only\seed_40\gen_60\vopd\history.json,D:\HNOCS\out\experimental results\B-2-v4-ablation\thermal-only\seed_40\gen_60\vopd\metrics.json,baseline_normalized_v2,w_T=1.0;w_sigma=1.0;w_hot=0.6;w_makespan=0.0;w_H=0.0;w_congestion=0.0;w_D=0.0;w_L=0.0;w_E=0.0,1.6078291591964233,6.713874659876559,True,True,,vec,16,True,,50.85208787838002,0.7873020451145799,0.0,102.60069999999999,0.0,944000.0,400000.0,3.2222222222222223,0.8201401545012453,324.00208787838,0.0001026007,0.0,944000.0,400000.0,3.2222222222222223,0.0008201401545012454,0.8102333354123713,0.7975958237840519,0.0,1.1485208696907858,0.6762177650429799,1.5873015873015872,0.0,9.0,1.0924444798457797,48,ga,False,0,47,47,60,48,True,1267.0475483993068,,,,
HNN,thermal-only,ablation,B-2-v4-ablation,thermal-only,40,ga_seed,,D:\HNOCS\out\experimental results\B-2-v4-ablation\thermal-only\seed_40\gen_60\hnn\metrics.json,D:\HNOCS\out\experimental results\B-2-v4-ablation\thermal-only\seed_40\gen_60\hnn\history.json,D:\HNOCS\out\experimental results\B-2-v4-ablation\thermal-only\seed_40\gen_60\hnn\metrics.json,baseline_normalized_v2,w_T=1.0;w_sigma=1.0;w_hot=0.6;w_makespan=0.0;w_H=0.0;w_congestion=0.0;w_D=0.0;w_L=0.0;w_E=0.0,1.3116528765522193,8.879667728227618,True,True,,vec,16,True,,53.103402093010004,1.3548716635511497,0.0,582.8308999999999,0.0,2039808.0,278528.0,2.8647242455775235,6.251196482841485,326.25340209301,0.0005828309,0.0,2039808.0,278528.0,2.8647242455775235,0.006251196482841485,0.7596291706258672,0.5520237059263522,0.0,2.8685795832979064,0.9291044776119403,1.7,0.0,9.460481099656358,1.3439626814837284,60,ga,False,0,0,0,60,60,False,175.39073649980128,,,,
GEMM,thermal-only,ablation,B-2-v4-ablation,thermal-only,41,ga_seed,,D:\HNOCS\out\experimental results\B-2-v4-ablation\thermal-only\seed_41\gen_60\gemm\metrics.json,D:\HNOCS\out\experimental results\B-2-v4-ablation\thermal-only\seed_41\gen_60\gemm\history.json,D:\HNOCS\out\experimental results\B-2-v4-ablation\thermal-only\seed_41\gen_60\gemm\metrics.json,baseline_normalized_v2,w_T=1.0;w_sigma=1.0;w_hot=0.6;w_makespan=0.0;w_H=0.0;w_congestion=0.0;w_D=0.0;w_L=0.0;w_E=0.0,0.9699836211485028,9.352771451730218,True,True,,vec,16,True,,50.63023519576001,0.8643178678434529,0.0,356.2487,0.0,73728.0,32768.0,12.156119817496528,2.7956629451652577,323.78023519576,0.0003562487,0.0,73728.0,32768.0,12.156119817496528,0.0027956629451652577,0.5667517625315652,0.40323185861693756,0.0,2.958753374029318,0.7058823529411765,1.4545454545454546,0.0,13.209527915499029,1.7796868785768778,33,ga,False,0,0,0,60,33,True,61.53057770058513,,,,
MPEG4,thermal-only,ablation,B-2-v4-ablation,thermal-only,41,ga_seed,,D:\HNOCS\out\experimental results\B-2-v4-ablation\thermal-only\seed_41\gen_60\mpeg4\metrics.json,D:\HNOCS\out\experimental results\B-2-v4-ablation\thermal-only\seed_41\gen_60\mpeg4\history.json,D:\HNOCS\out\experimental results\B-2-v4-ablation\thermal-only\seed_41\gen_60\mpeg4\metrics.json,baseline_normalized_v2,w_T=1.0;w_sigma=1.0;w_hot=0.6;w_makespan=0.0;w_H=0.0;w_congestion=0.0;w_D=0.0;w_L=0.0;w_E=0.0,1.2582094360103753,8.669609238395736,True,True,,vec,16,True,,50.72936757721004,0.8474749676302403,0.0,194.0116,0.0,236000.0,164000.0,9.372961267509114,1.5159717846165792,323.87936757721,0.0001940116,0.0,236000.0,164000.0,9.372961267509114,0.0015159717846165792,0.6064980074686157,0.6517114285417597,0.0,1.5893483979261063,0.5619047619047619,1.8636363636363635,0.0,16.528979552375887,1.3381569101829955,53,ga,False,0,0,0,60,53,True,74.63610020000488,,,,
VOPD,thermal-only,ablation,B-2-v4-ablation,thermal-only,41,ga_seed,,D:\HNOCS\out\experimental results\B-2-v4-ablation\thermal-only\seed_41\gen_60\vopd\metrics.json,D:\HNOCS\out\experimental results\B-2-v4-ablation\thermal-only\seed_41\gen_60\vopd\history.json,D:\HNOCS\out\experimental results\B-2-v4-ablation\thermal-only\seed_41\gen_60\vopd\metrics.json,baseline_normalized_v2,w_T=1.0;w_sigma=1.0;w_hot=0.6;w_makespan=0.0;w_H=0.0;w_congestion=0.0;w_D=0.0;w_L=0.0;w_E=0.0,1.6075746714532753,6.967395216466712,True,True,,vec,16,True,,50.852553876390004,0.7869871561053939,0.0,102.6507,0.0,952000.0,414000.0,3.60082304526749,0.8207827775346102,324.00255387639,0.0001026507,0.0,952000.0,414000.0,3.60082304526749,0.0008207827775346102,0.810297853773984,0.7972768176792911,0.0,1.149080573898306,0.6819484240687679,1.6428571428571428,0.0,10.057471264367818,1.0933004676687978,60,ga,False,0,58,58,60,60,False,1566.4730666000396,,,,
HNN,thermal-only,ablation,B-2-v4-ablation,thermal-only,41,ga_seed,,D:\HNOCS\out\experimental results\B-2-v4-ablation\thermal-only\seed_41\gen_60\hnn\metrics.json,D:\HNOCS\out\experimental results\B-2-v4-ablation\thermal-only\seed_41\gen_60\hnn\history.json,D:\HNOCS\out\experimental results\B-2-v4-ablation\thermal-only\seed_41\gen_60\hnn\metrics.json,baseline_normalized_v2,w_T=1.0;w_sigma=1.0;w_hot=0.6;w_makespan=0.0;w_H=0.0;w_congestion=0.0;w_D=0.0;w_L=0.0;w_E=0.0,1.309534712268094,9.533833089154777,True,True,,vec,16,True,,53.312597671950016,1.301541645775846,0.0,622.0428,0.0,1744896.0,344064.0,3.13111342351717,6.46030013621833,326.46259767195,0.0006220428,0.0,1744896.0,344064.0,3.13111342351717,0.0064603001362183304,0.7792395839195474,0.5302951283485468,0.0,3.061572878200972,0.7947761194029851,2.1,0.0,10.34020618556701,1.388918476341843,60,ga,False,0,0,0,60,60,False,171.64742060005665,,,,
GEMM,thermal-only,ablation,B-2-v4-ablation,thermal-only,42,ga_seed,,D:\HNOCS\out\experimental results\B-2-v4-ablation\thermal-only\seed_42\gen_60\gemm\metrics.json,D:\HNOCS\out\experimental results\B-2-v4-ablation\thermal-only\seed_42\gen_60\gemm\history.json,D:\HNOCS\out\experimental results\B-2-v4-ablation\thermal-only\seed_42\gen_60\gemm\metrics.json,baseline_normalized_v2,w_T=1.0;w_sigma=1.0;w_hot=0.6;w_makespan=0.0;w_H=0.0;w_congestion=0.0;w_D=0.0;w_L=0.0;w_E=0.0,1.166108540420086,7.316525786126099,True,True,,vec,16,True,,51.58286431618001,1.079161038399556,0.0,266.5047,0.0,104448.0,41984.0,4.843285062487602,2.3160692619399867,324.73286431618,0.0002665047,0.0,104448.0,41984.0,4.843285062487602,0.0023160692619399867,0.6626454888617757,0.5034630515583104,0.0,2.2134022673477016,1.0,1.8636363636363635,0.0,5.262987712869153,1.4743830555389699,36,ga,False,0,0,0,60,36,True,61.04816720075905,,,,
MPEG4,thermal-only,ablation,B-2-v4-ablation,thermal-only,42,ga_seed,,D:\HNOCS\out\experimental results\B-2-v4-ablation\thermal-only\seed_42\gen_60\mpeg4\metrics.json,D:\HNOCS\out\experimental results\B-2-v4-ablation\thermal-only\seed_42\gen_60\mpeg4\history.json,D:\HNOCS\out\experimental results\B-2-v4-ablation\thermal-only\seed_42\gen_60\mpeg4\metrics.json,baseline_normalized_v2,w_T=1.0;w_sigma=1.0;w_hot=0.6;w_makespan=0.0;w_H=0.0;w_congestion=0.0;w_D=0.0;w_L=0.0;w_E=0.0,1.415922588345453,6.535477323931708,True,True,,vec,16,True,,51.548593185150025,0.9397915083458096,0.0,174.5777,0.0,520000.0,104000.0,4.1318768674104325,1.4128774386984313,324.69859318515,0.0001745777,0.0,520000.0,104000.0,4.1318768674104325,0.0014128774386984312,0.6932193937624961,0.7227031945829568,0.0,1.4301453511471707,1.2380952380952381,1.1818181818181819,0.0,7.286460095712283,1.2471549451127433,39,ga,False,0,0,0,60,39,True,55.40744960028678,,,,
VOPD,thermal-only,ablation,B-2-v4-ablation,thermal-only,42,ga_seed,,D:\HNOCS\out\experimental results\B-2-v4-ablation\thermal-only\seed_42\gen_60\vopd\metrics.json,D:\HNOCS\out\experimental results\B-2-v4-ablation\thermal-only\seed_42\gen_60\vopd\history.json,D:\HNOCS\out\experimental results\B-2-v4-ablation\thermal-only\seed_42\gen_60\vopd\metrics.json,baseline_normalized_v2,w_T=1.0;w_sigma=1.0;w_hot=0.6;w_makespan=0.0;w_H=0.0;w_congestion=0.0;w_D=0.0;w_L=0.0;w_E=0.0,1.6134505185152117,6.741164933233553,True,True,,vec,16,True,,50.85650177370002,0.7922476294630498,0.0,102.5547,0.0,816000.0,328000.0,3.6858710562414267,0.8200789150043422,324.0065017737,0.0001025547,0.0,816000.0,328000.0,3.6858710562414267,0.0008200789150043422,0.8108444480958455,0.8026060704193662,0.0,1.1480059418198671,0.5845272206303725,1.3015873015873016,0.0,10.295019157088124,1.092362907507231,60,ga,False,0,53,53,60,60,False,1427.4814004004002,,,,
HNN,thermal-only,ablation,B-2-v4-ablation,thermal-only,42,ga_seed,,D:\HNOCS\out\experimental results\B-2-v4-ablation\thermal-only\seed_42\gen_60\hnn\metrics.json,D:\HNOCS\out\experimental results\B-2-v4-ablation\thermal-only\seed_42\gen_60\hnn\history.json,D:\HNOCS\out\experimental results\B-2-v4-ablation\thermal-only\seed_42\gen_60\hnn\metrics.json,baseline_normalized_v2,w_T=1.0;w_sigma=1.0;w_hot=0.6;w_makespan=0.0;w_H=0.0;w_congestion=0.0;w_D=0.0;w_L=0.0;w_E=0.0,1.2956817603949338,10.04198474655604,True,True,,vec,16,True,,53.39394591074,1.248824923066577,0.0,632.4927,0.0,2170880.0,425984.0,3.170655567117586,6.52129747199375,326.54394591074,0.0006324927,0.0,2170880.0,425984.0,3.170655567117586,0.00652129747199375,0.7868653310384291,0.5088164293565046,0.0,3.113005240121908,0.9888059701492538,2.6,0.0,10.470790378006873,1.4020324687074825,50,ga,False,0,0,0,60,50,True,150.3676434000954,,,,
GEMM,thermal-only,ablation,B-2-v4-ablation,thermal-only,43,ga_seed,,D:\HNOCS\out\experimental results\B-2-v4-ablation\thermal-only\seed_43\gen_60\gemm\metrics.json,D:\HNOCS\out\experimental results\B-2-v4-ablation\thermal-only\seed_43\gen_60\gemm\history.json,D:\HNOCS\out\experimental results\B-2-v4-ablation\thermal-only\seed_43\gen_60\gemm\metrics.json,baseline_normalized_v2,w_T=1.0;w_sigma=1.0;w_hot=0.6;w_makespan=0.0;w_H=0.0;w_congestion=0.0;w_D=0.0;w_L=0.0;w_E=0.0,1.1612762196403508,7.271100431485007,True,True,,vec,16,True,,51.547167319910045,1.0765053074120874,0.0,266.50460000000004,0.0,136192.0,32768.0,5.414600277722674,2.316189531224173,324.69716731991,0.0002665046,0.0,136192.0,32768.0,5.414600277722674,0.0023161895312241733,0.6590521513102078,0.5022240683301429,0.0,2.213401436817408,1.303921568627451,1.4545454545454546,0.0,5.883811166199612,1.474459617582092,46,ga,False,0,0,0,60,46,True,77.69495599996299,,,,
MPEG4,thermal-only,ablation,B-2-v4-ablation,thermal-only,43,ga_seed,,D:\HNOCS\out\experimental results\B-2-v4-ablation\thermal-only\seed_43\gen_60\mpeg4\metrics.json,D:\HNOCS\out\experimental results\B-2-v4-ablation\thermal-only\seed_43\gen_60\mpeg4\history.json,D:\HNOCS\out\experimental results\B-2-v4-ablation\thermal-only\seed_43\gen_60\mpeg4\metrics.json,baseline_normalized_v2,w_T=1.0;w_sigma=1.0;w_hot=0.6;w_makespan=0.0;w_H=0.0;w_congestion=0.0;w_D=0.0;w_L=0.0;w_E=0.0,1.3025656634660914,6.495826097869591,True,True,,vec,16,True,,51.068687050580024,0.8584458227077891,0.0,174.5317,0.0,368000.0,152000.0,3.6713631753515528,1.4117954601599103,324.21868705058,0.0001745317,0.0,368000.0,152000.0,3.6713631753515528,0.0014117954601599104,0.6424176062237734,0.6601480572423178,0.0,1.4297685178737758,0.8761904761904762,1.7272727272727273,0.0,6.474355875670711,1.2461998765074542,47,ga,False,0,0,0,60,47,True,66.17827690020204,,,,
VOPD,thermal-only,ablation,B-2-v4-ablation,thermal-only,43,ga_seed,,D:\HNOCS\out\experimental results\B-2-v4-ablation\thermal-only\seed_43\gen_60\vopd\metrics.json,D:\HNOCS\out\experimental results\B-2-v4-ablation\thermal-only\seed_43\gen_60\vopd\history.json,D:\HNOCS\out\experimental results\B-2-v4-ablation\thermal-only\seed_43\gen_60\vopd\metrics.json,baseline_normalized_v2,w_T=1.0;w_sigma=1.0;w_hot=0.6;w_makespan=0.0;w_H=0.0;w_congestion=0.0;w_D=0.0;w_L=0.0;w_E=0.0,1.6527665168027232,6.19875037571431,True,True,,vec,16,True,,51.191843223190006,0.7852267262565681,0.0,102.60260000000001,0.0,834000.0,320000.0,2.673525377229081,0.8203910401223837,324.34184322319,0.0001026026,0.0,834000.0,320000.0,2.673525377229081,0.0008203910401223838,0.8572731461552304,0.7954933706474928,0.0,1.1485421384506718,0.5974212034383954,1.2698412698412698,0.0,7.467432950191571,1.092778664936439,60,ga,False,0,44,44,60,60,False,1191.9307252001017,,,,
HNN,thermal-only,ablation,B-2-v4-ablation,thermal-only,43,ga_seed,,D:\HNOCS\out\experimental results\B-2-v4-ablation\thermal-only\seed_43\gen_60\hnn\metrics.json,D:\HNOCS\out\experimental results\B-2-v4-ablation\thermal-only\seed_43\gen_60\hnn\history.json,D:\HNOCS\out\experimental results\B-2-v4-ablation\thermal-only\seed_43\gen_60\hnn\metrics.json,baseline_normalized_v2,w_T=1.0;w_sigma=1.0;w_hot=0.6;w_makespan=0.0;w_H=0.0;w_congestion=0.0;w_D=0.0;w_L=0.0;w_E=0.0,1.219926050198327,11.848388896192716,True,True,,vec,16,True,,53.354179360779995,1.0720416098889973,0.0,802.0568999999999,0.0,1736704.0,253952.0,5.59105098855359,7.415882981533278,326.50417936078,0.0008020569,0.0,1736704.0,253952.0,5.59105098855359,0.007415882981533278,0.7831375348587445,0.43678851533958246,0.0,3.9475670352810917,0.7910447761194029,1.55,0.0,18.463917525773194,1.5943619761093568,60,ga,False,0,0,0,60,60,False,186.06932769995183,,,,
GEMM,thermal-only,ablation,B-2-v4-ablation,thermal-only,44,ga_seed,,D:\HNOCS\out\experimental results\B-2-v4-ablation\thermal-only\seed_44\gen_60\gemm\metrics.json,D:\HNOCS\out\experimental results\B-2-v4-ablation\thermal-only\seed_44\gen_60\gemm\history.json,D:\HNOCS\out\experimental results\B-2-v4-ablation\thermal-only\seed_44\gen_60\gemm\metrics.json,baseline_normalized_v2,w_T=1.0;w_sigma=1.0;w_hot=0.6;w_makespan=0.0;w_H=0.0;w_congestion=0.0;w_D=0.0;w_L=0.0;w_E=0.0,0.9699831250617358,9.352769518166966,True,True,,vec,16,True,,50.63022283769004,0.8643194709568176,0.0,356.2487,0.0,73728.0,32768.0,12.156119817496528,2.7956584289778372,323.78022283769,0.0003562487,0.0,73728.0,32768.0,12.156119817496528,0.002795658428977837,0.5667505185412715,0.40323260652046433,0.0,2.958753374029318,0.7058823529411765,1.4545454545454546,0.0,13.209527915499029,1.7796840036239057,46,ga,False,0,0,0,60,46,True,84.8865959001705,,,,
MPEG4,thermal-only,ablation,B-2-v4-ablation,thermal-only,44,ga_seed,,D:\HNOCS\out\experimental results\B-2-v4-ablation\thermal-only\seed_44\gen_60\mpeg4\metrics.json,D:\HNOCS\out\experimental results\B-2-v4-ablation\thermal-only\seed_44\gen_60\mpeg4\history.json,D:\HNOCS\out\experimental results\B-2-v4-ablation\thermal-only\seed_44\gen_60\mpeg4\metrics.json,baseline_normalized_v2,w_T=1.0;w_sigma=1.0;w_hot=0.6;w_makespan=0.0;w_H=0.0;w_congestion=0.0;w_D=0.0;w_L=0.0;w_E=0.0,1.394912400555177,5.574357101401374,True,True,,vec,16,True,,51.78320315096005,0.8801747993408651,0.0,162.2037,0.0,372000.0,96000.0,2.4749047449357198,1.3460967559423376,324.93320315096,0.0001622037,0.0,372000.0,96000.0,2.4749047449357198,0.0013460967559423376,0.7180546787880292,0.6768577217671478,0.0,1.3287772006039162,0.8857142857142857,1.0909090909090908,0.0,4.364431768743655,1.188207256901378,44,ga,False,0,0,0,60,44,True,61.8094984004274,,,,
VOPD,thermal-only,ablation,B-2-v4-ablation,thermal-only,44,ga_seed,,D:\HNOCS\out\experimental results\B-2-v4-ablation\thermal-only\seed_44\gen_60\vopd\metrics.json,D:\HNOCS\out\experimental results\B-2-v4-ablation\thermal-only\seed_44\gen_60\vopd\history.json,D:\HNOCS\out\experimental results\B-2-v4-ablation\thermal-only\seed_44\gen_60\vopd\metrics.json,baseline_normalized_v2,w_T=1.0;w_sigma=1.0;w_hot=0.6;w_makespan=0.0;w_H=0.0;w_congestion=0.0;w_D=0.0;w_L=0.0;w_E=0.0,1.590330947851437,8.175912877249203,True,True,,vec,16,True,,50.75060162287002,0.7838992999829151,0.0,108.5687,0.0,1092000.0,328000.0,5.97119341563786,0.852166382040322,323.90060162287,0.0001085687,0.0,1092000.0,328000.0,5.97119341563786,0.000852166382040322,0.7961823592463847,0.7941485886050522,0.0,1.215327163900422,0.7822349570200573,1.3015873015873016,0.0,16.67816091954023,1.1351041097801609,60,ga,False,0,52,52,60,60,False,1403.8178848000243,,,,
HNN,thermal-only,ablation,B-2-v4-ablation,thermal-only,44,ga_seed,,D:\HNOCS\out\experimental results\B-2-v4-ablation\thermal-only\seed_44\gen_60\hnn\metrics.json,D:\HNOCS\out\experimental results\B-2-v4-ablation\thermal-only\seed_44\gen_60\hnn\history.json,D:\HNOCS\out\experimental results\B-2-v4-ablation\thermal-only\seed_44\gen_60\hnn\metrics.json,baseline_normalized_v2,w_T=1.0;w_sigma=1.0;w_hot=0.6;w_makespan=0.0;w_H=0.0;w_congestion=0.0;w_D=0.0;w_L=0.0;w_E=0.0,1.2549344711080852,10.316255624195605,True,True,,vec,16,True,,53.31968201227005,1.165902379904071,0.0,682.0926000000001,0.0,1736704.0,294912.0,4.1300728407908425,6.777124298659364,326.46968201227,0.0006820926,0.0,1736704.0,294912.0,4.1300728407908425,0.0067771242986593636,0.779903684194959,0.4750307869131262,0.0,3.3571262372646777,0.7910447761194029,1.8,0.0,13.639175257731956,1.4570334127515108,60,ga,False,0,0,0,60,60,False,175.55469779949635,,,,
GEMM,thermal-only,ablation,B-2-v4-ablation,thermal-only,45,ga_seed,,D:\HNOCS\out\experimental results\B-2-v4-ablation\thermal-only\seed_45\gen_60\gemm\metrics.json,D:\HNOCS\out\experimental results\B-2-v4-ablation\thermal-only\seed_45\gen_60\gemm\history.json,D:\HNOCS\out\experimental results\B-2-v4-ablation\thermal-only\seed_45\gen_60\gemm\metrics.json,baseline_normalized_v2,w_T=1.0;w_sigma=1.0;w_hot=0.6;w_makespan=0.0;w_H=0.0;w_congestion=0.0;w_D=0.0;w_L=0.0;w_E=0.0,1.1488032440919005,9.674114451310825,True,True,,vec,16,True,,51.437285746659995,1.0734785978380412,0.0,356.2948,0.0,110592.0,32768.0,12.156119817496528,2.7984511095497915,324.58728574666,0.0003562948,0.0,110592.0,32768.0,12.156119817496528,0.0027984511095497915,0.6479912323354364,0.5008120117564642,0.0,2.959136248494664,1.0588235294117647,1.4545454545454546,0.0,13.209527915499029,1.781461791957996,35,ga,False,0,0,0,60,35,True,62.40089150052518,,,,
MPEG4,thermal-only,ablation,B-2-v4-ablation,thermal-only,45,ga_seed,,D:\HNOCS\out\experimental results\B-2-v4-ablation\thermal-only\seed_45\gen_60\mpeg4\metrics.json,D:\HNOCS\out\experimental results\B-2-v4-ablation\thermal-only\seed_45\gen_60\mpeg4\history.json,D:\HNOCS\out\experimental results\B-2-v4-ablation\thermal-only\seed_45\gen_60\mpeg4\metrics.json,baseline_normalized_v2,w_T=1.0;w_sigma=1.0;w_hot=0.6;w_makespan=0.0;w_H=0.0;w_congestion=0.0;w_D=0.0;w_L=0.0;w_E=0.0,1.3027244663454698,6.558903998449435,True,True,,vec,16,True,,51.06869297871003,0.8586515113545972,0.0,174.48170000000002,0.0,368000.0,160000.0,3.6713631753515528,1.4112839776143944,324.21869297871,0.0001744817,0.0,368000.0,160000.0,3.6713631753515528,0.0014112839776143943,0.6424182337623262,0.6603062325831435,0.0,1.4293589164896507,0.8761904761904762,1.8181818181818181,0.0,6.474355875670711,1.245748387957558,60,ga,False,0,0,0,60,60,False,83.59678009990603,,,,
VOPD,thermal-only,ablation,B-2-v4-ablation,thermal-only,45,ga_seed,,D:\HNOCS\out\experimental results\B-2-v4-ablation\thermal-only\seed_45\gen_60\vopd\metrics.json,D:\HNOCS\out\experimental results\B-2-v4-ablation\thermal-only\seed_45\gen_60\vopd\history.json,D:\HNOCS\out\experimental results\B-2-v4-ablation\thermal-only\seed_45\gen_60\vopd\metrics.json,baseline_normalized_v2,w_T=1.0;w_sigma=1.0;w_hot=0.6;w_makespan=0.0;w_H=0.0;w_congestion=0.0;w_D=0.0;w_L=0.0;w_E=0.0,1.703822947068032,5.5895184803023374,True,True,,vec,16,True,,51.41991054493002,0.8044553674722267,0.0,90.5028,0.0,1112000.0,356000.0,1.5377229080932784,0.7559381676971803,324.56991054493,9.05028e-05,0.0,1112000.0,356000.0,1.5377229080932784,0.0007559381676971803,0.888849525497492,0.81497342157054,0.0,1.0130959590475626,0.7965616045845272,1.4126984126984128,0.0,4.295019157088123,1.0069260404738103,38,ga,False,0,23,23,60,38,True,628.6542972996831,,,,
HNN,thermal-only,ablation,B-2-v4-ablation,thermal-only,45,ga_seed,,D:\HNOCS\out\experimental results\B-2-v4-ablation\thermal-only\seed_45\gen_60\hnn\metrics.json,D:\HNOCS\out\experimental results\B-2-v4-ablation\thermal-only\seed_45\gen_60\hnn\history.json,D:\HNOCS\out\experimental results\B-2-v4-ablation\thermal-only\seed_45\gen_60\hnn\metrics.json,baseline_normalized_v2,w_T=1.0;w_sigma=1.0;w_hot=0.6;w_makespan=0.0;w_H=0.0;w_congestion=0.0;w_D=0.0;w_L=0.0;w_E=0.0,1.340403416294608,9.203354581478825,True,True,,vec,16,True,,53.59751825689,1.3117510409183235,0.0,582.6688,0.0,1974272.0,401408.0,2.5359001040582725,6.251346552537172,326.74751825689,0.0005826688,0.0,1974272.0,401408.0,2.5359001040582725,0.006251346552537172,0.8059486112080848,0.534454805086523,0.0,2.8677817588338077,0.8992537313432836,2.45,0.0,8.374570446735394,1.3439949453985132,46,ga,False,0,0,0,60,46,True,127.61829749960452,,,,
GEMM,thermal-only,ablation,B-2-v4-ablation,thermal-only,46,ga_seed,,D:\HNOCS\out\experimental results\B-2-v4-ablation\thermal-only\seed_46\gen_60\gemm\metrics.json,D:\HNOCS\out\experimental results\B-2-v4-ablation\thermal-only\seed_46\gen_60\gemm\history.json,D:\HNOCS\out\experimental results\B-2-v4-ablation\thermal-only\seed_46\gen_60\gemm\metrics.json,baseline_normalized_v2,w_T=1.0;w_sigma=1.0;w_hot=0.6;w_makespan=0.0;w_H=0.0;w_congestion=0.0;w_D=0.0;w_L=0.0;w_E=0.0,0.9709550333700012,9.210502658949185,True,True,,vec,16,True,,50.63335536014,0.8657268382973574,0.0,356.1507,0.0,40960.0,32768.0,12.079944455465185,2.794978002819327,323.78335536014,0.0003561507,0.0,40960.0,32768.0,12.079944455465185,0.002794978002819327,0.5670658450876689,0.40388918828233233,0.0,2.957939454341597,0.39215686274509803,1.4545454545454546,0.0,13.126751455054968,1.7792508521568322,60,ga,False,0,0,0,60,60,False,105.7149298992008,,,,
MPEG4,thermal-only,ablation,B-2-v4-ablation,thermal-only,46,ga_seed,,D:\HNOCS\out\experimental results\B-2-v4-ablation\thermal-only\seed_46\gen_60\mpeg4\metrics.json,D:\HNOCS\out\experimental results\B-2-v4-ablation\thermal-only\seed_46\gen_60\mpeg4\history.json,D:\HNOCS\out\experimental results\B-2-v4-ablation\thermal-only\seed_46\gen_60\mpeg4\metrics.json,baseline_normalized_v2,w_T=1.0;w_sigma=1.0;w_hot=0.6;w_makespan=0.0;w_H=0.0;w_congestion=0.0;w_D=0.0;w_L=0.0;w_E=0.0,1.3963465314582084,6.375000176109017,True,True,,vec,16,True,,51.799262090900015,0.8798291151000888,0.0,162.3157,0.0,392000.0,120000.0,4.141525725720238,1.3468726805609532,324.9492620909,0.0001623157,0.0,392000.0,120000.0,4.141525725720238,0.0013468726805609531,0.7197546421686979,0.6765918892895105,0.0,1.3296947077043564,0.9333333333333333,1.3636363636363635,0.0,7.3034756127036315,1.1888921699721342,36,ga,False,0,0,0,60,36,True,48.9289173996076,,,,
VOPD,thermal-only,ablation,B-2-v4-ablation,thermal-only,46,ga_seed,,D:\HNOCS\out\experimental results\B-2-v4-ablation\thermal-only\seed_46\gen_60\vopd\metrics.json,D:\HNOCS\out\experimental results\B-2-v4-ablation\thermal-only\seed_46\gen_60\vopd\history.json,D:\HNOCS\out\experimental results\B-2-v4-ablation\thermal-only\seed_46\gen_60\vopd\metrics.json,baseline_normalized_v2,w_T=1.0;w_sigma=1.0;w_hot=0.6;w_makespan=0.0;w_H=0.0;w_congestion=0.0;w_D=0.0;w_L=0.0;w_E=0.0,1.607831519403817,6.85736046255488,True,True,,vec,16,True,,50.85602322578001,0.7867665500256608,0.0,102.6507,0.0,952000.0,414000.0,3.403292181069959,0.820862694737127,324.00602322578,0.0001026507,0.0,952000.0,414000.0,3.403292181069959,0.000820862694737127,0.8107781921739519,0.7970533272298652,0.0,1.149080573898306,0.6819484240687679,1.6428571428571428,0.0,9.505747126436782,1.093406919116462,41,ga,False,0,38,38,60,41,True,1024.568967900239,,,,
HNN,thermal-only,ablation,B-2-v4-ablation,thermal-only,46,ga_seed,,D:\HNOCS\out\experimental results\B-2-v4-ablation\thermal-only\seed_46\gen_60\hnn\metrics.json,D:\HNOCS\out\experimental results\B-2-v4-ablation\thermal-only\seed_46\gen_60\hnn\history.json,D:\HNOCS\out\experimental results\B-2-v4-ablation\thermal-only\seed_46\gen_60\hnn\metrics.json,baseline_normalized_v2,w_T=1.0;w_sigma=1.0;w_hot=0.6;w_makespan=0.0;w_H=0.0;w_congestion=0.0;w_D=0.0;w_L=0.0;w_E=0.0,1.2739974829839977,8.795747140814411,True,True,,vec,16,True,,53.10992977210003,1.2609494367188678,0.0,532.5065999999999,0.0,1490944.0,360448.0,2.9105098855359,5.978795626574505,326.2599297721,0.0005325066,0.0,1490944.0,360448.0,2.9105098855359,0.005978795626574505,0.7602410883607092,0.5137563946232884,0.0,2.6208932311780053,0.6791044776119403,2.2,0.0,9.61168384879725,1.285398439225161,42,ga,False,0,0,0,60,42,True,114.89798739925027,,,,
GEMM,thermal-only,ablation,B-2-v4-ablation,thermal-only,47,ga_seed,,D:\HNOCS\out\experimental results\B-2-v4-ablation\thermal-only\seed_47\gen_60\gemm\metrics.json,D:\HNOCS\out\experimental results\B-2-v4-ablation\thermal-only\seed_47\gen_60\gemm\history.json,D:\HNOCS\out\experimental results\B-2-v4-ablation\thermal-only\seed_47\gen_60\gemm\metrics.json,baseline_normalized_v2,w_T=1.0;w_sigma=1.0;w_hot=0.6;w_makespan=0.0;w_H=0.0;w_congestion=0.0;w_D=0.0;w_L=0.0;w_E=0.0,0.9709516406357334,9.338369661538357,True,True,,vec,16,True,,50.63366950586004,0.8656517837771353,0.0,356.2007,0.0,40960.0,36864.0,12.079944455465185,2.7952901349884725,323.78366950586,0.0003562007,0.0,40960.0,36864.0,12.079944455465185,0.0027952901349884724,0.5670974676814565,0.40385417295427684,0.0,2.9583547194883937,0.39215686274509803,1.6363636363636365,0.0,13.126751455054968,1.7794495519059457,30,ga,False,0,0,0,60,30,True,55.29422509949654,,,,
MPEG4,thermal-only,ablation,B-2-v4-ablation,thermal-only,47,ga_seed,,D:\HNOCS\out\experimental results\B-2-v4-ablation\thermal-only\seed_47\gen_60\mpeg4\metrics.json,D:\HNOCS\out\experimental results\B-2-v4-ablation\thermal-only\seed_47\gen_60\mpeg4\history.json,D:\HNOCS\out\experimental results\B-2-v4-ablation\thermal-only\seed_47\gen_60\mpeg4\metrics.json,baseline_normalized_v2,w_T=1.0;w_sigma=1.0;w_hot=0.6;w_makespan=0.0;w_H=0.0;w_congestion=0.0;w_D=0.0;w_L=0.0;w_E=0.0,1.4169731565169426,5.152655994629328,True,True,,vec,16,True,,51.784553614260005,0.9086763494708686,0.0,142.5776,0.0,328000.0,96000.0,2.01439105287684,1.2407316443431233,324.93455361426,0.0001425776,0.0,328000.0,96000.0,2.01439105287684,0.0012407316443431233,0.7181976358054566,0.6987755207114861,0.0,1.1679996461044042,0.780952380952381,1.0909090909090908,0.0,3.552327548702084,1.0952008740587371,52,ga,False,0,0,0,60,52,True,69.03344470076263,,,,
VOPD,thermal-only,ablation,B-2-v4-ablation,thermal-only,47,ga_seed,,D:\HNOCS\out\experimental results\B-2-v4-ablation\thermal-only\seed_47\gen_60\vopd\metrics.json,D:\HNOCS\out\experimental results\B-2-v4-ablation\thermal-only\seed_47\gen_60\vopd\history.json,D:\HNOCS\out\experimental results\B-2-v4-ablation\thermal-only\seed_47\gen_60\vopd\metrics.json,baseline_normalized_v2,w_T=1.0;w_sigma=1.0;w_hot=0.6;w_makespan=0.0;w_H=0.0;w_congestion=0.0;w_D=0.0;w_L=0.0;w_E=0.0,1.702803359861764,5.811723310627577,True,True,,vec,16,True,,51.41994311850004,0.8034444873955766,0.0,90.5028,0.0,1090000.0,336000.0,2.0480109739368997,0.755977546561856,324.5699431185,9.05028e-05,0.0,1090000.0,336000.0,2.0480109739368997,0.000755977546561856,0.8888540353737678,0.8139493244879962,0.0,1.0130959590475626,0.7808022922636103,1.3333333333333333,0.0,5.7203065134099615,1.006978493975936,52,ga,False,0,31,31,60,52,True,844.6816241992638,,,,
HNN,thermal-only,ablation,B-2-v4-ablation,thermal-only,47,ga_seed,,D:\HNOCS\out\experimental results\B-2-v4-ablation\thermal-only\seed_47\gen_60\hnn\metrics.json,D:\HNOCS\out\experimental results\B-2-v4-ablation\thermal-only\seed_47\gen_60\hnn\history.json,D:\HNOCS\out\experimental results\B-2-v4-ablation\thermal-only\seed_47\gen_60\hnn\metrics.json,baseline_normalized_v2,w_T=1.0;w_sigma=1.0;w_hot=0.6;w_makespan=0.0;w_H=0.0;w_congestion=0.0;w_D=0.0;w_L=0.0;w_E=0.0,1.258538117607029,11.18792295508632,True,True,,vec,16,True,,52.98952285599,1.2507093551935338,0.0,711.8548,0.0,1662976.0,417792.0,4.377731529656607,6.93659164345361,326.13952285599,0.0007118548,0.0,1662976.0,417792.0,4.377731529656607,0.0069365916434536105,0.7489539024636678,0.5095842151433612,0.0,3.503609958827877,0.7574626865671642,2.55,0.0,14.457044673539517,1.4913177551021368,60,ga,False,0,0,0,60,60,False,177.02905189990997,,,,
GEMM,thermal-only,ablation,B-2-v4-ablation,thermal-only,48,ga_seed,,D:\HNOCS\out\experimental results\B-2-v4-ablation\thermal-only\seed_48\gen_60\gemm\metrics.json,D:\HNOCS\out\experimental results\B-2-v4-ablation\thermal-only\seed_48\gen_60\gemm\history.json,D:\HNOCS\out\experimental results\B-2-v4-ablation\thermal-only\seed_48\gen_60\gemm\metrics.json,baseline_normalized_v2,w_T=1.0;w_sigma=1.0;w_hot=0.6;w_makespan=0.0;w_H=0.0;w_congestion=0.0;w_D=0.0;w_L=0.0;w_E=0.0,1.160495769029584,7.413866161611383,True,True,,vec,16,True,,51.54772823116002,1.074711404019456,0.0,266.5527,0.0,140288.0,36864.0,5.414600277722674,2.3165282017131354,324.69772823116,0.0002665527,0.0,140288.0,36864.0,5.414600277722674,0.0023165282017131353,0.6591086138607931,0.5013871551687908,0.0,2.213800921888626,1.3431372549019607,1.6363636363636365,0.0,5.883811166199612,1.4746752113203891,56,ga,False,0,0,0,60,56,True,98.61773340031505,,,,
MPEG4,thermal-only,ablation,B-2-v4-ablation,thermal-only,48,ga_seed,,D:\HNOCS\out\experimental results\B-2-v4-ablation\thermal-only\seed_48\gen_60\mpeg4\metrics.json,D:\HNOCS\out\experimental results\B-2-v4-ablation\thermal-only\seed_48\gen_60\mpeg4\history.json,D:\HNOCS\out\experimental results\B-2-v4-ablation\thermal-only\seed_48\gen_60\mpeg4\metrics.json,baseline_normalized_v2,w_T=1.0;w_sigma=1.0;w_hot=0.6;w_makespan=0.0;w_H=0.0;w_congestion=0.0;w_D=0.0;w_L=0.0;w_E=0.0,1.4072406307707404,5.360684538778443,True,True,,vec,16,True,,51.79654323310001,0.8943698913929423,0.0,152.12560000000002,0.0,320000.0,92000.0,2.413502919327869,1.2918757389324913,324.9465432331,0.0001521256,0.0,320000.0,92000.0,2.413502919327869,0.0012918757389324912,0.7194668299772001,0.6877738007935402,0.0,1.2462171264169137,0.7619047619047619,1.0454545454545454,0.0,4.256151206071446,1.1403460570260606,46,ga,False,0,0,0,60,46,True,62.44842889998108,,,,
VOPD,thermal-only,ablation,B-2-v4-ablation,thermal-only,48,ga_seed,,D:\HNOCS\out\experimental results\B-2-v4-ablation\thermal-only\seed_48\gen_60\vopd\metrics.json,D:\HNOCS\out\experimental results\B-2-v4-ablation\thermal-only\seed_48\gen_60\vopd\history.json,D:\HNOCS\out\experimental results\B-2-v4-ablation\thermal-only\seed_48\gen_60\vopd\metrics.json,baseline_normalized_v2,w_T=1.0;w_sigma=1.0;w_hot=0.6;w_makespan=0.0;w_H=0.0;w_congestion=0.0;w_D=0.0;w_L=0.0;w_E=0.0,1.6112448228718745,7.243911486004786,True,True,,vec,16,True,,50.85244408848001,0.7906249446987074,0.0,102.60260000000001,0.0,760000.0,400000.0,4.2592592592592595,0.8201512025954255,324.00244408848,0.0001026026,0.0,760000.0,400000.0,4.2592592592592595,0.0008201512025954255,0.8102826534170603,0.8009621694548142,0.0,1.1485421384506718,0.5444126074498568,1.5873015873015872,0.0,11.896551724137932,1.0924591961469312,51,ga,False,0,39,39,60,51,True,1048.77734079957,,,,
HNN,thermal-only,ablation,B-2-v4-ablation,thermal-only,48,ga_seed,,D:\HNOCS\out\experimental results\B-2-v4-ablation\thermal-only\seed_48\gen_60\hnn\metrics.json,D:\HNOCS\out\experimental results\B-2-v4-ablation\thermal-only\seed_48\gen_60\hnn\history.json,D:\HNOCS\out\experimental results\B-2-v4-ablation\thermal-only\seed_48\gen_60\hnn\metrics.json,baseline_normalized_v2,w_T=1.0;w_sigma=1.0;w_hot=0.6;w_makespan=0.0;w_H=0.0;w_congestion=0.0;w_D=0.0;w_L=0.0;w_E=0.0,1.2956259885473704,10.913982586229139,True,True,,vec,16,True,,53.091359102670026,1.3183065388929074,0.0,701.9467,0.0,2097152.0,393216.0,4.042663891779396,6.88721324892931,326.24135910267,0.0007019467,0.0,2097152.0,393216.0,4.042663891779396,0.00688721324892931,0.7585002365486968,0.5371257519986737,0.0,3.4548442304334595,0.9552238805970149,2.4,0.0,13.350515463917525,1.4807017522786141,60,ga,False,0,0,0,60,60,False,172.52247249986976,,,,
GEMM,thermal-only,ablation,B-2-v4-ablation,thermal-only,49,ga_seed,,D:\HNOCS\out\experimental results\B-2-v4-ablation\thermal-only\seed_49\gen_60\gemm\metrics.json,D:\HNOCS\out\experimental results\B-2-v4-ablation\thermal-only\seed_49\gen_60\gemm\history.json,D:\HNOCS\out\experimental results\B-2-v4-ablation\thermal-only\seed_49\gen_60\gemm\metrics.json,baseline_normalized_v2,w_T=1.0;w_sigma=1.0;w_hot=0.6;w_makespan=0.0;w_H=0.0;w_congestion=0.0;w_D=0.0;w_L=0.0;w_E=0.0,1.1612819813754007,7.398371554062128,True,True,,vec,16,True,,51.54719205852001,1.076512319778375,0.0,266.50460000000004,0.0,136192.0,36864.0,5.414600277722674,2.316166387762843,324.69719205852,0.0002665046,0.0,136192.0,36864.0,5.414600277722674,0.0023161663877628432,0.6590546415526778,0.5022273398227229,0.0,2.213401436817408,1.303921568627451,1.6363636363636365,0.0,5.883811166199612,1.4744448847207772,39,ga,False,0,0,0,60,39,True,68.97268250025809,,,,
MPEG4,thermal-only,ablation,B-2-v4-ablation,thermal-only,49,ga_seed,,D:\HNOCS\out\experimental results\B-2-v4-ablation\thermal-only\seed_49\gen_60\mpeg4\metrics.json,D:\HNOCS\out\experimental results\B-2-v4-ablation\thermal-only\seed_49\gen_60\mpeg4\history.json,D:\HNOCS\out\experimental results\B-2-v4-ablation\thermal-only\seed_49\gen_60\mpeg4\metrics.json,baseline_normalized_v2,w_T=1.0;w_sigma=1.0;w_hot=0.6;w_makespan=0.0;w_H=0.0;w_congestion=0.0;w_D=0.0;w_L=0.0;w_E=0.0,1.4238870126745138,4.901863087806651,True,True,,vec,16,True,,51.78321920745003,0.9178507045589972,0.0,142.0607,0.0,392000.0,56000.0,2.03193443162194,1.2371439580422832,324.93321920745,0.0001420607,0.0,392000.0,56000.0,2.03193443162194,0.001237143958042283,0.7180563784920628,0.705830634182451,0.0,1.1637651869953198,0.9333333333333333,0.6363636363636364,0.0,3.583264852322715,1.0920340029706632,31,ga,False,0,0,0,60,31,True,41.70736639946699,,,,
VOPD,thermal-only,ablation,B-2-v4-ablation,thermal-only,49,ga_seed,,D:\HNOCS\out\experimental results\B-2-v4-ablation\thermal-only\seed_49\gen_60\vopd\metrics.json,D:\HNOCS\out\experimental results\B-2-v4-ablation\thermal-only\seed_49\gen_60\vopd\history.json,D:\HNOCS\out\experimental results\B-2-v4-ablation\thermal-only\seed_49\gen_60\vopd\metrics.json,baseline_normalized_v2,w_T=1.0;w_sigma=1.0;w_hot=0.6;w_makespan=0.0;w_H=0.0;w_congestion=0.0;w_D=0.0;w_L=0.0;w_E=0.0,1.6072452178463656,8.134053097325747,True,True,,vec,16,True,,50.76098556824002,0.7991761508291173,0.0,108.4747,0.0,752000.0,422000.0,5.576131687242798,0.851398211780149,323.91098556824,0.0001084747,0.0,752000.0,422000.0,5.576131687242798,0.0008513982117801489,0.7976200373651555,0.80962518048121,0.0,1.2142749199902836,0.5386819484240688,1.6746031746031746,0.0,15.574712643678161,1.1340808903271173,55,ga,False,0,53,53,60,55,True,1422.6458393000066,,,,
HNN,thermal-only,ablation,B-2-v4-ablation,thermal-only,49,ga_seed,,D:\HNOCS\out\experimental results\B-2-v4-ablation\thermal-only\seed_49\gen_60\hnn\metrics.json,D:\HNOCS\out\experimental results\B-2-v4-ablation\thermal-only\seed_49\gen_60\hnn\history.json,D:\HNOCS\out\experimental results\B-2-v4-ablation\thermal-only\seed_49\gen_60\hnn\metrics.json,baseline_normalized_v2,w_T=1.0;w_sigma=1.0;w_hot=0.6;w_makespan=0.0;w_H=0.0;w_congestion=0.0;w_D=0.0;w_L=0.0;w_E=0.0,1.405499531832461,8.800756419554643,True,True,,vec,16,True,,53.500396132890046,1.493866782850833,0.0,532.4109,0.0,2416640.0,344064.0,2.5691987513007284,5.986659019715333,326.65039613289,0.0005324109,0.0,2416640.0,344064.0,2.5691987513007284,0.005986659019715333,0.7968441884413624,0.6086553433910985,0.0,2.6204222145141296,1.1007462686567164,2.1,0.0,8.484536082474227,1.2870890126953942,60,ga,False,0,0,0,60,60,False,173.0835376996547,,,,
GEMM,comm-only,ablation,B-2-v4-ablation,comm-only,40,ga_seed,,D:\HNOCS\out\experimental results\B-2-v4-ablation\comm-only\seed_40\gen_60\gemm\metrics.json,D:\HNOCS\out\experimental results\B-2-v4-ablation\comm-only\seed_40\gen_60\gemm\history.json,D:\HNOCS\out\experimental results\B-2-v4-ablation\comm-only\seed_40\gen_60\gemm\metrics.json,baseline_normalized_v2,w_T=0.0;w_sigma=0.0;w_hot=0.0;w_makespan=0.0;w_H=0.4;w_congestion=0.7;w_D=0.0;w_L=0.0;w_E=0.0,0.10285204991087343,7.000328538708645,True,True,,vec,16,True,,52.596902449380025,0.9990364161323386,0.0,295.9466,0.0,10240.0,2048.0,8.88057925014878,2.4729756439633332,325.74690244938,0.0002959466,0.0,10240.0,2048.0,8.88057925014878,0.0024729756439633333,0.7647207804407361,0.46608235915355506,0.0,2.4579261658569,0.09803921568627451,0.09090909090909091,0.0,9.650140116404398,1.5742678537886436,57,ga,False,0,0,0,60,57,True,95.84364439919591,,,,
MPEG4,comm-only,ablation,B-2-v4-ablation,comm-only,40,ga_seed,,D:\HNOCS\out\experimental results\B-2-v4-ablation\comm-only\seed_40\gen_60\mpeg4\metrics.json,D:\HNOCS\out\experimental results\B-2-v4-ablation\comm-only\seed_40\gen_60\mpeg4\history.json,D:\HNOCS\out\experimental results\B-2-v4-ablation\comm-only\seed_40\gen_60\mpeg4\metrics.json,baseline_normalized_v2,w_T=0.0;w_sigma=0.0;w_hot=0.0;w_makespan=0.0;w_H=0.4;w_congestion=0.7;w_D=0.0;w_L=0.0;w_E=0.0,0.23393939393939395,4.936178365351768,True,True,,vec,16,True,,52.72974015748002,1.1174079759557989,0.0,140.7022,0.0,112000.0,16000.0,3.114360900194622,1.2305623832690626,325.87974015748,0.0001407022,0.0,112000.0,16000.0,3.114360900194622,0.0012305623832690627,0.8182529643253698,0.8592909243212491,0.0,1.1526363173886438,0.26666666666666666,0.18181818181818182,0.0,5.492096485715668,1.0862244095124982,50,ga,False,0,0,0,60,50,True,65.98087259940803,,,,
VOPD,comm-only,ablation,B-2-v4-ablation,comm-only,40,ga_seed,,D:\HNOCS\out\experimental results\B-2-v4-ablation\comm-only\seed_40\gen_60\vopd\metrics.json,D:\HNOCS\out\experimental results\B-2-v4-ablation\comm-only\seed_40\gen_60\vopd\history.json,D:\HNOCS\out\experimental results\B-2-v4-ablation\comm-only\seed_40\gen_60\vopd\metrics.json,baseline_normalized_v2,w_T=0.0;w_sigma=0.0;w_hot=0.0;w_makespan=0.0;w_H=0.4;w_congestion=0.7;w_D=0.0;w_L=0.0;w_E=0.0,0.26201846545686086,6.025908085670989,True,True,,vec,16,True,,52.41688096908001,1.0515860456902824,0.0,99.0121,0.0,294000.0,64000.0,3.2386831275720165,0.7994721505502477,325.56688096908,9.90121e-05,0.0,294000.0,64000.0,3.2386831275720165,0.0007994721505502477,1.026882085645947,1.0653352720176008,0.0,1.108349779308631,0.21060171919770773,0.25396825396825395,0.0,9.045977011494253,1.064914250162746,58,ga,False,0,35,35,60,58,True,950.3090073997155,,,,
HNN,comm-only,ablation,B-2-v4-ablation,comm-only,40,ga_seed,,D:\HNOCS\out\experimental results\B-2-v4-ablation\comm-only\seed_40\gen_60\hnn\metrics.json,D:\HNOCS\out\experimental results\B-2-v4-ablation\comm-only\seed_40\gen_60\hnn\history.json,D:\HNOCS\out\experimental results\B-2-v4-ablation\comm-only\seed_40\gen_60\hnn\metrics.json,baseline_normalized_v2,w_T=0.0;w_sigma=0.0;w_hot=0.0;w_makespan=0.0;w_H=0.4;w_congestion=0.7;w_D=0.0;w_L=0.0;w_E=0.0,0.5566417910447762,6.617329352542236,True,True,,vec,16,True,,57.997973425910004,1.5134930316296153,11.0,375.68672999999995,8.226661771179337,942080.0,90112.0,1.077003121748179,5.465599460510899,331.14797342591,0.00037568673,8.226661771179337,942080.0,90112.0,1.077003121748179,0.005465599460510899,1.2184561076955667,0.6166517868002842,0.6875,1.8490565331967694,0.4291044776119403,0.55,0.7383479000802821,3.556701030927835,1.1750649218956108,31,ga,False,0,0,0,60,31,True,72.92317989934236,,,,
GEMM,comm-only,ablation,B-2-v4-ablation,comm-only,41,ga_seed,,D:\HNOCS\out\experimental results\B-2-v4-ablation\comm-only\seed_41\gen_60\gemm\metrics.json,D:\HNOCS\out\experimental results\B-2-v4-ablation\comm-only\seed_41\gen_60\gemm\history.json,D:\HNOCS\out\experimental results\B-2-v4-ablation\comm-only\seed_41\gen_60\gemm\metrics.json,baseline_normalized_v2,w_T=0.0;w_sigma=0.0;w_hot=0.0;w_makespan=0.0;w_H=0.4;w_congestion=0.7;w_D=0.0;w_L=0.0;w_E=0.0,0.11461675579322637,6.934558829910377,True,True,,vec,16,True,,52.00436030194004,0.962309555356945,0.0,295.8947,0.0,13312.0,2048.0,8.88057925014878,2.4722331786075205,325.15436030194,0.0002958947,0.0,13312.0,2048.0,8.88057925014878,0.0024722331786075206,0.705074194683759,0.44894810695004767,0.0,2.4574951206345252,0.12745098039215685,0.09090909090909091,0.0,9.650140116404398,1.573795208882067,50,ga,False,0,0,0,60,50,True,79.49959900043905,,,,
MPEG4,comm-only,ablation,B-2-v4-ablation,comm-only,41,ga_seed,,D:\HNOCS\out\experimental results\B-2-v4-ablation\comm-only\seed_41\gen_60\mpeg4\metrics.json,D:\HNOCS\out\experimental results\B-2-v4-ablation\comm-only\seed_41\gen_60\mpeg4\history.json,D:\HNOCS\out\experimental results\B-2-v4-ablation\comm-only\seed_41\gen_60\mpeg4\metrics.json,baseline_normalized_v2,w_T=0.0;w_sigma=0.0;w_hot=0.0;w_makespan=0.0;w_H=0.4;w_congestion=0.7;w_D=0.0;w_L=0.0;w_E=0.0,0.3813852813852814,4.68710517371262,True,True,,vec,16,True,,52.51743044457004,1.119607358476017,0.0,142.0702,0.0,200000.0,24000.0,2.001233518818015,1.238289914928443,325.66743044457,0.0001420702,0.0,200000.0,24000.0,2.001233518818015,0.001238289914928443,0.7957783340785105,0.8609822577280271,0.0,1.1638430112583036,0.47619047619047616,0.2727272727272727,0.0,3.52912457098661,1.093045545627029,23,ga,False,0,0,0,60,23,True,30.245003200136125,,,,
VOPD,comm-only,ablation,B-2-v4-ablation,comm-only,41,ga_seed,,D:\HNOCS\out\experimental results\B-2-v4-ablation\comm-only\seed_41\gen_60\vopd\metrics.json,D:\HNOCS\out\experimental results\B-2-v4-ablation\comm-only\seed_41\gen_60\vopd\history.json,D:\HNOCS\out\experimental results\B-2-v4-ablation\comm-only\seed_41\gen_60\vopd\metrics.json,baseline_normalized_v2,w_T=0.0;w_sigma=0.0;w_hot=0.0;w_makespan=0.0;w_H=0.4;w_congestion=0.7;w_D=0.0;w_L=0.0;w_E=0.0,0.23164597262018463,7.201189310584391,True,True,,vec,16,True,,52.620186095850045,1.1316498679796623,0.0,104.44409999999999,0.0,188000.0,64000.0,5.035665294924554,0.8288953071313089,325.77018609585,0.0001044441,0.0,188000.0,64000.0,5.035665294924554,0.0008288953071313088,1.0550300892974094,1.1464459088950958,0.0,1.1691560444136482,0.1346704871060172,0.25396825396825395,0.0,14.06513409961686,1.1041065331039044,39,ga,False,0,22,22,60,39,True,602.7054878007621,,,,
HNN,comm-only,ablation,B-2-v4-ablation,comm-only,41,ga_seed,,D:\HNOCS\out\experimental results\B-2-v4-ablation\comm-only\seed_41\gen_60\hnn\metrics.json,D:\HNOCS\out\experimental results\B-2-v4-ablation\comm-only\seed_41\gen_60\hnn\history.json,D:\HNOCS\out\experimental results\B-2-v4-ablation\comm-only\seed_41\gen_60\hnn\metrics.json,baseline_normalized_v2,w_T=0.0;w_sigma=0.0;w_hot=0.0;w_makespan=0.0;w_H=0.4;w_congestion=0.7;w_D=0.0;w_L=0.0;w_E=0.0,0.4053731343283582,5.696038738258417,True,True,,vec,16,True,,56.834164363599996,1.7372410545178771,12.0,285.86462900000004,4.659534204842031,688128.0,65536.0,0.9791883454734651,4.8477419314963015,329.9841643636,0.000285864629,4.659534204842031,688128.0,65536.0,0.9791883454734651,0.004847741931496301,1.1093583111624274,0.7078148217291711,0.75,1.4069697374254362,0.31343283582089554,0.4,0.418196030320591,3.233676975945017,1.0422299576213923,49,ga,False,0,0,0,60,49,True,105.93271180056036,,,,
GEMM,comm-only,ablation,B-2-v4-ablation,comm-only,42,ga_seed,,D:\HNOCS\out\experimental results\B-2-v4-ablation\comm-only\seed_42\gen_60\gemm\metrics.json,D:\HNOCS\out\experimental results\B-2-v4-ablation\comm-only\seed_42\gen_60\gemm\history.json,D:\HNOCS\out\experimental results\B-2-v4-ablation\comm-only\seed_42\gen_60\gemm\metrics.json,baseline_normalized_v2,w_T=0.0;w_sigma=0.0;w_hot=0.0;w_makespan=0.0;w_H=0.4;w_congestion=0.7;w_D=0.0;w_L=0.0;w_E=0.0,0.10285204991087343,7.000325294225184,True,True,,vec,16,True,,52.59690214121002,0.999028245689237,0.0,295.9466,0.0,10240.0,2048.0,8.88057925014878,2.4729775237018536,325.74690214121,0.0002959466,0.0,10240.0,2048.0,8.88057925014878,0.0024729775237018535,0.7647207494196712,0.4660785473811966,0.0,2.4579261658569,0.09803921568627451,0.09090909090909091,0.0,9.650140116404398,1.5742690504085672,33,ga,False,0,0,0,60,33,True,57.23610700014979,,,,
MPEG4,comm-only,ablation,B-2-v4-ablation,comm-only,42,ga_seed,,D:\HNOCS\out\experimental results\B-2-v4-ablation\comm-only\seed_42\gen_60\mpeg4\metrics.json,D:\HNOCS\out\experimental results\B-2-v4-ablation\comm-only\seed_42\gen_60\mpeg4\history.json,D:\HNOCS\out\experimental results\B-2-v4-ablation\comm-only\seed_42\gen_60\mpeg4\metrics.json,baseline_normalized_v2,w_T=0.0;w_sigma=0.0;w_hot=0.0;w_makespan=0.0;w_H=0.4;w_congestion=0.7;w_D=0.0;w_L=0.0;w_E=0.0,0.1806060606060606,5.950142909624479,True,True,,vec,16,True,,53.13372061520005,1.1670455846080297,0.0,140.3787,0.0,56000.0,16000.0,5.921301499410652,1.2295390162869184,326.2837206152,0.0001403787,0.0,56000.0,16000.0,5.921301499410652,0.0012295390162869184,0.8610174299250382,0.8974624315394498,0.0,1.149986196433355,0.13333333333333333,0.18181818181818182,0.0,10.442065065016678,1.0853210776611368,44,ga,False,0,0,0,60,44,True,58.500067699700594,,,,
VOPD,comm-only,ablation,B-2-v4-ablation,comm-only,42,ga_seed,,D:\HNOCS\out\experimental results\B-2-v4-ablation\comm-only\seed_42\gen_60\vopd\metrics.json,D:\HNOCS\out\experimental results\B-2-v4-ablation\comm-only\seed_42\gen_60\vopd\history.json,D:\HNOCS\out\experimental results\B-2-v4-ablation\comm-only\seed_42\gen_60\vopd\metrics.json,baseline_normalized_v2,w_T=0.0;w_sigma=0.0;w_hot=0.0;w_makespan=0.0;w_H=0.4;w_congestion=0.7;w_D=0.0;w_L=0.0;w_E=0.0,0.3667621776504298,5.871158963805466,True,True,,vec,16,True,,52.63239211616002,1.1505190317672904,0.0,100.4084,0.0,582000.0,72000.0,2.4979423868312756,0.8076994155577091,325.78239211616,0.0001004084,0.0,582000.0,72000.0,2.4979423868312756,0.0008076994155577091,1.0567200373558447,1.1655617823120374,0.0,1.123980079007846,0.4169054441260745,0.2857142857142857,0.0,6.977011494252873,1.0758731456543285,41,ga,False,0,37,37,60,41,True,987.5438735000789,,,,
HNN,comm-only,ablation,B-2-v4-ablation,comm-only,42,ga_seed,,D:\HNOCS\out\experimental results\B-2-v4-ablation\comm-only\seed_42\gen_60\hnn\metrics.json,D:\HNOCS\out\experimental results\B-2-v4-ablation\comm-only\seed_42\gen_60\hnn\history.json,D:\HNOCS\out\experimental results\B-2-v4-ablation\comm-only\seed_42\gen_60\hnn\metrics.json,baseline_normalized_v2,w_T=0.0;w_sigma=0.0;w_hot=0.0;w_makespan=0.0;w_H=0.4;w_congestion=0.7;w_D=0.0;w_L=0.0;w_E=0.0,0.6684328358208955,6.105024122391296,True,True,,vec,16,True,,58.85236126525001,2.125246422130124,11.0,256.583186,10.531094397415712,1171456.0,106496.0,0.6524453694068678,4.978970422652898,332.00236126525,0.000256583186,10.531094397415712,1171456.0,106496.0,0.6524453694068678,0.004978970422652898,1.2985481379738764,0.8659022382061213,0.6875,1.2628522076937398,0.5335820895522388,0.65,0.9451721305863823,2.154639175257732,1.070443147743632,31,ga,False,0,0,0,60,31,True,65.79649300035089,,,,
GEMM,comm-only,ablation,B-2-v4-ablation,comm-only,43,ga_seed,,D:\HNOCS\out\experimental results\B-2-v4-ablation\comm-only\seed_43\gen_60\gemm\metrics.json,D:\HNOCS\out\experimental results\B-2-v4-ablation\comm-only\seed_43\gen_60\gemm\history.json,D:\HNOCS\out\experimental results\B-2-v4-ablation\comm-only\seed_43\gen_60\gemm\metrics.json,baseline_normalized_v2,w_T=0.0;w_sigma=0.0;w_hot=0.0;w_makespan=0.0;w_H=0.4;w_congestion=0.7;w_D=0.0;w_L=0.0;w_E=0.0,0.10285204991087343,6.998579499272475,True,True,,vec,16,True,,52.596902411140036,0.9991392000047308,0.0,295.7966,0.0,10240.0,2048.0,8.88057925014878,2.4720267326518246,325.74690241114,0.0002957966,0.0,10240.0,2048.0,8.88057925014878,0.0024720267326518246,0.7647207765914154,0.4661303111090132,0.0,2.456680370416511,0.09803921568627451,0.09090909090909091,0.0,9.650140116404398,1.5736637877609612,48,ga,False,0,0,0,60,48,True,78.65147139970213,,,,
MPEG4,comm-only,ablation,B-2-v4-ablation,comm-only,43,ga_seed,,D:\HNOCS\out\experimental results\B-2-v4-ablation\comm-only\seed_43\gen_60\mpeg4\metrics.json,D:\HNOCS\out\experimental results\B-2-v4-ablation\comm-only\seed_43\gen_60\mpeg4\history.json,D:\HNOCS\out\experimental results\B-2-v4-ablation\comm-only\seed_43\gen_60\mpeg4\metrics.json,baseline_normalized_v2,w_T=0.0;w_sigma=0.0;w_hot=0.0;w_makespan=0.0;w_H=0.4;w_congestion=0.7;w_D=0.0;w_L=0.0;w_E=0.0,0.17298701298701297,5.957244891346435,True,True,,vec,16,True,,53.148810014160006,1.188266722958639,0.0,140.11260000000001,0.0,48000.0,16000.0,5.921301499410652,1.228225878018173,326.29881001416,0.0001401126,0.0,48000.0,16000.0,5.921301499410652,0.001228225878018173,0.8626147598711069,0.9137815665204279,0.0,1.1478062978670418,0.11428571428571428,0.18181818181818182,0.0,10.442065065016678,1.0841619630482011,44,ga,False,0,0,0,60,44,True,58.41143940016627,,,,
VOPD,comm-only,ablation,B-2-v4-ablation,comm-only,43,ga_seed,,D:\HNOCS\out\experimental results\B-2-v4-ablation\comm-only\seed_43\gen_60\vopd\metrics.json,D:\HNOCS\out\experimental results\B-2-v4-ablation\comm-only\seed_43\gen_60\vopd\history.json,D:\HNOCS\out\experimental results\B-2-v4-ablation\comm-only\seed_43\gen_60\vopd\metrics.json,baseline_normalized_v2,w_T=0.0;w_sigma=0.0;w_hot=0.0;w_makespan=0.0;w_H=0.4;w_congestion=0.7;w_D=0.0;w_L=0.0;w_E=0.0,0.2396688952562878,6.4163662816165905,True,True,,vec,16,True,,53.51705151394003,1.0833480058104907,0.0,98.9161,0.0,216000.0,64000.0,3.6502057613168724,0.7990430327833671,326.66705151394,9.89161e-05,0.0,216000.0,64000.0,3.6502057613168724,0.0007990430327833671,1.1792029100439458,1.0975125118765254,0.0,1.1072751472301918,0.15472779369627507,0.25396825396825395,0.0,10.195402298850576,1.0643426559869706,32,ga,False,0,19,19,60,32,True,520.4882316999137,,,,
HNN,comm-only,ablation,B-2-v4-ablation,comm-only,43,ga_seed,,D:\HNOCS\out\experimental results\B-2-v4-ablation\comm-only\seed_43\gen_60\hnn\metrics.json,D:\HNOCS\out\experimental results\B-2-v4-ablation\comm-only\seed_43\gen_60\hnn\history.json,D:\HNOCS\out\experimental results\B-2-v4-ablation\comm-only\seed_43\gen_60\hnn\metrics.json,baseline_normalized_v2,w_T=0.0;w_sigma=0.0;w_hot=0.0;w_makespan=0.0;w_H=0.4;w_congestion=0.7;w_D=0.0;w_L=0.0;w_E=0.0,0.5470149253731343,6.294930488165166,True,True,,vec,16,True,,55.50598873707003,1.75390692602549,9.0,367.44926,1.4252526065480644,1081344.0,81920.0,1.4120707596253903,5.180907159962952,328.65598873707,0.00036744926,1.4252526065480644,1081344.0,81920.0,1.4120707596253903,0.005180907159962952,0.9848524631190795,0.7146051003951309,0.5625,1.8085133185867874,0.4925373134328358,0.5,0.12791728873737984,4.6632302405498285,1.1138581067375195,45,ga,False,0,0,0,60,45,True,97.80207510013133,,,,
GEMM,comm-only,ablation,B-2-v4-ablation,comm-only,44,ga_seed,,D:\HNOCS\out\experimental results\B-2-v4-ablation\comm-only\seed_44\gen_60\gemm\metrics.json,D:\HNOCS\out\experimental results\B-2-v4-ablation\comm-only\seed_44\gen_60\gemm\history.json,D:\HNOCS\out\experimental results\B-2-v4-ablation\comm-only\seed_44\gen_60\gemm\metrics.json,baseline_normalized_v2,w_T=0.0;w_sigma=0.0;w_hot=0.0;w_makespan=0.0;w_H=0.4;w_congestion=0.7;w_D=0.0;w_L=0.0;w_E=0.0,0.10285204991087343,7.383457086007242,True,True,,vec,16,True,,54.14167089704,1.2565952819867385,1.0,295.84659999999997,0.034676666666666876,10240.0,2048.0,8.88057925014878,2.475826036046763,327.29167089704,0.0002958466,0.034676666666666876,10240.0,2048.0,8.88057925014878,0.0024758260360467628,0.9202205437674545,0.5862417866577783,0.16666666666666666,2.457095635563307,0.09803921568627451,0.09090909090909091,0.018896823526705853,9.650140116404398,1.5760823806072115,36,ga,False,0,0,0,60,36,True,62.359040800482035,,,,
MPEG4,comm-only,ablation,B-2-v4-ablation,comm-only,44,ga_seed,,D:\HNOCS\out\experimental results\B-2-v4-ablation\comm-only\seed_44\gen_60\mpeg4\metrics.json,D:\HNOCS\out\experimental results\B-2-v4-ablation\comm-only\seed_44\gen_60\mpeg4\history.json,D:\HNOCS\out\experimental results\B-2-v4-ablation\comm-only\seed_44\gen_60\mpeg4\metrics.json,baseline_normalized_v2,w_T=0.0;w_sigma=0.0;w_hot=0.0;w_makespan=0.0;w_H=0.4;w_congestion=0.7;w_D=0.0;w_L=0.0;w_E=0.0,0.21870129870129867,6.926765064998158,True,True,,vec,16,True,,54.622198234790005,1.2889206591842453,2.0,141.4484,0.16265456439393935,96000.0,16000.0,3.5529453688221264,1.239536198931696,327.77219823479,0.0001414484,0.16265456439393935,96000.0,16000.0,3.5529453688221264,0.001239536198931696,1.0185843338244982,0.9911848209780412,1.0,1.1587492084453253,0.22857142857142856,0.18181818181818182,2.2690423057842817,6.2655290762314495,1.0941456475998539,43,ga,False,0,0,0,60,43,True,57.336464799940586,,,,
VOPD,comm-only,ablation,B-2-v4-ablation,comm-only,44,ga_seed,,D:\HNOCS\out\experimental results\B-2-v4-ablation\comm-only\seed_44\gen_60\vopd\metrics.json,D:\HNOCS\out\experimental results\B-2-v4-ablation\comm-only\seed_44\gen_60\vopd\history.json,D:\HNOCS\out\experimental results\B-2-v4-ablation\comm-only\seed_44\gen_60\vopd\metrics.json,baseline_normalized_v2,w_T=0.0;w_sigma=0.0;w_hot=0.0;w_makespan=0.0;w_H=0.4;w_congestion=0.7;w_D=0.0;w_L=0.0;w_E=0.0,0.22225405921680993,7.35177699974787,True,True,,vec,16,True,,52.106017533440024,1.0937324383492464,0.0,103.6583,0.0,194000.0,60000.0,5.54320987654321,0.8238070026464936,325.25601753344,0.0001036583,0.0,194000.0,60000.0,5.54320987654321,0.0008238070026464937,0.983842417829807,1.108032718291172,0.0,1.1603597330882576,0.13896848137535817,0.23809523809523808,0.0,15.482758620689655,1.0973288011324815,47,ga,False,0,31,31,60,47,True,838.0159226004034,,,,
HNN,comm-only,ablation,B-2-v4-ablation,comm-only,44,ga_seed,,D:\HNOCS\out\experimental results\B-2-v4-ablation\comm-only\seed_44\gen_60\hnn\metrics.json,D:\HNOCS\out\experimental results\B-2-v4-ablation\comm-only\seed_44\gen_60\hnn\history.json,D:\HNOCS\out\experimental results\B-2-v4-ablation\comm-only\seed_44\gen_60\hnn\metrics.json,baseline_normalized_v2,w_T=0.0;w_sigma=0.0;w_hot=0.0;w_makespan=0.0;w_H=0.4;w_congestion=0.7;w_D=0.0;w_L=0.0;w_E=0.0,0.49776119402985075,5.843607894563964,True,True,,vec,16,True,,58.546203584989996,1.8092857278603327,12.0,243.71113,13.865059209141576,811008.0,81920.0,0.631633714880333,4.9721711680413625,331.69620358499,0.00024371113,13.865059209141576,811008.0,81920.0,0.631633714880333,0.004972171168041362,1.2698483027605572,0.7371684266798546,0.75,1.199498468149959,0.3694029850746269,0.5,1.244397501234683,2.0859106529209623,1.0689813564713704,60,ga,False,0,0,0,60,60,False,123.90565990004689,,,,
GEMM,comm-only,ablation,B-2-v4-ablation,comm-only,45,ga_seed,,D:\HNOCS\out\experimental results\B-2-v4-ablation\comm-only\seed_45\gen_60\gemm\metrics.json,D:\HNOCS\out\experimental results\B-2-v4-ablation\comm-only\seed_45\gen_60\gemm\history.json,D:\HNOCS\out\experimental results\B-2-v4-ablation\comm-only\seed_45\gen_60\gemm\metrics.json,baseline_normalized_v2,w_T=0.0;w_sigma=0.0;w_hot=0.0;w_makespan=0.0;w_H=0.4;w_congestion=0.7;w_D=0.0;w_L=0.0;w_E=0.0,0.11461675579322637,6.942490647655911,True,True,,vec,16,True,,52.00435975384005,0.9778585434961214,0.0,295.9466,0.0,13312.0,2048.0,8.88057925014878,2.4727374907171153,325.15435975384,0.0002959466,0.0,13312.0,2048.0,8.88057925014878,0.0024727374907171154,0.7050741395108177,0.4562022059571834,0.0,2.4579261658569,0.12745098039215685,0.09090909090909091,0.0,9.650140116404398,1.5741162481710504,50,ga,False,0,0,0,60,50,True,82.27908139955252,,,,
MPEG4,comm-only,ablation,B-2-v4-ablation,comm-only,45,ga_seed,,D:\HNOCS\out\experimental results\B-2-v4-ablation\comm-only\seed_45\gen_60\mpeg4\metrics.json,D:\HNOCS\out\experimental results\B-2-v4-ablation\comm-only\seed_45\gen_60\mpeg4\history.json,D:\HNOCS\out\experimental results\B-2-v4-ablation\comm-only\seed_45\gen_60\mpeg4\metrics.json,baseline_normalized_v2,w_T=0.0;w_sigma=0.0;w_hot=0.0;w_makespan=0.0;w_H=0.4;w_congestion=0.7;w_D=0.0;w_L=0.0;w_E=0.0,0.2263203463203463,5.093543448568608,True,True,,vec,16,True,,52.800476545950005,1.1236464262009722,0.0,140.5482,0.0,104000.0,16000.0,3.5529453688221264,1.2294886670785439,325.95047654595,0.0001405482,0.0,104000.0,16000.0,3.5529453688221264,0.0012294886670785438,0.8257409598300082,0.8640883159569422,0.0,1.151374745125539,0.24761904761904763,0.18181818181818182,0.0,6.2655290762314495,1.085276634128749,40,ga,False,0,0,0,60,40,True,52.58383599948138,,,,
VOPD,comm-only,ablation,B-2-v4-ablation,comm-only,45,ga_seed,,D:\HNOCS\out\experimental results\B-2-v4-ablation\comm-only\seed_45\gen_60\vopd\metrics.json,D:\HNOCS\out\experimental results\B-2-v4-ablation\comm-only\seed_45\gen_60\vopd\history.json,D:\HNOCS\out\experimental results\B-2-v4-ablation\comm-only\seed_45\gen_60\vopd\metrics.json,baseline_normalized_v2,w_T=0.0;w_sigma=0.0;w_hot=0.0;w_makespan=0.0;w_H=0.4;w_congestion=0.7;w_D=0.0;w_L=0.0;w_E=0.0,0.23164597262018463,6.880461443511167,True,True,,vec,16,True,,51.575026015540004,0.9594775778196063,0.0,104.3941,0.0,188000.0,64000.0,5.035665294924554,0.827501475503208,324.72502601554,0.0001043941,0.0,188000.0,64000.0,5.035665294924554,0.000827501475503208,0.9103255743433577,0.9720225088097941,0.0,1.168596340206128,0.1346704871060172,0.25396825396825395,0.0,14.06513409961686,1.1022499191342114,48,ga,False,0,23,23,60,48,True,636.4862695001066,,,,
HNN,comm-only,ablation,B-2-v4-ablation,comm-only,45,ga_seed,,D:\HNOCS\out\experimental results\B-2-v4-ablation\comm-only\seed_45\gen_60\hnn\metrics.json,D:\HNOCS\out\experimental results\B-2-v4-ablation\comm-only\seed_45\gen_60\hnn\history.json,D:\HNOCS\out\experimental results\B-2-v4-ablation\comm-only\seed_45\gen_60\hnn\metrics.json,baseline_normalized_v2,w_T=0.0;w_sigma=0.0;w_hot=0.0;w_makespan=0.0;w_H=0.4;w_congestion=0.7;w_D=0.0;w_L=0.0;w_E=0.0,0.5715671641791045,5.65282514564759,True,True,,vec,16,True,,58.27520409393003,2.1364532173954958,11.0,244.21259999999998,5.58229038461537,1024000.0,90112.0,0.6129032258064516,4.709634446016381,331.42520409393,0.0002442126,5.58229038461537,1024000.0,90112.0,0.6129032258064516,0.004709634446016381,1.2444442667432047,0.8704682918187077,0.6875,1.2019666053122755,0.4664179104477612,0.55,0.5010139589740596,2.0240549828178693,1.0125378327572896,60,ga,False,0,0,0,60,60,False,129.66117310058326,,,,
GEMM,comm-only,ablation,B-2-v4-ablation,comm-only,46,ga_seed,,D:\HNOCS\out\experimental results\B-2-v4-ablation\comm-only\seed_46\gen_60\gemm\metrics.json,D:\HNOCS\out\experimental results\B-2-v4-ablation\comm-only\seed_46\gen_60\gemm\history.json,D:\HNOCS\out\experimental results\B-2-v4-ablation\comm-only\seed_46\gen_60\gemm\metrics.json,baseline_normalized_v2,w_T=0.0;w_sigma=0.0;w_hot=0.0;w_makespan=0.0;w_H=0.4;w_congestion=0.7;w_D=0.0;w_L=0.0;w_E=0.0,0.11898395721925133,7.312015588131365,True,True,,vec,16,True,,52.59690180604002,0.9883482241283512,0.0,295.7,0.0,6144.0,3072.0,10.277127554056735,2.471359549314132,325.74690180604,0.0002957,0.0,6144.0,3072.0,10.277127554056735,0.002471359549314132,0.7647207156807274,0.4610959766114749,0.0,2.4558780781529004,0.058823529411764705,0.13636363636363635,0.0,11.167708557878854,1.5732390665213176,40,ga,False,0,0,0,60,40,True,63.12187509983778,,,,
MPEG4,comm-only,ablation,B-2-v4-ablation,comm-only,46,ga_seed,,D:\HNOCS\out\experimental results\B-2-v4-ablation\comm-only\seed_46\gen_60\mpeg4\metrics.json,D:\HNOCS\out\experimental results\B-2-v4-ablation\comm-only\seed_46\gen_60\mpeg4\history.json,D:\HNOCS\out\experimental results\B-2-v4-ablation\comm-only\seed_46\gen_60\mpeg4\metrics.json,baseline_normalized_v2,w_T=0.0;w_sigma=0.0;w_hot=0.0;w_makespan=0.0;w_H=0.4;w_congestion=0.7;w_D=0.0;w_L=0.0;w_E=0.0,0.17298701298701297,5.383851707211302,True,True,,vec,16,True,,51.619562557639995,1.0839434274431687,0.0,147.9876,0.0,48000.0,16000.0,4.710808365998739,1.2695412507948063,324.76956255764,0.0001479876,0.0,48000.0,16000.0,4.710808365998739,0.0012695412507948063,0.7007320524331804,0.8335565610070671,0.0,1.212318515866729,0.11428571428571428,0.18181818181818182,0.0,8.307391115193116,1.1206312774106852,45,ga,False,0,0,0,60,45,True,59.61682659946382,,,,
VOPD,comm-only,ablation,B-2-v4-ablation,comm-only,46,ga_seed,,D:\HNOCS\out\experimental results\B-2-v4-ablation\comm-only\seed_46\gen_60\vopd\metrics.json,D:\HNOCS\out\experimental results\B-2-v4-ablation\comm-only\seed_46\gen_60\vopd\history.json,D:\HNOCS\out\experimental results\B-2-v4-ablation\comm-only\seed_46\gen_60\vopd\metrics.json,baseline_normalized_v2,w_T=0.0;w_sigma=0.0;w_hot=0.0;w_makespan=0.0;w_H=0.4;w_congestion=0.7;w_D=0.0;w_L=0.0;w_E=0.0,0.2517032792104425,6.409983805045918,True,True,,vec,16,True,,53.51557083025,1.1590634922889622,0.0,97.8363,0.0,258000.0,64000.0,3.513031550068587,0.7933612851249346,326.66557083025,9.78363e-05,0.0,258000.0,64000.0,3.513031550068587,0.0007933612851249346,1.17899790640938,1.1742179595325364,0.0,1.095187775164581,0.18481375358166188,0.25396825396825395,0.0,9.812260536398467,1.056774444832737,52,ga,False,0,35,35,60,52,True,944.8803701000288,,,,
HNN,comm-only,ablation,B-2-v4-ablation,comm-only,46,ga_seed,,D:\HNOCS\out\experimental results\B-2-v4-ablation\comm-only\seed_46\gen_60\hnn\metrics.json,D:\HNOCS\out\experimental results\B-2-v4-ablation\comm-only\seed_46\gen_60\hnn\history.json,D:\HNOCS\out\experimental results\B-2-v4-ablation\comm-only\seed_46\gen_60\hnn\metrics.json,baseline_normalized_v2,w_T=0.0;w_sigma=0.0;w_hot=0.0;w_makespan=0.0;w_H=0.4;w_congestion=0.7;w_D=0.0;w_L=0.0;w_E=0.0,0.4516417910447761,5.598482857497673,True,True,,vec,16,True,,57.530898381019995,2.0466734713209687,12.0,249.57059999999998,8.517673177684312,942080.0,65536.0,0.5816857440166493,4.877339338935717,330.68089838102,0.0002495706,8.517673177684312,942080.0,65536.0,0.5816857440166493,0.004877339338935717,1.1746715558619742,0.8338887769624532,0.75,1.2283376323242445,0.4291044776119403,0.4,0.7644663509013805,1.9209621993127146,1.048593189232561,60,ga,False,0,0,0,60,60,False,129.39672989957035,,,,
GEMM,comm-only,ablation,B-2-v4-ablation,comm-only,47,ga_seed,,D:\HNOCS\out\experimental results\B-2-v4-ablation\comm-only\seed_47\gen_60\gemm\metrics.json,D:\HNOCS\out\experimental results\B-2-v4-ablation\comm-only\seed_47\gen_60\gemm\history.json,D:\HNOCS\out\experimental results\B-2-v4-ablation\comm-only\seed_47\gen_60\gemm\metrics.json,baseline_normalized_v2,w_T=0.0;w_sigma=0.0;w_hot=0.0;w_makespan=0.0;w_H=0.4;w_congestion=0.7;w_D=0.0;w_L=0.0;w_E=0.0,0.10285204991087343,6.993191053079472,True,True,,vec,16,True,,52.596902449380025,0.985120570472429,0.0,295.89660000000003,0.0,10240.0,2048.0,8.88057925014878,2.4725138652388563,325.74690244938,0.0002958966,0.0,10240.0,2048.0,8.88057925014878,0.0024725138652388562,0.7647207804407361,0.45959017321312956,0.0,2.4575109007101035,0.09803921568627451,0.09090909090909091,0.0,9.650140116404398,1.5739738907634588,43,ga,False,0,0,0,60,43,True,74.82358689978719,,,,
MPEG4,comm-only,ablation,B-2-v4-ablation,comm-only,47,ga_seed,,D:\HNOCS\out\experimental results\B-2-v4-ablation\comm-only\seed_47\gen_60\mpeg4\metrics.json,D:\HNOCS\out\experimental results\B-2-v4-ablation\comm-only\seed_47\gen_60\mpeg4\history.json,D:\HNOCS\out\experimental results\B-2-v4-ablation\comm-only\seed_47\gen_60\mpeg4\metrics.json,baseline_normalized_v2,w_T=0.0;w_sigma=0.0;w_hot=0.0;w_makespan=0.0;w_H=0.4;w_congestion=0.7;w_D=0.0;w_L=0.0;w_E=0.0,0.1882251082251082,6.50289129886935,True,True,,vec,16,True,,54.15384826080003,1.3793308618017786,1.0,148.0318,0.0549327777777775,64000.0,16000.0,4.710808365998739,1.2727421804665184,327.3038482608,0.0001480318,0.0549327777777775,64000.0,16000.0,4.710808365998739,0.0012727421804665183,0.9690058555378567,1.0607106058721743,0.5,1.2126806034902953,0.1523809523809524,0.18181818181818182,0.766316009737924,8.307391115193116,1.123456756224128,60,ga,False,0,0,0,60,60,True,79.78757950011641,,,,
VOPD,comm-only,ablation,B-2-v4-ablation,comm-only,47,ga_seed,,D:\HNOCS\out\experimental results\B-2-v4-ablation\comm-only\seed_47\gen_60\vopd\metrics.json,D:\HNOCS\out\experimental results\B-2-v4-ablation\comm-only\seed_47\gen_60\vopd\history.json,D:\HNOCS\out\experimental results\B-2-v4-ablation\comm-only\seed_47\gen_60\vopd\metrics.json,baseline_normalized_v2,w_T=0.0;w_sigma=0.0;w_hot=0.0;w_makespan=0.0;w_H=0.4;w_congestion=0.7;w_D=0.0;w_L=0.0;w_E=0.0,0.2356574339382362,6.227072043083278,True,True,,vec,16,True,,53.5151229361,1.1291899333504916,0.0,98.8181,0.0,202000.0,64000.0,3.2386831275720165,0.7986592862971995,326.6651229361,9.88181e-05,0.0,202000.0,64000.0,3.2386831275720165,0.0007986592862971996,1.1789358945635897,1.1439538112317107,0.0,1.1061781269834516,0.14469914040114612,0.25396825396825395,0.0,9.045977011494253,1.0638314973414962,48,ga,False,0,22,22,60,48,True,615.450185299851,,,,
HNN,comm-only,ablation,B-2-v4-ablation,comm-only,47,ga_seed,,D:\HNOCS\out\experimental results\B-2-v4-ablation\comm-only\seed_47\gen_60\hnn\metrics.json,D:\HNOCS\out\experimental results\B-2-v4-ablation\comm-only\seed_47\gen_60\hnn\history.json,D:\HNOCS\out\experimental results\B-2-v4-ablation\comm-only\seed_47\gen_60\hnn\metrics.json,baseline_normalized_v2,w_T=0.0;w_sigma=0.0;w_hot=0.0;w_makespan=0.0;w_H=0.4;w_congestion=0.7;w_D=0.0;w_L=0.0;w_E=0.0,0.5380597014925373,6.0651951382911005,True,True,,vec,16,True,,58.19499397274001,2.0071939079798677,11.0,304.01649199999997,6.982257918888013,1032192.0,81920.0,0.7107180020811654,5.063002307758345,331.34499397274,0.000304016492,6.982257918888013,1032192.0,81920.0,0.7107180020811654,0.005063002307758345,1.2369252090516292,0.8178033753334997,0.6875,1.4963096533437936,0.4701492537313433,0.5,0.6266618970881599,2.347079037800687,1.0885094040109626,60,ga,False,0,0,0,60,60,False,129.42979929968715,,,,
GEMM,comm-only,ablation,B-2-v4-ablation,comm-only,48,ga_seed,,D:\HNOCS\out\experimental results\B-2-v4-ablation\comm-only\seed_48\gen_60\gemm\metrics.json,D:\HNOCS\out\experimental results\B-2-v4-ablation\comm-only\seed_48\gen_60\gemm\history.json,D:\HNOCS\out\experimental results\B-2-v4-ablation\comm-only\seed_48\gen_60\gemm\metrics.json,baseline_normalized_v2,w_T=0.0;w_sigma=0.0;w_hot=0.0;w_makespan=0.0;w_H=0.4;w_congestion=0.7;w_D=0.0;w_L=0.0;w_E=0.0,0.0,8.857975012267797,True,True,,vec,16,True,,51.42766166734003,1.105548899301815,0.0,355.75,0.0,0.0,0.0,15.0,2.7951340212378026,324.57766166734,0.00035575,0.0,0.0,0.0,15.0,0.0027951340212378026,0.6470224515069837,0.5157738304886268,0.0,2.954611519455172,0.0,0.0,0.0,16.299849105410647,1.7793501716876998,51,ga,False,0,0,0,60,51,True,89.86589990090579,,,,
MPEG4,comm-only,ablation,B-2-v4-ablation,comm-only,48,ga_seed,,D:\HNOCS\out\experimental results\B-2-v4-ablation\comm-only\seed_48\gen_60\mpeg4\metrics.json,D:\HNOCS\out\experimental results\B-2-v4-ablation\comm-only\seed_48\gen_60\mpeg4\history.json,D:\HNOCS\out\experimental results\B-2-v4-ablation\comm-only\seed_48\gen_60\mpeg4\metrics.json,baseline_normalized_v2,w_T=0.0;w_sigma=0.0;w_hot=0.0;w_makespan=0.0;w_H=0.4;w_congestion=0.7;w_D=0.0;w_L=0.0;w_E=0.0,0.1971861471861472,7.151852991394072,True,True,,vec,16,True,,51.546241010890014,1.088929245267427,0.0,193.0982,0.0,40000.0,20000.0,8.105452153175627,1.5119760805796398,324.69624101089,0.0001930982,0.0,40000.0,20000.0,8.105452153175627,0.00151197608057964,0.6929703978685008,0.8373906736131094,0.0,1.5818657998409107,0.09523809523809523,0.22727272727272727,0.0,14.293759365785279,1.3346298795203313,60,ga,False,0,0,0,60,60,False,79.17324909940362,,,,
VOPD,comm-only,ablation,B-2-v4-ablation,comm-only,48,ga_seed,,D:\HNOCS\out\experimental results\B-2-v4-ablation\comm-only\seed_48\gen_60\vopd\metrics.json,D:\HNOCS\out\experimental results\B-2-v4-ablation\comm-only\seed_48\gen_60\vopd\history.json,D:\HNOCS\out\experimental results\B-2-v4-ablation\comm-only\seed_48\gen_60\vopd\metrics.json,baseline_normalized_v2,w_T=0.0;w_sigma=0.0;w_hot=0.0;w_makespan=0.0;w_H=0.4;w_congestion=0.7;w_D=0.0;w_L=0.0;w_E=0.0,0.21330786373766314,6.723350039473293,True,True,,vec,16,True,,51.26236839470005,0.866299326332293,0.0,104.3461,0.0,124000.0,64000.0,5.035665294924554,0.8268349614895105,324.4123683947,0.0001043461,0.0,124000.0,64000.0,5.035665294924554,0.0008268349614895105,0.8670374979781441,0.8776259748303031,0.0,1.1680590241669082,0.08882521489971347,0.25396825396825395,0.0,14.06513409961686,1.1013621080070433,57,ga,False,0,19,19,60,57,True,546.5103295994923,,,,
HNN,comm-only,ablation,B-2-v4-ablation,comm-only,48,ga_seed,,D:\HNOCS\out\experimental results\B-2-v4-ablation\comm-only\seed_48\gen_60\hnn\metrics.json,D:\HNOCS\out\experimental results\B-2-v4-ablation\comm-only\seed_48\gen_60\hnn\history.json,D:\HNOCS\out\experimental results\B-2-v4-ablation\comm-only\seed_48\gen_60\hnn\metrics.json,baseline_normalized_v2,w_T=0.0;w_sigma=0.0;w_hot=0.0;w_makespan=0.0;w_H=0.4;w_congestion=0.7;w_D=0.0;w_L=0.0;w_E=0.0,0.5380597014925373,6.456241279558006,True,True,,vec,16,True,,58.881456854440046,1.6517159383342508,12.0,334.8328,10.879103963000535,1032192.0,81920.0,0.8397502601456815,5.313271265379315,332.03145685444,0.0003348328,10.879103963000535,1032192.0,81920.0,0.8397502601456815,0.005313271265379315,1.3012756168810828,0.67296879693172,0.75,1.6479814881099668,0.4701492537313433,0.5,0.9764062008696157,2.7731958762886597,1.1423154458302605,60,ga,False,0,0,0,60,60,False,131.73521840013564,,,,
GEMM,comm-only,ablation,B-2-v4-ablation,comm-only,49,ga_seed,,D:\HNOCS\out\experimental results\B-2-v4-ablation\comm-only\seed_49\gen_60\gemm\metrics.json,D:\HNOCS\out\experimental results\B-2-v4-ablation\comm-only\seed_49\gen_60\gemm\history.json,D:\HNOCS\out\experimental results\B-2-v4-ablation\comm-only\seed_49\gen_60\gemm\metrics.json,baseline_normalized_v2,w_T=0.0;w_sigma=0.0;w_hot=0.0;w_makespan=0.0;w_H=0.4;w_congestion=0.7;w_D=0.0;w_L=0.0;w_E=0.0,0.0,8.666909192119425,True,True,,vec,16,True,,50.62486247799001,0.8722720114528478,0.0,355.70000000000005,0.0,0.0,0.0,15.0,2.7922283031017083,323.77486247799,0.0003557,0.0,0.0,0.0,15.0,0.002792228303101708,0.5662109330351304,0.40694272036196316,0.0,2.954196254308376,0.0,0.0,0.0,16.299849105410647,1.7775004249402981,33,ga,False,0,0,0,60,33,True,59.85823740065098,,,,
MPEG4,comm-only,ablation,B-2-v4-ablation,comm-only,49,ga_seed,,D:\HNOCS\out\experimental results\B-2-v4-ablation\comm-only\seed_49\gen_60\mpeg4\metrics.json,D:\HNOCS\out\experimental results\B-2-v4-ablation\comm-only\seed_49\gen_60\mpeg4\history.json,D:\HNOCS\out\experimental results\B-2-v4-ablation\comm-only\seed_49\gen_60\mpeg4\metrics.json,baseline_normalized_v2,w_T=0.0;w_sigma=0.0;w_hot=0.0;w_makespan=0.0;w_H=0.4;w_congestion=0.7;w_D=0.0;w_L=0.0;w_E=0.0,0.28995670995670997,6.640946264466458,True,True,,vec,16,True,,54.5653003173,1.2435260185320696,2.0,141.8722,0.16088231578947376,104000.0,24000.0,2.672267755818097,1.2399692075876174,327.7153003173,0.0001418722,0.16088231578947376,104000.0,24000.0,2.672267755818097,0.0012399692075876175,1.0125612478343329,0.9562761720650303,1.0,1.1622209897771687,0.24761904761904763,0.2727272727272727,2.2443193164548205,4.712476434475758,1.0945278668014051,27,ga,False,0,0,0,60,27,True,35.252027600072324,,,,
VOPD,comm-only,ablation,B-2-v4-ablation,comm-only,49,ga_seed,,D:\HNOCS\out\experimental results\B-2-v4-ablation\comm-only\seed_49\gen_60\vopd\metrics.json,D:\HNOCS\out\experimental results\B-2-v4-ablation\comm-only\seed_49\gen_60\vopd\history.json,D:\HNOCS\out\experimental results\B-2-v4-ablation\comm-only\seed_49\gen_60\vopd\metrics.json,baseline_normalized_v2,w_T=0.0;w_sigma=0.0;w_hot=0.0;w_makespan=0.0;w_H=0.4;w_congestion=0.7;w_D=0.0;w_L=0.0;w_E=0.0,0.3025787965616046,5.664053094114829,True,True,,vec,16,True,,52.14492504934003,1.0289888927467548,0.0,99.28229999999999,0.0,358000.0,72000.0,2.618655692729767,0.8007644866350438,325.29492504934,9.92823e-05,0.0,358000.0,72000.0,2.618655692729767,0.0008007644866350438,0.9892292416498552,1.0424426669126006,0.0,1.1113744208460712,0.25644699140401145,0.2857142857142857,0.0,7.314176245210729,1.066635669866674,33,ga,False,0,20,20,60,33,True,543.3331265002489,,,,
HNN,comm-only,ablation,B-2-v4-ablation,comm-only,49,ga_seed,,D:\HNOCS\out\experimental results\B-2-v4-ablation\comm-only\seed_49\gen_60\hnn\metrics.json,D:\HNOCS\out\experimental results\B-2-v4-ablation\comm-only\seed_49\gen_60\hnn\history.json,D:\HNOCS\out\experimental results\B-2-v4-ablation\comm-only\seed_49\gen_60\hnn\metrics.json,baseline_normalized_v2,w_T=0.0;w_sigma=0.0;w_hot=0.0;w_makespan=0.0;w_H=0.4;w_congestion=0.7;w_D=0.0;w_L=0.0;w_E=0.0,0.5276119402985074,5.839779260311603,True,True,,vec,16,True,,56.82015932453004,1.7506222812530279,12.0,293.131926,5.475610256511075,974848.0,81920.0,0.8772112382934444,4.96400018868977,329.97015932453,0.000293131926,5.475610256511075,974848.0,81920.0,0.8772112382934444,0.00496400018868977,1.108045450700712,0.7132668173468356,0.75,1.4427379504696694,0.44402985074626866,0.5,0.4914393525593352,2.8969072164948453,1.0672246541584842,39,ga,False,0,0,0,60,39,True,85.20779529958963,,,,
GEMM,wout-thermal,ablation,B-2-v4-ablation,wout-thermal,40,ga_seed,,D:\HNOCS\out\experimental results\B-2-v4-ablation\wout-thermal\seed_40\gen_60\gemm\metrics.json,D:\HNOCS\out\experimental results\B-2-v4-ablation\wout-thermal\seed_40\gen_60\gemm\history.json,D:\HNOCS\out\experimental results\B-2-v4-ablation\wout-thermal\seed_40\gen_60\gemm\metrics.json,baseline_normalized_v2,w_T=0.0;w_sigma=0.0;w_hot=0.0;w_makespan=1.2;w_H=0.4;w_congestion=0.7;w_D=0.4;w_L=0.2;w_E=0.5,2.2810611188147587,3.9339391468101437,True,True,,vec,16,True,,53.74700751183002,1.6555891654800325,0.0,116.6186,0.0,43008.0,8192.0,0.9964292799047808,1.517435923728417,326.89700751183,0.0001166186,0.0,43008.0,8192.0,0.9964292799047808,0.001517435923728417,0.8804928660777417,0.7723851619176438,0.0,0.9685528009634152,0.4117647058823529,0.36363636363636365,0.0,1.0827764604440613,0.9659822573429043,27,ga,False,0,0,0,60,27,True,35.77644519973546,,,,
MPEG4,wout-thermal,ablation,B-2-v4-ablation,wout-thermal,40,ga_seed,,D:\HNOCS\out\experimental results\B-2-v4-ablation\wout-thermal\seed_40\gen_60\mpeg4\metrics.json,D:\HNOCS\out\experimental results\B-2-v4-ablation\wout-thermal\seed_40\gen_60\mpeg4\history.json,D:\HNOCS\out\experimental results\B-2-v4-ablation\wout-thermal\seed_40\gen_60\mpeg4\metrics.json,baseline_normalized_v2,w_T=0.0;w_sigma=0.0;w_hot=0.0;w_makespan=1.2;w_H=0.4;w_congestion=0.7;w_D=0.4;w_L=0.2;w_E=0.5,2.3308207973135873,4.11506525813979,True,True,,vec,16,True,,53.08929269014004,1.2066652092067076,0.0,121.2096,0.0,264000.0,24000.0,0.5670623064060744,1.1259477898675312,326.23929269014,0.0001212096,0.0,264000.0,24000.0,0.5670623064060744,0.0011259477898675312,0.8563143893779381,0.9279300714482647,0.0,0.9929523985847454,0.6285714285714286,0.2727272727272727,0.0,1.0,0.993880513348461,53,ga,False,0,0,0,60,53,True,68.37791509926319,,,,
VOPD,wout-thermal,ablation,B-2-v4-ablation,wout-thermal,40,ga_seed,,D:\HNOCS\out\experimental results\B-2-v4-ablation\wout-thermal\seed_40\gen_60\vopd\metrics.json,D:\HNOCS\out\experimental results\B-2-v4-ablation\wout-thermal\seed_40\gen_60\vopd\history.json,D:\HNOCS\out\experimental results\B-2-v4-ablation\wout-thermal\seed_40\gen_60\vopd\metrics.json,baseline_normalized_v2,w_T=0.0;w_sigma=0.0;w_hot=0.0;w_makespan=1.2;w_H=0.4;w_congestion=0.7;w_D=0.4;w_L=0.2;w_E=0.5,2.2888995797970932,4.4150411969020595,True,True,,vec,16,True,,52.990015294510044,1.0067449908461097,0.0,87.3526,0.0,782000.0,72000.0,0.35802469135802467,0.7378738455177449,326.14001529451,8.73526e-05,0.0,782000.0,72000.0,0.35802469135802467,0.0007378738455177449,1.1062336855848467,1.0199079315201192,0.0,0.9778323551569467,0.5601719197707736,0.2857142857142857,0.0,1.0,0.9828639714008957,60,ga,False,0,47,47,60,60,False,1263.7345046000555,,,,
HNN,wout-thermal,ablation,B-2-v4-ablation,wout-thermal,40,ga_seed,,D:\HNOCS\out\experimental results\B-2-v4-ablation\wout-thermal\seed_40\gen_60\hnn\metrics.json,D:\HNOCS\out\experimental results\B-2-v4-ablation\wout-thermal\seed_40\gen_60\hnn\history.json,D:\HNOCS\out\experimental results\B-2-v4-ablation\wout-thermal\seed_40\gen_60\hnn\metrics.json,baseline_normalized_v2,w_T=0.0;w_sigma=0.0;w_hot=0.0;w_makespan=1.2;w_H=0.4;w_congestion=0.7;w_D=0.4;w_L=0.2;w_E=0.5,2.8378916862288652,5.097269500116739,True,True,,vec,16,True,,56.16319521118004,1.7804445728788185,13.0,196.75660000000002,5.3885953354822185,1556480.0,122880.0,0.29864724245577523,4.432983226101985,329.31319521118,0.0001967566,5.3885953354822185,1556480.0,122880.0,0.29864724245577523,0.004432983226101985,1.0464603166018502,0.7254174972860237,0.8125,0.9683974642372477,0.7089552238805971,0.75,0.4836297104463718,0.986254295532646,0.9530597926137025,52,ga,False,0,0,0,60,52,True,104.29348030034453,,,,
GEMM,wout-thermal,ablation,B-2-v4-ablation,wout-thermal,41,ga_seed,,D:\HNOCS\out\experimental results\B-2-v4-ablation\wout-thermal\seed_41\gen_60\gemm\metrics.json,D:\HNOCS\out\experimental results\B-2-v4-ablation\wout-thermal\seed_41\gen_60\gemm\history.json,D:\HNOCS\out\experimental results\B-2-v4-ablation\wout-thermal\seed_41\gen_60\gemm\metrics.json,baseline_normalized_v2,w_T=0.0;w_sigma=0.0;w_hot=0.0;w_makespan=1.2;w_H=0.4;w_congestion=0.7;w_D=0.4;w_L=0.2;w_E=0.5,2.4803488898158466,4.33993589705318,True,True,,vec,16,True,,54.700732400330025,1.6785349714683813,1.0,118.7507,0.30068174999999997,54272.0,10240.0,0.9964292799047808,1.5354162821669894,327.85073240033,0.0001187507,0.30068174999999997,54272.0,10240.0,0.9964292799047808,0.0015354162821669894,0.9764968948143484,0.7830901124229843,0.16666666666666666,0.9862605373530999,0.5196078431372549,0.45454545454545453,0.16385456024563258,1.0827764604440613,0.977428346736683,58,ga,False,0,0,0,60,58,True,77.2715796995908,,,,
MPEG4,wout-thermal,ablation,B-2-v4-ablation,wout-thermal,41,ga_seed,,D:\HNOCS\out\experimental results\B-2-v4-ablation\wout-thermal\seed_41\gen_60\mpeg4\metrics.json,D:\HNOCS\out\experimental results\B-2-v4-ablation\wout-thermal\seed_41\gen_60\mpeg4\history.json,D:\HNOCS\out\experimental results\B-2-v4-ablation\wout-thermal\seed_41\gen_60\mpeg4\metrics.json,baseline_normalized_v2,w_T=0.0;w_sigma=0.0;w_hot=0.0;w_makespan=1.2;w_H=0.4;w_congestion=0.7;w_D=0.4;w_L=0.2;w_E=0.5,2.570226693329119,4.41144975271096,True,True,,vec,16,True,,53.81729818981,1.1805451394877744,0.0,121.1156,0.0,316000.0,48000.0,0.5670623064060744,1.1257145440717542,326.96729818981,0.0001211156,0.0,316000.0,48000.0,0.5670623064060744,0.0011257145440717541,0.9333794195101179,0.9078436398717233,0.0,0.9921823479825903,0.7523809523809524,0.5454545454545454,0.0,1.0,0.9936746259588951,22,ga,False,0,0,0,60,22,True,28.590931900776923,,,,
VOPD,wout-thermal,ablation,B-2-v4-ablation,wout-thermal,41,ga_seed,,D:\HNOCS\out\experimental results\B-2-v4-ablation\wout-thermal\seed_41\gen_60\vopd\metrics.json,D:\HNOCS\out\experimental results\B-2-v4-ablation\wout-thermal\seed_41\gen_60\vopd\history.json,D:\HNOCS\out\experimental results\B-2-v4-ablation\wout-thermal\seed_41\gen_60\vopd\metrics.json,baseline_normalized_v2,w_T=0.0;w_sigma=0.0;w_hot=0.0;w_makespan=1.2;w_H=0.4;w_congestion=0.7;w_D=0.4;w_L=0.2;w_E=0.5,2.4266472935097307,4.550221970283686,True,True,,vec,16,True,,53.01871864604004,1.0002884316800806,0.0,87.4026,0.0,756000.0,124000.0,0.35802469135802467,0.7379961872977866,326.16871864604,8.74026e-05,0.0,756000.0,124000.0,0.35802469135802467,0.0007379961872977866,1.1102077223271147,1.0133669544468409,0.0,0.978392059364467,0.5415472779369628,0.49206349206349204,0.0,1.0,0.9830269333062817,45,ga,False,0,25,25,60,45,True,685.9855711003765,,,,
HNN,wout-thermal,ablation,B-2-v4-ablation,wout-thermal,41,ga_seed,,D:\HNOCS\out\experimental results\B-2-v4-ablation\wout-thermal\seed_41\gen_60\hnn\metrics.json,D:\HNOCS\out\experimental results\B-2-v4-ablation\wout-thermal\seed_41\gen_60\hnn\history.json,D:\HNOCS\out\experimental results\B-2-v4-ablation\wout-thermal\seed_41\gen_60\hnn\metrics.json,baseline_normalized_v2,w_T=0.0;w_sigma=0.0;w_hot=0.0;w_makespan=1.2;w_H=0.4;w_congestion=0.7;w_D=0.4;w_L=0.2;w_E=0.5,2.873008522755603,5.095942056320546,True,True,,vec,16,True,,56.222145015770025,1.7694726618529322,12.0,203.73059999999998,5.135373298607642,1564672.0,122880.0,0.29656607700312176,4.4599609323250355,329.37214501577,0.0002037306,5.135373298607642,1564672.0,122880.0,0.29656607700312176,0.0044599609323250355,1.051986389559266,0.7209471440056775,0.75,1.0027221268691011,0.7126865671641791,0.75,0.46090287854532086,0.979381443298969,0.958859807138175,51,ga,False,0,0,0,60,51,True,103.59236999973655,,,,
GEMM,wout-thermal,ablation,B-2-v4-ablation,wout-thermal,42,ga_seed,,D:\HNOCS\out\experimental results\B-2-v4-ablation\wout-thermal\seed_42\gen_60\gemm\metrics.json,D:\HNOCS\out\experimental results\B-2-v4-ablation\wout-thermal\seed_42\gen_60\gemm\history.json,D:\HNOCS\out\experimental results\B-2-v4-ablation\wout-thermal\seed_42\gen_60\gemm\metrics.json,baseline_normalized_v2,w_T=0.0;w_sigma=0.0;w_hot=0.0;w_makespan=1.2;w_H=0.4;w_congestion=0.7;w_D=0.4;w_L=0.2;w_E=0.5,2.2941218642588566,3.991833926233945,True,True,,vec,16,True,,53.964454048710024,1.7047720636344015,0.0,116.71069999999999,0.0,46080.0,8192.0,0.9964292799047808,1.5186239360212332,327.11445404871,0.0001167107,0.0,46080.0,8192.0,0.9964292799047808,0.0015186239360212332,0.9023815090470327,0.795330552928056,0.0,0.9693177193638137,0.4411764705882353,0.36363636363636365,0.0,1.0827764604440613,0.9667385323054385,34,ga,False,0,0,0,60,34,True,43.56130709964782,,,,
MPEG4,wout-thermal,ablation,B-2-v4-ablation,wout-thermal,42,ga_seed,,D:\HNOCS\out\experimental results\B-2-v4-ablation\wout-thermal\seed_42\gen_60\mpeg4\metrics.json,D:\HNOCS\out\experimental results\B-2-v4-ablation\wout-thermal\seed_42\gen_60\mpeg4\history.json,D:\HNOCS\out\experimental results\B-2-v4-ablation\wout-thermal\seed_42\gen_60\mpeg4\metrics.json,baseline_normalized_v2,w_T=0.0;w_sigma=0.0;w_hot=0.0;w_makespan=1.2;w_H=0.4;w_congestion=0.7;w_D=0.4;w_L=0.2;w_E=0.5,2.422519807610618,4.312661814995082,True,True,,vec,16,True,,53.781265046700014,1.2491187136992685,0.0,121.55069999999999,0.0,268000.0,24000.0,0.803897919464927,1.12822625246201,326.9312650467,0.0001215507,0.0,268000.0,24000.0,0.803897919464927,0.0011282262524620098,0.9295650317605922,0.9605769756238726,0.0,0.995746699227246,0.638095238095238,0.2727272727272727,0.0,1.4176535988785228,0.9958917252300635,34,ga,False,0,0,0,60,34,True,44.225416699424386,,,,
VOPD,wout-thermal,ablation,B-2-v4-ablation,wout-thermal,42,ga_seed,,D:\HNOCS\out\experimental results\B-2-v4-ablation\wout-thermal\seed_42\gen_60\vopd\metrics.json,D:\HNOCS\out\experimental results\B-2-v4-ablation\wout-thermal\seed_42\gen_60\vopd\history.json,D:\HNOCS\out\experimental results\B-2-v4-ablation\wout-thermal\seed_42\gen_60\vopd\metrics.json,baseline_normalized_v2,w_T=0.0;w_sigma=0.0;w_hot=0.0;w_makespan=1.2;w_H=0.4;w_congestion=0.7;w_D=0.4;w_L=0.2;w_E=0.5,2.3096167162447374,4.376849990802312,True,True,,vec,16,True,,52.55132582227003,1.0085504815994137,0.0,87.6906,0.0,834000.0,72000.0,0.35802469135802467,0.7397913855288225,325.70132582227,8.76906e-05,0.0,834000.0,72000.0,0.35802469135802467,0.0007397913855288225,1.0454962459410466,1.0217370286165282,0.0,0.9816159555997845,0.5974212034383954,0.2857142857142857,0.0,1.0,0.9854181762992754,56,ga,False,0,34,34,60,56,True,927.2498866003007,,,,
HNN,wout-thermal,ablation,B-2-v4-ablation,wout-thermal,42,ga_seed,,D:\HNOCS\out\experimental results\B-2-v4-ablation\wout-thermal\seed_42\gen_60\hnn\metrics.json,D:\HNOCS\out\experimental results\B-2-v4-ablation\wout-thermal\seed_42\gen_60\hnn\history.json,D:\HNOCS\out\experimental results\B-2-v4-ablation\wout-thermal\seed_42\gen_60\hnn\metrics.json,baseline_normalized_v2,w_T=0.0;w_sigma=0.0;w_hot=0.0;w_makespan=1.2;w_H=0.4;w_congestion=0.7;w_D=0.4;w_L=0.2;w_E=0.5,2.8693522615775136,5.194333631997547,True,True,,vec,16,True,,57.08564778955002,1.8212632403069984,12.0,199.95669999999998,6.337994693462807,1515520.0,122880.0,0.26742976066597296,4.4939883348572085,330.23564778955,0.0001999567,6.337994693462807,1515520.0,122880.0,0.26742976066597296,0.004493988334857209,1.1329328720799163,0.7420484983401161,0.75,0.9841477299223916,0.6902985074626866,0.75,0.5688388805569409,0.8831615120274914,0.9661754561145895,46,ga,False,0,0,0,60,46,True,93.5327422004193,,,,
GEMM,wout-thermal,ablation,B-2-v4-ablation,wout-thermal,43,ga_seed,,D:\HNOCS\out\experimental results\B-2-v4-ablation\wout-thermal\seed_43\gen_60\gemm\metrics.json,D:\HNOCS\out\experimental results\B-2-v4-ablation\wout-thermal\seed_43\gen_60\gemm\history.json,D:\HNOCS\out\experimental results\B-2-v4-ablation\wout-thermal\seed_43\gen_60\gemm\metrics.json,baseline_normalized_v2,w_T=0.0;w_sigma=0.0;w_hot=0.0;w_makespan=1.2;w_H=0.4;w_congestion=0.7;w_D=0.4;w_L=0.2;w_E=0.5,2.2796576604315435,4.022977950455217,True,True,,vec,16,True,,53.96445404179002,1.8025322137384827,0.0,116.4686,0.0,43008.0,8192.0,0.9964292799047808,1.517723381467173,327.11445404179,0.0001164686,0.0,43008.0,8192.0,0.9964292799047808,0.0015177233814671729,0.9023815083504501,0.8409387816732233,0.0,0.9673070055230265,0.4117647058823529,0.36363636363636365,0.0,1.0827764604440613,0.966165249633407,33,ga,False,0,0,0,60,33,True,42.74289820063859,,,,
MPEG4,wout-thermal,ablation,B-2-v4-ablation,wout-thermal,43,ga_seed,,D:\HNOCS\out\experimental results\B-2-v4-ablation\wout-thermal\seed_43\gen_60\mpeg4\metrics.json,D:\HNOCS\out\experimental results\B-2-v4-ablation\wout-thermal\seed_43\gen_60\mpeg4\history.json,D:\HNOCS\out\experimental results\B-2-v4-ablation\wout-thermal\seed_43\gen_60\mpeg4\metrics.json,baseline_normalized_v2,w_T=0.0;w_sigma=0.0;w_hot=0.0;w_makespan=1.2;w_H=0.4;w_congestion=0.7;w_D=0.4;w_L=0.2;w_E=0.5,2.5820908568032164,4.426996610454097,True,True,,vec,16,True,,53.761641945250005,1.1929954552899165,0.0,121.7796,0.0,320000.0,48000.0,0.5670623064060744,1.1291748865978002,326.91164194525,0.0001217796,0.0,320000.0,48000.0,0.5670623064060744,0.0011291748865978,0.9274877742327063,0.917417979418175,0.0,0.9976218543637704,0.7619047619047619,0.5454545454545454,0.0,1.0,0.9967290899732103,18,ga,False,0,0,0,60,18,True,23.535496999509633,,,,
VOPD,wout-thermal,ablation,B-2-v4-ablation,wout-thermal,43,ga_seed,,D:\HNOCS\out\experimental results\B-2-v4-ablation\wout-thermal\seed_43\gen_60\vopd\metrics.json,D:\HNOCS\out\experimental results\B-2-v4-ablation\wout-thermal\seed_43\gen_60\vopd\history.json,D:\HNOCS\out\experimental results\B-2-v4-ablation\wout-thermal\seed_43\gen_60\vopd\metrics.json,baseline_normalized_v2,w_T=0.0;w_sigma=0.0;w_hot=0.0;w_makespan=1.2;w_H=0.4;w_congestion=0.7;w_D=0.4;w_L=0.2;w_E=0.5,2.3629894111573746,4.641849635338398,True,True,,vec,16,True,,53.78460527568001,1.0488998527470497,0.0,87.2546,0.0,620000.0,72000.0,0.5775034293552812,0.7367015369561646,326.93460527568,8.72546e-05,0.0,620000.0,72000.0,0.5775034293552812,0.0007367015369561646,1.2162462664121207,1.0626139577689013,0.0,0.9767353349102067,0.44412607449856734,0.2857142857142857,0.0,1.6130268199233717,0.9813024309620505,57,ga,False,0,34,34,60,57,True,928.5153428995982,,,,
HNN,wout-thermal,ablation,B-2-v4-ablation,wout-thermal,43,ga_seed,,D:\HNOCS\out\experimental results\B-2-v4-ablation\wout-thermal\seed_43\gen_60\hnn\metrics.json,D:\HNOCS\out\experimental results\B-2-v4-ablation\wout-thermal\seed_43\gen_60\hnn\history.json,D:\HNOCS\out\experimental results\B-2-v4-ablation\wout-thermal\seed_43\gen_60\hnn\metrics.json,baseline_normalized_v2,w_T=0.0;w_sigma=0.0;w_hot=0.0;w_makespan=1.2;w_H=0.4;w_congestion=0.7;w_D=0.4;w_L=0.2;w_E=0.5,2.9437518059176275,5.312421925005786,True,True,,vec,16,True,,57.71714632305003,1.7831979126311708,12.0,201.5607,9.228142101273743,1531904.0,114688.0,0.23829344432882413,4.609601207921504,330.86714632305,0.0002015607,9.228142101273743,1531904.0,114688.0,0.23829344432882413,0.004609601207921503,1.1921308116302511,0.7265393074579067,0.75,0.9920423038916336,0.6977611940298507,0.7,0.8282313691305613,0.7869415807560136,0.9910313996645993,36,ga,False,0,0,0,60,36,True,72.96806399989873,,,,
GEMM,wout-thermal,ablation,B-2-v4-ablation,wout-thermal,44,ga_seed,,D:\HNOCS\out\experimental results\B-2-v4-ablation\wout-thermal\seed_44\gen_60\gemm\metrics.json,D:\HNOCS\out\experimental results\B-2-v4-ablation\wout-thermal\seed_44\gen_60\gemm\history.json,D:\HNOCS\out\experimental results\B-2-v4-ablation\wout-thermal\seed_44\gen_60\gemm\metrics.json,baseline_normalized_v2,w_T=0.0;w_sigma=0.0;w_hot=0.0;w_makespan=1.2;w_H=0.4;w_congestion=0.7;w_D=0.4;w_L=0.2;w_E=0.5,2.264221443248095,3.764643003704245,True,True,,vec,16,True,,53.13120010280005,1.4616732736997564,0.0,116.7428,0.0,49152.0,8192.0,0.8059908748264233,1.5167488881970572,326.2812001028,0.0001167428,0.0,49152.0,8192.0,0.8059908748264233,0.0015167488881970572,0.8185043483137658,0.6819172121423834,0.0,0.969584319588057,0.47058823529411764,0.36363636363636365,0.0,0.8758353093339082,0.9655448984250878,44,ga,False,0,0,0,60,44,True,56.724286099895835,,,,
MPEG4,wout-thermal,ablation,B-2-v4-ablation,wout-thermal,44,ga_seed,,D:\HNOCS\out\experimental results\B-2-v4-ablation\wout-thermal\seed_44\gen_60\mpeg4\metrics.json,D:\HNOCS\out\experimental results\B-2-v4-ablation\wout-thermal\seed_44\gen_60\mpeg4\history.json,D:\HNOCS\out\experimental results\B-2-v4-ablation\wout-thermal\seed_44\gen_60\mpeg4\metrics.json,baseline_normalized_v2,w_T=0.0;w_sigma=0.0;w_hot=0.0;w_makespan=1.2;w_H=0.4;w_congestion=0.7;w_D=0.4;w_L=0.2;w_E=0.5,2.357452878966292,4.032194807165138,True,True,,vec,16,True,,52.574876437520004,1.1350822275586243,0.0,121.1636,0.0,244000.0,24000.0,0.6986376469943258,1.1253268472188152,325.72487643752,0.0001211636,0.0,244000.0,24000.0,0.6986376469943258,0.0011253268472188151,0.8018594381081765,0.8728824900906695,0.0,0.9925755653113504,0.580952380952381,0.2727272727272727,0.0,1.232029777154735,0.9933324037433624,55,ga,False,0,0,0,60,55,True,71.52900169976056,,,,
VOPD,wout-thermal,ablation,B-2-v4-ablation,wout-thermal,44,ga_seed,,D:\HNOCS\out\experimental results\B-2-v4-ablation\wout-thermal\seed_44\gen_60\vopd\metrics.json,D:\HNOCS\out\experimental results\B-2-v4-ablation\wout-thermal\seed_44\gen_60\vopd\history.json,D:\HNOCS\out\experimental results\B-2-v4-ablation\wout-thermal\seed_44\gen_60\vopd\metrics.json,baseline_normalized_v2,w_T=0.0;w_sigma=0.0;w_hot=0.0;w_makespan=1.2;w_H=0.4;w_congestion=0.7;w_D=0.4;w_L=0.2;w_E=0.5,2.3450566839424902,4.435516876415205,True,True,,vec,16,True,,52.53627235953002,1.033534916424622,0.0,87.6007,0.0,962000.0,72000.0,0.35802469135802467,0.7397483948339679,325.68627235953,8.76007e-05,0.0,962000.0,72000.0,0.35802469135802467,0.000739748394833968,1.0434120637519162,1.0470481287207973,0.0,0.9806096074346629,0.6891117478510028,0.2857142857142857,0.0,1.0,0.985360911760988,59,ga,False,0,36,36,60,59,True,1067.430864399299,,,,
HNN,wout-thermal,ablation,B-2-v4-ablation,wout-thermal,44,ga_seed,,D:\HNOCS\out\experimental results\B-2-v4-ablation\wout-thermal\seed_44\gen_60\hnn\metrics.json,D:\HNOCS\out\experimental results\B-2-v4-ablation\wout-thermal\seed_44\gen_60\hnn\history.json,D:\HNOCS\out\experimental results\B-2-v4-ablation\wout-thermal\seed_44\gen_60\hnn\metrics.json,baseline_normalized_v2,w_T=0.0;w_sigma=0.0;w_hot=0.0;w_makespan=1.2;w_H=0.4;w_congestion=0.7;w_D=0.4;w_L=0.2;w_E=0.5,2.78171437214399,5.189439313606884,True,True,,vec,16,True,,57.53629346579004,1.9206632084737645,12.0,209.3788,7.365433107538369,1302528.0,90112.0,0.24869927159209157,4.596367987350176,330.68629346579,0.0002093788,7.365433107538369,1302528.0,90112.0,0.24869927159209157,0.004596367987350176,1.1751773019328573,0.782547639530036,0.75,1.0305214614657796,0.5932835820895522,0.55,0.6610521034406326,0.8213058419243986,0.9881863515762016,46,ga,False,0,0,0,60,46,True,94.08543979935348,,,,
GEMM,wout-thermal,ablation,B-2-v4-ablation,wout-thermal,45,ga_seed,,D:\HNOCS\out\experimental results\B-2-v4-ablation\wout-thermal\seed_45\gen_60\gemm\metrics.json,D:\HNOCS\out\experimental results\B-2-v4-ablation\wout-thermal\seed_45\gen_60\gemm\history.json,D:\HNOCS\out\experimental results\B-2-v4-ablation\wout-thermal\seed_45\gen_60\gemm\metrics.json,baseline_normalized_v2,w_T=0.0;w_sigma=0.0;w_hot=0.0;w_makespan=1.2;w_H=0.4;w_congestion=0.7;w_D=0.4;w_L=0.2;w_E=0.5,2.2642043933930958,3.747563007620672,True,True,,vec,16,True,,53.131186419150026,1.425102208060203,0.0,116.7447,0.0,49152.0,8192.0,0.8059908748264233,1.516635829460564,326.28118641915,0.0001167447,0.0,49152.0,8192.0,0.8059908748264233,0.001516635829460564,0.8185029708876904,0.6648556433398858,0.0,0.9696000996636353,0.47058823529411764,0.36363636363636365,0.0,0.8758353093339082,0.9654729265337003,60,ga,False,0,0,0,60,60,False,77.1557865999639,,,,
MPEG4,wout-thermal,ablation,B-2-v4-ablation,wout-thermal,45,ga_seed,,D:\HNOCS\out\experimental results\B-2-v4-ablation\wout-thermal\seed_45\gen_60\mpeg4\metrics.json,D:\HNOCS\out\experimental results\B-2-v4-ablation\wout-thermal\seed_45\gen_60\mpeg4\history.json,D:\HNOCS\out\experimental results\B-2-v4-ablation\wout-thermal\seed_45\gen_60\mpeg4\metrics.json,baseline_normalized_v2,w_T=0.0;w_sigma=0.0;w_hot=0.0;w_makespan=1.2;w_H=0.4;w_congestion=0.7;w_D=0.4;w_L=0.2;w_E=0.5,2.4491106959666653,4.239364968259967,True,True,,vec,16,True,,53.41404150575005,1.1697767413611977,0.0,121.2096,0.0,288000.0,36000.0,0.5670623064060744,1.1258984197116126,326.56404150575,0.0001212096,0.0,288000.0,36000.0,0.5670623064060744,0.0011258984197116126,0.8906915709675288,0.8995627013257725,0.0,0.9929523985847454,0.6857142857142857,0.4090909090909091,0.0,1.0,0.9938369340312404,35,ga,False,0,0,0,60,35,True,45.30310789961368,,,,
VOPD,wout-thermal,ablation,B-2-v4-ablation,wout-thermal,45,ga_seed,,D:\HNOCS\out\experimental results\B-2-v4-ablation\wout-thermal\seed_45\gen_60\vopd\metrics.json,D:\HNOCS\out\experimental results\B-2-v4-ablation\wout-thermal\seed_45\gen_60\vopd\history.json,D:\HNOCS\out\experimental results\B-2-v4-ablation\wout-thermal\seed_45\gen_60\vopd\metrics.json,baseline_normalized_v2,w_T=0.0;w_sigma=0.0;w_hot=0.0;w_makespan=1.2;w_H=0.4;w_congestion=0.7;w_D=0.4;w_L=0.2;w_E=0.5,2.381729454032164,4.400675573610308,True,True,,vec,16,True,,52.40184075566003,0.9813159198390038,0.0,86.1266,0.0,646000.0,72000.0,0.6323731138545954,0.7303820564845845,325.55184075566,8.61266e-05,0.0,646000.0,72000.0,0.6323731138545954,0.0007303820564845845,1.0247997378518197,0.9941463817263242,0.0,0.9641084079885461,0.46275071633237824,0.2857142857142857,0.0,1.7662835249042148,0.9728847458642281,60,ga,False,0,35,35,60,60,False,1096.0138488998637,,,,
HNN,wout-thermal,ablation,B-2-v4-ablation,wout-thermal,45,ga_seed,,D:\HNOCS\out\experimental results\B-2-v4-ablation\wout-thermal\seed_45\gen_60\hnn\metrics.json,D:\HNOCS\out\experimental results\B-2-v4-ablation\wout-thermal\seed_45\gen_60\hnn\history.json,D:\HNOCS\out\experimental results\B-2-v4-ablation\wout-thermal\seed_45\gen_60\hnn\metrics.json,baseline_normalized_v2,w_T=0.0;w_sigma=0.0;w_hot=0.0;w_makespan=1.2;w_H=0.4;w_congestion=0.7;w_D=0.4;w_L=0.2;w_E=0.5,2.8361725185169773,5.303936972146914,True,True,,vec,16,True,,57.67754472321002,1.9434847860362767,13.0,202.28410499999998,6.262261074352721,1343488.0,106496.0,0.3506763787721124,4.514021928502507,330.82754472321,0.000202284105,6.262261074352721,1343488.0,106496.0,0.3506763787721124,0.0045140219285025075,1.1884184782057656,0.7918459754241708,0.8125,0.9956027616735659,0.6119402985074627,0.65,0.5620417421561245,1.1580756013745703,0.9704825359366995,60,ga,False,0,0,0,60,60,False,121.60673009976745,,,,
GEMM,wout-thermal,ablation,B-2-v4-ablation,wout-thermal,46,ga_seed,,D:\HNOCS\out\experimental results\B-2-v4-ablation\wout-thermal\seed_46\gen_60\gemm\metrics.json,D:\HNOCS\out\experimental results\B-2-v4-ablation\wout-thermal\seed_46\gen_60\gemm\history.json,D:\HNOCS\out\experimental results\B-2-v4-ablation\wout-thermal\seed_46\gen_60\gemm\metrics.json,baseline_normalized_v2,w_T=0.0;w_sigma=0.0;w_hot=0.0;w_makespan=1.2;w_H=0.4;w_congestion=0.7;w_D=0.4;w_L=0.2;w_E=0.5,2.276052653728904,3.80488025928593,True,True,,vec,16,True,,53.381647491319995,1.4685226753603444,0.0,116.7447,0.0,52224.0,8192.0,0.8059908748264233,1.51689833641304,326.53164749132,0.0001167447,0.0,52224.0,8192.0,0.8059908748264233,0.00151689833641304,0.8437149290319566,0.6851126765250695,0.0,0.9696000996636353,0.5,0.36363636363636365,0.0,0.8758353093339082,0.9656400354406108,39,ga,False,0,0,0,60,39,True,50.75839759968221,,,,
MPEG4,wout-thermal,ablation,B-2-v4-ablation,wout-thermal,46,ga_seed,,D:\HNOCS\out\experimental results\B-2-v4-ablation\wout-thermal\seed_46\gen_60\mpeg4\metrics.json,D:\HNOCS\out\experimental results\B-2-v4-ablation\wout-thermal\seed_46\gen_60\mpeg4\history.json,D:\HNOCS\out\experimental results\B-2-v4-ablation\wout-thermal\seed_46\gen_60\mpeg4\metrics.json,baseline_normalized_v2,w_T=0.0;w_sigma=0.0;w_hot=0.0;w_makespan=1.2;w_H=0.4;w_congestion=0.7;w_D=0.4;w_L=0.2;w_E=0.5,2.3974002813923803,4.243481761076722,True,True,,vec,16,True,,53.63644433143003,1.2117585169161367,0.0,121.1636,0.0,220000.0,28000.0,0.7863545407198268,1.1254380050947406,326.78644433143,0.0001211636,0.0,220000.0,28000.0,0.7863545407198268,0.0011254380050947405,0.9142346355051999,0.9318468441791413,0.0,0.9925755653113504,0.5238095238095238,0.3181818181818182,0.0,1.3867162952578915,0.9934305234321984,60,ga,False,0,0,0,60,60,True,78.06253369990736,,,,
VOPD,wout-thermal,ablation,B-2-v4-ablation,wout-thermal,46,ga_seed,,D:\HNOCS\out\experimental results\B-2-v4-ablation\wout-thermal\seed_46\gen_60\vopd\metrics.json,D:\HNOCS\out\experimental results\B-2-v4-ablation\wout-thermal\seed_46\gen_60\vopd\history.json,D:\HNOCS\out\experimental results\B-2-v4-ablation\wout-thermal\seed_46\gen_60\vopd\metrics.json,baseline_normalized_v2,w_T=0.0;w_sigma=0.0;w_hot=0.0;w_makespan=1.2;w_H=0.4;w_congestion=0.7;w_D=0.4;w_L=0.2;w_E=0.5,2.42349328934918,4.424025825375518,True,True,,vec,16,True,,52.399950061530035,0.9633983741507656,0.0,87.4506,0.0,818000.0,72000.0,0.5775034293552812,0.7384094749686505,325.54995006153,8.74506e-05,0.0,818000.0,72000.0,0.5775034293552812,0.0007384094749686505,1.0245379674473027,0.9759945685790347,0.0,0.9789293754036866,0.5859598853868195,0.2857142857142857,0.0,1.6130268199233717,0.9835774414507075,60,ga,False,0,40,40,60,60,False,1083.4149036994204,,,,
HNN,wout-thermal,ablation,B-2-v4-ablation,wout-thermal,46,ga_seed,,D:\HNOCS\out\experimental results\B-2-v4-ablation\wout-thermal\seed_46\gen_60\hnn\metrics.json,D:\HNOCS\out\experimental results\B-2-v4-ablation\wout-thermal\seed_46\gen_60\hnn\history.json,D:\HNOCS\out\experimental results\B-2-v4-ablation\wout-thermal\seed_46\gen_60\hnn\metrics.json,baseline_normalized_v2,w_T=0.0;w_sigma=0.0;w_hot=0.0;w_makespan=1.2;w_H=0.4;w_congestion=0.7;w_D=0.4;w_L=0.2;w_E=0.5,2.870752691426389,5.185698131762153,True,True,,vec,16,True,,56.84772397298002,1.9434112745447458,11.0,201.918424,6.896716359890149,1499136.0,114688.0,0.26742976066597296,4.565999977366301,329.99772397298,0.000201918424,6.896716359890149,1499136.0,114688.0,0.26742976066597296,0.004565999977366301,1.1106294161513115,0.7918160241844521,0.6875,0.9938029513845096,0.6828358208955224,0.7,0.6189844901140535,0.8831615120274914,0.9816574459112973,59,ga,False,0,0,0,60,59,True,119.42210160009563,,,,
GEMM,wout-thermal,ablation,B-2-v4-ablation,wout-thermal,47,ga_seed,,D:\HNOCS\out\experimental results\B-2-v4-ablation\wout-thermal\seed_47\gen_60\gemm\metrics.json,D:\HNOCS\out\experimental results\B-2-v4-ablation\wout-thermal\seed_47\gen_60\gemm\history.json,D:\HNOCS\out\experimental results\B-2-v4-ablation\wout-thermal\seed_47\gen_60\gemm\metrics.json,baseline_normalized_v2,w_T=0.0;w_sigma=0.0;w_hot=0.0;w_makespan=1.2;w_H=0.4;w_congestion=0.7;w_D=0.4;w_L=0.2;w_E=0.5,2.2761074488241038,3.9679569493518074,True,True,,vec,16,True,,53.96445413829002,1.6922057837240936,0.0,116.5167,0.0,41984.0,8192.0,0.9964292799047808,1.5173839940431666,327.11445413829,0.0001165167,0.0,41984.0,8192.0,0.9964292799047808,0.0015173839940431665,0.902381518064351,0.7894679824633529,0.0,0.9677064905942445,0.4019607843137255,0.36363636363636365,0.0,1.0827764604440613,0.9659491995025059,39,ga,False,0,0,0,60,39,True,50.41805170010775,,,,
MPEG4,wout-thermal,ablation,B-2-v4-ablation,wout-thermal,47,ga_seed,,D:\HNOCS\out\experimental results\B-2-v4-ablation\wout-thermal\seed_47\gen_60\mpeg4\metrics.json,D:\HNOCS\out\experimental results\B-2-v4-ablation\wout-thermal\seed_47\gen_60\mpeg4\history.json,D:\HNOCS\out\experimental results\B-2-v4-ablation\wout-thermal\seed_47\gen_60\mpeg4\metrics.json,baseline_normalized_v2,w_T=0.0;w_sigma=0.0;w_hot=0.0;w_makespan=1.2;w_H=0.4;w_congestion=0.7;w_D=0.4;w_L=0.2;w_E=0.5,2.4217358783784815,4.357285291881368,True,True,,vec,16,True,,53.89431027430004,1.292604446677718,0.0,120.70230000000001,0.0,244000.0,24000.0,0.8960006578767029,1.1235342794237555,327.0443102743,0.0001207023,0.0,244000.0,24000.0,0.8960006578767029,0.0011235342794237554,0.9415317461264102,0.9940176673764765,0.0,0.9887965829414131,0.580952380952381,0.2727272727272727,0.0,1.5800744428868372,0.9917500939627504,43,ga,False,0,0,0,60,43,True,56.081219899468124,,,,
VOPD,wout-thermal,ablation,B-2-v4-ablation,wout-thermal,47,ga_seed,,D:\HNOCS\out\experimental results\B-2-v4-ablation\wout-thermal\seed_47\gen_60\vopd\metrics.json,D:\HNOCS\out\experimental results\B-2-v4-ablation\wout-thermal\seed_47\gen_60\vopd\history.json,D:\HNOCS\out\experimental results\B-2-v4-ablation\wout-thermal\seed_47\gen_60\vopd\metrics.json,baseline_normalized_v2,w_T=0.0;w_sigma=0.0;w_hot=0.0;w_makespan=1.2;w_H=0.4;w_congestion=0.7;w_D=0.4;w_L=0.2;w_E=0.5,2.433824467147129,4.758033959485354,True,True,,vec,16,True,,53.81822223450001,1.0890695761956353,0.0,87.4806,0.0,746000.0,72000.0,0.6323731138545954,0.7382701713296005,326.9682222345,8.74806e-05,0.0,746000.0,72000.0,0.6323731138545954,0.0007382701713296005,1.2209006019650401,1.1033088903731845,0.0,0.9792651979281989,0.5343839541547278,0.2857142857142857,0.0,1.7662835249042148,0.9833918859811119,38,ga,False,0,24,24,60,38,True,654.5456701004878,,,,
HNN,wout-thermal,ablation,B-2-v4-ablation,wout-thermal,47,ga_seed,,D:\HNOCS\out\experimental results\B-2-v4-ablation\wout-thermal\seed_47\gen_60\hnn\metrics.json,D:\HNOCS\out\experimental results\B-2-v4-ablation\wout-thermal\seed_47\gen_60\hnn\history.json,D:\HNOCS\out\experimental results\B-2-v4-ablation\wout-thermal\seed_47\gen_60\hnn\metrics.json,baseline_normalized_v2,w_T=0.0;w_sigma=0.0;w_hot=0.0;w_makespan=1.2;w_H=0.4;w_congestion=0.7;w_D=0.4;w_L=0.2;w_E=0.5,2.97607507656886,5.480205687882954,True,True,,vec,16,True,,58.46507144746005,1.94358743397676,12.0,197.8687,8.753603675327332,1589248.0,122880.0,0.28199791883454733,4.580308483116513,331.61507144746,0.0001978687,8.753603675327332,1589248.0,122880.0,0.28199791883454733,0.004580308483116513,1.2622428134073704,0.7918877979067244,0.75,0.9738710027105605,0.7238805970149254,0.75,0.7856412566340915,0.9312714776632302,0.984733672647869,37,ga,False,0,0,0,60,37,True,75.48373069986701,,,,
GEMM,wout-thermal,ablation,B-2-v4-ablation,wout-thermal,48,ga_seed,,D:\HNOCS\out\experimental results\B-2-v4-ablation\wout-thermal\seed_48\gen_60\gemm\metrics.json,D:\HNOCS\out\experimental results\B-2-v4-ablation\wout-thermal\seed_48\gen_60\gemm\history.json,D:\HNOCS\out\experimental results\B-2-v4-ablation\wout-thermal\seed_48\gen_60\gemm\metrics.json,baseline_normalized_v2,w_T=0.0;w_sigma=0.0;w_hot=0.0;w_makespan=1.2;w_H=0.4;w_congestion=0.7;w_D=0.4;w_L=0.2;w_E=0.5,2.2885690703993617,3.870673046967053,True,True,,vec,16,True,,53.74700719102003,1.5038867441320527,0.0,116.6147,0.0,45056.0,8192.0,0.9964292799047808,1.5165049711494023,326.89700719102,0.0001166147,0.0,45056.0,8192.0,0.9964292799047808,0.0015165049711494023,0.8804928337843081,0.7016111427833834,0.0,0.9685204102819651,0.43137254901960786,0.36363636363636365,0.0,1.0827764604440613,0.965389623637788,37,ga,False,0,0,0,60,37,True,48.446830299682915,,,,
MPEG4,wout-thermal,ablation,B-2-v4-ablation,wout-thermal,48,ga_seed,,D:\HNOCS\out\experimental results\B-2-v4-ablation\wout-thermal\seed_48\gen_60\mpeg4\metrics.json,D:\HNOCS\out\experimental results\B-2-v4-ablation\wout-thermal\seed_48\gen_60\mpeg4\history.json,D:\HNOCS\out\experimental results\B-2-v4-ablation\wout-thermal\seed_48\gen_60\mpeg4\metrics.json,baseline_normalized_v2,w_T=0.0;w_sigma=0.0;w_hot=0.0;w_makespan=1.2;w_H=0.4;w_congestion=0.7;w_D=0.4;w_L=0.2;w_E=0.5,2.6018687236464633,4.463369109912412,True,True,,vec,16,True,,53.94167797788003,1.1897918581840987,0.0,122.0427,0.0,252000.0,32000.0,1.1591513390532058,1.1300796331428842,327.09167797788,0.0001220427,0.0,252000.0,32000.0,1.1591513390532058,0.0011300796331428842,0.9465459850371593,0.9149544012287887,0.0,0.999777176847036,0.6,0.36363636363636365,0.0,2.044133997196307,0.9975277148906092,16,ga,False,0,0,0,60,16,True,21.147413899190724,,,,
VOPD,wout-thermal,ablation,B-2-v4-ablation,wout-thermal,48,ga_seed,,D:\HNOCS\out\experimental results\B-2-v4-ablation\wout-thermal\seed_48\gen_60\vopd\metrics.json,D:\HNOCS\out\experimental results\B-2-v4-ablation\wout-thermal\seed_48\gen_60\vopd\history.json,D:\HNOCS\out\experimental results\B-2-v4-ablation\wout-thermal\seed_48\gen_60\vopd\metrics.json,baseline_normalized_v2,w_T=0.0;w_sigma=0.0;w_hot=0.0;w_makespan=1.2;w_H=0.4;w_congestion=0.7;w_D=0.4;w_L=0.2;w_E=0.5,2.3458075792441266,4.295213752552893,True,True,,vec,16,True,,52.02479913984001,0.9642019050098346,0.0,88.44069999999999,0.0,916000.0,72000.0,0.35802469135802467,0.7437239670706473,325.17479913984,8.84407e-05,0.0,916000.0,72000.0,0.35802469135802467,0.0007437239670706473,0.9725975679042812,0.9768086054044843,0.0,0.9900126381210057,0.6561604584527221,0.2857142857142857,0.0,1.0,0.9906564602356626,53,ga,False,0,28,28,60,53,True,774.2741710999981,,,,
HNN,wout-thermal,ablation,B-2-v4-ablation,wout-thermal,48,ga_seed,,D:\HNOCS\out\experimental results\B-2-v4-ablation\wout-thermal\seed_48\gen_60\hnn\metrics.json,D:\HNOCS\out\experimental results\B-2-v4-ablation\wout-thermal\seed_48\gen_60\hnn\history.json,D:\HNOCS\out\experimental results\B-2-v4-ablation\wout-thermal\seed_48\gen_60\hnn\metrics.json,baseline_normalized_v2,w_T=0.0;w_sigma=0.0;w_hot=0.0;w_makespan=1.2;w_H=0.4;w_congestion=0.7;w_D=0.4;w_L=0.2;w_E=0.5,2.767250632329902,5.105520047795803,True,True,,vec,16,True,,56.51938676163002,1.800083210291565,14.0,197.0787,6.7340443850160625,1409024.0,98304.0,0.31113423517169614,4.458778229480939,329.66938676163,0.0001970787,6.7340443850160625,1409024.0,98304.0,0.31113423517169614,0.004458778229480939,1.0798504271932592,0.7334189882726413,0.875,0.9699827773765823,0.6417910447761194,0.6,0.6043845813793863,1.0274914089347078,0.9586055344577187,60,ga,False,0,0,0,60,60,False,121.66443150024861,,,,
GEMM,wout-thermal,ablation,B-2-v4-ablation,wout-thermal,49,ga_seed,,D:\HNOCS\out\experimental results\B-2-v4-ablation\wout-thermal\seed_49\gen_60\gemm\metrics.json,D:\HNOCS\out\experimental results\B-2-v4-ablation\wout-thermal\seed_49\gen_60\gemm\history.json,D:\HNOCS\out\experimental results\B-2-v4-ablation\wout-thermal\seed_49\gen_60\gemm\metrics.json,baseline_normalized_v2,w_T=0.0;w_sigma=0.0;w_hot=0.0;w_makespan=1.2;w_H=0.4;w_congestion=0.7;w_D=0.4;w_L=0.2;w_E=0.5,2.2771737652958706,3.805609690597536,True,True,,vec,16,True,,53.381807491190045,1.4676485953886915,0.0,116.84089999999999,0.0,52224.0,8192.0,0.8059908748264233,1.5174083908555691,326.53180749119,0.0001168409,0.0,52224.0,8192.0,0.8059908748264233,0.001517408390855569,0.843731034968068,0.684704890333597,0.0,0.9703990698060712,0.5,0.36363636363636365,0.0,0.8758353093339082,0.9659647302326989,37,ga,False,0,0,0,60,37,True,48.45385990012437,,,,
MPEG4,wout-thermal,ablation,B-2-v4-ablation,wout-thermal,49,ga_seed,,D:\HNOCS\out\experimental results\B-2-v4-ablation\wout-thermal\seed_49\gen_60\mpeg4\metrics.json,D:\HNOCS\out\experimental results\B-2-v4-ablation\wout-thermal\seed_49\gen_60\mpeg4\history.json,D:\HNOCS\out\experimental results\B-2-v4-ablation\wout-thermal\seed_49\gen_60\mpeg4\metrics.json,baseline_normalized_v2,w_T=0.0;w_sigma=0.0;w_hot=0.0;w_makespan=1.2;w_H=0.4;w_congestion=0.7;w_D=0.4;w_L=0.2;w_E=0.5,2.384714036354217,4.164517053541118,True,True,,vec,16,True,,53.048795219490046,1.2064643360841139,0.0,121.1596,0.0,240000.0,24000.0,0.7863545407198268,1.1257181425575404,326.19879521949,0.0001211596,0.0,240000.0,24000.0,0.7863545407198268,0.0011257181425575404,0.8520274179232804,0.9277755992636203,0.0,0.9925427972006203,0.5714285714285714,0.2727272727272727,0.0,1.3867162952578915,0.9936778023627503,33,ga,False,0,0,0,60,33,True,43.11776700057089,,,,
VOPD,wout-thermal,ablation,B-2-v4-ablation,wout-thermal,49,ga_seed,,D:\HNOCS\out\experimental results\B-2-v4-ablation\wout-thermal\seed_49\gen_60\vopd\metrics.json,D:\HNOCS\out\experimental results\B-2-v4-ablation\wout-thermal\seed_49\gen_60\vopd\history.json,D:\HNOCS\out\experimental results\B-2-v4-ablation\wout-thermal\seed_49\gen_60\vopd\metrics.json,baseline_normalized_v2,w_T=0.0;w_sigma=0.0;w_hot=0.0;w_makespan=1.2;w_H=0.4;w_congestion=0.7;w_D=0.4;w_L=0.2;w_E=0.5,2.4264400320959063,4.613090707799362,True,True,,vec,16,True,,53.03562045102001,1.060240483534718,0.0,87.3026,0.0,762000.0,124000.0,0.35802469135802467,0.7371205723958546,326.18562045102,8.73026e-05,0.0,762000.0,124000.0,0.35802469135802467,0.0007371205723958546,1.1125478112164153,1.0741028644870396,0.0,0.9772726509494263,0.5458452722063037,0.49206349206349204,0.0,1.0,0.9818605952592584,39,ga,False,0,22,22,60,39,True,605.568766400218,,,,
HNN,wout-thermal,ablation,B-2-v4-ablation,wout-thermal,49,ga_seed,,D:\HNOCS\out\experimental results\B-2-v4-ablation\wout-thermal\seed_49\gen_60\hnn\metrics.json,D:\HNOCS\out\experimental results\B-2-v4-ablation\wout-thermal\seed_49\gen_60\hnn\history.json,D:\HNOCS\out\experimental results\B-2-v4-ablation\wout-thermal\seed_49\gen_60\hnn\metrics.json,baseline_normalized_v2,w_T=0.0;w_sigma=0.0;w_hot=0.0;w_makespan=1.2;w_H=0.4;w_congestion=0.7;w_D=0.4;w_L=0.2;w_E=0.5,2.9764463126909484,5.405174748221239,True,True,,vec,16,True,,57.64750581315002,1.8545871522811244,13.0,197.6747,7.05556904246795,1892352.0,131072.0,0.25286160249739853,4.501208134292305,330.79750581315,0.0001976747,7.05556904246795,1892352.0,131072.0,0.25286160249739853,0.004501208134292305,1.1856025705075577,0.7556258650227327,0.8125,0.9729161726918368,0.8619402985074627,0.8,0.6332416150410001,0.8350515463917525,0.9677276615260176,35,ga,False,0,0,0,60,35,True,71.84430009964854,,,,
GEMM,wout-comm,ablation,B-2-v4-ablation,wout-comm,40,ga_seed,,D:\HNOCS\out\experimental results\B-2-v4-ablation\wout-comm\seed_40\gen_60\gemm\metrics.json,D:\HNOCS\out\experimental results\B-2-v4-ablation\wout-comm\seed_40\gen_60\gemm\history.json,D:\HNOCS\out\experimental results\B-2-v4-ablation\wout-comm\seed_40\gen_60\gemm\metrics.json,baseline_normalized_v2,w_T=1.0;w_sigma=1.0;w_hot=0.6;w_makespan=1.2;w_H=0.0;w_congestion=0.0;w_D=0.4;w_L=0.2;w_E=0.5,3.0855447983897424,3.9397337466963376,True,True,,vec,16,True,,52.17421471764004,1.1622035591533397,0.0,116.7588,0.0,90112.0,16384.0,0.8059908748264233,1.5153900651180872,325.32421471764,0.0001167588,0.0,90112.0,16384.0,0.8059908748264233,0.001515390065118087,0.7221721108674807,0.5422050366931691,0.0,0.9697172044350317,0.8627450980392157,0.7272727272727273,0.0,0.8758353093339082,0.964679887280546,60,ga,False,0,0,0,60,60,True,77.89372900035232,,,,
MPEG4,wout-comm,ablation,B-2-v4-ablation,wout-comm,40,ga_seed,,D:\HNOCS\out\experimental results\B-2-v4-ablation\wout-comm\seed_40\gen_60\mpeg4\metrics.json,D:\HNOCS\out\experimental results\B-2-v4-ablation\wout-comm\seed_40\gen_60\mpeg4\history.json,D:\HNOCS\out\experimental results\B-2-v4-ablation\wout-comm\seed_40\gen_60\mpeg4\metrics.json,baseline_normalized_v2,w_T=1.0;w_sigma=1.0;w_hot=0.6;w_makespan=1.2;w_H=0.0;w_congestion=0.0;w_D=0.4;w_L=0.2;w_E=0.5,3.4055459160242516,4.243381413859749,True,True,,vec,16,True,,51.787391200800016,1.0335409484766385,0.0,121.5296,0.0,412000.0,56000.0,0.5670623064060744,1.1273574565915347,324.9373912008,0.0001215296,0.0,412000.0,56000.0,0.5670623064060744,0.0011273574565915348,0.718498016355202,0.7947968656485428,0.0,0.9955738474431453,0.9809523809523809,0.6363636363636364,0.0,1.0,0.9951248341774648,32,ga,False,0,0,0,60,32,True,41.669641299173236,,,,
VOPD,wout-comm,ablation,B-2-v4-ablation,wout-comm,40,ga_seed,,D:\HNOCS\out\experimental results\B-2-v4-ablation\wout-comm\seed_40\gen_60\vopd\metrics.json,D:\HNOCS\out\experimental results\B-2-v4-ablation\wout-comm\seed_40\gen_60\vopd\history.json,D:\HNOCS\out\experimental results\B-2-v4-ablation\wout-comm\seed_40\gen_60\vopd\metrics.json,baseline_normalized_v2,w_T=1.0;w_sigma=1.0;w_hot=0.6;w_makespan=1.2;w_H=0.0;w_congestion=0.0;w_D=0.4;w_L=0.2;w_E=0.5,3.6117356158677345,4.615794832677667,True,True,,vec,16,True,,51.45166777650002,0.8348455979458155,0.0,87.7908,0.0,1352000.0,222000.0,0.35802469135802467,0.7408935139565422,324.6016677765,8.77908e-05,0.0,1352000.0,222000.0,0.35802469135802467,0.0007408935139565422,0.893246378072704,0.8457609967584612,0.0,0.9827376028316556,0.9684813753581661,0.8809523809523809,0.0,1.0,0.9868862352771653,60,ga,False,0,43,43,60,60,False,1164.6199046997353,,,,
HNN,wout-comm,ablation,B-2-v4-ablation,wout-comm,40,ga_seed,,D:\HNOCS\out\experimental results\B-2-v4-ablation\wout-comm\seed_40\gen_60\hnn\metrics.json,D:\HNOCS\out\experimental results\B-2-v4-ablation\wout-comm\seed_40\gen_60\hnn\history.json,D:\HNOCS\out\experimental results\B-2-v4-ablation\wout-comm\seed_40\gen_60\hnn\metrics.json,baseline_normalized_v2,w_T=1.0;w_sigma=1.0;w_hot=0.6;w_makespan=1.2;w_H=0.0;w_congestion=0.0;w_D=0.4;w_L=0.2;w_E=0.5,4.065338025090228,5.280785786284258,True,True,,vec,16,True,,55.49719880765002,1.5353741483809191,6.0,237.1187,2.1110794114583316,2252800.0,188416.0,0.40894901144641,4.5060941784989605,328.64719880765,0.0002371187,2.1110794114583316,2252800.0,188416.0,0.40894901144641,0.004506094178498961,0.9840284774993929,0.6255669449542328,0.375,1.1670518183544167,1.0261194029850746,1.15,0.18947066181979755,1.3505154639175256,0.9687781261997565,40,ga,False,0,0,0,60,40,True,82.20377680007368,,,,
GEMM,wout-comm,ablation,B-2-v4-ablation,wout-comm,41,ga_seed,,D:\HNOCS\out\experimental results\B-2-v4-ablation\wout-comm\seed_41\gen_60\gemm\metrics.json,D:\HNOCS\out\experimental results\B-2-v4-ablation\wout-comm\seed_41\gen_60\gemm\history.json,D:\HNOCS\out\experimental results\B-2-v4-ablation\wout-comm\seed_41\gen_60\gemm\metrics.json,baseline_normalized_v2,w_T=1.0;w_sigma=1.0;w_hot=0.6;w_makespan=1.2;w_H=0.0;w_congestion=0.0;w_D=0.4;w_L=0.2;w_E=0.5,3.1495100399657328,3.9840911451350736,True,True,,vec,16,True,,52.48724610718,1.2278296182205568,0.0,116.9047,0.0,84992.0,16384.0,0.8059908748264233,1.516596735200087,325.63724610718,0.0001169047,0.0,84992.0,16384.0,0.8059908748264233,0.001516596735200087,0.7536825337150165,0.5728216868353271,0.0,0.9709289481333832,0.8137254901960784,0.7272727272727273,0.0,0.8758353093339082,0.9654480395770954,46,ga,False,0,0,0,60,46,True,59.02074739988893,,,,
MPEG4,wout-comm,ablation,B-2-v4-ablation,wout-comm,41,ga_seed,,D:\HNOCS\out\experimental results\B-2-v4-ablation\wout-comm\seed_41\gen_60\mpeg4\metrics.json,D:\HNOCS\out\experimental results\B-2-v4-ablation\wout-comm\seed_41\gen_60\mpeg4\history.json,D:\HNOCS\out\experimental results\B-2-v4-ablation\wout-comm\seed_41\gen_60\mpeg4\metrics.json,baseline_normalized_v2,w_T=1.0;w_sigma=1.0;w_hot=0.6;w_makespan=1.2;w_H=0.0;w_congestion=0.0;w_D=0.4;w_L=0.2;w_E=0.5,3.353497333447004,4.226960536910207,True,True,,vec,16,True,,51.79635698051004,0.9662953684851536,0.0,121.4336,0.0,416000.0,60000.0,0.5670623064060744,1.126582894653931,324.94635698051,0.0001214336,0.0,416000.0,60000.0,0.5670623064060744,0.001126582894653931,0.7194471136955721,0.7430847624321906,0.0,0.9947874127856253,0.9904761904761905,0.6818181818181818,0.0,1.0,0.9944411239529822,43,ga,False,0,0,0,60,43,True,55.90367399994284,,,,
VOPD,wout-comm,ablation,B-2-v4-ablation,wout-comm,41,ga_seed,,D:\HNOCS\out\experimental results\B-2-v4-ablation\wout-comm\seed_41\gen_60\vopd\metrics.json,D:\HNOCS\out\experimental results\B-2-v4-ablation\wout-comm\seed_41\gen_60\vopd\history.json,D:\HNOCS\out\experimental results\B-2-v4-ablation\wout-comm\seed_41\gen_60\vopd\metrics.json,baseline_normalized_v2,w_T=1.0;w_sigma=1.0;w_hot=0.6;w_makespan=1.2;w_H=0.0;w_congestion=0.0;w_D=0.4;w_L=0.2;w_E=0.5,3.700951390466724,4.745332160921993,True,True,,vec,16,True,,51.74719656076002,0.8827925674072994,0.0,87.7368,0.0,1706000.0,200000.0,0.35802469135802467,0.741570278579751,324.89719656076,8.77368e-05,0.0,1706000.0,200000.0,0.35802469135802467,0.0007415702785797509,0.9341629325670338,0.8943348609353483,0.0,0.9821331222875336,1.2220630372492836,0.7936507936507936,0.0,1.0,0.9877877004386034,37,ga,False,0,20,20,60,37,True,550.2179364003241,,,,
HNN,wout-comm,ablation,B-2-v4-ablation,wout-comm,41,ga_seed,,D:\HNOCS\out\experimental results\B-2-v4-ablation\wout-comm\seed_41\gen_60\hnn\metrics.json,D:\HNOCS\out\experimental results\B-2-v4-ablation\wout-comm\seed_41\gen_60\hnn\history.json,D:\HNOCS\out\experimental results\B-2-v4-ablation\wout-comm\seed_41\gen_60\hnn\metrics.json,baseline_normalized_v2,w_T=1.0;w_sigma=1.0;w_hot=0.6;w_makespan=1.2;w_H=0.0;w_congestion=0.0;w_D=0.4;w_L=0.2;w_E=0.5,4.268847253072718,5.796309939639882,True,True,,vec,16,True,,55.27015909539,1.6954058394082623,9.0,237.0507,1.3508384255279031,2236416.0,262144.0,0.5254942767950052,4.485704659191439,328.42015909539,0.0002370507,1.3508384255279031,2236416.0,262144.0,0.5254942767950052,0.004485704659191439,0.9627453193463518,0.6907696423927713,0.5625,1.1667171356674415,1.0186567164179106,1.6,0.12123857070804318,1.7353951890034363,0.964394524897523,26,ga,False,0,0,0,60,26,True,54.934541299939156,,,,
GEMM,wout-comm,ablation,B-2-v4-ablation,wout-comm,42,ga_seed,,D:\HNOCS\out\experimental results\B-2-v4-ablation\wout-comm\seed_42\gen_60\gemm\metrics.json,D:\HNOCS\out\experimental results\B-2-v4-ablation\wout-comm\seed_42\gen_60\gemm\history.json,D:\HNOCS\out\experimental results\B-2-v4-ablation\wout-comm\seed_42\gen_60\gemm\metrics.json,baseline_normalized_v2,w_T=1.0;w_sigma=1.0;w_hot=0.6;w_makespan=1.2;w_H=0.0;w_congestion=0.0;w_D=0.4;w_L=0.2;w_E=0.5,3.165059970395768,3.9408175461533435,True,True,,vec,16,True,,52.57148385381004,1.2482964772492582,0.0,116.6947,0.0,69632.0,16384.0,0.8059908748264233,1.515386750045775,325.72148385381,0.0001166947,0.0,69632.0,16384.0,0.8059908748264233,0.001515386750045775,0.7621620891357589,0.5823701295012016,0.0,0.969184834516839,0.6666666666666666,0.7272727272727273,0.0,0.8758353093339082,0.964677776943638,49,ga,False,0,0,0,60,49,True,63.329566799104214,,,,
MPEG4,wout-comm,ablation,B-2-v4-ablation,wout-comm,42,ga_seed,,D:\HNOCS\out\experimental results\B-2-v4-ablation\wout-comm\seed_42\gen_60\mpeg4\metrics.json,D:\HNOCS\out\experimental results\B-2-v4-ablation\wout-comm\seed_42\gen_60\mpeg4\history.json,D:\HNOCS\out\experimental results\B-2-v4-ablation\wout-comm\seed_42\gen_60\mpeg4\metrics.json,baseline_normalized_v2,w_T=1.0;w_sigma=1.0;w_hot=0.6;w_makespan=1.2;w_H=0.0;w_congestion=0.0;w_D=0.4;w_L=0.2;w_E=0.5,3.384596043392652,4.385115523912132,True,True,,vec,16,True,,51.79555889321,0.9962202644133077,0.0,122.07390000000001,0.0,516000.0,64000.0,0.5670623064060744,1.1308343912101189,324.94555889321,0.0001220739,0.0,516000.0,64000.0,0.5670623064060744,0.0011308343912101188,0.719362629963164,0.7660971196335301,0.0,1.0000327681107302,1.2285714285714286,0.7272727272727273,0.0,1.0,0.998193944126163,41,ga,False,0,0,0,60,41,True,53.54846899956465,,,,
VOPD,wout-comm,ablation,B-2-v4-ablation,wout-comm,42,ga_seed,,D:\HNOCS\out\experimental results\B-2-v4-ablation\wout-comm\seed_42\gen_60\vopd\metrics.json,D:\HNOCS\out\experimental results\B-2-v4-ablation\wout-comm\seed_42\gen_60\vopd\history.json,D:\HNOCS\out\experimental results\B-2-v4-ablation\wout-comm\seed_42\gen_60\vopd\metrics.json,baseline_normalized_v2,w_T=1.0;w_sigma=1.0;w_hot=0.6;w_makespan=1.2;w_H=0.0;w_congestion=0.0;w_D=0.4;w_L=0.2;w_E=0.5,3.7890723271486464,4.960132499068417,True,True,,vec,16,True,,52.25143694166002,0.9006331204779132,0.0,87.73689999999999,0.0,1644000.0,252000.0,0.35802469135802467,0.7419196493900795,325.40143694166,8.77369e-05,0.0,1644000.0,252000.0,0.35802469135802467,0.0007419196493900795,1.003976027338828,0.9124086748056633,0.0,0.9821342416959485,1.177650429799427,1.0,0.0,1.0,0.9882530699380334,31,ga,False,0,24,24,60,31,True,647.6132073998451,,,,
HNN,wout-comm,ablation,B-2-v4-ablation,wout-comm,42,ga_seed,,D:\HNOCS\out\experimental results\B-2-v4-ablation\wout-comm\seed_42\gen_60\hnn\metrics.json,D:\HNOCS\out\experimental results\B-2-v4-ablation\wout-comm\seed_42\gen_60\hnn\history.json,D:\HNOCS\out\experimental results\B-2-v4-ablation\wout-comm\seed_42\gen_60\hnn\metrics.json,baseline_normalized_v2,w_T=1.0;w_sigma=1.0;w_hot=0.6;w_makespan=1.2;w_H=0.0;w_congestion=0.0;w_D=0.4;w_L=0.2;w_E=0.5,4.127127540628179,5.270261868986388,True,True,,vec,16,True,,54.54537656535001,1.653932741096803,6.0,233.8547,0.6053485229779413,2048000.0,180224.0,0.6857440166493236,4.443079469808885,327.69537656535,0.0002338547,0.6053485229779413,2048000.0,180224.0,0.6857440166493236,0.004443079469808885,0.8948027507980982,0.6738720025335586,0.375,1.1509870493796004,0.9328358208955224,1.1,0.05433039830606643,2.2646048109965635,0.9552304130385258,32,ga,False,0,0,0,60,32,True,67.57522219978273,,,,
GEMM,wout-comm,ablation,B-2-v4-ablation,wout-comm,43,ga_seed,,D:\HNOCS\out\experimental results\B-2-v4-ablation\wout-comm\seed_43\gen_60\gemm\metrics.json,D:\HNOCS\out\experimental results\B-2-v4-ablation\wout-comm\seed_43\gen_60\gemm\history.json,D:\HNOCS\out\experimental results\B-2-v4-ablation\wout-comm\seed_43\gen_60\gemm\metrics.json,baseline_normalized_v2,w_T=1.0;w_sigma=1.0;w_hot=0.6;w_makespan=1.2;w_H=0.0;w_congestion=0.0;w_D=0.4;w_L=0.2;w_E=0.5,3.0860806977070236,4.067096740487772,True,True,,vec,16,True,,52.17706874538004,1.1622155962625649,0.0,116.7748,0.0,98304.0,19456.0,0.8059908748264233,1.5156524925557944,325.32706874538,0.0001167748,0.0,98304.0,19456.0,0.8059908748264233,0.0015156524925557945,0.7224594035285719,0.5422106523886278,0.0,0.9698500892820067,0.9411764705882353,0.8636363636363636,0.0,0.8758353093339082,0.9648469455692693,53,ga,False,0,0,0,60,53,True,68.36463740002364,,,,
MPEG4,wout-comm,ablation,B-2-v4-ablation,wout-comm,43,ga_seed,,D:\HNOCS\out\experimental results\B-2-v4-ablation\wout-comm\seed_43\gen_60\mpeg4\metrics.json,D:\HNOCS\out\experimental results\B-2-v4-ablation\wout-comm\seed_43\gen_60\mpeg4\history.json,D:\HNOCS\out\experimental results\B-2-v4-ablation\wout-comm\seed_43\gen_60\mpeg4\metrics.json,baseline_normalized_v2,w_T=1.0;w_sigma=1.0;w_hot=0.6;w_makespan=1.2;w_H=0.0;w_congestion=0.0;w_D=0.4;w_L=0.2;w_E=0.5,3.406551017235546,4.432611623296152,True,True,,vec,16,True,,52.07155367345001,0.9909982569233243,0.0,121.8276,0.0,476000.0,72000.0,0.5670623064060744,1.1289668699526718,325.22155367345,0.0001218276,0.0,476000.0,72000.0,0.5670623064060744,0.0011289668699526719,0.748578818666633,0.7620813762887217,0.0,0.9980150716925303,1.1333333333333333,0.8181818181818182,0.0,1.0,0.9965454724983099,54,ga,False,0,0,0,60,54,True,70.46796700078994,,,,
VOPD,wout-comm,ablation,B-2-v4-ablation,wout-comm,43,ga_seed,,D:\HNOCS\out\experimental results\B-2-v4-ablation\wout-comm\seed_43\gen_60\vopd\metrics.json,D:\HNOCS\out\experimental results\B-2-v4-ablation\wout-comm\seed_43\gen_60\vopd\history.json,D:\HNOCS\out\experimental results\B-2-v4-ablation\wout-comm\seed_43\gen_60\vopd\metrics.json,baseline_normalized_v2,w_T=1.0;w_sigma=1.0;w_hot=0.6;w_makespan=1.2;w_H=0.0;w_congestion=0.0;w_D=0.4;w_L=0.2;w_E=0.5,3.705520336922757,4.578458891523202,True,True,,vec,16,True,,51.75501393950003,0.886336807858129,0.0,87.74889999999999,0.0,1224000.0,188000.0,0.35802469135802467,0.7411701289901245,324.9050139395,8.77489e-05,0.0,1224000.0,188000.0,0.35802469135802467,0.0007411701289901244,0.9352452643744736,0.8979254414496626,0.0,0.9822685707057534,0.8767908309455588,0.746031746031746,0.0,1.0,0.9872546925034342,27,ga,False,0,20,20,60,27,True,539.0478265993297,,,,
HNN,wout-comm,ablation,B-2-v4-ablation,wout-comm,43,ga_seed,,D:\HNOCS\out\experimental results\B-2-v4-ablation\wout-comm\seed_43\gen_60\hnn\metrics.json,D:\HNOCS\out\experimental results\B-2-v4-ablation\wout-comm\seed_43\gen_60\hnn\history.json,D:\HNOCS\out\experimental results\B-2-v4-ablation\wout-comm\seed_43\gen_60\hnn\metrics.json,baseline_normalized_v2,w_T=1.0;w_sigma=1.0;w_hot=0.6;w_makespan=1.2;w_H=0.0;w_congestion=0.0;w_D=0.4;w_L=0.2;w_E=0.5,4.205201748742246,5.387813689040753,True,True,,vec,16,True,,54.76833552224002,1.7557081312394036,6.0,236.4728,0.3832273933823481,2072576.0,188416.0,0.6982310093652445,4.442804701125539,327.91833552224,0.0002364728,0.3832273933823481,2072576.0,188416.0,0.6982310093652445,0.0044428047011255386,0.9157033707552471,0.7153389765282492,0.375,1.163872825008573,0.9440298507462687,1.15,0.03439489175893684,2.3058419243986252,0.9551713397303244,32,ga,False,0,0,0,60,32,True,67.96680429950356,,,,
GEMM,wout-comm,ablation,B-2-v4-ablation,wout-comm,44,ga_seed,,D:\HNOCS\out\experimental results\B-2-v4-ablation\wout-comm\seed_44\gen_60\gemm\metrics.json,D:\HNOCS\out\experimental results\B-2-v4-ablation\wout-comm\seed_44\gen_60\gemm\history.json,D:\HNOCS\out\experimental results\B-2-v4-ablation\wout-comm\seed_44\gen_60\gemm\metrics.json,baseline_normalized_v2,w_T=1.0;w_sigma=1.0;w_hot=0.6;w_makespan=1.2;w_H=0.0;w_congestion=0.0;w_D=0.4;w_L=0.2;w_E=0.5,3.155055558645739,3.9896366638150798,True,True,,vec,16,True,,52.48701802234001,1.242205531499018,0.0,116.8067,0.0,84992.0,16384.0,0.8059908748264233,1.516088902153778,325.63701802234,0.0001168067,0.0,84992.0,16384.0,0.8059908748264233,0.001516088902153778,0.7536595741972386,0.5795285089967772,0.0,0.9701150284456626,0.8137254901960784,0.7272727272727273,0.0,0.8758353093339082,0.9651247589002931,32,ga,False,0,0,0,60,32,True,41.563491499982774,,,,
MPEG4,wout-comm,ablation,B-2-v4-ablation,wout-comm,44,ga_seed,,D:\HNOCS\out\experimental results\B-2-v4-ablation\wout-comm\seed_44\gen_60\mpeg4\metrics.json,D:\HNOCS\out\experimental results\B-2-v4-ablation\wout-comm\seed_44\gen_60\mpeg4\history.json,D:\HNOCS\out\experimental results\B-2-v4-ablation\wout-comm\seed_44\gen_60\mpeg4\metrics.json,baseline_normalized_v2,w_T=1.0;w_sigma=1.0;w_hot=0.6;w_makespan=1.2;w_H=0.0;w_congestion=0.0;w_D=0.4;w_L=0.2;w_E=0.5,3.390498232290487,4.458463600255855,True,True,,vec,16,True,,51.79898144018,1.016364846326231,0.0,121.2576,0.0,520000.0,72000.0,0.5670623064060744,1.1264687443269665,324.94898144018,0.0001212576,0.0,520000.0,72000.0,0.5670623064060744,0.0011264687443269664,0.7197249331126477,0.781588378676329,0.0,0.9933456159135053,1.2380952380952381,0.8181818181818182,0.0,1.0,0.9943403628106066,41,ga,False,0,0,0,60,41,True,53.660761300474405,,,,
VOPD,wout-comm,ablation,B-2-v4-ablation,wout-comm,44,ga_seed,,D:\HNOCS\out\experimental results\B-2-v4-ablation\wout-comm\seed_44\gen_60\vopd\metrics.json,D:\HNOCS\out\experimental results\B-2-v4-ablation\wout-comm\seed_44\gen_60\vopd\history.json,D:\HNOCS\out\experimental results\B-2-v4-ablation\wout-comm\seed_44\gen_60\vopd\metrics.json,baseline_normalized_v2,w_T=1.0;w_sigma=1.0;w_hot=0.6;w_makespan=1.2;w_H=0.0;w_congestion=0.0;w_D=0.4;w_L=0.2;w_E=0.5,3.6921062534531424,4.759377823016975,True,True,,vec,16,True,,51.798065031180045,0.864825322854445,0.0,87.8868,0.0,1592000.0,220000.0,0.35802469135802467,0.742019592018633,324.94806503118,8.78868e-05,0.0,1592000.0,220000.0,0.35802469135802467,0.000742019592018633,0.9412057745940667,0.8761326991231333,0.0,0.9838122349100946,1.140401146131805,0.873015873015873,0.0,1.0,0.9883861956876572,38,ga,False,0,25,25,60,38,True,681.9756274996325,,,,
HNN,wout-comm,ablation,B-2-v4-ablation,wout-comm,44,ga_seed,,D:\HNOCS\out\experimental results\B-2-v4-ablation\wout-comm\seed_44\gen_60\hnn\metrics.json,D:\HNOCS\out\experimental results\B-2-v4-ablation\wout-comm\seed_44\gen_60\hnn\history.json,D:\HNOCS\out\experimental results\B-2-v4-ablation\wout-comm\seed_44\gen_60\hnn\metrics.json,baseline_normalized_v2,w_T=1.0;w_sigma=1.0;w_hot=0.6;w_makespan=1.2;w_H=0.0;w_congestion=0.0;w_D=0.4;w_L=0.2;w_E=0.5,4.173725486698312,5.517232949384878,True,True,,vec,16,True,,55.13075095892003,1.447055272648152,10.0,233.9049,1.463418429935515,2187264.0,221184.0,0.5192507804370448,4.488451808652552,328.28075095892,0.0002339049,1.463418429935515,2187264.0,221184.0,0.5192507804370448,0.004488451808652552,0.9496769209292811,0.5895826414981656,0.625,1.1512341239514556,0.996268656716418,1.35,0.1313426946112036,1.7147766323024054,0.9649851424483116,38,ga,False,0,0,0,60,38,True,79.73348869942129,,,,
GEMM,wout-comm,ablation,B-2-v4-ablation,wout-comm,45,ga_seed,,D:\HNOCS\out\experimental results\B-2-v4-ablation\wout-comm\seed_45\gen_60\gemm\metrics.json,D:\HNOCS\out\experimental results\B-2-v4-ablation\wout-comm\seed_45\gen_60\gemm\history.json,D:\HNOCS\out\experimental results\B-2-v4-ablation\wout-comm\seed_45\gen_60\gemm\metrics.json,baseline_normalized_v2,w_T=1.0;w_sigma=1.0;w_hot=0.6;w_makespan=1.2;w_H=0.0;w_congestion=0.0;w_D=0.4;w_L=0.2;w_E=0.5,3.086192002464016,4.003571681608402,True,True,,vec,16,True,,52.174160767779995,1.1618116066162136,0.0,116.82480000000001,0.0,98304.0,17408.0,0.8059908748264233,1.515948394887382,325.32416076778,0.0001168248,0.0,98304.0,17408.0,0.8059908748264233,0.001515948394887382,0.7221666801568254,0.5420221783306209,0.0,0.9702653544288029,0.9411764705882353,0.7727272727272727,0.0,0.8758353093339082,0.9650353135904491,59,ga,False,0,0,0,60,59,True,75.70191260054708,,,,
MPEG4,wout-comm,ablation,B-2-v4-ablation,wout-comm,45,ga_seed,,D:\HNOCS\out\experimental results\B-2-v4-ablation\wout-comm\seed_45\gen_60\mpeg4\metrics.json,D:\HNOCS\out\experimental results\B-2-v4-ablation\wout-comm\seed_45\gen_60\mpeg4\history.json,D:\HNOCS\out\experimental results\B-2-v4-ablation\wout-comm\seed_45\gen_60\mpeg4\metrics.json,baseline_normalized_v2,w_T=1.0;w_sigma=1.0;w_hot=0.6;w_makespan=1.2;w_H=0.0;w_congestion=0.0;w_D=0.4;w_L=0.2;w_E=0.5,3.42297868967174,4.449039295732346,True,True,,vec,16,True,,51.918237683990014,1.0401323576917416,0.0,121.4036,0.0,476000.0,72000.0,0.5670623064060744,1.1267943571255525,325.06823768399,0.0001214036,0.0,476000.0,72000.0,0.5670623064060744,0.0011267943571255526,0.732349131730427,0.7998656840558759,0.0,0.9945416519551503,1.1333333333333333,0.8181818181818182,0.0,1.0,0.9946277830785124,59,ga,False,0,0,0,60,59,True,76.63849030062556,,,,
VOPD,wout-comm,ablation,B-2-v4-ablation,wout-comm,45,ga_seed,,D:\HNOCS\out\experimental results\B-2-v4-ablation\wout-comm\seed_45\gen_60\vopd\metrics.json,D:\HNOCS\out\experimental results\B-2-v4-ablation\wout-comm\seed_45\gen_60\vopd\history.json,D:\HNOCS\out\experimental results\B-2-v4-ablation\wout-comm\seed_45\gen_60\vopd\metrics.json,baseline_normalized_v2,w_T=1.0;w_sigma=1.0;w_hot=0.6;w_makespan=1.2;w_H=0.0;w_congestion=0.0;w_D=0.4;w_L=0.2;w_E=0.5,3.695453515678368,4.862343041307149,True,True,,vec,16,True,,51.69379938658,0.8873323172688201,0.0,87.5948,0.0,1358000.0,280000.0,0.35802469135802467,0.740374258024386,324.84379938658,8.75948e-05,0.0,1358000.0,280000.0,0.35802469135802467,0.000740374258024386,0.9267699864191626,0.8989339668986082,0.0,0.9805435623381755,0.9727793696275072,1.1111111111111112,0.0,1.0,0.9861945751095733,33,ga,False,0,23,23,60,33,True,623.0079117994756,,,,
HNN,wout-comm,ablation,B-2-v4-ablation,wout-comm,45,ga_seed,,D:\HNOCS\out\experimental results\B-2-v4-ablation\wout-comm\seed_45\gen_60\hnn\metrics.json,D:\HNOCS\out\experimental results\B-2-v4-ablation\wout-comm\seed_45\gen_60\hnn\history.json,D:\HNOCS\out\experimental results\B-2-v4-ablation\wout-comm\seed_45\gen_60\hnn\metrics.json,baseline_normalized_v2,w_T=1.0;w_sigma=1.0;w_hot=0.6;w_makespan=1.2;w_H=0.0;w_congestion=0.0;w_D=0.4;w_L=0.2;w_E=0.5,4.068953549076674,5.458729668479661,True,True,,vec,16,True,,54.620640724340035,1.7204230431191594,6.0,244.62079999999997,0.514029090277775,2441216.0,221184.0,0.44849115504682624,4.480970019435746,327.77064072434,0.0002446208,0.514029090277775,2441216.0,221184.0,0.44849115504682624,0.0044809700194357455,0.9018581640696132,0.7009625557704172,0.375,1.2039756857949715,1.1119402985074627,1.35,0.04613442365120657,1.4810996563573884,0.9633766111014381,37,ga,False,0,0,0,60,37,True,78.1865907004103,,,,
GEMM,wout-comm,ablation,B-2-v4-ablation,wout-comm,46,ga_seed,,D:\HNOCS\out\experimental results\B-2-v4-ablation\wout-comm\seed_46\gen_60\gemm\metrics.json,D:\HNOCS\out\experimental results\B-2-v4-ablation\wout-comm\seed_46\gen_60\gemm\history.json,D:\HNOCS\out\experimental results\B-2-v4-ablation\wout-comm\seed_46\gen_60\gemm\metrics.json,baseline_normalized_v2,w_T=1.0;w_sigma=1.0;w_hot=0.6;w_makespan=1.2;w_H=0.0;w_congestion=0.0;w_D=0.4;w_L=0.2;w_E=0.5,3.1447606590780857,4.104831960325857,True,True,,vec,16,True,,52.44916649376,1.229061429105756,0.0,116.7746,0.0,117760.0,16384.0,0.8059908748264233,1.5159864223383925,325.59916649376,0.0001167746,0.0,117760.0,16384.0,0.8059908748264233,0.0015159864223383925,0.7498493567211751,0.5733963659102174,0.0,0.9698484282214195,1.1274509803921569,0.7272727272727273,0.0,0.8758353093339082,0.9650595214284169,32,ga,False,0,0,0,60,32,True,40.99023779947311,,,,
MPEG4,wout-comm,ablation,B-2-v4-ablation,wout-comm,46,ga_seed,,D:\HNOCS\out\experimental results\B-2-v4-ablation\wout-comm\seed_46\gen_60\mpeg4\metrics.json,D:\HNOCS\out\experimental results\B-2-v4-ablation\wout-comm\seed_46\gen_60\mpeg4\history.json,D:\HNOCS\out\experimental results\B-2-v4-ablation\wout-comm\seed_46\gen_60\mpeg4\metrics.json,baseline_normalized_v2,w_T=1.0;w_sigma=1.0;w_hot=0.6;w_makespan=1.2;w_H=0.0;w_congestion=0.0;w_D=0.4;w_L=0.2;w_E=0.5,3.384945001562326,4.320702577319901,True,True,,vec,16,True,,51.98017631887001,0.9845399369281296,0.0,121.2557,0.0,448000.0,64000.0,0.5670623064060744,1.125920516589599,325.13017631887,0.0001212557,0.0,448000.0,64000.0,0.5670623064060744,0.0011259205165895989,0.7389058167630769,0.757114903990646,0.0,0.9933300510609085,1.0666666666666667,0.7272727272727273,0.0,1.0,0.9938564390710246,44,ga,False,0,0,0,60,44,True,57.58521219994873,,,,
VOPD,wout-comm,ablation,B-2-v4-ablation,wout-comm,46,ga_seed,,D:\HNOCS\out\experimental results\B-2-v4-ablation\wout-comm\seed_46\gen_60\vopd\metrics.json,D:\HNOCS\out\experimental results\B-2-v4-ablation\wout-comm\seed_46\gen_60\vopd\history.json,D:\HNOCS\out\experimental results\B-2-v4-ablation\wout-comm\seed_46\gen_60\vopd\metrics.json,baseline_normalized_v2,w_T=1.0;w_sigma=1.0;w_hot=0.6;w_makespan=1.2;w_H=0.0;w_congestion=0.0;w_D=0.4;w_L=0.2;w_E=0.5,3.6881476549750185,4.542111360801189,True,True,,vec,16,True,,51.595847694320014,0.8894374995118786,0.0,87.8309,0.0,1468000.0,156000.0,0.35802469135802467,0.7418029632410791,324.74584769432,8.78309e-05,0.0,1468000.0,156000.0,0.35802469135802467,0.0007418029632410791,0.9132083776432087,0.9010666738765551,0.0,0.9831864856060869,1.0515759312320916,0.6190476190476191,0.0,1.0,0.988097641455901,60,ga,False,0,38,38,60,60,False,1034.4214532999322,,,,
HNN,wout-comm,ablation,B-2-v4-ablation,wout-comm,46,ga_seed,,D:\HNOCS\out\experimental results\B-2-v4-ablation\wout-comm\seed_46\gen_60\hnn\metrics.json,D:\HNOCS\out\experimental results\B-2-v4-ablation\wout-comm\seed_46\gen_60\hnn\history.json,D:\HNOCS\out\experimental results\B-2-v4-ablation\wout-comm\seed_46\gen_60\hnn\metrics.json,baseline_normalized_v2,w_T=1.0;w_sigma=1.0;w_hot=0.6;w_makespan=1.2;w_H=0.0;w_congestion=0.0;w_D=0.4;w_L=0.2;w_E=0.5,4.12100542609113,5.230632291762772,True,True,,vec,16,True,,56.34976151383,1.6042914934880614,10.0,191.1467,3.793519147581581,2056192.0,172032.0,0.44432882414151925,4.3704391756616365,329.49976151383,0.0001911467,3.793519147581581,2056192.0,172032.0,0.44432882414151925,0.0043704391756616365,1.0639494161333884,0.6536463633021934,0.625,0.9407866347422038,0.9365671641791045,1.05,0.34047065194096005,1.4673539518900343,0.9396132676210254,60,ga,False,0,0,0,60,60,False,122.58514500036836,,,,
GEMM,wout-comm,ablation,B-2-v4-ablation,wout-comm,47,ga_seed,,D:\HNOCS\out\experimental results\B-2-v4-ablation\wout-comm\seed_47\gen_60\gemm\metrics.json,D:\HNOCS\out\experimental results\B-2-v4-ablation\wout-comm\seed_47\gen_60\gemm\history.json,D:\HNOCS\out\experimental results\B-2-v4-ablation\wout-comm\seed_47\gen_60\gemm\metrics.json,baseline_normalized_v2,w_T=1.0;w_sigma=1.0;w_hot=0.6;w_makespan=1.2;w_H=0.0;w_congestion=0.0;w_D=0.4;w_L=0.2;w_E=0.5,3.1370432969320476,3.972070034899962,True,True,,vec,16,True,,52.44916445412002,1.2139796188793839,0.0,116.72670000000001,0.0,76800.0,17408.0,0.8059908748264233,1.5153466922398782,325.59916445412,0.0001167267,0.0,76800.0,17408.0,0.8059908748264233,0.0015153466922398781,0.7498491514065633,0.5663602203032062,0.0,0.9694506042107887,0.7352941176470589,0.7727272727272727,0.0,0.8758353093339082,0.9646522766051003,56,ga,False,0,0,0,60,56,True,71.9032108001411,,,,
MPEG4,wout-comm,ablation,B-2-v4-ablation,wout-comm,47,ga_seed,,D:\HNOCS\out\experimental results\B-2-v4-ablation\wout-comm\seed_47\gen_60\mpeg4\metrics.json,D:\HNOCS\out\experimental results\B-2-v4-ablation\wout-comm\seed_47\gen_60\mpeg4\history.json,D:\HNOCS\out\experimental results\B-2-v4-ablation\wout-comm\seed_47\gen_60\mpeg4\metrics.json,baseline_normalized_v2,w_T=1.0;w_sigma=1.0;w_hot=0.6;w_makespan=1.2;w_H=0.0;w_congestion=0.0;w_D=0.4;w_L=0.2;w_E=0.5,3.393144990037054,4.527430704322768,True,True,,vec,16,True,,51.80447803072002,1.0073601814444446,0.0,122.00869999999999,0.0,456000.0,88000.0,0.5670623064060744,1.1301072927121285,324.95447803072,0.0001220087,0.0,456000.0,88000.0,0.5670623064060744,0.0011301072927121286,0.7203067898648053,0.7746637576104602,0.0,0.999498647905831,1.0857142857142856,1.0,0.0,1.0,0.9975521301495821,45,ga,False,0,0,0,60,45,True,58.63240989949554,,,,
VOPD,wout-comm,ablation,B-2-v4-ablation,wout-comm,47,ga_seed,,D:\HNOCS\out\experimental results\B-2-v4-ablation\wout-comm\seed_47\gen_60\vopd\metrics.json,D:\HNOCS\out\experimental results\B-2-v4-ablation\wout-comm\seed_47\gen_60\vopd\history.json,D:\HNOCS\out\experimental results\B-2-v4-ablation\wout-comm\seed_47\gen_60\vopd\metrics.json,baseline_normalized_v2,w_T=1.0;w_sigma=1.0;w_hot=0.6;w_makespan=1.2;w_H=0.0;w_congestion=0.0;w_D=0.4;w_L=0.2;w_E=0.5,3.7648796957273603,4.969718918904691,True,True,,vec,16,True,,52.23706233102001,0.8639965486044245,0.0,88.6068,0.0,1568000.0,272000.0,0.35802469135802467,0.7467662186694275,325.38706233102,8.86068e-05,0.0,1568000.0,272000.0,0.35802469135802467,0.0007467662186694275,1.0019858335881269,0.8752930888556661,0.0,0.9918719754983886,1.1232091690544412,1.0793650793650793,0.0,1.0,0.9947088053710017,60,ga,False,0,42,42,60,60,False,1132.2414677003399,,,,
HNN,wout-comm,ablation,B-2-v4-ablation,wout-comm,47,ga_seed,,D:\HNOCS\out\experimental results\B-2-v4-ablation\wout-comm\seed_47\gen_60\hnn\metrics.json,D:\HNOCS\out\experimental results\B-2-v4-ablation\wout-comm\seed_47\gen_60\hnn\history.json,D:\HNOCS\out\experimental results\B-2-v4-ablation\wout-comm\seed_47\gen_60\hnn\metrics.json,baseline_normalized_v2,w_T=1.0;w_sigma=1.0;w_hot=0.6;w_makespan=1.2;w_H=0.0;w_congestion=0.0;w_D=0.4;w_L=0.2;w_E=0.5,3.96637961788968,5.018618423859829,True,True,,vec,16,True,,54.505833082380036,1.5635325679080645,5.0,235.8608,0.3706242075674044,1933312.0,163840.0,0.5567117585848075,4.434641348262731,327.65583308238,0.0002358608,0.3706242075674044,1933312.0,163840.0,0.5567117585848075,0.004434641348262731,0.891095865365614,0.6370397032372292,0.3125,1.160860680825795,0.8805970149253731,1.0,0.033263748162711014,1.838487972508591,0.9534162770581606,60,ga,False,0,0,0,60,60,False,126.02038589958102,,,,
GEMM,wout-comm,ablation,B-2-v4-ablation,wout-comm,48,ga_seed,,D:\HNOCS\out\experimental results\B-2-v4-ablation\wout-comm\seed_48\gen_60\gemm\metrics.json,D:\HNOCS\out\experimental results\B-2-v4-ablation\wout-comm\seed_48\gen_60\gemm\history.json,D:\HNOCS\out\experimental results\B-2-v4-ablation\wout-comm\seed_48\gen_60\gemm\metrics.json,baseline_normalized_v2,w_T=1.0;w_sigma=1.0;w_hot=0.6;w_makespan=1.2;w_H=0.0;w_congestion=0.0;w_D=0.4;w_L=0.2;w_E=0.5,3.120410961516604,4.354635560447085,True,True,,vec,16,True,,52.26891256638004,1.2166477560486009,0.0,116.7426,0.0,122880.0,24576.0,0.8059908748264233,1.5156890694842255,325.41891256638,0.0001167426,0.0,122880.0,24576.0,0.8059908748264233,0.0015156890694842256,0.7317046029952978,0.5676049914109385,0.0,0.9695826585274698,1.1764705882352942,1.0909090909090908,0.0,0.8758353093339082,0.9648702300212452,60,ga,False,0,0,0,60,60,False,77.19048050045967,,,,
MPEG4,wout-comm,ablation,B-2-v4-ablation,wout-comm,48,ga_seed,,D:\HNOCS\out\experimental results\B-2-v4-ablation\wout-comm\seed_48\gen_60\mpeg4\metrics.json,D:\HNOCS\out\experimental results\B-2-v4-ablation\wout-comm\seed_48\gen_60\mpeg4\history.json,D:\HNOCS\out\experimental results\B-2-v4-ablation\wout-comm\seed_48\gen_60\mpeg4\metrics.json,baseline_normalized_v2,w_T=1.0;w_sigma=1.0;w_hot=0.6;w_makespan=1.2;w_H=0.0;w_congestion=0.0;w_D=0.4;w_L=0.2;w_E=0.5,3.4273243755693943,4.5221728604178795,True,True,,vec,16,True,,51.876891118990045,1.036278673399077,0.0,122.34680000000002,0.0,448000.0,84000.0,0.5670623064060744,1.1322638441449993,325.02689111899,0.0001223468,0.0,448000.0,84000.0,0.5670623064060744,0.0011322638441449992,0.7279722770514043,0.7969021863816682,0.0,1.0022683724652843,1.0666666666666667,0.9545454545454546,0.0,1.0,0.9994557303559611,38,ga,False,0,0,0,60,38,True,49.80771129950881,,,,
VOPD,wout-comm,ablation,B-2-v4-ablation,wout-comm,48,ga_seed,,D:\HNOCS\out\experimental results\B-2-v4-ablation\wout-comm\seed_48\gen_60\vopd\metrics.json,D:\HNOCS\out\experimental results\B-2-v4-ablation\wout-comm\seed_48\gen_60\vopd\history.json,D:\HNOCS\out\experimental results\B-2-v4-ablation\wout-comm\seed_48\gen_60\vopd\metrics.json,baseline_normalized_v2,w_T=1.0;w_sigma=1.0;w_hot=0.6;w_makespan=1.2;w_H=0.0;w_congestion=0.0;w_D=0.4;w_L=0.2;w_E=0.5,3.649139319842242,4.551972812360549,True,True,,vec,16,True,,51.55694680841003,0.8625320625333446,0.0,87.4927,0.0,1212000.0,200000.0,0.35802469135802467,0.739066966886054,324.70694680841,8.74927e-05,0.0,1212000.0,200000.0,0.35802469135802467,0.000739066966886054,0.9078224717586126,0.8738094549929937,0.0,0.9794006463464189,0.8681948424068768,0.7936507936507936,0.0,1.0,0.9844532349498655,44,ga,False,0,22,22,60,44,True,611.820264399983,,,,
HNN,wout-comm,ablation,B-2-v4-ablation,wout-comm,48,ga_seed,,D:\HNOCS\out\experimental results\B-2-v4-ablation\wout-comm\seed_48\gen_60\hnn\metrics.json,D:\HNOCS\out\experimental results\B-2-v4-ablation\wout-comm\seed_48\gen_60\hnn\history.json,D:\HNOCS\out\experimental results\B-2-v4-ablation\wout-comm\seed_48\gen_60\hnn\metrics.json,baseline_normalized_v2,w_T=1.0;w_sigma=1.0;w_hot=0.6;w_makespan=1.2;w_H=0.0;w_congestion=0.0;w_D=0.4;w_L=0.2;w_E=0.5,3.8900228552969307,5.231216885147677,True,True,,vec,16,True,,54.49677140775003,1.5718520980686976,3.0,242.26860000000002,0.30599753525640827,1982464.0,229376.0,0.4921956295525494,4.464310166159457,327.64677140775,0.0002422686,0.30599753525640827,1982464.0,229376.0,0.4921956295525494,0.004464310166159457,0.8902464058047206,0.6404293806468236,0.1875,1.192398617908157,0.9029850746268657,1.4,0.027463464995950898,1.6254295532646048,0.9597948614085939,35,ga,False,0,0,0,60,35,True,73.13617020007223,,,,
GEMM,wout-comm,ablation,B-2-v4-ablation,wout-comm,49,ga_seed,,D:\HNOCS\out\experimental results\B-2-v4-ablation\wout-comm\seed_49\gen_60\gemm\metrics.json,D:\HNOCS\out\experimental results\B-2-v4-ablation\wout-comm\seed_49\gen_60\gemm\history.json,D:\HNOCS\out\experimental results\B-2-v4-ablation\wout-comm\seed_49\gen_60\gemm\metrics.json,baseline_normalized_v2,w_T=1.0;w_sigma=1.0;w_hot=0.6;w_makespan=1.2;w_H=0.0;w_congestion=0.0;w_D=0.4;w_L=0.2;w_E=0.5,3.0853002347560032,3.939489183062599,True,True,,vec,16,True,,52.177068754940024,1.1630572984782483,0.0,116.6786,0.0,90112.0,16384.0,0.8059908748264233,1.5149789627069365,325.32706875494,0.0001166786,0.0,90112.0,16384.0,0.8059908748264233,0.0015149789627069365,0.7224594044909006,0.5426033333240328,0.0,0.9690511191395706,0.8627450980392157,0.7272727272727273,0.0,0.8758353093339082,0.9644181842136075,57,ga,False,0,0,0,60,57,True,73.71937939990312,,,,
MPEG4,wout-comm,ablation,B-2-v4-ablation,wout-comm,49,ga_seed,,D:\HNOCS\out\experimental results\B-2-v4-ablation\wout-comm\seed_49\gen_60\mpeg4\metrics.json,D:\HNOCS\out\experimental results\B-2-v4-ablation\wout-comm\seed_49\gen_60\mpeg4\history.json,D:\HNOCS\out\experimental results\B-2-v4-ablation\wout-comm\seed_49\gen_60\mpeg4\metrics.json,baseline_normalized_v2,w_T=1.0;w_sigma=1.0;w_hot=0.6;w_makespan=1.2;w_H=0.0;w_congestion=0.0;w_D=0.4;w_L=0.2;w_E=0.5,3.3877342706037883,4.432842495712014,True,True,,vec,16,True,,51.80176062650003,1.0117088760000483,0.0,121.3057,0.0,496000.0,72000.0,0.5670623064060744,1.126580796817288,324.9517606265,0.0001213057,0.0,496000.0,72000.0,0.5670623064060744,0.001126580796817288,0.7200191315460289,0.7780079200333919,0.0,0.9937396524450336,1.180952380952381,0.8181818181818182,0.0,1.0,0.9944392721806546,44,ga,False,0,0,0,60,44,True,57.464494000189006,,,,
VOPD,wout-comm,ablation,B-2-v4-ablation,wout-comm,49,ga_seed,,D:\HNOCS\out\experimental results\B-2-v4-ablation\wout-comm\seed_49\gen_60\vopd\metrics.json,D:\HNOCS\out\experimental results\B-2-v4-ablation\wout-comm\seed_49\gen_60\vopd\history.json,D:\HNOCS\out\experimental results\B-2-v4-ablation\wout-comm\seed_49\gen_60\vopd\metrics.json,baseline_normalized_v2,w_T=1.0;w_sigma=1.0;w_hot=0.6;w_makespan=1.2;w_H=0.0;w_congestion=0.0;w_D=0.4;w_L=0.2;w_E=0.5,3.695987812313411,4.73958857640128,True,True,,vec,16,True,,51.47467771639003,0.9184297397684964,0.0,87.5429,0.0,1490000.0,222000.0,0.35802469135802467,0.7404722842312044,324.62467771639,8.75429e-05,0.0,1490000.0,222000.0,0.35802469135802467,0.0007404722842312044,0.8964321505238667,0.9304379804726873,0.0,0.9799625893707694,1.0673352435530086,0.8809523809523809,0.0,1.0,0.9863251481438666,32,ga,False,0,16,16,60,32,True,445.08548220060766,,,,
HNN,wout-comm,ablation,B-2-v4-ablation,wout-comm,49,ga_seed,,D:\HNOCS\out\experimental results\B-2-v4-ablation\wout-comm\seed_49\gen_60\hnn\metrics.json,D:\HNOCS\out\experimental results\B-2-v4-ablation\wout-comm\seed_49\gen_60\hnn\history.json,D:\HNOCS\out\experimental results\B-2-v4-ablation\wout-comm\seed_49\gen_60\hnn\metrics.json,baseline_normalized_v2,w_T=1.0;w_sigma=1.0;w_hot=0.6;w_makespan=1.2;w_H=0.0;w_congestion=0.0;w_D=0.4;w_L=0.2;w_E=0.5,4.138058806141303,5.476417015096527,True,True,,vec,16,True,,55.961260306730026,1.6200941838744976,10.0,194.0608,3.8536148040500873,2351104.0,212992.0,0.481789802289282,4.397628941036254,329.11126030673,0.0001940608,3.8536148040500873,2351104.0,212992.0,0.481789802289282,0.004397628941036254,1.0275305335024658,0.6600849507680076,0.625,0.9551292644203634,1.0708955223880596,1.3,0.34586427367862715,1.5910652920962198,0.9454588733513981,51,ga,False,0,0,0,60,51,True,107.83056189958006,,,,
GEMM,RandomReferenceMapping,reference_mapping,random-mapping-ensemble-v2,,,none,ReferenceMapping,D:\HNOCS\out\experimental results\random-mapping-ensemble-v2\gemm\original\metrics.json,,D:\HNOCS\out\experimental results\random-mapping-ensemble-v2\gemm\random\metrics.json,full_objective_reference,w_T=1.0;w_sigma=1.0;w_hot=0.6;w_makespan=1.2;w_H=0.4;w_congestion=0.7;w_D=0.4;w_L=0.2;w_E=0.5;w_peak=0.0,6.000000000000001,6.000000000000001,True,True,,vec,16,True,,54.93421735578005,2.1434761400252804,6.0,120.405,1.8350526805555563,104448.0,22528.0,0.9202539178734378,1.5708734939939561,328.08421735578,0.000120405,1.8350526805555563,104448.0,22528.0,0.9202539178734378,0.0015708734939939562,1.0,1.0,1.0,1.0,1.0,1.0,1.0,1.0,1.0,,not_available,,,,,,,,,3000,,,
GEMM,RandomBest,supplement_random_baseline,random-mapping-ensemble-v2,,348,random_sample_seed,RandomBest,D:\HNOCS\out\experimental results\random-mapping-ensemble-v2\gemm\random\selected\random_best\metrics.json,,D:\HNOCS\out\experimental results\random-mapping-ensemble-v2\gemm\random\metrics.json,full_objective_reference,w_T=1.0;w_sigma=1.0;w_hot=0.6;w_makespan=1.2;w_H=0.4;w_congestion=0.7;w_D=0.4;w_L=0.2;w_E=0.5;w_peak=0.0,4.046569270796039,4.046569270796039,True,True,,vec,16,True,,53.29219034604,1.497511641703908,0.0,116.781,0.0,75776.0,10240.0,1.1868676849831383,1.5175235562656193,326.44219034604,0.000116781,0.0,75776.0,10240.0,1.1868676849831383,0.0015175235562656193,0.8347099775520149,0.6986369541236164,0.0,0.9699015821602094,0.7254901960784313,0.45454545454545453,0.0,1.2897176115542144,0.9660380432082444,,not_available,,,,,,,,,3000,348,348,gemm\random\mappings\sample_348_seed_348.csv
GEMM,RandomMedian,supplement_random_baseline,random-mapping-ensemble-v2,,2153,random_sample_seed,RandomMedian,D:\HNOCS\out\experimental results\random-mapping-ensemble-v2\gemm\random\selected\random_median\metrics.json,,D:\HNOCS\out\experimental results\random-mapping-ensemble-v2\gemm\random\metrics.json,full_objective_reference,w_T=1.0;w_sigma=1.0;w_hot=0.6;w_makespan=1.2;w_H=0.4;w_congestion=0.7;w_D=0.4;w_L=0.2;w_E=0.5;w_peak=0.0,5.226566314496941,5.226566314496941,True,True,,vec,16,True,,53.51512016193004,1.383388023029444,0.0,146.7629,0.0,113664.0,24576.0,2.431065264828407,1.677854908522571,326.66512016193,0.0001467629,0.0,113664.0,24576.0,2.431065264828407,0.0016778549085225709,0.8571505793534575,0.6453946452667899,0.0,1.2189103442548066,1.088235294117647,1.0909090909090908,0.0,2.6417331321405477,1.0681031381187889,,not_available,,,,,,,,,3000,2153,2153,gemm\random\mappings\sample_2153_seed_2153.csv
GEMM,RandomP10,supplement_random_baseline,random-mapping-ensemble-v2,,2529,random_sample_seed,RandomP10,D:\HNOCS\out\experimental results\random-mapping-ensemble-v2\gemm\random\selected\random_p10\metrics.json,,D:\HNOCS\out\experimental results\random-mapping-ensemble-v2\gemm\random\metrics.json,full_objective_reference,w_T=1.0;w_sigma=1.0;w_hot=0.6;w_makespan=1.2;w_H=0.4;w_congestion=0.7;w_D=0.4;w_L=0.2;w_E=0.5;w_peak=0.0,4.660018161066887,4.660018161066887,True,True,,vec,16,True,,54.05955481393005,1.6068145756239418,1.0,116.6827,0.015754,76800.0,18432.0,1.7581829002182108,1.5179161690936305,327.20955481393,0.0001166827,0.015754,76800.0,18432.0,1.7581829002182108,0.0015179161690936304,0.9119545596270758,0.7496302597541351,0.16666666666666666,0.969085170881608,0.7352941176470589,0.8181818181818182,0.00858503963778878,1.9105410648846735,0.966287976019201,,not_available,,,,,,,,,3000,2529,2529,gemm\random\mappings\sample_2529_seed_2529.csv
GEMM,RandomP90,supplement_random_baseline,random-mapping-ensemble-v2,,2490,random_sample_seed,RandomP90,D:\HNOCS\out\experimental results\random-mapping-ensemble-v2\gemm\random\selected\random_p90\metrics.json,,D:\HNOCS\out\experimental results\random-mapping-ensemble-v2\gemm\random\metrics.json,full_objective_reference,w_T=1.0;w_sigma=1.0;w_hot=0.6;w_makespan=1.2;w_H=0.4;w_congestion=0.7;w_D=0.4;w_L=0.2;w_E=0.5;w_peak=0.0,5.912984938610217,5.912984938610217,True,True,,vec,16,True,,54.149461626920015,1.455576386351508,1.0,196.2928,0.03501770833333313,67584.0,20480.0,3.3832572902201945,1.94308860487382,327.29946162692,0.0001962928,0.03501770833333313,67584.0,20480.0,3.3832572902201945,0.00194308860487382,0.9210047756400822,0.6790728196929409,0.16666666666666666,1.6302711681408582,0.6470588235294118,0.9090909090909091,0.01908267196053011,3.676438887691313,1.2369478588205753,,not_available,,,,,,,,,3000,2490,2490,gemm\random\mappings\sample_2490_seed_2490.csv
MPEG4,RandomReferenceMapping,reference_mapping,random-mapping-ensemble-v2,,,none,ReferenceMapping,D:\HNOCS\out\experimental results\random-mapping-ensemble-v2\mpeg4\original\metrics.json,,D:\HNOCS\out\experimental results\random-mapping-ensemble-v2\mpeg4\random\metrics.json,full_objective_reference,w_T=1.0;w_sigma=1.0;w_hot=0.6;w_makespan=1.2;w_H=0.4;w_congestion=0.7;w_D=0.4;w_L=0.2;w_E=0.5;w_peak=0.0,6.000000000000001,6.000000000000001,True,True,,vec,16,True,,54.44663874680003,1.3003837749577485,2.0,122.06989999999999,0.07168423611111063,420000.0,88000.0,0.5670623064060744,1.1328804365769536,327.5966387468,0.0001220699,0.07168423611111063,420000.0,88000.0,0.5670623064060744,0.0011328804365769536,1.0,1.0,1.0,1.0,1.0,1.0,1.0,1.0,1.0,,not_available,,,,,,,,,3000,,,
MPEG4,RandomBest,supplement_random_baseline,random-mapping-ensemble-v2,,1761,random_sample_seed,RandomBest,D:\HNOCS\out\experimental results\random-mapping-ensemble-v2\mpeg4\random\selected\random_best\metrics.json,,D:\HNOCS\out\experimental results\random-mapping-ensemble-v2\mpeg4\random\metrics.json,full_objective_reference,w_T=1.0;w_sigma=1.0;w_hot=0.6;w_makespan=1.2;w_H=0.4;w_congestion=0.7;w_D=0.4;w_L=0.2;w_E=0.5;w_peak=0.0,4.441197410955547,4.441197410955547,True,True,,vec,16,True,,52.69221510529002,1.0518870368247166,0.0,122.41389999999998,0.0,472000.0,40000.0,0.9837175516022039,1.1328174466224452,325.84221510529,0.0001224139,0.0,472000.0,40000.0,0.9837175516022039,0.0011328174466224451,0.8142806464252366,0.8089050763947697,0.0,1.0028180575227799,1.1238095238095238,0.45454545454545453,0.0,1.7347609609899939,0.9999443984091572,,not_available,,,,,,,,,3000,1761,1761,mpeg4\random\mappings\sample_1761_seed_1761.csv
MPEG4,RandomMedian,supplement_random_baseline,random-mapping-ensemble-v2,,2383,random_sample_seed,RandomMedian,D:\HNOCS\out\experimental results\random-mapping-ensemble-v2\mpeg4\random\selected\random_median\metrics.json,,D:\HNOCS\out\experimental results\random-mapping-ensemble-v2\mpeg4\random\metrics.json,full_objective_reference,w_T=1.0;w_sigma=1.0;w_hot=0.6;w_makespan=1.2;w_H=0.4;w_congestion=0.7;w_D=0.4;w_L=0.2;w_E=0.5;w_peak=0.0,5.256811453120918,5.256811453120918,True,True,,vec,16,True,,54.129441577579996,1.253925193158634,1.0,122.4427,0.0175515,428000.0,60000.0,0.9617883281708286,1.133795307319929,327.27944157758,0.0001224427,0.0175515,428000.0,60000.0,0.9617883281708286,0.001133795307319929,0.9664222187677617,0.964273176354708,0.5,1.003053987920036,1.019047619047619,0.6818181818181818,0.2448446262689493,1.6960893314642045,1.0008075616044176,,not_available,,,,,,,,,3000,2383,2383,mpeg4\random\mappings\sample_2383_seed_2383.csv
MPEG4,RandomP10,supplement_random_baseline,random-mapping-ensemble-v2,,2456,random_sample_seed,RandomP10,D:\HNOCS\out\experimental results\random-mapping-ensemble-v2\mpeg4\random\selected\random_p10\metrics.json,,D:\HNOCS\out\experimental results\random-mapping-ensemble-v2\mpeg4\random\metrics.json,full_objective_reference,w_T=1.0;w_sigma=1.0;w_hot=0.6;w_makespan=1.2;w_H=0.4;w_congestion=0.7;w_D=0.4;w_L=0.2;w_E=0.5;w_peak=0.0,4.833898391410855,4.833898391410855,True,True,,vec,16,True,,52.71627787872001,1.1018145666459451,0.0,122.44369999999999,0.0,452000.0,72000.0,1.3126559030728324,1.1327123618452615,325.86627787872,0.0001224437,0.0,452000.0,72000.0,1.3126559030728324,0.0011327123618452616,0.8168278776759436,0.8472995340792719,0.0,1.0030621799477184,1.0761904761904761,0.8181818181818182,0.0,2.314835403876831,0.9998516394790964,,not_available,,,,,,,,,3000,2456,2456,mpeg4\random\mappings\sample_2456_seed_2456.csv
MPEG4,RandomP90,supplement_random_baseline,random-mapping-ensemble-v2,,1152,random_sample_seed,RandomP90,D:\HNOCS\out\experimental results\random-mapping-ensemble-v2\mpeg4\random\selected\random_p90\metrics.json,,D:\HNOCS\out\experimental results\random-mapping-ensemble-v2\mpeg4\random\metrics.json,full_objective_reference,w_T=1.0;w_sigma=1.0;w_hot=0.6;w_makespan=1.2;w_H=0.4;w_congestion=0.7;w_D=0.4;w_L=0.2;w_E=0.5;w_peak=0.0,5.970499856273806,5.970499856273806,True,True,,vec,16,True,,54.14872075625004,1.3317552575731293,1.0,132.8456,0.0221412790697675,300000.0,68000.0,2.5406924152298456,1.191157048747281,327.29872075625,0.0001328456,0.0221412790697675,300000.0,68000.0,2.5406924152298456,0.001191157048747281,0.9684630694011764,1.0241247877892048,0.5,1.0882748326983147,0.7142857142857143,0.7727272727272727,0.3088723584282672,4.480446657321023,1.051441096773118,,not_available,,,,,,,,,3000,1152,1152,mpeg4\random\mappings\sample_1152_seed_1152.csv
VOPD,RandomReferenceMapping,reference_mapping,random-mapping-ensemble-v2,,,none,ReferenceMapping,D:\HNOCS\out\experimental results\random-mapping-ensemble-v2\vopd\original\metrics.json,,D:\HNOCS\out\experimental results\random-mapping-ensemble-v2\vopd\random\metrics.json,full_objective_reference,w_T=1.0;w_sigma=1.0;w_hot=0.6;w_makespan=1.2;w_H=0.4;w_congestion=0.7;w_D=0.4;w_L=0.2;w_E=0.5;w_peak=0.0,5.0,5.0,True,True,,vec,16,True,,52.22271921261,0.9870939912641029,0.0,89.3329,0.0,1396000.0,252000.0,0.35802469135802467,0.7507385223064373,325.37271921261,8.93329e-05,0.0,1396000.0,252000.0,0.35802469135802467,0.0007507385223064374,1.0,1.0,0.0,1.0,1.0,1.0,0.0,1.0,1.0,,not_available,,,,,,,,,3243,,,
VOPD,RandomBest,supplement_random_baseline,random-mapping-ensemble-v2,,2449,random_sample_seed,RandomBest,D:\HNOCS\out\experimental results\random-mapping-ensemble-v2\vopd\random\selected\random_best\metrics.json,,D:\HNOCS\out\experimental results\random-mapping-ensemble-v2\vopd\random\metrics.json,full_objective_reference,w_T=1.0;w_sigma=1.0;w_hot=0.6;w_makespan=1.2;w_H=0.4;w_congestion=0.7;w_D=0.4;w_L=0.2;w_E=0.5;w_peak=0.0,4.731106373006268,4.731106373006268,True,True,,vec,16,True,,52.648808457270036,0.9608939772948969,0.0,90.9347,0.0,1374000.0,136000.0,0.35802469135802467,0.7592446288201142,325.79880845727,9.09347e-05,0.0,1374000.0,136000.0,0.35802469135802467,0.0007592446288201142,1.0589929127960744,0.9734574273563823,0.0,1.0179306839921238,0.9842406876790831,0.5396825396825397,0.0,1.0,1.0113303184277052,,not_available,,,,,,,,,3243,2449,2449,vopd\random\mappings\sample_2449_seed_2449.csv
VOPD,RandomMedian,supplement_random_baseline,random-mapping-ensemble-v2,,2441,random_sample_seed,RandomMedian,D:\HNOCS\out\experimental results\random-mapping-ensemble-v2\vopd\random\selected\random_median\metrics.json,,D:\HNOCS\out\experimental results\random-mapping-ensemble-v2\vopd\random\metrics.json,full_objective_reference,w_T=1.0;w_sigma=1.0;w_hot=0.6;w_makespan=1.2;w_H=0.4;w_congestion=0.7;w_D=0.4;w_L=0.2;w_E=0.5;w_peak=0.0,5.528208748808112,5.528208748808112,True,True,,vec,16,True,,53.59297008691004,1.028961401580294,0.0,87.787,0.0,1838000.0,192000.0,1.0054869684499315,0.7435001168231495,326.74297008691,8.7787e-05,0.0,1838000.0,192000.0,1.0054869684499315,0.0007435001168231496,1.1897139891452164,1.0424148163059672,0.0,0.982695065311884,1.316618911174785,0.7619047619047619,0.0,2.8084291187739465,0.9903582868492617,,not_available,,,,,,,,,3243,2441,2441,vopd\random\mappings\sample_2441_seed_2441.csv
VOPD,RandomP10,supplement_random_baseline,random-mapping-ensemble-v2,,780,random_sample_seed,RandomP10,D:\HNOCS\out\experimental results\random-mapping-ensemble-v2\vopd\random\selected\random_p10\metrics.json,,D:\HNOCS\out\experimental results\random-mapping-ensemble-v2\vopd\random\metrics.json,full_objective_reference,w_T=1.0;w_sigma=1.0;w_hot=0.6;w_makespan=1.2;w_H=0.4;w_congestion=0.7;w_D=0.4;w_L=0.2;w_E=0.5;w_peak=0.0,5.148815268613549,5.148815268613549,True,True,,vec,16,True,,52.86146696030005,0.9830845294320941,0.0,87.5287,0.0,1144000.0,144000.0,1.1975308641975309,0.7386030884361375,326.0114669603,8.75287e-05,0.0,1144000.0,144000.0,1.1975308641975309,0.0007386030884361375,1.0884359102005337,0.9959381154505113,0.0,0.9798036333758335,0.8194842406876791,0.5714285714285714,0.0,3.344827586206897,0.9838353387901062,,not_available,,,,,,,,,3243,780,780,vopd\random\mappings\sample_780_seed_780.csv
VOPD,RandomP90,supplement_random_baseline,random-mapping-ensemble-v2,,280,random_sample_seed,RandomP90,D:\HNOCS\out\experimental results\random-mapping-ensemble-v2\vopd\random\selected\random_p90\metrics.json,,D:\HNOCS\out\experimental results\random-mapping-ensemble-v2\vopd\random\metrics.json,full_objective_reference,w_T=1.0;w_sigma=1.0;w_hot=0.6;w_makespan=1.2;w_H=0.4;w_congestion=0.7;w_D=0.4;w_L=0.2;w_E=0.5;w_peak=0.0,6.029117071317573,6.029117071317573,True,True,,vec,16,True,,53.60430481264001,0.9935932748171402,0.0,89.60499999999999,0.0,2418000.0,256000.0,1.2908093278463648,0.7546030688317557,326.75430481264,8.9605e-05,0.0,2418000.0,256000.0,1.2908093278463648,0.0007546030688317557,1.1912833047168612,1.0065842600710335,0.0,1.003045910297326,1.7320916905444126,1.0158730158730158,0.0,3.6053639846743297,1.0051476598182887,,not_available,,,,,,,,,3243,280,280,vopd\random\mappings\sample_280_seed_280.csv
HNN,RandomReferenceMapping,reference_mapping,random-mapping-ensemble-v2,,,none,ReferenceMapping,D:\HNOCS\out\experimental results\random-mapping-ensemble-v2\hnn\original\metrics.json,,D:\HNOCS\out\experimental results\random-mapping-ensemble-v2\hnn\random\metrics.json,full_objective_reference,w_T=1.0;w_sigma=1.0;w_hot=0.6;w_makespan=1.2;w_H=0.4;w_congestion=0.7;w_D=0.4;w_L=0.2;w_E=0.5;w_peak=0.0,6.000000000000001,6.000000000000001,True,True,,vec,16,True,,55.66757624162,2.454372247071413,16.0,203.177525,11.14198573637825,2195456.0,163840.0,0.3028095733610822,4.651317011228462,328.81757624162,0.000203177525,11.14198573637825,2195456.0,163840.0,0.3028095733610822,0.004651317011228462,1.0,1.0,1.0,1.0,1.0,1.0,1.0,1.0,1.0,,not_available,,,,,,,,,3000,,,
HNN,RandomBest,supplement_random_baseline,random-mapping-ensemble-v2,,1048,random_sample_seed,RandomBest,D:\HNOCS\out\experimental results\random-mapping-ensemble-v2\hnn\random\selected\random_best\metrics.json,,D:\HNOCS\out\experimental results\random-mapping-ensemble-v2\hnn\random\metrics.json,full_objective_reference,w_T=1.0;w_sigma=1.0;w_hot=0.6;w_makespan=1.2;w_H=0.4;w_congestion=0.7;w_D=0.4;w_L=0.2;w_E=0.5;w_peak=0.0,5.538187698300438,5.538187698300438,True,True,,vec,16,True,,57.84248783849,1.9979217004321885,11.0,218.495,8.887288685678863,1638400.0,114688.0,0.30697190426638915,4.716450449501696,330.99248783849,0.000218495,8.887288685678863,1638400.0,114688.0,0.30697190426638915,0.004716450449501697,1.203880576769116,0.8140255427089893,0.6875,1.0753896130982006,0.746268656716418,0.7,0.7976395676636105,1.013745704467354,1.0140032249180178,,not_available,,,,,,,,,3000,1048,1048,hnn\random\mappings\sample_1048_seed_1048.csv
HNN,RandomMedian,supplement_random_baseline,random-mapping-ensemble-v2,,2133,random_sample_seed,RandomMedian,D:\HNOCS\out\experimental results\random-mapping-ensemble-v2\hnn\random\selected\random_median\metrics.json,,D:\HNOCS\out\experimental results\random-mapping-ensemble-v2\hnn\random\metrics.json,full_objective_reference,w_T=1.0;w_sigma=1.0;w_hot=0.6;w_makespan=1.2;w_H=0.4;w_congestion=0.7;w_D=0.4;w_L=0.2;w_E=0.5;w_peak=0.0,6.510668384336667,6.510668384336667,True,True,,vec,16,True,,56.81673028620003,1.8480333104410054,10.0,296.6229,3.707761482313142,2252800.0,229376.0,0.7127991675338189,4.918649572913598,329.9667302862,0.0002966229,3.707761482313142,2252800.0,229376.0,0.7127991675338189,0.004918649572913597,1.1077240057677353,0.7529555928796463,0.625,1.4599198410355672,1.0261194029850746,1.4,0.3327738492975638,2.353951890034364,1.0574745950533546,,not_available,,,,,,,,,3000,2133,2133,hnn\random\mappings\sample_2133_seed_2133.csv
HNN,RandomP10,supplement_random_baseline,random-mapping-ensemble-v2,,2208,random_sample_seed,RandomP10,D:\HNOCS\out\experimental results\random-mapping-ensemble-v2\hnn\random\selected\random_p10\metrics.json,,D:\HNOCS\out\experimental results\random-mapping-ensemble-v2\hnn\random\metrics.json,full_objective_reference,w_T=1.0;w_sigma=1.0;w_hot=0.6;w_makespan=1.2;w_H=0.4;w_congestion=0.7;w_D=0.4;w_L=0.2;w_E=0.5;w_peak=0.0,6.127662755478515,6.127662755478515,True,True,,vec,16,True,,57.14628784629002,2.0899186069495563,12.0,258.3568,5.579898827687906,2170880.0,163840.0,0.5275754422476587,4.812655618451782,330.29628784629,0.0002583568,5.579898827687906,2170880.0,163840.0,0.5275754422476587,0.004812655618451782,1.1386173926651464,0.8515084088989651,0.75,1.271581588563991,0.9888059701492538,1.0,0.5007993152845011,1.7422680412371134,1.034686650433381,,not_available,,,,,,,,,3000,2208,2208,hnn\random\mappings\sample_2208_seed_2208.csv
HNN,RandomP90,supplement_random_baseline,random-mapping-ensemble-v2,,2937,random_sample_seed,RandomP90,D:\HNOCS\out\experimental results\random-mapping-ensemble-v2\hnn\random\selected\random_p90\metrics.json,,D:\HNOCS\out\experimental results\random-mapping-ensemble-v2\hnn\random\metrics.json,full_objective_reference,w_T=1.0;w_sigma=1.0;w_hot=0.6;w_makespan=1.2;w_H=0.4;w_congestion=0.7;w_D=0.4;w_L=0.2;w_E=0.5;w_peak=0.0,6.996664373254697,6.996664373254697,True,True,,vec,16,True,,58.10597158856001,1.57241419207229,11.0,330.026414,10.858494645744694,1957888.0,229376.0,0.7065556711758585,5.326034647190504,331.25597158856,0.000330026414,10.858494645744694,1957888.0,229376.0,0.7065556711758585,0.005326034647190504,1.2285800721467086,0.6406583980683916,0.6875,1.6243253972111333,0.8917910447761194,1.4,0.9745565021046502,2.3333333333333335,1.1450594819345246,,not_available,,,,,,,,,3000,2937,2937,hnn\random\mappings\sample_2937_seed_2937.csv
GEMM,CommAwareReferenceMapping,reference_mapping,comm-aware-baseline-v1,,,none,CommAwareReferenceMapping,D:\HNOCS\out\experimental results\comm-aware-baseline-v1\gemm\original\metrics.json,,D:\HNOCS\out\experimental results\comm-aware-baseline-v1\gemm\original\metrics.json,comm_aware_proxy,w_T=1.0;w_sigma=1.0;w_hot=0.6;w_makespan=1.2;w_H=0.4;w_congestion=0.7;w_D=0.4;w_L=0.2;w_E=0.5;w_peak=0.0,6.000000000000001,6.000000000000001,True,True,,vec,16,True,,54.93421735578005,2.1434761400252804,6.0,120.405,1.8350526805555563,104448.0,22528.0,0.9202539178734378,1.5708734939939561,328.08421735578,0.000120405,1.8350526805555563,104448.0,22528.0,0.9202539178734378,0.0015708734939939562,1.0,1.0,1.0,1.0,1.0,1.0,1.0,1.0,1.0,,not_available,,,,,,,,,,,,
GEMM,CommAware-Heuristic,main_baseline,comm-aware-baseline-v1,,,none,CommAware-Heuristic,D:\HNOCS\out\experimental results\comm-aware-baseline-v1\gemm\comm_aware\metrics.json,,D:\HNOCS\out\experimental results\comm-aware-baseline-v1\gemm\comm_aware\metrics.json,raw_comm_cost + lambda_cong * max_edge_load,w_T=1.0;w_sigma=1.0;w_hot=0.6;w_makespan=1.2;w_H=0.4;w_congestion=0.7;w_D=0.4;w_L=0.2;w_E=0.5;w_peak=0.0,8.166037408710636,8.166037408710636,True,True,,vec,16,True,,53.25777072021003,0.9470910831273055,0.0,325.7,0.0,6144.0,2048.0,12.524300733981352,2.6321894901124785,326.40777072021,0.0003257,0.0,6144.0,2048.0,12.524300733981352,0.0026321894901124784,0.8312452228967383,0.4418482041587528,0.0,2.7050371662306385,0.058823529411764705,0.09090909090909091,0.0,13.609614140978659,1.6756215571631548,,not_available,,,,,,,,,,,,
MPEG4,CommAwareReferenceMapping,reference_mapping,comm-aware-baseline-v1,,,none,CommAwareReferenceMapping,D:\HNOCS\out\experimental results\comm-aware-baseline-v1\mpeg4\original\metrics.json,,D:\HNOCS\out\experimental results\comm-aware-baseline-v1\mpeg4\original\metrics.json,comm_aware_proxy,w_T=1.0;w_sigma=1.0;w_hot=0.6;w_makespan=1.2;w_H=0.4;w_congestion=0.7;w_D=0.4;w_L=0.2;w_E=0.5;w_peak=0.0,6.000000000000001,6.000000000000001,True,True,,vec,16,True,,54.44663874680003,1.3003837749577485,2.0,122.06989999999999,0.07168423611111063,420000.0,88000.0,0.5670623064060744,1.1328804365769536,327.5966387468,0.0001220699,0.07168423611111063,420000.0,88000.0,0.5670623064060744,0.0011328804365769536,1.0,1.0,1.0,1.0,1.0,1.0,1.0,1.0,1.0,,not_available,,,,,,,,,,,,
MPEG4,CommAware-Heuristic,main_baseline,comm-aware-baseline-v1,,,none,CommAware-Heuristic,D:\HNOCS\out\experimental results\comm-aware-baseline-v1\mpeg4\comm_aware\metrics.json,,D:\HNOCS\out\experimental results\comm-aware-baseline-v1\mpeg4\comm_aware\metrics.json,raw_comm_cost + lambda_cong * max_edge_load,w_T=1.0;w_sigma=1.0;w_hot=0.6;w_makespan=1.2;w_H=0.4;w_congestion=0.7;w_D=0.4;w_L=0.2;w_E=0.5;w_peak=0.0,7.341626176097999,7.341626176097999,True,True,,vec,16,True,,52.543467896610025,1.2013593567364933,0.0,192.9022,0.0,40000.0,20000.0,8.105452153175627,1.5112432648998568,325.69346789661,0.0001929022,0.0,40000.0,20000.0,8.105452153175627,0.0015112432648998568,0.7985346003799827,0.9238498509992001,0.0,1.580260162415141,0.09523809523809523,0.22727272727272727,0.0,14.293759365785279,1.3339830189548887,,not_available,,,,,,,,,,,,
VOPD,CommAwareReferenceMapping,reference_mapping,comm-aware-baseline-v1,,,none,CommAwareReferenceMapping,D:\HNOCS\out\experimental results\comm-aware-baseline-v1\vopd\original\metrics.json,,D:\HNOCS\out\experimental results\comm-aware-baseline-v1\vopd\original\metrics.json,comm_aware_proxy,w_T=1.0;w_sigma=1.0;w_hot=0.6;w_makespan=1.2;w_H=0.4;w_congestion=0.7;w_D=0.4;w_L=0.2;w_E=0.5;w_peak=0.0,5.0,5.0,True,True,,vec,16,True,,52.22271921261,0.9870939912641029,0.0,89.3329,0.0,1396000.0,252000.0,0.35802469135802467,0.7507385223064373,325.37271921261,8.93329e-05,0.0,1396000.0,252000.0,0.35802469135802467,0.0007507385223064374,1.0,1.0,0.0,1.0,1.0,1.0,0.0,1.0,1.0,,not_available,,,,,,,,,,,,
VOPD,CommAware-Heuristic,main_baseline,comm-aware-baseline-v1,,,none,CommAware-Heuristic,D:\HNOCS\out\experimental results\comm-aware-baseline-v1\vopd\comm_aware\metrics.json,,D:\HNOCS\out\experimental results\comm-aware-baseline-v1\vopd\comm_aware\metrics.json,raw_comm_cost + lambda_cong * max_edge_load,w_T=1.0;w_sigma=1.0;w_hot=0.6;w_makespan=1.2;w_H=0.4;w_congestion=0.7;w_D=0.4;w_L=0.2;w_E=0.5;w_peak=0.0,8.896455532844945,8.896455532844945,True,True,,vec,16,True,,52.563290199389996,1.1724472641423316,0.0,110.2662,0.0,120000.0,60000.0,7.888888888888889,0.8594213696062396,325.71329019939,0.0001102662,0.0,120000.0,60000.0,7.888888888888889,0.0008594213696062396,1.0471527380138768,1.187776720878282,0.0,1.23432912174574,0.08595988538681948,0.23809523809523808,0.0,22.03448275862069,1.1447679106247326,,not_available,,,,,,,,,,,,
HNN,CommAwareReferenceMapping,reference_mapping,comm-aware-baseline-v1,,,none,CommAwareReferenceMapping,D:\HNOCS\out\experimental results\comm-aware-baseline-v1\hnn\original\metrics.json,,D:\HNOCS\out\experimental results\comm-aware-baseline-v1\hnn\original\metrics.json,comm_aware_proxy,w_T=1.0;w_sigma=1.0;w_hot=0.6;w_makespan=1.2;w_H=0.4;w_congestion=0.7;w_D=0.4;w_L=0.2;w_E=0.5;w_peak=0.0,6.000000000000001,6.000000000000001,True,True,,vec,16,True,,55.66757624162,2.454372247071413,16.0,203.177525,11.14198573637825,2195456.0,163840.0,0.3028095733610822,4.651317011228462,328.81757624162,0.000203177525,11.14198573637825,2195456.0,163840.0,0.3028095733610822,0.004651317011228462,1.0,1.0,1.0,1.0,1.0,1.0,1.0,1.0,1.0,,not_available,,,,,,,,,,,,
HNN,CommAware-Heuristic,main_baseline,comm-aware-baseline-v1,,,none,CommAware-Heuristic,D:\HNOCS\out\experimental results\comm-aware-baseline-v1\hnn\comm_aware\metrics.json,,D:\HNOCS\out\experimental results\comm-aware-baseline-v1\hnn\comm_aware\metrics.json,raw_comm_cost + lambda_cong * max_edge_load,w_T=1.0;w_sigma=1.0;w_hot=0.6;w_makespan=1.2;w_H=0.4;w_congestion=0.7;w_D=0.4;w_L=0.2;w_E=0.5;w_peak=0.0,7.069626153237407,7.069626153237407,True,True,,vec,16,True,,57.18595210508005,2.7743846094282714,5.0,352.547403,2.4920792983513453,163840.0,49152.0,2.465140478668054,5.299776621839895,330.33595210508,0.000352547403,2.4920792983513453,163840.0,49152.0,2.465140478668054,0.005299776621839895,1.142335599865323,1.1303846076073836,0.3125,1.7351692959149885,0.07462686567164178,0.3,0.2236656335158266,8.140893470790378,1.1394141936673046,,not_available,,,,,,,,,,,,
GEMM,Thermal-SA-TAS-ReferenceMapping,reference_mapping,thermal-sa-tas-results,,40,tas_seed,Thermal-SA-TAS-ReferenceMapping,D:\HNOCS\out\experimental results\thermal-sa-tas-results\final\seed_40\gemm\original\metrics.json,,D:\HNOCS\out\experimental results\thermal-sa-tas-results\final\seed_40\gemm\original\metrics.json,thermal_sa_tas_proxy_then_full_eval,w_T=1.0;w_sigma=1.0;w_hot=0.6;w_makespan=1.2;w_H=0.4;w_congestion=0.7;w_D=0.4;w_L=0.2;w_E=0.5,6.000000000000001,6.000000000000001,True,True,,vec,16,True,,54.93421735578005,2.1434761400252804,6.0,120.405,1.8350526805555563,104448.0,22528.0,0.9202539178734378,1.5708734939939561,328.08421735578,0.000120405,1.8350526805555563,104448.0,22528.0,0.9202539178734378,0.0015708734939939562,1.0,1.0,1.0,1.0,1.0,1.0,1.0,1.0,1.0,,not_available,,,,,,,,,,,,
GEMM,Thermal-SA-TAS,main_baseline,thermal-sa-tas-results,,40,tas_seed,Thermal-SA-TAS,D:\HNOCS\out\experimental results\thermal-sa-tas-results\final\seed_40\gemm\thermal_sa_tas\metrics.json,D:\HNOCS\out\experimental results\thermal-sa-tas-results\final\seed_40\gemm\thermal_sa_tas\history.json,D:\HNOCS\out\experimental results\thermal-sa-tas-results\final\seed_40\gemm\thermal_sa_tas\metrics.json,thermal_sa_tas_proxy_then_full_eval,w_T=1.0;w_sigma=1.0;w_hot=0.6;w_makespan=1.2;w_H=0.4;w_congestion=0.7;w_D=0.4;w_L=0.2;w_E=0.5,5.629589834537457,5.629589834537457,True,True,,vec,16,True,,54.30951881033002,1.4935925797902843,1.0,167.5326,0.06137375,123904.0,24576.0,1.8597500495933346,1.791637079672102,327.45951881033,0.0001675326,0.06137375,123904.0,24576.0,1.8597500495933346,0.001791637079672102,0.9371164810394892,0.6968085867159075,0.16666666666666666,1.3914089946430797,1.1862745098039216,1.0909090909090908,0.03344522511550965,2.020909678810088,1.1405355596884208,4305,non_ga,,,,,,,,,,,,
MPEG4,Thermal-SA-TAS-ReferenceMapping,reference_mapping,thermal-sa-tas-results,,40,tas_seed,Thermal-SA-TAS-ReferenceMapping,D:\HNOCS\out\experimental results\thermal-sa-tas-results\final\seed_40\mpeg4\original\metrics.json,,D:\HNOCS\out\experimental results\thermal-sa-tas-results\final\seed_40\mpeg4\original\metrics.json,thermal_sa_tas_proxy_then_full_eval,w_T=1.0;w_sigma=1.0;w_hot=0.6;w_makespan=1.2;w_H=0.4;w_congestion=0.7;w_D=0.4;w_L=0.2;w_E=0.5,6.000000000000001,6.000000000000001,True,True,,vec,16,True,,54.44663874680003,1.3003837749577485,2.0,122.06989999999999,0.07168423611111063,420000.0,88000.0,0.5670623064060744,1.1328804365769536,327.5966387468,0.0001220699,0.07168423611111063,420000.0,88000.0,0.5670623064060744,0.0011328804365769536,1.0,1.0,1.0,1.0,1.0,1.0,1.0,1.0,1.0,,not_available,,,,,,,,,,,,
MPEG4,Thermal-SA-TAS,main_baseline,thermal-sa-tas-results,,40,tas_seed,Thermal-SA-TAS,D:\HNOCS\out\experimental results\thermal-sa-tas-results\final\seed_40\mpeg4\thermal_sa_tas\metrics.json,D:\HNOCS\out\experimental results\thermal-sa-tas-results\final\seed_40\mpeg4\thermal_sa_tas\history.json,D:\HNOCS\out\experimental results\thermal-sa-tas-results\final\seed_40\mpeg4\thermal_sa_tas\metrics.json,thermal_sa_tas_proxy_then_full_eval,w_T=1.0;w_sigma=1.0;w_hot=0.6;w_makespan=1.2;w_H=0.4;w_congestion=0.7;w_D=0.4;w_L=0.2;w_E=0.5,4.784364191150023,4.784364191150023,True,True,,vec,16,True,,52.975532528030044,1.1814596545058882,0.0,121.2596,0.0,424000.0,80000.0,0.8565280557002275,1.1266374271938753,326.12553252803,0.0001212596,0.0,424000.0,80000.0,0.8565280557002275,0.0011266374271938753,0.8442719936476544,0.9085469053505191,0.0,0.9933619999688703,1.0095238095238095,0.9090909090909091,0.0,1.5104655097404167,0.9944892601359224,4277,non_ga,,,,,,,,,,,,
VOPD,Thermal-SA-TAS-ReferenceMapping,reference_mapping,thermal-sa-tas-results,,40,tas_seed,Thermal-SA-TAS-ReferenceMapping,D:\HNOCS\out\experimental results\thermal-sa-tas-results\final\seed_40\vopd\original\metrics.json,,D:\HNOCS\out\experimental results\thermal-sa-tas-results\final\seed_40\vopd\original\metrics.json,thermal_sa_tas_proxy_then_full_eval,w_T=1.0;w_sigma=1.0;w_hot=0.6;w_makespan=1.2;w_H=0.4;w_congestion=0.7;w_D=0.4;w_L=0.2;w_E=0.5,5.0,5.0,True,True,,vec,16,True,,52.22271921261,0.9870939912641029,0.0,89.3329,0.0,1396000.0,252000.0,0.35802469135802467,0.7507385223064373,325.37271921261,8.93329e-05,0.0,1396000.0,252000.0,0.35802469135802467,0.0007507385223064374,1.0,1.0,0.0,1.0,1.0,1.0,0.0,1.0,1.0,,not_available,,,,,,,,,,,,
VOPD,Thermal-SA-TAS,main_baseline,thermal-sa-tas-results,,40,tas_seed,Thermal-SA-TAS,D:\HNOCS\out\experimental results\thermal-sa-tas-results\final\seed_40\vopd\thermal_sa_tas\metrics.json,D:\HNOCS\out\experimental results\thermal-sa-tas-results\final\seed_40\vopd\thermal_sa_tas\history.json,D:\HNOCS\out\experimental results\thermal-sa-tas-results\final\seed_40\vopd\thermal_sa_tas\metrics.json,thermal_sa_tas_proxy_then_full_eval,w_T=1.0;w_sigma=1.0;w_hot=0.6;w_makespan=1.2;w_H=0.4;w_congestion=0.7;w_D=0.4;w_L=0.2;w_E=0.5,4.500405935446183,4.500405935446183,True,True,,vec,16,True,,52.393688915220025,0.9854874394923582,0.0,87.3506,0.0,824000.0,136000.0,0.35802469135802467,0.7373896456070562,325.54368891522,8.73506e-05,0.0,824000.0,136000.0,0.35802469135802467,0.0007373896456070562,1.0236710991494076,0.9983724429629165,0.0,0.9778099669886458,0.5902578796561605,0.5396825396825397,0.0,1.0,0.9822190066144861,7000,non_ga,,,,,,,,,,,,
HNN,Thermal-SA-TAS-ReferenceMapping,reference_mapping,thermal-sa-tas-results,,40,tas_seed,Thermal-SA-TAS-ReferenceMapping,D:\HNOCS\out\experimental results\thermal-sa-tas-results\final\seed_40\hnn\original\metrics.json,,D:\HNOCS\out\experimental results\thermal-sa-tas-results\final\seed_40\hnn\original\metrics.json,thermal_sa_tas_proxy_then_full_eval,w_T=1.0;w_sigma=1.0;w_hot=0.6;w_makespan=1.2;w_H=0.4;w_congestion=0.7;w_D=0.4;w_L=0.2;w_E=0.5,6.000000000000001,6.000000000000001,True,True,,vec,16,True,,55.66757624162,2.454372247071413,16.0,203.177525,11.14198573637825,2195456.0,163840.0,0.3028095733610822,4.651317011228462,328.81757624162,0.000203177525,11.14198573637825,2195456.0,163840.0,0.3028095733610822,0.004651317011228462,1.0,1.0,1.0,1.0,1.0,1.0,1.0,1.0,1.0,,not_available,,,,,,,,,,,,
HNN,Thermal-SA-TAS,main_baseline,thermal-sa-tas-results,,40,tas_seed,Thermal-SA-TAS,D:\HNOCS\out\experimental results\thermal-sa-tas-results\final\seed_40\hnn\thermal_sa_tas\metrics.json,D:\HNOCS\out\experimental results\thermal-sa-tas-results\final\seed_40\hnn\thermal_sa_tas\history.json,D:\HNOCS\out\experimental results\thermal-sa-tas-results\final\seed_40\hnn\thermal_sa_tas\metrics.json,thermal_sa_tas_proxy_then_full_eval,w_T=1.0;w_sigma=1.0;w_hot=0.6;w_makespan=1.2;w_H=0.4;w_congestion=0.7;w_D=0.4;w_L=0.2;w_E=0.5,5.862669780607964,5.862669780607964,True,True,,vec,16,True,,58.34023718635001,1.9855884323231316,13.0,203.374886,10.995803817744815,2097152.0,147456.0,0.3048907388137357,4.709429218059479,331.49023718635,0.000203374886,10.995803817744815,2097152.0,147456.0,0.3048907388137357,0.004709429218059479,1.2505405993071335,0.8090005233282604,0.8125,1.0009713722027078,0.9552238805970149,0.9,0.9868800838475177,1.006872852233677,1.0124937102095453,12000,non_ga,,,,,,,,,,,,
GEMM,Thermal-SA-TAS-ReferenceMapping,reference_mapping,thermal-sa-tas-results,,41,tas_seed,Thermal-SA-TAS-ReferenceMapping,D:\HNOCS\out\experimental results\thermal-sa-tas-results\final\seed_41\gemm\original\metrics.json,,D:\HNOCS\out\experimental results\thermal-sa-tas-results\final\seed_41\gemm\original\metrics.json,thermal_sa_tas_proxy_then_full_eval,w_T=1.0;w_sigma=1.0;w_hot=0.6;w_makespan=1.2;w_H=0.4;w_congestion=0.7;w_D=0.4;w_L=0.2;w_E=0.5,6.000000000000001,6.000000000000001,True,True,,vec,16,True,,54.93421735578005,2.1434761400252804,6.0,120.405,1.8350526805555563,104448.0,22528.0,0.9202539178734378,1.5708734939939561,328.08421735578,0.000120405,1.8350526805555563,104448.0,22528.0,0.9202539178734378,0.0015708734939939562,1.0,1.0,1.0,1.0,1.0,1.0,1.0,1.0,1.0,,not_available,,,,,,,,,,,,
GEMM,Thermal-SA-TAS,main_baseline,thermal-sa-tas-results,,41,tas_seed,Thermal-SA-TAS,D:\HNOCS\out\experimental results\thermal-sa-tas-results\final\seed_41\gemm\thermal_sa_tas\metrics.json,D:\HNOCS\out\experimental results\thermal-sa-tas-results\final\seed_41\gemm\thermal_sa_tas\history.json,D:\HNOCS\out\experimental results\thermal-sa-tas-results\final\seed_41\gemm\thermal_sa_tas\metrics.json,thermal_sa_tas_proxy_then_full_eval,w_T=1.0;w_sigma=1.0;w_hot=0.6;w_makespan=1.2;w_H=0.4;w_congestion=0.7;w_D=0.4;w_L=0.2;w_E=0.5,5.079304893047821,5.079304893047821,True,True,,vec,16,True,,53.49392932185003,1.4180888013352098,0.0,166.3948,0.0,88064.0,13312.0,2.6976790319381077,1.7819086764823213,326.64392932185,0.0001663948,0.0,88064.0,13312.0,2.6976790319381077,0.0017819086764823213,0.8550174631429812,0.6615836653626033,0.0,1.3819592209625846,0.8431372549019608,0.5909090909090909,0.0,2.931450743694762,1.134342570102069,4281,non_ga,,,,,,,,,,,,
MPEG4,Thermal-SA-TAS-ReferenceMapping,reference_mapping,thermal-sa-tas-results,,41,tas_seed,Thermal-SA-TAS-ReferenceMapping,D:\HNOCS\out\experimental results\thermal-sa-tas-results\final\seed_41\mpeg4\original\metrics.json,,D:\HNOCS\out\experimental results\thermal-sa-tas-results\final\seed_41\mpeg4\original\metrics.json,thermal_sa_tas_proxy_then_full_eval,w_T=1.0;w_sigma=1.0;w_hot=0.6;w_makespan=1.2;w_H=0.4;w_congestion=0.7;w_D=0.4;w_L=0.2;w_E=0.5,6.000000000000001,6.000000000000001,True,True,,vec,16,True,,54.44663874680003,1.3003837749577485,2.0,122.06989999999999,0.07168423611111063,420000.0,88000.0,0.5670623064060744,1.1328804365769536,327.5966387468,0.0001220699,0.07168423611111063,420000.0,88000.0,0.5670623064060744,0.0011328804365769536,1.0,1.0,1.0,1.0,1.0,1.0,1.0,1.0,1.0,,not_available,,,,,,,,,,,,
MPEG4,Thermal-SA-TAS,main_baseline,thermal-sa-tas-results,,41,tas_seed,Thermal-SA-TAS,D:\HNOCS\out\experimental results\thermal-sa-tas-results\final\seed_41\mpeg4\thermal_sa_tas\metrics.json,D:\HNOCS\out\experimental results\thermal-sa-tas-results\final\seed_41\mpeg4\thermal_sa_tas\history.json,D:\HNOCS\out\experimental results\thermal-sa-tas-results\final\seed_41\mpeg4\thermal_sa_tas\metrics.json,thermal_sa_tas_proxy_then_full_eval,w_T=1.0;w_sigma=1.0;w_hot=0.6;w_makespan=1.2;w_H=0.4;w_congestion=0.7;w_D=0.4;w_L=0.2;w_E=0.5,4.484225016396434,4.484225016396434,True,True,,vec,16,True,,52.919068093160035,1.0888352795032556,0.0,122.2516,0.0,420000.0,56000.0,0.7424960938570763,1.131739547221375,326.06906809316,0.0001222516,0.0,420000.0,56000.0,0.7424960938570763,0.0011317395472213749,0.8382947951558485,0.8373184135880453,0.0,1.0014884914299103,1.0,0.6363636363636364,0.0,1.3093730362063132,0.9989929304816791,5000,non_ga,,,,,,,,,,,,
VOPD,Thermal-SA-TAS-ReferenceMapping,reference_mapping,thermal-sa-tas-results,,41,tas_seed,Thermal-SA-TAS-ReferenceMapping,D:\HNOCS\out\experimental results\thermal-sa-tas-results\final\seed_41\vopd\original\metrics.json,,D:\HNOCS\out\experimental results\thermal-sa-tas-results\final\seed_41\vopd\original\metrics.json,thermal_sa_tas_proxy_then_full_eval,w_T=1.0;w_sigma=1.0;w_hot=0.6;w_makespan=1.2;w_H=0.4;w_congestion=0.7;w_D=0.4;w_L=0.2;w_E=0.5,5.0,5.0,True,True,,vec,16,True,,52.22271921261,0.9870939912641029,0.0,89.3329,0.0,1396000.0,252000.0,0.35802469135802467,0.7507385223064373,325.37271921261,8.93329e-05,0.0,1396000.0,252000.0,0.35802469135802467,0.0007507385223064374,1.0,1.0,0.0,1.0,1.0,1.0,0.0,1.0,1.0,,not_available,,,,,,,,,,,,
VOPD,Thermal-SA-TAS,main_baseline,thermal-sa-tas-results,,41,tas_seed,Thermal-SA-TAS,D:\HNOCS\out\experimental results\thermal-sa-tas-results\final\seed_41\vopd\thermal_sa_tas\metrics.json,D:\HNOCS\out\experimental results\thermal-sa-tas-results\final\seed_41\vopd\thermal_sa_tas\history.json,D:\HNOCS\out\experimental results\thermal-sa-tas-results\final\seed_41\vopd\thermal_sa_tas\metrics.json,thermal_sa_tas_proxy_then_full_eval,w_T=1.0;w_sigma=1.0;w_hot=0.6;w_makespan=1.2;w_H=0.4;w_congestion=0.7;w_D=0.4;w_L=0.2;w_E=0.5,4.4203141255983835,4.4203141255983835,True,True,,vec,16,True,,51.880627048630004,0.9192954242265998,0.0,88.4387,0.0,884000.0,144000.0,0.35802469135802467,0.7433498457077405,325.03062704863,8.84387e-05,0.0,884000.0,144000.0,0.35802469135802467,0.0007433498457077405,0.9526366519436688,0.9313149835400394,0.0,0.989990249952705,0.6332378223495702,0.5714285714285714,0.0,1.0,0.9901581224632017,7000,non_ga,,,,,,,,,,,,
HNN,Thermal-SA-TAS-ReferenceMapping,reference_mapping,thermal-sa-tas-results,,41,tas_seed,Thermal-SA-TAS-ReferenceMapping,D:\HNOCS\out\experimental results\thermal-sa-tas-results\final\seed_41\hnn\original\metrics.json,,D:\HNOCS\out\experimental results\thermal-sa-tas-results\final\seed_41\hnn\original\metrics.json,thermal_sa_tas_proxy_then_full_eval,w_T=1.0;w_sigma=1.0;w_hot=0.6;w_makespan=1.2;w_H=0.4;w_congestion=0.7;w_D=0.4;w_L=0.2;w_E=0.5,6.000000000000001,6.000000000000001,True,True,,vec,16,True,,55.66757624162,2.454372247071413,16.0,203.177525,11.14198573637825,2195456.0,163840.0,0.3028095733610822,4.651317011228462,328.81757624162,0.000203177525,11.14198573637825,2195456.0,163840.0,0.3028095733610822,0.004651317011228462,1.0,1.0,1.0,1.0,1.0,1.0,1.0,1.0,1.0,,not_available,,,,,,,,,,,,
HNN,Thermal-SA-TAS,main_baseline,thermal-sa-tas-results,,41,tas_seed,Thermal-SA-TAS,D:\HNOCS\out\experimental results\thermal-sa-tas-results\final\seed_41\hnn\thermal_sa_tas\metrics.json,D:\HNOCS\out\experimental results\thermal-sa-tas-results\final\seed_41\hnn\thermal_sa_tas\history.json,D:\HNOCS\out\experimental results\thermal-sa-tas-results\final\seed_41\hnn\thermal_sa_tas\metrics.json,thermal_sa_tas_proxy_then_full_eval,w_T=1.0;w_sigma=1.0;w_hot=0.6;w_makespan=1.2;w_H=0.4;w_congestion=0.7;w_D=0.4;w_L=0.2;w_E=0.5,5.461764203443082,5.461764203443082,True,True,,vec,16,True,,57.03633852473001,1.8759245891144185,12.0,197.3466,8.290044630609044,1515520.0,163840.0,0.2882414151925078,4.553272346628479,330.18633852473,0.0001973466,8.290044630609044,1515520.0,163840.0,0.2882414151925078,0.004553272346628478,1.128310522663033,0.7643195083194062,0.75,0.9713013287271808,0.6902985074626866,1.0,0.7440365502840571,0.9518900343642611,0.9789210960329515,12000,non_ga,,,,,,,,,,,,
GEMM,Thermal-SA-TAS-ReferenceMapping,reference_mapping,thermal-sa-tas-results,,42,tas_seed,Thermal-SA-TAS-ReferenceMapping,D:\HNOCS\out\experimental results\thermal-sa-tas-results\final\seed_42\gemm\original\metrics.json,,D:\HNOCS\out\experimental results\thermal-sa-tas-results\final\seed_42\gemm\original\metrics.json,thermal_sa_tas_proxy_then_full_eval,w_T=1.0;w_sigma=1.0;w_hot=0.6;w_makespan=1.2;w_H=0.4;w_congestion=0.7;w_D=0.4;w_L=0.2;w_E=0.5,6.000000000000001,6.000000000000001,True,True,,vec,16,True,,54.93421735578005,2.1434761400252804,6.0,120.405,1.8350526805555563,104448.0,22528.0,0.9202539178734378,1.5708734939939561,328.08421735578,0.000120405,1.8350526805555563,104448.0,22528.0,0.9202539178734378,0.0015708734939939562,1.0,1.0,1.0,1.0,1.0,1.0,1.0,1.0,1.0,,not_available,,,,,,,,,,,,
GEMM,Thermal-SA-TAS,main_baseline,thermal-sa-tas-results,,42,tas_seed,Thermal-SA-TAS,D:\HNOCS\out\experimental results\thermal-sa-tas-results\final\seed_42\gemm\thermal_sa_tas\metrics.json,D:\HNOCS\out\experimental results\thermal-sa-tas-results\final\seed_42\gemm\thermal_sa_tas\history.json,D:\HNOCS\out\experimental results\thermal-sa-tas-results\final\seed_42\gemm\thermal_sa_tas\metrics.json,thermal_sa_tas_proxy_then_full_eval,w_T=1.0;w_sigma=1.0;w_hot=0.6;w_makespan=1.2;w_H=0.4;w_congestion=0.7;w_D=0.4;w_L=0.2;w_E=0.5,5.305345797973735,5.305345797973735,True,True,,vec,16,True,,54.30952825798005,1.517985574722255,1.0,167.2726,0.0555896195652175,72704.0,20480.0,1.8216623685776632,1.7911839485846508,327.45952825798,0.0001672726,0.0555896195652175,72704.0,20480.0,1.8216623685776632,0.0017911839485846507,0.9371174320605602,0.7081886970313332,0.16666666666666666,1.3892496158797394,0.696078431372549,0.9090909090909091,0.030293200927827273,1.979521448588058,1.1402471016495122,3460,non_ga,,,,,,,,,,,,
MPEG4,Thermal-SA-TAS-ReferenceMapping,reference_mapping,thermal-sa-tas-results,,42,tas_seed,Thermal-SA-TAS-ReferenceMapping,D:\HNOCS\out\experimental results\thermal-sa-tas-results\final\seed_42\mpeg4\original\metrics.json,,D:\HNOCS\out\experimental results\thermal-sa-tas-results\final\seed_42\mpeg4\original\metrics.json,thermal_sa_tas_proxy_then_full_eval,w_T=1.0;w_sigma=1.0;w_hot=0.6;w_makespan=1.2;w_H=0.4;w_congestion=0.7;w_D=0.4;w_L=0.2;w_E=0.5,6.000000000000001,6.000000000000001,True,True,,vec,16,True,,54.44663874680003,1.3003837749577485,2.0,122.06989999999999,0.07168423611111063,420000.0,88000.0,0.5670623064060744,1.1328804365769536,327.5966387468,0.0001220699,0.07168423611111063,420000.0,88000.0,0.5670623064060744,0.0011328804365769536,1.0,1.0,1.0,1.0,1.0,1.0,1.0,1.0,1.0,,not_available,,,,,,,,,,,,
MPEG4,Thermal-SA-TAS,main_baseline,thermal-sa-tas-results,,42,tas_seed,Thermal-SA-TAS,D:\HNOCS\out\experimental results\thermal-sa-tas-results\final\seed_42\mpeg4\thermal_sa_tas\metrics.json,D:\HNOCS\out\experimental results\thermal-sa-tas-results\final\seed_42\mpeg4\thermal_sa_tas\history.json,D:\HNOCS\out\experimental results\thermal-sa-tas-results\final\seed_42\mpeg4\thermal_sa_tas\metrics.json,thermal_sa_tas_proxy_then_full_eval,w_T=1.0;w_sigma=1.0;w_hot=0.6;w_makespan=1.2;w_H=0.4;w_congestion=0.7;w_D=0.4;w_L=0.2;w_E=0.5,4.751908730696307,4.751908730696307,True,True,,vec,16,True,,53.71005748035003,1.136873742645858,0.0,122.3616,0.0,504000.0,72000.0,0.5670623064060744,1.1329406837598828,326.86005748035,0.0001223616,0.0,504000.0,72000.0,0.5670623064060744,0.0011329406837598827,0.9220271584218764,0.8742601719117856,0.0,1.002389614474985,1.2,0.8181818181818182,0.0,1.0,1.0000531805307815,4637,non_ga,,,,,,,,,,,,
VOPD,Thermal-SA-TAS-ReferenceMapping,reference_mapping,thermal-sa-tas-results,,42,tas_seed,Thermal-SA-TAS-ReferenceMapping,D:\HNOCS\out\experimental results\thermal-sa-tas-results\final\seed_42\vopd\original\metrics.json,,D:\HNOCS\out\experimental results\thermal-sa-tas-results\final\seed_42\vopd\original\metrics.json,thermal_sa_tas_proxy_then_full_eval,w_T=1.0;w_sigma=1.0;w_hot=0.6;w_makespan=1.2;w_H=0.4;w_congestion=0.7;w_D=0.4;w_L=0.2;w_E=0.5,5.0,5.0,True,True,,vec,16,True,,52.22271921261,0.9870939912641029,0.0,89.3329,0.0,1396000.0,252000.0,0.35802469135802467,0.7507385223064373,325.37271921261,8.93329e-05,0.0,1396000.0,252000.0,0.35802469135802467,0.0007507385223064374,1.0,1.0,0.0,1.0,1.0,1.0,0.0,1.0,1.0,,not_available,,,,,,,,,,,,
VOPD,Thermal-SA-TAS,main_baseline,thermal-sa-tas-results,,42,tas_seed,Thermal-SA-TAS,D:\HNOCS\out\experimental results\thermal-sa-tas-results\final\seed_42\vopd\thermal_sa_tas\metrics.json,D:\HNOCS\out\experimental results\thermal-sa-tas-results\final\seed_42\vopd\thermal_sa_tas\history.json,D:\HNOCS\out\experimental results\thermal-sa-tas-results\final\seed_42\vopd\thermal_sa_tas\metrics.json,thermal_sa_tas_proxy_then_full_eval,w_T=1.0;w_sigma=1.0;w_hot=0.6;w_makespan=1.2;w_H=0.4;w_congestion=0.7;w_D=0.4;w_L=0.2;w_E=0.5,4.495672639161093,4.495672639161093,True,True,,vec,16,True,,52.145035321130024,0.9146805764034436,0.0,90.6447,0.0,902000.0,144000.0,0.35802469135802467,0.7563155048332689,325.29503532113,9.06447e-05,0.0,902000.0,144000.0,0.35802469135802467,0.000756315504833269,0.9892445090009381,0.9266397977279505,0.0,1.0146843995885055,0.6461318051575932,0.5714285714285714,0.0,1.0,1.00742866172592,7000,non_ga,,,,,,,,,,,,
HNN,Thermal-SA-TAS-ReferenceMapping,reference_mapping,thermal-sa-tas-results,,42,tas_seed,Thermal-SA-TAS-ReferenceMapping,D:\HNOCS\out\experimental results\thermal-sa-tas-results\final\seed_42\hnn\original\metrics.json,,D:\HNOCS\out\experimental results\thermal-sa-tas-results\final\seed_42\hnn\original\metrics.json,thermal_sa_tas_proxy_then_full_eval,w_T=1.0;w_sigma=1.0;w_hot=0.6;w_makespan=1.2;w_H=0.4;w_congestion=0.7;w_D=0.4;w_L=0.2;w_E=0.5,6.000000000000001,6.000000000000001,True,True,,vec,16,True,,55.66757624162,2.454372247071413,16.0,203.177525,11.14198573637825,2195456.0,163840.0,0.3028095733610822,4.651317011228462,328.81757624162,0.000203177525,11.14198573637825,2195456.0,163840.0,0.3028095733610822,0.004651317011228462,1.0,1.0,1.0,1.0,1.0,1.0,1.0,1.0,1.0,,not_available,,,,,,,,,,,,
HNN,Thermal-SA-TAS,main_baseline,thermal-sa-tas-results,,42,tas_seed,Thermal-SA-TAS,D:\HNOCS\out\experimental results\thermal-sa-tas-results\final\seed_42\hnn\thermal_sa_tas\metrics.json,D:\HNOCS\out\experimental results\thermal-sa-tas-results\final\seed_42\hnn\thermal_sa_tas\history.json,D:\HNOCS\out\experimental results\thermal-sa-tas-results\final\seed_42\hnn\thermal_sa_tas\metrics.json,thermal_sa_tas_proxy_then_full_eval,w_T=1.0;w_sigma=1.0;w_hot=0.6;w_makespan=1.2;w_H=0.4;w_congestion=0.7;w_D=0.4;w_L=0.2;w_E=0.5,5.800742571998024,5.800742571998024,True,True,,vec,16,True,,57.09582425238,1.733051761581424,12.0,221.4346,7.743853357954525,1916928.0,221184.0,0.19458896982310095,4.671189283473434,330.24582425238,0.0002214346,7.743853357954525,1916928.0,221184.0,0.19458896982310095,0.004671189283473434,1.1338868341233532,0.7061079523080994,0.75,1.0898577487839758,0.8731343283582089,1.35,0.6950155511930943,0.6426116838487973,1.0042723968710368,12000,non_ga,,,,,,,,,,,,
GEMM,Thermal-SA-TAS-ReferenceMapping,reference_mapping,thermal-sa-tas-results,,43,tas_seed,Thermal-SA-TAS-ReferenceMapping,D:\HNOCS\out\experimental results\thermal-sa-tas-results\final\seed_43\gemm\original\metrics.json,,D:\HNOCS\out\experimental results\thermal-sa-tas-results\final\seed_43\gemm\original\metrics.json,thermal_sa_tas_proxy_then_full_eval,w_T=1.0;w_sigma=1.0;w_hot=0.6;w_makespan=1.2;w_H=0.4;w_congestion=0.7;w_D=0.4;w_L=0.2;w_E=0.5,6.000000000000001,6.000000000000001,True,True,,vec,16,True,,54.93421735578005,2.1434761400252804,6.0,120.405,1.8350526805555563,104448.0,22528.0,0.9202539178734378,1.5708734939939561,328.08421735578,0.000120405,1.8350526805555563,104448.0,22528.0,0.9202539178734378,0.0015708734939939562,1.0,1.0,1.0,1.0,1.0,1.0,1.0,1.0,1.0,,not_available,,,,,,,,,,,,
GEMM,Thermal-SA-TAS,main_baseline,thermal-sa-tas-results,,43,tas_seed,Thermal-SA-TAS,D:\HNOCS\out\experimental results\thermal-sa-tas-results\final\seed_43\gemm\thermal_sa_tas\metrics.json,D:\HNOCS\out\experimental results\thermal-sa-tas-results\final\seed_43\gemm\thermal_sa_tas\history.json,D:\HNOCS\out\experimental results\thermal-sa-tas-results\final\seed_43\gemm\thermal_sa_tas\metrics.json,thermal_sa_tas_proxy_then_full_eval,w_T=1.0;w_sigma=1.0;w_hot=0.6;w_makespan=1.2;w_H=0.4;w_congestion=0.7;w_D=0.4;w_L=0.2;w_E=0.5,5.673327095517712,5.673327095517712,True,True,,vec,16,True,,54.36354211567004,1.415187932047697,1.0,166.7288,0.10809375,114688.0,20480.0,2.9515969053759177,1.7852870144087627,327.51354211567,0.0001667288,0.10809375,114688.0,20480.0,2.9515969053759177,0.0017852870144087628,0.9425545848583664,0.66023031729712,0.16666666666666666,1.3847331921431834,1.0980392156862746,0.9090909090909091,0.05890498466086269,3.2073722785082994,1.1364931811725072,4055,non_ga,,,,,,,,,,,,
MPEG4,Thermal-SA-TAS-ReferenceMapping,reference_mapping,thermal-sa-tas-results,,43,tas_seed,Thermal-SA-TAS-ReferenceMapping,D:\HNOCS\out\experimental results\thermal-sa-tas-results\final\seed_43\mpeg4\original\metrics.json,,D:\HNOCS\out\experimental results\thermal-sa-tas-results\final\seed_43\mpeg4\original\metrics.json,thermal_sa_tas_proxy_then_full_eval,w_T=1.0;w_sigma=1.0;w_hot=0.6;w_makespan=1.2;w_H=0.4;w_congestion=0.7;w_D=0.4;w_L=0.2;w_E=0.5,6.000000000000001,6.000000000000001,True,True,,vec,16,True,,54.44663874680003,1.3003837749577485,2.0,122.06989999999999,0.07168423611111063,420000.0,88000.0,0.5670623064060744,1.1328804365769536,327.5966387468,0.0001220699,0.07168423611111063,420000.0,88000.0,0.5670623064060744,0.0011328804365769536,1.0,1.0,1.0,1.0,1.0,1.0,1.0,1.0,1.0,,not_available,,,,,,,,,,,,
MPEG4,Thermal-SA-TAS,main_baseline,thermal-sa-tas-results,,43,tas_seed,Thermal-SA-TAS,D:\HNOCS\out\experimental results\thermal-sa-tas-results\final\seed_43\mpeg4\thermal_sa_tas\metrics.json,D:\HNOCS\out\experimental results\thermal-sa-tas-results\final\seed_43\mpeg4\thermal_sa_tas\history.json,D:\HNOCS\out\experimental results\thermal-sa-tas-results\final\seed_43\mpeg4\thermal_sa_tas\metrics.json,thermal_sa_tas_proxy_then_full_eval,w_T=1.0;w_sigma=1.0;w_hot=0.6;w_makespan=1.2;w_H=0.4;w_congestion=0.7;w_D=0.4;w_L=0.2;w_E=0.5,5.107920264387843,5.107920264387843,True,True,,vec,16,True,,54.168001990280004,1.2348854213499003,1.0,122.0218,0.0056368749999999995,404000.0,72000.0,0.5670623064060744,1.1313269309563656,327.31800199028,0.0001220218,0.0056368749999999995,404000.0,72000.0,0.5670623064060744,0.0011313269309563656,0.9705041376103839,0.9496315204255941,0.5,0.9996059634684719,0.9619047619047619,0.8181818181818182,0.07863479205194902,1.0,0.9986287117594845,4699,non_ga,,,,,,,,,,,,
VOPD,Thermal-SA-TAS-ReferenceMapping,reference_mapping,thermal-sa-tas-results,,43,tas_seed,Thermal-SA-TAS-ReferenceMapping,D:\HNOCS\out\experimental results\thermal-sa-tas-results\final\seed_43\vopd\original\metrics.json,,D:\HNOCS\out\experimental results\thermal-sa-tas-results\final\seed_43\vopd\original\metrics.json,thermal_sa_tas_proxy_then_full_eval,w_T=1.0;w_sigma=1.0;w_hot=0.6;w_makespan=1.2;w_H=0.4;w_congestion=0.7;w_D=0.4;w_L=0.2;w_E=0.5,5.0,5.0,True,True,,vec,16,True,,52.22271921261,0.9870939912641029,0.0,89.3329,0.0,1396000.0,252000.0,0.35802469135802467,0.7507385223064373,325.37271921261,8.93329e-05,0.0,1396000.0,252000.0,0.35802469135802467,0.0007507385223064374,1.0,1.0,0.0,1.0,1.0,1.0,0.0,1.0,1.0,,not_available,,,,,,,,,,,,
VOPD,Thermal-SA-TAS,main_baseline,thermal-sa-tas-results,,43,tas_seed,Thermal-SA-TAS,D:\HNOCS\out\experimental results\thermal-sa-tas-results\final\seed_43\vopd\thermal_sa_tas\metrics.json,D:\HNOCS\out\experimental results\thermal-sa-tas-results\final\seed_43\vopd\thermal_sa_tas\history.json,D:\HNOCS\out\experimental results\thermal-sa-tas-results\final\seed_43\vopd\thermal_sa_tas\metrics.json,thermal_sa_tas_proxy_then_full_eval,w_T=1.0;w_sigma=1.0;w_hot=0.6;w_makespan=1.2;w_H=0.4;w_congestion=0.7;w_D=0.4;w_L=0.2;w_E=0.5,4.4712267260623575,4.4712267260623575,True,True,,vec,16,True,,52.16504637853001,0.9336684229959223,0.0,88.43660000000001,0.0,874000.0,144000.0,0.35802469135802467,0.7431498320199539,325.31504637853,8.84366e-05,0.0,874000.0,144000.0,0.35802469135802467,0.0007431498320199539,0.9920150801405508,0.9458759056979344,0.0,0.9899667423759893,0.6260744985673352,0.5714285714285714,0.0,1.0,0.9898916998915024,7000,non_ga,,,,,,,,,,,,
HNN,Thermal-SA-TAS-ReferenceMapping,reference_mapping,thermal-sa-tas-results,,43,tas_seed,Thermal-SA-TAS-ReferenceMapping,D:\HNOCS\out\experimental results\thermal-sa-tas-results\final\seed_43\hnn\original\metrics.json,,D:\HNOCS\out\experimental results\thermal-sa-tas-results\final\seed_43\hnn\original\metrics.json,thermal_sa_tas_proxy_then_full_eval,w_T=1.0;w_sigma=1.0;w_hot=0.6;w_makespan=1.2;w_H=0.4;w_congestion=0.7;w_D=0.4;w_L=0.2;w_E=0.5,6.000000000000001,6.000000000000001,True,True,,vec,16,True,,55.66757624162,2.454372247071413,16.0,203.177525,11.14198573637825,2195456.0,163840.0,0.3028095733610822,4.651317011228462,328.81757624162,0.000203177525,11.14198573637825,2195456.0,163840.0,0.3028095733610822,0.004651317011228462,1.0,1.0,1.0,1.0,1.0,1.0,1.0,1.0,1.0,,not_available,,,,,,,,,,,,
HNN,Thermal-SA-TAS,main_baseline,thermal-sa-tas-results,,43,tas_seed,Thermal-SA-TAS,D:\HNOCS\out\experimental results\thermal-sa-tas-results\final\seed_43\hnn\thermal_sa_tas\metrics.json,D:\HNOCS\out\experimental results\thermal-sa-tas-results\final\seed_43\hnn\thermal_sa_tas\history.json,D:\HNOCS\out\experimental results\thermal-sa-tas-results\final\seed_43\hnn\thermal_sa_tas\metrics.json,thermal_sa_tas_proxy_then_full_eval,w_T=1.0;w_sigma=1.0;w_hot=0.6;w_makespan=1.2;w_H=0.4;w_congestion=0.7;w_D=0.4;w_L=0.2;w_E=0.5,5.605087605548738,5.605087605548738,True,True,,vec,16,True,,56.780015583220006,1.8484274355567551,14.0,201.0487,8.643453257612151,2048000.0,155648.0,0.29656607700312176,4.567124777657116,329.93001558322,0.0002010487,8.643453257612151,2048000.0,155648.0,0.29656607700312176,0.004567124777657116,1.1042822958470904,0.7531161737027957,0.875,0.9895223401308781,0.9328358208955224,0.95,0.7757551896150373,0.979381443298969,0.9818992699555626,12000,non_ga,,,,,,,,,,,,
GEMM,Thermal-SA-TAS-ReferenceMapping,reference_mapping,thermal-sa-tas-results,,44,tas_seed,Thermal-SA-TAS-ReferenceMapping,D:\HNOCS\out\experimental results\thermal-sa-tas-results\final\seed_44\gemm\original\metrics.json,,D:\HNOCS\out\experimental results\thermal-sa-tas-results\final\seed_44\gemm\original\metrics.json,thermal_sa_tas_proxy_then_full_eval,w_T=1.0;w_sigma=1.0;w_hot=0.6;w_makespan=1.2;w_H=0.4;w_congestion=0.7;w_D=0.4;w_L=0.2;w_E=0.5,6.000000000000001,6.000000000000001,True,True,,vec,16,True,,54.93421735578005,2.1434761400252804,6.0,120.405,1.8350526805555563,104448.0,22528.0,0.9202539178734378,1.5708734939939561,328.08421735578,0.000120405,1.8350526805555563,104448.0,22528.0,0.9202539178734378,0.0015708734939939562,1.0,1.0,1.0,1.0,1.0,1.0,1.0,1.0,1.0,,not_available,,,,,,,,,,,,
GEMM,Thermal-SA-TAS,main_baseline,thermal-sa-tas-results,,44,tas_seed,Thermal-SA-TAS,D:\HNOCS\out\experimental results\thermal-sa-tas-results\final\seed_44\gemm\thermal_sa_tas\metrics.json,D:\HNOCS\out\experimental results\thermal-sa-tas-results\final\seed_44\gemm\thermal_sa_tas\history.json,D:\HNOCS\out\experimental results\thermal-sa-tas-results\final\seed_44\gemm\thermal_sa_tas\metrics.json,thermal_sa_tas_proxy_then_full_eval,w_T=1.0;w_sigma=1.0;w_hot=0.6;w_makespan=1.2;w_H=0.4;w_congestion=0.7;w_D=0.4;w_L=0.2;w_E=0.5,5.324742917416223,5.324742917416223,True,True,,vec,16,True,,54.31666167313,1.4402582776183261,1.0,166.7449,0.12066225,129024.0,16384.0,1.6312239634993058,1.7880135761868365,327.46666167313,0.0001667449,0.12066225,129024.0,16384.0,1.6312239634993058,0.0017880135761868365,0.9378354971979009,0.6719264332941628,0.16666666666666666,1.3848669075204518,1.2352941176470589,0.7272727272727273,0.06575410683221906,1.7725802974779048,1.1382288790428312,2835,non_ga,,,,,,,,,,,,
MPEG4,Thermal-SA-TAS-ReferenceMapping,reference_mapping,thermal-sa-tas-results,,44,tas_seed,Thermal-SA-TAS-ReferenceMapping,D:\HNOCS\out\experimental results\thermal-sa-tas-results\final\seed_44\mpeg4\original\metrics.json,,D:\HNOCS\out\experimental results\thermal-sa-tas-results\final\seed_44\mpeg4\original\metrics.json,thermal_sa_tas_proxy_then_full_eval,w_T=1.0;w_sigma=1.0;w_hot=0.6;w_makespan=1.2;w_H=0.4;w_congestion=0.7;w_D=0.4;w_L=0.2;w_E=0.5,6.000000000000001,6.000000000000001,True,True,,vec,16,True,,54.44663874680003,1.3003837749577485,2.0,122.06989999999999,0.07168423611111063,420000.0,88000.0,0.5670623064060744,1.1328804365769536,327.5966387468,0.0001220699,0.07168423611111063,420000.0,88000.0,0.5670623064060744,0.0011328804365769536,1.0,1.0,1.0,1.0,1.0,1.0,1.0,1.0,1.0,,not_available,,,,,,,,,,,,
MPEG4,Thermal-SA-TAS,main_baseline,thermal-sa-tas-results,,44,tas_seed,Thermal-SA-TAS,D:\HNOCS\out\experimental results\thermal-sa-tas-results\final\seed_44\mpeg4\thermal_sa_tas\metrics.json,D:\HNOCS\out\experimental results\thermal-sa-tas-results\final\seed_44\mpeg4\thermal_sa_tas\history.json,D:\HNOCS\out\experimental results\thermal-sa-tas-results\final\seed_44\mpeg4\thermal_sa_tas\metrics.json,thermal_sa_tas_proxy_then_full_eval,w_T=1.0;w_sigma=1.0;w_hot=0.6;w_makespan=1.2;w_H=0.4;w_congestion=0.7;w_D=0.4;w_L=0.2;w_E=0.5,4.665131664017669,4.665131664017669,True,True,,vec,16,True,,52.77423413935003,1.2721946706009017,0.0,122.0437,0.0,420000.0,64000.0,0.7249527151119761,1.1313526232230064,325.92423413935,0.0001220437,0.0,420000.0,64000.0,0.7249527151119761,0.0011313526232230064,0.8229629974982882,0.9783224730270396,0.0,0.9997853688747186,1.0,0.7272727272727273,0.0,1.2784357325856819,0.9986513904692683,4192,non_ga,,,,,,,,,,,,
VOPD,Thermal-SA-TAS-ReferenceMapping,reference_mapping,thermal-sa-tas-results,,44,tas_seed,Thermal-SA-TAS-ReferenceMapping,D:\HNOCS\out\experimental results\thermal-sa-tas-results\final\seed_44\vopd\original\metrics.json,,D:\HNOCS\out\experimental results\thermal-sa-tas-results\final\seed_44\vopd\original\metrics.json,thermal_sa_tas_proxy_then_full_eval,w_T=1.0;w_sigma=1.0;w_hot=0.6;w_makespan=1.2;w_H=0.4;w_congestion=0.7;w_D=0.4;w_L=0.2;w_E=0.5,5.0,5.0,True,True,,vec,16,True,,52.22271921261,0.9870939912641029,0.0,89.3329,0.0,1396000.0,252000.0,0.35802469135802467,0.7507385223064373,325.37271921261,8.93329e-05,0.0,1396000.0,252000.0,0.35802469135802467,0.0007507385223064374,1.0,1.0,0.0,1.0,1.0,1.0,0.0,1.0,1.0,,not_available,,,,,,,,,,,,
VOPD,Thermal-SA-TAS,main_baseline,thermal-sa-tas-results,,44,tas_seed,Thermal-SA-TAS,D:\HNOCS\out\experimental results\thermal-sa-tas-results\final\seed_44\vopd\thermal_sa_tas\metrics.json,D:\HNOCS\out\experimental results\thermal-sa-tas-results\final\seed_44\vopd\thermal_sa_tas\history.json,D:\HNOCS\out\experimental results\thermal-sa-tas-results\final\seed_44\vopd\thermal_sa_tas\metrics.json,thermal_sa_tas_proxy_then_full_eval,w_T=1.0;w_sigma=1.0;w_hot=0.6;w_makespan=1.2;w_H=0.4;w_congestion=0.7;w_D=0.4;w_L=0.2;w_E=0.5,4.560160380328002,4.560160380328002,True,True,,vec,16,True,,52.423207530970046,0.9632295050306654,0.0,88.53659999999999,0.0,812000.0,158000.0,0.35802469135802467,0.7443149807554051,325.57320753097,8.85366e-05,0.0,812000.0,158000.0,0.35802469135802467,0.0007443149807554051,1.0277580108624484,0.9758234915371373,0.0,0.9910861507910299,0.5816618911174785,0.626984126984127,0.0,1.0,0.9914437032866014,7000,non_ga,,,,,,,,,,,,
HNN,Thermal-SA-TAS-ReferenceMapping,reference_mapping,thermal-sa-tas-results,,44,tas_seed,Thermal-SA-TAS-ReferenceMapping,D:\HNOCS\out\experimental results\thermal-sa-tas-results\final\seed_44\hnn\original\metrics.json,,D:\HNOCS\out\experimental results\thermal-sa-tas-results\final\seed_44\hnn\original\metrics.json,thermal_sa_tas_proxy_then_full_eval,w_T=1.0;w_sigma=1.0;w_hot=0.6;w_makespan=1.2;w_H=0.4;w_congestion=0.7;w_D=0.4;w_L=0.2;w_E=0.5,6.000000000000001,6.000000000000001,True,True,,vec,16,True,,55.66757624162,2.454372247071413,16.0,203.177525,11.14198573637825,2195456.0,163840.0,0.3028095733610822,4.651317011228462,328.81757624162,0.000203177525,11.14198573637825,2195456.0,163840.0,0.3028095733610822,0.004651317011228462,1.0,1.0,1.0,1.0,1.0,1.0,1.0,1.0,1.0,,not_available,,,,,,,,,,,,
HNN,Thermal-SA-TAS,main_baseline,thermal-sa-tas-results,,44,tas_seed,Thermal-SA-TAS,D:\HNOCS\out\experimental results\thermal-sa-tas-results\final\seed_44\hnn\thermal_sa_tas\metrics.json,D:\HNOCS\out\experimental results\thermal-sa-tas-results\final\seed_44\hnn\thermal_sa_tas\history.json,D:\HNOCS\out\experimental results\thermal-sa-tas-results\final\seed_44\hnn\thermal_sa_tas\metrics.json,thermal_sa_tas_proxy_then_full_eval,w_T=1.0;w_sigma=1.0;w_hot=0.6;w_makespan=1.2;w_H=0.4;w_congestion=0.7;w_D=0.4;w_L=0.2;w_E=0.5,5.740239120300122,5.740239120300122,True,True,,vec,16,True,,57.72782251301004,1.988533466322021,14.0,203.183434,8.521343822203825,1859584.0,163840.0,0.26326742976066597,4.588661128693923,330.87782251301,0.000203183434,8.521343822203825,1859584.0,163840.0,0.26326742976066597,0.0045886611286939235,1.1931316190974952,0.8102004366675689,0.875,1.0000290829411373,0.8470149253731343,1.0,0.7647957934806802,0.8694158075601374,0.986529431904279,12000,non_ga,,,,,,,,,,,,
GEMM,Thermal-SA-TAS-ReferenceMapping,reference_mapping,thermal-sa-tas-results,,45,tas_seed,Thermal-SA-TAS-ReferenceMapping,D:\HNOCS\out\experimental results\thermal-sa-tas-results\final\seed_45\gemm\original\metrics.json,,D:\HNOCS\out\experimental results\thermal-sa-tas-results\final\seed_45\gemm\original\metrics.json,thermal_sa_tas_proxy_then_full_eval,w_T=1.0;w_sigma=1.0;w_hot=0.6;w_makespan=1.2;w_H=0.4;w_congestion=0.7;w_D=0.4;w_L=0.2;w_E=0.5,6.000000000000001,6.000000000000001,True,True,,vec,16,True,,54.93421735578005,2.1434761400252804,6.0,120.405,1.8350526805555563,104448.0,22528.0,0.9202539178734378,1.5708734939939561,328.08421735578,0.000120405,1.8350526805555563,104448.0,22528.0,0.9202539178734378,0.0015708734939939562,1.0,1.0,1.0,1.0,1.0,1.0,1.0,1.0,1.0,,not_available,,,,,,,,,,,,
GEMM,Thermal-SA-TAS,main_baseline,thermal-sa-tas-results,,45,tas_seed,Thermal-SA-TAS,D:\HNOCS\out\experimental results\thermal-sa-tas-results\final\seed_45\gemm\thermal_sa_tas\metrics.json,D:\HNOCS\out\experimental results\thermal-sa-tas-results\final\seed_45\gemm\thermal_sa_tas\history.json,D:\HNOCS\out\experimental results\thermal-sa-tas-results\final\seed_45\gemm\thermal_sa_tas\metrics.json,thermal_sa_tas_proxy_then_full_eval,w_T=1.0;w_sigma=1.0;w_hot=0.6;w_makespan=1.2;w_H=0.4;w_congestion=0.7;w_D=0.4;w_L=0.2;w_E=0.5,4.175246227443791,4.175246227443791,True,True,,vec,16,True,,52.761829627810016,1.231812223976316,0.0,116.859,0.0,102400.0,19456.0,0.8059908748264233,1.5165689116088634,325.91182962781,0.000116859,0.0,102400.0,19456.0,0.8059908748264233,0.0015165689116088635,0.7813227101673925,0.574679699472553,0.0,0.9705493957892114,0.9803921568627451,0.8636363636363636,0.0,0.8758353093339082,0.9654303273989155,4764,non_ga,,,,,,,,,,,,
MPEG4,Thermal-SA-TAS-ReferenceMapping,reference_mapping,thermal-sa-tas-results,,45,tas_seed,Thermal-SA-TAS-ReferenceMapping,D:\HNOCS\out\experimental results\thermal-sa-tas-results\final\seed_45\mpeg4\original\metrics.json,,D:\HNOCS\out\experimental results\thermal-sa-tas-results\final\seed_45\mpeg4\original\metrics.json,thermal_sa_tas_proxy_then_full_eval,w_T=1.0;w_sigma=1.0;w_hot=0.6;w_makespan=1.2;w_H=0.4;w_congestion=0.7;w_D=0.4;w_L=0.2;w_E=0.5,6.000000000000001,6.000000000000001,True,True,,vec,16,True,,54.44663874680003,1.3003837749577485,2.0,122.06989999999999,0.07168423611111063,420000.0,88000.0,0.5670623064060744,1.1328804365769536,327.5966387468,0.0001220699,0.07168423611111063,420000.0,88000.0,0.5670623064060744,0.0011328804365769536,1.0,1.0,1.0,1.0,1.0,1.0,1.0,1.0,1.0,,not_available,,,,,,,,,,,,
MPEG4,Thermal-SA-TAS,main_baseline,thermal-sa-tas-results,,45,tas_seed,Thermal-SA-TAS,D:\HNOCS\out\experimental results\thermal-sa-tas-results\final\seed_45\mpeg4\thermal_sa_tas\metrics.json,D:\HNOCS\out\experimental results\thermal-sa-tas-results\final\seed_45\mpeg4\thermal_sa_tas\history.json,D:\HNOCS\out\experimental results\thermal-sa-tas-results\final\seed_45\mpeg4\thermal_sa_tas\metrics.json,thermal_sa_tas_proxy_then_full_eval,w_T=1.0;w_sigma=1.0;w_hot=0.6;w_makespan=1.2;w_H=0.4;w_congestion=0.7;w_D=0.4;w_L=0.2;w_E=0.5,5.2506967877382245,5.2506967877382245,True,True,,vec,16,True,,53.715750568600015,1.1569158363340333,0.0,122.1698,0.0,512000.0,132000.0,0.5670623064060744,1.132411983116744,326.8657505686,0.0001221698,0.0,512000.0,132000.0,0.5670623064060744,0.001132411983116744,0.922629815981097,0.8896726171253738,0.0,1.0008183835654818,1.2190476190476192,1.5,0.0,1.0,0.9995864934682561,5000,non_ga,,,,,,,,,,,,
VOPD,Thermal-SA-TAS-ReferenceMapping,reference_mapping,thermal-sa-tas-results,,45,tas_seed,Thermal-SA-TAS-ReferenceMapping,D:\HNOCS\out\experimental results\thermal-sa-tas-results\final\seed_45\vopd\original\metrics.json,,D:\HNOCS\out\experimental results\thermal-sa-tas-results\final\seed_45\vopd\original\metrics.json,thermal_sa_tas_proxy_then_full_eval,w_T=1.0;w_sigma=1.0;w_hot=0.6;w_makespan=1.2;w_H=0.4;w_congestion=0.7;w_D=0.4;w_L=0.2;w_E=0.5,5.0,5.0,True,True,,vec,16,True,,52.22271921261,0.9870939912641029,0.0,89.3329,0.0,1396000.0,252000.0,0.35802469135802467,0.7507385223064373,325.37271921261,8.93329e-05,0.0,1396000.0,252000.0,0.35802469135802467,0.0007507385223064374,1.0,1.0,0.0,1.0,1.0,1.0,0.0,1.0,1.0,,not_available,,,,,,,,,,,,
VOPD,Thermal-SA-TAS,main_baseline,thermal-sa-tas-results,,45,tas_seed,Thermal-SA-TAS,D:\HNOCS\out\experimental results\thermal-sa-tas-results\final\seed_45\vopd\thermal_sa_tas\metrics.json,D:\HNOCS\out\experimental results\thermal-sa-tas-results\final\seed_45\vopd\thermal_sa_tas\history.json,D:\HNOCS\out\experimental results\thermal-sa-tas-results\final\seed_45\vopd\thermal_sa_tas\metrics.json,thermal_sa_tas_proxy_then_full_eval,w_T=1.0;w_sigma=1.0;w_hot=0.6;w_makespan=1.2;w_H=0.4;w_congestion=0.7;w_D=0.4;w_L=0.2;w_E=0.5,4.6597510505827575,4.6597510505827575,True,True,,vec,16,True,,53.180842077449995,0.9465088411123904,0.0,88.7347,0.0,976000.0,144000.0,0.35802469135802467,0.7456217962816204,326.33084207745,8.87347e-05,0.0,976000.0,144000.0,0.35802469135802467,0.0007456217962816204,1.1326540374388672,0.958884209091641,0.0,0.9933036988612258,0.6991404011461319,0.5714285714285714,0.0,1.0,0.9931844099206508,7000,non_ga,,,,,,,,,,,,
HNN,Thermal-SA-TAS-ReferenceMapping,reference_mapping,thermal-sa-tas-results,,45,tas_seed,Thermal-SA-TAS-ReferenceMapping,D:\HNOCS\out\experimental results\thermal-sa-tas-results\final\seed_45\hnn\original\metrics.json,,D:\HNOCS\out\experimental results\thermal-sa-tas-results\final\seed_45\hnn\original\metrics.json,thermal_sa_tas_proxy_then_full_eval,w_T=1.0;w_sigma=1.0;w_hot=0.6;w_makespan=1.2;w_H=0.4;w_congestion=0.7;w_D=0.4;w_L=0.2;w_E=0.5,6.000000000000001,6.000000000000001,True,True,,vec,16,True,,55.66757624162,2.454372247071413,16.0,203.177525,11.14198573637825,2195456.0,163840.0,0.3028095733610822,4.651317011228462,328.81757624162,0.000203177525,11.14198573637825,2195456.0,163840.0,0.3028095733610822,0.004651317011228462,1.0,1.0,1.0,1.0,1.0,1.0,1.0,1.0,1.0,,not_available,,,,,,,,,,,,
HNN,Thermal-SA-TAS,main_baseline,thermal-sa-tas-results,,45,tas_seed,Thermal-SA-TAS,D:\HNOCS\out\experimental results\thermal-sa-tas-results\final\seed_45\hnn\thermal_sa_tas\metrics.json,D:\HNOCS\out\experimental results\thermal-sa-tas-results\final\seed_45\hnn\thermal_sa_tas\history.json,D:\HNOCS\out\experimental results\thermal-sa-tas-results\final\seed_45\hnn\thermal_sa_tas\metrics.json,thermal_sa_tas_proxy_then_full_eval,w_T=1.0;w_sigma=1.0;w_hot=0.6;w_makespan=1.2;w_H=0.4;w_congestion=0.7;w_D=0.4;w_L=0.2;w_E=0.5,5.642410713088208,5.642410713088208,True,True,,vec,16,True,,57.21153420318001,1.8382654257937507,13.0,199.4927,8.012443626030219,1998848.0,188416.0,0.20915712799167535,4.539613459809941,330.36153420318,0.0001994927,8.012443626030219,1998848.0,188416.0,0.20915712799167535,0.0045396134598099415,1.144733717068381,0.7489758034818034,0.8125,0.981864012764207,0.9104477611940298,1.15,0.7191216911963754,0.6907216494845361,0.9759845327358114,12000,non_ga,,,,,,,,,,,,
GEMM,Thermal-SA-TAS-ReferenceMapping,reference_mapping,thermal-sa-tas-results,,46,tas_seed,Thermal-SA-TAS-ReferenceMapping,D:\HNOCS\out\experimental results\thermal-sa-tas-results\final\seed_46\gemm\original\metrics.json,,D:\HNOCS\out\experimental results\thermal-sa-tas-results\final\seed_46\gemm\original\metrics.json,thermal_sa_tas_proxy_then_full_eval,w_T=1.0;w_sigma=1.0;w_hot=0.6;w_makespan=1.2;w_H=0.4;w_congestion=0.7;w_D=0.4;w_L=0.2;w_E=0.5,6.000000000000001,6.000000000000001,True,True,,vec,16,True,,54.93421735578005,2.1434761400252804,6.0,120.405,1.8350526805555563,104448.0,22528.0,0.9202539178734378,1.5708734939939561,328.08421735578,0.000120405,1.8350526805555563,104448.0,22528.0,0.9202539178734378,0.0015708734939939562,1.0,1.0,1.0,1.0,1.0,1.0,1.0,1.0,1.0,,not_available,,,,,,,,,,,,
GEMM,Thermal-SA-TAS,main_baseline,thermal-sa-tas-results,,46,tas_seed,Thermal-SA-TAS,D:\HNOCS\out\experimental results\thermal-sa-tas-results\final\seed_46\gemm\thermal_sa_tas\metrics.json,D:\HNOCS\out\experimental results\thermal-sa-tas-results\final\seed_46\gemm\thermal_sa_tas\history.json,D:\HNOCS\out\experimental results\thermal-sa-tas-results\final\seed_46\gemm\thermal_sa_tas\metrics.json,thermal_sa_tas_proxy_then_full_eval,w_T=1.0;w_sigma=1.0;w_hot=0.6;w_makespan=1.2;w_H=0.4;w_congestion=0.7;w_D=0.4;w_L=0.2;w_E=0.5,4.215451395712877,4.215451395712877,True,True,,vec,16,True,,53.360165590270014,1.2393946545843195,0.0,116.8887,0.0,104448.0,18432.0,0.8059908748264233,1.516936377382047,326.51016559027,0.0001168887,0.0,104448.0,18432.0,0.8059908748264233,0.001516936377382047,0.8415525139890159,0.5782171452441276,0.0,0.9707960632864084,1.0,0.8181818181818182,0.0,0.8758353093339082,0.9656642518839798,3348,non_ga,,,,,,,,,,,,
MPEG4,Thermal-SA-TAS-ReferenceMapping,reference_mapping,thermal-sa-tas-results,,46,tas_seed,Thermal-SA-TAS-ReferenceMapping,D:\HNOCS\out\experimental results\thermal-sa-tas-results\final\seed_46\mpeg4\original\metrics.json,,D:\HNOCS\out\experimental results\thermal-sa-tas-results\final\seed_46\mpeg4\original\metrics.json,thermal_sa_tas_proxy_then_full_eval,w_T=1.0;w_sigma=1.0;w_hot=0.6;w_makespan=1.2;w_H=0.4;w_congestion=0.7;w_D=0.4;w_L=0.2;w_E=0.5,6.000000000000001,6.000000000000001,True,True,,vec,16,True,,54.44663874680003,1.3003837749577485,2.0,122.06989999999999,0.07168423611111063,420000.0,88000.0,0.5670623064060744,1.1328804365769536,327.5966387468,0.0001220699,0.07168423611111063,420000.0,88000.0,0.5670623064060744,0.0011328804365769536,1.0,1.0,1.0,1.0,1.0,1.0,1.0,1.0,1.0,,not_available,,,,,,,,,,,,
MPEG4,Thermal-SA-TAS,main_baseline,thermal-sa-tas-results,,46,tas_seed,Thermal-SA-TAS,D:\HNOCS\out\experimental results\thermal-sa-tas-results\final\seed_46\mpeg4\thermal_sa_tas\metrics.json,D:\HNOCS\out\experimental results\thermal-sa-tas-results\final\seed_46\mpeg4\thermal_sa_tas\history.json,D:\HNOCS\out\experimental results\thermal-sa-tas-results\final\seed_46\mpeg4\thermal_sa_tas\metrics.json,thermal_sa_tas_proxy_then_full_eval,w_T=1.0;w_sigma=1.0;w_hot=0.6;w_makespan=1.2;w_H=0.4;w_congestion=0.7;w_D=0.4;w_L=0.2;w_E=0.5,5.526586765851798,5.526586765851798,True,True,,vec,16,True,,53.70926430856002,1.224462367469148,0.0,122.22479999999999,0.0,616000.0,136000.0,0.8302129875825772,1.1333515436947859,326.85926430856,0.0001222248,0.0,616000.0,136000.0,0.8302129875825772,0.001133351543694786,0.9219431950343407,0.9416161528998873,0.0,1.0012689450880192,1.4666666666666666,1.5454545454545454,0.0,1.4640595543094699,1.0004158489304094,3347,non_ga,,,,,,,,,,,,
VOPD,Thermal-SA-TAS-ReferenceMapping,reference_mapping,thermal-sa-tas-results,,46,tas_seed,Thermal-SA-TAS-ReferenceMapping,D:\HNOCS\out\experimental results\thermal-sa-tas-results\final\seed_46\vopd\original\metrics.json,,D:\HNOCS\out\experimental results\thermal-sa-tas-results\final\seed_46\vopd\original\metrics.json,thermal_sa_tas_proxy_then_full_eval,w_T=1.0;w_sigma=1.0;w_hot=0.6;w_makespan=1.2;w_H=0.4;w_congestion=0.7;w_D=0.4;w_L=0.2;w_E=0.5,5.0,5.0,True,True,,vec,16,True,,52.22271921261,0.9870939912641029,0.0,89.3329,0.0,1396000.0,252000.0,0.35802469135802467,0.7507385223064373,325.37271921261,8.93329e-05,0.0,1396000.0,252000.0,0.35802469135802467,0.0007507385223064374,1.0,1.0,0.0,1.0,1.0,1.0,0.0,1.0,1.0,,not_available,,,,,,,,,,,,
VOPD,Thermal-SA-TAS,main_baseline,thermal-sa-tas-results,,46,tas_seed,Thermal-SA-TAS,D:\HNOCS\out\experimental results\thermal-sa-tas-results\final\seed_46\vopd\thermal_sa_tas\metrics.json,D:\HNOCS\out\experimental results\thermal-sa-tas-results\final\seed_46\vopd\thermal_sa_tas\history.json,D:\HNOCS\out\experimental results\thermal-sa-tas-results\final\seed_46\vopd\thermal_sa_tas\metrics.json,thermal_sa_tas_proxy_then_full_eval,w_T=1.0;w_sigma=1.0;w_hot=0.6;w_makespan=1.2;w_H=0.4;w_congestion=0.7;w_D=0.4;w_L=0.2;w_E=0.5,4.461263628145077,4.461263628145077,True,True,,vec,16,True,,52.36229026862003,0.9449759579806625,0.0,87.45479999999999,0.0,916000.0,128000.0,0.35802469135802467,0.7384520006068716,325.51229026862,8.74548e-05,0.0,916000.0,128000.0,0.35802469135802467,0.0007384520006068716,1.0193238933844129,0.9573312838937427,0.0,0.9789763905571183,0.6561604584527221,0.5079365079365079,0.0,1.0,0.9836340865234691,7000,non_ga,,,,,,,,,,,,
HNN,Thermal-SA-TAS-ReferenceMapping,reference_mapping,thermal-sa-tas-results,,46,tas_seed,Thermal-SA-TAS-ReferenceMapping,D:\HNOCS\out\experimental results\thermal-sa-tas-results\final\seed_46\hnn\original\metrics.json,,D:\HNOCS\out\experimental results\thermal-sa-tas-results\final\seed_46\hnn\original\metrics.json,thermal_sa_tas_proxy_then_full_eval,w_T=1.0;w_sigma=1.0;w_hot=0.6;w_makespan=1.2;w_H=0.4;w_congestion=0.7;w_D=0.4;w_L=0.2;w_E=0.5,6.000000000000001,6.000000000000001,True,True,,vec,16,True,,55.66757624162,2.454372247071413,16.0,203.177525,11.14198573637825,2195456.0,163840.0,0.3028095733610822,4.651317011228462,328.81757624162,0.000203177525,11.14198573637825,2195456.0,163840.0,0.3028095733610822,0.004651317011228462,1.0,1.0,1.0,1.0,1.0,1.0,1.0,1.0,1.0,,not_available,,,,,,,,,,,,
HNN,Thermal-SA-TAS,main_baseline,thermal-sa-tas-results,,46,tas_seed,Thermal-SA-TAS,D:\HNOCS\out\experimental results\thermal-sa-tas-results\final\seed_46\hnn\thermal_sa_tas\metrics.json,D:\HNOCS\out\experimental results\thermal-sa-tas-results\final\seed_46\hnn\thermal_sa_tas\history.json,D:\HNOCS\out\experimental results\thermal-sa-tas-results\final\seed_46\hnn\thermal_sa_tas\metrics.json,thermal_sa_tas_proxy_then_full_eval,w_T=1.0;w_sigma=1.0;w_hot=0.6;w_makespan=1.2;w_H=0.4;w_congestion=0.7;w_D=0.4;w_L=0.2;w_E=0.5,5.841167143120834,5.841167143120834,True,True,,vec,16,True,,57.92740454448,1.8757058479077124,13.0,229.7209,11.042064600961563,1908736.0,147456.0,0.19458896982310095,4.819974016167746,331.07740454448,0.0002297209,11.042064600961563,1908736.0,147456.0,0.19458896982310095,0.004819974016167745,1.2118408391629942,0.7642303852424291,0.8125,1.1306412950940317,0.8694029850746269,0.9,0.9910320172919942,0.6426116838487973,1.036260053772327,12000,non_ga,,,,,,,,,,,,
GEMM,Thermal-SA-TAS-ReferenceMapping,reference_mapping,thermal-sa-tas-results,,47,tas_seed,Thermal-SA-TAS-ReferenceMapping,D:\HNOCS\out\experimental results\thermal-sa-tas-results\final\seed_47\gemm\original\metrics.json,,D:\HNOCS\out\experimental results\thermal-sa-tas-results\final\seed_47\gemm\original\metrics.json,thermal_sa_tas_proxy_then_full_eval,w_T=1.0;w_sigma=1.0;w_hot=0.6;w_makespan=1.2;w_H=0.4;w_congestion=0.7;w_D=0.4;w_L=0.2;w_E=0.5,6.000000000000001,6.000000000000001,True,True,,vec,16,True,,54.93421735578005,2.1434761400252804,6.0,120.405,1.8350526805555563,104448.0,22528.0,0.9202539178734378,1.5708734939939561,328.08421735578,0.000120405,1.8350526805555563,104448.0,22528.0,0.9202539178734378,0.0015708734939939562,1.0,1.0,1.0,1.0,1.0,1.0,1.0,1.0,1.0,,not_available,,,,,,,,,,,,
GEMM,Thermal-SA-TAS,main_baseline,thermal-sa-tas-results,,47,tas_seed,Thermal-SA-TAS,D:\HNOCS\out\experimental results\thermal-sa-tas-results\final\seed_47\gemm\thermal_sa_tas\metrics.json,D:\HNOCS\out\experimental results\thermal-sa-tas-results\final\seed_47\gemm\thermal_sa_tas\history.json,D:\HNOCS\out\experimental results\thermal-sa-tas-results\final\seed_47\gemm\thermal_sa_tas\metrics.json,thermal_sa_tas_proxy_then_full_eval,w_T=1.0;w_sigma=1.0;w_hot=0.6;w_makespan=1.2;w_H=0.4;w_congestion=0.7;w_D=0.4;w_L=0.2;w_E=0.5,5.122894753199276,5.122894753199276,True,True,,vec,16,True,,52.880850488240014,1.3809515032525843,0.0,176.2609,0.0,107520.0,16384.0,1.9486213052965682,1.8357257494872248,326.03085048824,0.0001762609,0.0,107520.0,16384.0,1.9486213052965682,0.0018357257494872247,0.7933036097357665,0.6442579310615966,0.0,1.4639001702587102,1.0294117647058822,0.7272727272727273,0.0,2.1174822159948263,1.168601899838465,5000,non_ga,,,,,,,,,,,,
MPEG4,Thermal-SA-TAS-ReferenceMapping,reference_mapping,thermal-sa-tas-results,,47,tas_seed,Thermal-SA-TAS-ReferenceMapping,D:\HNOCS\out\experimental results\thermal-sa-tas-results\final\seed_47\mpeg4\original\metrics.json,,D:\HNOCS\out\experimental results\thermal-sa-tas-results\final\seed_47\mpeg4\original\metrics.json,thermal_sa_tas_proxy_then_full_eval,w_T=1.0;w_sigma=1.0;w_hot=0.6;w_makespan=1.2;w_H=0.4;w_congestion=0.7;w_D=0.4;w_L=0.2;w_E=0.5,6.000000000000001,6.000000000000001,True,True,,vec,16,True,,54.44663874680003,1.3003837749577485,2.0,122.06989999999999,0.07168423611111063,420000.0,88000.0,0.5670623064060744,1.1328804365769536,327.5966387468,0.0001220699,0.07168423611111063,420000.0,88000.0,0.5670623064060744,0.0011328804365769536,1.0,1.0,1.0,1.0,1.0,1.0,1.0,1.0,1.0,,not_available,,,,,,,,,,,,
MPEG4,Thermal-SA-TAS,main_baseline,thermal-sa-tas-results,,47,tas_seed,Thermal-SA-TAS,D:\HNOCS\out\experimental results\thermal-sa-tas-results\final\seed_47\mpeg4\thermal_sa_tas\metrics.json,D:\HNOCS\out\experimental results\thermal-sa-tas-results\final\seed_47\mpeg4\thermal_sa_tas\history.json,D:\HNOCS\out\experimental results\thermal-sa-tas-results\final\seed_47\mpeg4\thermal_sa_tas\metrics.json,thermal_sa_tas_proxy_then_full_eval,w_T=1.0;w_sigma=1.0;w_hot=0.6;w_makespan=1.2;w_H=0.4;w_congestion=0.7;w_D=0.4;w_L=0.2;w_E=0.5,4.795923694248428,4.795923694248428,True,True,,vec,16,True,,52.800935053080025,1.1095660914203664,0.0,121.40169999999999,0.0,472000.0,76000.0,1.0538910665826047,1.1276037253202889,325.95093505308,0.0001214017,0.0,472000.0,76000.0,1.0538910665826047,0.0011276037253202889,0.825789496366898,0.8532604857027057,0.0,0.9945260871025535,1.1238095238095238,0.8636363636363636,0.0,1.858510175472519,0.9953422169839842,3888,non_ga,,,,,,,,,,,,
VOPD,Thermal-SA-TAS-ReferenceMapping,reference_mapping,thermal-sa-tas-results,,47,tas_seed,Thermal-SA-TAS-ReferenceMapping,D:\HNOCS\out\experimental results\thermal-sa-tas-results\final\seed_47\vopd\original\metrics.json,,D:\HNOCS\out\experimental results\thermal-sa-tas-results\final\seed_47\vopd\original\metrics.json,thermal_sa_tas_proxy_then_full_eval,w_T=1.0;w_sigma=1.0;w_hot=0.6;w_makespan=1.2;w_H=0.4;w_congestion=0.7;w_D=0.4;w_L=0.2;w_E=0.5,5.0,5.0,True,True,,vec,16,True,,52.22271921261,0.9870939912641029,0.0,89.3329,0.0,1396000.0,252000.0,0.35802469135802467,0.7507385223064373,325.37271921261,8.93329e-05,0.0,1396000.0,252000.0,0.35802469135802467,0.0007507385223064374,1.0,1.0,0.0,1.0,1.0,1.0,0.0,1.0,1.0,,not_available,,,,,,,,,,,,
VOPD,Thermal-SA-TAS,main_baseline,thermal-sa-tas-results,,47,tas_seed,Thermal-SA-TAS,D:\HNOCS\out\experimental results\thermal-sa-tas-results\final\seed_47\vopd\thermal_sa_tas\metrics.json,D:\HNOCS\out\experimental results\thermal-sa-tas-results\final\seed_47\vopd\thermal_sa_tas\history.json,D:\HNOCS\out\experimental results\thermal-sa-tas-results\final\seed_47\vopd\thermal_sa_tas\metrics.json,thermal_sa_tas_proxy_then_full_eval,w_T=1.0;w_sigma=1.0;w_hot=0.6;w_makespan=1.2;w_H=0.4;w_congestion=0.7;w_D=0.4;w_L=0.2;w_E=0.5,4.528433387477688,4.528433387477688,True,True,,vec,16,True,,52.201446383250016,0.9568054677149885,0.0,88.43270000000001,0.0,972000.0,144000.0,0.35802469135802467,0.7442002816016512,325.35144638325,8.84327e-05,0.0,972000.0,144000.0,0.35802469135802467,0.0007442002816016512,0.9970547339950795,0.9693154615293261,0.0,0.9899230854478026,0.6962750716332379,0.5714285714285714,0.0,1.0,0.9912909215252479,7000,non_ga,,,,,,,,,,,,
HNN,Thermal-SA-TAS-ReferenceMapping,reference_mapping,thermal-sa-tas-results,,47,tas_seed,Thermal-SA-TAS-ReferenceMapping,D:\HNOCS\out\experimental results\thermal-sa-tas-results\final\seed_47\hnn\original\metrics.json,,D:\HNOCS\out\experimental results\thermal-sa-tas-results\final\seed_47\hnn\original\metrics.json,thermal_sa_tas_proxy_then_full_eval,w_T=1.0;w_sigma=1.0;w_hot=0.6;w_makespan=1.2;w_H=0.4;w_congestion=0.7;w_D=0.4;w_L=0.2;w_E=0.5,6.000000000000001,6.000000000000001,True,True,,vec,16,True,,55.66757624162,2.454372247071413,16.0,203.177525,11.14198573637825,2195456.0,163840.0,0.3028095733610822,4.651317011228462,328.81757624162,0.000203177525,11.14198573637825,2195456.0,163840.0,0.3028095733610822,0.004651317011228462,1.0,1.0,1.0,1.0,1.0,1.0,1.0,1.0,1.0,,not_available,,,,,,,,,,,,
HNN,Thermal-SA-TAS,main_baseline,thermal-sa-tas-results,,47,tas_seed,Thermal-SA-TAS,D:\HNOCS\out\experimental results\thermal-sa-tas-results\final\seed_47\hnn\thermal_sa_tas\metrics.json,D:\HNOCS\out\experimental results\thermal-sa-tas-results\final\seed_47\hnn\thermal_sa_tas\history.json,D:\HNOCS\out\experimental results\thermal-sa-tas-results\final\seed_47\hnn\thermal_sa_tas\metrics.json,thermal_sa_tas_proxy_then_full_eval,w_T=1.0;w_sigma=1.0;w_hot=0.6;w_makespan=1.2;w_H=0.4;w_congestion=0.7;w_D=0.4;w_L=0.2;w_E=0.5,6.011385173675362,6.011385173675362,True,True,,vec,16,True,,58.03115736024,1.7455343658694296,13.0,224.3627,10.227081298638844,1654784.0,204800.0,0.32362122788761705,4.731398089802877,331.18115736024,0.0002243627,10.227081298638844,1654784.0,204800.0,0.32362122788761705,0.0047313980898028764,1.2215668362789285,0.7111938166479117,0.8125,1.1042692837212187,0.753731343283582,1.25,0.9178867699720462,1.0687285223367697,1.0172168610269081,12000,non_ga,,,,,,,,,,,,
GEMM,Thermal-SA-TAS-ReferenceMapping,reference_mapping,thermal-sa-tas-results,,48,tas_seed,Thermal-SA-TAS-ReferenceMapping,D:\HNOCS\out\experimental results\thermal-sa-tas-results\final\seed_48\gemm\original\metrics.json,,D:\HNOCS\out\experimental results\thermal-sa-tas-results\final\seed_48\gemm\original\metrics.json,thermal_sa_tas_proxy_then_full_eval,w_T=1.0;w_sigma=1.0;w_hot=0.6;w_makespan=1.2;w_H=0.4;w_congestion=0.7;w_D=0.4;w_L=0.2;w_E=0.5,6.000000000000001,6.000000000000001,True,True,,vec,16,True,,54.93421735578005,2.1434761400252804,6.0,120.405,1.8350526805555563,104448.0,22528.0,0.9202539178734378,1.5708734939939561,328.08421735578,0.000120405,1.8350526805555563,104448.0,22528.0,0.9202539178734378,0.0015708734939939562,1.0,1.0,1.0,1.0,1.0,1.0,1.0,1.0,1.0,,not_available,,,,,,,,,,,,
GEMM,Thermal-SA-TAS,main_baseline,thermal-sa-tas-results,,48,tas_seed,Thermal-SA-TAS,D:\HNOCS\out\experimental results\thermal-sa-tas-results\final\seed_48\gemm\thermal_sa_tas\metrics.json,D:\HNOCS\out\experimental results\thermal-sa-tas-results\final\seed_48\gemm\thermal_sa_tas\history.json,D:\HNOCS\out\experimental results\thermal-sa-tas-results\final\seed_48\gemm\thermal_sa_tas\metrics.json,thermal_sa_tas_proxy_then_full_eval,w_T=1.0;w_sigma=1.0;w_hot=0.6;w_makespan=1.2;w_H=0.4;w_congestion=0.7;w_D=0.4;w_L=0.2;w_E=0.5,4.992322167442084,4.992322167442084,True,True,,vec,16,True,,53.37376283899005,1.4299964183171179,0.0,165.8607,0.0,88064.0,13312.0,2.3548899027970642,1.7799609842987458,326.52376283899,0.0001658607,0.0,88064.0,13312.0,2.3548899027970642,0.0017799609842987457,0.842921242720537,0.667138948558696,0.0,1.3775233586645075,0.8431372549019608,0.5909090909090909,0.0,2.5589566716964867,1.1331026916579916,3756,non_ga,,,,,,,,,,,,
MPEG4,Thermal-SA-TAS-ReferenceMapping,reference_mapping,thermal-sa-tas-results,,48,tas_seed,Thermal-SA-TAS-ReferenceMapping,D:\HNOCS\out\experimental results\thermal-sa-tas-results\final\seed_48\mpeg4\original\metrics.json,,D:\HNOCS\out\experimental results\thermal-sa-tas-results\final\seed_48\mpeg4\original\metrics.json,thermal_sa_tas_proxy_then_full_eval,w_T=1.0;w_sigma=1.0;w_hot=0.6;w_makespan=1.2;w_H=0.4;w_congestion=0.7;w_D=0.4;w_L=0.2;w_E=0.5,6.000000000000001,6.000000000000001,True,True,,vec,16,True,,54.44663874680003,1.3003837749577485,2.0,122.06989999999999,0.07168423611111063,420000.0,88000.0,0.5670623064060744,1.1328804365769536,327.5966387468,0.0001220699,0.07168423611111063,420000.0,88000.0,0.5670623064060744,0.0011328804365769536,1.0,1.0,1.0,1.0,1.0,1.0,1.0,1.0,1.0,,not_available,,,,,,,,,,,,
MPEG4,Thermal-SA-TAS,main_baseline,thermal-sa-tas-results,,48,tas_seed,Thermal-SA-TAS,D:\HNOCS\out\experimental results\thermal-sa-tas-results\final\seed_48\mpeg4\thermal_sa_tas\metrics.json,D:\HNOCS\out\experimental results\thermal-sa-tas-results\final\seed_48\mpeg4\thermal_sa_tas\history.json,D:\HNOCS\out\experimental results\thermal-sa-tas-results\final\seed_48\mpeg4\thermal_sa_tas\metrics.json,thermal_sa_tas_proxy_then_full_eval,w_T=1.0;w_sigma=1.0;w_hot=0.6;w_makespan=1.2;w_H=0.4;w_congestion=0.7;w_D=0.4;w_L=0.2;w_E=0.5,4.969755692278503,4.969755692278503,True,True,,vec,16,True,,52.72166136687002,1.0962769129860264,0.0,121.9936,0.0,496000.0,104000.0,0.8828431238178778,1.1307029550414762,325.87166136687,0.0001219936,0.0,496000.0,104000.0,0.8828431238178778,0.0011307029550414762,0.8173977616626515,0.84304105764596,0.0,0.9993749482878252,1.180952380952381,1.1818181818181819,0.0,1.5568714651713638,0.9980779246730954,3773,non_ga,,,,,,,,,,,,
VOPD,Thermal-SA-TAS-ReferenceMapping,reference_mapping,thermal-sa-tas-results,,48,tas_seed,Thermal-SA-TAS-ReferenceMapping,D:\HNOCS\out\experimental results\thermal-sa-tas-results\final\seed_48\vopd\original\metrics.json,,D:\HNOCS\out\experimental results\thermal-sa-tas-results\final\seed_48\vopd\original\metrics.json,thermal_sa_tas_proxy_then_full_eval,w_T=1.0;w_sigma=1.0;w_hot=0.6;w_makespan=1.2;w_H=0.4;w_congestion=0.7;w_D=0.4;w_L=0.2;w_E=0.5,5.0,5.0,True,True,,vec,16,True,,52.22271921261,0.9870939912641029,0.0,89.3329,0.0,1396000.0,252000.0,0.35802469135802467,0.7507385223064373,325.37271921261,8.93329e-05,0.0,1396000.0,252000.0,0.35802469135802467,0.0007507385223064374,1.0,1.0,0.0,1.0,1.0,1.0,0.0,1.0,1.0,,not_available,,,,,,,,,,,,
VOPD,Thermal-SA-TAS,main_baseline,thermal-sa-tas-results,,48,tas_seed,Thermal-SA-TAS,D:\HNOCS\out\experimental results\thermal-sa-tas-results\final\seed_48\vopd\thermal_sa_tas\metrics.json,D:\HNOCS\out\experimental results\thermal-sa-tas-results\final\seed_48\vopd\thermal_sa_tas\history.json,D:\HNOCS\out\experimental results\thermal-sa-tas-results\final\seed_48\vopd\thermal_sa_tas\metrics.json,thermal_sa_tas_proxy_then_full_eval,w_T=1.0;w_sigma=1.0;w_hot=0.6;w_makespan=1.2;w_H=0.4;w_congestion=0.7;w_D=0.4;w_L=0.2;w_E=0.5,4.416684123903808,4.416684123903808,True,True,,vec,16,True,,51.868615961700016,0.934950328042768,0.0,87.6008,0.0,948000.0,136000.0,0.35802469135802467,0.7393152428397652,325.0186159617,8.76008e-05,0.0,948000.0,136000.0,0.35802469135802467,0.0007393152428397653,0.9509736928037069,0.947174571334835,0.0,0.980610726843078,0.6790830945558739,0.5396825396825397,0.0,1.0,0.9847839439068915,7000,non_ga,,,,,,,,,,,,
HNN,Thermal-SA-TAS-ReferenceMapping,reference_mapping,thermal-sa-tas-results,,48,tas_seed,Thermal-SA-TAS-ReferenceMapping,D:\HNOCS\out\experimental results\thermal-sa-tas-results\final\seed_48\hnn\original\metrics.json,,D:\HNOCS\out\experimental results\thermal-sa-tas-results\final\seed_48\hnn\original\metrics.json,thermal_sa_tas_proxy_then_full_eval,w_T=1.0;w_sigma=1.0;w_hot=0.6;w_makespan=1.2;w_H=0.4;w_congestion=0.7;w_D=0.4;w_L=0.2;w_E=0.5,6.000000000000001,6.000000000000001,True,True,,vec,16,True,,55.66757624162,2.454372247071413,16.0,203.177525,11.14198573637825,2195456.0,163840.0,0.3028095733610822,4.651317011228462,328.81757624162,0.000203177525,11.14198573637825,2195456.0,163840.0,0.3028095733610822,0.004651317011228462,1.0,1.0,1.0,1.0,1.0,1.0,1.0,1.0,1.0,,not_available,,,,,,,,,,,,
HNN,Thermal-SA-TAS,main_baseline,thermal-sa-tas-results,,48,tas_seed,Thermal-SA-TAS,D:\HNOCS\out\experimental results\thermal-sa-tas-results\final\seed_48\hnn\thermal_sa_tas\metrics.json,D:\HNOCS\out\experimental results\thermal-sa-tas-results\final\seed_48\hnn\thermal_sa_tas\history.json,D:\HNOCS\out\experimental results\thermal-sa-tas-results\final\seed_48\hnn\thermal_sa_tas\metrics.json,thermal_sa_tas_proxy_then_full_eval,w_T=1.0;w_sigma=1.0;w_hot=0.6;w_makespan=1.2;w_H=0.4;w_congestion=0.7;w_D=0.4;w_L=0.2;w_E=0.5,5.51993561021938,5.51993561021938,True,True,,vec,16,True,,57.59181707877002,1.8737255521472658,12.0,204.48880000000003,8.446837366586562,2129920.0,147456.0,0.15920915712799166,4.576220637563902,330.74181707877,0.0002044888,8.446837366586562,2129920.0,147456.0,0.15920915712799166,0.0045762206375639025,1.1803821968145414,0.7634235411449988,0.75,1.0064538388288764,0.9701492537313433,0.9,0.7581087937501024,0.5257731958762886,0.983854814994705,12000,non_ga,,,,,,,,,,,,
GEMM,Thermal-SA-TAS-ReferenceMapping,reference_mapping,thermal-sa-tas-results,,49,tas_seed,Thermal-SA-TAS-ReferenceMapping,D:\HNOCS\out\experimental results\thermal-sa-tas-results\final\seed_49\gemm\original\metrics.json,,D:\HNOCS\out\experimental results\thermal-sa-tas-results\final\seed_49\gemm\original\metrics.json,thermal_sa_tas_proxy_then_full_eval,w_T=1.0;w_sigma=1.0;w_hot=0.6;w_makespan=1.2;w_H=0.4;w_congestion=0.7;w_D=0.4;w_L=0.2;w_E=0.5,6.000000000000001,6.000000000000001,True,True,,vec,16,True,,54.93421735578005,2.1434761400252804,6.0,120.405,1.8350526805555563,104448.0,22528.0,0.9202539178734378,1.5708734939939561,328.08421735578,0.000120405,1.8350526805555563,104448.0,22528.0,0.9202539178734378,0.0015708734939939562,1.0,1.0,1.0,1.0,1.0,1.0,1.0,1.0,1.0,,not_available,,,,,,,,,,,,
GEMM,Thermal-SA-TAS,main_baseline,thermal-sa-tas-results,,49,tas_seed,Thermal-SA-TAS,D:\HNOCS\out\experimental results\thermal-sa-tas-results\final\seed_49\gemm\thermal_sa_tas\metrics.json,D:\HNOCS\out\experimental results\thermal-sa-tas-results\final\seed_49\gemm\thermal_sa_tas\history.json,D:\HNOCS\out\experimental results\thermal-sa-tas-results\final\seed_49\gemm\thermal_sa_tas\metrics.json,thermal_sa_tas_proxy_then_full_eval,w_T=1.0;w_sigma=1.0;w_hot=0.6;w_makespan=1.2;w_H=0.4;w_congestion=0.7;w_D=0.4;w_L=0.2;w_E=0.5,4.73722386821959,4.73722386821959,True,True,,vec,16,True,,53.23211550928005,1.2311023928438727,0.0,166.2488,0.0,81920.0,10240.0,2.202539178734378,1.7805178080330488,326.38211550928,0.0001662488,0.0,81920.0,10240.0,2.202539178734378,0.0017805178080330488,0.828662713373222,0.5743485406044001,0.0,1.3807466467339398,0.7843137254901961,0.45454545454545453,0.0,2.393403750808364,1.1334571592433396,4341,non_ga,,,,,,,,,,,,
MPEG4,Thermal-SA-TAS-ReferenceMapping,reference_mapping,thermal-sa-tas-results,,49,tas_seed,Thermal-SA-TAS-ReferenceMapping,D:\HNOCS\out\experimental results\thermal-sa-tas-results\final\seed_49\mpeg4\original\metrics.json,,D:\HNOCS\out\experimental results\thermal-sa-tas-results\final\seed_49\mpeg4\original\metrics.json,thermal_sa_tas_proxy_then_full_eval,w_T=1.0;w_sigma=1.0;w_hot=0.6;w_makespan=1.2;w_H=0.4;w_congestion=0.7;w_D=0.4;w_L=0.2;w_E=0.5,6.000000000000001,6.000000000000001,True,True,,vec,16,True,,54.44663874680003,1.3003837749577485,2.0,122.06989999999999,0.07168423611111063,420000.0,88000.0,0.5670623064060744,1.1328804365769536,327.5966387468,0.0001220699,0.07168423611111063,420000.0,88000.0,0.5670623064060744,0.0011328804365769536,1.0,1.0,1.0,1.0,1.0,1.0,1.0,1.0,1.0,,not_available,,,,,,,,,,,,
MPEG4,Thermal-SA-TAS,main_baseline,thermal-sa-tas-results,,49,tas_seed,Thermal-SA-TAS,D:\HNOCS\out\experimental results\thermal-sa-tas-results\final\seed_49\mpeg4\thermal_sa_tas\metrics.json,D:\HNOCS\out\experimental results\thermal-sa-tas-results\final\seed_49\mpeg4\thermal_sa_tas\history.json,D:\HNOCS\out\experimental results\thermal-sa-tas-results\final\seed_49\mpeg4\thermal_sa_tas\metrics.json,thermal_sa_tas_proxy_then_full_eval,w_T=1.0;w_sigma=1.0;w_hot=0.6;w_makespan=1.2;w_H=0.4;w_congestion=0.7;w_D=0.4;w_L=0.2;w_E=0.5,4.854696619594927,4.854696619594927,True,True,,vec,16,True,,52.83043863356005,1.0735977666197727,0.0,121.6477,0.0,448000.0,96000.0,0.8960006578767029,1.1283845356102296,325.98043863356,0.0001216477,0.0,448000.0,96000.0,0.8960006578767029,0.0011283845356102296,0.82891267925457,0.8256007090327281,0.0,0.9965413259124486,1.0666666666666667,1.0909090909090908,0.0,1.5800744428868372,0.9960314426645864,5000,non_ga,,,,,,,,,,,,
VOPD,Thermal-SA-TAS-ReferenceMapping,reference_mapping,thermal-sa-tas-results,,49,tas_seed,Thermal-SA-TAS-ReferenceMapping,D:\HNOCS\out\experimental results\thermal-sa-tas-results\final\seed_49\vopd\original\metrics.json,,D:\HNOCS\out\experimental results\thermal-sa-tas-results\final\seed_49\vopd\original\metrics.json,thermal_sa_tas_proxy_then_full_eval,w_T=1.0;w_sigma=1.0;w_hot=0.6;w_makespan=1.2;w_H=0.4;w_congestion=0.7;w_D=0.4;w_L=0.2;w_E=0.5,5.0,5.0,True,True,,vec,16,True,,52.22271921261,0.9870939912641029,0.0,89.3329,0.0,1396000.0,252000.0,0.35802469135802467,0.7507385223064373,325.37271921261,8.93329e-05,0.0,1396000.0,252000.0,0.35802469135802467,0.0007507385223064374,1.0,1.0,0.0,1.0,1.0,1.0,0.0,1.0,1.0,,not_available,,,,,,,,,,,,
VOPD,Thermal-SA-TAS,main_baseline,thermal-sa-tas-results,,49,tas_seed,Thermal-SA-TAS,D:\HNOCS\out\experimental results\thermal-sa-tas-results\final\seed_49\vopd\thermal_sa_tas\metrics.json,D:\HNOCS\out\experimental results\thermal-sa-tas-results\final\seed_49\vopd\thermal_sa_tas\history.json,D:\HNOCS\out\experimental results\thermal-sa-tas-results\final\seed_49\vopd\thermal_sa_tas\metrics.json,thermal_sa_tas_proxy_then_full_eval,w_T=1.0;w_sigma=1.0;w_hot=0.6;w_makespan=1.2;w_H=0.4;w_congestion=0.7;w_D=0.4;w_L=0.2;w_E=0.5,4.505011357162582,4.505011357162582,True,True,,vec,16,True,,51.623603892660014,0.9199008825249219,0.0,87.5947,0.0,924000.0,188000.0,0.35802469135802467,0.7393304787822916,324.77360389266,8.75947e-05,0.0,924000.0,188000.0,0.35802469135802467,0.0007393304787822917,0.9170512791215801,0.9319283580552127,0.0,0.9805424429297604,0.66189111747851,0.746031746031746,0.0,1.0,0.984804238512901,7000,non_ga,,,,,,,,,,,,
HNN,Thermal-SA-TAS-ReferenceMapping,reference_mapping,thermal-sa-tas-results,,49,tas_seed,Thermal-SA-TAS-ReferenceMapping,D:\HNOCS\out\experimental results\thermal-sa-tas-results\final\seed_49\hnn\original\metrics.json,,D:\HNOCS\out\experimental results\thermal-sa-tas-results\final\seed_49\hnn\original\metrics.json,thermal_sa_tas_proxy_then_full_eval,w_T=1.0;w_sigma=1.0;w_hot=0.6;w_makespan=1.2;w_H=0.4;w_congestion=0.7;w_D=0.4;w_L=0.2;w_E=0.5,6.000000000000001,6.000000000000001,True,True,,vec,16,True,,55.66757624162,2.454372247071413,16.0,203.177525,11.14198573637825,2195456.0,163840.0,0.3028095733610822,4.651317011228462,328.81757624162,0.000203177525,11.14198573637825,2195456.0,163840.0,0.3028095733610822,0.004651317011228462,1.0,1.0,1.0,1.0,1.0,1.0,1.0,1.0,1.0,,not_available,,,,,,,,,,,,
HNN,Thermal-SA-TAS,main_baseline,thermal-sa-tas-results,,49,tas_seed,Thermal-SA-TAS,D:\HNOCS\out\experimental results\thermal-sa-tas-results\final\seed_49\hnn\thermal_sa_tas\metrics.json,D:\HNOCS\out\experimental results\thermal-sa-tas-results\final\seed_49\hnn\thermal_sa_tas\history.json,D:\HNOCS\out\experimental results\thermal-sa-tas-results\final\seed_49\hnn\thermal_sa_tas\metrics.json,thermal_sa_tas_proxy_then_full_eval,w_T=1.0;w_sigma=1.0;w_hot=0.6;w_makespan=1.2;w_H=0.4;w_congestion=0.7;w_D=0.4;w_L=0.2;w_E=0.5,5.41786078278354,5.41786078278354,True,True,,vec,16,True,,56.83766257422002,1.7108311181483105,14.0,199.6506,6.888225183639244,1835008.0,155648.0,0.26326742976066597,4.525268221483814,329.98766257422,0.0001996506,6.888225183639244,1835008.0,155648.0,0.26326742976066597,0.004525268221483814,1.1096862404446552,0.6970544587071889,0.875,0.9826411656505806,0.835820895522388,0.95,0.6182224018784546,0.8694158075601374,0.9729004087572699,12000,non_ga,,,,,,,,,,,,
