comparison_type,workload,method,method_family,source_root,ablation,seed,seed_type,selection_policy,metrics_path,reference_metrics_path,source_objective_name,source_objective_weights,stored_TR2_composite_cost,reference_full_objective_comparable_score,method_full_objective_comparable_score,full_score_delta_vs_reference,full_score_relative_change_pct_vs_reference,run_ok,valid_for_cost,valid,validity_notes,reference_T_max_K,method_T_max_K,T_max_K_delta_vs_reference,T_max_K_relative_change_pct,reference_sigma_T_K,method_sigma_T_K,sigma_T_K_delta_vs_reference,sigma_T_K_relative_change_pct,reference_N_hot,method_N_hot,N_hot_delta_vs_reference,N_hot_relative_change_pct,reference_makespan_s,method_makespan_s,makespan_s_delta_vs_reference,makespan_s_relative_change_pct,reference_eta_dvfs_pct,method_eta_dvfs_pct,eta_dvfs_pct_delta_vs_reference,eta_dvfs_pct_relative_change_pct,reference_raw_comm_cost,method_raw_comm_cost,raw_comm_cost_delta_vs_reference,raw_comm_cost_relative_change_pct,reference_raw_congestion_cost,method_raw_congestion_cost,raw_congestion_cost_delta_vs_reference,raw_congestion_cost_relative_change_pct,reference_raw_load_imbalance,method_raw_load_imbalance,raw_load_imbalance_delta_vs_reference,raw_load_imbalance_relative_change_pct,reference_pe_optical_comm_energy_J,method_pe_optical_comm_energy_J,pe_optical_comm_energy_J_delta_vs_reference,pe_optical_comm_energy_J_relative_change_pct,reference_T_max_C,method_T_max_C,T_max_C_delta_vs_reference,T_max_C_relative_change_pct,reference_makespan_us,method_makespan_us,makespan_us_delta_vs_reference,makespan_us_relative_change_pct,reference_DVFS_penalty_pct,method_DVFS_penalty_pct,DVFS_penalty_pct_delta_vs_reference,DVFS_penalty_pct_relative_change_pct,reference_comm_cost,method_comm_cost,comm_cost_delta_vs_reference,comm_cost_relative_change_pct,reference_congestion_proxy,method_congestion_proxy,congestion_proxy_delta_vs_reference,congestion_proxy_relative_change_pct,reference_load_imbalance,method_load_imbalance,load_imbalance_delta_vs_reference,load_imbalance_relative_change_pct,reference_total_PE_optical_energy_mJ,method_total_PE_optical_energy_mJ,total_PE_optical_energy_mJ_delta_vs_reference,total_PE_optical_energy_mJ_relative_change_pct,reference_f_thermal,method_f_thermal,f_thermal_delta_vs_reference,reference_f_sigma,method_f_sigma,f_sigma_delta_vs_reference,reference_f_hot,method_f_hot,f_hot_delta_vs_reference,reference_f_makespan,method_f_makespan,f_makespan_delta_vs_reference,reference_f_comm,method_f_comm,f_comm_delta_vs_reference,reference_f_congestion,method_f_congestion,f_congestion_delta_vs_reference,reference_f_dvfs,method_f_dvfs,f_dvfs_delta_vs_reference,reference_f_load,method_f_load,f_load_delta_vs_reference,reference_f_energy,method_f_energy,f_energy_delta_vs_reference
ablation_vs_reference,GEMM,thermal-only,ablation,B-2-v4-ablation,thermal-only,40,ga_seed,,D:\HNOCS\out\experimental results\B-2-v4-ablation\thermal-only\seed_40\gen_60\gemm\metrics.json,D:\HNOCS\out\experimental results\B-2-v4\seed_40\gen_60\gemm\metrics.json,baseline_normalized_v2,w_T=1.0;w_sigma=1.0;w_hot=0.6;w_makespan=0.0;w_H=0.0;w_congestion=0.0;w_D=0.0;w_L=0.0;w_E=0.0,1.0253542108776807,6.000000000000001,8.643624932550848,2.643624932550847,44.06041554251412,True,True,True,,328.08421735578,324.2346712025,-3.8495461532800164,-1.1733408526340416,2.1434761400252804,0.8849511181502574,-1.258525021875023,-58.71420718777769,6.0,0.0,-6.0,-100.0,0.000120405,0.0003262487,0.00020584369999999998,170.959428595158,1.8350526805555563,0.0,-1.8350526805555563,-100.0,104448.0,75776.0,-28672.0,-27.450980392156865,22528.0,32768.0,10240.0,45.45454545454546,0.9202539178734378,10.213648085697283,9.293394167823845,1009.872817417547,0.0015708734939939562,0.0026347759914470887,0.0010639024974531325,67.72680941659748,54.93421735578005,51.08467120250003,-3.8495461532800164,-7.0075561982589685,120.405,326.2487,205.84369999999998,170.959428595158,1.8350526805555563,0.0,-1.8350526805555563,-100.0,104448.0,75776.0,-28672.0,-27.450980392156865,22528.0,32768.0,10240.0,45.45454545454546,0.9202539178734378,10.213648085697283,9.293394167823845,1009.872817417547,1.5708734939939561,2.6347759914470887,1.0639024974531326,67.72680941659748,1.0,0.6124962827554578,-0.38750371724454225,1.0,0.4128579281222231,-0.5871420718777769,1.0,0.0,-1.0,1.0,2.70959428595158,1.7095942859515798,1.0,0.7254901960784313,-0.27450980392156865,1.0,1.4545454545454546,0.4545454545454546,1.0,0.0,-1.0,1.0,11.09872817417547,10.09872817417547,1.0,1.6772680941659748,0.6772680941659748
ablation_vs_reference,MPEG4,thermal-only,ablation,B-2-v4-ablation,thermal-only,40,ga_seed,,D:\HNOCS\out\experimental results\B-2-v4-ablation\thermal-only\seed_40\gen_60\mpeg4\metrics.json,D:\HNOCS\out\experimental results\B-2-v4\seed_40\gen_60\mpeg4\metrics.json,baseline_normalized_v2,w_T=1.0;w_sigma=1.0;w_hot=0.6;w_makespan=0.0;w_H=0.0;w_congestion=0.0;w_D=0.0;w_L=0.0;w_E=0.0,1.302589309598189,6.000000000000001,6.595115888392986,0.5951158883929848,9.918598139883073,True,True,True,,327.5966387468,324.21868705058,-3.377951696220009,-1.031131366042748,1.3003837749577485,0.8584765717543096,-0.4419072032034389,-33.98282966255843,2.0,0.0,-2.0,-100.0,0.0001220699,0.0001745317,5.246180000000001e-05,42.976851787377576,0.07168423611111063,0.0,-0.07168423611111063,-100.0,420000.0,372000.0,-48000.0,-11.428571428571432,88000.0,164000.0,76000.0,86.36363636363636,0.5670623064060744,3.6713631753515528,3.1043008689454785,547.4355875670711,0.0011328804365769536,0.0014118001619019892,0.0002789197253250356,24.62040267619092,54.44663874680003,51.068687050580024,-3.377951696220009,-6.204151025610449,122.06989999999999,174.5317,52.46180000000001,42.976851787377576,0.07168423611111063,0.0,-0.07168423611111063,-100.0,420000.0,372000.0,-48000.0,-11.428571428571432,88000.0,164000.0,76000.0,86.36363636363636,0.5670623064060744,3.6713631753515528,3.1043008689454785,547.4355875670711,1.1328804365769536,1.411800161901989,0.2789197253250355,24.6204026761909,1.0,0.6424176062237734,-0.3575823937762266,1.0,0.6601717033744157,-0.33982829662558434,1.0,0.0,-1.0,1.0,1.4297685178737758,0.4297685178737758,1.0,0.8857142857142857,-0.11428571428571432,1.0,1.8636363636363635,0.8636363636363635,1.0,0.0,-1.0,1.0,6.474355875670711,5.474355875670711,1.0,1.2462040267619092,0.24620402676190922
ablation_vs_reference,VOPD,thermal-only,ablation,B-2-v4-ablation,thermal-only,40,ga_seed,,D:\HNOCS\out\experimental results\B-2-v4-ablation\thermal-only\seed_40\gen_60\vopd\metrics.json,D:\HNOCS\out\experimental results\B-2-v4\seed_40\gen_60\vopd\metrics.json,baseline_normalized_v2,w_T=1.0;w_sigma=1.0;w_hot=0.6;w_makespan=0.0;w_H=0.0;w_congestion=0.0;w_D=0.0;w_L=0.0;w_E=0.0,1.6078291591964233,5.0,6.713874659876559,1.7138746598765593,34.27749319753119,True,True,True,,325.37271921261,324.00208787838,-1.3706313342299836,-0.4212496172226299,0.9870939912641029,0.7873020451145799,-0.199791946149523,-20.24041762159481,0.0,0.0,0.0,,8.93329e-05,0.0001026007,1.3267799999999995e-05,14.85208696907858,0.0,0.0,0.0,,1396000.0,944000.0,-452000.0,-32.37822349570201,252000.0,400000.0,148000.0,58.73015873015872,0.35802469135802467,3.2222222222222223,2.864197530864198,800.0,0.0007507385223064374,0.0008201401545012454,6.940163219480797e-05,9.244447984577974,52.22271921261,50.85208787838002,-1.3706313342299836,-2.624588215427559,89.3329,102.60069999999999,13.267799999999994,14.85208696907858,0.0,0.0,0.0,,1396000.0,944000.0,-452000.0,-32.37822349570201,252000.0,400000.0,148000.0,58.73015873015872,0.35802469135802467,3.2222222222222223,2.864197530864198,800.0,0.7507385223064373,0.8201401545012453,0.069401632194808,9.244447984577974,1.0,0.8102333354123713,-0.1897666645876287,1.0,0.7975958237840519,-0.20240417621594808,0.0,0.0,0.0,1.0,1.1485208696907858,0.14852086969078582,1.0,0.6762177650429799,-0.3237822349570201,1.0,1.5873015873015872,0.5873015873015872,0.0,0.0,0.0,1.0,9.0,8.0,1.0,1.0924444798457797,0.09244447984577975
ablation_vs_reference,HNN,thermal-only,ablation,B-2-v4-ablation,thermal-only,40,ga_seed,,D:\HNOCS\out\experimental results\B-2-v4-ablation\thermal-only\seed_40\gen_60\hnn\metrics.json,D:\HNOCS\out\experimental results\B-2-v4\seed_40\gen_60\hnn\metrics.json,baseline_normalized_v2,w_T=1.0;w_sigma=1.0;w_hot=0.6;w_makespan=0.0;w_H=0.0;w_congestion=0.0;w_D=0.0;w_L=0.0;w_E=0.0,1.3116528765522193,6.000000000000001,8.879667728227618,2.8796677282276173,47.994462137126945,True,True,True,,328.81757624162,326.25340209301,-2.564174148609993,-0.7798166320421407,2.454372247071413,1.3548716635511497,-1.0995005835202631,-44.79762940736478,16.0,0.0,-16.0,-100.0,0.000203177525,0.0005828309,0.000379653375,186.85795832979065,11.14198573637825,0.0,-11.14198573637825,-100.0,2195456.0,2039808.0,-155648.0,-7.0895522388059735,163840.0,278528.0,114688.0,70.0,0.3028095733610822,2.8647242455775235,2.5619146722164414,846.0481099656357,0.004651317011228462,0.006251196482841485,0.0015998794716130232,34.39626814837284,55.66757624162,53.103402093010004,-2.564174148609993,-4.606225601561009,203.177525,582.8308999999999,379.6533749999999,186.85795832979065,11.14198573637825,0.0,-11.14198573637825,-100.0,2195456.0,2039808.0,-155648.0,-7.0895522388059735,163840.0,278528.0,114688.0,70.0,0.3028095733610822,2.8647242455775235,2.5619146722164414,846.0481099656357,4.651317011228462,6.251196482841485,1.599879471613023,34.39626814837284,1.0,0.7596291706258672,-0.2403708293741328,1.0,0.5520237059263522,-0.4479762940736478,1.0,0.0,-1.0,1.0,2.8685795832979064,1.8685795832979064,1.0,0.9291044776119403,-0.07089552238805974,1.0,1.7,0.7,1.0,0.0,-1.0,1.0,9.460481099656358,8.460481099656358,1.0,1.3439626814837284,0.34396268148372844
ablation_vs_reference,GEMM,thermal-only,ablation,B-2-v4-ablation,thermal-only,41,ga_seed,,D:\HNOCS\out\experimental results\B-2-v4-ablation\thermal-only\seed_41\gen_60\gemm\metrics.json,D:\HNOCS\out\experimental results\B-2-v4\seed_41\gen_60\gemm\metrics.json,baseline_normalized_v2,w_T=1.0;w_sigma=1.0;w_hot=0.6;w_makespan=0.0;w_H=0.0;w_congestion=0.0;w_D=0.0;w_L=0.0;w_E=0.0,0.9699836211485028,6.000000000000001,9.352771451730218,3.3527714517302174,55.87952419550361,True,True,True,,328.08421735578,323.78023519576,-4.303982160020041,-1.3118528512917504,2.1434761400252804,0.8643178678434529,-1.2791582721818275,-59.67681413830624,6.0,0.0,-6.0,-100.0,0.000120405,0.0003562487,0.0002358437,195.8753374029318,1.8350526805555563,0.0,-1.8350526805555563,-100.0,104448.0,73728.0,-30720.0,-29.411764705882348,22528.0,32768.0,10240.0,45.45454545454546,0.9202539178734378,12.156119817496528,11.23586589962309,1220.952791549903,0.0015708734939939562,0.0027956629451652577,0.0012247894511713015,77.96868785768778,54.93421735578005,50.63023519576001,-4.303982160020041,-7.83479289810467,120.405,356.2487,235.84369999999998,195.87533740293173,1.8350526805555563,0.0,-1.8350526805555563,-100.0,104448.0,73728.0,-30720.0,-29.411764705882348,22528.0,32768.0,10240.0,45.45454545454546,0.9202539178734378,12.156119817496528,11.23586589962309,1220.952791549903,1.5708734939939561,2.7956629451652577,1.2247894511713016,77.96868785768778,1.0,0.5667517625315652,-0.43324823746843477,1.0,0.40323185861693756,-0.5967681413830624,1.0,0.0,-1.0,1.0,2.958753374029318,1.958753374029318,1.0,0.7058823529411765,-0.2941176470588235,1.0,1.4545454545454546,0.4545454545454546,1.0,0.0,-1.0,1.0,13.209527915499029,12.209527915499029,1.0,1.7796868785768778,0.7796868785768778
ablation_vs_reference,MPEG4,thermal-only,ablation,B-2-v4-ablation,thermal-only,41,ga_seed,,D:\HNOCS\out\experimental results\B-2-v4-ablation\thermal-only\seed_41\gen_60\mpeg4\metrics.json,D:\HNOCS\out\experimental results\B-2-v4\seed_41\gen_60\mpeg4\metrics.json,baseline_normalized_v2,w_T=1.0;w_sigma=1.0;w_hot=0.6;w_makespan=0.0;w_H=0.0;w_congestion=0.0;w_D=0.0;w_L=0.0;w_E=0.0,1.2582094360103753,6.000000000000001,8.669609238395736,2.6696092383957355,44.49348730659559,True,True,True,,327.5966387468,323.87936757721,-3.717271169589992,-1.1347098016054713,1.3003837749577485,0.8474749676302403,-0.45290880732750816,-34.82885714582403,2.0,0.0,-2.0,-100.0,0.0001220699,0.0001940116,7.19417e-05,58.934839792610624,0.07168423611111063,0.0,-0.07168423611111063,-100.0,420000.0,236000.0,-184000.0,-43.80952380952381,88000.0,164000.0,76000.0,86.36363636363636,0.5670623064060744,9.372961267509114,8.80589896110304,1552.8979552375886,0.0011328804365769536,0.0015159717846165792,0.00038309134803962567,33.81569101829955,54.44663874680003,50.72936757721004,-3.717271169589992,-6.827365756914549,122.06989999999999,194.0116,71.9417,58.934839792610624,0.07168423611111063,0.0,-0.07168423611111063,-100.0,420000.0,236000.0,-184000.0,-43.80952380952381,88000.0,164000.0,76000.0,86.36363636363636,0.5670623064060744,9.372961267509114,8.80589896110304,1552.8979552375886,1.1328804365769536,1.5159717846165792,0.38309134803962563,33.81569101829955,1.0,0.6064980074686157,-0.3935019925313843,1.0,0.6517114285417597,-0.3482885714582403,1.0,0.0,-1.0,1.0,1.5893483979261063,0.5893483979261063,1.0,0.5619047619047619,-0.4380952380952381,1.0,1.8636363636363635,0.8636363636363635,1.0,0.0,-1.0,1.0,16.528979552375887,15.528979552375887,1.0,1.3381569101829955,0.33815691018299554
ablation_vs_reference,VOPD,thermal-only,ablation,B-2-v4-ablation,thermal-only,41,ga_seed,,D:\HNOCS\out\experimental results\B-2-v4-ablation\thermal-only\seed_41\gen_60\vopd\metrics.json,D:\HNOCS\out\experimental results\B-2-v4\seed_41\gen_60\vopd\metrics.json,baseline_normalized_v2,w_T=1.0;w_sigma=1.0;w_hot=0.6;w_makespan=0.0;w_H=0.0;w_congestion=0.0;w_D=0.0;w_L=0.0;w_E=0.0,1.6075746714532753,5.0,6.967395216466712,1.967395216466712,39.34790432933424,True,True,True,,325.37271921261,324.00255387639,-1.3701653362199977,-0.4211063974680296,0.9870939912641029,0.7869871561053939,-0.20010683515870897,-20.272318232070884,0.0,0.0,0.0,,8.93329e-05,0.0001026507,1.3317799999999996e-05,14.90805738983061,0.0,0.0,0.0,,1396000.0,952000.0,-444000.0,-31.805157593123212,252000.0,414000.0,162000.0,64.28571428571428,0.35802469135802467,3.60082304526749,3.2427983539094654,905.7471264367817,0.0007507385223064374,0.0008207827775346102,7.00442552281728e-05,9.330046766879786,52.22271921261,50.852553876390004,-1.3701653362199977,-2.6236958873048333,89.3329,102.6507,13.317800000000005,14.908057389830631,0.0,0.0,0.0,,1396000.0,952000.0,-444000.0,-31.805157593123212,252000.0,414000.0,162000.0,64.28571428571428,0.35802469135802467,3.60082304526749,3.2427983539094654,905.7471264367817,0.7507385223064373,0.8207827775346102,0.07004425522817281,9.330046766879786,1.0,0.810297853773984,-0.189702146226016,1.0,0.7972768176792911,-0.20272318232070885,0.0,0.0,0.0,1.0,1.149080573898306,0.1490805738983061,1.0,0.6819484240687679,-0.3180515759312321,1.0,1.6428571428571428,0.6428571428571428,0.0,0.0,0.0,1.0,10.057471264367818,9.057471264367818,1.0,1.0933004676687978,0.09330046766879785
ablation_vs_reference,HNN,thermal-only,ablation,B-2-v4-ablation,thermal-only,41,ga_seed,,D:\HNOCS\out\experimental results\B-2-v4-ablation\thermal-only\seed_41\gen_60\hnn\metrics.json,D:\HNOCS\out\experimental results\B-2-v4\seed_41\gen_60\hnn\metrics.json,baseline_normalized_v2,w_T=1.0;w_sigma=1.0;w_hot=0.6;w_makespan=0.0;w_H=0.0;w_congestion=0.0;w_D=0.0;w_L=0.0;w_E=0.0,1.309534712268094,6.000000000000001,9.533833089154777,3.5338330891547765,58.8972181525796,True,True,True,,328.81757624162,326.46259767195,-2.3549785696699814,-0.7161960733934492,2.454372247071413,1.301541645775846,-1.152830601295567,-46.97048716514532,16.0,0.0,-16.0,-100.0,0.000203177525,0.0006220428,0.000418865275,206.1572878200972,11.14198573637825,0.0,-11.14198573637825,-100.0,2195456.0,1744896.0,-450560.0,-20.52238805970149,163840.0,344064.0,180224.0,110.00000000000001,0.3028095733610822,3.13111342351717,2.8283038501560878,934.020618556701,0.004651317011228462,0.0064603001362183304,0.0018089831249898684,38.891847634184295,55.66757624162,53.312597671950016,-2.3549785696699814,-4.230431300706206,203.177525,622.0428,418.86527500000005,206.15728782009722,11.14198573637825,0.0,-11.14198573637825,-100.0,2195456.0,1744896.0,-450560.0,-20.52238805970149,163840.0,344064.0,180224.0,110.00000000000001,0.3028095733610822,3.13111342351717,2.8283038501560878,934.020618556701,4.651317011228462,6.46030013621833,1.8089831249898678,38.89184763418427,1.0,0.7792395839195474,-0.2207604160804526,1.0,0.5302951283485468,-0.46970487165145325,1.0,0.0,-1.0,1.0,3.061572878200972,2.061572878200972,1.0,0.7947761194029851,-0.2052238805970149,1.0,2.1,1.1,1.0,0.0,-1.0,1.0,10.34020618556701,9.34020618556701,1.0,1.388918476341843,0.38891847634184296
ablation_vs_reference,GEMM,thermal-only,ablation,B-2-v4-ablation,thermal-only,42,ga_seed,,D:\HNOCS\out\experimental results\B-2-v4-ablation\thermal-only\seed_42\gen_60\gemm\metrics.json,D:\HNOCS\out\experimental results\B-2-v4\seed_42\gen_60\gemm\metrics.json,baseline_normalized_v2,w_T=1.0;w_sigma=1.0;w_hot=0.6;w_makespan=0.0;w_H=0.0;w_congestion=0.0;w_D=0.0;w_L=0.0;w_E=0.0,1.166108540420086,6.000000000000001,7.316525786126099,1.316525786126098,21.942096435434966,True,True,True,,328.08421735578,324.73286431618,-3.351353039600042,-1.021491697043686,2.1434761400252804,1.079161038399556,-1.0643151016257244,-49.65369484416896,6.0,0.0,-6.0,-100.0,0.000120405,0.0002665047,0.0001460997,121.34022673477017,1.8350526805555563,0.0,-1.8350526805555563,-100.0,104448.0,104448.0,0.0,0.0,22528.0,41984.0,19456.0,86.36363636363636,0.9202539178734378,4.843285062487602,3.9230311446141637,426.29877128691527,0.0015708734939939562,0.0023160692619399867,0.0007451957679460305,47.43830555389699,54.93421735578005,51.58286431618001,-3.351353039600042,-6.100665852568888,120.405,266.5047,146.0997,121.34022673477017,1.8350526805555563,0.0,-1.8350526805555563,-100.0,104448.0,104448.0,0.0,0.0,22528.0,41984.0,19456.0,86.36363636363636,0.9202539178734378,4.843285062487602,3.9230311446141637,426.29877128691527,1.5708734939939561,2.3160692619399867,0.7451957679460306,47.43830555389699,1.0,0.6626454888617757,-0.33735451113822434,1.0,0.5034630515583104,-0.4965369484416896,1.0,0.0,-1.0,1.0,2.2134022673477016,1.2134022673477016,1.0,1.0,0.0,1.0,1.8636363636363635,0.8636363636363635,1.0,0.0,-1.0,1.0,5.262987712869153,4.262987712869153,1.0,1.4743830555389699,0.47438305553896987
ablation_vs_reference,MPEG4,thermal-only,ablation,B-2-v4-ablation,thermal-only,42,ga_seed,,D:\HNOCS\out\experimental results\B-2-v4-ablation\thermal-only\seed_42\gen_60\mpeg4\metrics.json,D:\HNOCS\out\experimental results\B-2-v4\seed_42\gen_60\mpeg4\metrics.json,baseline_normalized_v2,w_T=1.0;w_sigma=1.0;w_hot=0.6;w_makespan=0.0;w_H=0.0;w_congestion=0.0;w_D=0.0;w_L=0.0;w_E=0.0,1.415922588345453,6.000000000000001,6.535477323931708,0.5354773239317074,8.924622065528464,True,True,True,,327.5966387468,324.69859318515,-2.898045561650008,-0.8846383689210868,1.3003837749577485,0.9397915083458096,-0.3605922666119389,-27.729680541704315,2.0,0.0,-2.0,-100.0,0.0001220699,0.0001745777,5.2507800000000006e-05,43.01453511471707,0.07168423611111063,0.0,-0.07168423611111063,-100.0,420000.0,520000.0,100000.0,23.809523809523814,88000.0,104000.0,16000.0,18.181818181818187,0.5670623064060744,4.1318768674104325,3.5648145610043582,628.6460095712283,0.0011328804365769536,0.0014128774386984312,0.0002799970021214776,24.71549451127433,54.44663874680003,51.548593185150025,-2.898045561650008,-5.322726302953518,122.06989999999999,174.5777,52.5078,43.01453511471707,0.07168423611111063,0.0,-0.07168423611111063,-100.0,420000.0,520000.0,100000.0,23.809523809523814,88000.0,104000.0,16000.0,18.181818181818187,0.5670623064060744,4.1318768674104325,3.5648145610043582,628.6460095712283,1.1328804365769536,1.4128774386984313,0.2799970021214777,24.71549451127433,1.0,0.6932193937624961,-0.3067806062375039,1.0,0.7227031945829568,-0.27729680541704316,1.0,0.0,-1.0,1.0,1.4301453511471707,0.4301453511471707,1.0,1.2380952380952381,0.23809523809523814,1.0,1.1818181818181819,0.18181818181818188,1.0,0.0,-1.0,1.0,7.286460095712283,6.286460095712283,1.0,1.2471549451127433,0.24715494511274327
ablation_vs_reference,VOPD,thermal-only,ablation,B-2-v4-ablation,thermal-only,42,ga_seed,,D:\HNOCS\out\experimental results\B-2-v4-ablation\thermal-only\seed_42\gen_60\vopd\metrics.json,D:\HNOCS\out\experimental results\B-2-v4\seed_42\gen_60\vopd\metrics.json,baseline_normalized_v2,w_T=1.0;w_sigma=1.0;w_hot=0.6;w_makespan=0.0;w_H=0.0;w_congestion=0.0;w_D=0.0;w_L=0.0;w_E=0.0,1.6134505185152117,5.0,6.741164933233553,1.741164933233553,34.823298664671064,True,True,True,,325.37271921261,324.0065017737,-1.3662174389099846,-0.4198930513339194,0.9870939912641029,0.7922476294630498,-0.19484636180105308,-19.739392958063384,0.0,0.0,0.0,,8.93329e-05,0.0001025547,1.3221800000000003e-05,14.800594181986714,0.0,0.0,0.0,,1396000.0,816000.0,-580000.0,-41.54727793696274,252000.0,328000.0,76000.0,30.15873015873016,0.35802469135802467,3.6858710562414267,3.3278463648834022,929.5019157088124,0.0007507385223064374,0.0008200789150043422,6.934039269790478e-05,9.236290750723096,52.22271921261,50.85650177370002,-1.3662174389099846,-2.6161361558899587,89.3329,102.5547,13.221800000000002,14.800594181986714,0.0,0.0,0.0,,1396000.0,816000.0,-580000.0,-41.54727793696274,252000.0,328000.0,76000.0,30.15873015873016,0.35802469135802467,3.6858710562414267,3.3278463648834022,929.5019157088124,0.7507385223064373,0.8200789150043422,0.06934039269790482,9.23629075072312,1.0,0.8108444480958455,-0.18915555190415445,1.0,0.8026060704193662,-0.19739392958063384,0.0,0.0,0.0,1.0,1.1480059418198671,0.14800594181986715,1.0,0.5845272206303725,-0.41547277936962745,1.0,1.3015873015873016,0.3015873015873016,0.0,0.0,0.0,1.0,10.295019157088124,9.295019157088124,1.0,1.092362907507231,0.09236290750723097
ablation_vs_reference,HNN,thermal-only,ablation,B-2-v4-ablation,thermal-only,42,ga_seed,,D:\HNOCS\out\experimental results\B-2-v4-ablation\thermal-only\seed_42\gen_60\hnn\metrics.json,D:\HNOCS\out\experimental results\B-2-v4\seed_42\gen_60\hnn\metrics.json,baseline_normalized_v2,w_T=1.0;w_sigma=1.0;w_hot=0.6;w_makespan=0.0;w_H=0.0;w_congestion=0.0;w_D=0.0;w_L=0.0;w_E=0.0,1.2956817603949338,6.000000000000001,10.04198474655604,4.041984746556039,67.36641244260065,True,True,True,,328.81757624162,326.54394591074,-2.273630330879996,-0.6914564473309404,2.454372247071413,1.248824923066577,-1.2055473240048358,-49.11835706434954,16.0,0.0,-16.0,-100.0,0.000203177525,0.0006324927,0.00042931517500000005,211.3005240121908,11.14198573637825,0.0,-11.14198573637825,-100.0,2195456.0,2170880.0,-24576.0,-1.1194029850746245,163840.0,425984.0,262144.0,160.0,0.3028095733610822,3.170655567117586,2.8678459937565037,947.0790378006873,0.004651317011228462,0.00652129747199375,0.0018699804607652882,40.20324687074825,55.66757624162,53.39394591074,-2.273630330879996,-4.084299127757085,203.177525,632.4927,429.315175,211.30052401219083,11.14198573637825,0.0,-11.14198573637825,-100.0,2195456.0,2170880.0,-24576.0,-1.1194029850746245,163840.0,425984.0,262144.0,160.0,0.3028095733610822,3.170655567117586,2.8678459937565037,947.0790378006873,4.651317011228462,6.52129747199375,1.8699804607652881,40.20324687074825,1.0,0.7868653310384291,-0.21313466896157085,1.0,0.5088164293565046,-0.4911835706434954,1.0,0.0,-1.0,1.0,3.113005240121908,2.113005240121908,1.0,0.9888059701492538,-0.011194029850746245,1.0,2.6,1.6,1.0,0.0,-1.0,1.0,10.470790378006873,9.470790378006873,1.0,1.4020324687074825,0.40203246870748255
ablation_vs_reference,GEMM,thermal-only,ablation,B-2-v4-ablation,thermal-only,43,ga_seed,,D:\HNOCS\out\experimental results\B-2-v4-ablation\thermal-only\seed_43\gen_60\gemm\metrics.json,D:\HNOCS\out\experimental results\B-2-v4\seed_43\gen_60\gemm\metrics.json,baseline_normalized_v2,w_T=1.0;w_sigma=1.0;w_hot=0.6;w_makespan=0.0;w_H=0.0;w_congestion=0.0;w_D=0.0;w_L=0.0;w_E=0.0,1.1612762196403508,6.000000000000001,7.271100431485007,1.2711004314850065,21.185007191416783,True,True,True,,328.08421735578,324.69716731991,-3.387050035870004,-1.032372133950299,2.1434761400252804,1.0765053074120874,-1.066970832613193,-49.77759316698571,6.0,0.0,-6.0,-100.0,0.000120405,0.0002665046,0.00014609960000000003,121.34014368174081,1.8350526805555563,0.0,-1.8350526805555563,-100.0,104448.0,136192.0,31744.0,30.3921568627451,22528.0,32768.0,10240.0,45.45454545454546,0.9202539178734378,5.414600277722674,4.494346359849237,488.3811166199612,0.0015708734939939562,0.0023161895312241733,0.0007453160372302172,47.44596175820921,54.93421735578005,51.547167319910045,-3.387050035870004,-6.165647202969804,120.405,266.50460000000004,146.09960000000004,121.34014368174081,1.8350526805555563,0.0,-1.8350526805555563,-100.0,104448.0,136192.0,31744.0,30.3921568627451,22528.0,32768.0,10240.0,45.45454545454546,0.9202539178734378,5.414600277722674,4.494346359849237,488.3811166199612,1.5708734939939561,2.316189531224173,0.745316037230217,47.44596175820919,1.0,0.6590521513102078,-0.3409478486897922,1.0,0.5022240683301429,-0.4977759316698571,1.0,0.0,-1.0,1.0,2.213401436817408,1.2134014368174082,1.0,1.303921568627451,0.303921568627451,1.0,1.4545454545454546,0.4545454545454546,1.0,0.0,-1.0,1.0,5.883811166199612,4.883811166199612,1.0,1.474459617582092,0.4744596175820921
ablation_vs_reference,MPEG4,thermal-only,ablation,B-2-v4-ablation,thermal-only,43,ga_seed,,D:\HNOCS\out\experimental results\B-2-v4-ablation\thermal-only\seed_43\gen_60\mpeg4\metrics.json,D:\HNOCS\out\experimental results\B-2-v4\seed_43\gen_60\mpeg4\metrics.json,baseline_normalized_v2,w_T=1.0;w_sigma=1.0;w_hot=0.6;w_makespan=0.0;w_H=0.0;w_congestion=0.0;w_D=0.0;w_L=0.0;w_E=0.0,1.3025656634660914,6.000000000000001,6.495826097869591,0.49582609786958987,8.263768297826491,True,True,True,,327.5966387468,324.21868705058,-3.377951696220009,-1.031131366042748,1.3003837749577485,0.8584458227077891,-0.44193795224995935,-33.985194275768215,2.0,0.0,-2.0,-100.0,0.0001220699,0.0001745317,5.246180000000001e-05,42.976851787377576,0.07168423611111063,0.0,-0.07168423611111063,-100.0,420000.0,368000.0,-52000.0,-12.380952380952381,88000.0,152000.0,64000.0,72.72727272727273,0.5670623064060744,3.6713631753515528,3.1043008689454785,547.4355875670711,0.0011328804365769536,0.0014117954601599104,0.0002789150235829568,24.619987650745422,54.44663874680003,51.068687050580024,-3.377951696220009,-6.204151025610449,122.06989999999999,174.5317,52.46180000000001,42.976851787377576,0.07168423611111063,0.0,-0.07168423611111063,-100.0,420000.0,368000.0,-52000.0,-12.380952380952381,88000.0,152000.0,64000.0,72.72727272727273,0.5670623064060744,3.6713631753515528,3.1043008689454785,547.4355875670711,1.1328804365769536,1.4117954601599103,0.2789150235829567,24.619987650745422,1.0,0.6424176062237734,-0.3575823937762266,1.0,0.6601480572423178,-0.33985194275768216,1.0,0.0,-1.0,1.0,1.4297685178737758,0.4297685178737758,1.0,0.8761904761904762,-0.12380952380952381,1.0,1.7272727272727273,0.7272727272727273,1.0,0.0,-1.0,1.0,6.474355875670711,5.474355875670711,1.0,1.2461998765074542,0.24619987650745423
ablation_vs_reference,VOPD,thermal-only,ablation,B-2-v4-ablation,thermal-only,43,ga_seed,,D:\HNOCS\out\experimental results\B-2-v4-ablation\thermal-only\seed_43\gen_60\vopd\metrics.json,D:\HNOCS\out\experimental results\B-2-v4\seed_43\gen_60\vopd\metrics.json,baseline_normalized_v2,w_T=1.0;w_sigma=1.0;w_hot=0.6;w_makespan=0.0;w_H=0.0;w_congestion=0.0;w_D=0.0;w_L=0.0;w_E=0.0,1.6527665168027232,5.0,6.19875037571431,1.1987503757143099,23.975007514286204,True,True,True,,325.37271921261,324.34184322319,-1.0308759894199966,-0.3168292633490277,0.9870939912641029,0.7852267262565681,-0.20186726500753482,-20.45066293525072,0.0,0.0,0.0,,8.93329e-05,0.0001026026,1.3269700000000006e-05,14.854213845067177,0.0,0.0,0.0,,1396000.0,834000.0,-562000.0,-40.257879656160455,252000.0,320000.0,68000.0,26.984126984126977,0.35802469135802467,2.673525377229081,2.3155006858710565,646.7432950191571,0.0007507385223064374,0.0008203910401223838,6.965251781594639e-05,9.277866493643906,52.22271921261,51.191843223190006,-1.0308759894199966,-1.9739990658530715,89.3329,102.60260000000001,13.269700000000014,14.854213845067177,0.0,0.0,0.0,,1396000.0,834000.0,-562000.0,-40.257879656160455,252000.0,320000.0,68000.0,26.984126984126977,0.35802469135802467,2.673525377229081,2.3155006858710565,646.7432950191571,0.7507385223064373,0.8203910401223837,0.06965251781594639,9.277866493643906,1.0,0.8572731461552304,-0.14272685384476957,1.0,0.7954933706474928,-0.20450662935250719,0.0,0.0,0.0,1.0,1.1485421384506718,0.14854213845067177,1.0,0.5974212034383954,-0.40257879656160456,1.0,1.2698412698412698,0.26984126984126977,0.0,0.0,0.0,1.0,7.467432950191571,6.467432950191571,1.0,1.092778664936439,0.09277866493643905
ablation_vs_reference,HNN,thermal-only,ablation,B-2-v4-ablation,thermal-only,43,ga_seed,,D:\HNOCS\out\experimental results\B-2-v4-ablation\thermal-only\seed_43\gen_60\hnn\metrics.json,D:\HNOCS\out\experimental results\B-2-v4\seed_43\gen_60\hnn\metrics.json,baseline_normalized_v2,w_T=1.0;w_sigma=1.0;w_hot=0.6;w_makespan=0.0;w_H=0.0;w_congestion=0.0;w_D=0.0;w_L=0.0;w_E=0.0,1.219926050198327,6.000000000000001,11.848388896192716,5.8483888961927155,97.47314826987858,True,True,True,,328.81757624162,326.50417936078,-2.3133968808400027,-0.703550250349172,2.454372247071413,1.0720416098889973,-1.3823306371824156,-56.32114846604175,16.0,0.0,-16.0,-100.0,0.000203177525,0.0008020569,0.000598879375,294.75670352810914,11.14198573637825,0.0,-11.14198573637825,-100.0,2195456.0,1736704.0,-458752.0,-20.895522388059707,163840.0,253952.0,90112.0,55.00000000000001,0.3028095733610822,5.59105098855359,5.288241415192508,1746.3917525773195,0.004651317011228462,0.007415882981533278,0.0027645659703048157,59.43619761093568,55.66757624162,53.354179360779995,-2.3133968808400027,-4.155734876616357,203.177525,802.0568999999999,598.879375,294.75670352810914,11.14198573637825,0.0,-11.14198573637825,-100.0,2195456.0,1736704.0,-458752.0,-20.895522388059707,163840.0,253952.0,90112.0,55.00000000000001,0.3028095733610822,5.59105098855359,5.288241415192508,1746.3917525773195,4.651317011228462,7.415882981533278,2.7645659703048153,59.43619761093566,1.0,0.7831375348587445,-0.2168624651412555,1.0,0.43678851533958246,-0.5632114846604175,1.0,0.0,-1.0,1.0,3.9475670352810917,2.9475670352810917,1.0,0.7910447761194029,-0.20895522388059706,1.0,1.55,0.55,1.0,0.0,-1.0,1.0,18.463917525773194,17.463917525773194,1.0,1.5943619761093568,0.5943619761093568
ablation_vs_reference,GEMM,thermal-only,ablation,B-2-v4-ablation,thermal-only,44,ga_seed,,D:\HNOCS\out\experimental results\B-2-v4-ablation\thermal-only\seed_44\gen_60\gemm\metrics.json,D:\HNOCS\out\experimental results\B-2-v4\seed_44\gen_60\gemm\metrics.json,baseline_normalized_v2,w_T=1.0;w_sigma=1.0;w_hot=0.6;w_makespan=0.0;w_H=0.0;w_congestion=0.0;w_D=0.0;w_L=0.0;w_E=0.0,0.9699831250617358,6.000000000000001,9.352769518166966,3.352769518166965,55.87949196944941,True,True,True,,328.08421735578,323.78022283769,-4.303994518090008,-1.3118566180288616,2.1434761400252804,0.8643194709568176,-1.2791566690684628,-59.676739347953564,6.0,0.0,-6.0,-100.0,0.000120405,0.0003562487,0.0002358437,195.8753374029318,1.8350526805555563,0.0,-1.8350526805555563,-100.0,104448.0,73728.0,-30720.0,-29.411764705882348,22528.0,32768.0,10240.0,45.45454545454546,0.9202539178734378,12.156119817496528,11.23586589962309,1220.952791549903,0.0015708734939939562,0.002795658428977837,0.001224784934983881,77.96840036239057,54.93421735578005,50.63022283769004,-4.303994518090008,-7.834815394229244,120.405,356.2487,235.84369999999998,195.87533740293173,1.8350526805555563,0.0,-1.8350526805555563,-100.0,104448.0,73728.0,-30720.0,-29.411764705882348,22528.0,32768.0,10240.0,45.45454545454546,0.9202539178734378,12.156119817496528,11.23586589962309,1220.952791549903,1.5708734939939561,2.7956584289778372,1.224784934983881,77.96840036239057,1.0,0.5667505185412715,-0.43324948145872855,1.0,0.40323260652046433,-0.5967673934795357,1.0,0.0,-1.0,1.0,2.958753374029318,1.958753374029318,1.0,0.7058823529411765,-0.2941176470588235,1.0,1.4545454545454546,0.4545454545454546,1.0,0.0,-1.0,1.0,13.209527915499029,12.209527915499029,1.0,1.7796840036239057,0.7796840036239057
ablation_vs_reference,MPEG4,thermal-only,ablation,B-2-v4-ablation,thermal-only,44,ga_seed,,D:\HNOCS\out\experimental results\B-2-v4-ablation\thermal-only\seed_44\gen_60\mpeg4\metrics.json,D:\HNOCS\out\experimental results\B-2-v4\seed_44\gen_60\mpeg4\metrics.json,baseline_normalized_v2,w_T=1.0;w_sigma=1.0;w_hot=0.6;w_makespan=0.0;w_H=0.0;w_congestion=0.0;w_D=0.0;w_L=0.0;w_E=0.0,1.394912400555177,6.000000000000001,5.574357101401374,-0.4256428985986265,-7.094048309977108,True,True,True,,327.5966387468,324.93320315096,-2.663435595839985,-0.8130228704509301,1.3003837749577485,0.8801747993408651,-0.4202089756168834,-32.31422782328522,2.0,0.0,-2.0,-100.0,0.0001220699,0.0001622037,4.0133800000000005e-05,32.877720060391624,0.07168423611111063,0.0,-0.07168423611111063,-100.0,420000.0,372000.0,-48000.0,-11.428571428571432,88000.0,96000.0,8000.0,9.090909090909083,0.5670623064060744,2.4749047449357198,1.9078424385296455,336.4431768743655,0.0011328804365769536,0.0013460967559423376,0.00021321631936538398,18.820725690137795,54.44663874680003,51.78320315096005,-2.663435595839985,-4.89182740595997,122.06989999999999,162.2037,40.13380000000001,32.877720060391646,0.07168423611111063,0.0,-0.07168423611111063,-100.0,420000.0,372000.0,-48000.0,-11.428571428571432,88000.0,96000.0,8000.0,9.090909090909083,0.5670623064060744,2.4749047449357198,1.9078424385296455,336.4431768743655,1.1328804365769536,1.3460967559423376,0.213216319365384,18.820725690137795,1.0,0.7180546787880292,-0.2819453212119708,1.0,0.6768577217671478,-0.32314227823285224,1.0,0.0,-1.0,1.0,1.3287772006039162,0.32877720060391624,1.0,0.8857142857142857,-0.11428571428571432,1.0,1.0909090909090908,0.09090909090909083,1.0,0.0,-1.0,1.0,4.364431768743655,3.364431768743655,1.0,1.188207256901378,0.18820725690137796
ablation_vs_reference,VOPD,thermal-only,ablation,B-2-v4-ablation,thermal-only,44,ga_seed,,D:\HNOCS\out\experimental results\B-2-v4-ablation\thermal-only\seed_44\gen_60\vopd\metrics.json,D:\HNOCS\out\experimental results\B-2-v4\seed_44\gen_60\vopd\metrics.json,baseline_normalized_v2,w_T=1.0;w_sigma=1.0;w_hot=0.6;w_makespan=0.0;w_H=0.0;w_congestion=0.0;w_D=0.0;w_L=0.0;w_E=0.0,1.590330947851437,5.0,8.175912877249203,3.1759128772492033,63.51825754498406,True,True,True,,325.37271921261,323.90060162287,-1.4721175897399803,-0.4524403869207161,0.9870939912641029,0.7838992999829151,-0.20319469128118783,-20.585141139494777,0.0,0.0,0.0,,8.93329e-05,0.0001085687,1.9235800000000003e-05,21.532716390042197,0.0,0.0,0.0,,1396000.0,1092000.0,-304000.0,-21.776504297994272,252000.0,328000.0,76000.0,30.15873015873016,0.35802469135802467,5.97119341563786,5.613168724279835,1567.8160919540228,0.0007507385223064374,0.000852166382040322,0.00010142785973388463,13.510410978016086,52.22271921261,50.75060162287002,-1.4721175897399803,-2.8189217488784335,89.3329,108.5687,19.235800000000012,21.532716390042197,0.0,0.0,0.0,,1396000.0,1092000.0,-304000.0,-21.776504297994272,252000.0,328000.0,76000.0,30.15873015873016,0.35802469135802467,5.97119341563786,5.613168724279835,1567.8160919540228,0.7507385223064373,0.852166382040322,0.10142785973388468,13.510410978016086,1.0,0.7961823592463847,-0.2038176407536153,1.0,0.7941485886050522,-0.20585141139494778,0.0,0.0,0.0,1.0,1.215327163900422,0.21532716390042195,1.0,0.7822349570200573,-0.2177650429799427,1.0,1.3015873015873016,0.3015873015873016,0.0,0.0,0.0,1.0,16.67816091954023,15.678160919540229,1.0,1.1351041097801609,0.13510410978016085
ablation_vs_reference,HNN,thermal-only,ablation,B-2-v4-ablation,thermal-only,44,ga_seed,,D:\HNOCS\out\experimental results\B-2-v4-ablation\thermal-only\seed_44\gen_60\hnn\metrics.json,D:\HNOCS\out\experimental results\B-2-v4\seed_44\gen_60\hnn\metrics.json,baseline_normalized_v2,w_T=1.0;w_sigma=1.0;w_hot=0.6;w_makespan=0.0;w_H=0.0;w_congestion=0.0;w_D=0.0;w_L=0.0;w_E=0.0,1.2549344711080852,6.000000000000001,10.316255624195605,4.3162556241956045,71.93759373659341,True,True,True,,328.81757624162,326.46968201227,-2.347894229349947,-0.7140415838430392,2.454372247071413,1.165902379904071,-1.2884698671673418,-52.49692130868737,16.0,0.0,-16.0,-100.0,0.000203177525,0.0006820926,0.00047891507500000003,235.71262372646777,11.14198573637825,0.0,-11.14198573637825,-100.0,2195456.0,1736704.0,-458752.0,-20.895522388059707,163840.0,294912.0,131072.0,80.0,0.3028095733610822,4.1300728407908425,3.8272632674297604,1263.9175257731956,0.004651317011228462,0.0067771242986593636,0.0021258072874309015,45.703341275151075,55.66757624162,53.31968201227005,-2.347894229349947,-4.217705148790973,203.177525,682.0926000000001,478.91507500000006,235.71262372646783,11.14198573637825,0.0,-11.14198573637825,-100.0,2195456.0,1736704.0,-458752.0,-20.895522388059707,163840.0,294912.0,131072.0,80.0,0.3028095733610822,4.1300728407908425,3.8272632674297604,1263.9175257731956,4.651317011228462,6.777124298659364,2.1258072874309013,45.703341275151075,1.0,0.779903684194959,-0.22009631580504097,1.0,0.4750307869131262,-0.5249692130868737,1.0,0.0,-1.0,1.0,3.3571262372646777,2.3571262372646777,1.0,0.7910447761194029,-0.20895522388059706,1.0,1.8,0.8,1.0,0.0,-1.0,1.0,13.639175257731956,12.639175257731956,1.0,1.4570334127515108,0.45703341275151077
ablation_vs_reference,GEMM,thermal-only,ablation,B-2-v4-ablation,thermal-only,45,ga_seed,,D:\HNOCS\out\experimental results\B-2-v4-ablation\thermal-only\seed_45\gen_60\gemm\metrics.json,D:\HNOCS\out\experimental results\B-2-v4\seed_45\gen_60\gemm\metrics.json,baseline_normalized_v2,w_T=1.0;w_sigma=1.0;w_hot=0.6;w_makespan=0.0;w_H=0.0;w_congestion=0.0;w_D=0.0;w_L=0.0;w_E=0.0,1.1488032440919005,6.000000000000001,9.674114451310825,3.6741144513108237,61.23524085518039,True,True,True,,328.08421735578,324.58728574666,-3.496931609120054,-1.0658640142167886,2.1434761400252804,1.0734785978380412,-1.0699975421872392,-49.91879882435358,6.0,0.0,-6.0,-100.0,0.000120405,0.0003562948,0.0002358898,195.9136248494664,1.8350526805555563,0.0,-1.8350526805555563,-100.0,104448.0,110592.0,6144.0,5.882352941176472,22528.0,32768.0,10240.0,45.45454545454546,0.9202539178734378,12.156119817496528,11.23586589962309,1220.952791549903,0.0015708734939939562,0.0027984511095497915,0.0012275776155558353,78.1461791957996,54.93421735578005,51.437285746659995,-3.496931609120054,-6.36567111982731,120.405,356.2948,235.8898,195.9136248494664,1.8350526805555563,0.0,-1.8350526805555563,-100.0,104448.0,110592.0,6144.0,5.882352941176472,22528.0,32768.0,10240.0,45.45454545454546,0.9202539178734378,12.156119817496528,11.23586589962309,1220.952791549903,1.5708734939939561,2.7984511095497915,1.2275776155558353,78.1461791957996,1.0,0.6479912323354364,-0.35200876766456357,1.0,0.5008120117564642,-0.49918798824353583,1.0,0.0,-1.0,1.0,2.959136248494664,1.959136248494664,1.0,1.0588235294117647,0.05882352941176472,1.0,1.4545454545454546,0.4545454545454546,1.0,0.0,-1.0,1.0,13.209527915499029,12.209527915499029,1.0,1.781461791957996,0.781461791957996
ablation_vs_reference,MPEG4,thermal-only,ablation,B-2-v4-ablation,thermal-only,45,ga_seed,,D:\HNOCS\out\experimental results\B-2-v4-ablation\thermal-only\seed_45\gen_60\mpeg4\metrics.json,D:\HNOCS\out\experimental results\B-2-v4\seed_45\gen_60\mpeg4\metrics.json,baseline_normalized_v2,w_T=1.0;w_sigma=1.0;w_hot=0.6;w_makespan=0.0;w_H=0.0;w_congestion=0.0;w_D=0.0;w_L=0.0;w_E=0.0,1.3027244663454698,6.000000000000001,6.558903998449435,0.5589039984494342,9.315066640823911,True,True,True,,327.5966387468,324.21869297871,-3.377945768090001,-1.031129556460686,1.3003837749577485,0.8586515113545972,-0.4417322636031513,-33.96937674168565,2.0,0.0,-2.0,-100.0,0.0001220699,0.0001744817,5.241180000000001e-05,42.935891648965075,0.07168423611111063,0.0,-0.07168423611111063,-100.0,420000.0,368000.0,-52000.0,-12.380952380952381,88000.0,160000.0,72000.0,81.81818181818181,0.5670623064060744,3.6713631753515528,3.1043008689454785,547.4355875670711,0.0011328804365769536,0.0014112839776143943,0.00027840354103744074,24.574838795755795,54.44663874680003,51.06869297871003,-3.377945768090001,-6.204140137647219,122.06989999999999,174.48170000000002,52.41180000000003,42.9358916489651,0.07168423611111063,0.0,-0.07168423611111063,-100.0,420000.0,368000.0,-52000.0,-12.380952380952381,88000.0,160000.0,72000.0,81.81818181818181,0.5670623064060744,3.6713631753515528,3.1043008689454785,547.4355875670711,1.1328804365769536,1.4112839776143944,0.2784035410374408,24.574838795755795,1.0,0.6424182337623262,-0.3575817662376738,1.0,0.6603062325831435,-0.33969376741685653,1.0,0.0,-1.0,1.0,1.4293589164896507,0.42935891648965074,1.0,0.8761904761904762,-0.12380952380952381,1.0,1.8181818181818181,0.8181818181818181,1.0,0.0,-1.0,1.0,6.474355875670711,5.474355875670711,1.0,1.245748387957558,0.24574838795755793
ablation_vs_reference,VOPD,thermal-only,ablation,B-2-v4-ablation,thermal-only,45,ga_seed,,D:\HNOCS\out\experimental results\B-2-v4-ablation\thermal-only\seed_45\gen_60\vopd\metrics.json,D:\HNOCS\out\experimental results\B-2-v4\seed_45\gen_60\vopd\metrics.json,baseline_normalized_v2,w_T=1.0;w_sigma=1.0;w_hot=0.6;w_makespan=0.0;w_H=0.0;w_congestion=0.0;w_D=0.0;w_L=0.0;w_E=0.0,1.703822947068032,5.0,5.5895184803023374,0.5895184803023374,11.790369606046758,True,True,True,,325.37271921261,324.56991054493,-0.802808667679983,-0.246735088799932,0.9870939912641029,0.8044553674722267,-0.18263862379187623,-18.502657842946,0.0,0.0,0.0,,8.93329e-05,9.05028e-05,1.169899999999997e-06,1.3095959047562555,0.0,0.0,0.0,,1396000.0,1112000.0,-284000.0,-20.343839541547283,252000.0,356000.0,104000.0,41.26984126984128,0.35802469135802467,1.5377229080932784,1.1796982167352537,329.5019157088123,0.0007507385223064374,0.0007559381676971803,5.199645390742912e-06,0.6926040473810291,52.22271921261,51.41991054493002,-0.802808667679983,-1.537278563399913,89.3329,90.5028,1.1698999999999984,1.3095959047562555,0.0,0.0,0.0,,1396000.0,1112000.0,-284000.0,-20.343839541547283,252000.0,356000.0,104000.0,41.26984126984128,0.35802469135802467,1.5377229080932784,1.1796982167352537,329.5019157088123,0.7507385223064373,0.7559381676971803,0.005199645390742913,0.6926040473810291,1.0,0.888849525497492,-0.11115047450250803,1.0,0.81497342157054,-0.18502657842946002,0.0,0.0,0.0,1.0,1.0130959590475626,0.013095959047562555,1.0,0.7965616045845272,-0.20343839541547282,1.0,1.4126984126984128,0.4126984126984128,0.0,0.0,0.0,1.0,4.295019157088123,3.295019157088123,1.0,1.0069260404738103,0.006926040473810291
ablation_vs_reference,HNN,thermal-only,ablation,B-2-v4-ablation,thermal-only,45,ga_seed,,D:\HNOCS\out\experimental results\B-2-v4-ablation\thermal-only\seed_45\gen_60\hnn\metrics.json,D:\HNOCS\out\experimental results\B-2-v4\seed_45\gen_60\hnn\metrics.json,baseline_normalized_v2,w_T=1.0;w_sigma=1.0;w_hot=0.6;w_makespan=0.0;w_H=0.0;w_congestion=0.0;w_D=0.0;w_L=0.0;w_E=0.0,1.340403416294608,6.000000000000001,9.203354581478825,3.2033545814788242,53.38924302464707,True,True,True,,328.81757624162,326.74751825689,-2.070057984729999,-0.6295460262163433,2.454372247071413,1.3117510409183235,-1.1426212061530894,-46.554519491347705,16.0,0.0,-16.0,-100.0,0.000203177525,0.0005826688,0.000379491275,186.77817588338078,11.14198573637825,0.0,-11.14198573637825,-100.0,2195456.0,1974272.0,-221184.0,-10.074626865671643,163840.0,401408.0,237568.0,145.00000000000003,0.3028095733610822,2.5359001040582725,2.2330905306971904,737.4570446735394,0.004651317011228462,0.006251346552537172,0.0016000295413087099,34.39949453985132,55.66757624162,53.59751825689,-2.070057984729999,-3.718606277638359,203.177525,582.6688,379.49127500000003,186.7781758833808,11.14198573637825,0.0,-11.14198573637825,-100.0,2195456.0,1974272.0,-221184.0,-10.074626865671643,163840.0,401408.0,237568.0,145.00000000000003,0.3028095733610822,2.5359001040582725,2.2330905306971904,737.4570446735394,4.651317011228462,6.251346552537172,1.60002954130871,34.39949453985132,1.0,0.8059486112080848,-0.1940513887919152,1.0,0.534454805086523,-0.465545194913477,1.0,0.0,-1.0,1.0,2.8677817588338077,1.8677817588338077,1.0,0.8992537313432836,-0.10074626865671643,1.0,2.45,1.4500000000000002,1.0,0.0,-1.0,1.0,8.374570446735394,7.374570446735394,1.0,1.3439949453985132,0.34399494539851316
ablation_vs_reference,GEMM,thermal-only,ablation,B-2-v4-ablation,thermal-only,46,ga_seed,,D:\HNOCS\out\experimental results\B-2-v4-ablation\thermal-only\seed_46\gen_60\gemm\metrics.json,D:\HNOCS\out\experimental results\B-2-v4\seed_46\gen_60\gemm\metrics.json,baseline_normalized_v2,w_T=1.0;w_sigma=1.0;w_hot=0.6;w_makespan=0.0;w_H=0.0;w_congestion=0.0;w_D=0.0;w_L=0.0;w_E=0.0,0.9709550333700012,6.000000000000001,9.210502658949185,3.210502658949184,53.50837764915306,True,True,True,,328.08421735578,323.78335536014,-4.300861995640048,-1.31090182584922,2.1434761400252804,0.8657268382973574,-1.2777493017279231,-59.61108117176677,6.0,0.0,-6.0,-100.0,0.000120405,0.0003561507,0.00023574569999999998,195.7939454341597,1.8350526805555563,0.0,-1.8350526805555563,-100.0,104448.0,40960.0,-63488.0,-60.7843137254902,22528.0,32768.0,10240.0,45.45454545454546,0.9202539178734378,12.079944455465185,11.159690537591747,1212.6751455054969,0.0015708734939939562,0.002794978002819327,0.0012241045088253707,77.92508521568323,54.93421735578005,50.63335536014,-4.300861995640048,-7.829113078622063,120.405,356.1507,235.74569999999997,195.7939454341597,1.8350526805555563,0.0,-1.8350526805555563,-100.0,104448.0,40960.0,-63488.0,-60.7843137254902,22528.0,32768.0,10240.0,45.45454545454546,0.9202539178734378,12.079944455465185,11.159690537591747,1212.6751455054969,1.5708734939939561,2.794978002819327,1.2241045088253708,77.92508521568323,1.0,0.5670658450876689,-0.4329341549123311,1.0,0.40388918828233233,-0.5961108117176677,1.0,0.0,-1.0,1.0,2.957939454341597,1.9579394543415969,1.0,0.39215686274509803,-0.607843137254902,1.0,1.4545454545454546,0.4545454545454546,1.0,0.0,-1.0,1.0,13.126751455054968,12.126751455054968,1.0,1.7792508521568322,0.7792508521568322
ablation_vs_reference,MPEG4,thermal-only,ablation,B-2-v4-ablation,thermal-only,46,ga_seed,,D:\HNOCS\out\experimental results\B-2-v4-ablation\thermal-only\seed_46\gen_60\mpeg4\metrics.json,D:\HNOCS\out\experimental results\B-2-v4\seed_46\gen_60\mpeg4\metrics.json,baseline_normalized_v2,w_T=1.0;w_sigma=1.0;w_hot=0.6;w_makespan=0.0;w_H=0.0;w_congestion=0.0;w_D=0.0;w_L=0.0;w_E=0.0,1.3963465314582084,6.000000000000001,6.375000176109017,0.37500017610901626,6.250002935150278,True,True,True,,327.5966387468,324.9492620909,-2.6473766559000182,-0.8081208238361004,1.3003837749577485,0.8798291151000888,-0.4205546598576597,-32.34081107104895,2.0,0.0,-2.0,-100.0,0.0001220699,0.0001623157,4.024580000000001e-05,32.969470770435635,0.07168423611111063,0.0,-0.07168423611111063,-100.0,420000.0,392000.0,-28000.0,-6.666666666666665,88000.0,120000.0,32000.0,36.36363636363635,0.5670623064060744,4.141525725720238,3.574463419314164,630.3475612703631,0.0011328804365769536,0.0013468726805609531,0.00021399224398399954,18.88921699721342,54.44663874680003,51.799262090900015,-2.6473766559000182,-4.862332582570328,122.06989999999999,162.3157,40.2458,32.969470770435635,0.07168423611111063,0.0,-0.07168423611111063,-100.0,420000.0,392000.0,-28000.0,-6.666666666666665,88000.0,120000.0,32000.0,36.36363636363635,0.5670623064060744,4.141525725720238,3.574463419314164,630.3475612703631,1.1328804365769536,1.3468726805609532,0.21399224398399963,18.88921699721342,1.0,0.7197546421686979,-0.2802453578313021,1.0,0.6765918892895105,-0.32340811071048947,1.0,0.0,-1.0,1.0,1.3296947077043564,0.3296947077043564,1.0,0.9333333333333333,-0.06666666666666665,1.0,1.3636363636363635,0.36363636363636354,1.0,0.0,-1.0,1.0,7.3034756127036315,6.3034756127036315,1.0,1.1888921699721342,0.1888921699721342
ablation_vs_reference,VOPD,thermal-only,ablation,B-2-v4-ablation,thermal-only,46,ga_seed,,D:\HNOCS\out\experimental results\B-2-v4-ablation\thermal-only\seed_46\gen_60\vopd\metrics.json,D:\HNOCS\out\experimental results\B-2-v4\seed_46\gen_60\vopd\metrics.json,baseline_normalized_v2,w_T=1.0;w_sigma=1.0;w_hot=0.6;w_makespan=0.0;w_H=0.0;w_congestion=0.0;w_D=0.0;w_L=0.0;w_E=0.0,1.607831519403817,5.0,6.85736046255488,1.8573604625548796,37.1472092510976,True,True,True,,325.37271921261,324.00602322578,-1.3666959868299955,-0.4200401281758803,0.9870939912641029,0.7867665500256608,-0.20032744123844215,-20.294667277013478,0.0,0.0,0.0,,8.93329e-05,0.0001026507,1.3317799999999996e-05,14.90805738983061,0.0,0.0,0.0,,1396000.0,952000.0,-444000.0,-31.805157593123212,252000.0,414000.0,162000.0,64.28571428571428,0.35802469135802467,3.403292181069959,3.0452674897119345,850.5747126436783,0.0007507385223064374,0.000820862694737127,7.01241724306896e-05,9.340691911646193,52.22271921261,50.85602322578001,-1.3666959868299955,-2.6170525155265856,89.3329,102.6507,13.317800000000005,14.908057389830631,0.0,0.0,0.0,,1396000.0,952000.0,-444000.0,-31.805157593123212,252000.0,414000.0,162000.0,64.28571428571428,0.35802469135802467,3.403292181069959,3.0452674897119345,850.5747126436783,0.7507385223064373,0.820862694737127,0.07012417243068969,9.340691911646214,1.0,0.8107781921739519,-0.18922180782604814,1.0,0.7970533272298652,-0.20294667277013478,0.0,0.0,0.0,1.0,1.149080573898306,0.1490805738983061,1.0,0.6819484240687679,-0.3180515759312321,1.0,1.6428571428571428,0.6428571428571428,0.0,0.0,0.0,1.0,9.505747126436782,8.505747126436782,1.0,1.093406919116462,0.09340691911646193
ablation_vs_reference,HNN,thermal-only,ablation,B-2-v4-ablation,thermal-only,46,ga_seed,,D:\HNOCS\out\experimental results\B-2-v4-ablation\thermal-only\seed_46\gen_60\hnn\metrics.json,D:\HNOCS\out\experimental results\B-2-v4\seed_46\gen_60\hnn\metrics.json,baseline_normalized_v2,w_T=1.0;w_sigma=1.0;w_hot=0.6;w_makespan=0.0;w_H=0.0;w_congestion=0.0;w_D=0.0;w_L=0.0;w_E=0.0,1.2739974829839977,6.000000000000001,8.795747140814411,2.7957471408144103,46.59578568024016,True,True,True,,328.81757624162,326.2599297721,-2.557646469519966,-0.7778314343028225,2.454372247071413,1.2609494367188678,-1.193422810352545,-48.624360537671166,16.0,0.0,-16.0,-100.0,0.000203177525,0.0005325066,0.000329329075,162.08932311780052,11.14198573637825,0.0,-11.14198573637825,-100.0,2195456.0,1490944.0,-704512.0,-32.08955223880597,163840.0,360448.0,196608.0,120.00000000000001,0.3028095733610822,2.9105098855359,2.607700312174818,861.1683848797251,0.004651317011228462,0.005978795626574505,0.0013274786153460432,28.539843922516095,55.66757624162,53.10992977210003,-2.557646469519966,-4.594499423540077,203.177525,532.5065999999999,329.32907499999993,162.08932311780052,11.14198573637825,0.0,-11.14198573637825,-100.0,2195456.0,1490944.0,-704512.0,-32.08955223880597,163840.0,360448.0,196608.0,120.00000000000001,0.3028095733610822,2.9105098855359,2.607700312174818,861.1683848797251,4.651317011228462,5.978795626574505,1.3274786153460427,28.539843922516074,1.0,0.7602410883607092,-0.23975891163929075,1.0,0.5137563946232884,-0.48624360537671163,1.0,0.0,-1.0,1.0,2.6208932311780053,1.6208932311780053,1.0,0.6791044776119403,-0.32089552238805974,1.0,2.2,1.2000000000000002,1.0,0.0,-1.0,1.0,9.61168384879725,8.61168384879725,1.0,1.285398439225161,0.28539843922516095
ablation_vs_reference,GEMM,thermal-only,ablation,B-2-v4-ablation,thermal-only,47,ga_seed,,D:\HNOCS\out\experimental results\B-2-v4-ablation\thermal-only\seed_47\gen_60\gemm\metrics.json,D:\HNOCS\out\experimental results\B-2-v4\seed_47\gen_60\gemm\metrics.json,baseline_normalized_v2,w_T=1.0;w_sigma=1.0;w_hot=0.6;w_makespan=0.0;w_H=0.0;w_congestion=0.0;w_D=0.0;w_L=0.0;w_E=0.0,0.9709516406357334,6.000000000000001,9.338369661538357,3.338369661538356,55.6394943589726,True,True,True,,328.08421735578,323.78366950586,-4.300547849920008,-1.3108060743002525,2.1434761400252804,0.8656517837771353,-1.277824356248145,-59.614582704572314,6.0,0.0,-6.0,-100.0,0.000120405,0.0003562007,0.0002357957,195.83547194883937,1.8350526805555563,0.0,-1.8350526805555563,-100.0,104448.0,40960.0,-63488.0,-60.7843137254902,22528.0,36864.0,14336.0,63.63636363636365,0.9202539178734378,12.079944455465185,11.159690537591747,1212.6751455054969,0.0015708734939939562,0.0027952901349884724,0.0012244166409945162,77.94495519059457,54.93421735578005,50.63366950586004,-4.300547849920008,-7.828541220615959,120.405,356.2007,235.79569999999998,195.8354719488393,1.8350526805555563,0.0,-1.8350526805555563,-100.0,104448.0,40960.0,-63488.0,-60.7843137254902,22528.0,36864.0,14336.0,63.63636363636365,0.9202539178734378,12.079944455465185,11.159690537591747,1212.6751455054969,1.5708734939939561,2.7952901349884725,1.2244166409945163,77.94495519059457,1.0,0.5670974676814565,-0.4329025323185435,1.0,0.40385417295427684,-0.5961458270457232,1.0,0.0,-1.0,1.0,2.9583547194883937,1.9583547194883937,1.0,0.39215686274509803,-0.607843137254902,1.0,1.6363636363636365,0.6363636363636365,1.0,0.0,-1.0,1.0,13.126751455054968,12.126751455054968,1.0,1.7794495519059457,0.7794495519059457
ablation_vs_reference,MPEG4,thermal-only,ablation,B-2-v4-ablation,thermal-only,47,ga_seed,,D:\HNOCS\out\experimental results\B-2-v4-ablation\thermal-only\seed_47\gen_60\mpeg4\metrics.json,D:\HNOCS\out\experimental results\B-2-v4\seed_47\gen_60\mpeg4\metrics.json,baseline_normalized_v2,w_T=1.0;w_sigma=1.0;w_hot=0.6;w_makespan=0.0;w_H=0.0;w_congestion=0.0;w_D=0.0;w_L=0.0;w_E=0.0,1.4169731565169426,6.000000000000001,5.152655994629328,-0.8473440053706724,-14.1224000895112,True,True,True,,327.5966387468,324.93455361426,-2.662085132540028,-0.812610636886768,1.3003837749577485,0.9086763494708686,-0.39170742548687987,-30.122447928851393,2.0,0.0,-2.0,-100.0,0.0001220699,0.0001425776,2.0507700000000007e-05,16.79996461044042,0.07168423611111063,0.0,-0.07168423611111063,-100.0,420000.0,328000.0,-92000.0,-21.904761904761905,88000.0,96000.0,8000.0,9.090909090909083,0.5670623064060744,2.01439105287684,1.4473287464707658,255.23275487020837,0.0011328804365769536,0.0012407316443431233,0.00010785120776616967,9.520087405873712,54.44663874680003,51.784553614260005,-2.662085132540028,-4.889347063130655,122.06989999999999,142.5776,20.5077,16.79996461044042,0.07168423611111063,0.0,-0.07168423611111063,-100.0,420000.0,328000.0,-92000.0,-21.904761904761905,88000.0,96000.0,8000.0,9.090909090909083,0.5670623064060744,2.01439105287684,1.4473287464707658,255.23275487020837,1.1328804365769536,1.2407316443431233,0.10785120776616974,9.520087405873712,1.0,0.7181976358054566,-0.2818023641945434,1.0,0.6987755207114861,-0.3012244792885139,1.0,0.0,-1.0,1.0,1.1679996461044042,0.1679996461044042,1.0,0.780952380952381,-0.21904761904761905,1.0,1.0909090909090908,0.09090909090909083,1.0,0.0,-1.0,1.0,3.552327548702084,2.552327548702084,1.0,1.0952008740587371,0.09520087405873712
ablation_vs_reference,VOPD,thermal-only,ablation,B-2-v4-ablation,thermal-only,47,ga_seed,,D:\HNOCS\out\experimental results\B-2-v4-ablation\thermal-only\seed_47\gen_60\vopd\metrics.json,D:\HNOCS\out\experimental results\B-2-v4\seed_47\gen_60\vopd\metrics.json,baseline_normalized_v2,w_T=1.0;w_sigma=1.0;w_hot=0.6;w_makespan=0.0;w_H=0.0;w_congestion=0.0;w_D=0.0;w_L=0.0;w_E=0.0,1.702803359861764,5.0,5.811723310627577,0.8117233106275767,16.234466212551535,True,True,True,,325.37271921261,324.5699431185,-0.8027760941099586,-0.24672507764407214,0.9870939912641029,0.8034444873955766,-0.1836495038685263,-18.60506755120038,0.0,0.0,0.0,,8.93329e-05,9.05028e-05,1.169899999999997e-06,1.3095959047562555,0.0,0.0,0.0,,1396000.0,1090000.0,-306000.0,-21.91977077363897,252000.0,336000.0,84000.0,33.33333333333333,0.35802469135802467,2.0480109739368997,1.689986282578875,472.03065134099614,0.0007507385223064374,0.000755977546561856,5.239024255418619e-06,0.6978493975936084,52.22271921261,51.41994311850004,-0.8027760941099586,-1.5372161890721991,89.3329,90.5028,1.1698999999999984,1.3095959047562555,0.0,0.0,0.0,,1396000.0,1090000.0,-306000.0,-21.91977077363897,252000.0,336000.0,84000.0,33.33333333333333,0.35802469135802467,2.0480109739368997,1.689986282578875,472.03065134099614,0.7507385223064373,0.755977546561856,0.005239024255418667,0.6978493975936084,1.0,0.8888540353737678,-0.11114596462623216,1.0,0.8139493244879962,-0.18605067551200383,0.0,0.0,0.0,1.0,1.0130959590475626,0.013095959047562555,1.0,0.7808022922636103,-0.2191977077363897,1.0,1.3333333333333333,0.33333333333333326,0.0,0.0,0.0,1.0,5.7203065134099615,4.7203065134099615,1.0,1.006978493975936,0.006978493975936084
ablation_vs_reference,HNN,thermal-only,ablation,B-2-v4-ablation,thermal-only,47,ga_seed,,D:\HNOCS\out\experimental results\B-2-v4-ablation\thermal-only\seed_47\gen_60\hnn\metrics.json,D:\HNOCS\out\experimental results\B-2-v4\seed_47\gen_60\hnn\metrics.json,baseline_normalized_v2,w_T=1.0;w_sigma=1.0;w_hot=0.6;w_makespan=0.0;w_H=0.0;w_congestion=0.0;w_D=0.0;w_L=0.0;w_E=0.0,1.258538117607029,6.000000000000001,11.18792295508632,5.187922955086319,86.46538258477196,True,True,True,,328.81757624162,326.13952285599,-2.678053385629994,-0.8144495851590716,2.454372247071413,1.2507093551935338,-1.2036628918778791,-49.041578485663884,16.0,0.0,-16.0,-100.0,0.000203177525,0.0007118548,0.000508677275,250.3609958827877,11.14198573637825,0.0,-11.14198573637825,-100.0,2195456.0,1662976.0,-532480.0,-24.25373134328358,163840.0,417792.0,253952.0,154.99999999999997,0.3028095733610822,4.377731529656607,4.074921956295525,1345.7044673539517,0.004651317011228462,0.0069365916434536105,0.0022852746322251484,49.131775510213686,55.66757624162,52.98952285599,-2.678053385629994,-4.810795738629158,203.177525,711.8548,508.67727499999995,250.3609958827877,11.14198573637825,0.0,-11.14198573637825,-100.0,2195456.0,1662976.0,-532480.0,-24.25373134328358,163840.0,417792.0,253952.0,154.99999999999997,0.3028095733610822,4.377731529656607,4.074921956295525,1345.7044673539517,4.651317011228462,6.93659164345361,2.285274632225148,49.13177551021366,1.0,0.7489539024636678,-0.2510460975363322,1.0,0.5095842151433612,-0.49041578485663884,1.0,0.0,-1.0,1.0,3.503609958827877,2.503609958827877,1.0,0.7574626865671642,-0.2425373134328358,1.0,2.55,1.5499999999999998,1.0,0.0,-1.0,1.0,14.457044673539517,13.457044673539517,1.0,1.4913177551021368,0.4913177551021368
ablation_vs_reference,GEMM,thermal-only,ablation,B-2-v4-ablation,thermal-only,48,ga_seed,,D:\HNOCS\out\experimental results\B-2-v4-ablation\thermal-only\seed_48\gen_60\gemm\metrics.json,D:\HNOCS\out\experimental results\B-2-v4\seed_48\gen_60\gemm\metrics.json,baseline_normalized_v2,w_T=1.0;w_sigma=1.0;w_hot=0.6;w_makespan=0.0;w_H=0.0;w_congestion=0.0;w_D=0.0;w_L=0.0;w_E=0.0,1.160495769029584,6.000000000000001,7.413866161611383,1.4138661616113817,23.564436026856363,True,True,True,,328.08421735578,324.69772823116,-3.3864891246200273,-1.032201168320046,2.1434761400252804,1.074711404019456,-1.0687647360058243,-49.86128448312092,6.0,0.0,-6.0,-100.0,0.000120405,0.0002665527,0.0001461477,121.38009218886259,1.8350526805555563,0.0,-1.8350526805555563,-100.0,104448.0,140288.0,35840.0,34.31372549019607,22528.0,36864.0,14336.0,63.63636363636365,0.9202539178734378,5.414600277722674,4.494346359849237,488.3811166199612,0.0015708734939939562,0.0023165282017131353,0.0007456547077191792,47.46752113203891,54.93421735578005,51.54772823116002,-3.3864891246200273,-6.164626143096785,120.405,266.5527,146.14770000000001,121.38009218886259,1.8350526805555563,0.0,-1.8350526805555563,-100.0,104448.0,140288.0,35840.0,34.31372549019607,22528.0,36864.0,14336.0,63.63636363636365,0.9202539178734378,5.414600277722674,4.494346359849237,488.3811166199612,1.5708734939939561,2.3165282017131354,0.7456547077191793,47.46752113203891,1.0,0.6591086138607931,-0.3408913861392069,1.0,0.5013871551687908,-0.49861284483120916,1.0,0.0,-1.0,1.0,2.213800921888626,1.2138009218886259,1.0,1.3431372549019607,0.3431372549019607,1.0,1.6363636363636365,0.6363636363636365,1.0,0.0,-1.0,1.0,5.883811166199612,4.883811166199612,1.0,1.4746752113203891,0.47467521132038915
ablation_vs_reference,MPEG4,thermal-only,ablation,B-2-v4-ablation,thermal-only,48,ga_seed,,D:\HNOCS\out\experimental results\B-2-v4-ablation\thermal-only\seed_48\gen_60\mpeg4\metrics.json,D:\HNOCS\out\experimental results\B-2-v4\seed_48\gen_60\mpeg4\metrics.json,baseline_normalized_v2,w_T=1.0;w_sigma=1.0;w_hot=0.6;w_makespan=0.0;w_H=0.0;w_congestion=0.0;w_D=0.0;w_L=0.0;w_E=0.0,1.4072406307707404,6.000000000000001,5.360684538778443,-0.6393154612215577,-10.655257687025966,True,True,True,,327.5966387468,324.9465432331,-2.6500955137000233,-0.8089507645248739,1.3003837749577485,0.8943698913929423,-0.40601388356480617,-31.22261992064598,2.0,0.0,-2.0,-100.0,0.0001220699,0.0001521256,3.0055700000000018e-05,24.621712641691374,0.07168423611111063,0.0,-0.07168423611111063,-100.0,420000.0,320000.0,-100000.0,-23.809523809523814,88000.0,92000.0,4000.0,4.545454545454541,0.5670623064060744,2.413502919327869,1.846440612921795,325.6151206071446,0.0011328804365769536,0.0012918757389324912,0.00015899530235553763,14.034605702606061,54.44663874680003,51.79654323310001,-2.6500955137000233,-4.867326201758926,122.06989999999999,152.12560000000002,30.05570000000003,24.621712641691396,0.07168423611111063,0.0,-0.07168423611111063,-100.0,420000.0,320000.0,-100000.0,-23.809523809523814,88000.0,92000.0,4000.0,4.545454545454541,0.5670623064060744,2.413502919327869,1.846440612921795,325.6151206071446,1.1328804365769536,1.2918757389324913,0.15899530235553772,14.034605702606084,1.0,0.7194668299772001,-0.28053317002279987,1.0,0.6877738007935402,-0.3122261992064598,1.0,0.0,-1.0,1.0,1.2462171264169137,0.24621712641691373,1.0,0.7619047619047619,-0.23809523809523814,1.0,1.0454545454545454,0.045454545454545414,1.0,0.0,-1.0,1.0,4.256151206071446,3.256151206071446,1.0,1.1403460570260606,0.14034605702606062
ablation_vs_reference,VOPD,thermal-only,ablation,B-2-v4-ablation,thermal-only,48,ga_seed,,D:\HNOCS\out\experimental results\B-2-v4-ablation\thermal-only\seed_48\gen_60\vopd\metrics.json,D:\HNOCS\out\experimental results\B-2-v4\seed_48\gen_60\vopd\metrics.json,baseline_normalized_v2,w_T=1.0;w_sigma=1.0;w_hot=0.6;w_makespan=0.0;w_H=0.0;w_congestion=0.0;w_D=0.0;w_L=0.0;w_E=0.0,1.6112448228718745,5.0,7.243911486004786,2.2439114860047864,44.87822972009572,True,True,True,,325.37271921261,324.00244408848,-1.3702751241299893,-0.421140139666909,0.9870939912641029,0.7906249446987074,-0.19646904656539554,-19.903783054518577,0.0,0.0,0.0,,8.93329e-05,0.0001026026,1.3269700000000006e-05,14.854213845067177,0.0,0.0,0.0,,1396000.0,760000.0,-636000.0,-45.55873925501432,252000.0,400000.0,148000.0,58.73015873015872,0.35802469135802467,4.2592592592592595,3.901234567901235,1089.6551724137933,0.0007507385223064374,0.0008201512025954255,6.941268028898815e-05,9.245919614693122,52.22271921261,50.85244408848001,-1.3702751241299893,-2.6239061174721745,89.3329,102.60260000000001,13.269700000000014,14.854213845067177,0.0,0.0,0.0,,1396000.0,760000.0,-636000.0,-45.55873925501432,252000.0,400000.0,148000.0,58.73015873015872,0.35802469135802467,4.2592592592592595,3.901234567901235,1089.6551724137933,0.7507385223064373,0.8201512025954255,0.06941268028898817,9.245919614693122,1.0,0.8102826534170603,-0.1897173465829397,1.0,0.8009621694548142,-0.19903783054518576,0.0,0.0,0.0,1.0,1.1485421384506718,0.14854213845067177,1.0,0.5444126074498568,-0.45558739255014324,1.0,1.5873015873015872,0.5873015873015872,0.0,0.0,0.0,1.0,11.896551724137932,10.896551724137932,1.0,1.0924591961469312,0.09245919614693121
ablation_vs_reference,HNN,thermal-only,ablation,B-2-v4-ablation,thermal-only,48,ga_seed,,D:\HNOCS\out\experimental results\B-2-v4-ablation\thermal-only\seed_48\gen_60\hnn\metrics.json,D:\HNOCS\out\experimental results\B-2-v4\seed_48\gen_60\hnn\metrics.json,baseline_normalized_v2,w_T=1.0;w_sigma=1.0;w_hot=0.6;w_makespan=0.0;w_H=0.0;w_congestion=0.0;w_D=0.0;w_L=0.0;w_E=0.0,1.2956259885473704,6.000000000000001,10.913982586229139,4.913982586229138,81.89970977048561,True,True,True,,328.81757624162,326.24135910267,-2.5762171389499713,-0.7834791462172142,2.454372247071413,1.3183065388929074,-1.1360657081785055,-46.28742480013263,16.0,0.0,-16.0,-100.0,0.000203177525,0.0007019467,0.000498769175,245.48442304334594,11.14198573637825,0.0,-11.14198573637825,-100.0,2195456.0,2097152.0,-98304.0,-4.477611940298509,163840.0,393216.0,229376.0,140.0,0.3028095733610822,4.042663891779396,3.739854318418314,1235.0515463917525,0.004651317011228462,0.00688721324892931,0.002235896237700848,48.07017522786141,55.66757624162,53.091359102670026,-2.5762171389499713,-4.6278593624556885,203.177525,701.9467,498.76917499999996,245.48442304334594,11.14198573637825,0.0,-11.14198573637825,-100.0,2195456.0,2097152.0,-98304.0,-4.477611940298509,163840.0,393216.0,229376.0,140.0,0.3028095733610822,4.042663891779396,3.739854318418314,1235.0515463917525,4.651317011228462,6.88721324892931,2.2358962377008478,48.07017522786141,1.0,0.7585002365486968,-0.2414997634513032,1.0,0.5371257519986737,-0.46287424800132626,1.0,0.0,-1.0,1.0,3.4548442304334595,2.4548442304334595,1.0,0.9552238805970149,-0.04477611940298509,1.0,2.4,1.4,1.0,0.0,-1.0,1.0,13.350515463917525,12.350515463917525,1.0,1.4807017522786141,0.4807017522786141
ablation_vs_reference,GEMM,thermal-only,ablation,B-2-v4-ablation,thermal-only,49,ga_seed,,D:\HNOCS\out\experimental results\B-2-v4-ablation\thermal-only\seed_49\gen_60\gemm\metrics.json,D:\HNOCS\out\experimental results\B-2-v4\seed_49\gen_60\gemm\metrics.json,baseline_normalized_v2,w_T=1.0;w_sigma=1.0;w_hot=0.6;w_makespan=0.0;w_H=0.0;w_congestion=0.0;w_D=0.0;w_L=0.0;w_E=0.0,1.1612819813754007,6.000000000000001,7.398371554062128,1.3983715540621269,23.306192567702123,True,True,True,,328.08421735578,324.69719205852,-3.3870252972600383,-1.0323645936272219,2.1434761400252804,1.076512319778375,-1.0669638202469054,-49.777266017727705,6.0,0.0,-6.0,-100.0,0.000120405,0.0002665046,0.00014609960000000003,121.34014368174081,1.8350526805555563,0.0,-1.8350526805555563,-100.0,104448.0,136192.0,31744.0,30.3921568627451,22528.0,36864.0,14336.0,63.63636363636365,0.9202539178734378,5.414600277722674,4.494346359849237,488.3811166199612,0.0015708734939939562,0.0023161663877628432,0.0007452928937688871,47.444488472077715,54.93421735578005,51.54719205852001,-3.3870252972600383,-6.1656021698171415,120.405,266.50460000000004,146.09960000000004,121.34014368174081,1.8350526805555563,0.0,-1.8350526805555563,-100.0,104448.0,136192.0,31744.0,30.3921568627451,22528.0,36864.0,14336.0,63.63636363636365,0.9202539178734378,5.414600277722674,4.494346359849237,488.3811166199612,1.5708734939939561,2.316166387762843,0.745292893768887,47.444488472077715,1.0,0.6590546415526778,-0.3409453584473222,1.0,0.5022273398227229,-0.49777266017727706,1.0,0.0,-1.0,1.0,2.213401436817408,1.2134014368174082,1.0,1.303921568627451,0.303921568627451,1.0,1.6363636363636365,0.6363636363636365,1.0,0.0,-1.0,1.0,5.883811166199612,4.883811166199612,1.0,1.4744448847207772,0.47444488472077717
ablation_vs_reference,MPEG4,thermal-only,ablation,B-2-v4-ablation,thermal-only,49,ga_seed,,D:\HNOCS\out\experimental results\B-2-v4-ablation\thermal-only\seed_49\gen_60\mpeg4\metrics.json,D:\HNOCS\out\experimental results\B-2-v4\seed_49\gen_60\mpeg4\metrics.json,baseline_normalized_v2,w_T=1.0;w_sigma=1.0;w_hot=0.6;w_makespan=0.0;w_H=0.0;w_congestion=0.0;w_D=0.0;w_L=0.0;w_E=0.0,1.4238870126745138,6.000000000000001,4.901863087806651,-1.0981369121933495,-18.302281869889157,True,True,True,,327.5966387468,324.93321920745,-2.663419539350002,-0.8130179691521744,1.3003837749577485,0.9178507045589972,-0.3825330703987513,-29.416936581754904,2.0,0.0,-2.0,-100.0,0.0001220699,0.0001420607,1.9990800000000005e-05,16.376518699531985,0.07168423611111063,0.0,-0.07168423611111063,-100.0,420000.0,392000.0,-28000.0,-6.666666666666665,88000.0,56000.0,-32000.0,-36.36363636363637,0.5670623064060744,2.03193443162194,1.4648721252158659,258.32648523227147,0.0011328804365769536,0.001237143958042283,0.00010426352146532952,9.203400297066322,54.44663874680003,51.78321920745003,-2.663419539350002,-4.89179791563632,122.06989999999999,142.0607,19.990800000000007,16.376518699532006,0.07168423611111063,0.0,-0.07168423611111063,-100.0,420000.0,392000.0,-28000.0,-6.666666666666665,88000.0,56000.0,-32000.0,-36.36363636363637,0.5670623064060744,2.03193443162194,1.4648721252158659,258.32648523227147,1.1328804365769536,1.2371439580422832,0.10426352146532958,9.203400297066322,1.0,0.7180563784920628,-0.28194362150793717,1.0,0.705830634182451,-0.29416936581754904,1.0,0.0,-1.0,1.0,1.1637651869953198,0.16376518699531983,1.0,0.9333333333333333,-0.06666666666666665,1.0,0.6363636363636364,-0.36363636363636365,1.0,0.0,-1.0,1.0,3.583264852322715,2.583264852322715,1.0,1.0920340029706632,0.09203400297066322
ablation_vs_reference,VOPD,thermal-only,ablation,B-2-v4-ablation,thermal-only,49,ga_seed,,D:\HNOCS\out\experimental results\B-2-v4-ablation\thermal-only\seed_49\gen_60\vopd\metrics.json,D:\HNOCS\out\experimental results\B-2-v4\seed_49\gen_60\vopd\metrics.json,baseline_normalized_v2,w_T=1.0;w_sigma=1.0;w_hot=0.6;w_makespan=0.0;w_H=0.0;w_congestion=0.0;w_D=0.0;w_L=0.0;w_E=0.0,1.6072452178463656,5.0,8.134053097325747,3.134053097325747,62.68106194651495,True,True,True,,325.37271921261,323.91098556824,-1.4617336443699855,-0.44924898679500336,0.9870939912641029,0.7991761508291173,-0.1879178404349856,-19.037481951879,0.0,0.0,0.0,,8.93329e-05,0.0001084747,1.91418e-05,21.42749199902836,0.0,0.0,0.0,,1396000.0,752000.0,-644000.0,-46.13180515759312,252000.0,422000.0,170000.0,67.46031746031747,0.35802469135802467,5.576131687242798,5.2181069958847734,1457.471264367816,0.0007507385223064374,0.0008513982117801489,0.00010065968947371154,13.408089032711734,52.22271921261,50.76098556824002,-1.4617336443699855,-2.7990377874023586,89.3329,108.4747,19.141800000000003,21.42749199902836,0.0,0.0,0.0,,1396000.0,752000.0,-644000.0,-46.13180515759312,252000.0,422000.0,170000.0,67.46031746031747,0.35802469135802467,5.576131687242798,5.2181069958847734,1457.471264367816,0.7507385223064373,0.851398211780149,0.10065968947371162,13.408089032711734,1.0,0.7976200373651555,-0.20237996263484448,1.0,0.80962518048121,-0.19037481951878998,0.0,0.0,0.0,1.0,1.2142749199902836,0.21427491999028359,1.0,0.5386819484240688,-0.4613180515759312,1.0,1.6746031746031746,0.6746031746031746,0.0,0.0,0.0,1.0,15.574712643678161,14.574712643678161,1.0,1.1340808903271173,0.13408089032711734
ablation_vs_reference,HNN,thermal-only,ablation,B-2-v4-ablation,thermal-only,49,ga_seed,,D:\HNOCS\out\experimental results\B-2-v4-ablation\thermal-only\seed_49\gen_60\hnn\metrics.json,D:\HNOCS\out\experimental results\B-2-v4\seed_49\gen_60\hnn\metrics.json,baseline_normalized_v2,w_T=1.0;w_sigma=1.0;w_hot=0.6;w_makespan=0.0;w_H=0.0;w_congestion=0.0;w_D=0.0;w_L=0.0;w_E=0.0,1.405499531832461,6.000000000000001,8.800756419554643,2.8007564195546424,46.679273659244025,True,True,True,,328.81757624162,326.65039613289,-2.1671801087299514,-0.6590828061871834,2.454372247071413,1.493866782850833,-0.9605054642205799,-39.13446566089015,16.0,0.0,-16.0,-100.0,0.000203177525,0.0005324109,0.000329233375,162.04222145141296,11.14198573637825,0.0,-11.14198573637825,-100.0,2195456.0,2416640.0,221184.0,10.074626865671643,163840.0,344064.0,180224.0,110.00000000000001,0.3028095733610822,2.5691987513007284,2.2663891779396463,748.4536082474227,0.004651317011228462,0.005986659019715333,0.0013353420084868707,28.70890126953942,55.66757624162,53.500396132890046,-2.1671801087299514,-3.893074308325384,203.177525,532.4109,329.23337499999997,162.04222145141296,11.14198573637825,0.0,-11.14198573637825,-100.0,2195456.0,2416640.0,221184.0,10.074626865671643,163840.0,344064.0,180224.0,110.00000000000001,0.3028095733610822,2.5691987513007284,2.2663891779396463,748.4536082474227,4.651317011228462,5.986659019715333,1.3353420084868706,28.7089012695394,1.0,0.7968441884413624,-0.2031558115586376,1.0,0.6086553433910985,-0.3913446566089015,1.0,0.0,-1.0,1.0,2.6204222145141296,1.6204222145141296,1.0,1.1007462686567164,0.10074626865671643,1.0,2.1,1.1,1.0,0.0,-1.0,1.0,8.484536082474227,7.484536082474227,1.0,1.2870890126953942,0.2870890126953942
ablation_vs_reference,GEMM,comm-only,ablation,B-2-v4-ablation,comm-only,40,ga_seed,,D:\HNOCS\out\experimental results\B-2-v4-ablation\comm-only\seed_40\gen_60\gemm\metrics.json,D:\HNOCS\out\experimental results\B-2-v4\seed_40\gen_60\gemm\metrics.json,baseline_normalized_v2,w_T=0.0;w_sigma=0.0;w_hot=0.0;w_makespan=0.0;w_H=0.4;w_congestion=0.7;w_D=0.0;w_L=0.0;w_E=0.0,0.10285204991087343,6.000000000000001,7.000328538708645,1.0003285387086445,16.672142311810735,True,True,True,,328.08421735578,325.74690244938,-2.3373149064000245,-0.7124130886995372,2.1434761400252804,0.9990364161323386,-1.1444397238929418,-53.3917640846445,6.0,0.0,-6.0,-100.0,0.000120405,0.0002959466,0.0001755416,145.79261658568998,1.8350526805555563,0.0,-1.8350526805555563,-100.0,104448.0,10240.0,-94208.0,-90.19607843137256,22528.0,2048.0,-20480.0,-90.9090909090909,0.9202539178734378,8.88057925014878,7.960325332275343,865.0140116404398,0.0015708734939939562,0.0024729756439633333,0.0009021021499693771,57.426785378864366,54.93421735578005,52.596902449380025,-2.3373149064000245,-4.254752354552471,120.405,295.9466,175.5416,145.79261658568993,1.8350526805555563,0.0,-1.8350526805555563,-100.0,104448.0,10240.0,-94208.0,-90.19607843137256,22528.0,2048.0,-20480.0,-90.9090909090909,0.9202539178734378,8.88057925014878,7.960325332275343,865.0140116404398,1.5708734939939561,2.4729756439633332,0.9021021499693771,57.426785378864366,1.0,0.7647207804407361,-0.2352792195592639,1.0,0.46608235915355506,-0.533917640846445,1.0,0.0,-1.0,1.0,2.4579261658569,1.4579261658568998,1.0,0.09803921568627451,-0.9019607843137255,1.0,0.09090909090909091,-0.9090909090909091,1.0,0.0,-1.0,1.0,9.650140116404398,8.650140116404398,1.0,1.5742678537886436,0.5742678537886436
ablation_vs_reference,MPEG4,comm-only,ablation,B-2-v4-ablation,comm-only,40,ga_seed,,D:\HNOCS\out\experimental results\B-2-v4-ablation\comm-only\seed_40\gen_60\mpeg4\metrics.json,D:\HNOCS\out\experimental results\B-2-v4\seed_40\gen_60\mpeg4\metrics.json,baseline_normalized_v2,w_T=0.0;w_sigma=0.0;w_hot=0.0;w_makespan=0.0;w_H=0.4;w_congestion=0.7;w_D=0.0;w_L=0.0;w_E=0.0,0.23393939393939395,6.000000000000001,4.936178365351768,-1.0638216346482325,-17.730360577470538,True,True,True,,327.5966387468,325.87974015748,-1.7168985893200102,-0.5240891957524085,1.3003837749577485,1.1174079759557989,-0.1829757990019496,-14.070907567875091,2.0,0.0,-2.0,-100.0,0.0001220699,0.0001407022,1.86323e-05,15.26363173886438,0.07168423611111063,0.0,-0.07168423611111063,-100.0,420000.0,112000.0,-308000.0,-73.33333333333334,88000.0,16000.0,-72000.0,-81.81818181818181,0.5670623064060744,3.114360900194622,2.5472985937885477,449.2096485715668,0.0011328804365769536,0.0012305623832690627,9.76819466921091e-05,8.622440951249821,54.44663874680003,52.72974015748002,-1.7168985893200102,-3.1533601133842515,122.06989999999999,140.7022,18.632300000000015,15.26363173886438,0.07168423611111063,0.0,-0.07168423611111063,-100.0,420000.0,112000.0,-308000.0,-73.33333333333334,88000.0,16000.0,-72000.0,-81.81818181818181,0.5670623064060744,3.114360900194622,2.5472985937885477,449.2096485715668,1.1328804365769536,1.2305623832690626,0.09768194669210906,8.622440951249821,1.0,0.8182529643253698,-0.18174703567463024,1.0,0.8592909243212491,-0.1407090756787509,1.0,0.0,-1.0,1.0,1.1526363173886438,0.1526363173886438,1.0,0.26666666666666666,-0.7333333333333334,1.0,0.18181818181818182,-0.8181818181818181,1.0,0.0,-1.0,1.0,5.492096485715668,4.492096485715668,1.0,1.0862244095124982,0.08622440951249821
ablation_vs_reference,VOPD,comm-only,ablation,B-2-v4-ablation,comm-only,40,ga_seed,,D:\HNOCS\out\experimental results\B-2-v4-ablation\comm-only\seed_40\gen_60\vopd\metrics.json,D:\HNOCS\out\experimental results\B-2-v4\seed_40\gen_60\vopd\metrics.json,baseline_normalized_v2,w_T=0.0;w_sigma=0.0;w_hot=0.0;w_makespan=0.0;w_H=0.4;w_congestion=0.7;w_D=0.0;w_L=0.0;w_E=0.0,0.26201846545686086,5.0,6.025908085670989,1.0259080856709888,20.51816171341978,True,True,True,,325.37271921261,325.56688096908,0.19416175647000955,0.05967364348795634,0.9870939912641029,1.0515860456902824,0.06449205442617945,6.533527201760081,0.0,0.0,0.0,,8.93329e-05,9.90121e-05,9.6792e-06,10.834977930863099,0.0,0.0,0.0,,1396000.0,294000.0,-1102000.0,-78.93982808022922,252000.0,64000.0,-188000.0,-74.60317460317461,0.35802469135802467,3.2386831275720165,2.880658436213992,804.5977011494253,0.0007507385223064374,0.0007994721505502477,4.8733628243810296e-05,6.491425016274599,52.22271921261,52.41688096908001,0.19416175647000955,0.3717955698161468,89.3329,99.0121,9.679200000000009,10.834977930863099,0.0,0.0,0.0,,1396000.0,294000.0,-1102000.0,-78.93982808022922,252000.0,64000.0,-188000.0,-74.60317460317461,0.35802469135802467,3.2386831275720165,2.880658436213992,804.5977011494253,0.7507385223064373,0.7994721505502477,0.048733628243810334,6.491425016274599,1.0,1.026882085645947,0.026882085645947074,1.0,1.0653352720176008,0.06533527201760081,0.0,0.0,0.0,1.0,1.108349779308631,0.10834977930863099,1.0,0.21060171919770773,-0.7893982808022922,1.0,0.25396825396825395,-0.746031746031746,0.0,0.0,0.0,1.0,9.045977011494253,8.045977011494253,1.0,1.064914250162746,0.06491425016274599
ablation_vs_reference,HNN,comm-only,ablation,B-2-v4-ablation,comm-only,40,ga_seed,,D:\HNOCS\out\experimental results\B-2-v4-ablation\comm-only\seed_40\gen_60\hnn\metrics.json,D:\HNOCS\out\experimental results\B-2-v4\seed_40\gen_60\hnn\metrics.json,baseline_normalized_v2,w_T=0.0;w_sigma=0.0;w_hot=0.0;w_makespan=0.0;w_H=0.4;w_congestion=0.7;w_D=0.0;w_L=0.0;w_E=0.0,0.5566417910447762,6.000000000000001,6.617329352542236,0.6173293525422352,10.288822542370578,True,True,True,,328.81757624162,331.14797342591,2.330397184290007,0.7087203825678623,2.454372247071413,1.5134930316296153,-0.9408792154417975,-38.33482131997158,16.0,11.0,-5.0,-31.25,0.000203177525,0.00037568673,0.00017250920499999996,84.90565331967694,11.14198573637825,8.226661771179337,-2.9153239651989136,-26.165209991971793,2195456.0,942080.0,-1253376.0,-57.089552238805965,163840.0,90112.0,-73728.0,-44.99999999999999,0.3028095733610822,1.077003121748179,0.7741935483870968,255.67010309278348,0.004651317011228462,0.005465599460510899,0.0008142824492824371,17.506492189561087,55.66757624162,57.997973425910004,2.330397184290007,4.186273844895161,203.177525,375.68672999999995,172.50920499999995,84.90565331967694,11.14198573637825,8.226661771179337,-2.9153239651989136,-26.165209991971793,2195456.0,942080.0,-1253376.0,-57.089552238805965,163840.0,90112.0,-73728.0,-44.99999999999999,0.3028095733610822,1.077003121748179,0.7741935483870968,255.67010309278348,4.651317011228462,5.465599460510899,0.8142824492824365,17.506492189561087,1.0,1.2184561076955667,0.21845610769556667,1.0,0.6166517868002842,-0.3833482131997158,1.0,0.6875,-0.3125,1.0,1.8490565331967694,0.8490565331967694,1.0,0.4291044776119403,-0.5708955223880596,1.0,0.55,-0.44999999999999996,1.0,0.7383479000802821,-0.26165209991971794,1.0,3.556701030927835,2.556701030927835,1.0,1.1750649218956108,0.17506492189561085
ablation_vs_reference,GEMM,comm-only,ablation,B-2-v4-ablation,comm-only,41,ga_seed,,D:\HNOCS\out\experimental results\B-2-v4-ablation\comm-only\seed_41\gen_60\gemm\metrics.json,D:\HNOCS\out\experimental results\B-2-v4\seed_41\gen_60\gemm\metrics.json,baseline_normalized_v2,w_T=0.0;w_sigma=0.0;w_hot=0.0;w_makespan=0.0;w_H=0.4;w_congestion=0.7;w_D=0.0;w_L=0.0;w_E=0.0,0.11461675579322637,6.000000000000001,6.934558829910377,0.934558829910376,15.575980498506258,True,True,True,,328.08421735578,325.15436030194,-2.92985705384001,-0.8930198098078046,2.1434761400252804,0.962309555356945,-1.1811665846683355,-55.105189304995235,6.0,0.0,-6.0,-100.0,0.000120405,0.0002958947,0.00017548970000000002,145.74951206345253,1.8350526805555563,0.0,-1.8350526805555563,-100.0,104448.0,13312.0,-91136.0,-87.25490196078431,22528.0,2048.0,-20480.0,-90.9090909090909,0.9202539178734378,8.88057925014878,7.960325332275343,865.0140116404398,0.0015708734939939562,0.0024722331786075206,0.0009013596846135644,57.379520888206706,54.93421735578005,52.00436030194004,-2.92985705384001,-5.333391818190226,120.405,295.8947,175.4897,145.74951206345253,1.8350526805555563,0.0,-1.8350526805555563,-100.0,104448.0,13312.0,-91136.0,-87.25490196078431,22528.0,2048.0,-20480.0,-90.9090909090909,0.9202539178734378,8.88057925014878,7.960325332275343,865.0140116404398,1.5708734939939561,2.4722331786075205,0.9013596846135643,57.379520888206685,1.0,0.705074194683759,-0.294925805316241,1.0,0.44894810695004767,-0.5510518930499524,1.0,0.0,-1.0,1.0,2.4574951206345252,1.4574951206345252,1.0,0.12745098039215685,-0.8725490196078431,1.0,0.09090909090909091,-0.9090909090909091,1.0,0.0,-1.0,1.0,9.650140116404398,8.650140116404398,1.0,1.573795208882067,0.573795208882067
ablation_vs_reference,MPEG4,comm-only,ablation,B-2-v4-ablation,comm-only,41,ga_seed,,D:\HNOCS\out\experimental results\B-2-v4-ablation\comm-only\seed_41\gen_60\mpeg4\metrics.json,D:\HNOCS\out\experimental results\B-2-v4\seed_41\gen_60\mpeg4\metrics.json,baseline_normalized_v2,w_T=0.0;w_sigma=0.0;w_hot=0.0;w_makespan=0.0;w_H=0.4;w_congestion=0.7;w_D=0.0;w_L=0.0;w_E=0.0,0.3813852813852814,6.000000000000001,4.68710517371262,-1.3128948262873807,-21.881580438123006,True,True,True,,327.5966387468,325.66743044457,-1.9292083022299948,-0.5888974653738943,1.3003837749577485,1.119607358476017,-0.1807764164817316,-13.901774227197293,2.0,0.0,-2.0,-100.0,0.0001220699,0.0001420702,2.0000299999999992e-05,16.38430112583036,0.07168423611111063,0.0,-0.07168423611111063,-100.0,420000.0,200000.0,-220000.0,-52.38095238095239,88000.0,24000.0,-64000.0,-72.72727272727273,0.5670623064060744,2.001233518818015,1.4341712124119406,252.91245709866098,0.0011328804365769536,0.001238289914928443,0.00010540947835148938,9.304554562702894,54.44663874680003,52.51743044457004,-1.9292083022299948,-3.5433010129452325,122.06989999999999,142.0702,20.00030000000001,16.38430112583038,0.07168423611111063,0.0,-0.07168423611111063,-100.0,420000.0,200000.0,-220000.0,-52.38095238095239,88000.0,24000.0,-64000.0,-72.72727272727273,0.5670623064060744,2.001233518818015,1.4341712124119406,252.91245709866098,1.1328804365769536,1.238289914928443,0.1054094783514894,9.304554562702894,1.0,0.7957783340785105,-0.2042216659214895,1.0,0.8609822577280271,-0.13901774227197294,1.0,0.0,-1.0,1.0,1.1638430112583036,0.16384301125830358,1.0,0.47619047619047616,-0.5238095238095238,1.0,0.2727272727272727,-0.7272727272727273,1.0,0.0,-1.0,1.0,3.52912457098661,2.52912457098661,1.0,1.093045545627029,0.09304554562702894
ablation_vs_reference,VOPD,comm-only,ablation,B-2-v4-ablation,comm-only,41,ga_seed,,D:\HNOCS\out\experimental results\B-2-v4-ablation\comm-only\seed_41\gen_60\vopd\metrics.json,D:\HNOCS\out\experimental results\B-2-v4\seed_41\gen_60\vopd\metrics.json,baseline_normalized_v2,w_T=0.0;w_sigma=0.0;w_hot=0.0;w_makespan=0.0;w_H=0.4;w_congestion=0.7;w_D=0.0;w_L=0.0;w_E=0.0,0.23164597262018463,5.0,7.201189310584391,2.2011893105843914,44.023786211687835,True,True,True,,325.37271921261,325.77018609585,0.39746688324004253,0.12215740895606952,0.9870939912641029,1.1316498679796623,0.14455587671555936,14.64459088950958,0.0,0.0,0.0,,8.93329e-05,0.0001044441,1.5111199999999999e-05,16.915604441364817,0.0,0.0,0.0,,1396000.0,188000.0,-1208000.0,-86.53295128939828,252000.0,64000.0,-188000.0,-74.60317460317461,0.35802469135802467,5.035665294924554,4.677640603566529,1306.513409961686,0.0007507385223064374,0.0008288953071313088,7.815678482487145e-05,10.410653310390439,52.22271921261,52.620186095850045,0.39746688324004253,0.7610995544331312,89.3329,104.44409999999999,15.111199999999997,16.915604441364817,0.0,0.0,0.0,,1396000.0,188000.0,-1208000.0,-86.53295128939828,252000.0,64000.0,-188000.0,-74.60317460317461,0.35802469135802467,5.035665294924554,4.677640603566529,1306.513409961686,0.7507385223064373,0.8288953071313089,0.07815678482487154,10.410653310390462,1.0,1.0550300892974094,0.05503008929740938,1.0,1.1464459088950958,0.1464459088950958,0.0,0.0,0.0,1.0,1.1691560444136482,0.16915604441364818,1.0,0.1346704871060172,-0.8653295128939829,1.0,0.25396825396825395,-0.746031746031746,0.0,0.0,0.0,1.0,14.06513409961686,13.06513409961686,1.0,1.1041065331039044,0.10410653310390439
ablation_vs_reference,HNN,comm-only,ablation,B-2-v4-ablation,comm-only,41,ga_seed,,D:\HNOCS\out\experimental results\B-2-v4-ablation\comm-only\seed_41\gen_60\hnn\metrics.json,D:\HNOCS\out\experimental results\B-2-v4\seed_41\gen_60\hnn\metrics.json,baseline_normalized_v2,w_T=0.0;w_sigma=0.0;w_hot=0.0;w_makespan=0.0;w_H=0.4;w_congestion=0.7;w_D=0.0;w_L=0.0;w_E=0.0,0.4053731343283582,6.000000000000001,5.696038738258417,-0.3039612617415841,-5.066021029026402,True,True,True,,328.81757624162,329.9841643636,1.1665881219799985,0.3547827750919108,2.454372247071413,1.7372410545178771,-0.7171311925535357,-29.21851782708289,16.0,12.0,-4.0,-25.0,0.000203177525,0.000285864629,8.268710400000001e-05,40.69697374254362,11.14198573637825,4.659534204842031,-6.48245153153622,-58.18039696794091,2195456.0,688128.0,-1507328.0,-68.65671641791045,163840.0,65536.0,-98304.0,-60.0,0.3028095733610822,0.9791883454734651,0.6763787721123828,223.3676975945017,0.004651317011228462,0.004847741931496301,0.0001964249202678391,4.222995762139226,55.66757624162,56.834164363599996,1.1665881219799985,2.095633043042011,203.177525,285.86462900000004,82.68710400000003,40.69697374254364,11.14198573637825,4.659534204842031,-6.48245153153622,-58.18039696794091,2195456.0,688128.0,-1507328.0,-68.65671641791045,163840.0,65536.0,-98304.0,-60.0,0.3028095733610822,0.9791883454734651,0.6763787721123828,223.3676975945017,4.651317011228462,4.8477419314963015,0.1964249202678392,4.222995762139226,1.0,1.1093583111624274,0.10935831116242745,1.0,0.7078148217291711,-0.2921851782708289,1.0,0.75,-0.25,1.0,1.4069697374254362,0.4069697374254362,1.0,0.31343283582089554,-0.6865671641791045,1.0,0.4,-0.6,1.0,0.418196030320591,-0.5818039696794091,1.0,3.233676975945017,2.233676975945017,1.0,1.0422299576213923,0.042229957621392256
ablation_vs_reference,GEMM,comm-only,ablation,B-2-v4-ablation,comm-only,42,ga_seed,,D:\HNOCS\out\experimental results\B-2-v4-ablation\comm-only\seed_42\gen_60\gemm\metrics.json,D:\HNOCS\out\experimental results\B-2-v4\seed_42\gen_60\gemm\metrics.json,baseline_normalized_v2,w_T=0.0;w_sigma=0.0;w_hot=0.0;w_makespan=0.0;w_H=0.4;w_congestion=0.7;w_D=0.0;w_L=0.0;w_E=0.0,0.10285204991087343,6.000000000000001,7.000325294225184,1.000325294225183,16.672088237086392,True,True,True,,328.08421735578,325.74690214121,-2.337315214570026,-0.7124131826296898,2.1434761400252804,0.999028245689237,-1.1444478943360434,-53.392145261880344,6.0,0.0,-6.0,-100.0,0.000120405,0.0002959466,0.0001755416,145.79261658568998,1.8350526805555563,0.0,-1.8350526805555563,-100.0,104448.0,10240.0,-94208.0,-90.19607843137256,22528.0,2048.0,-20480.0,-90.9090909090909,0.9202539178734378,8.88057925014878,7.960325332275343,865.0140116404398,0.0015708734939939562,0.0024729775237018535,0.0009021040297078973,57.426905040856724,54.93421735578005,52.59690214121002,-2.337315214570026,-4.2547529155325226,120.405,295.9466,175.5416,145.79261658568993,1.8350526805555563,0.0,-1.8350526805555563,-100.0,104448.0,10240.0,-94208.0,-90.19607843137256,22528.0,2048.0,-20480.0,-90.9090909090909,0.9202539178734378,8.88057925014878,7.960325332275343,865.0140116404398,1.5708734939939561,2.4729775237018536,0.9021040297078975,57.426905040856724,1.0,0.7647207494196712,-0.23527925058032884,1.0,0.4660785473811966,-0.5339214526188034,1.0,0.0,-1.0,1.0,2.4579261658569,1.4579261658568998,1.0,0.09803921568627451,-0.9019607843137255,1.0,0.09090909090909091,-0.9090909090909091,1.0,0.0,-1.0,1.0,9.650140116404398,8.650140116404398,1.0,1.5742690504085672,0.5742690504085672
ablation_vs_reference,MPEG4,comm-only,ablation,B-2-v4-ablation,comm-only,42,ga_seed,,D:\HNOCS\out\experimental results\B-2-v4-ablation\comm-only\seed_42\gen_60\mpeg4\metrics.json,D:\HNOCS\out\experimental results\B-2-v4\seed_42\gen_60\mpeg4\metrics.json,baseline_normalized_v2,w_T=0.0;w_sigma=0.0;w_hot=0.0;w_makespan=0.0;w_H=0.4;w_congestion=0.7;w_D=0.0;w_L=0.0;w_E=0.0,0.1806060606060606,6.000000000000001,5.950142909624479,-0.04985709037552155,-0.8309515062586925,True,True,True,,327.5966387468,326.2837206152,-1.3129181315999858,-0.4007727724626431,1.3003837749577485,1.1670455846080297,-0.13333819034971883,-10.253756846055017,2.0,0.0,-2.0,-100.0,0.0001220699,0.0001403787,1.8308800000000003e-05,14.998619643335509,0.07168423611111063,0.0,-0.07168423611111063,-100.0,420000.0,56000.0,-364000.0,-86.66666666666667,88000.0,16000.0,-72000.0,-81.81818181818181,0.5670623064060744,5.921301499410652,5.354239193004577,944.2065065016677,0.0011328804365769536,0.0012295390162869184,9.665857970996483e-05,8.532107766113683,54.44663874680003,53.13372061520005,-1.3129181315999858,-2.411385095240892,122.06989999999999,140.3787,18.30880000000002,14.998619643335509,0.07168423611111063,0.0,-0.07168423611111063,-100.0,420000.0,56000.0,-364000.0,-86.66666666666667,88000.0,16000.0,-72000.0,-81.81818181818181,0.5670623064060744,5.921301499410652,5.354239193004577,944.2065065016677,1.1328804365769536,1.2295390162869184,0.09665857970996483,8.532107766113683,1.0,0.8610174299250382,-0.13898257007496184,1.0,0.8974624315394498,-0.10253756846055018,1.0,0.0,-1.0,1.0,1.149986196433355,0.1499861964333551,1.0,0.13333333333333333,-0.8666666666666667,1.0,0.18181818181818182,-0.8181818181818181,1.0,0.0,-1.0,1.0,10.442065065016678,9.442065065016678,1.0,1.0853210776611368,0.08532107766113683
ablation_vs_reference,VOPD,comm-only,ablation,B-2-v4-ablation,comm-only,42,ga_seed,,D:\HNOCS\out\experimental results\B-2-v4-ablation\comm-only\seed_42\gen_60\vopd\metrics.json,D:\HNOCS\out\experimental results\B-2-v4\seed_42\gen_60\vopd\metrics.json,baseline_normalized_v2,w_T=0.0;w_sigma=0.0;w_hot=0.0;w_makespan=0.0;w_H=0.4;w_congestion=0.7;w_D=0.0;w_L=0.0;w_E=0.0,0.3667621776504298,5.0,5.871158963805466,0.871158963805466,17.423179276109323,True,True,True,,325.37271921261,325.78239211616,0.4096729035500175,0.12590880530531923,0.9870939912641029,1.1505190317672904,0.1634250405031875,16.556178231203745,0.0,0.0,0.0,,8.93329e-05,0.0001004084,1.1075500000000006e-05,12.398007900784602,0.0,0.0,0.0,,1396000.0,582000.0,-814000.0,-58.309455587392556,252000.0,72000.0,-180000.0,-71.42857142857143,0.35802469135802467,2.4979423868312756,2.139917695473251,597.7011494252873,0.0007507385223064374,0.0008076994155577091,5.6960893251271666e-05,7.5873145654328455,52.22271921261,52.63239211616002,0.4096729035500175,0.7844725623768367,89.3329,100.4084,11.075500000000005,12.398007900784602,0.0,0.0,0.0,,1396000.0,582000.0,-814000.0,-58.309455587392556,252000.0,72000.0,-180000.0,-71.42857142857143,0.35802469135802467,2.4979423868312756,2.139917695473251,597.7011494252873,0.7507385223064373,0.8076994155577091,0.05696089325127174,7.587314565432868,1.0,1.0567200373558447,0.056720037355844743,1.0,1.1655617823120374,0.16556178231203744,0.0,0.0,0.0,1.0,1.123980079007846,0.12398007900784602,1.0,0.4169054441260745,-0.5830945558739256,1.0,0.2857142857142857,-0.7142857142857143,0.0,0.0,0.0,1.0,6.977011494252873,5.977011494252873,1.0,1.0758731456543285,0.07587314565432846
ablation_vs_reference,HNN,comm-only,ablation,B-2-v4-ablation,comm-only,42,ga_seed,,D:\HNOCS\out\experimental results\B-2-v4-ablation\comm-only\seed_42\gen_60\hnn\metrics.json,D:\HNOCS\out\experimental results\B-2-v4\seed_42\gen_60\hnn\metrics.json,baseline_normalized_v2,w_T=0.0;w_sigma=0.0;w_hot=0.0;w_makespan=0.0;w_H=0.4;w_congestion=0.7;w_D=0.0;w_L=0.0;w_E=0.0,0.6684328358208955,6.000000000000001,6.105024122391296,0.10502412239129555,1.7504020398549258,True,True,True,,328.81757624162,332.00236126525,3.1847850236300133,0.9685568089248919,2.454372247071413,2.125246422130124,-0.32912582494128895,-13.409776179387867,16.0,11.0,-5.0,-31.25,0.000203177525,0.000256583186,5.340566100000001e-05,26.285220769373986,11.14198573637825,10.531094397415712,-0.6108913389625386,-5.4827869413617725,2195456.0,1171456.0,-1024000.0,-46.64179104477611,163840.0,106496.0,-57344.0,-35.0,0.3028095733610822,0.6524453694068678,0.3496357960457856,115.46391752577318,0.004651317011228462,0.004978970422652898,0.000327653411424436,7.044314774363203,55.66757624162,58.85236126525001,3.1847850236300133,5.721077220618964,203.177525,256.583186,53.40566100000001,26.285220769373986,11.14198573637825,10.531094397415712,-0.6108913389625386,-5.4827869413617725,2195456.0,1171456.0,-1024000.0,-46.64179104477611,163840.0,106496.0,-57344.0,-35.0,0.3028095733610822,0.6524453694068678,0.3496357960457856,115.46391752577318,4.651317011228462,4.978970422652898,0.3276534114244356,7.044314774363203,1.0,1.2985481379738764,0.29854813797387636,1.0,0.8659022382061213,-0.13409776179387867,1.0,0.6875,-0.3125,1.0,1.2628522076937398,0.26285220769373985,1.0,0.5335820895522388,-0.46641791044776115,1.0,0.65,-0.35,1.0,0.9451721305863823,-0.054827869413617725,1.0,2.154639175257732,1.1546391752577319,1.0,1.070443147743632,0.07044314774363203
ablation_vs_reference,GEMM,comm-only,ablation,B-2-v4-ablation,comm-only,43,ga_seed,,D:\HNOCS\out\experimental results\B-2-v4-ablation\comm-only\seed_43\gen_60\gemm\metrics.json,D:\HNOCS\out\experimental results\B-2-v4\seed_43\gen_60\gemm\metrics.json,baseline_normalized_v2,w_T=0.0;w_sigma=0.0;w_hot=0.0;w_makespan=0.0;w_H=0.4;w_congestion=0.7;w_D=0.0;w_L=0.0;w_E=0.0,0.10285204991087343,6.000000000000001,6.998579499272475,0.9985794992724744,16.64299165454124,True,True,True,,328.08421735578,325.74690241114,-2.3373149446400134,-0.7124131003550804,2.1434761400252804,0.9991392000047308,-1.1443369400205496,-53.38696888909868,6.0,0.0,-6.0,-100.0,0.000120405,0.0002957966,0.00017539160000000002,145.66803704165113,1.8350526805555563,0.0,-1.8350526805555563,-100.0,104448.0,10240.0,-94208.0,-90.19607843137256,22528.0,2048.0,-20480.0,-90.9090909090909,0.9202539178734378,8.88057925014878,7.960325332275343,865.0140116404398,0.0015708734939939562,0.0024720267326518246,0.0009011532386578684,57.36637877609611,54.93421735578005,52.596902411140036,-2.3373149446400134,-4.2547524241629775,120.405,295.7966,175.3916,145.66803704165113,1.8350526805555563,0.0,-1.8350526805555563,-100.0,104448.0,10240.0,-94208.0,-90.19607843137256,22528.0,2048.0,-20480.0,-90.9090909090909,0.9202539178734378,8.88057925014878,7.960325332275343,865.0140116404398,1.5708734939939561,2.4720267326518246,0.9011532386578684,57.36637877609611,1.0,0.7647207765914154,-0.23527922340858465,1.0,0.4661303111090132,-0.5338696888909868,1.0,0.0,-1.0,1.0,2.456680370416511,1.4566803704165112,1.0,0.09803921568627451,-0.9019607843137255,1.0,0.09090909090909091,-0.9090909090909091,1.0,0.0,-1.0,1.0,9.650140116404398,8.650140116404398,1.0,1.5736637877609612,0.5736637877609612
ablation_vs_reference,MPEG4,comm-only,ablation,B-2-v4-ablation,comm-only,43,ga_seed,,D:\HNOCS\out\experimental results\B-2-v4-ablation\comm-only\seed_43\gen_60\mpeg4\metrics.json,D:\HNOCS\out\experimental results\B-2-v4\seed_43\gen_60\mpeg4\metrics.json,baseline_normalized_v2,w_T=0.0;w_sigma=0.0;w_hot=0.0;w_makespan=0.0;w_H=0.4;w_congestion=0.7;w_D=0.0;w_L=0.0;w_E=0.0,0.17298701298701297,6.000000000000001,5.957244891346435,-0.0427551086535658,-0.7125851442260966,True,True,True,,327.5966387468,326.29881001416,-1.2978287326400277,-0.39616668156449153,1.3003837749577485,1.188266722958639,-0.11211705199910948,-8.621843347957213,2.0,0.0,-2.0,-100.0,0.0001220699,0.0001401126,1.804270000000001e-05,14.78062978670418,0.07168423611111063,0.0,-0.07168423611111063,-100.0,420000.0,48000.0,-372000.0,-88.57142857142857,88000.0,16000.0,-72000.0,-81.81818181818181,0.5670623064060744,5.921301499410652,5.354239193004577,944.2065065016677,0.0011328804365769536,0.001228225878018173,9.534544144121945e-05,8.416196304820112,54.44663874680003,53.148810014160006,-1.2978287326400277,-2.3836709896371766,122.06989999999999,140.11260000000001,18.042700000000025,14.780629786704203,0.07168423611111063,0.0,-0.07168423611111063,-100.0,420000.0,48000.0,-372000.0,-88.57142857142857,88000.0,16000.0,-72000.0,-81.81818181818181,0.5670623064060744,5.921301499410652,5.354239193004577,944.2065065016677,1.1328804365769536,1.228225878018173,0.09534544144121937,8.41619630482009,1.0,0.8626147598711069,-0.13738524012889308,1.0,0.9137815665204279,-0.08621843347957214,1.0,0.0,-1.0,1.0,1.1478062978670418,0.1478062978670418,1.0,0.11428571428571428,-0.8857142857142857,1.0,0.18181818181818182,-0.8181818181818181,1.0,0.0,-1.0,1.0,10.442065065016678,9.442065065016678,1.0,1.0841619630482011,0.08416196304820112
ablation_vs_reference,VOPD,comm-only,ablation,B-2-v4-ablation,comm-only,43,ga_seed,,D:\HNOCS\out\experimental results\B-2-v4-ablation\comm-only\seed_43\gen_60\vopd\metrics.json,D:\HNOCS\out\experimental results\B-2-v4\seed_43\gen_60\vopd\metrics.json,baseline_normalized_v2,w_T=0.0;w_sigma=0.0;w_hot=0.0;w_makespan=0.0;w_H=0.4;w_congestion=0.7;w_D=0.0;w_L=0.0;w_E=0.0,0.2396688952562878,5.0,6.4163662816165905,1.4163662816165905,28.3273256323318,True,True,True,,325.37271921261,326.66705151394,1.29433230133003,0.3977998845331232,0.9870939912641029,1.0833480058104907,0.09625401454638782,9.751251187652542,0.0,0.0,0.0,,8.93329e-05,9.89161e-05,9.583200000000007e-06,10.727514723019183,0.0,0.0,0.0,,1396000.0,216000.0,-1180000.0,-84.5272206303725,252000.0,64000.0,-188000.0,-74.60317460317461,0.35802469135802467,3.6502057613168724,3.292181069958848,919.5402298850576,0.0007507385223064374,0.0007990430327833671,4.8304510476929706e-05,6.434265598697064,52.22271921261,53.51705151394003,1.29433230133003,2.478485074782344,89.3329,98.9161,9.583200000000005,10.727514723019183,0.0,0.0,0.0,,1396000.0,216000.0,-1180000.0,-84.5272206303725,252000.0,64000.0,-188000.0,-74.60317460317461,0.35802469135802467,3.6502057613168724,3.292181069958848,919.5402298850576,0.7507385223064373,0.7990430327833671,0.04830451047692974,6.434265598697064,1.0,1.1792029100439458,0.17920291004394584,1.0,1.0975125118765254,0.09751251187652543,0.0,0.0,0.0,1.0,1.1072751472301918,0.10727514723019183,1.0,0.15472779369627507,-0.8452722063037249,1.0,0.25396825396825395,-0.746031746031746,0.0,0.0,0.0,1.0,10.195402298850576,9.195402298850576,1.0,1.0643426559869706,0.06434265598697064
ablation_vs_reference,HNN,comm-only,ablation,B-2-v4-ablation,comm-only,43,ga_seed,,D:\HNOCS\out\experimental results\B-2-v4-ablation\comm-only\seed_43\gen_60\hnn\metrics.json,D:\HNOCS\out\experimental results\B-2-v4\seed_43\gen_60\hnn\metrics.json,baseline_normalized_v2,w_T=0.0;w_sigma=0.0;w_hot=0.0;w_makespan=0.0;w_H=0.4;w_congestion=0.7;w_D=0.0;w_L=0.0;w_E=0.0,0.5470149253731343,6.000000000000001,6.294930488165166,0.2949304881651651,4.9155081360860775,True,True,True,,328.81757624162,328.65598873707,-0.16158750454997062,-0.04914199125147789,2.454372247071413,1.75390692602549,-0.7004653210459229,-28.539489960486907,16.0,9.0,-7.0,-43.75,0.000203177525,0.00036744926,0.00016427173499999998,80.85133185867875,11.14198573637825,1.4252526065480644,-9.716733129830187,-87.20827112626202,2195456.0,1081344.0,-1114112.0,-50.74626865671642,163840.0,81920.0,-81920.0,-50.0,0.3028095733610822,1.4120707596253903,1.109261186264308,366.32302405498285,0.004651317011228462,0.005180907159962952,0.0005295901487344899,11.385810673751951,55.66757624162,55.50598873707003,-0.16158750454997062,-0.29027221132928993,203.177525,367.44926,164.27173499999998,80.85133185867875,11.14198573637825,1.4252526065480644,-9.716733129830187,-87.20827112626202,2195456.0,1081344.0,-1114112.0,-50.74626865671642,163840.0,81920.0,-81920.0,-50.0,0.3028095733610822,1.4120707596253903,1.109261186264308,366.32302405498285,4.651317011228462,5.180907159962952,0.5295901487344894,11.385810673751928,1.0,0.9848524631190795,-0.01514753688092052,1.0,0.7146051003951309,-0.2853948996048691,1.0,0.5625,-0.4375,1.0,1.8085133185867874,0.8085133185867874,1.0,0.4925373134328358,-0.5074626865671642,1.0,0.5,-0.5,1.0,0.12791728873737984,-0.8720827112626202,1.0,4.6632302405498285,3.6632302405498285,1.0,1.1138581067375195,0.1138581067375195
ablation_vs_reference,GEMM,comm-only,ablation,B-2-v4-ablation,comm-only,44,ga_seed,,D:\HNOCS\out\experimental results\B-2-v4-ablation\comm-only\seed_44\gen_60\gemm\metrics.json,D:\HNOCS\out\experimental results\B-2-v4\seed_44\gen_60\gemm\metrics.json,baseline_normalized_v2,w_T=0.0;w_sigma=0.0;w_hot=0.0;w_makespan=0.0;w_H=0.4;w_congestion=0.7;w_D=0.0;w_L=0.0;w_E=0.0,0.10285204991087343,6.000000000000001,7.383457086007242,1.3834570860072413,23.05761810012068,True,True,True,,328.08421735578,327.29167089704,-0.7925464587400484,-0.24156799285489639,2.1434761400252804,1.2565952819867385,-0.8868808580385419,-41.375821334222174,6.0,1.0,-5.0,-83.33333333333334,0.000120405,0.0002958466,0.0001754416,145.70956355633072,1.8350526805555563,0.034676666666666876,-1.8003760138888893,-98.11031764732941,104448.0,10240.0,-94208.0,-90.19607843137256,22528.0,2048.0,-20480.0,-90.9090909090909,0.9202539178734378,8.88057925014878,7.960325332275343,865.0140116404398,0.0015708734939939562,0.0024758260360467628,0.0009049525420528066,57.60823806072115,54.93421735578005,54.14167089704,-0.7925464587400484,-1.4427191227775915,120.405,295.84659999999997,175.44159999999997,145.70956355633066,1.8350526805555563,0.034676666666666876,-1.8003760138888893,-98.11031764732941,104448.0,10240.0,-94208.0,-90.19607843137256,22528.0,2048.0,-20480.0,-90.9090909090909,0.9202539178734378,8.88057925014878,7.960325332275343,865.0140116404398,1.5708734939939561,2.475826036046763,0.9049525420528068,57.60823806072117,1.0,0.9202205437674545,-0.07977945623254545,1.0,0.5862417866577783,-0.41375821334222174,1.0,0.16666666666666666,-0.8333333333333334,1.0,2.457095635563307,1.4570956355633071,1.0,0.09803921568627451,-0.9019607843137255,1.0,0.09090909090909091,-0.9090909090909091,1.0,0.018896823526705853,-0.9811031764732941,1.0,9.650140116404398,8.650140116404398,1.0,1.5760823806072115,0.5760823806072115
ablation_vs_reference,MPEG4,comm-only,ablation,B-2-v4-ablation,comm-only,44,ga_seed,,D:\HNOCS\out\experimental results\B-2-v4-ablation\comm-only\seed_44\gen_60\mpeg4\metrics.json,D:\HNOCS\out\experimental results\B-2-v4\seed_44\gen_60\mpeg4\metrics.json,baseline_normalized_v2,w_T=0.0;w_sigma=0.0;w_hot=0.0;w_makespan=0.0;w_H=0.4;w_congestion=0.7;w_D=0.0;w_L=0.0;w_E=0.0,0.21870129870129867,6.000000000000001,6.926765064998158,0.9267650649981567,15.446084416635951,True,True,True,,327.5966387468,327.77219823479,0.17555948798997179,0.05359013714596461,1.3003837749577485,1.2889206591842453,-0.01146311577350323,-0.881517902195883,2.0,2.0,0.0,0.0,0.0001220699,0.0001414484,1.9378499999999998e-05,15.874920844532525,0.07168423611111063,0.16265456439393935,0.09097032828282872,126.90423057842817,420000.0,96000.0,-324000.0,-77.14285714285715,88000.0,16000.0,-72000.0,-81.81818181818181,0.5670623064060744,3.5529453688221264,2.985883062416052,526.552907623145,0.0011328804365769536,0.001239536198931696,0.00010665576235474247,9.414564759985389,54.44663874680003,54.622198234790005,0.17555948798997179,0.3224432068366978,122.06989999999999,141.4484,19.378500000000003,15.874920844532525,0.07168423611111063,0.16265456439393935,0.09097032828282872,126.90423057842817,420000.0,96000.0,-324000.0,-77.14285714285715,88000.0,16000.0,-72000.0,-81.81818181818181,0.5670623064060744,3.5529453688221264,2.985883062416052,526.552907623145,1.1328804365769536,1.239536198931696,0.10665576235474239,9.414564759985389,1.0,1.0185843338244982,0.0185843338244982,1.0,0.9911848209780412,-0.00881517902195883,1.0,1.0,0.0,1.0,1.1587492084453253,0.15874920844532525,1.0,0.22857142857142856,-0.7714285714285715,1.0,0.18181818181818182,-0.8181818181818181,1.0,2.2690423057842817,1.2690423057842817,1.0,6.2655290762314495,5.2655290762314495,1.0,1.0941456475998539,0.09414564759985389
ablation_vs_reference,VOPD,comm-only,ablation,B-2-v4-ablation,comm-only,44,ga_seed,,D:\HNOCS\out\experimental results\B-2-v4-ablation\comm-only\seed_44\gen_60\vopd\metrics.json,D:\HNOCS\out\experimental results\B-2-v4\seed_44\gen_60\vopd\metrics.json,baseline_normalized_v2,w_T=0.0;w_sigma=0.0;w_hot=0.0;w_makespan=0.0;w_H=0.4;w_congestion=0.7;w_D=0.0;w_L=0.0;w_E=0.0,0.22225405921680993,5.0,7.35177699974787,2.3517769997478704,47.0355399949574,True,True,True,,325.37271921261,325.25601753344,-0.11670167916997798,-0.03586707559637414,0.9870939912641029,1.0937324383492464,0.10663844708514347,10.8032718291172,0.0,0.0,0.0,,8.93329e-05,0.0001036583,1.4325399999999997e-05,16.035973308825756,0.0,0.0,0.0,,1396000.0,194000.0,-1202000.0,-86.10315186246417,252000.0,60000.0,-192000.0,-76.19047619047619,0.35802469135802467,5.54320987654321,5.185185185185185,1448.2758620689656,0.0007507385223064374,0.0008238070026464937,7.306848034005628e-05,9.732880113248154,52.22271921261,52.106017533440024,-0.11670167916997798,-0.2234691738185024,89.3329,103.6583,14.325400000000002,16.035973308825756,0.0,0.0,0.0,,1396000.0,194000.0,-1202000.0,-86.10315186246417,252000.0,60000.0,-192000.0,-76.19047619047619,0.35802469135802467,5.54320987654321,5.185185185185185,1448.2758620689656,0.7507385223064373,0.8238070026464936,0.07306848034005631,9.732880113248154,1.0,0.983842417829807,-0.01615758217019303,1.0,1.108032718291172,0.108032718291172,0.0,0.0,0.0,1.0,1.1603597330882576,0.16035973308825757,1.0,0.13896848137535817,-0.8610315186246418,1.0,0.23809523809523808,-0.7619047619047619,0.0,0.0,0.0,1.0,15.482758620689655,14.482758620689655,1.0,1.0973288011324815,0.09732880113248155
ablation_vs_reference,HNN,comm-only,ablation,B-2-v4-ablation,comm-only,44,ga_seed,,D:\HNOCS\out\experimental results\B-2-v4-ablation\comm-only\seed_44\gen_60\hnn\metrics.json,D:\HNOCS\out\experimental results\B-2-v4\seed_44\gen_60\hnn\metrics.json,baseline_normalized_v2,w_T=0.0;w_sigma=0.0;w_hot=0.0;w_makespan=0.0;w_H=0.4;w_congestion=0.7;w_D=0.0;w_L=0.0;w_E=0.0,0.49776119402985075,6.000000000000001,5.843607894563964,-0.1563921054360371,-2.6065350906006146,True,True,True,,328.81757624162,331.69620358499,2.878627343369999,0.875448136402146,2.454372247071413,1.8092857278603327,-0.6450865192110802,-26.28315733201454,16.0,12.0,-4.0,-25.0,0.000203177525,0.00024371113,4.053360499999998e-05,19.949846814995897,11.14198573637825,13.865059209141576,2.723073472763325,24.439750123468308,2195456.0,811008.0,-1384448.0,-63.059701492537314,163840.0,81920.0,-81920.0,-50.0,0.3028095733610822,0.631633714880333,0.3288241415192508,108.59106529209623,0.004651317011228462,0.004972171168041362,0.0003208541568129001,6.898135647137038,55.66757624162,58.546203584989996,2.878627343369999,5.1711023502722275,203.177525,243.71113,40.533604999999994,19.949846814995897,11.14198573637825,13.865059209141576,2.723073472763325,24.439750123468308,2195456.0,811008.0,-1384448.0,-63.059701492537314,163840.0,81920.0,-81920.0,-50.0,0.3028095733610822,0.631633714880333,0.3288241415192508,108.59106529209623,4.651317011228462,4.9721711680413625,0.3208541568129002,6.89813564713706,1.0,1.2698483027605572,0.26984830276055716,1.0,0.7371684266798546,-0.2628315733201454,1.0,0.75,-0.25,1.0,1.199498468149959,0.19949846814995897,1.0,0.3694029850746269,-0.6305970149253731,1.0,0.5,-0.5,1.0,1.244397501234683,0.24439750123468307,1.0,2.0859106529209623,1.0859106529209623,1.0,1.0689813564713704,0.06898135647137038
ablation_vs_reference,GEMM,comm-only,ablation,B-2-v4-ablation,comm-only,45,ga_seed,,D:\HNOCS\out\experimental results\B-2-v4-ablation\comm-only\seed_45\gen_60\gemm\metrics.json,D:\HNOCS\out\experimental results\B-2-v4\seed_45\gen_60\gemm\metrics.json,baseline_normalized_v2,w_T=0.0;w_sigma=0.0;w_hot=0.0;w_makespan=0.0;w_H=0.4;w_congestion=0.7;w_D=0.0;w_L=0.0;w_E=0.0,0.11461675579322637,6.000000000000001,6.942490647655911,0.9424906476559105,15.70817746093185,True,True,True,,328.08421735578,325.15435975384,-2.9298576019400002,-0.8930199768685698,2.1434761400252804,0.9778585434961214,-1.165617596529159,-54.379779404281656,6.0,0.0,-6.0,-100.0,0.000120405,0.0002959466,0.0001755416,145.79261658568998,1.8350526805555563,0.0,-1.8350526805555563,-100.0,104448.0,13312.0,-91136.0,-87.25490196078431,22528.0,2048.0,-20480.0,-90.9090909090909,0.9202539178734378,8.88057925014878,7.960325332275343,865.0140116404398,0.0015708734939939562,0.0024727374907171154,0.0009018639967231592,57.41162481710504,54.93421735578005,52.00435975384005,-2.9298576019400002,-5.333392815929006,120.405,295.9466,175.5416,145.79261658568993,1.8350526805555563,0.0,-1.8350526805555563,-100.0,104448.0,13312.0,-91136.0,-87.25490196078431,22528.0,2048.0,-20480.0,-90.9090909090909,0.9202539178734378,8.88057925014878,7.960325332275343,865.0140116404398,1.5708734939939561,2.4727374907171153,0.9018639967231592,57.41162481710504,1.0,0.7050741395108177,-0.29492586048918235,1.0,0.4562022059571834,-0.5437977940428166,1.0,0.0,-1.0,1.0,2.4579261658569,1.4579261658568998,1.0,0.12745098039215685,-0.8725490196078431,1.0,0.09090909090909091,-0.9090909090909091,1.0,0.0,-1.0,1.0,9.650140116404398,8.650140116404398,1.0,1.5741162481710504,0.5741162481710504
ablation_vs_reference,MPEG4,comm-only,ablation,B-2-v4-ablation,comm-only,45,ga_seed,,D:\HNOCS\out\experimental results\B-2-v4-ablation\comm-only\seed_45\gen_60\mpeg4\metrics.json,D:\HNOCS\out\experimental results\B-2-v4\seed_45\gen_60\mpeg4\metrics.json,baseline_normalized_v2,w_T=0.0;w_sigma=0.0;w_hot=0.0;w_makespan=0.0;w_H=0.4;w_congestion=0.7;w_D=0.0;w_L=0.0;w_E=0.0,0.2263203463203463,6.000000000000001,5.093543448568608,-0.9064565514313925,-15.107609190523208,True,True,True,,327.5966387468,325.95047654595,-1.6461622008500285,-0.5024966700352351,1.3003837749577485,1.1236464262009722,-0.17673734875677627,-13.591168404305776,2.0,0.0,-2.0,-100.0,0.0001220699,0.0001405482,1.8478300000000016e-05,15.137474512553894,0.07168423611111063,0.0,-0.07168423611111063,-100.0,420000.0,104000.0,-316000.0,-75.23809523809524,88000.0,16000.0,-72000.0,-81.81818181818181,0.5670623064060744,3.5529453688221264,2.985883062416052,526.552907623145,0.0011328804365769536,0.0012294886670785438,9.660823050159023e-05,8.527663412874897,54.44663874680003,52.800476545950005,-1.6461622008500285,-3.0234413707435293,122.06989999999999,140.5482,18.47830000000002,15.137474512553894,0.07168423611111063,0.0,-0.07168423611111063,-100.0,420000.0,104000.0,-316000.0,-75.23809523809524,88000.0,16000.0,-72000.0,-81.81818181818181,0.5670623064060744,3.5529453688221264,2.985883062416052,526.552907623145,1.1328804365769536,1.2294886670785439,0.09660823050159029,8.527663412874897,1.0,0.8257409598300082,-0.17425904016999183,1.0,0.8640883159569422,-0.13591168404305776,1.0,0.0,-1.0,1.0,1.151374745125539,0.15137474512553895,1.0,0.24761904761904763,-0.7523809523809524,1.0,0.18181818181818182,-0.8181818181818181,1.0,0.0,-1.0,1.0,6.2655290762314495,5.2655290762314495,1.0,1.085276634128749,0.08527663412874897
ablation_vs_reference,VOPD,comm-only,ablation,B-2-v4-ablation,comm-only,45,ga_seed,,D:\HNOCS\out\experimental results\B-2-v4-ablation\comm-only\seed_45\gen_60\vopd\metrics.json,D:\HNOCS\out\experimental results\B-2-v4\seed_45\gen_60\vopd\metrics.json,baseline_normalized_v2,w_T=0.0;w_sigma=0.0;w_hot=0.0;w_makespan=0.0;w_H=0.4;w_congestion=0.7;w_D=0.0;w_L=0.0;w_E=0.0,0.23164597262018463,5.0,6.880461443511167,1.8804614435111668,37.60922887022333,True,True,True,,325.37271921261,324.72502601554,-0.647693197069998,-0.1990619246252101,0.9870939912641029,0.9594775778196063,-0.027616413444496613,-2.797749119020587,0.0,0.0,0.0,,8.93329e-05,0.0001043941,1.5061199999999997e-05,16.85963402061279,0.0,0.0,0.0,,1396000.0,188000.0,-1208000.0,-86.53295128939828,252000.0,64000.0,-188000.0,-74.60317460317461,0.35802469135802467,5.035665294924554,4.677640603566529,1306.513409961686,0.0007507385223064374,0.000827501475503208,7.676295319677061e-05,10.224991913421144,52.22271921261,51.575026015540004,-0.647693197069998,-1.240251765583289,89.3329,104.3941,15.0612,16.85963402061279,0.0,0.0,0.0,,1396000.0,188000.0,-1208000.0,-86.53295128939828,252000.0,64000.0,-188000.0,-74.60317460317461,0.35802469135802467,5.035665294924554,4.677640603566529,1306.513409961686,0.7507385223064373,0.827501475503208,0.07676295319677062,10.224991913421144,1.0,0.9103255743433577,-0.0896744256566423,1.0,0.9720225088097941,-0.027977491190205872,0.0,0.0,0.0,1.0,1.168596340206128,0.1685963402061279,1.0,0.1346704871060172,-0.8653295128939829,1.0,0.25396825396825395,-0.746031746031746,0.0,0.0,0.0,1.0,14.06513409961686,13.06513409961686,1.0,1.1022499191342114,0.10224991913421144
ablation_vs_reference,HNN,comm-only,ablation,B-2-v4-ablation,comm-only,45,ga_seed,,D:\HNOCS\out\experimental results\B-2-v4-ablation\comm-only\seed_45\gen_60\hnn\metrics.json,D:\HNOCS\out\experimental results\B-2-v4\seed_45\gen_60\hnn\metrics.json,baseline_normalized_v2,w_T=0.0;w_sigma=0.0;w_hot=0.0;w_makespan=0.0;w_H=0.4;w_congestion=0.7;w_D=0.0;w_L=0.0;w_E=0.0,0.5715671641791045,6.000000000000001,5.65282514564759,-0.3471748543524109,-5.786247572540182,True,True,True,,328.81757624162,331.42520409393,2.6076278523100314,0.7930317722413704,2.454372247071413,2.1364532173954958,-0.3179190296759171,-12.953170818129234,16.0,11.0,-5.0,-31.25,0.000203177525,0.0002442126,4.1035074999999974e-05,20.19666053122755,11.14198573637825,5.58229038461537,-5.559695351762881,-49.898604102594035,2195456.0,1024000.0,-1171456.0,-53.35820895522387,163840.0,90112.0,-73728.0,-44.99999999999999,0.3028095733610822,0.6129032258064516,0.3100936524453694,102.40549828178693,0.004651317011228462,0.004709634446016381,5.831743478791878e-05,1.253783275728959,55.66757624162,58.27520409393003,2.6076278523100314,4.6842848716672325,203.177525,244.21259999999998,41.03507499999998,20.19666053122755,11.14198573637825,5.58229038461537,-5.559695351762881,-49.898604102594035,2195456.0,1024000.0,-1171456.0,-53.35820895522387,163840.0,90112.0,-73728.0,-44.99999999999999,0.3028095733610822,0.6129032258064516,0.3100936524453694,102.40549828178693,4.651317011228462,4.709634446016381,0.05831743478791829,1.253783275728959,1.0,1.2444442667432047,0.24444426674320474,1.0,0.8704682918187077,-0.12953170818129234,1.0,0.6875,-0.3125,1.0,1.2019666053122755,0.2019666053122755,1.0,0.4664179104477612,-0.5335820895522387,1.0,0.55,-0.44999999999999996,1.0,0.5010139589740596,-0.49898604102594035,1.0,2.0240549828178693,1.0240549828178693,1.0,1.0125378327572896,0.012537832757289591
ablation_vs_reference,GEMM,comm-only,ablation,B-2-v4-ablation,comm-only,46,ga_seed,,D:\HNOCS\out\experimental results\B-2-v4-ablation\comm-only\seed_46\gen_60\gemm\metrics.json,D:\HNOCS\out\experimental results\B-2-v4\seed_46\gen_60\gemm\metrics.json,baseline_normalized_v2,w_T=0.0;w_sigma=0.0;w_hot=0.0;w_makespan=0.0;w_H=0.4;w_congestion=0.7;w_D=0.0;w_L=0.0;w_E=0.0,0.11898395721925133,6.000000000000001,7.312015588131365,1.3120155881313638,21.866926468856065,True,True,True,,328.08421735578,325.74690180604,-2.337315549740026,-0.7124132847894371,2.1434761400252804,0.9883482241283512,-1.1551279158969292,-53.89040233885252,6.0,0.0,-6.0,-100.0,0.000120405,0.0002957,0.00017529499999999998,145.58780781529003,1.8350526805555563,0.0,-1.8350526805555563,-100.0,104448.0,6144.0,-98304.0,-94.11764705882352,22528.0,3072.0,-19456.0,-86.36363636363636,0.9202539178734378,10.277127554056735,9.356873636183296,1016.7708557878854,0.0015708734939939562,0.002471359549314132,0.000900486055320176,57.32390665213176,54.93421735578005,52.59690180604002,-2.337315549740026,-4.254753525662269,120.405,295.7,175.295,145.58780781529003,1.8350526805555563,0.0,-1.8350526805555563,-100.0,104448.0,6144.0,-98304.0,-94.11764705882352,22528.0,3072.0,-19456.0,-86.36363636363636,0.9202539178734378,10.277127554056735,9.356873636183296,1016.7708557878854,1.5708734939939561,2.471359549314132,0.9004860553201759,57.32390665213176,1.0,0.7647207156807274,-0.23527928431927259,1.0,0.4610959766114749,-0.5389040233885252,1.0,0.0,-1.0,1.0,2.4558780781529004,1.4558780781529004,1.0,0.058823529411764705,-0.9411764705882353,1.0,0.13636363636363635,-0.8636363636363636,1.0,0.0,-1.0,1.0,11.167708557878854,10.167708557878854,1.0,1.5732390665213176,0.5732390665213176
ablation_vs_reference,MPEG4,comm-only,ablation,B-2-v4-ablation,comm-only,46,ga_seed,,D:\HNOCS\out\experimental results\B-2-v4-ablation\comm-only\seed_46\gen_60\mpeg4\metrics.json,D:\HNOCS\out\experimental results\B-2-v4\seed_46\gen_60\mpeg4\metrics.json,baseline_normalized_v2,w_T=0.0;w_sigma=0.0;w_hot=0.0;w_makespan=0.0;w_H=0.4;w_congestion=0.7;w_D=0.0;w_L=0.0;w_E=0.0,0.17298701298701297,6.000000000000001,5.383851707211302,-0.616148292788699,-10.269138213144979,True,True,True,,327.5966387468,324.76956255764,-2.8270761891600387,-0.8629747240310071,1.3003837749577485,1.0839434274431687,-0.21644034751457975,-16.64434389929329,2.0,0.0,-2.0,-100.0,0.0001220699,0.0001479876,2.5917699999999998e-05,21.23185158667289,0.07168423611111063,0.0,-0.07168423611111063,-100.0,420000.0,48000.0,-372000.0,-88.57142857142857,88000.0,16000.0,-72000.0,-81.81818181818181,0.5670623064060744,4.710808365998739,4.143746059592664,730.7391115193117,0.0011328804365769536,0.0012695412507948063,0.00013666081421785268,12.063127741068524,54.44663874680003,51.619562557639995,-2.8270761891600387,-5.192379647726542,122.06989999999999,147.9876,25.917699999999996,21.23185158667289,0.07168423611111063,0.0,-0.07168423611111063,-100.0,420000.0,48000.0,-372000.0,-88.57142857142857,88000.0,16000.0,-72000.0,-81.81818181818181,0.5670623064060744,4.710808365998739,4.143746059592664,730.7391115193117,1.1328804365769536,1.2695412507948063,0.1366608142178527,12.063127741068524,1.0,0.7007320524331804,-0.2992679475668196,1.0,0.8335565610070671,-0.1664434389929329,1.0,0.0,-1.0,1.0,1.212318515866729,0.2123185158667289,1.0,0.11428571428571428,-0.8857142857142857,1.0,0.18181818181818182,-0.8181818181818181,1.0,0.0,-1.0,1.0,8.307391115193116,7.307391115193116,1.0,1.1206312774106852,0.12063127741068524
ablation_vs_reference,VOPD,comm-only,ablation,B-2-v4-ablation,comm-only,46,ga_seed,,D:\HNOCS\out\experimental results\B-2-v4-ablation\comm-only\seed_46\gen_60\vopd\metrics.json,D:\HNOCS\out\experimental results\B-2-v4\seed_46\gen_60\vopd\metrics.json,baseline_normalized_v2,w_T=0.0;w_sigma=0.0;w_hot=0.0;w_makespan=0.0;w_H=0.4;w_congestion=0.7;w_D=0.0;w_L=0.0;w_E=0.0,0.2517032792104425,5.0,6.409983805045918,1.4099838050459184,28.19967610091836,True,True,True,,325.37271921261,326.66557083025,1.2928516176399967,0.3973448114422906,0.9870939912641029,1.1590634922889622,0.1719695010248593,17.42179595325364,0.0,0.0,0.0,,8.93329e-05,9.78363e-05,8.503399999999997e-06,9.51877751645811,0.0,0.0,0.0,,1396000.0,258000.0,-1138000.0,-81.51862464183381,252000.0,64000.0,-188000.0,-74.60317460317461,0.35802469135802467,3.513031550068587,3.1550068587105624,881.2260536398467,0.0007507385223064374,0.0007933612851249346,4.262276281849725e-05,5.677444483273697,52.22271921261,53.51557083025,1.2928516176399967,2.4756497500187935,89.3329,97.8363,8.5034,9.51877751645811,0.0,0.0,0.0,,1396000.0,258000.0,-1138000.0,-81.51862464183381,252000.0,64000.0,-188000.0,-74.60317460317461,0.35802469135802467,3.513031550068587,3.1550068587105624,881.2260536398467,0.7507385223064373,0.7933612851249346,0.042622762818497306,5.677444483273697,1.0,1.17899790640938,0.17899790640938007,1.0,1.1742179595325364,0.17421795953253638,0.0,0.0,0.0,1.0,1.095187775164581,0.0951877751645811,1.0,0.18481375358166188,-0.8151862464183381,1.0,0.25396825396825395,-0.746031746031746,0.0,0.0,0.0,1.0,9.812260536398467,8.812260536398467,1.0,1.056774444832737,0.05677444483273697
ablation_vs_reference,HNN,comm-only,ablation,B-2-v4-ablation,comm-only,46,ga_seed,,D:\HNOCS\out\experimental results\B-2-v4-ablation\comm-only\seed_46\gen_60\hnn\metrics.json,D:\HNOCS\out\experimental results\B-2-v4\seed_46\gen_60\hnn\metrics.json,baseline_normalized_v2,w_T=0.0;w_sigma=0.0;w_hot=0.0;w_makespan=0.0;w_H=0.4;w_congestion=0.7;w_D=0.0;w_L=0.0;w_E=0.0,0.4516417910447761,6.000000000000001,5.598482857497673,-0.4015171425023283,-6.691952375038801,True,True,True,,328.81757624162,330.68089838102,1.8633221393999975,0.5666735217434882,2.454372247071413,2.0466734713209687,-0.4076987757504442,-16.611122303754676,16.0,12.0,-4.0,-25.0,0.000203177525,0.0002495706,4.6393074999999986e-05,22.833763232424452,11.14198573637825,8.517673177684312,-2.624312558693939,-23.55336490986195,2195456.0,942080.0,-1253376.0,-57.089552238805965,163840.0,65536.0,-98304.0,-60.0,0.3028095733610822,0.5816857440166493,0.2788761706555671,92.09621993127146,0.004651317011228462,0.004877339338935717,0.00022602232770725476,4.859318923256106,55.66757624162,57.530898381019995,1.8633221393999975,3.3472305877166653,203.177525,249.57059999999998,46.39307499999998,22.833763232424452,11.14198573637825,8.517673177684312,-2.624312558693939,-23.55336490986195,2195456.0,942080.0,-1253376.0,-57.089552238805965,163840.0,65536.0,-98304.0,-60.0,0.3028095733610822,0.5816857440166493,0.2788761706555671,92.09621993127146,4.651317011228462,4.877339338935717,0.2260223277072546,4.859318923256106,1.0,1.1746715558619742,0.17467155586197425,1.0,0.8338887769624532,-0.16611122303754677,1.0,0.75,-0.25,1.0,1.2283376323242445,0.22833763232424453,1.0,0.4291044776119403,-0.5708955223880596,1.0,0.4,-0.6,1.0,0.7644663509013805,-0.2355336490986195,1.0,1.9209621993127146,0.9209621993127146,1.0,1.048593189232561,0.04859318923256106
ablation_vs_reference,GEMM,comm-only,ablation,B-2-v4-ablation,comm-only,47,ga_seed,,D:\HNOCS\out\experimental results\B-2-v4-ablation\comm-only\seed_47\gen_60\gemm\metrics.json,D:\HNOCS\out\experimental results\B-2-v4\seed_47\gen_60\gemm\metrics.json,baseline_normalized_v2,w_T=0.0;w_sigma=0.0;w_hot=0.0;w_makespan=0.0;w_H=0.4;w_congestion=0.7;w_D=0.0;w_L=0.0;w_E=0.0,0.10285204991087343,6.000000000000001,6.993191053079472,0.993191053079471,16.55318421799119,True,True,True,,328.08421735578,325.74690244938,-2.3373149064000245,-0.7124130886995372,2.1434761400252804,0.985120570472429,-1.1583555695528513,-54.040982678687044,6.0,0.0,-6.0,-100.0,0.000120405,0.0002958966,0.00017549160000000002,145.75109007101034,1.8350526805555563,0.0,-1.8350526805555563,-100.0,104448.0,10240.0,-94208.0,-90.19607843137256,22528.0,2048.0,-20480.0,-90.9090909090909,0.9202539178734378,8.88057925014878,7.960325332275343,865.0140116404398,0.0015708734939939562,0.0024725138652388562,0.0009016403712449,57.39738907634588,54.93421735578005,52.596902449380025,-2.3373149064000245,-4.254752354552471,120.405,295.89660000000003,175.49160000000003,145.75109007101034,1.8350526805555563,0.0,-1.8350526805555563,-100.0,104448.0,10240.0,-94208.0,-90.19607843137256,22528.0,2048.0,-20480.0,-90.9090909090909,0.9202539178734378,8.88057925014878,7.960325332275343,865.0140116404398,1.5708734939939561,2.4725138652388563,0.9016403712449002,57.3973890763459,1.0,0.7647207804407361,-0.2352792195592639,1.0,0.45959017321312956,-0.5404098267868704,1.0,0.0,-1.0,1.0,2.4575109007101035,1.4575109007101035,1.0,0.09803921568627451,-0.9019607843137255,1.0,0.09090909090909091,-0.9090909090909091,1.0,0.0,-1.0,1.0,9.650140116404398,8.650140116404398,1.0,1.5739738907634588,0.5739738907634588
ablation_vs_reference,MPEG4,comm-only,ablation,B-2-v4-ablation,comm-only,47,ga_seed,,D:\HNOCS\out\experimental results\B-2-v4-ablation\comm-only\seed_47\gen_60\mpeg4\metrics.json,D:\HNOCS\out\experimental results\B-2-v4\seed_47\gen_60\mpeg4\metrics.json,baseline_normalized_v2,w_T=0.0;w_sigma=0.0;w_hot=0.0;w_makespan=0.0;w_H=0.4;w_congestion=0.7;w_D=0.0;w_L=0.0;w_E=0.0,0.1882251082251082,6.000000000000001,6.50289129886935,0.5028912988693488,8.381521647822488,True,True,True,,327.5966387468,327.3038482608,-0.29279048600000124,-0.08937530223754875,1.3003837749577485,1.3793308618017786,0.07894708684403007,6.071060587217425,2.0,1.0,-1.0,-50.0,0.0001220699,0.0001480318,2.59619e-05,21.268060349029525,0.07168423611111063,0.0549327777777775,-0.016751458333333136,-23.368399026207598,420000.0,64000.0,-356000.0,-84.76190476190476,88000.0,16000.0,-72000.0,-81.81818181818181,0.5670623064060744,4.710808365998739,4.143746059592664,730.7391115193117,0.0011328804365769536,0.0012727421804665183,0.00013986174388956477,12.345675622412799,54.44663874680003,54.15384826080003,-0.29279048600000124,-0.5377567701866814,122.06989999999999,148.0318,25.961900000000014,21.26806034902955,0.07168423611111063,0.0549327777777775,-0.016751458333333136,-23.368399026207598,420000.0,64000.0,-356000.0,-84.76190476190476,88000.0,16000.0,-72000.0,-81.81818181818181,0.5670623064060744,4.710808365998739,4.143746059592664,730.7391115193117,1.1328804365769536,1.2727421804665184,0.13986174388956485,12.345675622412822,1.0,0.9690058555378567,-0.030994144462143325,1.0,1.0607106058721743,0.06071060587217425,1.0,0.5,-0.5,1.0,1.2126806034902953,0.21268060349029527,1.0,0.1523809523809524,-0.8476190476190476,1.0,0.18181818181818182,-0.8181818181818181,1.0,0.766316009737924,-0.23368399026207598,1.0,8.307391115193116,7.307391115193116,1.0,1.123456756224128,0.123456756224128
ablation_vs_reference,VOPD,comm-only,ablation,B-2-v4-ablation,comm-only,47,ga_seed,,D:\HNOCS\out\experimental results\B-2-v4-ablation\comm-only\seed_47\gen_60\vopd\metrics.json,D:\HNOCS\out\experimental results\B-2-v4\seed_47\gen_60\vopd\metrics.json,baseline_normalized_v2,w_T=0.0;w_sigma=0.0;w_hot=0.0;w_makespan=0.0;w_H=0.4;w_congestion=0.7;w_D=0.0;w_L=0.0;w_E=0.0,0.2356574339382362,5.0,6.227072043083278,1.227072043083278,24.541440861665563,True,True,True,,325.37271921261,326.6651229361,1.292403723489997,0.3972071557251544,0.9870939912641029,1.1291899333504916,0.14209594208638865,14.39538112317107,0.0,0.0,0.0,,8.93329e-05,9.88181e-05,9.485199999999995e-06,10.617812698345164,0.0,0.0,0.0,,1396000.0,202000.0,-1194000.0,-85.53008595988538,252000.0,64000.0,-188000.0,-74.60317460317461,0.35802469135802467,3.2386831275720165,2.880658436213992,804.5977011494253,0.0007507385223064374,0.0007986592862971996,4.792076399076216e-05,6.383149734149618,52.22271921261,53.5151229361,1.292403723489997,2.474792088532074,89.3329,98.8181,9.485200000000006,10.617812698345187,0.0,0.0,0.0,,1396000.0,202000.0,-1194000.0,-85.53008595988538,252000.0,64000.0,-188000.0,-74.60317460317461,0.35802469135802467,3.2386831275720165,2.880658436213992,804.5977011494253,0.7507385223064373,0.7986592862971995,0.04792076399076217,6.383149734149618,1.0,1.1789358945635897,0.17893589456358971,1.0,1.1439538112317107,0.1439538112317107,0.0,0.0,0.0,1.0,1.1061781269834516,0.10617812698345164,1.0,0.14469914040114612,-0.8553008595988538,1.0,0.25396825396825395,-0.746031746031746,0.0,0.0,0.0,1.0,9.045977011494253,8.045977011494253,1.0,1.0638314973414962,0.06383149734149618
ablation_vs_reference,HNN,comm-only,ablation,B-2-v4-ablation,comm-only,47,ga_seed,,D:\HNOCS\out\experimental results\B-2-v4-ablation\comm-only\seed_47\gen_60\hnn\metrics.json,D:\HNOCS\out\experimental results\B-2-v4\seed_47\gen_60\hnn\metrics.json,baseline_normalized_v2,w_T=0.0;w_sigma=0.0;w_hot=0.0;w_makespan=0.0;w_H=0.4;w_congestion=0.7;w_D=0.0;w_L=0.0;w_E=0.0,0.5380597014925373,6.000000000000001,6.0651951382911005,0.06519513829109957,1.0865856381850003,True,True,True,,328.81757624162,331.34499397274,2.5274177311200106,0.7686382704989114,2.454372247071413,2.0071939079798677,-0.44717833909154514,-18.219662466650032,16.0,11.0,-5.0,-31.25,0.000203177525,0.000304016492,0.00010083896699999997,49.63096533437936,11.14198573637825,6.982257918888013,-4.1597278174902375,-37.33381029118401,2195456.0,1032192.0,-1163264.0,-52.98507462686567,163840.0,81920.0,-81920.0,-50.0,0.3028095733610822,0.7107180020811654,0.4079084287200832,134.7079037800687,0.004651317011228462,0.005063002307758345,0.0004116852965298833,8.850940401096263,55.66757624162,58.19499397274001,2.5274177311200106,4.540197187946515,203.177525,304.01649199999997,100.83896699999997,49.63096533437936,11.14198573637825,6.982257918888013,-4.1597278174902375,-37.33381029118401,2195456.0,1032192.0,-1163264.0,-52.98507462686567,163840.0,81920.0,-81920.0,-50.0,0.3028095733610822,0.7107180020811654,0.4079084287200832,134.7079037800687,4.651317011228462,5.063002307758345,0.4116852965298827,8.850940401096263,1.0,1.2369252090516292,0.23692520905162917,1.0,0.8178033753334997,-0.18219662466650033,1.0,0.6875,-0.3125,1.0,1.4963096533437936,0.4963096533437936,1.0,0.4701492537313433,-0.5298507462686567,1.0,0.5,-0.5,1.0,0.6266618970881599,-0.3733381029118401,1.0,2.347079037800687,1.347079037800687,1.0,1.0885094040109626,0.08850940401096263
ablation_vs_reference,GEMM,comm-only,ablation,B-2-v4-ablation,comm-only,48,ga_seed,,D:\HNOCS\out\experimental results\B-2-v4-ablation\comm-only\seed_48\gen_60\gemm\metrics.json,D:\HNOCS\out\experimental results\B-2-v4\seed_48\gen_60\gemm\metrics.json,baseline_normalized_v2,w_T=0.0;w_sigma=0.0;w_hot=0.0;w_makespan=0.0;w_H=0.4;w_congestion=0.7;w_D=0.0;w_L=0.0;w_E=0.0,0.0,6.000000000000001,8.857975012267797,2.8579750122677963,47.632916871129936,True,True,True,,328.08421735578,324.57766166734,-3.5065556884400166,-1.0687974315562565,2.1434761400252804,1.105548899301815,-1.0379272407234654,-48.42261695113732,6.0,0.0,-6.0,-100.0,0.000120405,0.00035575,0.000235345,195.4611519455172,1.8350526805555563,0.0,-1.8350526805555563,-100.0,104448.0,0.0,-104448.0,-100.0,22528.0,0.0,-22528.0,-100.0,0.9202539178734378,15.0,14.079746082126562,1529.9849105410647,0.0015708734939939562,0.0027951340212378026,0.0012242605272438465,77.93501716876999,54.93421735578005,51.42766166734003,-3.5065556884400166,-6.383190399764683,120.405,355.75,235.345,195.4611519455172,1.8350526805555563,0.0,-1.8350526805555563,-100.0,104448.0,0.0,-104448.0,-100.0,22528.0,0.0,-22528.0,-100.0,0.9202539178734378,15.0,14.079746082126562,1529.9849105410647,1.5708734939939561,2.7951340212378026,1.2242605272438465,77.93501716876999,1.0,0.6470224515069837,-0.3529775484930163,1.0,0.5157738304886268,-0.4842261695113732,1.0,0.0,-1.0,1.0,2.954611519455172,1.954611519455172,1.0,0.0,-1.0,1.0,0.0,-1.0,1.0,0.0,-1.0,1.0,16.299849105410647,15.299849105410647,1.0,1.7793501716876998,0.7793501716876998
ablation_vs_reference,MPEG4,comm-only,ablation,B-2-v4-ablation,comm-only,48,ga_seed,,D:\HNOCS\out\experimental results\B-2-v4-ablation\comm-only\seed_48\gen_60\mpeg4\metrics.json,D:\HNOCS\out\experimental results\B-2-v4\seed_48\gen_60\mpeg4\metrics.json,baseline_normalized_v2,w_T=0.0;w_sigma=0.0;w_hot=0.0;w_makespan=0.0;w_H=0.4;w_congestion=0.7;w_D=0.0;w_L=0.0;w_E=0.0,0.1971861471861472,6.000000000000001,7.151852991394072,1.1518529913940707,19.197549856567854,True,True,True,,327.5966387468,324.69624101089,-2.900397735910019,-0.8853563781989093,1.3003837749577485,1.088929245267427,-0.2114545296903214,-16.260932638689063,2.0,0.0,-2.0,-100.0,0.0001220699,0.0001930982,7.102829999999999e-05,58.18657998409107,0.07168423611111063,0.0,-0.07168423611111063,-100.0,420000.0,40000.0,-380000.0,-90.47619047619048,88000.0,20000.0,-68000.0,-77.27272727272727,0.5670623064060744,8.105452153175627,7.538389846769552,1329.375936578528,0.0011328804365769536,0.00151197608057964,0.00037909564400268633,33.46298795203313,54.44663874680003,51.546241010890014,-2.900397735910019,-5.32704644890587,122.06989999999999,193.0982,71.0283,58.18657998409109,0.07168423611111063,0.0,-0.07168423611111063,-100.0,420000.0,40000.0,-380000.0,-90.47619047619048,88000.0,20000.0,-68000.0,-77.27272727272727,0.5670623064060744,8.105452153175627,7.538389846769552,1329.375936578528,1.1328804365769536,1.5119760805796398,0.37909564400268625,33.46298795203313,1.0,0.6929703978685008,-0.3070296021314992,1.0,0.8373906736131094,-0.16260932638689063,1.0,0.0,-1.0,1.0,1.5818657998409107,0.5818657998409107,1.0,0.09523809523809523,-0.9047619047619048,1.0,0.22727272727272727,-0.7727272727272727,1.0,0.0,-1.0,1.0,14.293759365785279,13.293759365785279,1.0,1.3346298795203313,0.3346298795203313
ablation_vs_reference,VOPD,comm-only,ablation,B-2-v4-ablation,comm-only,48,ga_seed,,D:\HNOCS\out\experimental results\B-2-v4-ablation\comm-only\seed_48\gen_60\vopd\metrics.json,D:\HNOCS\out\experimental results\B-2-v4\seed_48\gen_60\vopd\metrics.json,baseline_normalized_v2,w_T=0.0;w_sigma=0.0;w_hot=0.0;w_makespan=0.0;w_H=0.4;w_congestion=0.7;w_D=0.0;w_L=0.0;w_E=0.0,0.21330786373766314,5.0,6.723350039473293,1.723350039473293,34.46700078946585,True,True,True,,325.37271921261,324.4123683947,-0.9603508179099549,-0.2951540683047926,0.9870939912641029,0.866299326332293,-0.1207946649318099,-12.237402516969686,0.0,0.0,0.0,,8.93329e-05,0.0001043461,1.50132e-05,16.80590241669082,0.0,0.0,0.0,,1396000.0,124000.0,-1272000.0,-91.11747851002865,252000.0,64000.0,-188000.0,-74.60317460317461,0.35802469135802467,5.035665294924554,4.677640603566529,1306.513409961686,0.0007507385223064374,0.0008268349614895105,7.609643918307315e-05,10.136210800704326,52.22271921261,51.26236839470005,-0.9603508179099549,-1.8389521503086814,89.3329,104.3461,15.013200000000012,16.80590241669084,0.0,0.0,0.0,,1396000.0,124000.0,-1272000.0,-91.11747851002865,252000.0,64000.0,-188000.0,-74.60317460317461,0.35802469135802467,5.035665294924554,4.677640603566529,1306.513409961686,0.7507385223064373,0.8268349614895105,0.07609643918307318,10.136210800704326,1.0,0.8670374979781441,-0.1329625020218559,1.0,0.8776259748303031,-0.12237402516969687,0.0,0.0,0.0,1.0,1.1680590241669082,0.1680590241669082,1.0,0.08882521489971347,-0.9111747851002865,1.0,0.25396825396825395,-0.746031746031746,0.0,0.0,0.0,1.0,14.06513409961686,13.06513409961686,1.0,1.1013621080070433,0.10136210800704326
ablation_vs_reference,HNN,comm-only,ablation,B-2-v4-ablation,comm-only,48,ga_seed,,D:\HNOCS\out\experimental results\B-2-v4-ablation\comm-only\seed_48\gen_60\hnn\metrics.json,D:\HNOCS\out\experimental results\B-2-v4\seed_48\gen_60\hnn\metrics.json,baseline_normalized_v2,w_T=0.0;w_sigma=0.0;w_hot=0.0;w_makespan=0.0;w_H=0.4;w_congestion=0.7;w_D=0.0;w_L=0.0;w_E=0.0,0.5380597014925373,6.000000000000001,6.456241279558006,0.45624127955800553,7.604021325966759,True,True,True,,328.81757624162,332.03145685444,3.2138806128200486,0.9774053593955223,2.454372247071413,1.6517159383342508,-0.8026563087371621,-32.703120306828005,16.0,12.0,-4.0,-25.0,0.000203177525,0.0003348328,0.000131655275,64.79814881099668,11.14198573637825,10.879103963000535,-0.2628817733777158,-2.3593799130384285,2195456.0,1032192.0,-1163264.0,-52.98507462686567,163840.0,81920.0,-81920.0,-50.0,0.3028095733610822,0.8397502601456815,0.5369406867845994,177.31958762886597,0.004651317011228462,0.005313271265379315,0.0006619542541508533,14.231544583026047,55.66757624162,58.881456854440046,3.2138806128200486,5.773343892089877,203.177525,334.8328,131.65527500000002,64.79814881099671,11.14198573637825,10.879103963000535,-0.2628817733777158,-2.3593799130384285,2195456.0,1032192.0,-1163264.0,-52.98507462686567,163840.0,81920.0,-81920.0,-50.0,0.3028095733610822,0.8397502601456815,0.5369406867845994,177.31958762886597,4.651317011228462,5.313271265379315,0.661954254150853,14.231544583026047,1.0,1.3012756168810828,0.30127561688108284,1.0,0.67296879693172,-0.32703120306828004,1.0,0.75,-0.25,1.0,1.6479814881099668,0.6479814881099668,1.0,0.4701492537313433,-0.5298507462686567,1.0,0.5,-0.5,1.0,0.9764062008696157,-0.023593799130384285,1.0,2.7731958762886597,1.7731958762886597,1.0,1.1423154458302605,0.14231544583026046
ablation_vs_reference,GEMM,comm-only,ablation,B-2-v4-ablation,comm-only,49,ga_seed,,D:\HNOCS\out\experimental results\B-2-v4-ablation\comm-only\seed_49\gen_60\gemm\metrics.json,D:\HNOCS\out\experimental results\B-2-v4\seed_49\gen_60\gemm\metrics.json,baseline_normalized_v2,w_T=0.0;w_sigma=0.0;w_hot=0.0;w_makespan=0.0;w_H=0.4;w_congestion=0.7;w_D=0.0;w_L=0.0;w_E=0.0,0.0,6.000000000000001,8.666909192119425,2.666909192119424,44.44848653532372,True,True,True,,328.08421735578,323.77486247799,-4.309354877790042,-1.3134904545307413,2.1434761400252804,0.8722720114528478,-1.2712041285724327,-59.30572796380369,6.0,0.0,-6.0,-100.0,0.000120405,0.0003557,0.00023529500000000003,195.4196254308376,1.8350526805555563,0.0,-1.8350526805555563,-100.0,104448.0,0.0,-104448.0,-100.0,22528.0,0.0,-22528.0,-100.0,0.9202539178734378,15.0,14.079746082126562,1529.9849105410647,0.0015708734939939562,0.002792228303101708,0.001221354809107752,77.75004249402981,54.93421735578005,50.62486247799001,-4.309354877790042,-7.844573173547953,120.405,355.70000000000005,235.29500000000004,195.4196254308376,1.8350526805555563,0.0,-1.8350526805555563,-100.0,104448.0,0.0,-104448.0,-100.0,22528.0,0.0,-22528.0,-100.0,0.9202539178734378,15.0,14.079746082126562,1529.9849105410647,1.5708734939939561,2.7922283031017083,1.2213548091077522,77.75004249402984,1.0,0.5662109330351304,-0.43378906696486963,1.0,0.40694272036196316,-0.5930572796380369,1.0,0.0,-1.0,1.0,2.954196254308376,1.9541962543083762,1.0,0.0,-1.0,1.0,0.0,-1.0,1.0,0.0,-1.0,1.0,16.299849105410647,15.299849105410647,1.0,1.7775004249402981,0.7775004249402981
ablation_vs_reference,MPEG4,comm-only,ablation,B-2-v4-ablation,comm-only,49,ga_seed,,D:\HNOCS\out\experimental results\B-2-v4-ablation\comm-only\seed_49\gen_60\mpeg4\metrics.json,D:\HNOCS\out\experimental results\B-2-v4\seed_49\gen_60\mpeg4\metrics.json,baseline_normalized_v2,w_T=0.0;w_sigma=0.0;w_hot=0.0;w_makespan=0.0;w_H=0.4;w_congestion=0.7;w_D=0.0;w_L=0.0;w_E=0.0,0.28995670995670997,6.000000000000001,6.640946264466458,0.6409462644664572,10.68243774110762,True,True,True,,327.5966387468,327.7153003173,0.11866157049996673,0.03622185226133112,1.3003837749577485,1.2435260185320696,-0.05685775642567892,-4.372382793496965,2.0,2.0,0.0,0.0,0.0001220699,0.0001418722,1.980229999999999e-05,16.22209897771687,0.07168423611111063,0.16088231578947376,0.08919807967836313,124.43193164548205,420000.0,104000.0,-316000.0,-75.23809523809524,88000.0,24000.0,-64000.0,-72.72727272727273,0.5670623064060744,2.672267755818097,2.105205449412023,371.2476434475758,0.0011328804365769536,0.0012399692075876175,0.00010708877101066393,9.452786680140512,54.44663874680003,54.5653003173,0.11866157049996673,0.21794103957784028,122.06989999999999,141.8722,19.802300000000002,16.22209897771687,0.07168423611111063,0.16088231578947376,0.08919807967836313,124.43193164548205,420000.0,104000.0,-316000.0,-75.23809523809524,88000.0,24000.0,-64000.0,-72.72727272727273,0.5670623064060744,2.672267755818097,2.105205449412023,371.2476434475758,1.1328804365769536,1.2399692075876174,0.10708877101066383,9.452786680140512,1.0,1.0125612478343329,0.012561247834332878,1.0,0.9562761720650303,-0.04372382793496965,1.0,1.0,0.0,1.0,1.1622209897771687,0.1622209897771687,1.0,0.24761904761904763,-0.7523809523809524,1.0,0.2727272727272727,-0.7272727272727273,1.0,2.2443193164548205,1.2443193164548205,1.0,4.712476434475758,3.712476434475758,1.0,1.0945278668014051,0.09452786680140512
ablation_vs_reference,VOPD,comm-only,ablation,B-2-v4-ablation,comm-only,49,ga_seed,,D:\HNOCS\out\experimental results\B-2-v4-ablation\comm-only\seed_49\gen_60\vopd\metrics.json,D:\HNOCS\out\experimental results\B-2-v4\seed_49\gen_60\vopd\metrics.json,baseline_normalized_v2,w_T=0.0;w_sigma=0.0;w_hot=0.0;w_makespan=0.0;w_H=0.4;w_congestion=0.7;w_D=0.0;w_L=0.0;w_E=0.0,0.3025787965616046,5.0,5.664053094114829,0.6640530941148288,13.281061882296585,True,True,True,,325.37271921261,325.29492504934,-0.0777941632699708,-0.023909245820674663,0.9870939912641029,1.0289888927467548,0.04189490148265185,4.244266691260057,0.0,0.0,0.0,,8.93329e-05,9.92823e-05,9.949399999999997e-06,11.13744208460712,0.0,0.0,0.0,,1396000.0,358000.0,-1038000.0,-74.35530085959886,252000.0,72000.0,-180000.0,-71.42857142857143,0.35802469135802467,2.618655692729767,2.2606310013717423,631.4176245210729,0.0007507385223064374,0.0008007644866350438,5.0025964328606425e-05,6.663566986667391,52.22271921261,52.14492504934003,-0.0777941632699708,-0.14896612900078265,89.3329,99.28229999999999,9.949399999999997,11.13744208460712,0.0,0.0,0.0,,1396000.0,358000.0,-1038000.0,-74.35530085959886,252000.0,72000.0,-180000.0,-71.42857142857143,0.35802469135802467,2.618655692729767,2.2606310013717423,631.4176245210729,0.7507385223064373,0.8007644866350438,0.05002596432860651,6.663566986667413,1.0,0.9892292416498552,-0.010770758350144849,1.0,1.0424426669126006,0.04244266691260057,0.0,0.0,0.0,1.0,1.1113744208460712,0.11137442084607119,1.0,0.25644699140401145,-0.7435530085959885,1.0,0.2857142857142857,-0.7142857142857143,0.0,0.0,0.0,1.0,7.314176245210729,6.314176245210729,1.0,1.066635669866674,0.06663566986667391
ablation_vs_reference,HNN,comm-only,ablation,B-2-v4-ablation,comm-only,49,ga_seed,,D:\HNOCS\out\experimental results\B-2-v4-ablation\comm-only\seed_49\gen_60\hnn\metrics.json,D:\HNOCS\out\experimental results\B-2-v4\seed_49\gen_60\hnn\metrics.json,baseline_normalized_v2,w_T=0.0;w_sigma=0.0;w_hot=0.0;w_makespan=0.0;w_H=0.4;w_congestion=0.7;w_D=0.0;w_L=0.0;w_E=0.0,0.5276119402985074,6.000000000000001,5.839779260311603,-0.16022073968839745,-2.6703456614732946,True,True,True,,328.81757624162,329.97015932453,1.1525830829100414,0.3505235626647618,2.454372247071413,1.7506222812530279,-0.703749965818385,-28.67331826531644,16.0,12.0,-4.0,-25.0,0.000203177525,0.000293131926,8.9954401e-05,44.27379504696694,11.14198573637825,5.475610256511075,-5.666375479867176,-50.85606474406647,2195456.0,974848.0,-1220608.0,-55.59701492537313,163840.0,81920.0,-81920.0,-50.0,0.3028095733610822,0.8772112382934444,0.5744016649323622,189.69072164948452,0.004651317011228462,0.00496400018868977,0.00031268317746130803,6.722465415848422,55.66757624162,56.82015932453004,1.1525830829100414,2.0704747013007285,203.177525,293.131926,89.95440100000002,44.27379504696694,11.14198573637825,5.475610256511075,-5.666375479867176,-50.85606474406647,2195456.0,974848.0,-1220608.0,-55.59701492537313,163840.0,81920.0,-81920.0,-50.0,0.3028095733610822,0.8772112382934444,0.5744016649323622,189.69072164948452,4.651317011228462,4.96400018868977,0.3126831774613077,6.722465415848422,1.0,1.108045450700712,0.10804545070071203,1.0,0.7132668173468356,-0.2867331826531644,1.0,0.75,-0.25,1.0,1.4427379504696694,0.44273795046966935,1.0,0.44402985074626866,-0.5559701492537313,1.0,0.5,-0.5,1.0,0.4914393525593352,-0.5085606474406648,1.0,2.8969072164948453,1.8969072164948453,1.0,1.0672246541584842,0.06722465415848422
ablation_vs_reference,GEMM,wout-thermal,ablation,B-2-v4-ablation,wout-thermal,40,ga_seed,,D:\HNOCS\out\experimental results\B-2-v4-ablation\wout-thermal\seed_40\gen_60\gemm\metrics.json,D:\HNOCS\out\experimental results\B-2-v4\seed_40\gen_60\gemm\metrics.json,baseline_normalized_v2,w_T=0.0;w_sigma=0.0;w_hot=0.0;w_makespan=1.2;w_H=0.4;w_congestion=0.7;w_D=0.4;w_L=0.2;w_E=0.5,2.2810611188147587,6.000000000000001,3.9339391468101437,-2.066060853189857,-34.43434755316428,True,True,True,,328.08421735578,326.89700751183,-1.1872098439500292,-0.36186130912313486,2.1434761400252804,1.6555891654800325,-0.4878869745452479,-22.761483808235617,6.0,0.0,-6.0,-100.0,0.000120405,0.0001166186,-3.7863999999999948e-06,-3.144719903658477,1.8350526805555563,0.0,-1.8350526805555563,-100.0,104448.0,43008.0,-61440.0,-58.82352941176471,22528.0,8192.0,-14336.0,-63.63636363636363,0.9202539178734378,0.9964292799047808,0.07617536203134301,8.27764604440613,0.0015708734939939562,0.001517435923728417,-5.3437570265539146e-05,-3.4017742657095673,54.93421735578005,53.74700751183002,-1.1872098439500292,-2.1611481897723106,120.405,116.6186,-3.7864000000000004,-3.1447199036584883,1.8350526805555563,0.0,-1.8350526805555563,-100.0,104448.0,43008.0,-61440.0,-58.82352941176471,22528.0,8192.0,-14336.0,-63.63636363636363,0.9202539178734378,0.9964292799047808,0.07617536203134301,8.27764604440613,1.5708734939939561,1.517435923728417,-0.05343757026553919,-3.4017742657095673,1.0,0.8804928660777417,-0.11950713392225831,1.0,0.7723851619176438,-0.22761483808235616,1.0,0.0,-1.0,1.0,0.9685528009634152,-0.03144719903658477,1.0,0.4117647058823529,-0.5882352941176471,1.0,0.36363636363636365,-0.6363636363636364,1.0,0.0,-1.0,1.0,1.0827764604440613,0.08277646044406128,1.0,0.9659822573429043,-0.03401774265709567
ablation_vs_reference,MPEG4,wout-thermal,ablation,B-2-v4-ablation,wout-thermal,40,ga_seed,,D:\HNOCS\out\experimental results\B-2-v4-ablation\wout-thermal\seed_40\gen_60\mpeg4\metrics.json,D:\HNOCS\out\experimental results\B-2-v4\seed_40\gen_60\mpeg4\metrics.json,baseline_normalized_v2,w_T=0.0;w_sigma=0.0;w_hot=0.0;w_makespan=1.2;w_H=0.4;w_congestion=0.7;w_D=0.4;w_L=0.2;w_E=0.5,2.3308207973135873,6.000000000000001,4.11506525813979,-1.884934741860211,-31.415579031003517,True,True,True,,327.5966387468,326.23929269014,-1.357346056659992,-0.41433454929588054,1.3003837749577485,1.2066652092067076,-0.09371856575104087,-7.206992855173533,2.0,0.0,-2.0,-100.0,0.0001220699,0.0001212096,-8.602999999999958e-07,-0.7047601415254623,0.07168423611111063,0.0,-0.07168423611111063,-100.0,420000.0,264000.0,-156000.0,-37.142857142857146,88000.0,24000.0,-64000.0,-72.72727272727273,0.5670623064060744,0.5670623064060744,0.0,0.0,0.0011328804365769536,0.0011259477898675312,-6.932646709422417e-06,-0.6119486651539052,54.44663874680003,53.08929269014004,-1.357346056659992,-2.4929841178483514,122.06989999999999,121.2096,-0.8602999999999952,-0.7047601415254623,0.07168423611111063,0.0,-0.07168423611111063,-100.0,420000.0,264000.0,-156000.0,-37.142857142857146,88000.0,24000.0,-64000.0,-72.72727272727273,0.5670623064060744,0.5670623064060744,0.0,0.0,1.1328804365769536,1.1259477898675312,-0.0069326467094223965,-0.6119486651539052,1.0,0.8563143893779381,-0.14368561062206187,1.0,0.9279300714482647,-0.07206992855173533,1.0,0.0,-1.0,1.0,0.9929523985847454,-0.007047601415254623,1.0,0.6285714285714286,-0.37142857142857144,1.0,0.2727272727272727,-0.7272727272727273,1.0,0.0,-1.0,1.0,1.0,0.0,1.0,0.993880513348461,-0.006119486651539052
ablation_vs_reference,VOPD,wout-thermal,ablation,B-2-v4-ablation,wout-thermal,40,ga_seed,,D:\HNOCS\out\experimental results\B-2-v4-ablation\wout-thermal\seed_40\gen_60\vopd\metrics.json,D:\HNOCS\out\experimental results\B-2-v4\seed_40\gen_60\vopd\metrics.json,baseline_normalized_v2,w_T=0.0;w_sigma=0.0;w_hot=0.0;w_makespan=1.2;w_H=0.4;w_congestion=0.7;w_D=0.4;w_L=0.2;w_E=0.5,2.2888995797970932,5.0,4.4150411969020595,-0.5849588030979405,-11.699176061958806,True,True,True,,325.37271921261,326.14001529451,0.7672960819000423,0.2358206563097376,0.9870939912641029,1.0067449908461097,0.01965099958200678,1.990793152011916,0.0,0.0,0.0,,8.93329e-05,8.73526e-05,-1.9802999999999986e-06,-2.2167644843053336,0.0,0.0,0.0,,1396000.0,782000.0,-614000.0,-43.98280802292264,252000.0,72000.0,-180000.0,-71.42857142857143,0.35802469135802467,0.35802469135802467,0.0,0.0,0.0007507385223064374,0.0007378738455177449,-1.286467678869249e-05,-1.7136028599104347,52.22271921261,52.990015294510044,0.7672960819000423,1.4692763867316216,89.3329,87.3526,-1.9802999999999997,-2.2167644843053336,0.0,0.0,0.0,,1396000.0,782000.0,-614000.0,-43.98280802292264,252000.0,72000.0,-180000.0,-71.42857142857143,0.35802469135802467,0.35802469135802467,0.0,0.0,0.7507385223064373,0.7378738455177449,-0.012864676788692408,-1.7136028599104347,1.0,1.1062336855848467,0.1062336855848467,1.0,1.0199079315201192,0.01990793152011916,0.0,0.0,0.0,1.0,0.9778323551569467,-0.022167644843053336,1.0,0.5601719197707736,-0.43982808022922637,1.0,0.2857142857142857,-0.7142857142857143,0.0,0.0,0.0,1.0,1.0,0.0,1.0,0.9828639714008957,-0.017136028599104347
ablation_vs_reference,HNN,wout-thermal,ablation,B-2-v4-ablation,wout-thermal,40,ga_seed,,D:\HNOCS\out\experimental results\B-2-v4-ablation\wout-thermal\seed_40\gen_60\hnn\metrics.json,D:\HNOCS\out\experimental results\B-2-v4\seed_40\gen_60\hnn\metrics.json,baseline_normalized_v2,w_T=0.0;w_sigma=0.0;w_hot=0.0;w_makespan=1.2;w_H=0.4;w_congestion=0.7;w_D=0.4;w_L=0.2;w_E=0.5,2.8378916862288652,6.000000000000001,5.097269500116739,-0.9027304998832619,-15.04550833138769,True,True,True,,328.81757624162,329.31319521118,0.4956189695600415,0.15072763908332565,2.454372247071413,1.7804445728788185,-0.6739276741925944,-27.45825027139763,16.0,13.0,-3.0,-18.75,0.000203177525,0.0001967566,-6.420925e-06,-3.1602535762752293,11.14198573637825,5.3885953354822185,-5.753390400896032,-51.637028955362815,2195456.0,1556480.0,-638976.0,-29.104477611940293,163840.0,122880.0,-40960.0,-25.0,0.3028095733610822,0.29864724245577523,-0.004162330905306988,-1.3745704467354014,0.004651317011228462,0.004432983226101985,-0.0002183337851264771,-4.694020738629745,55.66757624162,56.16319521118004,0.4956189695600415,0.890318930734213,203.177525,196.75660000000002,-6.420924999999983,-3.160253576275218,11.14198573637825,5.3885953354822185,-5.753390400896032,-51.637028955362815,2195456.0,1556480.0,-638976.0,-29.104477611940293,163840.0,122880.0,-40960.0,-25.0,0.3028095733610822,0.29864724245577523,-0.004162330905306988,-1.3745704467354014,4.651317011228462,4.432983226101985,-0.21833378512647705,-4.694020738629745,1.0,1.0464603166018502,0.04646031660185024,1.0,0.7254174972860237,-0.27458250271397633,1.0,0.8125,-0.1875,1.0,0.9683974642372477,-0.03160253576275229,1.0,0.7089552238805971,-0.29104477611940294,1.0,0.75,-0.25,1.0,0.4836297104463718,-0.5163702895536282,1.0,0.986254295532646,-0.013745704467354014,1.0,0.9530597926137025,-0.04694020738629745
ablation_vs_reference,GEMM,wout-thermal,ablation,B-2-v4-ablation,wout-thermal,41,ga_seed,,D:\HNOCS\out\experimental results\B-2-v4-ablation\wout-thermal\seed_41\gen_60\gemm\metrics.json,D:\HNOCS\out\experimental results\B-2-v4\seed_41\gen_60\gemm\metrics.json,baseline_normalized_v2,w_T=0.0;w_sigma=0.0;w_hot=0.0;w_makespan=1.2;w_H=0.4;w_congestion=0.7;w_D=0.4;w_L=0.2;w_E=0.5,2.4803488898158466,6.000000000000001,4.33993589705318,-1.660064102946821,-27.667735049113684,True,True,True,,328.08421735578,327.85073240033,-0.2334849554500238,-0.07116616499623918,2.1434761400252804,1.6785349714683813,-0.46494116855689915,-21.690988757701568,6.0,1.0,-5.0,-83.33333333333334,0.000120405,0.0001187507,-1.654300000000002e-06,-1.373946264690007,1.8350526805555563,0.30068174999999997,-1.5343709305555562,-83.61454397543675,104448.0,54272.0,-50176.0,-48.0392156862745,22528.0,10240.0,-12288.0,-54.54545454545454,0.9202539178734378,0.9964292799047808,0.07617536203134301,8.27764604440613,0.0015708734939939562,0.0015354162821669894,-3.54572118269668e-05,-2.2571653263317004,54.93421735578005,54.700732400330025,-0.2334849554500238,-0.42502645288976515,120.405,118.7507,-1.6543000000000063,-1.373946264690007,1.8350526805555563,0.30068174999999997,-1.5343709305555562,-83.61454397543675,104448.0,54272.0,-50176.0,-48.0392156862745,22528.0,10240.0,-12288.0,-54.54545454545454,0.9202539178734378,0.9964292799047808,0.07617536203134301,8.27764604440613,1.5708734939939561,1.5354162821669894,-0.035457211826966706,-2.2571653263316893,1.0,0.9764968948143484,-0.023503105185651574,1.0,0.7830901124229843,-0.21690988757701568,1.0,0.16666666666666666,-0.8333333333333334,1.0,0.9862605373530999,-0.013739462646900069,1.0,0.5196078431372549,-0.48039215686274506,1.0,0.45454545454545453,-0.5454545454545454,1.0,0.16385456024563258,-0.8361454397543674,1.0,1.0827764604440613,0.08277646044406128,1.0,0.977428346736683,-0.022571653263317004
ablation_vs_reference,MPEG4,wout-thermal,ablation,B-2-v4-ablation,wout-thermal,41,ga_seed,,D:\HNOCS\out\experimental results\B-2-v4-ablation\wout-thermal\seed_41\gen_60\mpeg4\metrics.json,D:\HNOCS\out\experimental results\B-2-v4\seed_41\gen_60\mpeg4\metrics.json,baseline_normalized_v2,w_T=0.0;w_sigma=0.0;w_hot=0.0;w_makespan=1.2;w_H=0.4;w_congestion=0.7;w_D=0.4;w_L=0.2;w_E=0.5,2.570226693329119,6.000000000000001,4.41144975271096,-1.5885502472890405,-26.47583745481734,True,True,True,,327.5966387468,326.96729818981,-0.6293405569900301,-0.1921083682047353,1.3003837749577485,1.1805451394877744,-0.11983863546997409,-9.215636012827666,2.0,0.0,-2.0,-100.0,0.0001220699,0.0001211156,-9.542999999999986e-07,-0.7817652017409693,0.07168423611111063,0.0,-0.07168423611111063,-100.0,420000.0,316000.0,-104000.0,-24.761904761904763,88000.0,48000.0,-40000.0,-45.45454545454546,0.5670623064060744,0.5670623064060744,0.0,0.0,0.0011328804365769536,0.0011257145440717541,-7.165892505199469e-06,-0.6325374041104892,54.44663874680003,53.81729818981,-0.6293405569900301,-1.1558850490601125,122.06989999999999,121.1156,-0.9542999999999893,-0.7817652017409582,0.07168423611111063,0.0,-0.07168423611111063,-100.0,420000.0,316000.0,-104000.0,-24.761904761904763,88000.0,48000.0,-40000.0,-45.45454545454546,0.5670623064060744,0.5670623064060744,0.0,0.0,1.1328804365769536,1.1257145440717542,-0.007165892505199389,-0.6325374041104892,1.0,0.9333794195101179,-0.06662058048988206,1.0,0.9078436398717233,-0.09215636012827666,1.0,0.0,-1.0,1.0,0.9921823479825903,-0.007817652017409693,1.0,0.7523809523809524,-0.24761904761904763,1.0,0.5454545454545454,-0.4545454545454546,1.0,0.0,-1.0,1.0,1.0,0.0,1.0,0.9936746259588951,-0.006325374041104892
ablation_vs_reference,VOPD,wout-thermal,ablation,B-2-v4-ablation,wout-thermal,41,ga_seed,,D:\HNOCS\out\experimental results\B-2-v4-ablation\wout-thermal\seed_41\gen_60\vopd\metrics.json,D:\HNOCS\out\experimental results\B-2-v4\seed_41\gen_60\vopd\metrics.json,baseline_normalized_v2,w_T=0.0;w_sigma=0.0;w_hot=0.0;w_makespan=1.2;w_H=0.4;w_congestion=0.7;w_D=0.4;w_L=0.2;w_E=0.5,2.4266472935097307,5.0,4.550221970283686,-0.4497780297163141,-8.99556059432628,True,True,True,,325.37271921261,326.16871864604,0.7959994334300404,0.24464233982379735,0.9870939912641029,1.0002884316800806,0.013194440415977726,1.3366954446840884,0.0,0.0,0.0,,8.93329e-05,8.74026e-05,-1.9302999999999974e-06,-2.160794063553295,0.0,0.0,0.0,,1396000.0,756000.0,-640000.0,-45.84527220630372,252000.0,124000.0,-128000.0,-50.79365079365079,0.35802469135802467,0.35802469135802467,0.0,0.0,0.0007507385223064374,0.0007379961872977866,-1.2742335008650752e-05,-1.6973066693718342,52.22271921261,53.01871864604004,0.7959994334300404,1.5242397282863696,89.3329,87.4026,-1.9302999999999884,-2.160794063553284,0.0,0.0,0.0,,1396000.0,756000.0,-640000.0,-45.84527220630372,252000.0,124000.0,-128000.0,-50.79365079365079,0.35802469135802467,0.35802469135802467,0.0,0.0,0.7507385223064373,0.7379961872977866,-0.01274233500865074,-1.6973066693718342,1.0,1.1102077223271147,0.11020772232711473,1.0,1.0133669544468409,0.013366954446840884,0.0,0.0,0.0,1.0,0.978392059364467,-0.021607940635532952,1.0,0.5415472779369628,-0.4584527220630372,1.0,0.49206349206349204,-0.5079365079365079,0.0,0.0,0.0,1.0,1.0,0.0,1.0,0.9830269333062817,-0.01697306669371834
ablation_vs_reference,HNN,wout-thermal,ablation,B-2-v4-ablation,wout-thermal,41,ga_seed,,D:\HNOCS\out\experimental results\B-2-v4-ablation\wout-thermal\seed_41\gen_60\hnn\metrics.json,D:\HNOCS\out\experimental results\B-2-v4\seed_41\gen_60\hnn\metrics.json,baseline_normalized_v2,w_T=0.0;w_sigma=0.0;w_hot=0.0;w_makespan=1.2;w_H=0.4;w_congestion=0.7;w_D=0.4;w_L=0.2;w_E=0.5,2.873008522755603,6.000000000000001,5.095942056320546,-0.9040579436794545,-15.06763239465757,True,True,True,,328.81757624162,329.37214501577,0.5545687741500274,0.1686554534245932,2.454372247071413,1.7694726618529322,-0.6848995852184807,-27.90528559943225,16.0,12.0,-4.0,-25.0,0.000203177525,0.0002037306,5.530749999999778e-07,0.2722126869101116,11.14198573637825,5.135373298607642,-6.006612437770609,-53.909712145467914,2195456.0,1564672.0,-630784.0,-28.73134328358209,163840.0,122880.0,-40960.0,-25.0,0.3028095733610822,0.29656607700312176,-0.006243496357960454,-2.0618556701030966,0.004651317011228462,0.0044599609323250355,-0.0001913560789034265,-4.1140192861825025,55.66757624162,56.222145015770025,0.5545687741500274,0.9962150529833957,203.177525,203.73059999999998,0.5530749999999784,0.2722126869101116,11.14198573637825,5.135373298607642,-6.006612437770609,-53.909712145467914,2195456.0,1564672.0,-630784.0,-28.73134328358209,163840.0,122880.0,-40960.0,-25.0,0.3028095733610822,0.29656607700312176,-0.006243496357960454,-2.0618556701030966,4.651317011228462,4.4599609323250355,-0.19135607890342676,-4.114019286182513,1.0,1.051986389559266,0.051986389559266044,1.0,0.7209471440056775,-0.2790528559943225,1.0,0.75,-0.25,1.0,1.0027221268691011,0.002722126869101116,1.0,0.7126865671641791,-0.2873134328358209,1.0,0.75,-0.25,1.0,0.46090287854532086,-0.5390971214546791,1.0,0.979381443298969,-0.020618556701030966,1.0,0.958859807138175,-0.04114019286182502
ablation_vs_reference,GEMM,wout-thermal,ablation,B-2-v4-ablation,wout-thermal,42,ga_seed,,D:\HNOCS\out\experimental results\B-2-v4-ablation\wout-thermal\seed_42\gen_60\gemm\metrics.json,D:\HNOCS\out\experimental results\B-2-v4\seed_42\gen_60\gemm\metrics.json,baseline_normalized_v2,w_T=0.0;w_sigma=0.0;w_hot=0.0;w_makespan=1.2;w_H=0.4;w_congestion=0.7;w_D=0.4;w_L=0.2;w_E=0.5,2.2941218642588566,6.000000000000001,3.991833926233945,-2.008166073766056,-33.469434562767596,True,True,True,,328.08421735578,327.11445404871,-0.9697633070700249,-0.29558365071197246,2.1434761400252804,1.7047720636344015,-0.43870407639087894,-20.4669447071944,6.0,0.0,-6.0,-100.0,0.000120405,0.0001167107,-3.694300000000003e-06,-3.0682280636186277,1.8350526805555563,0.0,-1.8350526805555563,-100.0,104448.0,46080.0,-58368.0,-55.88235294117647,22528.0,8192.0,-14336.0,-63.63636363636363,0.9202539178734378,0.9964292799047808,0.07617536203134301,8.27764604440613,0.0015708734939939562,0.0015186239360212332,-5.224955797272302e-05,-3.326146769456151,54.93421735578005,53.964454048710024,-0.9697633070700249,-1.7653174173564268,120.405,116.71069999999999,-3.6943000000000126,-3.0682280636186277,1.8350526805555563,0.0,-1.8350526805555563,-100.0,104448.0,46080.0,-58368.0,-55.88235294117647,22528.0,8192.0,-14336.0,-63.63636363636363,0.9202539178734378,0.9964292799047808,0.07617536203134301,8.27764604440613,1.5708734939939561,1.5186239360212332,-0.052249557972722904,-3.326146769456151,1.0,0.9023815090470327,-0.09761849095296726,1.0,0.795330552928056,-0.204669447071944,1.0,0.0,-1.0,1.0,0.9693177193638137,-0.030682280636186277,1.0,0.4411764705882353,-0.5588235294117647,1.0,0.36363636363636365,-0.6363636363636364,1.0,0.0,-1.0,1.0,1.0827764604440613,0.08277646044406128,1.0,0.9667385323054385,-0.03326146769456151
ablation_vs_reference,MPEG4,wout-thermal,ablation,B-2-v4-ablation,wout-thermal,42,ga_seed,,D:\HNOCS\out\experimental results\B-2-v4-ablation\wout-thermal\seed_42\gen_60\mpeg4\metrics.json,D:\HNOCS\out\experimental results\B-2-v4\seed_42\gen_60\mpeg4\metrics.json,baseline_normalized_v2,w_T=0.0;w_sigma=0.0;w_hot=0.0;w_makespan=1.2;w_H=0.4;w_congestion=0.7;w_D=0.4;w_L=0.2;w_E=0.5,2.422519807610618,6.000000000000001,4.312661814995082,-1.6873381850049185,-28.1223030834153,True,True,True,,327.5966387468,326.9312650467,-0.6653737001000195,-0.20310760899299174,1.3003837749577485,1.2491187136992685,-0.05126506125847996,-3.9423024376127436,2.0,0.0,-2.0,-100.0,0.0001220699,0.0001215507,-5.192e-07,-0.42533007727539873,0.07168423611111063,0.0,-0.07168423611111063,-100.0,420000.0,268000.0,-152000.0,-36.1904761904762,88000.0,24000.0,-64000.0,-72.72727272727273,0.5670623064060744,0.803897919464927,0.2368356130588526,41.765359887852284,0.0011328804365769536,0.0011282262524620098,-4.654184114943763e-06,-0.4108274769936471,54.44663874680003,53.781265046700014,-0.6653737001000195,-1.222065705826747,122.06989999999999,121.55069999999999,-0.5191999999999979,-0.42533007727539873,0.07168423611111063,0.0,-0.07168423611111063,-100.0,420000.0,268000.0,-152000.0,-36.1904761904762,88000.0,24000.0,-64000.0,-72.72727272727273,0.5670623064060744,0.803897919464927,0.2368356130588526,41.765359887852284,1.1328804365769536,1.12822625246201,-0.004654184114943671,-0.4108274769936471,1.0,0.9295650317605922,-0.07043496823940776,1.0,0.9605769756238726,-0.039423024376127436,1.0,0.0,-1.0,1.0,0.995746699227246,-0.004253300772753987,1.0,0.638095238095238,-0.36190476190476195,1.0,0.2727272727272727,-0.7272727272727273,1.0,0.0,-1.0,1.0,1.4176535988785228,0.4176535988785228,1.0,0.9958917252300635,-0.004108274769936471
ablation_vs_reference,VOPD,wout-thermal,ablation,B-2-v4-ablation,wout-thermal,42,ga_seed,,D:\HNOCS\out\experimental results\B-2-v4-ablation\wout-thermal\seed_42\gen_60\vopd\metrics.json,D:\HNOCS\out\experimental results\B-2-v4\seed_42\gen_60\vopd\metrics.json,baseline_normalized_v2,w_T=0.0;w_sigma=0.0;w_hot=0.0;w_makespan=1.2;w_H=0.4;w_congestion=0.7;w_D=0.4;w_L=0.2;w_E=0.5,2.3096167162447374,5.0,4.376849990802312,-0.6231500091976878,-12.463000183953755,True,True,True,,325.37271921261,325.70132582227,0.32860660966002797,0.10099390337803271,0.9870939912641029,1.0085504815994137,0.02145649033531083,2.1737028616528153,0.0,0.0,0.0,,8.93329e-05,8.76906e-05,-1.6423000000000029e-06,-1.838404440021546,0.0,0.0,0.0,,1396000.0,834000.0,-562000.0,-40.257879656160455,252000.0,72000.0,-180000.0,-71.42857142857143,0.35802469135802467,0.35802469135802467,0.0,0.0,0.0007507385223064374,0.0007397913855288225,-1.0947136777614925e-05,-1.4581823700724583,52.22271921261,52.55132582227003,0.32860660966002797,0.6292407109675713,89.3329,87.6906,-1.6422999999999917,-1.8384044400215238,0.0,0.0,0.0,,1396000.0,834000.0,-562000.0,-40.257879656160455,252000.0,72000.0,-180000.0,-71.42857142857143,0.35802469135802467,0.35802469135802467,0.0,0.0,0.7507385223064373,0.7397913855288225,-0.01094713677761483,-1.4581823700724361,1.0,1.0454962459410466,0.04549624594104662,1.0,1.0217370286165282,0.021737028616528153,0.0,0.0,0.0,1.0,0.9816159555997845,-0.01838404440021546,1.0,0.5974212034383954,-0.40257879656160456,1.0,0.2857142857142857,-0.7142857142857143,0.0,0.0,0.0,1.0,1.0,0.0,1.0,0.9854181762992754,-0.014581823700724583
ablation_vs_reference,HNN,wout-thermal,ablation,B-2-v4-ablation,wout-thermal,42,ga_seed,,D:\HNOCS\out\experimental results\B-2-v4-ablation\wout-thermal\seed_42\gen_60\hnn\metrics.json,D:\HNOCS\out\experimental results\B-2-v4\seed_42\gen_60\hnn\metrics.json,baseline_normalized_v2,w_T=0.0;w_sigma=0.0;w_hot=0.0;w_makespan=1.2;w_H=0.4;w_congestion=0.7;w_D=0.4;w_L=0.2;w_E=0.5,2.8693522615775136,6.000000000000001,5.194333631997547,-0.8056663680024538,-13.427772800040893,True,True,True,,328.81757624162,330.23564778955,1.418071547930026,0.4312639136078378,2.454372247071413,1.8212632403069984,-0.6331090067644145,-25.79515016598839,16.0,12.0,-4.0,-25.0,0.000203177525,0.0001999567,-3.2208250000000235e-06,-1.5852270077608366,11.14198573637825,6.337994693462807,-4.8039910429154435,-43.11611194430591,2195456.0,1515520.0,-679936.0,-30.97014925373134,163840.0,122880.0,-40960.0,-25.0,0.3028095733610822,0.26742976066597296,-0.03537981269510926,-11.683848797250862,0.004651317011228462,0.004493988334857209,-0.00015732867637125326,-3.382454388541045,55.66757624162,57.08564778955002,1.418071547930026,2.547392294888162,203.177525,199.95669999999998,-3.220825000000019,-1.5852270077608366,11.14198573637825,6.337994693462807,-4.8039910429154435,-43.11611194430591,2195456.0,1515520.0,-679936.0,-30.97014925373134,163840.0,122880.0,-40960.0,-25.0,0.3028095733610822,0.26742976066597296,-0.03537981269510926,-11.683848797250862,4.651317011228462,4.4939883348572085,-0.1573286763712538,-3.3824543885410563,1.0,1.1329328720799163,0.13293287207991633,1.0,0.7420484983401161,-0.2579515016598839,1.0,0.75,-0.25,1.0,0.9841477299223916,-0.015852270077608366,1.0,0.6902985074626866,-0.3097014925373134,1.0,0.75,-0.25,1.0,0.5688388805569409,-0.4311611194430591,1.0,0.8831615120274914,-0.11683848797250862,1.0,0.9661754561145895,-0.03382454388541045
ablation_vs_reference,GEMM,wout-thermal,ablation,B-2-v4-ablation,wout-thermal,43,ga_seed,,D:\HNOCS\out\experimental results\B-2-v4-ablation\wout-thermal\seed_43\gen_60\gemm\metrics.json,D:\HNOCS\out\experimental results\B-2-v4\seed_43\gen_60\gemm\metrics.json,baseline_normalized_v2,w_T=0.0;w_sigma=0.0;w_hot=0.0;w_makespan=1.2;w_H=0.4;w_congestion=0.7;w_D=0.4;w_L=0.2;w_E=0.5,2.2796576604315435,6.000000000000001,4.022977950455217,-1.977022049544784,-32.950367492413065,True,True,True,,328.08421735578,327.11445404179,-0.969763313990029,-0.29558365282118526,2.1434761400252804,1.8025322137384827,-0.3409439262867977,-15.906121832677666,6.0,0.0,-6.0,-100.0,0.000120405,0.0001164686,-3.9363999999999984e-06,-3.269299447697349,1.8350526805555563,0.0,-1.8350526805555563,-100.0,104448.0,43008.0,-61440.0,-58.82352941176471,22528.0,8192.0,-14336.0,-63.63636363636363,0.9202539178734378,0.9964292799047808,0.07617536203134301,8.27764604440613,0.0015708734939939562,0.0015177233814671729,-5.315011252678332e-05,-3.3834750366593003,54.93421735578005,53.96445404179002,-0.969763313990029,-1.765317429953328,120.405,116.4686,-3.936400000000006,-3.2692994476973603,1.8350526805555563,0.0,-1.8350526805555563,-100.0,104448.0,43008.0,-61440.0,-58.82352941176471,22528.0,8192.0,-14336.0,-63.63636363636363,0.9202539178734378,0.9964292799047808,0.07617536203134301,8.27764604440613,1.5708734939939561,1.517723381467173,-0.053150112526783255,-3.3834750366593003,1.0,0.9023815083504501,-0.09761849164954994,1.0,0.8409387816732233,-0.15906121832677667,1.0,0.0,-1.0,1.0,0.9673070055230265,-0.03269299447697349,1.0,0.4117647058823529,-0.5882352941176471,1.0,0.36363636363636365,-0.6363636363636364,1.0,0.0,-1.0,1.0,1.0827764604440613,0.08277646044406128,1.0,0.966165249633407,-0.033834750366593
ablation_vs_reference,MPEG4,wout-thermal,ablation,B-2-v4-ablation,wout-thermal,43,ga_seed,,D:\HNOCS\out\experimental results\B-2-v4-ablation\wout-thermal\seed_43\gen_60\mpeg4\metrics.json,D:\HNOCS\out\experimental results\B-2-v4\seed_43\gen_60\mpeg4\metrics.json,baseline_normalized_v2,w_T=0.0;w_sigma=0.0;w_hot=0.0;w_makespan=1.2;w_H=0.4;w_congestion=0.7;w_D=0.4;w_L=0.2;w_E=0.5,2.5820908568032164,6.000000000000001,4.426996610454097,-1.573003389545904,-26.2167231590984,True,True,True,,327.5966387468,326.91164194525,-0.6849968015500281,-0.20909762815957134,1.3003837749577485,1.1929954552899165,-0.10738831966783202,-8.258202058182496,2.0,0.0,-2.0,-100.0,0.0001220699,0.0001217796,-2.902999999999928e-07,-0.23781456362296227,0.07168423611111063,0.0,-0.07168423611111063,-100.0,420000.0,320000.0,-100000.0,-23.809523809523814,88000.0,48000.0,-40000.0,-45.45454545454546,0.5670623064060744,0.5670623064060744,0.0,0.0,0.0011328804365769536,0.0011291748865978,-3.7055499791534795e-06,-0.32709100267896973,54.44663874680003,53.761641945250005,-0.6849968015500281,-1.2581066844834177,122.06989999999999,121.7796,-0.2902999999999878,-0.23781456362296227,0.07168423611111063,0.0,-0.07168423611111063,-100.0,420000.0,320000.0,-100000.0,-23.809523809523814,88000.0,48000.0,-40000.0,-45.45454545454546,0.5670623064060744,0.5670623064060744,0.0,0.0,1.1328804365769536,1.1291748865978002,-0.0037055499791533997,-0.32709100267896973,1.0,0.9274877742327063,-0.07251222576729366,1.0,0.917417979418175,-0.08258202058182496,1.0,0.0,-1.0,1.0,0.9976218543637704,-0.0023781456362296227,1.0,0.7619047619047619,-0.23809523809523814,1.0,0.5454545454545454,-0.4545454545454546,1.0,0.0,-1.0,1.0,1.0,0.0,1.0,0.9967290899732103,-0.0032709100267896973
ablation_vs_reference,VOPD,wout-thermal,ablation,B-2-v4-ablation,wout-thermal,43,ga_seed,,D:\HNOCS\out\experimental results\B-2-v4-ablation\wout-thermal\seed_43\gen_60\vopd\metrics.json,D:\HNOCS\out\experimental results\B-2-v4\seed_43\gen_60\vopd\metrics.json,baseline_normalized_v2,w_T=0.0;w_sigma=0.0;w_hot=0.0;w_makespan=1.2;w_H=0.4;w_congestion=0.7;w_D=0.4;w_L=0.2;w_E=0.5,2.3629894111573746,5.0,4.641849635338398,-0.35815036466160244,-7.163007293232049,True,True,True,,325.37271921261,326.93460527568,1.5618860630700055,0.48002981529911004,0.9870939912641029,1.0488998527470497,0.061805861482946756,6.261395776890133,0.0,0.0,0.0,,8.93329e-05,8.72546e-05,-2.0782999999999967e-06,-2.32646650897933,0.0,0.0,0.0,,1396000.0,620000.0,-776000.0,-55.587392550143264,252000.0,72000.0,-180000.0,-71.42857142857143,0.35802469135802467,0.5775034293552812,0.21947873799725653,61.30268199233717,0.0007507385223064374,0.0007367015369561646,-1.403698535027277e-05,-1.8697569037949502,52.22271921261,53.78460527568001,1.5618860630700055,2.990817189566908,89.3329,87.2546,-2.0782999999999987,-2.32646650897933,0.0,0.0,0.0,,1396000.0,620000.0,-776000.0,-55.587392550143264,252000.0,72000.0,-180000.0,-71.42857142857143,0.35802469135802467,0.5775034293552812,0.21947873799725653,61.30268199233717,0.7507385223064373,0.7367015369561646,-0.014036985350272757,-1.869756903794939,1.0,1.2162462664121207,0.21624626641212075,1.0,1.0626139577689013,0.06261395776890133,0.0,0.0,0.0,1.0,0.9767353349102067,-0.0232646650897933,1.0,0.44412607449856734,-0.5558739255014327,1.0,0.2857142857142857,-0.7142857142857143,0.0,0.0,0.0,1.0,1.6130268199233717,0.6130268199233717,1.0,0.9813024309620505,-0.018697569037949502
ablation_vs_reference,HNN,wout-thermal,ablation,B-2-v4-ablation,wout-thermal,43,ga_seed,,D:\HNOCS\out\experimental results\B-2-v4-ablation\wout-thermal\seed_43\gen_60\hnn\metrics.json,D:\HNOCS\out\experimental results\B-2-v4\seed_43\gen_60\hnn\metrics.json,baseline_normalized_v2,w_T=0.0;w_sigma=0.0;w_hot=0.0;w_makespan=1.2;w_H=0.4;w_congestion=0.7;w_D=0.4;w_L=0.2;w_E=0.5,2.9437518059176275,6.000000000000001,5.312421925005786,-0.6875780749942146,-11.45963458323691,True,True,True,,328.81757624162,330.86714632305,2.0495700814300335,0.6233152451449175,2.454372247071413,1.7831979126311708,-0.6711743344402421,-27.346069254209326,16.0,12.0,-4.0,-25.0,0.000203177525,0.0002015607,-1.616825000000003e-06,-0.7957696108366386,11.14198573637825,9.228142101273743,-1.9138436351045076,-17.17686308694387,2195456.0,1531904.0,-663552.0,-30.22388059701493,163840.0,114688.0,-49152.0,-30.000000000000004,0.3028095733610822,0.23829344432882413,-0.06451612903225809,-21.30584192439864,0.004651317011228462,0.004609601207921503,-4.171580330695861e-05,-0.89686003354007,55.66757624162,57.71714632305003,2.0495700814300335,3.6818022622972846,203.177525,201.5607,-1.6168250000000057,-0.7957696108366386,11.14198573637825,9.228142101273743,-1.9138436351045076,-17.17686308694387,2195456.0,1531904.0,-663552.0,-30.22388059701493,163840.0,114688.0,-49152.0,-30.000000000000004,0.3028095733610822,0.23829344432882413,-0.06451612903225809,-21.30584192439864,4.651317011228462,4.609601207921504,-0.041715803306958676,-0.89686003354007,1.0,1.1921308116302511,0.19213081163025114,1.0,0.7265393074579067,-0.27346069254209326,1.0,0.75,-0.25,1.0,0.9920423038916336,-0.007957696108366386,1.0,0.6977611940298507,-0.3022388059701493,1.0,0.7,-0.30000000000000004,1.0,0.8282313691305613,-0.17176863086943872,1.0,0.7869415807560136,-0.21305841924398639,1.0,0.9910313996645993,-0.0089686003354007
ablation_vs_reference,GEMM,wout-thermal,ablation,B-2-v4-ablation,wout-thermal,44,ga_seed,,D:\HNOCS\out\experimental results\B-2-v4-ablation\wout-thermal\seed_44\gen_60\gemm\metrics.json,D:\HNOCS\out\experimental results\B-2-v4\seed_44\gen_60\gemm\metrics.json,baseline_normalized_v2,w_T=0.0;w_sigma=0.0;w_hot=0.0;w_makespan=1.2;w_H=0.4;w_congestion=0.7;w_D=0.4;w_L=0.2;w_E=0.5,2.264221443248095,6.000000000000001,3.764643003704245,-2.235356996295756,-37.2559499382626,True,True,True,,328.08421735578,326.2812001028,-1.8030172529799984,-0.5495592770391577,2.1434761400252804,1.4616732736997564,-0.681802866325524,-31.808278785761658,6.0,0.0,-6.0,-100.0,0.000120405,0.0001167428,-3.6621999999999935e-06,-3.041568041194298,1.8350526805555563,0.0,-1.8350526805555563,-100.0,104448.0,49152.0,-55296.0,-52.94117647058824,22528.0,8192.0,-14336.0,-63.63636363636363,0.9202539178734378,0.8059908748264233,-0.11426304304701451,-12.416469066609181,0.0015708734939939562,0.0015167488881970572,-5.4124605796898985e-05,-3.445510157491216,54.93421735578005,53.13120010280005,-1.8030172529799984,-3.2821387830153315,120.405,116.7428,-3.6621999999999986,-3.041568041194298,1.8350526805555563,0.0,-1.8350526805555563,-100.0,104448.0,49152.0,-55296.0,-52.94117647058824,22528.0,8192.0,-14336.0,-63.63636363636363,0.9202539178734378,0.8059908748264233,-0.11426304304701451,-12.416469066609181,1.5708734939939561,1.5167488881970572,-0.05412460579689893,-3.445510157491216,1.0,0.8185043483137658,-0.18149565168623416,1.0,0.6819172121423834,-0.31808278785761657,1.0,0.0,-1.0,1.0,0.969584319588057,-0.03041568041194298,1.0,0.47058823529411764,-0.5294117647058824,1.0,0.36363636363636365,-0.6363636363636364,1.0,0.0,-1.0,1.0,0.8758353093339082,-0.12416469066609181,1.0,0.9655448984250878,-0.03445510157491216
ablation_vs_reference,MPEG4,wout-thermal,ablation,B-2-v4-ablation,wout-thermal,44,ga_seed,,D:\HNOCS\out\experimental results\B-2-v4-ablation\wout-thermal\seed_44\gen_60\mpeg4\metrics.json,D:\HNOCS\out\experimental results\B-2-v4\seed_44\gen_60\mpeg4\metrics.json,baseline_normalized_v2,w_T=0.0;w_sigma=0.0;w_hot=0.0;w_makespan=1.2;w_H=0.4;w_congestion=0.7;w_D=0.4;w_L=0.2;w_E=0.5,2.357452878966292,6.000000000000001,4.032194807165138,-1.967805192834863,-32.79675321391438,True,True,True,,327.5966387468,325.72487643752,-1.8717623092800295,-0.5713618785712637,1.3003837749577485,1.1350822275586243,-0.16530154739912417,-12.711750990933046,2.0,0.0,-2.0,-100.0,0.0001220699,0.0001211636,-9.062999999999883e-07,-0.7424434688649617,0.07168423611111063,0.0,-0.07168423611111063,-100.0,420000.0,244000.0,-176000.0,-41.9047619047619,88000.0,24000.0,-64000.0,-72.72727272727273,0.5670623064060744,0.6986376469943258,0.1315753405882515,23.202977715473505,0.0011328804365769536,0.0011253268472188151,-7.553589358138451e-06,-0.6667596256637598,54.44663874680003,52.574876437520004,-1.8717623092800295,-3.437792217044877,122.06989999999999,121.1636,-0.9062999999999874,-0.7424434688649617,0.07168423611111063,0.0,-0.07168423611111063,-100.0,420000.0,244000.0,-176000.0,-41.9047619047619,88000.0,24000.0,-64000.0,-72.72727272727273,0.5670623064060744,0.6986376469943258,0.1315753405882515,23.202977715473505,1.1328804365769536,1.1253268472188152,-0.007553589358138435,-0.6667596256637598,1.0,0.8018594381081765,-0.1981405618918235,1.0,0.8728824900906695,-0.12711750990933046,1.0,0.0,-1.0,1.0,0.9925755653113504,-0.007424434688649617,1.0,0.580952380952381,-0.419047619047619,1.0,0.2727272727272727,-0.7272727272727273,1.0,0.0,-1.0,1.0,1.232029777154735,0.23202977715473505,1.0,0.9933324037433624,-0.006667596256637598
ablation_vs_reference,VOPD,wout-thermal,ablation,B-2-v4-ablation,wout-thermal,44,ga_seed,,D:\HNOCS\out\experimental results\B-2-v4-ablation\wout-thermal\seed_44\gen_60\vopd\metrics.json,D:\HNOCS\out\experimental results\B-2-v4\seed_44\gen_60\vopd\metrics.json,baseline_normalized_v2,w_T=0.0;w_sigma=0.0;w_hot=0.0;w_makespan=1.2;w_H=0.4;w_congestion=0.7;w_D=0.4;w_L=0.2;w_E=0.5,2.3450566839424902,5.0,4.435516876415205,-0.5644831235847949,-11.289662471695895,True,True,True,,325.37271921261,325.68627235953,0.31355314692001457,0.09636737452323185,0.9870939912641029,1.033534916424622,0.04644092516051901,4.704812872079733,0.0,0.0,0.0,,8.93329e-05,8.76007e-05,-1.7322000000000035e-06,-1.9390392565337145,0.0,0.0,0.0,,1396000.0,962000.0,-434000.0,-31.088825214899718,252000.0,72000.0,-180000.0,-71.42857142857143,0.35802469135802467,0.35802469135802467,0.0,0.0,0.0007507385223064374,0.000739748394833968,-1.099012747246943e-05,-1.4639088239012055,52.22271921261,52.53627235953002,0.31355314692001457,0.6004152055802958,89.3329,87.6007,-1.7321999999999917,-1.9390392565337033,0.0,0.0,0.0,,1396000.0,962000.0,-434000.0,-31.088825214899718,252000.0,72000.0,-180000.0,-71.42857142857143,0.35802469135802467,0.35802469135802467,0.0,0.0,0.7507385223064373,0.7397483948339679,-0.010990127472469413,-1.4639088239011944,1.0,1.0434120637519162,0.0434120637519162,1.0,1.0470481287207973,0.04704812872079733,0.0,0.0,0.0,1.0,0.9806096074346629,-0.019390392565337145,1.0,0.6891117478510028,-0.3108882521489972,1.0,0.2857142857142857,-0.7142857142857143,0.0,0.0,0.0,1.0,1.0,0.0,1.0,0.985360911760988,-0.014639088239012055
ablation_vs_reference,HNN,wout-thermal,ablation,B-2-v4-ablation,wout-thermal,44,ga_seed,,D:\HNOCS\out\experimental results\B-2-v4-ablation\wout-thermal\seed_44\gen_60\hnn\metrics.json,D:\HNOCS\out\experimental results\B-2-v4\seed_44\gen_60\hnn\metrics.json,baseline_normalized_v2,w_T=0.0;w_sigma=0.0;w_hot=0.0;w_makespan=1.2;w_H=0.4;w_congestion=0.7;w_D=0.4;w_L=0.2;w_E=0.5,2.78171437214399,6.000000000000001,5.189439313606884,-0.8105606863931172,-13.509344773218611,True,True,True,,328.81757624162,330.68629346579,1.868717224170041,0.5683142749026482,2.454372247071413,1.9206632084737645,-0.5337090385976484,-21.745236046996396,16.0,12.0,-4.0,-25.0,0.000203177525,0.0002093788,6.201274999999989e-06,3.052146146577961,11.14198573637825,7.365433107538369,-3.776552628839882,-33.89478965593674,2195456.0,1302528.0,-892928.0,-40.67164179104478,163840.0,90112.0,-73728.0,-44.99999999999999,0.3028095733610822,0.24869927159209157,-0.05411030176899065,-17.86941580756014,0.004651317011228462,0.004596367987350176,-5.494902387828595e-05,-1.1813648423798395,55.66757624162,57.53629346579004,1.868717224170041,3.356922198406931,203.177525,209.3788,6.20127500000001,3.052146146577983,11.14198573637825,7.365433107538369,-3.776552628839882,-33.89478965593674,2195456.0,1302528.0,-892928.0,-40.67164179104478,163840.0,90112.0,-73728.0,-44.99999999999999,0.3028095733610822,0.24869927159209157,-0.05411030176899065,-17.86941580756014,4.651317011228462,4.596367987350176,-0.054949023878286596,-1.1813648423798617,1.0,1.1751773019328573,0.1751773019328573,1.0,0.782547639530036,-0.21745236046996397,1.0,0.75,-0.25,1.0,1.0305214614657796,0.03052146146577961,1.0,0.5932835820895522,-0.40671641791044777,1.0,0.55,-0.44999999999999996,1.0,0.6610521034406326,-0.3389478965593674,1.0,0.8213058419243986,-0.1786941580756014,1.0,0.9881863515762016,-0.011813648423798395
ablation_vs_reference,GEMM,wout-thermal,ablation,B-2-v4-ablation,wout-thermal,45,ga_seed,,D:\HNOCS\out\experimental results\B-2-v4-ablation\wout-thermal\seed_45\gen_60\gemm\metrics.json,D:\HNOCS\out\experimental results\B-2-v4\seed_45\gen_60\gemm\metrics.json,baseline_normalized_v2,w_T=0.0;w_sigma=0.0;w_hot=0.0;w_makespan=1.2;w_H=0.4;w_congestion=0.7;w_D=0.4;w_L=0.2;w_E=0.5,2.2642043933930958,6.000000000000001,3.747563007620672,-2.252436992379329,-37.54061653965547,True,True,True,,328.08421735578,326.28118641915,-1.803030936630023,-0.5495634478127842,2.1434761400252804,1.425102208060203,-0.7183739319650775,-33.51443566601142,6.0,0.0,-6.0,-100.0,0.000120405,0.0001167447,-3.660299999999996e-06,-3.039990033636475,1.8350526805555563,0.0,-1.8350526805555563,-100.0,104448.0,49152.0,-55296.0,-52.94117647058824,22528.0,8192.0,-14336.0,-63.63636363636363,0.9202539178734378,0.8059908748264233,-0.11426304304701451,-12.416469066609181,0.0015708734939939562,0.001516635829460564,-5.423766453339224e-05,-3.4527073466299685,54.93421735578005,53.131186419150026,-1.803030936630023,-3.282163692171569,120.405,116.7447,-3.6603000000000065,-3.039990033636486,1.8350526805555563,0.0,-1.8350526805555563,-100.0,104448.0,49152.0,-55296.0,-52.94117647058824,22528.0,8192.0,-14336.0,-63.63636363636363,0.9202539178734378,0.8059908748264233,-0.11426304304701451,-12.416469066609181,1.5708734939939561,1.516635829460564,-0.05423766453339218,-3.4527073466299685,1.0,0.8185029708876904,-0.18149702911230958,1.0,0.6648556433398858,-0.3351443566601142,1.0,0.0,-1.0,1.0,0.9696000996636353,-0.03039990033636475,1.0,0.47058823529411764,-0.5294117647058824,1.0,0.36363636363636365,-0.6363636363636364,1.0,0.0,-1.0,1.0,0.8758353093339082,-0.12416469066609181,1.0,0.9654729265337003,-0.034527073466299685
ablation_vs_reference,MPEG4,wout-thermal,ablation,B-2-v4-ablation,wout-thermal,45,ga_seed,,D:\HNOCS\out\experimental results\B-2-v4-ablation\wout-thermal\seed_45\gen_60\mpeg4\metrics.json,D:\HNOCS\out\experimental results\B-2-v4\seed_45\gen_60\mpeg4\metrics.json,baseline_normalized_v2,w_T=0.0;w_sigma=0.0;w_hot=0.0;w_makespan=1.2;w_H=0.4;w_congestion=0.7;w_D=0.4;w_L=0.2;w_E=0.5,2.4491106959666653,6.000000000000001,4.239364968259967,-1.7606350317400343,-29.343917195667235,True,True,True,,327.5966387468,326.56404150575,-1.0325972410499844,-0.3152038570969795,1.3003837749577485,1.1697767413611977,-0.1306070335965508,-10.043729867422746,2.0,0.0,-2.0,-100.0,0.0001220699,0.0001212096,-8.602999999999958e-07,-0.7047601415254623,0.07168423611111063,0.0,-0.07168423611111063,-100.0,420000.0,288000.0,-132000.0,-31.428571428571427,88000.0,36000.0,-52000.0,-59.09090909090908,0.5670623064060744,0.5670623064060744,0.0,0.0,0.0011328804365769536,0.0011258984197116126,-6.982016865340933e-06,-0.6163065968759596,54.44663874680003,53.41404150575005,-1.0325972410499844,-1.8965307405880427,122.06989999999999,121.2096,-0.8602999999999952,-0.7047601415254623,0.07168423611111063,0.0,-0.07168423611111063,-100.0,420000.0,288000.0,-132000.0,-31.428571428571427,88000.0,36000.0,-52000.0,-59.09090909090908,0.5670623064060744,0.5670623064060744,0.0,0.0,1.1328804365769536,1.1258984197116126,-0.006982016865340945,-0.6163065968759596,1.0,0.8906915709675288,-0.10930842903247118,1.0,0.8995627013257725,-0.10043729867422746,1.0,0.0,-1.0,1.0,0.9929523985847454,-0.007047601415254623,1.0,0.6857142857142857,-0.3142857142857143,1.0,0.4090909090909091,-0.5909090909090908,1.0,0.0,-1.0,1.0,1.0,0.0,1.0,0.9938369340312404,-0.006163065968759596
ablation_vs_reference,VOPD,wout-thermal,ablation,B-2-v4-ablation,wout-thermal,45,ga_seed,,D:\HNOCS\out\experimental results\B-2-v4-ablation\wout-thermal\seed_45\gen_60\vopd\metrics.json,D:\HNOCS\out\experimental results\B-2-v4\seed_45\gen_60\vopd\metrics.json,baseline_normalized_v2,w_T=0.0;w_sigma=0.0;w_hot=0.0;w_makespan=1.2;w_H=0.4;w_congestion=0.7;w_D=0.4;w_L=0.2;w_E=0.5,2.381729454032164,5.0,4.400675573610308,-0.5993244263896917,-11.986488527793837,True,True,True,,325.37271921261,325.55184075566,0.17912154305003014,0.055051186677079755,0.9870939912641029,0.9813159198390038,-0.005778071425099118,-0.5853618273675809,0.0,0.0,0.0,,8.93329e-05,8.61266e-05,-3.2063000000000035e-06,-3.5891592011453866,0.0,0.0,0.0,,1396000.0,646000.0,-750000.0,-53.72492836676217,252000.0,72000.0,-180000.0,-71.42857142857143,0.35802469135802467,0.6323731138545954,0.2743484224965707,76.62835249042148,0.0007507385223064374,0.0007303820564845845,-2.03564658218529e-05,-2.711525413577187,52.22271921261,52.40184075566003,0.17912154305003014,0.34299543522577913,89.3329,86.1266,-3.206299999999999,-3.5891592011453755,0.0,0.0,0.0,,1396000.0,646000.0,-750000.0,-53.72492836676217,252000.0,72000.0,-180000.0,-71.42857142857143,0.35802469135802467,0.6323731138545954,0.2743484224965707,76.62835249042148,0.7507385223064373,0.7303820564845845,-0.0203564658218528,-2.711525413577176,1.0,1.0247997378518197,0.02479973785181966,1.0,0.9941463817263242,-0.005853618273675809,0.0,0.0,0.0,1.0,0.9641084079885461,-0.035891592011453866,1.0,0.46275071633237824,-0.5372492836676217,1.0,0.2857142857142857,-0.7142857142857143,0.0,0.0,0.0,1.0,1.7662835249042148,0.7662835249042148,1.0,0.9728847458642281,-0.02711525413577187
ablation_vs_reference,HNN,wout-thermal,ablation,B-2-v4-ablation,wout-thermal,45,ga_seed,,D:\HNOCS\out\experimental results\B-2-v4-ablation\wout-thermal\seed_45\gen_60\hnn\metrics.json,D:\HNOCS\out\experimental results\B-2-v4\seed_45\gen_60\hnn\metrics.json,baseline_normalized_v2,w_T=0.0;w_sigma=0.0;w_hot=0.0;w_makespan=1.2;w_H=0.4;w_congestion=0.7;w_D=0.4;w_L=0.2;w_E=0.5,2.8361725185169773,6.000000000000001,5.303936972146914,-0.6960630278530866,-11.60105046421811,True,True,True,,328.81757624162,330.82754472321,2.009968481590022,0.611271606756536,2.454372247071413,1.9434847860362767,-0.5108874610351362,-20.81540245758292,16.0,13.0,-3.0,-18.75,0.000203177525,0.000202284105,-8.934200000000224e-07,-0.43972383264341275,11.14198573637825,6.262261074352721,-4.87972466202553,-43.79582578438755,2195456.0,1343488.0,-851968.0,-38.80597014925373,163840.0,106496.0,-57344.0,-35.0,0.3028095733610822,0.3506763787721124,0.04786680541103017,15.807560137457033,0.004651317011228462,0.0045140219285025075,-0.0001372950827259545,-2.951746406330047,55.66757624162,57.67754472321002,2.009968481590022,3.610662826177191,203.177525,202.28410499999998,-0.8934200000000203,-0.43972383264341275,11.14198573637825,6.262261074352721,-4.87972466202553,-43.79582578438755,2195456.0,1343488.0,-851968.0,-38.80597014925373,163840.0,106496.0,-57344.0,-35.0,0.3028095733610822,0.3506763787721124,0.04786680541103017,15.807560137457033,4.651317011228462,4.514021928502507,-0.13729508272595492,-2.951746406330058,1.0,1.1884184782057656,0.18841847820576563,1.0,0.7918459754241708,-0.2081540245758292,1.0,0.8125,-0.1875,1.0,0.9956027616735659,-0.0043972383264341275,1.0,0.6119402985074627,-0.3880597014925373,1.0,0.65,-0.35,1.0,0.5620417421561245,-0.43795825784387554,1.0,1.1580756013745703,0.15807560137457033,1.0,0.9704825359366995,-0.02951746406330047
ablation_vs_reference,GEMM,wout-thermal,ablation,B-2-v4-ablation,wout-thermal,46,ga_seed,,D:\HNOCS\out\experimental results\B-2-v4-ablation\wout-thermal\seed_46\gen_60\gemm\metrics.json,D:\HNOCS\out\experimental results\B-2-v4\seed_46\gen_60\gemm\metrics.json,baseline_normalized_v2,w_T=0.0;w_sigma=0.0;w_hot=0.0;w_makespan=1.2;w_H=0.4;w_congestion=0.7;w_D=0.4;w_L=0.2;w_E=0.5,2.276052653728904,6.000000000000001,3.80488025928593,-2.195119740714071,-36.58532901190118,True,True,True,,328.08421735578,326.53164749132,-1.5525698644600539,-0.4732229660338816,2.1434761400252804,1.4685226753603444,-0.674953464664936,-31.488732347493055,6.0,0.0,-6.0,-100.0,0.000120405,0.0001167447,-3.660299999999996e-06,-3.039990033636475,1.8350526805555563,0.0,-1.8350526805555563,-100.0,104448.0,52224.0,-52224.0,-50.0,22528.0,8192.0,-14336.0,-63.63636363636363,0.9202539178734378,0.8059908748264233,-0.11426304304701451,-12.416469066609181,0.0015708734939939562,0.00151689833641304,-5.397515758091614e-05,-3.4359964559389167,54.93421735578005,53.381647491319995,-1.5525698644600539,-2.8262346114897308,120.405,116.7447,-3.6603000000000065,-3.039990033636486,1.8350526805555563,0.0,-1.8350526805555563,-100.0,104448.0,52224.0,-52224.0,-50.0,22528.0,8192.0,-14336.0,-63.63636363636363,0.9202539178734378,0.8059908748264233,-0.11426304304701451,-12.416469066609181,1.5708734939939561,1.51689833641304,-0.0539751575809162,-3.4359964559389167,1.0,0.8437149290319566,-0.15628507096804345,1.0,0.6851126765250695,-0.31488732347493054,1.0,0.0,-1.0,1.0,0.9696000996636353,-0.03039990033636475,1.0,0.5,-0.5,1.0,0.36363636363636365,-0.6363636363636364,1.0,0.0,-1.0,1.0,0.8758353093339082,-0.12416469066609181,1.0,0.9656400354406108,-0.03435996455938917
ablation_vs_reference,MPEG4,wout-thermal,ablation,B-2-v4-ablation,wout-thermal,46,ga_seed,,D:\HNOCS\out\experimental results\B-2-v4-ablation\wout-thermal\seed_46\gen_60\mpeg4\metrics.json,D:\HNOCS\out\experimental results\B-2-v4\seed_46\gen_60\mpeg4\metrics.json,baseline_normalized_v2,w_T=0.0;w_sigma=0.0;w_hot=0.0;w_makespan=1.2;w_H=0.4;w_congestion=0.7;w_D=0.4;w_L=0.2;w_E=0.5,2.3974002813923803,6.000000000000001,4.243481761076722,-1.7565182389232792,-29.275303982054645,True,True,True,,327.5966387468,326.78644433143,-0.810194415370006,-0.24731463011017363,1.3003837749577485,1.2117585169161367,-0.08862525804161181,-6.8153155820858675,2.0,0.0,-2.0,-100.0,0.0001220699,0.0001211636,-9.062999999999883e-07,-0.7424434688649617,0.07168423611111063,0.0,-0.07168423611111063,-100.0,420000.0,220000.0,-200000.0,-47.61904761904761,88000.0,28000.0,-60000.0,-68.18181818181819,0.5670623064060744,0.7863545407198268,0.21929223431375244,38.67162952578915,0.0011328804365769536,0.0011254380050947405,-7.442431482213106e-06,-0.6569476567801602,54.44663874680003,53.63644433143003,-0.810194415370006,-1.488052217764546,122.06989999999999,121.1636,-0.9062999999999874,-0.7424434688649617,0.07168423611111063,0.0,-0.07168423611111063,-100.0,420000.0,220000.0,-200000.0,-47.61904761904761,88000.0,28000.0,-60000.0,-68.18181818181819,0.5670623064060744,0.7863545407198268,0.21929223431375244,38.67162952578915,1.1328804365769536,1.1254380050947406,-0.007442431482213019,-0.6569476567801491,1.0,0.9142346355051999,-0.0857653644948001,1.0,0.9318468441791413,-0.06815315582085868,1.0,0.0,-1.0,1.0,0.9925755653113504,-0.007424434688649617,1.0,0.5238095238095238,-0.47619047619047616,1.0,0.3181818181818182,-0.6818181818181819,1.0,0.0,-1.0,1.0,1.3867162952578915,0.38671629525789153,1.0,0.9934305234321984,-0.006569476567801602
ablation_vs_reference,VOPD,wout-thermal,ablation,B-2-v4-ablation,wout-thermal,46,ga_seed,,D:\HNOCS\out\experimental results\B-2-v4-ablation\wout-thermal\seed_46\gen_60\vopd\metrics.json,D:\HNOCS\out\experimental results\B-2-v4\seed_46\gen_60\vopd\metrics.json,baseline_normalized_v2,w_T=0.0;w_sigma=0.0;w_hot=0.0;w_makespan=1.2;w_H=0.4;w_congestion=0.7;w_D=0.4;w_L=0.2;w_E=0.5,2.42349328934918,5.0,4.424025825375518,-0.5759741746244824,-11.519483492489647,True,True,True,,325.37271921261,325.54995006153,0.1772308489200327,0.05447010104255856,0.9870939912641029,0.9633983741507656,-0.02369561711333734,-2.400543142096534,0.0,0.0,0.0,,8.93329e-05,8.74506e-05,-1.8823000000000006e-06,-2.107062459631337,0.0,0.0,0.0,,1396000.0,818000.0,-578000.0,-41.40401146131805,252000.0,72000.0,-180000.0,-71.42857142857143,0.35802469135802467,0.5775034293552812,0.21947873799725653,61.30268199233717,0.0007507385223064374,0.0007384094749686505,-1.2329047337786845e-05,-1.6422558549292532,52.22271921261,52.399950061530035,0.1772308489200327,0.3393749915596933,89.3329,87.4506,-1.8823000000000008,-2.107062459631337,0.0,0.0,0.0,,1396000.0,818000.0,-578000.0,-41.40401146131805,252000.0,72000.0,-180000.0,-71.42857142857143,0.35802469135802467,0.5775034293552812,0.21947873799725653,61.30268199233717,0.7507385223064373,0.7384094749686505,-0.012329047337786836,-1.6422558549292532,1.0,1.0245379674473027,0.024537967447302744,1.0,0.9759945685790347,-0.02400543142096534,0.0,0.0,0.0,1.0,0.9789293754036866,-0.02107062459631337,1.0,0.5859598853868195,-0.41404011461318047,1.0,0.2857142857142857,-0.7142857142857143,0.0,0.0,0.0,1.0,1.6130268199233717,0.6130268199233717,1.0,0.9835774414507075,-0.016422558549292532
ablation_vs_reference,HNN,wout-thermal,ablation,B-2-v4-ablation,wout-thermal,46,ga_seed,,D:\HNOCS\out\experimental results\B-2-v4-ablation\wout-thermal\seed_46\gen_60\hnn\metrics.json,D:\HNOCS\out\experimental results\B-2-v4\seed_46\gen_60\hnn\metrics.json,baseline_normalized_v2,w_T=0.0;w_sigma=0.0;w_hot=0.0;w_makespan=1.2;w_H=0.4;w_congestion=0.7;w_D=0.4;w_L=0.2;w_E=0.5,2.870752691426389,6.000000000000001,5.185698131762153,-0.8143018682378482,-13.571697803964133,True,True,True,,328.81757624162,329.99772397298,1.180147731360023,0.35890652344350293,2.454372247071413,1.9434112745447458,-0.5109609725266671,-20.81839758155479,16.0,11.0,-5.0,-31.25,0.000203177525,0.000201918424,-1.2591010000000125e-06,-0.6197048615490419,11.14198573637825,6.896716359890149,-4.2452693764881015,-38.101550988594646,2195456.0,1499136.0,-696320.0,-31.71641791044776,163840.0,114688.0,-49152.0,-30.000000000000004,0.3028095733610822,0.26742976066597296,-0.03537981269510926,-11.683848797250862,0.004651317011228462,0.004565999977366301,-8.531703386216102e-05,-1.8342554088702667,55.66757624162,56.84772397298002,1.180147731360023,2.1199912247619634,203.177525,201.918424,-1.2591010000000153,-0.6197048615490419,11.14198573637825,6.896716359890149,-4.2452693764881015,-38.101550988594646,2195456.0,1499136.0,-696320.0,-31.71641791044776,163840.0,114688.0,-49152.0,-30.000000000000004,0.3028095733610822,0.26742976066597296,-0.03537981269510926,-11.683848797250862,4.651317011228462,4.565999977366301,-0.08531703386216094,-1.8342554088702667,1.0,1.1106294161513115,0.1106294161513115,1.0,0.7918160241844521,-0.20818397581554793,1.0,0.6875,-0.3125,1.0,0.9938029513845096,-0.006197048615490419,1.0,0.6828358208955224,-0.3171641791044776,1.0,0.7,-0.30000000000000004,1.0,0.6189844901140535,-0.38101550988594646,1.0,0.8831615120274914,-0.11683848797250862,1.0,0.9816574459112973,-0.018342554088702667
ablation_vs_reference,GEMM,wout-thermal,ablation,B-2-v4-ablation,wout-thermal,47,ga_seed,,D:\HNOCS\out\experimental results\B-2-v4-ablation\wout-thermal\seed_47\gen_60\gemm\metrics.json,D:\HNOCS\out\experimental results\B-2-v4\seed_47\gen_60\gemm\metrics.json,baseline_normalized_v2,w_T=0.0;w_sigma=0.0;w_hot=0.0;w_makespan=1.2;w_H=0.4;w_congestion=0.7;w_D=0.4;w_L=0.2;w_E=0.5,2.2761074488241038,6.000000000000001,3.9679569493518074,-2.0320430506481935,-33.86738417746989,True,True,True,,328.08421735578,327.11445413829,-0.9697632174900264,-0.29558362340801336,2.1434761400252804,1.6922057837240936,-0.45127035630118684,-21.05320175366471,6.0,0.0,-6.0,-100.0,0.000120405,0.0001165167,-3.888299999999995e-06,-3.2293509405755483,1.8350526805555563,0.0,-1.8350526805555563,-100.0,104448.0,41984.0,-62464.0,-59.80392156862745,22528.0,8192.0,-14336.0,-63.63636363636363,0.9202539178734378,0.9964292799047808,0.07617536203134301,8.27764604440613,0.0015708734939939562,0.0015173839940431665,-5.348949995078963e-05,-3.4050800497494094,54.93421735578005,53.96445413829002,-0.9697632174900264,-1.7653172542886675,120.405,116.5167,-3.888300000000001,-3.2293509405755594,1.8350526805555563,0.0,-1.8350526805555563,-100.0,104448.0,41984.0,-62464.0,-59.80392156862745,22528.0,8192.0,-14336.0,-63.63636363636363,0.9202539178734378,0.9964292799047808,0.07617536203134301,8.27764604440613,1.5708734939939561,1.5173839940431666,-0.053489499950789554,-3.4050800497493983,1.0,0.902381518064351,-0.09761848193564904,1.0,0.7894679824633529,-0.21053201753664708,1.0,0.0,-1.0,1.0,0.9677064905942445,-0.03229350940575548,1.0,0.4019607843137255,-0.5980392156862745,1.0,0.36363636363636365,-0.6363636363636364,1.0,0.0,-1.0,1.0,1.0827764604440613,0.08277646044406128,1.0,0.9659491995025059,-0.034050800497494094
ablation_vs_reference,MPEG4,wout-thermal,ablation,B-2-v4-ablation,wout-thermal,47,ga_seed,,D:\HNOCS\out\experimental results\B-2-v4-ablation\wout-thermal\seed_47\gen_60\mpeg4\metrics.json,D:\HNOCS\out\experimental results\B-2-v4\seed_47\gen_60\mpeg4\metrics.json,baseline_normalized_v2,w_T=0.0;w_sigma=0.0;w_hot=0.0;w_makespan=1.2;w_H=0.4;w_congestion=0.7;w_D=0.4;w_L=0.2;w_E=0.5,2.4217358783784815,6.000000000000001,4.357285291881368,-1.6427147081186328,-27.378578468643877,True,True,True,,327.5966387468,327.0443102743,-0.552328472499994,-0.16860016470647832,1.3003837749577485,1.292604446677718,-0.007779328280030473,-0.5982332623523545,2.0,0.0,-2.0,-100.0,0.0001220699,0.0001207023,-1.36759999999999e-06,-1.120341705858685,0.07168423611111063,0.0,-0.07168423611111063,-100.0,420000.0,244000.0,-176000.0,-41.9047619047619,88000.0,24000.0,-64000.0,-72.72727272727273,0.5670623064060744,0.8960006578767029,0.32893835147062855,58.007444288683715,0.0011328804365769536,0.0011235342794237554,-9.346157153198144e-06,-0.8249906037249621,54.44663874680003,53.89431027430004,-0.552328472499994,-1.0144399823624695,122.06989999999999,120.70230000000001,-1.3675999999999817,-1.120341705858674,0.07168423611111063,0.0,-0.07168423611111063,-100.0,420000.0,244000.0,-176000.0,-41.9047619047619,88000.0,24000.0,-64000.0,-72.72727272727273,0.5670623064060744,0.8960006578767029,0.32893835147062855,58.007444288683715,1.1328804365769536,1.1235342794237555,-0.009346157153198087,-0.824990603724951,1.0,0.9415317461264102,-0.05846825387358978,1.0,0.9940176673764765,-0.005982332623523545,1.0,0.0,-1.0,1.0,0.9887965829414131,-0.011203417058586851,1.0,0.580952380952381,-0.419047619047619,1.0,0.2727272727272727,-0.7272727272727273,1.0,0.0,-1.0,1.0,1.5800744428868372,0.5800744428868372,1.0,0.9917500939627504,-0.008249906037249621
ablation_vs_reference,VOPD,wout-thermal,ablation,B-2-v4-ablation,wout-thermal,47,ga_seed,,D:\HNOCS\out\experimental results\B-2-v4-ablation\wout-thermal\seed_47\gen_60\vopd\metrics.json,D:\HNOCS\out\experimental results\B-2-v4\seed_47\gen_60\vopd\metrics.json,baseline_normalized_v2,w_T=0.0;w_sigma=0.0;w_hot=0.0;w_makespan=1.2;w_H=0.4;w_congestion=0.7;w_D=0.4;w_L=0.2;w_E=0.5,2.433824467147129,5.0,4.758033959485354,-0.24196604051464643,-4.839320810292924,True,True,True,,325.37271921261,326.9682222345,1.5955030218900106,0.49036164609961297,0.9870939912641029,1.0890695761956353,0.10197558493153236,10.330889037318446,0.0,0.0,0.0,,8.93329e-05,8.74806e-05,-1.8523000000000026e-06,-2.0734802071801117,0.0,0.0,0.0,,1396000.0,746000.0,-650000.0,-46.56160458452722,252000.0,72000.0,-180000.0,-71.42857142857143,0.35802469135802467,0.6323731138545954,0.2743484224965707,76.62835249042148,0.0007507385223064374,0.0007382701713296005,-1.2468350976836858e-05,-1.6608114018888065,52.22271921261,53.81822223450001,1.5955030218900106,3.055189476814424,89.3329,87.4806,-1.8522999999999996,-2.0734802071801117,0.0,0.0,0.0,,1396000.0,746000.0,-650000.0,-46.56160458452722,252000.0,72000.0,-180000.0,-71.42857142857143,0.35802469135802467,0.6323731138545954,0.2743484224965707,76.62835249042148,0.7507385223064373,0.7382701713296005,-0.01246835097683685,-1.6608114018888065,1.0,1.2209006019650401,0.22090060196504013,1.0,1.1033088903731845,0.10330889037318447,0.0,0.0,0.0,1.0,0.9792651979281989,-0.020734802071801117,1.0,0.5343839541547278,-0.46561604584527216,1.0,0.2857142857142857,-0.7142857142857143,0.0,0.0,0.0,1.0,1.7662835249042148,0.7662835249042148,1.0,0.9833918859811119,-0.016608114018888065
ablation_vs_reference,HNN,wout-thermal,ablation,B-2-v4-ablation,wout-thermal,47,ga_seed,,D:\HNOCS\out\experimental results\B-2-v4-ablation\wout-thermal\seed_47\gen_60\hnn\metrics.json,D:\HNOCS\out\experimental results\B-2-v4\seed_47\gen_60\hnn\metrics.json,baseline_normalized_v2,w_T=0.0;w_sigma=0.0;w_hot=0.0;w_makespan=1.2;w_H=0.4;w_congestion=0.7;w_D=0.4;w_L=0.2;w_E=0.5,2.97607507656886,6.000000000000001,5.480205687882954,-0.519794312117047,-8.663238535284112,True,True,True,,328.81757624162,331.61507144746,2.7974952058400504,0.8507742310539967,2.454372247071413,1.94358743397676,-0.5107848130946528,-20.811220209327562,16.0,12.0,-4.0,-25.0,0.000203177525,0.0001978687,-5.308825000000021e-06,-2.6128997289439515,11.14198573637825,8.753603675327332,-2.388382061050919,-21.435874336590853,2195456.0,1589248.0,-606208.0,-27.611940298507463,163840.0,122880.0,-40960.0,-25.0,0.3028095733610822,0.28199791883454733,-0.020811654526534884,-6.872852233676985,0.004651317011228462,0.004580308483116513,-7.100852811194915e-05,-1.526632735213096,55.66757624162,58.46507144746005,2.7974952058400504,5.02535837683642,203.177525,197.8687,-5.308825000000013,-2.6128997289439404,11.14198573637825,8.753603675327332,-2.388382061050919,-21.435874336590853,2195456.0,1589248.0,-606208.0,-27.611940298507463,163840.0,122880.0,-40960.0,-25.0,0.3028095733610822,0.28199791883454733,-0.020811654526534884,-6.872852233676985,4.651317011228462,4.580308483116513,-0.07100852811194969,-1.526632735213107,1.0,1.2622428134073704,0.26224281340737043,1.0,0.7918877979067244,-0.20811220209327563,1.0,0.75,-0.25,1.0,0.9738710027105605,-0.026128997289439515,1.0,0.7238805970149254,-0.27611940298507465,1.0,0.75,-0.25,1.0,0.7856412566340915,-0.21435874336590854,1.0,0.9312714776632302,-0.06872852233676985,1.0,0.984733672647869,-0.01526632735213096
ablation_vs_reference,GEMM,wout-thermal,ablation,B-2-v4-ablation,wout-thermal,48,ga_seed,,D:\HNOCS\out\experimental results\B-2-v4-ablation\wout-thermal\seed_48\gen_60\gemm\metrics.json,D:\HNOCS\out\experimental results\B-2-v4\seed_48\gen_60\gemm\metrics.json,baseline_normalized_v2,w_T=0.0;w_sigma=0.0;w_hot=0.0;w_makespan=1.2;w_H=0.4;w_congestion=0.7;w_D=0.4;w_L=0.2;w_E=0.5,2.2885690703993617,6.000000000000001,3.870673046967053,-2.129326953032948,-35.488782550549125,True,True,True,,328.08421735578,326.89700719102,-1.1872101647600175,-0.36186140690595003,2.1434761400252804,1.5038867441320527,-0.6395893958932277,-29.838885721661658,6.0,0.0,-6.0,-100.0,0.000120405,0.0001166147,-3.7902999999999966e-06,-3.1479589718034884,1.8350526805555563,0.0,-1.8350526805555563,-100.0,104448.0,45056.0,-59392.0,-56.86274509803921,22528.0,8192.0,-14336.0,-63.63636363636363,0.9202539178734378,0.9964292799047808,0.07617536203134301,8.27764604440613,0.0015708734939939562,0.0015165049711494023,-5.4368522844553844e-05,-3.461037636221198,54.93421735578005,53.74700719102003,-1.1872101647600175,-2.1611487737616786,120.405,116.6147,-3.790300000000002,-3.1479589718034995,1.8350526805555563,0.0,-1.8350526805555563,-100.0,104448.0,45056.0,-59392.0,-56.86274509803921,22528.0,8192.0,-14336.0,-63.63636363636363,0.9202539178734378,0.9964292799047808,0.07617536203134301,8.27764604440613,1.5708734939939561,1.5165049711494023,-0.054368522844553846,-3.461037636221198,1.0,0.8804928337843081,-0.1195071662156919,1.0,0.7016111427833834,-0.29838885721661657,1.0,0.0,-1.0,1.0,0.9685204102819651,-0.031479589718034884,1.0,0.43137254901960786,-0.5686274509803921,1.0,0.36363636363636365,-0.6363636363636364,1.0,0.0,-1.0,1.0,1.0827764604440613,0.08277646044406128,1.0,0.965389623637788,-0.03461037636221198
ablation_vs_reference,MPEG4,wout-thermal,ablation,B-2-v4-ablation,wout-thermal,48,ga_seed,,D:\HNOCS\out\experimental results\B-2-v4-ablation\wout-thermal\seed_48\gen_60\mpeg4\metrics.json,D:\HNOCS\out\experimental results\B-2-v4\seed_48\gen_60\mpeg4\metrics.json,baseline_normalized_v2,w_T=0.0;w_sigma=0.0;w_hot=0.0;w_makespan=1.2;w_H=0.4;w_congestion=0.7;w_D=0.4;w_L=0.2;w_E=0.5,2.6018687236464633,6.000000000000001,4.463369109912412,-1.5366308900875891,-25.61051483479315,True,True,True,,327.5966387468,327.09167797788,-0.5049607689200002,-0.15414101037535266,1.3003837749577485,1.1897918581840987,-0.11059191677364977,-8.504559877121132,2.0,0.0,-2.0,-100.0,0.0001220699,0.0001220427,-2.719999999999188e-08,-0.022282315296395794,0.07168423611111063,0.0,-0.07168423611111063,-100.0,420000.0,252000.0,-168000.0,-40.0,88000.0,32000.0,-56000.0,-63.63636363636363,0.5670623064060744,1.1591513390532058,0.5920890326471314,104.41339971963069,0.0011328804365769536,0.0011300796331428842,-2.8008034340693422e-06,-0.24722851093907927,54.44663874680003,53.94167797788003,-0.5049607689200002,-0.927441584168831,122.06989999999999,122.0427,-0.02719999999999345,-0.022282315296395794,0.07168423611111063,0.0,-0.07168423611111063,-100.0,420000.0,252000.0,-168000.0,-40.0,88000.0,32000.0,-56000.0,-63.63636363636363,0.5670623064060744,1.1591513390532058,0.5920890326471314,104.41339971963069,1.1328804365769536,1.1300796331428842,-0.00280080343406941,-0.24722851093909037,1.0,0.9465459850371593,-0.053454014962840746,1.0,0.9149544012287887,-0.08504559877121132,1.0,0.0,-1.0,1.0,0.999777176847036,-0.00022282315296395794,1.0,0.6,-0.4,1.0,0.36363636363636365,-0.6363636363636364,1.0,0.0,-1.0,1.0,2.044133997196307,1.0441339971963068,1.0,0.9975277148906092,-0.0024722851093907927
ablation_vs_reference,VOPD,wout-thermal,ablation,B-2-v4-ablation,wout-thermal,48,ga_seed,,D:\HNOCS\out\experimental results\B-2-v4-ablation\wout-thermal\seed_48\gen_60\vopd\metrics.json,D:\HNOCS\out\experimental results\B-2-v4\seed_48\gen_60\vopd\metrics.json,baseline_normalized_v2,w_T=0.0;w_sigma=0.0;w_hot=0.0;w_makespan=1.2;w_H=0.4;w_congestion=0.7;w_D=0.4;w_L=0.2;w_E=0.5,2.3458075792441266,5.0,4.295213752552893,-0.7047862474471067,-14.095724948942134,True,True,True,,325.37271921261,325.17479913984,-0.19792007276998902,-0.06082872382446869,0.9870939912641029,0.9642019050098346,-0.022892086254268307,-2.319139459551567,0.0,0.0,0.0,,8.93329e-05,8.84407e-05,-8.922000000000048e-07,-0.9987361878994294,0.0,0.0,0.0,,1396000.0,916000.0,-480000.0,-34.38395415472779,252000.0,72000.0,-180000.0,-71.42857142857143,0.35802469135802467,0.35802469135802467,0.0,0.0,0.0007507385223064374,0.0007437239670706473,-7.014555235790136e-06,-0.9343539764337438,52.22271921261,52.02479913984001,-0.19792007276998902,-0.3789922772198362,89.3329,88.44069999999999,-0.8922000000000025,-0.9987361878994183,0.0,0.0,0.0,,1396000.0,916000.0,-480000.0,-34.38395415472779,252000.0,72000.0,-180000.0,-71.42857142857143,0.35802469135802467,0.35802469135802467,0.0,0.0,0.7507385223064373,0.7437239670706473,-0.0070145552357900876,-0.9343539764337438,1.0,0.9725975679042812,-0.0274024320957188,1.0,0.9768086054044843,-0.02319139459551567,0.0,0.0,0.0,1.0,0.9900126381210057,-0.009987361878994294,1.0,0.6561604584527221,-0.3438395415472779,1.0,0.2857142857142857,-0.7142857142857143,0.0,0.0,0.0,1.0,1.0,0.0,1.0,0.9906564602356626,-0.009343539764337438
ablation_vs_reference,HNN,wout-thermal,ablation,B-2-v4-ablation,wout-thermal,48,ga_seed,,D:\HNOCS\out\experimental results\B-2-v4-ablation\wout-thermal\seed_48\gen_60\hnn\metrics.json,D:\HNOCS\out\experimental results\B-2-v4\seed_48\gen_60\hnn\metrics.json,baseline_normalized_v2,w_T=0.0;w_sigma=0.0;w_hot=0.0;w_makespan=1.2;w_H=0.4;w_congestion=0.7;w_D=0.4;w_L=0.2;w_E=0.5,2.767250632329902,6.000000000000001,5.105520047795803,-0.8944799522041977,-14.907999203403289,True,True,True,,328.81757624162,329.66938676163,0.8518105200100194,0.259052612012467,2.454372247071413,1.800083210291565,-0.654289036779848,-26.658101172735872,16.0,14.0,-2.0,-12.5,0.000203177525,0.0001970787,-6.098825000000019e-06,-3.001722262341766,11.14198573637825,6.7340443850160625,-4.407941351362188,-39.56154186206137,2195456.0,1409024.0,-786432.0,-35.820895522388064,163840.0,98304.0,-65536.0,-40.0,0.3028095733610822,0.31113423517169614,0.00832466181061392,2.7491408934707806,0.004651317011228462,0.004458778229480939,-0.0001925387817475234,-4.139446554228132,55.66757624162,56.51938676163002,0.8518105200100194,1.5301735364098068,203.177525,197.0787,-6.098825000000005,-3.001722262341766,11.14198573637825,6.7340443850160625,-4.407941351362188,-39.56154186206137,2195456.0,1409024.0,-786432.0,-35.820895522388064,163840.0,98304.0,-65536.0,-40.0,0.3028095733610822,0.31113423517169614,0.00832466181061392,2.7491408934707806,4.651317011228462,4.458778229480939,-0.19253878174752348,-4.139446554228132,1.0,1.0798504271932592,0.07985042719325919,1.0,0.7334189882726413,-0.2665810117273587,1.0,0.875,-0.125,1.0,0.9699827773765823,-0.03001722262341766,1.0,0.6417910447761194,-0.35820895522388063,1.0,0.6,-0.4,1.0,0.6043845813793863,-0.39561541862061367,1.0,1.0274914089347078,0.027491408934707806,1.0,0.9586055344577187,-0.04139446554228132
ablation_vs_reference,GEMM,wout-thermal,ablation,B-2-v4-ablation,wout-thermal,49,ga_seed,,D:\HNOCS\out\experimental results\B-2-v4-ablation\wout-thermal\seed_49\gen_60\gemm\metrics.json,D:\HNOCS\out\experimental results\B-2-v4\seed_49\gen_60\gemm\metrics.json,baseline_normalized_v2,w_T=0.0;w_sigma=0.0;w_hot=0.0;w_makespan=1.2;w_H=0.4;w_congestion=0.7;w_D=0.4;w_L=0.2;w_E=0.5,2.2771737652958706,6.000000000000001,3.805609690597536,-2.194390309402465,-36.57317182337441,True,True,True,,328.08421735578,326.53180749119,-1.552409864590004,-0.4731741981073512,2.1434761400252804,1.4676485953886915,-0.6758275446365889,-31.529510966640295,6.0,0.0,-6.0,-100.0,0.000120405,0.0001168409,-3.564100000000002e-06,-2.9600930193928843,1.8350526805555563,0.0,-1.8350526805555563,-100.0,104448.0,52224.0,-52224.0,-50.0,22528.0,8192.0,-14336.0,-63.63636363636363,0.9202539178734378,0.8059908748264233,-0.11426304304701451,-12.416469066609181,0.0015708734939939562,0.001517408390855569,-5.346510313838709e-05,-3.403526976730109,54.93421735578005,53.381807491190045,-1.552409864590004,-2.8259433542774604,120.405,116.84089999999999,-3.5641000000000105,-2.9600930193928954,1.8350526805555563,0.0,-1.8350526805555563,-100.0,104448.0,52224.0,-52224.0,-50.0,22528.0,8192.0,-14336.0,-63.63636363636363,0.9202539178734378,0.8059908748264233,-0.11426304304701451,-12.416469066609181,1.5708734939939561,1.5174083908555691,-0.05346510313838704,-3.403526976730098,1.0,0.843731034968068,-0.156268965031932,1.0,0.684704890333597,-0.31529510966640295,1.0,0.0,-1.0,1.0,0.9703990698060712,-0.029600930193928843,1.0,0.5,-0.5,1.0,0.36363636363636365,-0.6363636363636364,1.0,0.0,-1.0,1.0,0.8758353093339082,-0.12416469066609181,1.0,0.9659647302326989,-0.03403526976730109
ablation_vs_reference,MPEG4,wout-thermal,ablation,B-2-v4-ablation,wout-thermal,49,ga_seed,,D:\HNOCS\out\experimental results\B-2-v4-ablation\wout-thermal\seed_49\gen_60\mpeg4\metrics.json,D:\HNOCS\out\experimental results\B-2-v4\seed_49\gen_60\mpeg4\metrics.json,baseline_normalized_v2,w_T=0.0;w_sigma=0.0;w_hot=0.0;w_makespan=1.2;w_H=0.4;w_congestion=0.7;w_D=0.4;w_L=0.2;w_E=0.5,2.384714036354217,6.000000000000001,4.164517053541118,-1.8354829464588827,-30.591382440981373,True,True,True,,327.5966387468,326.19879521949,-1.3978435273099876,-0.4266965414106094,1.3003837749577485,1.2064643360841139,-0.09391943887363463,-7.22244007363797,2.0,0.0,-2.0,-100.0,0.0001220699,0.0001211596,-9.10299999999997e-07,-0.745720279937967,0.07168423611111063,0.0,-0.07168423611111063,-100.0,420000.0,240000.0,-180000.0,-42.85714285714286,88000.0,24000.0,-64000.0,-72.72727272727273,0.5670623064060744,0.7863545407198268,0.21929223431375244,38.67162952578915,0.0011328804365769536,0.0011257181425575404,-7.16229401941321e-06,-0.6322197637249727,54.44663874680003,53.048795219490046,-1.3978435273099876,-2.567364229425717,122.06989999999999,121.1596,-0.9102999999999923,-0.745720279937967,0.07168423611111063,0.0,-0.07168423611111063,-100.0,420000.0,240000.0,-180000.0,-42.85714285714286,88000.0,24000.0,-64000.0,-72.72727272727273,0.5670623064060744,0.7863545407198268,0.21929223431375244,38.67162952578915,1.1328804365769536,1.1257181425575404,-0.007162294019413151,-0.6322197637249616,1.0,0.8520274179232804,-0.1479725820767196,1.0,0.9277755992636203,-0.0722244007363797,1.0,0.0,-1.0,1.0,0.9925427972006203,-0.00745720279937967,1.0,0.5714285714285714,-0.4285714285714286,1.0,0.2727272727272727,-0.7272727272727273,1.0,0.0,-1.0,1.0,1.3867162952578915,0.38671629525789153,1.0,0.9936778023627503,-0.006322197637249727
ablation_vs_reference,VOPD,wout-thermal,ablation,B-2-v4-ablation,wout-thermal,49,ga_seed,,D:\HNOCS\out\experimental results\B-2-v4-ablation\wout-thermal\seed_49\gen_60\vopd\metrics.json,D:\HNOCS\out\experimental results\B-2-v4\seed_49\gen_60\vopd\metrics.json,baseline_normalized_v2,w_T=0.0;w_sigma=0.0;w_hot=0.0;w_makespan=1.2;w_H=0.4;w_congestion=0.7;w_D=0.4;w_L=0.2;w_E=0.5,2.4264400320959063,5.0,4.613090707799362,-0.3869092922006381,-7.738185844012757,True,True,True,,325.37271921261,326.18562045102,0.8129012384100065,0.24983693788993566,0.9870939912641029,1.060240483534718,0.07314649227061498,7.410286448703962,0.0,0.0,0.0,,8.93329e-05,8.73026e-05,-2.0303e-06,-2.272734905057372,0.0,0.0,0.0,,1396000.0,762000.0,-634000.0,-45.41547277936962,252000.0,124000.0,-128000.0,-50.79365079365079,0.35802469135802467,0.35802469135802467,0.0,0.0,0.0007507385223064374,0.0007371205723958546,-1.3617949910582757e-05,-1.8139404740741605,52.22271921261,53.03562045102001,0.8129012384100065,1.5566045787476224,89.3329,87.3026,-2.030299999999997,-2.272734905057372,0.0,0.0,0.0,,1396000.0,762000.0,-634000.0,-45.41547277936962,252000.0,124000.0,-128000.0,-50.79365079365079,0.35802469135802467,0.35802469135802467,0.0,0.0,0.7507385223064373,0.7371205723958546,-0.013617949910582738,-1.8139404740741605,1.0,1.1125478112164153,0.11254781121641533,1.0,1.0741028644870396,0.07410286448703962,0.0,0.0,0.0,1.0,0.9772726509494263,-0.02272734905057372,1.0,0.5458452722063037,-0.45415472779369626,1.0,0.49206349206349204,-0.5079365079365079,0.0,0.0,0.0,1.0,1.0,0.0,1.0,0.9818605952592584,-0.018139404740741605
ablation_vs_reference,HNN,wout-thermal,ablation,B-2-v4-ablation,wout-thermal,49,ga_seed,,D:\HNOCS\out\experimental results\B-2-v4-ablation\wout-thermal\seed_49\gen_60\hnn\metrics.json,D:\HNOCS\out\experimental results\B-2-v4\seed_49\gen_60\hnn\metrics.json,baseline_normalized_v2,w_T=0.0;w_sigma=0.0;w_hot=0.0;w_makespan=1.2;w_H=0.4;w_congestion=0.7;w_D=0.4;w_L=0.2;w_E=0.5,2.9764463126909484,6.000000000000001,5.405174748221239,-0.5948252517787616,-9.913754196312697,True,True,True,,328.81757624162,330.79750581315,1.9799295715300218,0.602136173546608,2.454372247071413,1.8545871522811244,-0.5997850947902885,-24.437413497726734,16.0,13.0,-3.0,-18.75,0.000203177525,0.0001976747,-5.502825000000013e-06,-2.7083827308163166,11.14198573637825,7.05556904246795,-4.086416693910301,-36.675838495899995,2195456.0,1892352.0,-303104.0,-13.805970149253731,163840.0,131072.0,-32768.0,-19.999999999999996,0.3028095733610822,0.25286160249739853,-0.04994797086368369,-16.49484536082475,0.004651317011228462,0.004501208134292305,-0.00015010887693615686,-3.2272338473982365,55.66757624162,57.64750581315002,1.9799295715300218,3.5567015940056734,203.177525,197.6747,-5.502825000000001,-2.7083827308163166,11.14198573637825,7.05556904246795,-4.086416693910301,-36.675838495899995,2195456.0,1892352.0,-303104.0,-13.805970149253731,163840.0,131072.0,-32768.0,-19.999999999999996,0.3028095733610822,0.25286160249739853,-0.04994797086368369,-16.49484536082475,4.651317011228462,4.501208134292305,-0.15010887693615693,-3.2272338473982365,1.0,1.1856025705075577,0.18560257050755768,1.0,0.7556258650227327,-0.24437413497726734,1.0,0.8125,-0.1875,1.0,0.9729161726918368,-0.027083827308163166,1.0,0.8619402985074627,-0.13805970149253732,1.0,0.8,-0.19999999999999996,1.0,0.6332416150410001,-0.36675838495899993,1.0,0.8350515463917525,-0.1649484536082475,1.0,0.9677276615260176,-0.032272338473982365
ablation_vs_reference,GEMM,wout-comm,ablation,B-2-v4-ablation,wout-comm,40,ga_seed,,D:\HNOCS\out\experimental results\B-2-v4-ablation\wout-comm\seed_40\gen_60\gemm\metrics.json,D:\HNOCS\out\experimental results\B-2-v4\seed_40\gen_60\gemm\metrics.json,baseline_normalized_v2,w_T=1.0;w_sigma=1.0;w_hot=0.6;w_makespan=1.2;w_H=0.0;w_congestion=0.0;w_D=0.4;w_L=0.2;w_E=0.5,3.0855447983897424,6.000000000000001,3.9397337466963376,-2.0602662533036633,-34.33777088839438,True,True,True,,328.08421735578,325.32421471764,-2.7600026381400085,-0.8412482198578375,2.1434761400252804,1.1622035591533397,-0.9812725808719407,-45.77949633068309,6.0,0.0,-6.0,-100.0,0.000120405,0.0001167588,-3.646199999999999e-06,-3.028279556496827,1.8350526805555563,0.0,-1.8350526805555563,-100.0,104448.0,90112.0,-14336.0,-13.725490196078427,22528.0,16384.0,-6144.0,-27.27272727272727,0.9202539178734378,0.8059908748264233,-0.11426304304701451,-12.416469066609181,0.0015708734939939562,0.001515390065118087,-5.5483428875869115e-05,-3.532011271945401,54.93421735578005,52.17421471764004,-2.7600026381400085,-5.024195794517139,120.405,116.7588,-3.6462000000000074,-3.028279556496827,1.8350526805555563,0.0,-1.8350526805555563,-100.0,104448.0,90112.0,-14336.0,-13.725490196078427,22528.0,16384.0,-6144.0,-27.27272727272727,0.9202539178734378,0.8059908748264233,-0.11426304304701451,-12.416469066609181,1.5708734939939561,1.5153900651180872,-0.05548342887586899,-3.53201127194539,1.0,0.7221721108674807,-0.2778278891325193,1.0,0.5422050366931691,-0.4577949633068309,1.0,0.0,-1.0,1.0,0.9697172044350317,-0.030282795564968268,1.0,0.8627450980392157,-0.13725490196078427,1.0,0.7272727272727273,-0.2727272727272727,1.0,0.0,-1.0,1.0,0.8758353093339082,-0.12416469066609181,1.0,0.964679887280546,-0.03532011271945401
ablation_vs_reference,MPEG4,wout-comm,ablation,B-2-v4-ablation,wout-comm,40,ga_seed,,D:\HNOCS\out\experimental results\B-2-v4-ablation\wout-comm\seed_40\gen_60\mpeg4\metrics.json,D:\HNOCS\out\experimental results\B-2-v4\seed_40\gen_60\mpeg4\metrics.json,baseline_normalized_v2,w_T=1.0;w_sigma=1.0;w_hot=0.6;w_makespan=1.2;w_H=0.0;w_congestion=0.0;w_D=0.4;w_L=0.2;w_E=0.5,3.4055459160242516,6.000000000000001,4.243381413859749,-1.7566185861402515,-29.276976435670854,True,True,True,,327.5966387468,324.9373912008,-2.6592475460000173,-0.8117444538420115,1.3003837749577485,1.0335409484766385,-0.26684282648111,-20.52031343514572,2.0,0.0,-2.0,-100.0,0.0001220699,0.0001215296,-5.402999999999989e-07,-0.44261525568547455,0.07168423611111063,0.0,-0.07168423611111063,-100.0,420000.0,412000.0,-8000.0,-1.904761904761909,88000.0,56000.0,-32000.0,-36.36363636363637,0.5670623064060744,0.5670623064060744,0.0,0.0,0.0011328804365769536,0.0011273574565915348,-5.522979985418761e-06,-0.4875165822535221,54.44663874680003,51.787391200800016,-2.6592475460000173,-4.884135379534904,122.06989999999999,121.5296,-0.5402999999999878,-0.44261525568546345,0.07168423611111063,0.0,-0.07168423611111063,-100.0,420000.0,412000.0,-8000.0,-1.904761904761909,88000.0,56000.0,-32000.0,-36.36363636363637,0.5670623064060744,0.5670623064060744,0.0,0.0,1.1328804365769536,1.1273574565915347,-0.005522979985418841,-0.4875165822535332,1.0,0.718498016355202,-0.28150198364479795,1.0,0.7947968656485428,-0.2052031343514572,1.0,0.0,-1.0,1.0,0.9955738474431453,-0.0044261525568547455,1.0,0.9809523809523809,-0.01904761904761909,1.0,0.6363636363636364,-0.36363636363636365,1.0,0.0,-1.0,1.0,1.0,0.0,1.0,0.9951248341774648,-0.004875165822535221
ablation_vs_reference,VOPD,wout-comm,ablation,B-2-v4-ablation,wout-comm,40,ga_seed,,D:\HNOCS\out\experimental results\B-2-v4-ablation\wout-comm\seed_40\gen_60\vopd\metrics.json,D:\HNOCS\out\experimental results\B-2-v4\seed_40\gen_60\vopd\metrics.json,baseline_normalized_v2,w_T=1.0;w_sigma=1.0;w_hot=0.6;w_makespan=1.2;w_H=0.0;w_congestion=0.0;w_D=0.4;w_L=0.2;w_E=0.5,3.6117356158677345,5.0,4.615794832677667,-0.38420516732233256,-7.684103346446647,True,True,True,,325.37271921261,324.6016677765,-0.7710514361099854,-0.23697482627796917,0.9870939912641029,0.8348455979458155,-0.15224839331828743,-15.423900324153884,0.0,0.0,0.0,,8.93329e-05,8.77908e-05,-1.5421e-06,-1.7262397168344434,0.0,0.0,0.0,,1396000.0,1352000.0,-44000.0,-3.151862464183386,252000.0,222000.0,-30000.0,-11.904761904761907,0.35802469135802467,0.35802469135802467,0.0,0.0,0.0007507385223064374,0.0007408935139565422,-9.845008349895182e-06,-1.3113764722834653,52.22271921261,51.45166777650002,-0.7710514361099854,-1.4764674221019902,89.3329,87.7908,-1.5420999999999907,-1.7262397168344323,0.0,0.0,0.0,,1396000.0,1352000.0,-44000.0,-3.151862464183386,252000.0,222000.0,-30000.0,-11.904761904761907,0.35802469135802467,0.35802469135802467,0.0,0.0,0.7507385223064373,0.7408935139565422,-0.009845008349895101,-1.3113764722834542,1.0,0.893246378072704,-0.10675362192729598,1.0,0.8457609967584612,-0.15423900324153883,0.0,0.0,0.0,1.0,0.9827376028316556,-0.017262397168344434,1.0,0.9684813753581661,-0.03151862464183386,1.0,0.8809523809523809,-0.11904761904761907,0.0,0.0,0.0,1.0,1.0,0.0,1.0,0.9868862352771653,-0.013113764722834653
ablation_vs_reference,HNN,wout-comm,ablation,B-2-v4-ablation,wout-comm,40,ga_seed,,D:\HNOCS\out\experimental results\B-2-v4-ablation\wout-comm\seed_40\gen_60\hnn\metrics.json,D:\HNOCS\out\experimental results\B-2-v4\seed_40\gen_60\hnn\metrics.json,baseline_normalized_v2,w_T=1.0;w_sigma=1.0;w_hot=0.6;w_makespan=1.2;w_H=0.0;w_congestion=0.0;w_D=0.4;w_L=0.2;w_E=0.5,4.065338025090228,6.000000000000001,5.280785786284258,-0.7192142137157429,-11.986903561929052,True,True,True,,328.81757624162,328.64719880765,-0.17037743396997485,-0.05181518455229517,2.454372247071413,1.5353741483809191,-0.9189980986904938,-37.44330550457672,16.0,6.0,-10.0,-62.5,0.000203177525,0.0002371187,3.3941174999999984e-05,16.705181835441675,11.14198573637825,2.1110794114583316,-9.030906324919918,-81.05293381802025,2195456.0,2252800.0,57344.0,2.6119402985074647,163840.0,188416.0,24576.0,14.999999999999991,0.3028095733610822,0.40894901144641,0.10613943808532778,35.05154639175257,0.004651317011228462,0.004506094178498961,-0.0001452228327295012,-3.122187380024355,55.66757624162,55.49719880765002,-0.17037743396997485,-0.30606224569661444,203.177525,237.1187,33.94117499999999,16.705181835441675,11.14198573637825,2.1110794114583316,-9.030906324919918,-81.05293381802025,2195456.0,2252800.0,57344.0,2.6119402985074647,163840.0,188416.0,24576.0,14.999999999999991,0.3028095733610822,0.40894901144641,0.10613943808532778,35.05154639175257,4.651317011228462,4.5060941784989605,-0.14522283272950176,-3.122187380024366,1.0,0.9840284774993929,-0.01597152250060707,1.0,0.6255669449542328,-0.3744330550457672,1.0,0.375,-0.625,1.0,1.1670518183544167,0.16705181835441674,1.0,1.0261194029850746,0.026119402985074647,1.0,1.15,0.1499999999999999,1.0,0.18947066181979755,-0.8105293381802025,1.0,1.3505154639175256,0.35051546391752564,1.0,0.9687781261997565,-0.03122187380024355
ablation_vs_reference,GEMM,wout-comm,ablation,B-2-v4-ablation,wout-comm,41,ga_seed,,D:\HNOCS\out\experimental results\B-2-v4-ablation\wout-comm\seed_41\gen_60\gemm\metrics.json,D:\HNOCS\out\experimental results\B-2-v4\seed_41\gen_60\gemm\metrics.json,baseline_normalized_v2,w_T=1.0;w_sigma=1.0;w_hot=0.6;w_makespan=1.2;w_H=0.0;w_congestion=0.0;w_D=0.4;w_L=0.2;w_E=0.5,3.1495100399657328,6.000000000000001,3.9840911451350736,-2.0159088548649273,-33.598480914415454,True,True,True,,328.08421735578,325.63724610718,-2.4469712486000503,-0.7458363185896655,2.1434761400252804,1.2278296182205568,-0.9156465218047236,-42.71783131646729,6.0,0.0,-6.0,-100.0,0.000120405,0.0001169047,-3.5002999999999976e-06,-2.907105186661685,1.8350526805555563,0.0,-1.8350526805555563,-100.0,104448.0,84992.0,-19456.0,-18.627450980392158,22528.0,16384.0,-6144.0,-27.27272727272727,0.9202539178734378,0.8059908748264233,-0.11426304304701451,-12.416469066609181,0.0015708734939939562,0.001516596735200087,-5.427675879386912e-05,-3.455196042290465,54.93421735578005,52.48724610718,-2.4469712486000503,-4.454366270028576,120.405,116.9047,-3.5002999999999957,-2.907105186661685,1.8350526805555563,0.0,-1.8350526805555563,-100.0,104448.0,84992.0,-19456.0,-18.627450980392158,22528.0,16384.0,-6144.0,-27.27272727272727,0.9202539178734378,0.8059908748264233,-0.11426304304701451,-12.416469066609181,1.5708734939939561,1.516596735200087,-0.05427675879386906,-3.455196042290465,1.0,0.7536825337150165,-0.24631746628498352,1.0,0.5728216868353271,-0.4271783131646729,1.0,0.0,-1.0,1.0,0.9709289481333832,-0.029071051866616848,1.0,0.8137254901960784,-0.18627450980392157,1.0,0.7272727272727273,-0.2727272727272727,1.0,0.0,-1.0,1.0,0.8758353093339082,-0.12416469066609181,1.0,0.9654480395770954,-0.03455196042290465
ablation_vs_reference,MPEG4,wout-comm,ablation,B-2-v4-ablation,wout-comm,41,ga_seed,,D:\HNOCS\out\experimental results\B-2-v4-ablation\wout-comm\seed_41\gen_60\mpeg4\metrics.json,D:\HNOCS\out\experimental results\B-2-v4\seed_41\gen_60\mpeg4\metrics.json,baseline_normalized_v2,w_T=1.0;w_sigma=1.0;w_hot=0.6;w_makespan=1.2;w_H=0.0;w_congestion=0.0;w_D=0.4;w_L=0.2;w_E=0.5,3.353497333447004,6.000000000000001,4.226960536910207,-1.7730394630897939,-29.55065771816323,True,True,True,,327.5966387468,324.94635698051,-2.650281766289993,-0.8090076187681539,1.3003837749577485,0.9662953684851536,-0.33408840647259486,-25.691523756780942,2.0,0.0,-2.0,-100.0,0.0001220699,0.0001214336,-6.362999999999925e-07,-0.5212587214374675,0.07168423611111063,0.0,-0.07168423611111063,-100.0,420000.0,416000.0,-4000.0,-0.952380952380949,88000.0,60000.0,-28000.0,-31.818181818181824,0.5670623064060744,0.5670623064060744,0.0,0.0,0.0011328804365769536,0.001126582894653931,-6.297541923022676e-06,-0.5558876047017769,54.44663874680003,51.79635698051004,-2.650281766289993,-4.867668284565607,122.06989999999999,121.4336,-0.6362999999999914,-0.5212587214374675,0.07168423611111063,0.0,-0.07168423611111063,-100.0,420000.0,416000.0,-4000.0,-0.952380952380949,88000.0,60000.0,-28000.0,-31.818181818181824,0.5670623064060744,0.5670623064060744,0.0,0.0,1.1328804365769536,1.126582894653931,-0.006297541923022676,-0.5558876047017769,1.0,0.7194471136955721,-0.2805528863044279,1.0,0.7430847624321906,-0.25691523756780943,1.0,0.0,-1.0,1.0,0.9947874127856253,-0.005212587214374675,1.0,0.9904761904761905,-0.00952380952380949,1.0,0.6818181818181818,-0.31818181818181823,1.0,0.0,-1.0,1.0,1.0,0.0,1.0,0.9944411239529822,-0.005558876047017769
ablation_vs_reference,VOPD,wout-comm,ablation,B-2-v4-ablation,wout-comm,41,ga_seed,,D:\HNOCS\out\experimental results\B-2-v4-ablation\wout-comm\seed_41\gen_60\vopd\metrics.json,D:\HNOCS\out\experimental results\B-2-v4\seed_41\gen_60\vopd\metrics.json,baseline_normalized_v2,w_T=1.0;w_sigma=1.0;w_hot=0.6;w_makespan=1.2;w_H=0.0;w_congestion=0.0;w_D=0.4;w_L=0.2;w_E=0.5,3.700951390466724,5.0,4.745332160921993,-0.2546678390780066,-5.093356781560132,True,True,True,,325.37271921261,324.89719656076,-0.4755226518499853,-0.14614705652051807,0.9870939912641029,0.8827925674072994,-0.10430142385680352,-10.566513906465168,0.0,0.0,0.0,,8.93329e-05,8.77368e-05,-1.5960999999999965e-06,-1.7866877712466422,0.0,0.0,0.0,,1396000.0,1706000.0,310000.0,22.206303724928354,252000.0,200000.0,-52000.0,-20.63492063492064,0.35802469135802467,0.35802469135802467,0.0,0.0,0.0007507385223064374,0.0007415702785797509,-9.168243726686448e-06,-1.2212299561396578,52.22271921261,51.74719656076002,-0.4755226518499853,-0.9105666250622257,89.3329,87.7368,-1.5960999999999927,-1.7866877712466422,0.0,0.0,0.0,,1396000.0,1706000.0,310000.0,22.206303724928354,252000.0,200000.0,-52000.0,-20.63492063492064,0.35802469135802467,0.35802469135802467,0.0,0.0,0.7507385223064373,0.741570278579751,-0.009168243726686343,-1.2212299561396467,1.0,0.9341629325670338,-0.06583706743296625,1.0,0.8943348609353483,-0.10566513906465169,0.0,0.0,0.0,1.0,0.9821331222875336,-0.017866877712466422,1.0,1.2220630372492836,0.22206303724928356,1.0,0.7936507936507936,-0.2063492063492064,0.0,0.0,0.0,1.0,1.0,0.0,1.0,0.9877877004386034,-0.012212299561396578
ablation_vs_reference,HNN,wout-comm,ablation,B-2-v4-ablation,wout-comm,41,ga_seed,,D:\HNOCS\out\experimental results\B-2-v4-ablation\wout-comm\seed_41\gen_60\hnn\metrics.json,D:\HNOCS\out\experimental results\B-2-v4\seed_41\gen_60\hnn\metrics.json,baseline_normalized_v2,w_T=1.0;w_sigma=1.0;w_hot=0.6;w_makespan=1.2;w_H=0.0;w_congestion=0.0;w_D=0.4;w_L=0.2;w_E=0.5,4.268847253072718,6.000000000000001,5.796309939639882,-0.2036900603601186,-3.3948343393353064,True,True,True,,328.81757624162,328.42015909539,-0.3974171462299978,-0.12086250095645346,2.454372247071413,1.6954058394082623,-0.7589664076631506,-30.923035760722872,16.0,9.0,-7.0,-43.75,0.000203177525,0.0002370507,3.3873175e-05,16.671713566744153,11.14198573637825,1.3508384255279031,-9.791147310850349,-87.87614292919568,2195456.0,2236416.0,40960.0,1.8656716417910557,163840.0,262144.0,98304.0,60.00000000000001,0.3028095733610822,0.5254942767950052,0.22268470343392294,73.53951890034362,0.004651317011228462,0.004485704659191439,-0.00016561235203702267,-3.5605475102477024,55.66757624162,55.27015909539,-0.3974171462299978,-0.7139113521038576,203.177525,237.0507,33.873175,16.671713566744153,11.14198573637825,1.3508384255279031,-9.791147310850349,-87.87614292919568,2195456.0,2236416.0,40960.0,1.8656716417910557,163840.0,262144.0,98304.0,60.00000000000001,0.3028095733610822,0.5254942767950052,0.22268470343392294,73.53951890034362,4.651317011228462,4.485704659191439,-0.16561235203702296,-3.5605475102477024,1.0,0.9627453193463518,-0.03725468065364823,1.0,0.6907696423927713,-0.3092303576072287,1.0,0.5625,-0.4375,1.0,1.1667171356674415,0.1667171356674415,1.0,1.0186567164179106,0.018656716417910557,1.0,1.6,0.6000000000000001,1.0,0.12123857070804318,-0.8787614292919568,1.0,1.7353951890034363,0.7353951890034363,1.0,0.964394524897523,-0.035605475102477024
ablation_vs_reference,GEMM,wout-comm,ablation,B-2-v4-ablation,wout-comm,42,ga_seed,,D:\HNOCS\out\experimental results\B-2-v4-ablation\wout-comm\seed_42\gen_60\gemm\metrics.json,D:\HNOCS\out\experimental results\B-2-v4\seed_42\gen_60\gemm\metrics.json,baseline_normalized_v2,w_T=1.0;w_sigma=1.0;w_hot=0.6;w_makespan=1.2;w_H=0.0;w_congestion=0.0;w_D=0.4;w_L=0.2;w_E=0.5,3.165059970395768,6.000000000000001,3.9408175461533435,-2.0591824538466574,-34.319707564110956,True,True,True,,328.08421735578,325.72148385381,-2.3627335019700126,-0.7201606712485709,2.1434761400252804,1.2482964772492582,-0.8951796627760222,-41.76298704987984,6.0,0.0,-6.0,-100.0,0.000120405,0.0001166947,-3.7102999999999973e-06,-3.081516548316099,1.8350526805555563,0.0,-1.8350526805555563,-100.0,104448.0,69632.0,-34816.0,-33.333333333333336,22528.0,16384.0,-6144.0,-27.27272727272727,0.9202539178734378,0.8059908748264233,-0.11426304304701451,-12.416469066609181,0.0015708734939939562,0.001515386750045775,-5.548674394818126e-05,-3.532222305636201,54.93421735578005,52.57148385381004,-2.3627335019700126,-4.301023325166953,120.405,116.6947,-3.7103000000000037,-3.081516548316099,1.8350526805555563,0.0,-1.8350526805555563,-100.0,104448.0,69632.0,-34816.0,-33.333333333333336,22528.0,16384.0,-6144.0,-27.27272727272727,0.9202539178734378,0.8059908748264233,-0.11426304304701451,-12.416469066609181,1.5708734939939561,1.515386750045775,-0.055486743948181205,-3.532222305636201,1.0,0.7621620891357589,-0.2378379108642411,1.0,0.5823701295012016,-0.4176298704987984,1.0,0.0,-1.0,1.0,0.969184834516839,-0.03081516548316099,1.0,0.6666666666666666,-0.33333333333333337,1.0,0.7272727272727273,-0.2727272727272727,1.0,0.0,-1.0,1.0,0.8758353093339082,-0.12416469066609181,1.0,0.964677776943638,-0.03532222305636201
ablation_vs_reference,MPEG4,wout-comm,ablation,B-2-v4-ablation,wout-comm,42,ga_seed,,D:\HNOCS\out\experimental results\B-2-v4-ablation\wout-comm\seed_42\gen_60\mpeg4\metrics.json,D:\HNOCS\out\experimental results\B-2-v4\seed_42\gen_60\mpeg4\metrics.json,baseline_normalized_v2,w_T=1.0;w_sigma=1.0;w_hot=0.6;w_makespan=1.2;w_H=0.0;w_congestion=0.0;w_D=0.4;w_L=0.2;w_E=0.5,3.384596043392652,6.000000000000001,4.385115523912132,-1.6148844760878687,-26.914741268131138,True,True,True,,327.5966387468,324.94555889321,-2.6510798535900335,-0.8092512376596916,1.3003837749577485,0.9962202644133077,-0.3041635105444408,-23.39028803664699,2.0,0.0,-2.0,-100.0,0.0001220699,0.0001220739,4.000000000008771e-09,0.0032768110730163613,0.07168423611111063,0.0,-0.07168423611111063,-100.0,420000.0,516000.0,96000.0,22.857142857142865,88000.0,64000.0,-24000.0,-27.27272727272727,0.5670623064060744,0.5670623064060744,0.0,0.0,0.0011328804365769536,0.0011308343912101188,-2.0460453668347603e-06,-0.18060558738369759,54.44663874680003,51.79555889321,-2.6510798535900335,-4.86913410012082,122.06989999999999,122.07390000000001,0.004000000000019099,0.0032768110730163613,0.07168423611111063,0.0,-0.07168423611111063,-100.0,420000.0,516000.0,96000.0,22.857142857142865,88000.0,64000.0,-24000.0,-27.27272727272727,0.5670623064060744,0.5670623064060744,0.0,0.0,1.1328804365769536,1.1308343912101189,-0.0020460453668347256,-0.18060558738368648,1.0,0.719362629963164,-0.280637370036836,1.0,0.7660971196335301,-0.2339028803664699,1.0,0.0,-1.0,1.0,1.0000327681107302,3.276811073016361e-05,1.0,1.2285714285714286,0.22857142857142865,1.0,0.7272727272727273,-0.2727272727272727,1.0,0.0,-1.0,1.0,1.0,0.0,1.0,0.998193944126163,-0.0018060558738369759
ablation_vs_reference,VOPD,wout-comm,ablation,B-2-v4-ablation,wout-comm,42,ga_seed,,D:\HNOCS\out\experimental results\B-2-v4-ablation\wout-comm\seed_42\gen_60\vopd\metrics.json,D:\HNOCS\out\experimental results\B-2-v4\seed_42\gen_60\vopd\metrics.json,baseline_normalized_v2,w_T=1.0;w_sigma=1.0;w_hot=0.6;w_makespan=1.2;w_H=0.0;w_congestion=0.0;w_D=0.4;w_L=0.2;w_E=0.5,3.7890723271486464,5.0,4.960132499068417,-0.03986750093158342,-0.7973500186316707,True,True,True,,325.37271921261,325.40143694166,0.02871772905001535,0.008826102298775673,0.9870939912641029,0.9006331204779132,-0.08646087078618969,-8.759132519433665,0.0,0.0,0.0,,8.93329e-05,8.77369e-05,-1.596000000000003e-06,-1.786575830405146,0.0,0.0,0.0,,1396000.0,1644000.0,248000.0,17.765042979942702,252000.0,252000.0,0.0,0.0,0.35802469135802467,0.35802469135802467,0.0,0.0,0.0007507385223064374,0.0007419196493900795,-8.818872916357859e-06,-1.1746930061966587,52.22271921261,52.25143694166002,0.02871772905001535,0.05499087271403358,89.3329,87.73689999999999,-1.5960000000000036,-1.786575830405157,0.0,0.0,0.0,,1396000.0,1644000.0,248000.0,17.765042979942702,252000.0,252000.0,0.0,0.0,0.35802469135802467,0.35802469135802467,0.0,0.0,0.7507385223064373,0.7419196493900795,-0.008818872916357856,-1.1746930061966587,1.0,1.003976027338828,0.00397602733882807,1.0,0.9124086748056633,-0.08759132519433666,0.0,0.0,0.0,1.0,0.9821342416959485,-0.01786575830405146,1.0,1.177650429799427,0.17765042979942702,1.0,1.0,0.0,0.0,0.0,0.0,1.0,1.0,0.0,1.0,0.9882530699380334,-0.011746930061966587
ablation_vs_reference,HNN,wout-comm,ablation,B-2-v4-ablation,wout-comm,42,ga_seed,,D:\HNOCS\out\experimental results\B-2-v4-ablation\wout-comm\seed_42\gen_60\hnn\metrics.json,D:\HNOCS\out\experimental results\B-2-v4\seed_42\gen_60\hnn\metrics.json,baseline_normalized_v2,w_T=1.0;w_sigma=1.0;w_hot=0.6;w_makespan=1.2;w_H=0.0;w_congestion=0.0;w_D=0.4;w_L=0.2;w_E=0.5,4.127127540628179,6.000000000000001,5.270261868986388,-0.7297381310136126,-12.162302183560215,True,True,True,,328.81757624162,327.69537656535,-1.122199676269986,-0.3412833611562749,2.454372247071413,1.653932741096803,-0.8004395059746099,-32.612799746644136,16.0,6.0,-10.0,-62.5,0.000203177525,0.0002338547,3.067717499999998e-05,15.09870493796004,11.14198573637825,0.6053485229779413,-10.53663721340031,-94.56696016939335,2195456.0,2048000.0,-147456.0,-6.716417910447758,163840.0,180224.0,16384.0,10.000000000000009,0.3028095733610822,0.6857440166493236,0.3829344432882414,126.46048109965635,0.004651317011228462,0.004443079469808885,-0.0002082375414195767,-4.476958696147415,55.66757624162,54.54537656535001,-1.122199676269986,-2.0158946231091157,203.177525,233.8547,30.677175000000005,15.09870493796004,11.14198573637825,0.6053485229779413,-10.53663721340031,-94.56696016939335,2195456.0,2048000.0,-147456.0,-6.716417910447758,163840.0,180224.0,16384.0,10.000000000000009,0.3028095733610822,0.6857440166493236,0.3829344432882414,126.46048109965635,4.651317011228462,4.443079469808885,-0.20823754141957718,-4.476958696147426,1.0,0.8948027507980982,-0.10519724920190177,1.0,0.6738720025335586,-0.3261279974664414,1.0,0.375,-0.625,1.0,1.1509870493796004,0.1509870493796004,1.0,0.9328358208955224,-0.06716417910447758,1.0,1.1,0.10000000000000009,1.0,0.05433039830606643,-0.9456696016939335,1.0,2.2646048109965635,1.2646048109965635,1.0,0.9552304130385258,-0.04476958696147415
ablation_vs_reference,GEMM,wout-comm,ablation,B-2-v4-ablation,wout-comm,43,ga_seed,,D:\HNOCS\out\experimental results\B-2-v4-ablation\wout-comm\seed_43\gen_60\gemm\metrics.json,D:\HNOCS\out\experimental results\B-2-v4\seed_43\gen_60\gemm\metrics.json,baseline_normalized_v2,w_T=1.0;w_sigma=1.0;w_hot=0.6;w_makespan=1.2;w_H=0.0;w_congestion=0.0;w_D=0.4;w_L=0.2;w_E=0.5,3.0860806977070236,6.000000000000001,4.067096740487772,-1.932903259512229,-32.215054325203816,True,True,True,,328.08421735578,325.32706874538,-2.7571486104000087,-0.8403783128068332,2.1434761400252804,1.1622155962625649,-0.9812605437627155,-45.77893476113722,6.0,0.0,-6.0,-100.0,0.000120405,0.0001167748,-3.630199999999991e-06,-3.0149910717993333,1.8350526805555563,0.0,-1.8350526805555563,-100.0,104448.0,98304.0,-6144.0,-5.882352941176472,22528.0,19456.0,-3072.0,-13.636363636363635,0.9202539178734378,0.8059908748264233,-0.11426304304701451,-12.416469066609181,0.0015708734939939562,0.0015156524925557945,-5.52210014381617e-05,-3.515305443073069,54.93421735578005,52.17706874538004,-2.7571486104000087,-5.019000439277043,120.405,116.7748,-3.630200000000002,-3.0149910717993444,1.8350526805555563,0.0,-1.8350526805555563,-100.0,104448.0,98304.0,-6144.0,-5.882352941176472,22528.0,19456.0,-3072.0,-13.636363636363635,0.9202539178734378,0.8059908748264233,-0.11426304304701451,-12.416469066609181,1.5708734939939561,1.5156524925557944,-0.055221001438161776,-3.51530544307308,1.0,0.7224594035285719,-0.27754059647142815,1.0,0.5422106523886278,-0.45778934761137224,1.0,0.0,-1.0,1.0,0.9698500892820067,-0.030149910717993333,1.0,0.9411764705882353,-0.05882352941176472,1.0,0.8636363636363636,-0.13636363636363635,1.0,0.0,-1.0,1.0,0.8758353093339082,-0.12416469066609181,1.0,0.9648469455692693,-0.03515305443073069
ablation_vs_reference,MPEG4,wout-comm,ablation,B-2-v4-ablation,wout-comm,43,ga_seed,,D:\HNOCS\out\experimental results\B-2-v4-ablation\wout-comm\seed_43\gen_60\mpeg4\metrics.json,D:\HNOCS\out\experimental results\B-2-v4\seed_43\gen_60\mpeg4\metrics.json,baseline_normalized_v2,w_T=1.0;w_sigma=1.0;w_hot=0.6;w_makespan=1.2;w_H=0.0;w_congestion=0.0;w_D=0.4;w_L=0.2;w_E=0.5,3.406551017235546,6.000000000000001,4.432611623296152,-1.5673883767038488,-26.123139611730807,True,True,True,,327.5966387468,325.22155367345,-2.3750850733500215,-0.7250028823359567,1.3003837749577485,0.9909982569233243,-0.30938551803442416,-23.791862371127827,2.0,0.0,-2.0,-100.0,0.0001220699,0.0001218276,-2.4229999999999597e-07,-0.19849283074696578,0.07168423611111063,0.0,-0.07168423611111063,-100.0,420000.0,476000.0,56000.0,13.33333333333333,88000.0,72000.0,-16000.0,-18.181818181818176,0.5670623064060744,0.5670623064060744,0.0,0.0,0.0011328804365769536,0.0011289668699526719,-3.913566624281703e-06,-0.34545275016900634,54.44663874680003,52.07155367345001,-2.3750850733500215,-4.362225342128423,122.06989999999999,121.8276,-0.24229999999998597,-0.19849283074696578,0.07168423611111063,0.0,-0.07168423611111063,-100.0,420000.0,476000.0,56000.0,13.33333333333333,88000.0,72000.0,-16000.0,-18.181818181818176,0.5670623064060744,0.5670623064060744,0.0,0.0,1.1328804365769536,1.1289668699526718,-0.003913566624281772,-0.34545275016900634,1.0,0.748578818666633,-0.251421181333367,1.0,0.7620813762887217,-0.23791862371127825,1.0,0.0,-1.0,1.0,0.9980150716925303,-0.0019849283074696578,1.0,1.1333333333333333,0.1333333333333333,1.0,0.8181818181818182,-0.18181818181818177,1.0,0.0,-1.0,1.0,1.0,0.0,1.0,0.9965454724983099,-0.0034545275016900634
ablation_vs_reference,VOPD,wout-comm,ablation,B-2-v4-ablation,wout-comm,43,ga_seed,,D:\HNOCS\out\experimental results\B-2-v4-ablation\wout-comm\seed_43\gen_60\vopd\metrics.json,D:\HNOCS\out\experimental results\B-2-v4\seed_43\gen_60\vopd\metrics.json,baseline_normalized_v2,w_T=1.0;w_sigma=1.0;w_hot=0.6;w_makespan=1.2;w_H=0.0;w_congestion=0.0;w_D=0.4;w_L=0.2;w_E=0.5,3.705520336922757,5.0,4.578458891523202,-0.4215411084767977,-8.430822169535956,True,True,True,,325.37271921261,324.9050139395,-0.4677052731099707,-0.14374446457644519,0.9870939912641029,0.886336807858129,-0.10075718340597395,-10.207455855033743,0.0,0.0,0.0,,8.93329e-05,8.77489e-05,-1.5840000000000038e-06,-1.7731429294246648,0.0,0.0,0.0,,1396000.0,1224000.0,-172000.0,-12.320916905444124,252000.0,188000.0,-64000.0,-25.396825396825395,0.35802469135802467,0.35802469135802467,0.0,0.0,0.0007507385223064374,0.0007411701289901244,-9.56839331631295e-06,-1.2745307496565772,52.22271921261,51.75501393950003,-0.4677052731099707,-0.8955973188715882,89.3329,87.74889999999999,-1.5840000000000032,-1.7731429294246648,0.0,0.0,0.0,,1396000.0,1224000.0,-172000.0,-12.320916905444124,252000.0,188000.0,-64000.0,-25.396825396825395,0.35802469135802467,0.35802469135802467,0.0,0.0,0.7507385223064373,0.7411701289901245,-0.009568393316312873,-1.274530749656566,1.0,0.9352452643744736,-0.06475473562552636,1.0,0.8979254414496626,-0.10207455855033742,0.0,0.0,0.0,1.0,0.9822685707057534,-0.017731429294246648,1.0,0.8767908309455588,-0.12320916905444124,1.0,0.746031746031746,-0.25396825396825395,0.0,0.0,0.0,1.0,1.0,0.0,1.0,0.9872546925034342,-0.012745307496565772
ablation_vs_reference,HNN,wout-comm,ablation,B-2-v4-ablation,wout-comm,43,ga_seed,,D:\HNOCS\out\experimental results\B-2-v4-ablation\wout-comm\seed_43\gen_60\hnn\metrics.json,D:\HNOCS\out\experimental results\B-2-v4\seed_43\gen_60\hnn\metrics.json,baseline_normalized_v2,w_T=1.0;w_sigma=1.0;w_hot=0.6;w_makespan=1.2;w_H=0.0;w_congestion=0.0;w_D=0.4;w_L=0.2;w_E=0.5,4.205201748742246,6.000000000000001,5.387813689040753,-0.612186310959248,-10.203105182654138,True,True,True,,328.81757624162,327.91833552224,-0.899240719379975,-0.2734770840592815,2.454372247071413,1.7557081312394036,-0.6986641158320093,-28.46610234717508,16.0,6.0,-10.0,-62.5,0.000203177525,0.0002364728,3.3295274999999984e-05,16.387282500857303,11.14198573637825,0.3832273933823481,-10.758758342995902,-96.56051082410632,2195456.0,2072576.0,-122880.0,-5.597014925373134,163840.0,188416.0,24576.0,14.999999999999991,0.3028095733610822,0.6982310093652445,0.3954214360041623,130.58419243986253,0.004651317011228462,0.0044428047011255386,-0.00020851231010292348,-4.482866026967558,55.66757624162,54.76833552224002,-0.899240719379975,-1.6153760951921114,203.177525,236.4728,33.295275000000004,16.387282500857324,11.14198573637825,0.3832273933823481,-10.758758342995902,-96.56051082410632,2195456.0,2072576.0,-122880.0,-5.597014925373134,163840.0,188416.0,24576.0,14.999999999999991,0.3028095733610822,0.6982310093652445,0.3954214360041623,130.58419243986253,4.651317011228462,4.442804701125539,-0.2085123101029236,-4.482866026967558,1.0,0.9157033707552471,-0.0842966292447529,1.0,0.7153389765282492,-0.2846610234717508,1.0,0.375,-0.625,1.0,1.163872825008573,0.16387282500857303,1.0,0.9440298507462687,-0.05597014925373134,1.0,1.15,0.1499999999999999,1.0,0.03439489175893684,-0.9656051082410632,1.0,2.3058419243986252,1.3058419243986252,1.0,0.9551713397303244,-0.04482866026967558
ablation_vs_reference,GEMM,wout-comm,ablation,B-2-v4-ablation,wout-comm,44,ga_seed,,D:\HNOCS\out\experimental results\B-2-v4-ablation\wout-comm\seed_44\gen_60\gemm\metrics.json,D:\HNOCS\out\experimental results\B-2-v4\seed_44\gen_60\gemm\metrics.json,baseline_normalized_v2,w_T=1.0;w_sigma=1.0;w_hot=0.6;w_makespan=1.2;w_H=0.0;w_congestion=0.0;w_D=0.4;w_L=0.2;w_E=0.5,3.155055558645739,6.000000000000001,3.9896366638150798,-2.010363336184921,-33.50605560308202,True,True,True,,328.08421735578,325.63701802234,-2.4471993334400395,-0.745905838800609,2.1434761400252804,1.242205531499018,-0.9012706085262625,-42.04714910032228,6.0,0.0,-6.0,-100.0,0.000120405,0.0001168067,-3.5982999999999957e-06,-2.9884971554337447,1.8350526805555563,0.0,-1.8350526805555563,-100.0,104448.0,84992.0,-19456.0,-18.627450980392158,22528.0,16384.0,-6144.0,-27.27272727272727,0.9202539178734378,0.8059908748264233,-0.11426304304701451,-12.416469066609181,0.0015708734939939562,0.001516088902153778,-5.478459184017821e-05,-3.4875241099706855,54.93421735578005,52.48701802234001,-2.4471993334400395,-4.454781466332392,120.405,116.8067,-3.5982999999999947,-2.9884971554337447,1.8350526805555563,0.0,-1.8350526805555563,-100.0,104448.0,84992.0,-19456.0,-18.627450980392158,22528.0,16384.0,-6144.0,-27.27272727272727,0.9202539178734378,0.8059908748264233,-0.11426304304701451,-12.416469066609181,1.5708734939939561,1.516088902153778,-0.05478459184017814,-3.4875241099706855,1.0,0.7536595741972386,-0.2463404258027614,1.0,0.5795285089967772,-0.4204714910032228,1.0,0.0,-1.0,1.0,0.9701150284456626,-0.029884971554337447,1.0,0.8137254901960784,-0.18627450980392157,1.0,0.7272727272727273,-0.2727272727272727,1.0,0.0,-1.0,1.0,0.8758353093339082,-0.12416469066609181,1.0,0.9651247589002931,-0.034875241099706855
ablation_vs_reference,MPEG4,wout-comm,ablation,B-2-v4-ablation,wout-comm,44,ga_seed,,D:\HNOCS\out\experimental results\B-2-v4-ablation\wout-comm\seed_44\gen_60\mpeg4\metrics.json,D:\HNOCS\out\experimental results\B-2-v4\seed_44\gen_60\mpeg4\metrics.json,baseline_normalized_v2,w_T=1.0;w_sigma=1.0;w_hot=0.6;w_makespan=1.2;w_H=0.0;w_congestion=0.0;w_D=0.4;w_L=0.2;w_E=0.5,3.390498232290487,6.000000000000001,4.458463600255855,-1.541536399744146,-25.692273329069092,True,True,True,,327.5966387468,324.94898144018,-2.647657306620033,-0.8082064934330502,1.3003837749577485,1.016364846326231,-0.28401892863151756,-21.8411621323671,2.0,0.0,-2.0,-100.0,0.0001220699,0.0001212576,-8.12299999999999e-07,-0.6654384086494658,0.07168423611111063,0.0,-0.07168423611111063,-100.0,420000.0,520000.0,100000.0,23.809523809523814,88000.0,72000.0,-16000.0,-18.181818181818176,0.5670623064060744,0.5670623064060744,0.0,0.0,0.0011328804365769536,0.0011264687443269664,-6.411692249987154e-06,-0.565963718939344,54.44663874680003,51.79898144018,-2.647657306620033,-4.862848042709789,122.06989999999999,121.2576,-0.8122999999999934,-0.6654384086494658,0.07168423611111063,0.0,-0.07168423611111063,-100.0,420000.0,520000.0,100000.0,23.809523809523814,88000.0,72000.0,-16000.0,-18.181818181818176,0.5670623064060744,0.5670623064060744,0.0,0.0,1.1328804365769536,1.1264687443269665,-0.0064116922499870554,-0.565963718939333,1.0,0.7197249331126477,-0.28027506688735226,1.0,0.781588378676329,-0.21841162132367098,1.0,0.0,-1.0,1.0,0.9933456159135053,-0.006654384086494658,1.0,1.2380952380952381,0.23809523809523814,1.0,0.8181818181818182,-0.18181818181818177,1.0,0.0,-1.0,1.0,1.0,0.0,1.0,0.9943403628106066,-0.0056596371893934405
ablation_vs_reference,VOPD,wout-comm,ablation,B-2-v4-ablation,wout-comm,44,ga_seed,,D:\HNOCS\out\experimental results\B-2-v4-ablation\wout-comm\seed_44\gen_60\vopd\metrics.json,D:\HNOCS\out\experimental results\B-2-v4\seed_44\gen_60\vopd\metrics.json,baseline_normalized_v2,w_T=1.0;w_sigma=1.0;w_hot=0.6;w_makespan=1.2;w_H=0.0;w_congestion=0.0;w_D=0.4;w_L=0.2;w_E=0.5,3.6921062534531424,5.0,4.759377823016975,-0.2406221769830248,-4.812443539660494,True,True,True,,325.37271921261,324.94806503118,-0.4246541814299576,-0.13051314887665422,0.9870939912641029,0.864825322854445,-0.12226866840965789,-12.38673008768667,0.0,0.0,0.0,,8.93329e-05,8.78868e-05,-1.4461000000000064e-06,-1.6187765089905382,0.0,0.0,0.0,,1396000.0,1592000.0,196000.0,14.04011461318051,252000.0,220000.0,-32000.0,-12.698412698412698,0.35802469135802467,0.35802469135802467,0.0,0.0,0.0007507385223064374,0.000742019592018633,-8.718930287804371e-06,-1.1613804312342824,52.22271921261,51.798065031180045,-0.4246541814299576,-0.813159842751765,89.3329,87.8868,-1.4461000000000013,-1.618776508990527,0.0,0.0,0.0,,1396000.0,1592000.0,196000.0,14.04011461318051,252000.0,220000.0,-32000.0,-12.698412698412698,0.35802469135802467,0.35802469135802467,0.0,0.0,0.7507385223064373,0.742019592018633,-0.00871893028780435,-1.1613804312342824,1.0,0.9412057745940667,-0.058794225405933265,1.0,0.8761326991231333,-0.1238673008768667,0.0,0.0,0.0,1.0,0.9838122349100946,-0.01618776508990538,1.0,1.140401146131805,0.1404011461318051,1.0,0.873015873015873,-0.12698412698412698,0.0,0.0,0.0,1.0,1.0,0.0,1.0,0.9883861956876572,-0.011613804312342824
ablation_vs_reference,HNN,wout-comm,ablation,B-2-v4-ablation,wout-comm,44,ga_seed,,D:\HNOCS\out\experimental results\B-2-v4-ablation\wout-comm\seed_44\gen_60\hnn\metrics.json,D:\HNOCS\out\experimental results\B-2-v4\seed_44\gen_60\hnn\metrics.json,baseline_normalized_v2,w_T=1.0;w_sigma=1.0;w_hot=0.6;w_makespan=1.2;w_H=0.0;w_congestion=0.0;w_D=0.4;w_L=0.2;w_E=0.5,4.173725486698312,6.000000000000001,5.517232949384878,-0.4827670506151227,-8.04611751025205,True,True,True,,328.81757624162,328.28075095892,-0.5368252826999651,-0.16325930287421908,2.454372247071413,1.447055272648152,-1.0073169744232608,-41.041735850183436,16.0,10.0,-6.0,-37.5,0.000203177525,0.0002339049,3.0727375e-05,15.123412395145564,11.14198573637825,1.463418429935515,-9.678567306442735,-86.86573053887963,2195456.0,2187264.0,-8192.0,-0.3731343283582045,163840.0,221184.0,57344.0,35.00000000000001,0.3028095733610822,0.5192507804370448,0.21644120707596254,71.47766323024054,0.004651317011228462,0.004488451808652552,-0.00016286520257590992,-3.5014857551688428,55.66757624162,55.13075095892003,-0.5368252826999651,-0.9643410382552342,203.177525,233.9049,30.727374999999995,15.123412395145564,11.14198573637825,1.463418429935515,-9.678567306442735,-86.86573053887963,2195456.0,2187264.0,-8192.0,-0.3731343283582045,163840.0,221184.0,57344.0,35.00000000000001,0.3028095733610822,0.5192507804370448,0.21644120707596254,71.47766323024054,4.651317011228462,4.488451808652552,-0.16286520257590986,-3.5014857551688428,1.0,0.9496769209292811,-0.05032307907071887,1.0,0.5895826414981656,-0.41041735850183436,1.0,0.625,-0.375,1.0,1.1512341239514556,0.15123412395145563,1.0,0.996268656716418,-0.003731343283582045,1.0,1.35,0.3500000000000001,1.0,0.1313426946112036,-0.8686573053887964,1.0,1.7147766323024054,0.7147766323024054,1.0,0.9649851424483116,-0.03501485755168843
ablation_vs_reference,GEMM,wout-comm,ablation,B-2-v4-ablation,wout-comm,45,ga_seed,,D:\HNOCS\out\experimental results\B-2-v4-ablation\wout-comm\seed_45\gen_60\gemm\metrics.json,D:\HNOCS\out\experimental results\B-2-v4\seed_45\gen_60\gemm\metrics.json,baseline_normalized_v2,w_T=1.0;w_sigma=1.0;w_hot=0.6;w_makespan=1.2;w_H=0.0;w_congestion=0.0;w_D=0.4;w_L=0.2;w_E=0.5,3.086192002464016,6.000000000000001,4.003571681608402,-1.9964283183915992,-33.27380530652665,True,True,True,,328.08421735578,325.32416076778,-2.7600565880000545,-0.8412646637637522,2.1434761400252804,1.1618116066162136,-0.9816645334090668,-45.79778216693791,6.0,0.0,-6.0,-100.0,0.000120405,0.0001168248,-3.58019999999999e-06,-2.9734645571197094,1.8350526805555563,0.0,-1.8350526805555563,-100.0,104448.0,98304.0,-6144.0,-5.882352941176472,22528.0,17408.0,-5120.0,-22.72727272727273,0.9202539178734378,0.8059908748264233,-0.11426304304701451,-12.416469066609181,0.0015708734939939562,0.001515948394887382,-5.492509910657423e-05,-3.496468640955086,54.93421735578005,52.174160767779995,-2.7600565880000545,-5.0242940026334,120.405,116.82480000000001,-3.5801999999999907,-2.9734645571197094,1.8350526805555563,0.0,-1.8350526805555563,-100.0,104448.0,98304.0,-6144.0,-5.882352941176472,22528.0,17408.0,-5120.0,-22.72727272727273,0.9202539178734378,0.8059908748264233,-0.11426304304701451,-12.416469066609181,1.5708734939939561,1.515948394887382,-0.05492509910657417,-3.496468640955086,1.0,0.7221666801568254,-0.2778333198431746,1.0,0.5420221783306209,-0.45797782166937906,1.0,0.0,-1.0,1.0,0.9702653544288029,-0.029734645571197094,1.0,0.9411764705882353,-0.05882352941176472,1.0,0.7727272727272727,-0.2272727272727273,1.0,0.0,-1.0,1.0,0.8758353093339082,-0.12416469066609181,1.0,0.9650353135904491,-0.03496468640955086
ablation_vs_reference,MPEG4,wout-comm,ablation,B-2-v4-ablation,wout-comm,45,ga_seed,,D:\HNOCS\out\experimental results\B-2-v4-ablation\wout-comm\seed_45\gen_60\mpeg4\metrics.json,D:\HNOCS\out\experimental results\B-2-v4\seed_45\gen_60\mpeg4\metrics.json,baseline_normalized_v2,w_T=1.0;w_sigma=1.0;w_hot=0.6;w_makespan=1.2;w_H=0.0;w_congestion=0.0;w_D=0.4;w_L=0.2;w_E=0.5,3.42297868967174,6.000000000000001,4.449039295732346,-1.5509607042676548,-25.849345071127573,True,True,True,,327.5966387468,325.06823768399,-2.528401062810019,-0.7718031150997895,1.3003837749577485,1.0401323576917416,-0.26025141726600687,-20.013431594412413,2.0,0.0,-2.0,-100.0,0.0001220699,0.0001214036,-6.662999999999906e-07,-0.5458348044849681,0.07168423611111063,0.0,-0.07168423611111063,-100.0,420000.0,476000.0,56000.0,13.33333333333333,88000.0,72000.0,-16000.0,-18.181818181818176,0.5670623064060744,0.5670623064060744,0.0,0.0,0.0011328804365769536,0.0011267943571255526,-6.0860794514009525e-06,-0.5372216921487594,54.44663874680003,51.918237683990014,-2.528401062810019,-4.643814790051881,122.06989999999999,121.4036,-0.6662999999999926,-0.5458348044849681,0.07168423611111063,0.0,-0.07168423611111063,-100.0,420000.0,476000.0,56000.0,13.33333333333333,88000.0,72000.0,-16000.0,-18.181818181818176,0.5670623064060744,0.5670623064060744,0.0,0.0,1.1328804365769536,1.1267943571255525,-0.00608607945140105,-0.5372216921487705,1.0,0.732349131730427,-0.26765086826957296,1.0,0.7998656840558759,-0.20013431594412412,1.0,0.0,-1.0,1.0,0.9945416519551503,-0.005458348044849681,1.0,1.1333333333333333,0.1333333333333333,1.0,0.8181818181818182,-0.18181818181818177,1.0,0.0,-1.0,1.0,1.0,0.0,1.0,0.9946277830785124,-0.005372216921487594
ablation_vs_reference,VOPD,wout-comm,ablation,B-2-v4-ablation,wout-comm,45,ga_seed,,D:\HNOCS\out\experimental results\B-2-v4-ablation\wout-comm\seed_45\gen_60\vopd\metrics.json,D:\HNOCS\out\experimental results\B-2-v4\seed_45\gen_60\vopd\metrics.json,baseline_normalized_v2,w_T=1.0;w_sigma=1.0;w_hot=0.6;w_makespan=1.2;w_H=0.0;w_congestion=0.0;w_D=0.4;w_L=0.2;w_E=0.5,3.695453515678368,5.0,4.862343041307149,-0.1376569586928511,-2.753139173857022,True,True,True,,325.37271921261,324.84379938658,-0.5289198260300054,-0.16255813557755072,0.9870939912641029,0.8873323172688201,-0.0997616739952828,-10.106603310139183,0.0,0.0,0.0,,8.93329e-05,8.75948e-05,-1.7380999999999961e-06,-1.9456437661824477,0.0,0.0,0.0,,1396000.0,1358000.0,-38000.0,-2.7220630372492782,252000.0,280000.0,28000.0,11.111111111111116,0.35802469135802467,0.35802469135802467,0.0,0.0,0.0007507385223064374,0.000740374258024386,-1.0364264282051441e-05,-1.3805424890426687,52.22271921261,51.69379938658,-0.5289198260300054,-1.0128155599800515,89.3329,87.5948,-1.7380999999999887,-1.9456437661824366,0.0,0.0,0.0,,1396000.0,1358000.0,-38000.0,-2.7220630372492782,252000.0,280000.0,28000.0,11.111111111111116,0.35802469135802467,0.35802469135802467,0.0,0.0,0.7507385223064373,0.740374258024386,-0.010364264282051394,-1.3805424890426576,1.0,0.9267699864191626,-0.07323001358083736,1.0,0.8989339668986082,-0.10106603310139184,0.0,0.0,0.0,1.0,0.9805435623381755,-0.019456437661824477,1.0,0.9727793696275072,-0.027220630372492782,1.0,1.1111111111111112,0.11111111111111116,0.0,0.0,0.0,1.0,1.0,0.0,1.0,0.9861945751095733,-0.013805424890426687
ablation_vs_reference,HNN,wout-comm,ablation,B-2-v4-ablation,wout-comm,45,ga_seed,,D:\HNOCS\out\experimental results\B-2-v4-ablation\wout-comm\seed_45\gen_60\hnn\metrics.json,D:\HNOCS\out\experimental results\B-2-v4\seed_45\gen_60\hnn\metrics.json,baseline_normalized_v2,w_T=1.0;w_sigma=1.0;w_hot=0.6;w_makespan=1.2;w_H=0.0;w_congestion=0.0;w_D=0.4;w_L=0.2;w_E=0.5,4.068953549076674,6.000000000000001,5.458729668479661,-0.54127033152034,-9.021172192005666,True,True,True,,328.81757624162,327.77064072434,-1.0469355172799624,-0.3183940254187223,2.454372247071413,1.7204230431191594,-0.7339492039522535,-29.90374442295828,16.0,6.0,-10.0,-62.5,0.000203177525,0.0002446208,4.144327499999996e-05,20.39756857949715,11.14198573637825,0.514029090277775,-10.627956646100476,-95.38655763487934,2195456.0,2441216.0,245760.0,11.194029850746269,163840.0,221184.0,57344.0,35.00000000000001,0.3028095733610822,0.44849115504682624,0.14568158168574402,48.10996563573884,0.004651317011228462,0.0044809700194357455,-0.00017034699179271657,-3.662338889856187,55.66757624162,54.620640724340035,-1.0469355172799624,-1.880691756249342,203.177525,244.62079999999997,41.44327499999997,20.39756857949715,11.14198573637825,0.514029090277775,-10.627956646100476,-95.38655763487934,2195456.0,2441216.0,245760.0,11.194029850746269,163840.0,221184.0,57344.0,35.00000000000001,0.3028095733610822,0.44849115504682624,0.14568158168574402,48.10996563573884,4.651317011228462,4.480970019435746,-0.17034699179271673,-3.662338889856198,1.0,0.9018581640696132,-0.09814183593038683,1.0,0.7009625557704172,-0.2990374442295828,1.0,0.375,-0.625,1.0,1.2039756857949715,0.2039756857949715,1.0,1.1119402985074627,0.11194029850746268,1.0,1.35,0.3500000000000001,1.0,0.04613442365120657,-0.9538655763487934,1.0,1.4810996563573884,0.4810996563573884,1.0,0.9633766111014381,-0.03662338889856187
ablation_vs_reference,GEMM,wout-comm,ablation,B-2-v4-ablation,wout-comm,46,ga_seed,,D:\HNOCS\out\experimental results\B-2-v4-ablation\wout-comm\seed_46\gen_60\gemm\metrics.json,D:\HNOCS\out\experimental results\B-2-v4\seed_46\gen_60\gemm\metrics.json,baseline_normalized_v2,w_T=1.0;w_sigma=1.0;w_hot=0.6;w_makespan=1.2;w_H=0.0;w_congestion=0.0;w_D=0.4;w_L=0.2;w_E=0.5,3.1447606590780857,6.000000000000001,4.104831960325857,-1.895168039674144,-31.586133994569067,True,True,True,,328.08421735578,325.59916649376,-2.4850508620200458,-0.7574429766992519,2.1434761400252804,1.229061429105756,-0.9144147109195244,-42.66036340897826,6.0,0.0,-6.0,-100.0,0.000120405,0.0001167746,-3.6303999999999915e-06,-3.015157177858052,1.8350526805555563,0.0,-1.8350526805555563,-100.0,104448.0,117760.0,13312.0,12.745098039215685,22528.0,16384.0,-6144.0,-27.27272727272727,0.9202539178734378,0.8059908748264233,-0.11426304304701451,-12.416469066609181,0.0015708734939939562,0.0015159864223383925,-5.4887071655563635e-05,-3.494047857158311,54.93421735578005,52.44916649376,-2.4850508620200458,-4.523684839133468,120.405,116.7746,-3.6303999999999945,-3.0151571778580633,1.8350526805555563,0.0,-1.8350526805555563,-100.0,104448.0,117760.0,13312.0,12.745098039215685,22528.0,16384.0,-6144.0,-27.27272727272727,0.9202539178734378,0.8059908748264233,-0.11426304304701451,-12.416469066609181,1.5708734939939561,1.5159864223383925,-0.05488707165556361,-3.4940478571583,1.0,0.7498493567211751,-0.25015064327882486,1.0,0.5733963659102174,-0.42660363408978264,1.0,0.0,-1.0,1.0,0.9698484282214195,-0.03015157177858052,1.0,1.1274509803921569,0.12745098039215685,1.0,0.7272727272727273,-0.2727272727272727,1.0,0.0,-1.0,1.0,0.8758353093339082,-0.12416469066609181,1.0,0.9650595214284169,-0.03494047857158311
ablation_vs_reference,MPEG4,wout-comm,ablation,B-2-v4-ablation,wout-comm,46,ga_seed,,D:\HNOCS\out\experimental results\B-2-v4-ablation\wout-comm\seed_46\gen_60\mpeg4\metrics.json,D:\HNOCS\out\experimental results\B-2-v4\seed_46\gen_60\mpeg4\metrics.json,baseline_normalized_v2,w_T=1.0;w_sigma=1.0;w_hot=0.6;w_makespan=1.2;w_H=0.0;w_congestion=0.0;w_D=0.4;w_L=0.2;w_E=0.5,3.384945001562326,6.000000000000001,4.320702577319901,-1.6792974226800998,-27.988290378001658,True,True,True,,327.5966387468,325.13017631887,-2.4664624279300256,-0.7528961339058005,1.3003837749577485,0.9845399369281296,-0.3158438380296189,-24.288509600935406,2.0,0.0,-2.0,-100.0,0.0001220699,0.0001212557,-8.141999999999964e-07,-0.6669948939091452,0.07168423611111063,0.0,-0.07168423611111063,-100.0,420000.0,448000.0,28000.0,6.666666666666665,88000.0,64000.0,-24000.0,-27.27272727272727,0.5670623064060744,0.5670623064060744,0.0,0.0,0.0011328804365769536,0.0011259205165895989,-6.959919987354702e-06,-0.6143560928975389,54.44663874680003,51.98017631887001,-2.4664624279300256,-4.530054535414251,122.06989999999999,121.2557,-0.8141999999999854,-0.6669948939091341,0.07168423611111063,0.0,-0.07168423611111063,-100.0,420000.0,448000.0,28000.0,6.666666666666665,88000.0,64000.0,-24000.0,-27.27272727272727,0.5670623064060744,0.5670623064060744,0.0,0.0,1.1328804365769536,1.125920516589599,-0.006959919987354679,-0.6143560928975278,1.0,0.7389058167630769,-0.2610941832369231,1.0,0.757114903990646,-0.24288509600935404,1.0,0.0,-1.0,1.0,0.9933300510609085,-0.006669948939091452,1.0,1.0666666666666667,0.06666666666666665,1.0,0.7272727272727273,-0.2727272727272727,1.0,0.0,-1.0,1.0,1.0,0.0,1.0,0.9938564390710246,-0.006143560928975389
ablation_vs_reference,VOPD,wout-comm,ablation,B-2-v4-ablation,wout-comm,46,ga_seed,,D:\HNOCS\out\experimental results\B-2-v4-ablation\wout-comm\seed_46\gen_60\vopd\metrics.json,D:\HNOCS\out\experimental results\B-2-v4\seed_46\gen_60\vopd\metrics.json,baseline_normalized_v2,w_T=1.0;w_sigma=1.0;w_hot=0.6;w_makespan=1.2;w_H=0.0;w_congestion=0.0;w_D=0.4;w_L=0.2;w_E=0.5,3.6881476549750185,5.0,4.542111360801189,-0.45788863919881084,-9.157772783976215,True,True,True,,325.37271921261,324.74584769432,-0.6268715182899882,-0.19266259316607082,0.9870939912641029,0.8894374995118786,-0.09765649175222435,-9.893332612344485,0.0,0.0,0.0,,8.93329e-05,8.78309e-05,-1.5020000000000002e-06,-1.6813514393913098,0.0,0.0,0.0,,1396000.0,1468000.0,72000.0,5.157593123209159,252000.0,156000.0,-96000.0,-38.095238095238095,0.35802469135802467,0.35802469135802467,0.0,0.0,0.0007507385223064374,0.0007418029632410791,-8.935559065358306e-06,-1.1902358544099045,52.22271921261,51.595847694320014,-0.6268715182899882,-1.200380845236837,89.3329,87.8309,-1.5019999999999953,-1.6813514393913098,0.0,0.0,0.0,,1396000.0,1468000.0,72000.0,5.157593123209159,252000.0,156000.0,-96000.0,-38.095238095238095,0.35802469135802467,0.35802469135802467,0.0,0.0,0.7507385223064373,0.7418029632410791,-0.008935559065358256,-1.1902358544098934,1.0,0.9132083776432087,-0.08679162235679128,1.0,0.9010666738765551,-0.09893332612344485,0.0,0.0,0.0,1.0,0.9831864856060869,-0.016813514393913098,1.0,1.0515759312320916,0.05157593123209159,1.0,0.6190476190476191,-0.38095238095238093,0.0,0.0,0.0,1.0,1.0,0.0,1.0,0.988097641455901,-0.011902358544099045
ablation_vs_reference,HNN,wout-comm,ablation,B-2-v4-ablation,wout-comm,46,ga_seed,,D:\HNOCS\out\experimental results\B-2-v4-ablation\wout-comm\seed_46\gen_60\hnn\metrics.json,D:\HNOCS\out\experimental results\B-2-v4\seed_46\gen_60\hnn\metrics.json,baseline_normalized_v2,w_T=1.0;w_sigma=1.0;w_hot=0.6;w_makespan=1.2;w_H=0.0;w_congestion=0.0;w_D=0.4;w_L=0.2;w_E=0.5,4.12100542609113,6.000000000000001,5.230632291762772,-0.7693677082372288,-12.822795137287146,True,True,True,,328.81757624162,329.49976151383,0.6821852722100061,0.20746618231524128,2.454372247071413,1.6042914934880614,-0.8500807535833514,-34.63536366978066,16.0,10.0,-6.0,-37.5,0.000203177525,0.0001911467,-1.2030825000000015e-05,-5.921336525779619,11.14198573637825,3.793519147581581,-7.34846658879667,-65.952934805904,2195456.0,2056192.0,-139264.0,-6.343283582089554,163840.0,172032.0,8192.0,5.000000000000004,0.3028095733610822,0.44432882414151925,0.14151925078043703,46.73539518900343,0.004651317011228462,0.0043704391756616365,-0.0002808778355668255,-6.038673237897463,55.66757624162,56.34976151383,0.6821852722100061,1.2254625012755094,203.177525,191.1467,-12.030824999999993,-5.9213365257796085,11.14198573637825,3.793519147581581,-7.34846658879667,-65.952934805904,2195456.0,2056192.0,-139264.0,-6.343283582089554,163840.0,172032.0,8192.0,5.000000000000004,0.3028095733610822,0.44432882414151925,0.14151925078043703,46.73539518900343,4.651317011228462,4.3704391756616365,-0.2808778355668258,-6.0386732378974735,1.0,1.0639494161333884,0.06394941613338845,1.0,0.6536463633021934,-0.3463536366978066,1.0,0.625,-0.375,1.0,0.9407866347422038,-0.05921336525779619,1.0,0.9365671641791045,-0.06343283582089554,1.0,1.05,0.050000000000000044,1.0,0.34047065194096005,-0.65952934805904,1.0,1.4673539518900343,0.46735395189003426,1.0,0.9396132676210254,-0.06038673237897463
ablation_vs_reference,GEMM,wout-comm,ablation,B-2-v4-ablation,wout-comm,47,ga_seed,,D:\HNOCS\out\experimental results\B-2-v4-ablation\wout-comm\seed_47\gen_60\gemm\metrics.json,D:\HNOCS\out\experimental results\B-2-v4\seed_47\gen_60\gemm\metrics.json,baseline_normalized_v2,w_T=1.0;w_sigma=1.0;w_hot=0.6;w_makespan=1.2;w_H=0.0;w_congestion=0.0;w_D=0.4;w_L=0.2;w_E=0.5,3.1370432969320476,6.000000000000001,3.972070034899962,-2.027929965100039,-33.798832751667305,True,True,True,,328.08421735578,325.59916445412,-2.4850529016600262,-0.7574435983810801,2.1434761400252804,1.2139796188793839,-0.9294965211458965,-43.36397796967938,6.0,0.0,-6.0,-100.0,0.000120405,0.0001167267,-3.678299999999995e-06,-3.054939578921134,1.8350526805555563,0.0,-1.8350526805555563,-100.0,104448.0,76800.0,-27648.0,-26.470588235294112,22528.0,17408.0,-5120.0,-22.72727272727273,0.9202539178734378,0.8059908748264233,-0.11426304304701451,-12.416469066609181,0.0015708734939939562,0.0015153466922398781,-5.552680175407803e-05,-3.5347723394899666,54.93421735578005,52.44916445412002,-2.4850529016600262,-4.523688552010574,120.405,116.72670000000001,-3.678299999999993,-3.054939578921134,1.8350526805555563,0.0,-1.8350526805555563,-100.0,104448.0,76800.0,-27648.0,-26.470588235294112,22528.0,17408.0,-5120.0,-22.72727272727273,0.9202539178734378,0.8059908748264233,-0.11426304304701451,-12.416469066609181,1.5708734939939561,1.5153466922398782,-0.05552680175407798,-3.5347723394899666,1.0,0.7498491514065633,-0.2501508485934367,1.0,0.5663602203032062,-0.4336397796967938,1.0,0.0,-1.0,1.0,0.9694506042107887,-0.030549395789211342,1.0,0.7352941176470589,-0.2647058823529411,1.0,0.7727272727272727,-0.2272727272727273,1.0,0.0,-1.0,1.0,0.8758353093339082,-0.12416469066609181,1.0,0.9646522766051003,-0.035347723394899666
ablation_vs_reference,MPEG4,wout-comm,ablation,B-2-v4-ablation,wout-comm,47,ga_seed,,D:\HNOCS\out\experimental results\B-2-v4-ablation\wout-comm\seed_47\gen_60\mpeg4\metrics.json,D:\HNOCS\out\experimental results\B-2-v4\seed_47\gen_60\mpeg4\metrics.json,baseline_normalized_v2,w_T=1.0;w_sigma=1.0;w_hot=0.6;w_makespan=1.2;w_H=0.0;w_congestion=0.0;w_D=0.4;w_L=0.2;w_E=0.5,3.393144990037054,6.000000000000001,4.527430704322768,-1.472569295677233,-24.542821594620545,True,True,True,,327.5966387468,324.95447803072,-2.6421607160800136,-0.8065286402777039,1.3003837749577485,1.0073601814444446,-0.29302359351330387,-22.533624238953976,2.0,0.0,-2.0,-100.0,0.0001220699,0.0001220087,-6.119999999999867e-08,-0.05013520941690164,0.07168423611111063,0.0,-0.07168423611111063,-100.0,420000.0,456000.0,36000.0,8.571428571428562,88000.0,88000.0,0.0,0.0,0.5670623064060744,0.5670623064060744,0.0,0.0,0.0011328804365769536,0.0011301072927121286,-2.773143864824969e-06,-0.24478698504178942,54.44663874680003,51.80447803072002,-2.6421607160800136,-4.852752671045835,122.06989999999999,122.00869999999999,-0.06119999999999948,-0.05013520941690164,0.07168423611111063,0.0,-0.07168423611111063,-100.0,420000.0,456000.0,36000.0,8.571428571428562,88000.0,88000.0,0.0,0.0,0.5670623064060744,0.5670623064060744,0.0,0.0,1.1328804365769536,1.1301072927121285,-0.0027731438648250784,-0.24478698504180052,1.0,0.7203067898648053,-0.27969321013519466,1.0,0.7746637576104602,-0.22533624238953975,1.0,0.0,-1.0,1.0,0.999498647905831,-0.0005013520941690164,1.0,1.0857142857142856,0.08571428571428563,1.0,1.0,0.0,1.0,0.0,-1.0,1.0,1.0,0.0,1.0,0.9975521301495821,-0.002447869850417894
ablation_vs_reference,VOPD,wout-comm,ablation,B-2-v4-ablation,wout-comm,47,ga_seed,,D:\HNOCS\out\experimental results\B-2-v4-ablation\wout-comm\seed_47\gen_60\vopd\metrics.json,D:\HNOCS\out\experimental results\B-2-v4\seed_47\gen_60\vopd\metrics.json,baseline_normalized_v2,w_T=1.0;w_sigma=1.0;w_hot=0.6;w_makespan=1.2;w_H=0.0;w_congestion=0.0;w_D=0.4;w_L=0.2;w_E=0.5,3.7648796957273603,5.0,4.969718918904691,-0.030281081095308693,-0.6056216219061716,True,True,True,,325.37271921261,325.38706233102,0.014343118410010902,0.004408211740902779,0.9870939912641029,0.8639965486044245,-0.12309744265967837,-12.470691114433386,0.0,0.0,0.0,,8.93329e-05,8.86068e-05,-7.260999999999997e-07,-0.812802450161143,0.0,0.0,0.0,,1396000.0,1568000.0,172000.0,12.320916905444124,252000.0,272000.0,20000.0,7.9365079365079305,0.35802469135802467,0.35802469135802467,0.0,0.0,0.0007507385223064374,0.0007467662186694275,-3.9723036370099395e-06,-0.5291194628998297,52.22271921261,52.23706233102001,0.014343118410010902,0.02746528450887631,89.3329,88.6068,-0.7260999999999882,-0.8128024501611208,0.0,0.0,0.0,,1396000.0,1568000.0,172000.0,12.320916905444124,252000.0,272000.0,20000.0,7.9365079365079305,0.35802469135802467,0.35802469135802467,0.0,0.0,0.7507385223064373,0.7467662186694275,-0.003972303637009844,-0.5291194628998186,1.0,1.0019858335881269,0.001985833588126873,1.0,0.8752930888556661,-0.12470691114433385,0.0,0.0,0.0,1.0,0.9918719754983886,-0.00812802450161143,1.0,1.1232091690544412,0.12320916905444124,1.0,1.0793650793650793,0.0793650793650793,0.0,0.0,0.0,1.0,1.0,0.0,1.0,0.9947088053710017,-0.005291194628998297
ablation_vs_reference,HNN,wout-comm,ablation,B-2-v4-ablation,wout-comm,47,ga_seed,,D:\HNOCS\out\experimental results\B-2-v4-ablation\wout-comm\seed_47\gen_60\hnn\metrics.json,D:\HNOCS\out\experimental results\B-2-v4\seed_47\gen_60\hnn\metrics.json,baseline_normalized_v2,w_T=1.0;w_sigma=1.0;w_hot=0.6;w_makespan=1.2;w_H=0.0;w_congestion=0.0;w_D=0.4;w_L=0.2;w_E=0.5,3.96637961788968,6.000000000000001,5.018618423859829,-0.9813815761401719,-16.35635960233619,True,True,True,,328.81757624162,327.65583308238,-1.1617431592399612,-0.35330932504237245,2.454372247071413,1.5635325679080645,-0.8908396791633484,-36.29602967627707,16.0,5.0,-11.0,-68.75,0.000203177525,0.0002358608,3.2683275e-05,16.08606808257951,11.14198573637825,0.3706242075674044,-10.771361528810846,-96.6736251837289,2195456.0,1933312.0,-262144.0,-11.940298507462687,163840.0,163840.0,0.0,0.0,0.3028095733610822,0.5567117585848075,0.25390218522372526,83.84879725085909,0.004651317011228462,0.004434641348262731,-0.0002166756629657313,-4.658372294183943,55.66757624162,54.505833082380036,-1.1617431592399612,-2.0869296593721276,203.177525,235.8608,32.68327500000001,16.08606808257951,11.14198573637825,0.3706242075674044,-10.771361528810846,-96.6736251837289,2195456.0,1933312.0,-262144.0,-11.940298507462687,163840.0,163840.0,0.0,0.0,0.3028095733610822,0.5567117585848075,0.25390218522372526,83.84879725085909,4.651317011228462,4.434641348262731,-0.2166756629657316,-4.658372294183943,1.0,0.891095865365614,-0.10890413463438597,1.0,0.6370397032372292,-0.36296029676277075,1.0,0.3125,-0.6875,1.0,1.160860680825795,0.16086068082579508,1.0,0.8805970149253731,-0.11940298507462688,1.0,1.0,0.0,1.0,0.033263748162711014,-0.966736251837289,1.0,1.838487972508591,0.838487972508591,1.0,0.9534162770581606,-0.046583722941839434
ablation_vs_reference,GEMM,wout-comm,ablation,B-2-v4-ablation,wout-comm,48,ga_seed,,D:\HNOCS\out\experimental results\B-2-v4-ablation\wout-comm\seed_48\gen_60\gemm\metrics.json,D:\HNOCS\out\experimental results\B-2-v4\seed_48\gen_60\gemm\metrics.json,baseline_normalized_v2,w_T=1.0;w_sigma=1.0;w_hot=0.6;w_makespan=1.2;w_H=0.0;w_congestion=0.0;w_D=0.4;w_L=0.2;w_E=0.5,3.120410961516604,6.000000000000001,4.354635560447085,-1.6453644395529157,-27.42274065921526,True,True,True,,328.08421735578,325.41891256638,-2.665304789400011,-0.812384335607863,2.1434761400252804,1.2166477560486009,-0.9268283839766795,-43.239500858906155,6.0,0.0,-6.0,-100.0,0.000120405,0.0001167426,-3.662399999999994e-06,-3.041734147253017,1.8350526805555563,0.0,-1.8350526805555563,-100.0,104448.0,122880.0,18432.0,17.647058823529417,22528.0,24576.0,2048.0,9.090909090909083,0.9202539178734378,0.8059908748264233,-0.11426304304701451,-12.416469066609181,0.0015708734939939562,0.0015156890694842256,-5.518442450973054e-05,-3.5129769978754832,54.93421735578005,52.26891256638004,-2.665304789400011,-4.8518117080620815,120.405,116.7426,-3.662400000000005,-3.041734147253028,1.8350526805555563,0.0,-1.8350526805555563,-100.0,104448.0,122880.0,18432.0,17.647058823529417,22528.0,24576.0,2048.0,9.090909090909083,0.9202539178734378,0.8059908748264233,-0.11426304304701451,-12.416469066609181,1.5708734939939561,1.5156890694842255,-0.0551844245097306,-3.5129769978754832,1.0,0.7317046029952978,-0.2682953970047022,1.0,0.5676049914109385,-0.43239500858906155,1.0,0.0,-1.0,1.0,0.9695826585274698,-0.03041734147253017,1.0,1.1764705882352942,0.17647058823529416,1.0,1.0909090909090908,0.09090909090909083,1.0,0.0,-1.0,1.0,0.8758353093339082,-0.12416469066609181,1.0,0.9648702300212452,-0.03512976997875483
ablation_vs_reference,MPEG4,wout-comm,ablation,B-2-v4-ablation,wout-comm,48,ga_seed,,D:\HNOCS\out\experimental results\B-2-v4-ablation\wout-comm\seed_48\gen_60\mpeg4\metrics.json,D:\HNOCS\out\experimental results\B-2-v4\seed_48\gen_60\mpeg4\metrics.json,baseline_normalized_v2,w_T=1.0;w_sigma=1.0;w_hot=0.6;w_makespan=1.2;w_H=0.0;w_congestion=0.0;w_D=0.4;w_L=0.2;w_E=0.5,3.4273243755693943,6.000000000000001,4.5221728604178795,-1.4778271395821214,-24.63045232636869,True,True,True,,327.5966387468,325.02689111899,-2.5697476278099884,-0.7844242961833725,1.3003837749577485,1.036278673399077,-0.2641051015586715,-20.309781361833178,2.0,0.0,-2.0,-100.0,0.0001220699,0.0001223468,2.7690000000001763e-07,0.22683724652843296,0.07168423611111063,0.0,-0.07168423611111063,-100.0,420000.0,448000.0,28000.0,6.666666666666665,88000.0,84000.0,-4000.0,-4.545454545454541,0.5670623064060744,0.5670623064060744,0.0,0.0,0.0011328804365769536,0.0011322638441449992,-6.165924319543464e-07,-0.05442696440388639,54.44663874680003,51.876891118990045,-2.5697476278099884,-4.71975439982697,122.06989999999999,122.34680000000002,0.2769000000000261,0.22683724652845516,0.07168423611111063,0.0,-0.07168423611111063,-100.0,420000.0,448000.0,28000.0,6.666666666666665,88000.0,84000.0,-4000.0,-4.545454545454541,0.5670623064060744,0.5670623064060744,0.0,0.0,1.1328804365769536,1.1322638441449993,-0.0006165924319543326,-0.05442696440388639,1.0,0.7279722770514043,-0.2720277229485957,1.0,0.7969021863816682,-0.2030978136183318,1.0,0.0,-1.0,1.0,1.0022683724652843,0.0022683724652843296,1.0,1.0666666666666667,0.06666666666666665,1.0,0.9545454545454546,-0.045454545454545414,1.0,0.0,-1.0,1.0,1.0,0.0,1.0,0.9994557303559611,-0.0005442696440388639
ablation_vs_reference,VOPD,wout-comm,ablation,B-2-v4-ablation,wout-comm,48,ga_seed,,D:\HNOCS\out\experimental results\B-2-v4-ablation\wout-comm\seed_48\gen_60\vopd\metrics.json,D:\HNOCS\out\experimental results\B-2-v4\seed_48\gen_60\vopd\metrics.json,baseline_normalized_v2,w_T=1.0;w_sigma=1.0;w_hot=0.6;w_makespan=1.2;w_H=0.0;w_congestion=0.0;w_D=0.4;w_L=0.2;w_E=0.5,3.649139319842242,5.0,4.551972812360549,-0.44802718763945126,-8.960543752789029,True,True,True,,325.37271921261,324.70694680841,-0.66577240419997,-0.2046183852816852,0.9870939912641029,0.8625320625333446,-0.12456192873075833,-12.619054500700633,0.0,0.0,0.0,,8.93329e-05,8.74927e-05,-1.8401999999999964e-06,-2.059935365358112,0.0,0.0,0.0,,1396000.0,1212000.0,-184000.0,-13.180515759312318,252000.0,200000.0,-52000.0,-20.63492063492064,0.35802469135802467,0.35802469135802467,0.0,0.0,0.0007507385223064374,0.000739066966886054,-1.1671555420383396e-05,-1.5546765050134526,52.22271921261,51.55694680841003,-0.66577240419997,-1.2748711944498115,89.3329,87.4927,-1.8401999999999958,-2.059935365358112,0.0,0.0,0.0,,1396000.0,1212000.0,-184000.0,-13.180515759312318,252000.0,200000.0,-52000.0,-20.63492063492064,0.35802469135802467,0.35802469135802467,0.0,0.0,0.7507385223064373,0.739066966886054,-0.01167155542038334,-1.5546765050134526,1.0,0.9078224717586126,-0.09217752824138736,1.0,0.8738094549929937,-0.12619054500700633,0.0,0.0,0.0,1.0,0.9794006463464189,-0.02059935365358112,1.0,0.8681948424068768,-0.13180515759312317,1.0,0.7936507936507936,-0.2063492063492064,0.0,0.0,0.0,1.0,1.0,0.0,1.0,0.9844532349498655,-0.015546765050134526
ablation_vs_reference,HNN,wout-comm,ablation,B-2-v4-ablation,wout-comm,48,ga_seed,,D:\HNOCS\out\experimental results\B-2-v4-ablation\wout-comm\seed_48\gen_60\hnn\metrics.json,D:\HNOCS\out\experimental results\B-2-v4\seed_48\gen_60\hnn\metrics.json,baseline_normalized_v2,w_T=1.0;w_sigma=1.0;w_hot=0.6;w_makespan=1.2;w_H=0.0;w_congestion=0.0;w_D=0.4;w_L=0.2;w_E=0.5,3.8900228552969307,6.000000000000001,5.231216885147677,-0.7687831148523241,-12.813051914205397,True,True,True,,328.81757624162,327.64677140775,-1.1708048338699655,-0.35606516149538914,2.454372247071413,1.5718520980686976,-0.8825201490027152,-35.95706193531763,16.0,3.0,-13.0,-81.25,0.000203177525,0.0002422686,3.9091074999999994e-05,19.239861790815695,11.14198573637825,0.30599753525640827,-10.835988201121843,-97.25365350040491,2195456.0,1982464.0,-212992.0,-9.701492537313428,163840.0,229376.0,65536.0,39.99999999999999,0.3028095733610822,0.4921956295525494,0.1893860561914672,62.54295532646048,0.004651317011228462,0.004464310166159457,-0.0001870068450690052,-4.020513859140607,55.66757624162,54.49677140775003,-1.1708048338699655,-2.1032078508110286,203.177525,242.26860000000002,39.09107500000002,19.239861790815695,11.14198573637825,0.30599753525640827,-10.835988201121843,-97.25365350040491,2195456.0,1982464.0,-212992.0,-9.701492537313428,163840.0,229376.0,65536.0,39.99999999999999,0.3028095733610822,0.4921956295525494,0.1893860561914672,62.54295532646048,4.651317011228462,4.464310166159457,-0.18700684506900522,-4.0205138591406175,1.0,0.8902464058047206,-0.10975359419527941,1.0,0.6404293806468236,-0.35957061935317636,1.0,0.1875,-0.8125,1.0,1.192398617908157,0.19239861790815693,1.0,0.9029850746268657,-0.09701492537313428,1.0,1.4,0.3999999999999999,1.0,0.027463464995950898,-0.9725365350040491,1.0,1.6254295532646048,0.6254295532646048,1.0,0.9597948614085939,-0.040205138591406064
ablation_vs_reference,GEMM,wout-comm,ablation,B-2-v4-ablation,wout-comm,49,ga_seed,,D:\HNOCS\out\experimental results\B-2-v4-ablation\wout-comm\seed_49\gen_60\gemm\metrics.json,D:\HNOCS\out\experimental results\B-2-v4\seed_49\gen_60\gemm\metrics.json,baseline_normalized_v2,w_T=1.0;w_sigma=1.0;w_hot=0.6;w_makespan=1.2;w_H=0.0;w_congestion=0.0;w_D=0.4;w_L=0.2;w_E=0.5,3.0853002347560032,6.000000000000001,3.939489183062599,-2.060510816937402,-34.3418469489567,True,True,True,,328.08421735578,325.32706875494,-2.7571486008400257,-0.8403783098929529,2.1434761400252804,1.1630572984782483,-0.9804188415470321,-45.73966666759672,6.0,0.0,-6.0,-100.0,0.000120405,0.0001166786,-3.7263999999999987e-06,-3.094888086042935,1.8350526805555563,0.0,-1.8350526805555563,-100.0,104448.0,90112.0,-14336.0,-13.725490196078427,22528.0,16384.0,-6144.0,-27.27272727272727,0.9202539178734378,0.8059908748264233,-0.11426304304701451,-12.416469066609181,0.0015708734939939562,0.0015149789627069365,-5.589453128701971e-05,-3.5581815786392523,54.93421735578005,52.177068754940024,-2.7571486008400257,-5.019000421874442,120.405,116.6786,-3.726399999999998,-3.094888086042935,1.8350526805555563,0.0,-1.8350526805555563,-100.0,104448.0,90112.0,-14336.0,-13.725490196078427,22528.0,16384.0,-6144.0,-27.27272727272727,0.9202539178734378,0.8059908748264233,-0.11426304304701451,-12.416469066609181,1.5708734939939561,1.5149789627069365,-0.0558945312870196,-3.5581815786392412,1.0,0.7224594044909006,-0.2775405955090994,1.0,0.5426033333240328,-0.45739666667596723,1.0,0.0,-1.0,1.0,0.9690511191395706,-0.03094888086042935,1.0,0.8627450980392157,-0.13725490196078427,1.0,0.7272727272727273,-0.2727272727272727,1.0,0.0,-1.0,1.0,0.8758353093339082,-0.12416469066609181,1.0,0.9644181842136075,-0.03558181578639252
ablation_vs_reference,MPEG4,wout-comm,ablation,B-2-v4-ablation,wout-comm,49,ga_seed,,D:\HNOCS\out\experimental results\B-2-v4-ablation\wout-comm\seed_49\gen_60\mpeg4\metrics.json,D:\HNOCS\out\experimental results\B-2-v4\seed_49\gen_60\mpeg4\metrics.json,baseline_normalized_v2,w_T=1.0;w_sigma=1.0;w_hot=0.6;w_makespan=1.2;w_H=0.0;w_congestion=0.0;w_D=0.4;w_L=0.2;w_E=0.5,3.3877342706037883,6.000000000000001,4.432842495712014,-1.5671575042879873,-26.11929173813312,True,True,True,,327.5966387468,324.9517606265,-2.6448781203000067,-0.8073581372561756,1.3003837749577485,1.0117088760000483,-0.28867489895770015,-22.199207996660807,2.0,0.0,-2.0,-100.0,0.0001220699,0.0001213057,-7.641999999999952e-07,-0.6260347554966406,0.07168423611111063,0.0,-0.07168423611111063,-100.0,420000.0,496000.0,76000.0,18.0952380952381,88000.0,72000.0,-16000.0,-18.181818181818176,0.5670623064060744,0.5670623064060744,0.0,0.0,0.0011328804365769536,0.001126580796817288,-6.2996397596655745e-06,-0.5560727819345357,54.44663874680003,51.80176062650003,-2.6448781203000067,-4.8577436205011875,122.06989999999999,121.3057,-0.7641999999999882,-0.6260347554966406,0.07168423611111063,0.0,-0.07168423611111063,-100.0,420000.0,496000.0,76000.0,18.0952380952381,88000.0,72000.0,-16000.0,-18.181818181818176,0.5670623064060744,0.5670623064060744,0.0,0.0,1.1328804365769536,1.126580796817288,-0.006299639759665521,-0.5560727819345357,1.0,0.7200191315460289,-0.2799808684539711,1.0,0.7780079200333919,-0.22199207996660808,1.0,0.0,-1.0,1.0,0.9937396524450336,-0.006260347554966406,1.0,1.180952380952381,0.18095238095238098,1.0,0.8181818181818182,-0.18181818181818177,1.0,0.0,-1.0,1.0,1.0,0.0,1.0,0.9944392721806546,-0.005560727819345357
ablation_vs_reference,VOPD,wout-comm,ablation,B-2-v4-ablation,wout-comm,49,ga_seed,,D:\HNOCS\out\experimental results\B-2-v4-ablation\wout-comm\seed_49\gen_60\vopd\metrics.json,D:\HNOCS\out\experimental results\B-2-v4\seed_49\gen_60\vopd\metrics.json,baseline_normalized_v2,w_T=1.0;w_sigma=1.0;w_hot=0.6;w_makespan=1.2;w_H=0.0;w_congestion=0.0;w_D=0.4;w_L=0.2;w_E=0.5,3.695987812313411,5.0,4.73958857640128,-0.26041142359872005,-5.2082284719743965,True,True,True,,325.37271921261,324.62467771639,-0.7480414962199688,-0.2299029549957976,0.9870939912641029,0.9184297397684964,-0.06866425149560651,-6.956201952731266,0.0,0.0,0.0,,8.93329e-05,8.75429e-05,-1.7899999999999947e-06,-2.003741062923059,0.0,0.0,0.0,,1396000.0,1490000.0,94000.0,6.733524355300857,252000.0,222000.0,-30000.0,-11.904761904761907,0.35802469135802467,0.35802469135802467,0.0,0.0,0.0007507385223064374,0.0007404722842312044,-1.0266238075233016e-05,-1.3674851856133374,52.22271921261,51.47467771639003,-0.7480414962199688,-1.4324062544015193,89.3329,87.5429,-1.789999999999992,-2.003741062923059,0.0,0.0,0.0,,1396000.0,1490000.0,94000.0,6.733524355300857,252000.0,222000.0,-30000.0,-11.904761904761907,0.35802469135802467,0.35802469135802467,0.0,0.0,0.7507385223064373,0.7404722842312044,-0.01026623807523297,-1.3674851856133374,1.0,0.8964321505238667,-0.10356784947613329,1.0,0.9304379804726873,-0.06956201952731267,0.0,0.0,0.0,1.0,0.9799625893707694,-0.02003741062923059,1.0,1.0673352435530086,0.06733524355300857,1.0,0.8809523809523809,-0.11904761904761907,0.0,0.0,0.0,1.0,1.0,0.0,1.0,0.9863251481438666,-0.013674851856133374
ablation_vs_reference,HNN,wout-comm,ablation,B-2-v4-ablation,wout-comm,49,ga_seed,,D:\HNOCS\out\experimental results\B-2-v4-ablation\wout-comm\seed_49\gen_60\hnn\metrics.json,D:\HNOCS\out\experimental results\B-2-v4\seed_49\gen_60\hnn\metrics.json,baseline_normalized_v2,w_T=1.0;w_sigma=1.0;w_hot=0.6;w_makespan=1.2;w_H=0.0;w_congestion=0.0;w_D=0.4;w_L=0.2;w_E=0.5,4.138058806141303,6.000000000000001,5.476417015096527,-0.5235829849034737,-8.726383081724565,True,True,True,,328.81757624162,329.11126030673,0.2936840651100283,0.0893151967321204,2.454372247071413,1.6200941838744976,-0.8342780631969153,-33.991504923199244,16.0,10.0,-6.0,-37.5,0.000203177525,0.0001940608,-9.116725000000016e-06,-4.487073557963662,11.14198573637825,3.8536148040500873,-7.288370932328164,-65.41357263213729,2195456.0,2351104.0,155648.0,7.089552238805963,163840.0,212992.0,49152.0,30.000000000000004,0.3028095733610822,0.481789802289282,0.17898022892819976,59.10652920962198,0.004651317011228462,0.004397628941036254,-0.0002536880701922081,-5.4541126648601885,55.66757624162,55.961260306730026,0.2936840651100283,0.527567544588825,203.177525,194.0608,-9.116725000000002,-4.487073557963662,11.14198573637825,3.8536148040500873,-7.288370932328164,-65.41357263213729,2195456.0,2351104.0,155648.0,7.089552238805963,163840.0,212992.0,49152.0,30.000000000000004,0.3028095733610822,0.481789802289282,0.17898022892819976,59.10652920962198,4.651317011228462,4.397628941036254,-0.25368807019220796,-5.4541126648601885,1.0,1.0275305335024658,0.027530533502465815,1.0,0.6600849507680076,-0.33991504923199245,1.0,0.625,-0.375,1.0,0.9551292644203634,-0.04487073557963661,1.0,1.0708955223880596,0.07089552238805963,1.0,1.3,0.30000000000000004,1.0,0.34586427367862715,-0.6541357263213728,1.0,1.5910652920962198,0.5910652920962198,1.0,0.9454588733513981,-0.05454112664860189
