workload,method,source_root,reference_path,peak_excess_K,canonical_peak_excess_K,peak_excess_K_diff,sigma_T_K,canonical_sigma_T_K,sigma_T_K_diff,N_hot,canonical_N_hot,N_hot_diff,makespan_s,canonical_makespan_s,makespan_s_diff,pe_optical_comm_energy_J,canonical_pe_optical_comm_energy_J,pe_optical_comm_energy_J_diff,eta_dvfs_pct,canonical_eta_dvfs_pct,eta_dvfs_pct_diff,comm_cost,canonical_comm_cost,comm_cost_diff,congestion_cost,canonical_congestion_cost,congestion_cost_diff,load_imbalance,canonical_load_imbalance,load_imbalance_diff,max_abs_diff,matches_canonical
GEMM,Full-GA,B-2-v4,D:\HNOCS\out\experimental results\B-2-v4\seed_40\gen_60\gemm\metrics.json,9.93421735578005,9.93421735578005,0.0,2.1434761400252804,2.1434761400252804,0.0,6.0,6.0,0.0,0.000120405,0.000120405,0.0,0.0015708734939939562,0.0015708734939939562,0.0,1.8350526805555563,1.8350526805555563,0.0,104448.0,104448.0,0.0,22528.0,22528.0,0.0,0.9202539178734378,0.9202539178734378,0.0,0.0,True
MPEG4,Full-GA,B-2-v4,D:\HNOCS\out\experimental results\B-2-v4\seed_40\gen_60\mpeg4\metrics.json,9.446638746800033,9.446638746800033,0.0,1.3003837749577485,1.3003837749577485,0.0,2.0,2.0,0.0,0.0001220699,0.0001220699,0.0,0.0011328804365769536,0.0011328804365769536,0.0,0.07168423611111063,0.07168423611111063,0.0,420000.0,420000.0,0.0,88000.0,88000.0,0.0,0.5670623064060744,0.5670623064060744,0.0,0.0,True
VOPD,Full-GA,B-2-v4,D:\HNOCS\out\experimental results\B-2-v4\seed_40\gen_60\vopd\metrics.json,7.222719212610002,7.222719212610002,0.0,0.9870939912641029,0.9870939912641029,0.0,0.0,0.0,0.0,8.93329e-05,8.93329e-05,0.0,0.0007507385223064374,0.0007507385223064374,0.0,0.0,0.0,0.0,1396000.0,1396000.0,0.0,252000.0,252000.0,0.0,0.35802469135802467,0.35802469135802467,0.0,0.0,True
HNN,Full-GA,B-2-v4,D:\HNOCS\out\experimental results\B-2-v4\seed_40\gen_60\hnn\metrics.json,10.667576241619997,10.667576241619997,0.0,2.454372247071413,2.454372247071413,0.0,16.0,16.0,0.0,0.000203177525,0.000203177525,0.0,0.004651317011228462,0.004651317011228462,0.0,11.14198573637825,11.14198573637825,0.0,2195456.0,2195456.0,0.0,163840.0,163840.0,0.0,0.3028095733610822,0.3028095733610822,0.0,0.0,True
GEMM,Full-GA,B-2-v4,D:\HNOCS\out\experimental results\B-2-v4\seed_41\gen_60\gemm\metrics.json,9.93421735578005,9.93421735578005,0.0,2.1434761400252804,2.1434761400252804,0.0,6.0,6.0,0.0,0.000120405,0.000120405,0.0,0.0015708734939939562,0.0015708734939939562,0.0,1.8350526805555563,1.8350526805555563,0.0,104448.0,104448.0,0.0,22528.0,22528.0,0.0,0.9202539178734378,0.9202539178734378,0.0,0.0,True
MPEG4,Full-GA,B-2-v4,D:\HNOCS\out\experimental results\B-2-v4\seed_41\gen_60\mpeg4\metrics.json,9.446638746800033,9.446638746800033,0.0,1.3003837749577485,1.3003837749577485,0.0,2.0,2.0,0.0,0.0001220699,0.0001220699,0.0,0.0011328804365769536,0.0011328804365769536,0.0,0.07168423611111063,0.07168423611111063,0.0,420000.0,420000.0,0.0,88000.0,88000.0,0.0,0.5670623064060744,0.5670623064060744,0.0,0.0,True
VOPD,Full-GA,B-2-v4,D:\HNOCS\out\experimental results\B-2-v4\seed_41\gen_60\vopd\metrics.json,7.222719212610002,7.222719212610002,0.0,0.9870939912641029,0.9870939912641029,0.0,0.0,0.0,0.0,8.93329e-05,8.93329e-05,0.0,0.0007507385223064374,0.0007507385223064374,0.0,0.0,0.0,0.0,1396000.0,1396000.0,0.0,252000.0,252000.0,0.0,0.35802469135802467,0.35802469135802467,0.0,0.0,True
HNN,Full-GA,B-2-v4,D:\HNOCS\out\experimental results\B-2-v4\seed_41\gen_60\hnn\metrics.json,10.667576241619997,10.667576241619997,0.0,2.454372247071413,2.454372247071413,0.0,16.0,16.0,0.0,0.000203177525,0.000203177525,0.0,0.004651317011228462,0.004651317011228462,0.0,11.14198573637825,11.14198573637825,0.0,2195456.0,2195456.0,0.0,163840.0,163840.0,0.0,0.3028095733610822,0.3028095733610822,0.0,0.0,True
GEMM,Full-GA,B-2-v4,D:\HNOCS\out\experimental results\B-2-v4\seed_42\gen_60\gemm\metrics.json,9.93421735578005,9.93421735578005,0.0,2.1434761400252804,2.1434761400252804,0.0,6.0,6.0,0.0,0.000120405,0.000120405,0.0,0.0015708734939939562,0.0015708734939939562,0.0,1.8350526805555563,1.8350526805555563,0.0,104448.0,104448.0,0.0,22528.0,22528.0,0.0,0.9202539178734378,0.9202539178734378,0.0,0.0,True
MPEG4,Full-GA,B-2-v4,D:\HNOCS\out\experimental results\B-2-v4\seed_42\gen_60\mpeg4\metrics.json,9.446638746800033,9.446638746800033,0.0,1.3003837749577485,1.3003837749577485,0.0,2.0,2.0,0.0,0.0001220699,0.0001220699,0.0,0.0011328804365769536,0.0011328804365769536,0.0,0.07168423611111063,0.07168423611111063,0.0,420000.0,420000.0,0.0,88000.0,88000.0,0.0,0.5670623064060744,0.5670623064060744,0.0,0.0,True
VOPD,Full-GA,B-2-v4,D:\HNOCS\out\experimental results\B-2-v4\seed_42\gen_60\vopd\metrics.json,7.222719212610002,7.222719212610002,0.0,0.9870939912641029,0.9870939912641029,0.0,0.0,0.0,0.0,8.93329e-05,8.93329e-05,0.0,0.0007507385223064374,0.0007507385223064374,0.0,0.0,0.0,0.0,1396000.0,1396000.0,0.0,252000.0,252000.0,0.0,0.35802469135802467,0.35802469135802467,0.0,0.0,True
HNN,Full-GA,B-2-v4,D:\HNOCS\out\experimental results\B-2-v4\seed_42\gen_60\hnn\metrics.json,10.667576241619997,10.667576241619997,0.0,2.454372247071413,2.454372247071413,0.0,16.0,16.0,0.0,0.000203177525,0.000203177525,0.0,0.004651317011228462,0.004651317011228462,0.0,11.14198573637825,11.14198573637825,0.0,2195456.0,2195456.0,0.0,163840.0,163840.0,0.0,0.3028095733610822,0.3028095733610822,0.0,0.0,True
GEMM,Full-GA,B-2-v4,D:\HNOCS\out\experimental results\B-2-v4\seed_43\gen_60\gemm\metrics.json,9.93421735578005,9.93421735578005,0.0,2.1434761400252804,2.1434761400252804,0.0,6.0,6.0,0.0,0.000120405,0.000120405,0.0,0.0015708734939939562,0.0015708734939939562,0.0,1.8350526805555563,1.8350526805555563,0.0,104448.0,104448.0,0.0,22528.0,22528.0,0.0,0.9202539178734378,0.9202539178734378,0.0,0.0,True
MPEG4,Full-GA,B-2-v4,D:\HNOCS\out\experimental results\B-2-v4\seed_43\gen_60\mpeg4\metrics.json,9.446638746800033,9.446638746800033,0.0,1.3003837749577485,1.3003837749577485,0.0,2.0,2.0,0.0,0.0001220699,0.0001220699,0.0,0.0011328804365769536,0.0011328804365769536,0.0,0.07168423611111063,0.07168423611111063,0.0,420000.0,420000.0,0.0,88000.0,88000.0,0.0,0.5670623064060744,0.5670623064060744,0.0,0.0,True
VOPD,Full-GA,B-2-v4,D:\HNOCS\out\experimental results\B-2-v4\seed_43\gen_60\vopd\metrics.json,7.222719212610002,7.222719212610002,0.0,0.9870939912641029,0.9870939912641029,0.0,0.0,0.0,0.0,8.93329e-05,8.93329e-05,0.0,0.0007507385223064374,0.0007507385223064374,0.0,0.0,0.0,0.0,1396000.0,1396000.0,0.0,252000.0,252000.0,0.0,0.35802469135802467,0.35802469135802467,0.0,0.0,True
HNN,Full-GA,B-2-v4,D:\HNOCS\out\experimental results\B-2-v4\seed_43\gen_60\hnn\metrics.json,10.667576241619997,10.667576241619997,0.0,2.454372247071413,2.454372247071413,0.0,16.0,16.0,0.0,0.000203177525,0.000203177525,0.0,0.004651317011228462,0.004651317011228462,0.0,11.14198573637825,11.14198573637825,0.0,2195456.0,2195456.0,0.0,163840.0,163840.0,0.0,0.3028095733610822,0.3028095733610822,0.0,0.0,True
GEMM,Full-GA,B-2-v4,D:\HNOCS\out\experimental results\B-2-v4\seed_44\gen_60\gemm\metrics.json,9.93421735578005,9.93421735578005,0.0,2.1434761400252804,2.1434761400252804,0.0,6.0,6.0,0.0,0.000120405,0.000120405,0.0,0.0015708734939939562,0.0015708734939939562,0.0,1.8350526805555563,1.8350526805555563,0.0,104448.0,104448.0,0.0,22528.0,22528.0,0.0,0.9202539178734378,0.9202539178734378,0.0,0.0,True
MPEG4,Full-GA,B-2-v4,D:\HNOCS\out\experimental results\B-2-v4\seed_44\gen_60\mpeg4\metrics.json,9.446638746800033,9.446638746800033,0.0,1.3003837749577485,1.3003837749577485,0.0,2.0,2.0,0.0,0.0001220699,0.0001220699,0.0,0.0011328804365769536,0.0011328804365769536,0.0,0.07168423611111063,0.07168423611111063,0.0,420000.0,420000.0,0.0,88000.0,88000.0,0.0,0.5670623064060744,0.5670623064060744,0.0,0.0,True
VOPD,Full-GA,B-2-v4,D:\HNOCS\out\experimental results\B-2-v4\seed_44\gen_60\vopd\metrics.json,7.222719212610002,7.222719212610002,0.0,0.9870939912641029,0.9870939912641029,0.0,0.0,0.0,0.0,8.93329e-05,8.93329e-05,0.0,0.0007507385223064374,0.0007507385223064374,0.0,0.0,0.0,0.0,1396000.0,1396000.0,0.0,252000.0,252000.0,0.0,0.35802469135802467,0.35802469135802467,0.0,0.0,True
HNN,Full-GA,B-2-v4,D:\HNOCS\out\experimental results\B-2-v4\seed_44\gen_60\hnn\metrics.json,10.667576241619997,10.667576241619997,0.0,2.454372247071413,2.454372247071413,0.0,16.0,16.0,0.0,0.000203177525,0.000203177525,0.0,0.004651317011228462,0.004651317011228462,0.0,11.14198573637825,11.14198573637825,0.0,2195456.0,2195456.0,0.0,163840.0,163840.0,0.0,0.3028095733610822,0.3028095733610822,0.0,0.0,True
GEMM,Full-GA,B-2-v4,D:\HNOCS\out\experimental results\B-2-v4\seed_45\gen_60\gemm\metrics.json,9.93421735578005,9.93421735578005,0.0,2.1434761400252804,2.1434761400252804,0.0,6.0,6.0,0.0,0.000120405,0.000120405,0.0,0.0015708734939939562,0.0015708734939939562,0.0,1.8350526805555563,1.8350526805555563,0.0,104448.0,104448.0,0.0,22528.0,22528.0,0.0,0.9202539178734378,0.9202539178734378,0.0,0.0,True
MPEG4,Full-GA,B-2-v4,D:\HNOCS\out\experimental results\B-2-v4\seed_45\gen_60\mpeg4\metrics.json,9.446638746800033,9.446638746800033,0.0,1.3003837749577485,1.3003837749577485,0.0,2.0,2.0,0.0,0.0001220699,0.0001220699,0.0,0.0011328804365769536,0.0011328804365769536,0.0,0.07168423611111063,0.07168423611111063,0.0,420000.0,420000.0,0.0,88000.0,88000.0,0.0,0.5670623064060744,0.5670623064060744,0.0,0.0,True
VOPD,Full-GA,B-2-v4,D:\HNOCS\out\experimental results\B-2-v4\seed_45\gen_60\vopd\metrics.json,7.222719212610002,7.222719212610002,0.0,0.9870939912641029,0.9870939912641029,0.0,0.0,0.0,0.0,8.93329e-05,8.93329e-05,0.0,0.0007507385223064374,0.0007507385223064374,0.0,0.0,0.0,0.0,1396000.0,1396000.0,0.0,252000.0,252000.0,0.0,0.35802469135802467,0.35802469135802467,0.0,0.0,True
HNN,Full-GA,B-2-v4,D:\HNOCS\out\experimental results\B-2-v4\seed_45\gen_60\hnn\metrics.json,10.667576241619997,10.667576241619997,0.0,2.454372247071413,2.454372247071413,0.0,16.0,16.0,0.0,0.000203177525,0.000203177525,0.0,0.004651317011228462,0.004651317011228462,0.0,11.14198573637825,11.14198573637825,0.0,2195456.0,2195456.0,0.0,163840.0,163840.0,0.0,0.3028095733610822,0.3028095733610822,0.0,0.0,True
GEMM,Full-GA,B-2-v4,D:\HNOCS\out\experimental results\B-2-v4\seed_46\gen_60\gemm\metrics.json,9.93421735578005,9.93421735578005,0.0,2.1434761400252804,2.1434761400252804,0.0,6.0,6.0,0.0,0.000120405,0.000120405,0.0,0.0015708734939939562,0.0015708734939939562,0.0,1.8350526805555563,1.8350526805555563,0.0,104448.0,104448.0,0.0,22528.0,22528.0,0.0,0.9202539178734378,0.9202539178734378,0.0,0.0,True
MPEG4,Full-GA,B-2-v4,D:\HNOCS\out\experimental results\B-2-v4\seed_46\gen_60\mpeg4\metrics.json,9.446638746800033,9.446638746800033,0.0,1.3003837749577485,1.3003837749577485,0.0,2.0,2.0,0.0,0.0001220699,0.0001220699,0.0,0.0011328804365769536,0.0011328804365769536,0.0,0.07168423611111063,0.07168423611111063,0.0,420000.0,420000.0,0.0,88000.0,88000.0,0.0,0.5670623064060744,0.5670623064060744,0.0,0.0,True
VOPD,Full-GA,B-2-v4,D:\HNOCS\out\experimental results\B-2-v4\seed_46\gen_60\vopd\metrics.json,7.222719212610002,7.222719212610002,0.0,0.9870939912641029,0.9870939912641029,0.0,0.0,0.0,0.0,8.93329e-05,8.93329e-05,0.0,0.0007507385223064374,0.0007507385223064374,0.0,0.0,0.0,0.0,1396000.0,1396000.0,0.0,252000.0,252000.0,0.0,0.35802469135802467,0.35802469135802467,0.0,0.0,True
HNN,Full-GA,B-2-v4,D:\HNOCS\out\experimental results\B-2-v4\seed_46\gen_60\hnn\metrics.json,10.667576241619997,10.667576241619997,0.0,2.454372247071413,2.454372247071413,0.0,16.0,16.0,0.0,0.000203177525,0.000203177525,0.0,0.004651317011228462,0.004651317011228462,0.0,11.14198573637825,11.14198573637825,0.0,2195456.0,2195456.0,0.0,163840.0,163840.0,0.0,0.3028095733610822,0.3028095733610822,0.0,0.0,True
GEMM,Full-GA,B-2-v4,D:\HNOCS\out\experimental results\B-2-v4\seed_47\gen_60\gemm\metrics.json,9.93421735578005,9.93421735578005,0.0,2.1434761400252804,2.1434761400252804,0.0,6.0,6.0,0.0,0.000120405,0.000120405,0.0,0.0015708734939939562,0.0015708734939939562,0.0,1.8350526805555563,1.8350526805555563,0.0,104448.0,104448.0,0.0,22528.0,22528.0,0.0,0.9202539178734378,0.9202539178734378,0.0,0.0,True
MPEG4,Full-GA,B-2-v4,D:\HNOCS\out\experimental results\B-2-v4\seed_47\gen_60\mpeg4\metrics.json,9.446638746800033,9.446638746800033,0.0,1.3003837749577485,1.3003837749577485,0.0,2.0,2.0,0.0,0.0001220699,0.0001220699,0.0,0.0011328804365769536,0.0011328804365769536,0.0,0.07168423611111063,0.07168423611111063,0.0,420000.0,420000.0,0.0,88000.0,88000.0,0.0,0.5670623064060744,0.5670623064060744,0.0,0.0,True
VOPD,Full-GA,B-2-v4,D:\HNOCS\out\experimental results\B-2-v4\seed_47\gen_60\vopd\metrics.json,7.222719212610002,7.222719212610002,0.0,0.9870939912641029,0.9870939912641029,0.0,0.0,0.0,0.0,8.93329e-05,8.93329e-05,0.0,0.0007507385223064374,0.0007507385223064374,0.0,0.0,0.0,0.0,1396000.0,1396000.0,0.0,252000.0,252000.0,0.0,0.35802469135802467,0.35802469135802467,0.0,0.0,True
HNN,Full-GA,B-2-v4,D:\HNOCS\out\experimental results\B-2-v4\seed_47\gen_60\hnn\metrics.json,10.667576241619997,10.667576241619997,0.0,2.454372247071413,2.454372247071413,0.0,16.0,16.0,0.0,0.000203177525,0.000203177525,0.0,0.004651317011228462,0.004651317011228462,0.0,11.14198573637825,11.14198573637825,0.0,2195456.0,2195456.0,0.0,163840.0,163840.0,0.0,0.3028095733610822,0.3028095733610822,0.0,0.0,True
GEMM,Full-GA,B-2-v4,D:\HNOCS\out\experimental results\B-2-v4\seed_48\gen_60\gemm\metrics.json,9.93421735578005,9.93421735578005,0.0,2.1434761400252804,2.1434761400252804,0.0,6.0,6.0,0.0,0.000120405,0.000120405,0.0,0.0015708734939939562,0.0015708734939939562,0.0,1.8350526805555563,1.8350526805555563,0.0,104448.0,104448.0,0.0,22528.0,22528.0,0.0,0.9202539178734378,0.9202539178734378,0.0,0.0,True
MPEG4,Full-GA,B-2-v4,D:\HNOCS\out\experimental results\B-2-v4\seed_48\gen_60\mpeg4\metrics.json,9.446638746800033,9.446638746800033,0.0,1.3003837749577485,1.3003837749577485,0.0,2.0,2.0,0.0,0.0001220699,0.0001220699,0.0,0.0011328804365769536,0.0011328804365769536,0.0,0.07168423611111063,0.07168423611111063,0.0,420000.0,420000.0,0.0,88000.0,88000.0,0.0,0.5670623064060744,0.5670623064060744,0.0,0.0,True
VOPD,Full-GA,B-2-v4,D:\HNOCS\out\experimental results\B-2-v4\seed_48\gen_60\vopd\metrics.json,7.222719212610002,7.222719212610002,0.0,0.9870939912641029,0.9870939912641029,0.0,0.0,0.0,0.0,8.93329e-05,8.93329e-05,0.0,0.0007507385223064374,0.0007507385223064374,0.0,0.0,0.0,0.0,1396000.0,1396000.0,0.0,252000.0,252000.0,0.0,0.35802469135802467,0.35802469135802467,0.0,0.0,True
HNN,Full-GA,B-2-v4,D:\HNOCS\out\experimental results\B-2-v4\seed_48\gen_60\hnn\metrics.json,10.667576241619997,10.667576241619997,0.0,2.454372247071413,2.454372247071413,0.0,16.0,16.0,0.0,0.000203177525,0.000203177525,0.0,0.004651317011228462,0.004651317011228462,0.0,11.14198573637825,11.14198573637825,0.0,2195456.0,2195456.0,0.0,163840.0,163840.0,0.0,0.3028095733610822,0.3028095733610822,0.0,0.0,True
GEMM,Full-GA,B-2-v4,D:\HNOCS\out\experimental results\B-2-v4\seed_49\gen_60\gemm\metrics.json,9.93421735578005,9.93421735578005,0.0,2.1434761400252804,2.1434761400252804,0.0,6.0,6.0,0.0,0.000120405,0.000120405,0.0,0.0015708734939939562,0.0015708734939939562,0.0,1.8350526805555563,1.8350526805555563,0.0,104448.0,104448.0,0.0,22528.0,22528.0,0.0,0.9202539178734378,0.9202539178734378,0.0,0.0,True
MPEG4,Full-GA,B-2-v4,D:\HNOCS\out\experimental results\B-2-v4\seed_49\gen_60\mpeg4\metrics.json,9.446638746800033,9.446638746800033,0.0,1.3003837749577485,1.3003837749577485,0.0,2.0,2.0,0.0,0.0001220699,0.0001220699,0.0,0.0011328804365769536,0.0011328804365769536,0.0,0.07168423611111063,0.07168423611111063,0.0,420000.0,420000.0,0.0,88000.0,88000.0,0.0,0.5670623064060744,0.5670623064060744,0.0,0.0,True
VOPD,Full-GA,B-2-v4,D:\HNOCS\out\experimental results\B-2-v4\seed_49\gen_60\vopd\metrics.json,7.222719212610002,7.222719212610002,0.0,0.9870939912641029,0.9870939912641029,0.0,0.0,0.0,0.0,8.93329e-05,8.93329e-05,0.0,0.0007507385223064374,0.0007507385223064374,0.0,0.0,0.0,0.0,1396000.0,1396000.0,0.0,252000.0,252000.0,0.0,0.35802469135802467,0.35802469135802467,0.0,0.0,True
HNN,Full-GA,B-2-v4,D:\HNOCS\out\experimental results\B-2-v4\seed_49\gen_60\hnn\metrics.json,10.667576241619997,10.667576241619997,0.0,2.454372247071413,2.454372247071413,0.0,16.0,16.0,0.0,0.000203177525,0.000203177525,0.0,0.004651317011228462,0.004651317011228462,0.0,11.14198573637825,11.14198573637825,0.0,2195456.0,2195456.0,0.0,163840.0,163840.0,0.0,0.3028095733610822,0.3028095733610822,0.0,0.0,True
GEMM,thermal-only,B-2-v4-ablation,D:\HNOCS\out\experimental results\B-2-v4-ablation\thermal-only\seed_40\gen_60\gemm\metrics.json,9.93421735578005,9.93421735578005,0.0,2.1434761400252804,2.1434761400252804,0.0,6.0,6.0,0.0,0.000120405,0.000120405,0.0,0.0015708734939939562,0.0015708734939939562,0.0,1.8350526805555563,1.8350526805555563,0.0,104448.0,104448.0,0.0,22528.0,22528.0,0.0,0.9202539178734378,0.9202539178734378,0.0,0.0,True
MPEG4,thermal-only,B-2-v4-ablation,D:\HNOCS\out\experimental results\B-2-v4-ablation\thermal-only\seed_40\gen_60\mpeg4\metrics.json,9.446638746800033,9.446638746800033,0.0,1.3003837749577485,1.3003837749577485,0.0,2.0,2.0,0.0,0.0001220699,0.0001220699,0.0,0.0011328804365769536,0.0011328804365769536,0.0,0.07168423611111063,0.07168423611111063,0.0,420000.0,420000.0,0.0,88000.0,88000.0,0.0,0.5670623064060744,0.5670623064060744,0.0,0.0,True
VOPD,thermal-only,B-2-v4-ablation,D:\HNOCS\out\experimental results\B-2-v4-ablation\thermal-only\seed_40\gen_60\vopd\metrics.json,7.222719212610002,7.222719212610002,0.0,0.9870939912641029,0.9870939912641029,0.0,0.0,0.0,0.0,8.93329e-05,8.93329e-05,0.0,0.0007507385223064374,0.0007507385223064374,0.0,0.0,0.0,0.0,1396000.0,1396000.0,0.0,252000.0,252000.0,0.0,0.35802469135802467,0.35802469135802467,0.0,0.0,True
HNN,thermal-only,B-2-v4-ablation,D:\HNOCS\out\experimental results\B-2-v4-ablation\thermal-only\seed_40\gen_60\hnn\metrics.json,10.667576241619997,10.667576241619997,0.0,2.454372247071413,2.454372247071413,0.0,16.0,16.0,0.0,0.000203177525,0.000203177525,0.0,0.004651317011228462,0.004651317011228462,0.0,11.14198573637825,11.14198573637825,0.0,2195456.0,2195456.0,0.0,163840.0,163840.0,0.0,0.3028095733610822,0.3028095733610822,0.0,0.0,True
GEMM,thermal-only,B-2-v4-ablation,D:\HNOCS\out\experimental results\B-2-v4-ablation\thermal-only\seed_41\gen_60\gemm\metrics.json,9.93421735578005,9.93421735578005,0.0,2.1434761400252804,2.1434761400252804,0.0,6.0,6.0,0.0,0.000120405,0.000120405,0.0,0.0015708734939939562,0.0015708734939939562,0.0,1.8350526805555563,1.8350526805555563,0.0,104448.0,104448.0,0.0,22528.0,22528.0,0.0,0.9202539178734378,0.9202539178734378,0.0,0.0,True
MPEG4,thermal-only,B-2-v4-ablation,D:\HNOCS\out\experimental results\B-2-v4-ablation\thermal-only\seed_41\gen_60\mpeg4\metrics.json,9.446638746800033,9.446638746800033,0.0,1.3003837749577485,1.3003837749577485,0.0,2.0,2.0,0.0,0.0001220699,0.0001220699,0.0,0.0011328804365769536,0.0011328804365769536,0.0,0.07168423611111063,0.07168423611111063,0.0,420000.0,420000.0,0.0,88000.0,88000.0,0.0,0.5670623064060744,0.5670623064060744,0.0,0.0,True
VOPD,thermal-only,B-2-v4-ablation,D:\HNOCS\out\experimental results\B-2-v4-ablation\thermal-only\seed_41\gen_60\vopd\metrics.json,7.222719212610002,7.222719212610002,0.0,0.9870939912641029,0.9870939912641029,0.0,0.0,0.0,0.0,8.93329e-05,8.93329e-05,0.0,0.0007507385223064374,0.0007507385223064374,0.0,0.0,0.0,0.0,1396000.0,1396000.0,0.0,252000.0,252000.0,0.0,0.35802469135802467,0.35802469135802467,0.0,0.0,True
HNN,thermal-only,B-2-v4-ablation,D:\HNOCS\out\experimental results\B-2-v4-ablation\thermal-only\seed_41\gen_60\hnn\metrics.json,10.667576241619997,10.667576241619997,0.0,2.454372247071413,2.454372247071413,0.0,16.0,16.0,0.0,0.000203177525,0.000203177525,0.0,0.004651317011228462,0.004651317011228462,0.0,11.14198573637825,11.14198573637825,0.0,2195456.0,2195456.0,0.0,163840.0,163840.0,0.0,0.3028095733610822,0.3028095733610822,0.0,0.0,True
GEMM,thermal-only,B-2-v4-ablation,D:\HNOCS\out\experimental results\B-2-v4-ablation\thermal-only\seed_42\gen_60\gemm\metrics.json,9.93421735578005,9.93421735578005,0.0,2.1434761400252804,2.1434761400252804,0.0,6.0,6.0,0.0,0.000120405,0.000120405,0.0,0.0015708734939939562,0.0015708734939939562,0.0,1.8350526805555563,1.8350526805555563,0.0,104448.0,104448.0,0.0,22528.0,22528.0,0.0,0.9202539178734378,0.9202539178734378,0.0,0.0,True
MPEG4,thermal-only,B-2-v4-ablation,D:\HNOCS\out\experimental results\B-2-v4-ablation\thermal-only\seed_42\gen_60\mpeg4\metrics.json,9.446638746800033,9.446638746800033,0.0,1.3003837749577485,1.3003837749577485,0.0,2.0,2.0,0.0,0.0001220699,0.0001220699,0.0,0.0011328804365769536,0.0011328804365769536,0.0,0.07168423611111063,0.07168423611111063,0.0,420000.0,420000.0,0.0,88000.0,88000.0,0.0,0.5670623064060744,0.5670623064060744,0.0,0.0,True
VOPD,thermal-only,B-2-v4-ablation,D:\HNOCS\out\experimental results\B-2-v4-ablation\thermal-only\seed_42\gen_60\vopd\metrics.json,7.222719212610002,7.222719212610002,0.0,0.9870939912641029,0.9870939912641029,0.0,0.0,0.0,0.0,8.93329e-05,8.93329e-05,0.0,0.0007507385223064374,0.0007507385223064374,0.0,0.0,0.0,0.0,1396000.0,1396000.0,0.0,252000.0,252000.0,0.0,0.35802469135802467,0.35802469135802467,0.0,0.0,True
HNN,thermal-only,B-2-v4-ablation,D:\HNOCS\out\experimental results\B-2-v4-ablation\thermal-only\seed_42\gen_60\hnn\metrics.json,10.667576241619997,10.667576241619997,0.0,2.454372247071413,2.454372247071413,0.0,16.0,16.0,0.0,0.000203177525,0.000203177525,0.0,0.004651317011228462,0.004651317011228462,0.0,11.14198573637825,11.14198573637825,0.0,2195456.0,2195456.0,0.0,163840.0,163840.0,0.0,0.3028095733610822,0.3028095733610822,0.0,0.0,True
GEMM,thermal-only,B-2-v4-ablation,D:\HNOCS\out\experimental results\B-2-v4-ablation\thermal-only\seed_43\gen_60\gemm\metrics.json,9.93421735578005,9.93421735578005,0.0,2.1434761400252804,2.1434761400252804,0.0,6.0,6.0,0.0,0.000120405,0.000120405,0.0,0.0015708734939939562,0.0015708734939939562,0.0,1.8350526805555563,1.8350526805555563,0.0,104448.0,104448.0,0.0,22528.0,22528.0,0.0,0.9202539178734378,0.9202539178734378,0.0,0.0,True
MPEG4,thermal-only,B-2-v4-ablation,D:\HNOCS\out\experimental results\B-2-v4-ablation\thermal-only\seed_43\gen_60\mpeg4\metrics.json,9.446638746800033,9.446638746800033,0.0,1.3003837749577485,1.3003837749577485,0.0,2.0,2.0,0.0,0.0001220699,0.0001220699,0.0,0.0011328804365769536,0.0011328804365769536,0.0,0.07168423611111063,0.07168423611111063,0.0,420000.0,420000.0,0.0,88000.0,88000.0,0.0,0.5670623064060744,0.5670623064060744,0.0,0.0,True
VOPD,thermal-only,B-2-v4-ablation,D:\HNOCS\out\experimental results\B-2-v4-ablation\thermal-only\seed_43\gen_60\vopd\metrics.json,7.222719212610002,7.222719212610002,0.0,0.9870939912641029,0.9870939912641029,0.0,0.0,0.0,0.0,8.93329e-05,8.93329e-05,0.0,0.0007507385223064374,0.0007507385223064374,0.0,0.0,0.0,0.0,1396000.0,1396000.0,0.0,252000.0,252000.0,0.0,0.35802469135802467,0.35802469135802467,0.0,0.0,True
HNN,thermal-only,B-2-v4-ablation,D:\HNOCS\out\experimental results\B-2-v4-ablation\thermal-only\seed_43\gen_60\hnn\metrics.json,10.667576241619997,10.667576241619997,0.0,2.454372247071413,2.454372247071413,0.0,16.0,16.0,0.0,0.000203177525,0.000203177525,0.0,0.004651317011228462,0.004651317011228462,0.0,11.14198573637825,11.14198573637825,0.0,2195456.0,2195456.0,0.0,163840.0,163840.0,0.0,0.3028095733610822,0.3028095733610822,0.0,0.0,True
GEMM,thermal-only,B-2-v4-ablation,D:\HNOCS\out\experimental results\B-2-v4-ablation\thermal-only\seed_44\gen_60\gemm\metrics.json,9.93421735578005,9.93421735578005,0.0,2.1434761400252804,2.1434761400252804,0.0,6.0,6.0,0.0,0.000120405,0.000120405,0.0,0.0015708734939939562,0.0015708734939939562,0.0,1.8350526805555563,1.8350526805555563,0.0,104448.0,104448.0,0.0,22528.0,22528.0,0.0,0.9202539178734378,0.9202539178734378,0.0,0.0,True
MPEG4,thermal-only,B-2-v4-ablation,D:\HNOCS\out\experimental results\B-2-v4-ablation\thermal-only\seed_44\gen_60\mpeg4\metrics.json,9.446638746800033,9.446638746800033,0.0,1.3003837749577485,1.3003837749577485,0.0,2.0,2.0,0.0,0.0001220699,0.0001220699,0.0,0.0011328804365769536,0.0011328804365769536,0.0,0.07168423611111063,0.07168423611111063,0.0,420000.0,420000.0,0.0,88000.0,88000.0,0.0,0.5670623064060744,0.5670623064060744,0.0,0.0,True
VOPD,thermal-only,B-2-v4-ablation,D:\HNOCS\out\experimental results\B-2-v4-ablation\thermal-only\seed_44\gen_60\vopd\metrics.json,7.222719212610002,7.222719212610002,0.0,0.9870939912641029,0.9870939912641029,0.0,0.0,0.0,0.0,8.93329e-05,8.93329e-05,0.0,0.0007507385223064374,0.0007507385223064374,0.0,0.0,0.0,0.0,1396000.0,1396000.0,0.0,252000.0,252000.0,0.0,0.35802469135802467,0.35802469135802467,0.0,0.0,True
HNN,thermal-only,B-2-v4-ablation,D:\HNOCS\out\experimental results\B-2-v4-ablation\thermal-only\seed_44\gen_60\hnn\metrics.json,10.667576241619997,10.667576241619997,0.0,2.454372247071413,2.454372247071413,0.0,16.0,16.0,0.0,0.000203177525,0.000203177525,0.0,0.004651317011228462,0.004651317011228462,0.0,11.14198573637825,11.14198573637825,0.0,2195456.0,2195456.0,0.0,163840.0,163840.0,0.0,0.3028095733610822,0.3028095733610822,0.0,0.0,True
GEMM,thermal-only,B-2-v4-ablation,D:\HNOCS\out\experimental results\B-2-v4-ablation\thermal-only\seed_45\gen_60\gemm\metrics.json,9.93421735578005,9.93421735578005,0.0,2.1434761400252804,2.1434761400252804,0.0,6.0,6.0,0.0,0.000120405,0.000120405,0.0,0.0015708734939939562,0.0015708734939939562,0.0,1.8350526805555563,1.8350526805555563,0.0,104448.0,104448.0,0.0,22528.0,22528.0,0.0,0.9202539178734378,0.9202539178734378,0.0,0.0,True
MPEG4,thermal-only,B-2-v4-ablation,D:\HNOCS\out\experimental results\B-2-v4-ablation\thermal-only\seed_45\gen_60\mpeg4\metrics.json,9.446638746800033,9.446638746800033,0.0,1.3003837749577485,1.3003837749577485,0.0,2.0,2.0,0.0,0.0001220699,0.0001220699,0.0,0.0011328804365769536,0.0011328804365769536,0.0,0.07168423611111063,0.07168423611111063,0.0,420000.0,420000.0,0.0,88000.0,88000.0,0.0,0.5670623064060744,0.5670623064060744,0.0,0.0,True
VOPD,thermal-only,B-2-v4-ablation,D:\HNOCS\out\experimental results\B-2-v4-ablation\thermal-only\seed_45\gen_60\vopd\metrics.json,7.222719212610002,7.222719212610002,0.0,0.9870939912641029,0.9870939912641029,0.0,0.0,0.0,0.0,8.93329e-05,8.93329e-05,0.0,0.0007507385223064374,0.0007507385223064374,0.0,0.0,0.0,0.0,1396000.0,1396000.0,0.0,252000.0,252000.0,0.0,0.35802469135802467,0.35802469135802467,0.0,0.0,True
HNN,thermal-only,B-2-v4-ablation,D:\HNOCS\out\experimental results\B-2-v4-ablation\thermal-only\seed_45\gen_60\hnn\metrics.json,10.667576241619997,10.667576241619997,0.0,2.454372247071413,2.454372247071413,0.0,16.0,16.0,0.0,0.000203177525,0.000203177525,0.0,0.004651317011228462,0.004651317011228462,0.0,11.14198573637825,11.14198573637825,0.0,2195456.0,2195456.0,0.0,163840.0,163840.0,0.0,0.3028095733610822,0.3028095733610822,0.0,0.0,True
GEMM,thermal-only,B-2-v4-ablation,D:\HNOCS\out\experimental results\B-2-v4-ablation\thermal-only\seed_46\gen_60\gemm\metrics.json,9.93421735578005,9.93421735578005,0.0,2.1434761400252804,2.1434761400252804,0.0,6.0,6.0,0.0,0.000120405,0.000120405,0.0,0.0015708734939939562,0.0015708734939939562,0.0,1.8350526805555563,1.8350526805555563,0.0,104448.0,104448.0,0.0,22528.0,22528.0,0.0,0.9202539178734378,0.9202539178734378,0.0,0.0,True
MPEG4,thermal-only,B-2-v4-ablation,D:\HNOCS\out\experimental results\B-2-v4-ablation\thermal-only\seed_46\gen_60\mpeg4\metrics.json,9.446638746800033,9.446638746800033,0.0,1.3003837749577485,1.3003837749577485,0.0,2.0,2.0,0.0,0.0001220699,0.0001220699,0.0,0.0011328804365769536,0.0011328804365769536,0.0,0.07168423611111063,0.07168423611111063,0.0,420000.0,420000.0,0.0,88000.0,88000.0,0.0,0.5670623064060744,0.5670623064060744,0.0,0.0,True
VOPD,thermal-only,B-2-v4-ablation,D:\HNOCS\out\experimental results\B-2-v4-ablation\thermal-only\seed_46\gen_60\vopd\metrics.json,7.222719212610002,7.222719212610002,0.0,0.9870939912641029,0.9870939912641029,0.0,0.0,0.0,0.0,8.93329e-05,8.93329e-05,0.0,0.0007507385223064374,0.0007507385223064374,0.0,0.0,0.0,0.0,1396000.0,1396000.0,0.0,252000.0,252000.0,0.0,0.35802469135802467,0.35802469135802467,0.0,0.0,True
HNN,thermal-only,B-2-v4-ablation,D:\HNOCS\out\experimental results\B-2-v4-ablation\thermal-only\seed_46\gen_60\hnn\metrics.json,10.667576241619997,10.667576241619997,0.0,2.454372247071413,2.454372247071413,0.0,16.0,16.0,0.0,0.000203177525,0.000203177525,0.0,0.004651317011228462,0.004651317011228462,0.0,11.14198573637825,11.14198573637825,0.0,2195456.0,2195456.0,0.0,163840.0,163840.0,0.0,0.3028095733610822,0.3028095733610822,0.0,0.0,True
GEMM,thermal-only,B-2-v4-ablation,D:\HNOCS\out\experimental results\B-2-v4-ablation\thermal-only\seed_47\gen_60\gemm\metrics.json,9.93421735578005,9.93421735578005,0.0,2.1434761400252804,2.1434761400252804,0.0,6.0,6.0,0.0,0.000120405,0.000120405,0.0,0.0015708734939939562,0.0015708734939939562,0.0,1.8350526805555563,1.8350526805555563,0.0,104448.0,104448.0,0.0,22528.0,22528.0,0.0,0.9202539178734378,0.9202539178734378,0.0,0.0,True
MPEG4,thermal-only,B-2-v4-ablation,D:\HNOCS\out\experimental results\B-2-v4-ablation\thermal-only\seed_47\gen_60\mpeg4\metrics.json,9.446638746800033,9.446638746800033,0.0,1.3003837749577485,1.3003837749577485,0.0,2.0,2.0,0.0,0.0001220699,0.0001220699,0.0,0.0011328804365769536,0.0011328804365769536,0.0,0.07168423611111063,0.07168423611111063,0.0,420000.0,420000.0,0.0,88000.0,88000.0,0.0,0.5670623064060744,0.5670623064060744,0.0,0.0,True
VOPD,thermal-only,B-2-v4-ablation,D:\HNOCS\out\experimental results\B-2-v4-ablation\thermal-only\seed_47\gen_60\vopd\metrics.json,7.222719212610002,7.222719212610002,0.0,0.9870939912641029,0.9870939912641029,0.0,0.0,0.0,0.0,8.93329e-05,8.93329e-05,0.0,0.0007507385223064374,0.0007507385223064374,0.0,0.0,0.0,0.0,1396000.0,1396000.0,0.0,252000.0,252000.0,0.0,0.35802469135802467,0.35802469135802467,0.0,0.0,True
HNN,thermal-only,B-2-v4-ablation,D:\HNOCS\out\experimental results\B-2-v4-ablation\thermal-only\seed_47\gen_60\hnn\metrics.json,10.667576241619997,10.667576241619997,0.0,2.454372247071413,2.454372247071413,0.0,16.0,16.0,0.0,0.000203177525,0.000203177525,0.0,0.004651317011228462,0.004651317011228462,0.0,11.14198573637825,11.14198573637825,0.0,2195456.0,2195456.0,0.0,163840.0,163840.0,0.0,0.3028095733610822,0.3028095733610822,0.0,0.0,True
GEMM,thermal-only,B-2-v4-ablation,D:\HNOCS\out\experimental results\B-2-v4-ablation\thermal-only\seed_48\gen_60\gemm\metrics.json,9.93421735578005,9.93421735578005,0.0,2.1434761400252804,2.1434761400252804,0.0,6.0,6.0,0.0,0.000120405,0.000120405,0.0,0.0015708734939939562,0.0015708734939939562,0.0,1.8350526805555563,1.8350526805555563,0.0,104448.0,104448.0,0.0,22528.0,22528.0,0.0,0.9202539178734378,0.9202539178734378,0.0,0.0,True
MPEG4,thermal-only,B-2-v4-ablation,D:\HNOCS\out\experimental results\B-2-v4-ablation\thermal-only\seed_48\gen_60\mpeg4\metrics.json,9.446638746800033,9.446638746800033,0.0,1.3003837749577485,1.3003837749577485,0.0,2.0,2.0,0.0,0.0001220699,0.0001220699,0.0,0.0011328804365769536,0.0011328804365769536,0.0,0.07168423611111063,0.07168423611111063,0.0,420000.0,420000.0,0.0,88000.0,88000.0,0.0,0.5670623064060744,0.5670623064060744,0.0,0.0,True
VOPD,thermal-only,B-2-v4-ablation,D:\HNOCS\out\experimental results\B-2-v4-ablation\thermal-only\seed_48\gen_60\vopd\metrics.json,7.222719212610002,7.222719212610002,0.0,0.9870939912641029,0.9870939912641029,0.0,0.0,0.0,0.0,8.93329e-05,8.93329e-05,0.0,0.0007507385223064374,0.0007507385223064374,0.0,0.0,0.0,0.0,1396000.0,1396000.0,0.0,252000.0,252000.0,0.0,0.35802469135802467,0.35802469135802467,0.0,0.0,True
HNN,thermal-only,B-2-v4-ablation,D:\HNOCS\out\experimental results\B-2-v4-ablation\thermal-only\seed_48\gen_60\hnn\metrics.json,10.667576241619997,10.667576241619997,0.0,2.454372247071413,2.454372247071413,0.0,16.0,16.0,0.0,0.000203177525,0.000203177525,0.0,0.004651317011228462,0.004651317011228462,0.0,11.14198573637825,11.14198573637825,0.0,2195456.0,2195456.0,0.0,163840.0,163840.0,0.0,0.3028095733610822,0.3028095733610822,0.0,0.0,True
GEMM,thermal-only,B-2-v4-ablation,D:\HNOCS\out\experimental results\B-2-v4-ablation\thermal-only\seed_49\gen_60\gemm\metrics.json,9.93421735578005,9.93421735578005,0.0,2.1434761400252804,2.1434761400252804,0.0,6.0,6.0,0.0,0.000120405,0.000120405,0.0,0.0015708734939939562,0.0015708734939939562,0.0,1.8350526805555563,1.8350526805555563,0.0,104448.0,104448.0,0.0,22528.0,22528.0,0.0,0.9202539178734378,0.9202539178734378,0.0,0.0,True
MPEG4,thermal-only,B-2-v4-ablation,D:\HNOCS\out\experimental results\B-2-v4-ablation\thermal-only\seed_49\gen_60\mpeg4\metrics.json,9.446638746800033,9.446638746800033,0.0,1.3003837749577485,1.3003837749577485,0.0,2.0,2.0,0.0,0.0001220699,0.0001220699,0.0,0.0011328804365769536,0.0011328804365769536,0.0,0.07168423611111063,0.07168423611111063,0.0,420000.0,420000.0,0.0,88000.0,88000.0,0.0,0.5670623064060744,0.5670623064060744,0.0,0.0,True
VOPD,thermal-only,B-2-v4-ablation,D:\HNOCS\out\experimental results\B-2-v4-ablation\thermal-only\seed_49\gen_60\vopd\metrics.json,7.222719212610002,7.222719212610002,0.0,0.9870939912641029,0.9870939912641029,0.0,0.0,0.0,0.0,8.93329e-05,8.93329e-05,0.0,0.0007507385223064374,0.0007507385223064374,0.0,0.0,0.0,0.0,1396000.0,1396000.0,0.0,252000.0,252000.0,0.0,0.35802469135802467,0.35802469135802467,0.0,0.0,True
HNN,thermal-only,B-2-v4-ablation,D:\HNOCS\out\experimental results\B-2-v4-ablation\thermal-only\seed_49\gen_60\hnn\metrics.json,10.667576241619997,10.667576241619997,0.0,2.454372247071413,2.454372247071413,0.0,16.0,16.0,0.0,0.000203177525,0.000203177525,0.0,0.004651317011228462,0.004651317011228462,0.0,11.14198573637825,11.14198573637825,0.0,2195456.0,2195456.0,0.0,163840.0,163840.0,0.0,0.3028095733610822,0.3028095733610822,0.0,0.0,True
GEMM,comm-only,B-2-v4-ablation,D:\HNOCS\out\experimental results\B-2-v4-ablation\comm-only\seed_40\gen_60\gemm\metrics.json,9.93421735578005,9.93421735578005,0.0,2.1434761400252804,2.1434761400252804,0.0,6.0,6.0,0.0,0.000120405,0.000120405,0.0,0.0015708734939939562,0.0015708734939939562,0.0,1.8350526805555563,1.8350526805555563,0.0,104448.0,104448.0,0.0,22528.0,22528.0,0.0,0.9202539178734378,0.9202539178734378,0.0,0.0,True
MPEG4,comm-only,B-2-v4-ablation,D:\HNOCS\out\experimental results\B-2-v4-ablation\comm-only\seed_40\gen_60\mpeg4\metrics.json,9.446638746800033,9.446638746800033,0.0,1.3003837749577485,1.3003837749577485,0.0,2.0,2.0,0.0,0.0001220699,0.0001220699,0.0,0.0011328804365769536,0.0011328804365769536,0.0,0.07168423611111063,0.07168423611111063,0.0,420000.0,420000.0,0.0,88000.0,88000.0,0.0,0.5670623064060744,0.5670623064060744,0.0,0.0,True
VOPD,comm-only,B-2-v4-ablation,D:\HNOCS\out\experimental results\B-2-v4-ablation\comm-only\seed_40\gen_60\vopd\metrics.json,7.222719212610002,7.222719212610002,0.0,0.9870939912641029,0.9870939912641029,0.0,0.0,0.0,0.0,8.93329e-05,8.93329e-05,0.0,0.0007507385223064374,0.0007507385223064374,0.0,0.0,0.0,0.0,1396000.0,1396000.0,0.0,252000.0,252000.0,0.0,0.35802469135802467,0.35802469135802467,0.0,0.0,True
HNN,comm-only,B-2-v4-ablation,D:\HNOCS\out\experimental results\B-2-v4-ablation\comm-only\seed_40\gen_60\hnn\metrics.json,10.667576241619997,10.667576241619997,0.0,2.454372247071413,2.454372247071413,0.0,16.0,16.0,0.0,0.000203177525,0.000203177525,0.0,0.004651317011228462,0.004651317011228462,0.0,11.14198573637825,11.14198573637825,0.0,2195456.0,2195456.0,0.0,163840.0,163840.0,0.0,0.3028095733610822,0.3028095733610822,0.0,0.0,True
GEMM,comm-only,B-2-v4-ablation,D:\HNOCS\out\experimental results\B-2-v4-ablation\comm-only\seed_41\gen_60\gemm\metrics.json,9.93421735578005,9.93421735578005,0.0,2.1434761400252804,2.1434761400252804,0.0,6.0,6.0,0.0,0.000120405,0.000120405,0.0,0.0015708734939939562,0.0015708734939939562,0.0,1.8350526805555563,1.8350526805555563,0.0,104448.0,104448.0,0.0,22528.0,22528.0,0.0,0.9202539178734378,0.9202539178734378,0.0,0.0,True
MPEG4,comm-only,B-2-v4-ablation,D:\HNOCS\out\experimental results\B-2-v4-ablation\comm-only\seed_41\gen_60\mpeg4\metrics.json,9.446638746800033,9.446638746800033,0.0,1.3003837749577485,1.3003837749577485,0.0,2.0,2.0,0.0,0.0001220699,0.0001220699,0.0,0.0011328804365769536,0.0011328804365769536,0.0,0.07168423611111063,0.07168423611111063,0.0,420000.0,420000.0,0.0,88000.0,88000.0,0.0,0.5670623064060744,0.5670623064060744,0.0,0.0,True
VOPD,comm-only,B-2-v4-ablation,D:\HNOCS\out\experimental results\B-2-v4-ablation\comm-only\seed_41\gen_60\vopd\metrics.json,7.222719212610002,7.222719212610002,0.0,0.9870939912641029,0.9870939912641029,0.0,0.0,0.0,0.0,8.93329e-05,8.93329e-05,0.0,0.0007507385223064374,0.0007507385223064374,0.0,0.0,0.0,0.0,1396000.0,1396000.0,0.0,252000.0,252000.0,0.0,0.35802469135802467,0.35802469135802467,0.0,0.0,True
HNN,comm-only,B-2-v4-ablation,D:\HNOCS\out\experimental results\B-2-v4-ablation\comm-only\seed_41\gen_60\hnn\metrics.json,10.667576241619997,10.667576241619997,0.0,2.454372247071413,2.454372247071413,0.0,16.0,16.0,0.0,0.000203177525,0.000203177525,0.0,0.004651317011228462,0.004651317011228462,0.0,11.14198573637825,11.14198573637825,0.0,2195456.0,2195456.0,0.0,163840.0,163840.0,0.0,0.3028095733610822,0.3028095733610822,0.0,0.0,True
GEMM,comm-only,B-2-v4-ablation,D:\HNOCS\out\experimental results\B-2-v4-ablation\comm-only\seed_42\gen_60\gemm\metrics.json,9.93421735578005,9.93421735578005,0.0,2.1434761400252804,2.1434761400252804,0.0,6.0,6.0,0.0,0.000120405,0.000120405,0.0,0.0015708734939939562,0.0015708734939939562,0.0,1.8350526805555563,1.8350526805555563,0.0,104448.0,104448.0,0.0,22528.0,22528.0,0.0,0.9202539178734378,0.9202539178734378,0.0,0.0,True
MPEG4,comm-only,B-2-v4-ablation,D:\HNOCS\out\experimental results\B-2-v4-ablation\comm-only\seed_42\gen_60\mpeg4\metrics.json,9.446638746800033,9.446638746800033,0.0,1.3003837749577485,1.3003837749577485,0.0,2.0,2.0,0.0,0.0001220699,0.0001220699,0.0,0.0011328804365769536,0.0011328804365769536,0.0,0.07168423611111063,0.07168423611111063,0.0,420000.0,420000.0,0.0,88000.0,88000.0,0.0,0.5670623064060744,0.5670623064060744,0.0,0.0,True
VOPD,comm-only,B-2-v4-ablation,D:\HNOCS\out\experimental results\B-2-v4-ablation\comm-only\seed_42\gen_60\vopd\metrics.json,7.222719212610002,7.222719212610002,0.0,0.9870939912641029,0.9870939912641029,0.0,0.0,0.0,0.0,8.93329e-05,8.93329e-05,0.0,0.0007507385223064374,0.0007507385223064374,0.0,0.0,0.0,0.0,1396000.0,1396000.0,0.0,252000.0,252000.0,0.0,0.35802469135802467,0.35802469135802467,0.0,0.0,True
HNN,comm-only,B-2-v4-ablation,D:\HNOCS\out\experimental results\B-2-v4-ablation\comm-only\seed_42\gen_60\hnn\metrics.json,10.667576241619997,10.667576241619997,0.0,2.454372247071413,2.454372247071413,0.0,16.0,16.0,0.0,0.000203177525,0.000203177525,0.0,0.004651317011228462,0.004651317011228462,0.0,11.14198573637825,11.14198573637825,0.0,2195456.0,2195456.0,0.0,163840.0,163840.0,0.0,0.3028095733610822,0.3028095733610822,0.0,0.0,True
GEMM,comm-only,B-2-v4-ablation,D:\HNOCS\out\experimental results\B-2-v4-ablation\comm-only\seed_43\gen_60\gemm\metrics.json,9.93421735578005,9.93421735578005,0.0,2.1434761400252804,2.1434761400252804,0.0,6.0,6.0,0.0,0.000120405,0.000120405,0.0,0.0015708734939939562,0.0015708734939939562,0.0,1.8350526805555563,1.8350526805555563,0.0,104448.0,104448.0,0.0,22528.0,22528.0,0.0,0.9202539178734378,0.9202539178734378,0.0,0.0,True
MPEG4,comm-only,B-2-v4-ablation,D:\HNOCS\out\experimental results\B-2-v4-ablation\comm-only\seed_43\gen_60\mpeg4\metrics.json,9.446638746800033,9.446638746800033,0.0,1.3003837749577485,1.3003837749577485,0.0,2.0,2.0,0.0,0.0001220699,0.0001220699,0.0,0.0011328804365769536,0.0011328804365769536,0.0,0.07168423611111063,0.07168423611111063,0.0,420000.0,420000.0,0.0,88000.0,88000.0,0.0,0.5670623064060744,0.5670623064060744,0.0,0.0,True
VOPD,comm-only,B-2-v4-ablation,D:\HNOCS\out\experimental results\B-2-v4-ablation\comm-only\seed_43\gen_60\vopd\metrics.json,7.222719212610002,7.222719212610002,0.0,0.9870939912641029,0.9870939912641029,0.0,0.0,0.0,0.0,8.93329e-05,8.93329e-05,0.0,0.0007507385223064374,0.0007507385223064374,0.0,0.0,0.0,0.0,1396000.0,1396000.0,0.0,252000.0,252000.0,0.0,0.35802469135802467,0.35802469135802467,0.0,0.0,True
HNN,comm-only,B-2-v4-ablation,D:\HNOCS\out\experimental results\B-2-v4-ablation\comm-only\seed_43\gen_60\hnn\metrics.json,10.667576241619997,10.667576241619997,0.0,2.454372247071413,2.454372247071413,0.0,16.0,16.0,0.0,0.000203177525,0.000203177525,0.0,0.004651317011228462,0.004651317011228462,0.0,11.14198573637825,11.14198573637825,0.0,2195456.0,2195456.0,0.0,163840.0,163840.0,0.0,0.3028095733610822,0.3028095733610822,0.0,0.0,True
GEMM,comm-only,B-2-v4-ablation,D:\HNOCS\out\experimental results\B-2-v4-ablation\comm-only\seed_44\gen_60\gemm\metrics.json,9.93421735578005,9.93421735578005,0.0,2.1434761400252804,2.1434761400252804,0.0,6.0,6.0,0.0,0.000120405,0.000120405,0.0,0.0015708734939939562,0.0015708734939939562,0.0,1.8350526805555563,1.8350526805555563,0.0,104448.0,104448.0,0.0,22528.0,22528.0,0.0,0.9202539178734378,0.9202539178734378,0.0,0.0,True
MPEG4,comm-only,B-2-v4-ablation,D:\HNOCS\out\experimental results\B-2-v4-ablation\comm-only\seed_44\gen_60\mpeg4\metrics.json,9.446638746800033,9.446638746800033,0.0,1.3003837749577485,1.3003837749577485,0.0,2.0,2.0,0.0,0.0001220699,0.0001220699,0.0,0.0011328804365769536,0.0011328804365769536,0.0,0.07168423611111063,0.07168423611111063,0.0,420000.0,420000.0,0.0,88000.0,88000.0,0.0,0.5670623064060744,0.5670623064060744,0.0,0.0,True
VOPD,comm-only,B-2-v4-ablation,D:\HNOCS\out\experimental results\B-2-v4-ablation\comm-only\seed_44\gen_60\vopd\metrics.json,7.222719212610002,7.222719212610002,0.0,0.9870939912641029,0.9870939912641029,0.0,0.0,0.0,0.0,8.93329e-05,8.93329e-05,0.0,0.0007507385223064374,0.0007507385223064374,0.0,0.0,0.0,0.0,1396000.0,1396000.0,0.0,252000.0,252000.0,0.0,0.35802469135802467,0.35802469135802467,0.0,0.0,True
HNN,comm-only,B-2-v4-ablation,D:\HNOCS\out\experimental results\B-2-v4-ablation\comm-only\seed_44\gen_60\hnn\metrics.json,10.667576241619997,10.667576241619997,0.0,2.454372247071413,2.454372247071413,0.0,16.0,16.0,0.0,0.000203177525,0.000203177525,0.0,0.004651317011228462,0.004651317011228462,0.0,11.14198573637825,11.14198573637825,0.0,2195456.0,2195456.0,0.0,163840.0,163840.0,0.0,0.3028095733610822,0.3028095733610822,0.0,0.0,True
GEMM,comm-only,B-2-v4-ablation,D:\HNOCS\out\experimental results\B-2-v4-ablation\comm-only\seed_45\gen_60\gemm\metrics.json,9.93421735578005,9.93421735578005,0.0,2.1434761400252804,2.1434761400252804,0.0,6.0,6.0,0.0,0.000120405,0.000120405,0.0,0.0015708734939939562,0.0015708734939939562,0.0,1.8350526805555563,1.8350526805555563,0.0,104448.0,104448.0,0.0,22528.0,22528.0,0.0,0.9202539178734378,0.9202539178734378,0.0,0.0,True
MPEG4,comm-only,B-2-v4-ablation,D:\HNOCS\out\experimental results\B-2-v4-ablation\comm-only\seed_45\gen_60\mpeg4\metrics.json,9.446638746800033,9.446638746800033,0.0,1.3003837749577485,1.3003837749577485,0.0,2.0,2.0,0.0,0.0001220699,0.0001220699,0.0,0.0011328804365769536,0.0011328804365769536,0.0,0.07168423611111063,0.07168423611111063,0.0,420000.0,420000.0,0.0,88000.0,88000.0,0.0,0.5670623064060744,0.5670623064060744,0.0,0.0,True
VOPD,comm-only,B-2-v4-ablation,D:\HNOCS\out\experimental results\B-2-v4-ablation\comm-only\seed_45\gen_60\vopd\metrics.json,7.222719212610002,7.222719212610002,0.0,0.9870939912641029,0.9870939912641029,0.0,0.0,0.0,0.0,8.93329e-05,8.93329e-05,0.0,0.0007507385223064374,0.0007507385223064374,0.0,0.0,0.0,0.0,1396000.0,1396000.0,0.0,252000.0,252000.0,0.0,0.35802469135802467,0.35802469135802467,0.0,0.0,True
HNN,comm-only,B-2-v4-ablation,D:\HNOCS\out\experimental results\B-2-v4-ablation\comm-only\seed_45\gen_60\hnn\metrics.json,10.667576241619997,10.667576241619997,0.0,2.454372247071413,2.454372247071413,0.0,16.0,16.0,0.0,0.000203177525,0.000203177525,0.0,0.004651317011228462,0.004651317011228462,0.0,11.14198573637825,11.14198573637825,0.0,2195456.0,2195456.0,0.0,163840.0,163840.0,0.0,0.3028095733610822,0.3028095733610822,0.0,0.0,True
GEMM,comm-only,B-2-v4-ablation,D:\HNOCS\out\experimental results\B-2-v4-ablation\comm-only\seed_46\gen_60\gemm\metrics.json,9.93421735578005,9.93421735578005,0.0,2.1434761400252804,2.1434761400252804,0.0,6.0,6.0,0.0,0.000120405,0.000120405,0.0,0.0015708734939939562,0.0015708734939939562,0.0,1.8350526805555563,1.8350526805555563,0.0,104448.0,104448.0,0.0,22528.0,22528.0,0.0,0.9202539178734378,0.9202539178734378,0.0,0.0,True
MPEG4,comm-only,B-2-v4-ablation,D:\HNOCS\out\experimental results\B-2-v4-ablation\comm-only\seed_46\gen_60\mpeg4\metrics.json,9.446638746800033,9.446638746800033,0.0,1.3003837749577485,1.3003837749577485,0.0,2.0,2.0,0.0,0.0001220699,0.0001220699,0.0,0.0011328804365769536,0.0011328804365769536,0.0,0.07168423611111063,0.07168423611111063,0.0,420000.0,420000.0,0.0,88000.0,88000.0,0.0,0.5670623064060744,0.5670623064060744,0.0,0.0,True
VOPD,comm-only,B-2-v4-ablation,D:\HNOCS\out\experimental results\B-2-v4-ablation\comm-only\seed_46\gen_60\vopd\metrics.json,7.222719212610002,7.222719212610002,0.0,0.9870939912641029,0.9870939912641029,0.0,0.0,0.0,0.0,8.93329e-05,8.93329e-05,0.0,0.0007507385223064374,0.0007507385223064374,0.0,0.0,0.0,0.0,1396000.0,1396000.0,0.0,252000.0,252000.0,0.0,0.35802469135802467,0.35802469135802467,0.0,0.0,True
HNN,comm-only,B-2-v4-ablation,D:\HNOCS\out\experimental results\B-2-v4-ablation\comm-only\seed_46\gen_60\hnn\metrics.json,10.667576241619997,10.667576241619997,0.0,2.454372247071413,2.454372247071413,0.0,16.0,16.0,0.0,0.000203177525,0.000203177525,0.0,0.004651317011228462,0.004651317011228462,0.0,11.14198573637825,11.14198573637825,0.0,2195456.0,2195456.0,0.0,163840.0,163840.0,0.0,0.3028095733610822,0.3028095733610822,0.0,0.0,True
GEMM,comm-only,B-2-v4-ablation,D:\HNOCS\out\experimental results\B-2-v4-ablation\comm-only\seed_47\gen_60\gemm\metrics.json,9.93421735578005,9.93421735578005,0.0,2.1434761400252804,2.1434761400252804,0.0,6.0,6.0,0.0,0.000120405,0.000120405,0.0,0.0015708734939939562,0.0015708734939939562,0.0,1.8350526805555563,1.8350526805555563,0.0,104448.0,104448.0,0.0,22528.0,22528.0,0.0,0.9202539178734378,0.9202539178734378,0.0,0.0,True
MPEG4,comm-only,B-2-v4-ablation,D:\HNOCS\out\experimental results\B-2-v4-ablation\comm-only\seed_47\gen_60\mpeg4\metrics.json,9.446638746800033,9.446638746800033,0.0,1.3003837749577485,1.3003837749577485,0.0,2.0,2.0,0.0,0.0001220699,0.0001220699,0.0,0.0011328804365769536,0.0011328804365769536,0.0,0.07168423611111063,0.07168423611111063,0.0,420000.0,420000.0,0.0,88000.0,88000.0,0.0,0.5670623064060744,0.5670623064060744,0.0,0.0,True
VOPD,comm-only,B-2-v4-ablation,D:\HNOCS\out\experimental results\B-2-v4-ablation\comm-only\seed_47\gen_60\vopd\metrics.json,7.222719212610002,7.222719212610002,0.0,0.9870939912641029,0.9870939912641029,0.0,0.0,0.0,0.0,8.93329e-05,8.93329e-05,0.0,0.0007507385223064374,0.0007507385223064374,0.0,0.0,0.0,0.0,1396000.0,1396000.0,0.0,252000.0,252000.0,0.0,0.35802469135802467,0.35802469135802467,0.0,0.0,True
HNN,comm-only,B-2-v4-ablation,D:\HNOCS\out\experimental results\B-2-v4-ablation\comm-only\seed_47\gen_60\hnn\metrics.json,10.667576241619997,10.667576241619997,0.0,2.454372247071413,2.454372247071413,0.0,16.0,16.0,0.0,0.000203177525,0.000203177525,0.0,0.004651317011228462,0.004651317011228462,0.0,11.14198573637825,11.14198573637825,0.0,2195456.0,2195456.0,0.0,163840.0,163840.0,0.0,0.3028095733610822,0.3028095733610822,0.0,0.0,True
GEMM,comm-only,B-2-v4-ablation,D:\HNOCS\out\experimental results\B-2-v4-ablation\comm-only\seed_48\gen_60\gemm\metrics.json,9.93421735578005,9.93421735578005,0.0,2.1434761400252804,2.1434761400252804,0.0,6.0,6.0,0.0,0.000120405,0.000120405,0.0,0.0015708734939939562,0.0015708734939939562,0.0,1.8350526805555563,1.8350526805555563,0.0,104448.0,104448.0,0.0,22528.0,22528.0,0.0,0.9202539178734378,0.9202539178734378,0.0,0.0,True
MPEG4,comm-only,B-2-v4-ablation,D:\HNOCS\out\experimental results\B-2-v4-ablation\comm-only\seed_48\gen_60\mpeg4\metrics.json,9.446638746800033,9.446638746800033,0.0,1.3003837749577485,1.3003837749577485,0.0,2.0,2.0,0.0,0.0001220699,0.0001220699,0.0,0.0011328804365769536,0.0011328804365769536,0.0,0.07168423611111063,0.07168423611111063,0.0,420000.0,420000.0,0.0,88000.0,88000.0,0.0,0.5670623064060744,0.5670623064060744,0.0,0.0,True
VOPD,comm-only,B-2-v4-ablation,D:\HNOCS\out\experimental results\B-2-v4-ablation\comm-only\seed_48\gen_60\vopd\metrics.json,7.222719212610002,7.222719212610002,0.0,0.9870939912641029,0.9870939912641029,0.0,0.0,0.0,0.0,8.93329e-05,8.93329e-05,0.0,0.0007507385223064374,0.0007507385223064374,0.0,0.0,0.0,0.0,1396000.0,1396000.0,0.0,252000.0,252000.0,0.0,0.35802469135802467,0.35802469135802467,0.0,0.0,True
HNN,comm-only,B-2-v4-ablation,D:\HNOCS\out\experimental results\B-2-v4-ablation\comm-only\seed_48\gen_60\hnn\metrics.json,10.667576241619997,10.667576241619997,0.0,2.454372247071413,2.454372247071413,0.0,16.0,16.0,0.0,0.000203177525,0.000203177525,0.0,0.004651317011228462,0.004651317011228462,0.0,11.14198573637825,11.14198573637825,0.0,2195456.0,2195456.0,0.0,163840.0,163840.0,0.0,0.3028095733610822,0.3028095733610822,0.0,0.0,True
GEMM,comm-only,B-2-v4-ablation,D:\HNOCS\out\experimental results\B-2-v4-ablation\comm-only\seed_49\gen_60\gemm\metrics.json,9.93421735578005,9.93421735578005,0.0,2.1434761400252804,2.1434761400252804,0.0,6.0,6.0,0.0,0.000120405,0.000120405,0.0,0.0015708734939939562,0.0015708734939939562,0.0,1.8350526805555563,1.8350526805555563,0.0,104448.0,104448.0,0.0,22528.0,22528.0,0.0,0.9202539178734378,0.9202539178734378,0.0,0.0,True
MPEG4,comm-only,B-2-v4-ablation,D:\HNOCS\out\experimental results\B-2-v4-ablation\comm-only\seed_49\gen_60\mpeg4\metrics.json,9.446638746800033,9.446638746800033,0.0,1.3003837749577485,1.3003837749577485,0.0,2.0,2.0,0.0,0.0001220699,0.0001220699,0.0,0.0011328804365769536,0.0011328804365769536,0.0,0.07168423611111063,0.07168423611111063,0.0,420000.0,420000.0,0.0,88000.0,88000.0,0.0,0.5670623064060744,0.5670623064060744,0.0,0.0,True
VOPD,comm-only,B-2-v4-ablation,D:\HNOCS\out\experimental results\B-2-v4-ablation\comm-only\seed_49\gen_60\vopd\metrics.json,7.222719212610002,7.222719212610002,0.0,0.9870939912641029,0.9870939912641029,0.0,0.0,0.0,0.0,8.93329e-05,8.93329e-05,0.0,0.0007507385223064374,0.0007507385223064374,0.0,0.0,0.0,0.0,1396000.0,1396000.0,0.0,252000.0,252000.0,0.0,0.35802469135802467,0.35802469135802467,0.0,0.0,True
HNN,comm-only,B-2-v4-ablation,D:\HNOCS\out\experimental results\B-2-v4-ablation\comm-only\seed_49\gen_60\hnn\metrics.json,10.667576241619997,10.667576241619997,0.0,2.454372247071413,2.454372247071413,0.0,16.0,16.0,0.0,0.000203177525,0.000203177525,0.0,0.004651317011228462,0.004651317011228462,0.0,11.14198573637825,11.14198573637825,0.0,2195456.0,2195456.0,0.0,163840.0,163840.0,0.0,0.3028095733610822,0.3028095733610822,0.0,0.0,True
GEMM,wout-thermal,B-2-v4-ablation,D:\HNOCS\out\experimental results\B-2-v4-ablation\wout-thermal\seed_40\gen_60\gemm\metrics.json,9.93421735578005,9.93421735578005,0.0,2.1434761400252804,2.1434761400252804,0.0,6.0,6.0,0.0,0.000120405,0.000120405,0.0,0.0015708734939939562,0.0015708734939939562,0.0,1.8350526805555563,1.8350526805555563,0.0,104448.0,104448.0,0.0,22528.0,22528.0,0.0,0.9202539178734378,0.9202539178734378,0.0,0.0,True
MPEG4,wout-thermal,B-2-v4-ablation,D:\HNOCS\out\experimental results\B-2-v4-ablation\wout-thermal\seed_40\gen_60\mpeg4\metrics.json,9.446638746800033,9.446638746800033,0.0,1.3003837749577485,1.3003837749577485,0.0,2.0,2.0,0.0,0.0001220699,0.0001220699,0.0,0.0011328804365769536,0.0011328804365769536,0.0,0.07168423611111063,0.07168423611111063,0.0,420000.0,420000.0,0.0,88000.0,88000.0,0.0,0.5670623064060744,0.5670623064060744,0.0,0.0,True
VOPD,wout-thermal,B-2-v4-ablation,D:\HNOCS\out\experimental results\B-2-v4-ablation\wout-thermal\seed_40\gen_60\vopd\metrics.json,7.222719212610002,7.222719212610002,0.0,0.9870939912641029,0.9870939912641029,0.0,0.0,0.0,0.0,8.93329e-05,8.93329e-05,0.0,0.0007507385223064374,0.0007507385223064374,0.0,0.0,0.0,0.0,1396000.0,1396000.0,0.0,252000.0,252000.0,0.0,0.35802469135802467,0.35802469135802467,0.0,0.0,True
HNN,wout-thermal,B-2-v4-ablation,D:\HNOCS\out\experimental results\B-2-v4-ablation\wout-thermal\seed_40\gen_60\hnn\metrics.json,10.667576241619997,10.667576241619997,0.0,2.454372247071413,2.454372247071413,0.0,16.0,16.0,0.0,0.000203177525,0.000203177525,0.0,0.004651317011228462,0.004651317011228462,0.0,11.14198573637825,11.14198573637825,0.0,2195456.0,2195456.0,0.0,163840.0,163840.0,0.0,0.3028095733610822,0.3028095733610822,0.0,0.0,True
GEMM,wout-thermal,B-2-v4-ablation,D:\HNOCS\out\experimental results\B-2-v4-ablation\wout-thermal\seed_41\gen_60\gemm\metrics.json,9.93421735578005,9.93421735578005,0.0,2.1434761400252804,2.1434761400252804,0.0,6.0,6.0,0.0,0.000120405,0.000120405,0.0,0.0015708734939939562,0.0015708734939939562,0.0,1.8350526805555563,1.8350526805555563,0.0,104448.0,104448.0,0.0,22528.0,22528.0,0.0,0.9202539178734378,0.9202539178734378,0.0,0.0,True
MPEG4,wout-thermal,B-2-v4-ablation,D:\HNOCS\out\experimental results\B-2-v4-ablation\wout-thermal\seed_41\gen_60\mpeg4\metrics.json,9.446638746800033,9.446638746800033,0.0,1.3003837749577485,1.3003837749577485,0.0,2.0,2.0,0.0,0.0001220699,0.0001220699,0.0,0.0011328804365769536,0.0011328804365769536,0.0,0.07168423611111063,0.07168423611111063,0.0,420000.0,420000.0,0.0,88000.0,88000.0,0.0,0.5670623064060744,0.5670623064060744,0.0,0.0,True
VOPD,wout-thermal,B-2-v4-ablation,D:\HNOCS\out\experimental results\B-2-v4-ablation\wout-thermal\seed_41\gen_60\vopd\metrics.json,7.222719212610002,7.222719212610002,0.0,0.9870939912641029,0.9870939912641029,0.0,0.0,0.0,0.0,8.93329e-05,8.93329e-05,0.0,0.0007507385223064374,0.0007507385223064374,0.0,0.0,0.0,0.0,1396000.0,1396000.0,0.0,252000.0,252000.0,0.0,0.35802469135802467,0.35802469135802467,0.0,0.0,True
HNN,wout-thermal,B-2-v4-ablation,D:\HNOCS\out\experimental results\B-2-v4-ablation\wout-thermal\seed_41\gen_60\hnn\metrics.json,10.667576241619997,10.667576241619997,0.0,2.454372247071413,2.454372247071413,0.0,16.0,16.0,0.0,0.000203177525,0.000203177525,0.0,0.004651317011228462,0.004651317011228462,0.0,11.14198573637825,11.14198573637825,0.0,2195456.0,2195456.0,0.0,163840.0,163840.0,0.0,0.3028095733610822,0.3028095733610822,0.0,0.0,True
GEMM,wout-thermal,B-2-v4-ablation,D:\HNOCS\out\experimental results\B-2-v4-ablation\wout-thermal\seed_42\gen_60\gemm\metrics.json,9.93421735578005,9.93421735578005,0.0,2.1434761400252804,2.1434761400252804,0.0,6.0,6.0,0.0,0.000120405,0.000120405,0.0,0.0015708734939939562,0.0015708734939939562,0.0,1.8350526805555563,1.8350526805555563,0.0,104448.0,104448.0,0.0,22528.0,22528.0,0.0,0.9202539178734378,0.9202539178734378,0.0,0.0,True
MPEG4,wout-thermal,B-2-v4-ablation,D:\HNOCS\out\experimental results\B-2-v4-ablation\wout-thermal\seed_42\gen_60\mpeg4\metrics.json,9.446638746800033,9.446638746800033,0.0,1.3003837749577485,1.3003837749577485,0.0,2.0,2.0,0.0,0.0001220699,0.0001220699,0.0,0.0011328804365769536,0.0011328804365769536,0.0,0.07168423611111063,0.07168423611111063,0.0,420000.0,420000.0,0.0,88000.0,88000.0,0.0,0.5670623064060744,0.5670623064060744,0.0,0.0,True
VOPD,wout-thermal,B-2-v4-ablation,D:\HNOCS\out\experimental results\B-2-v4-ablation\wout-thermal\seed_42\gen_60\vopd\metrics.json,7.222719212610002,7.222719212610002,0.0,0.9870939912641029,0.9870939912641029,0.0,0.0,0.0,0.0,8.93329e-05,8.93329e-05,0.0,0.0007507385223064374,0.0007507385223064374,0.0,0.0,0.0,0.0,1396000.0,1396000.0,0.0,252000.0,252000.0,0.0,0.35802469135802467,0.35802469135802467,0.0,0.0,True
HNN,wout-thermal,B-2-v4-ablation,D:\HNOCS\out\experimental results\B-2-v4-ablation\wout-thermal\seed_42\gen_60\hnn\metrics.json,10.667576241619997,10.667576241619997,0.0,2.454372247071413,2.454372247071413,0.0,16.0,16.0,0.0,0.000203177525,0.000203177525,0.0,0.004651317011228462,0.004651317011228462,0.0,11.14198573637825,11.14198573637825,0.0,2195456.0,2195456.0,0.0,163840.0,163840.0,0.0,0.3028095733610822,0.3028095733610822,0.0,0.0,True
GEMM,wout-thermal,B-2-v4-ablation,D:\HNOCS\out\experimental results\B-2-v4-ablation\wout-thermal\seed_43\gen_60\gemm\metrics.json,9.93421735578005,9.93421735578005,0.0,2.1434761400252804,2.1434761400252804,0.0,6.0,6.0,0.0,0.000120405,0.000120405,0.0,0.0015708734939939562,0.0015708734939939562,0.0,1.8350526805555563,1.8350526805555563,0.0,104448.0,104448.0,0.0,22528.0,22528.0,0.0,0.9202539178734378,0.9202539178734378,0.0,0.0,True
MPEG4,wout-thermal,B-2-v4-ablation,D:\HNOCS\out\experimental results\B-2-v4-ablation\wout-thermal\seed_43\gen_60\mpeg4\metrics.json,9.446638746800033,9.446638746800033,0.0,1.3003837749577485,1.3003837749577485,0.0,2.0,2.0,0.0,0.0001220699,0.0001220699,0.0,0.0011328804365769536,0.0011328804365769536,0.0,0.07168423611111063,0.07168423611111063,0.0,420000.0,420000.0,0.0,88000.0,88000.0,0.0,0.5670623064060744,0.5670623064060744,0.0,0.0,True
VOPD,wout-thermal,B-2-v4-ablation,D:\HNOCS\out\experimental results\B-2-v4-ablation\wout-thermal\seed_43\gen_60\vopd\metrics.json,7.222719212610002,7.222719212610002,0.0,0.9870939912641029,0.9870939912641029,0.0,0.0,0.0,0.0,8.93329e-05,8.93329e-05,0.0,0.0007507385223064374,0.0007507385223064374,0.0,0.0,0.0,0.0,1396000.0,1396000.0,0.0,252000.0,252000.0,0.0,0.35802469135802467,0.35802469135802467,0.0,0.0,True
HNN,wout-thermal,B-2-v4-ablation,D:\HNOCS\out\experimental results\B-2-v4-ablation\wout-thermal\seed_43\gen_60\hnn\metrics.json,10.667576241619997,10.667576241619997,0.0,2.454372247071413,2.454372247071413,0.0,16.0,16.0,0.0,0.000203177525,0.000203177525,0.0,0.004651317011228462,0.004651317011228462,0.0,11.14198573637825,11.14198573637825,0.0,2195456.0,2195456.0,0.0,163840.0,163840.0,0.0,0.3028095733610822,0.3028095733610822,0.0,0.0,True
GEMM,wout-thermal,B-2-v4-ablation,D:\HNOCS\out\experimental results\B-2-v4-ablation\wout-thermal\seed_44\gen_60\gemm\metrics.json,9.93421735578005,9.93421735578005,0.0,2.1434761400252804,2.1434761400252804,0.0,6.0,6.0,0.0,0.000120405,0.000120405,0.0,0.0015708734939939562,0.0015708734939939562,0.0,1.8350526805555563,1.8350526805555563,0.0,104448.0,104448.0,0.0,22528.0,22528.0,0.0,0.9202539178734378,0.9202539178734378,0.0,0.0,True
MPEG4,wout-thermal,B-2-v4-ablation,D:\HNOCS\out\experimental results\B-2-v4-ablation\wout-thermal\seed_44\gen_60\mpeg4\metrics.json,9.446638746800033,9.446638746800033,0.0,1.3003837749577485,1.3003837749577485,0.0,2.0,2.0,0.0,0.0001220699,0.0001220699,0.0,0.0011328804365769536,0.0011328804365769536,0.0,0.07168423611111063,0.07168423611111063,0.0,420000.0,420000.0,0.0,88000.0,88000.0,0.0,0.5670623064060744,0.5670623064060744,0.0,0.0,True
VOPD,wout-thermal,B-2-v4-ablation,D:\HNOCS\out\experimental results\B-2-v4-ablation\wout-thermal\seed_44\gen_60\vopd\metrics.json,7.222719212610002,7.222719212610002,0.0,0.9870939912641029,0.9870939912641029,0.0,0.0,0.0,0.0,8.93329e-05,8.93329e-05,0.0,0.0007507385223064374,0.0007507385223064374,0.0,0.0,0.0,0.0,1396000.0,1396000.0,0.0,252000.0,252000.0,0.0,0.35802469135802467,0.35802469135802467,0.0,0.0,True
HNN,wout-thermal,B-2-v4-ablation,D:\HNOCS\out\experimental results\B-2-v4-ablation\wout-thermal\seed_44\gen_60\hnn\metrics.json,10.667576241619997,10.667576241619997,0.0,2.454372247071413,2.454372247071413,0.0,16.0,16.0,0.0,0.000203177525,0.000203177525,0.0,0.004651317011228462,0.004651317011228462,0.0,11.14198573637825,11.14198573637825,0.0,2195456.0,2195456.0,0.0,163840.0,163840.0,0.0,0.3028095733610822,0.3028095733610822,0.0,0.0,True
GEMM,wout-thermal,B-2-v4-ablation,D:\HNOCS\out\experimental results\B-2-v4-ablation\wout-thermal\seed_45\gen_60\gemm\metrics.json,9.93421735578005,9.93421735578005,0.0,2.1434761400252804,2.1434761400252804,0.0,6.0,6.0,0.0,0.000120405,0.000120405,0.0,0.0015708734939939562,0.0015708734939939562,0.0,1.8350526805555563,1.8350526805555563,0.0,104448.0,104448.0,0.0,22528.0,22528.0,0.0,0.9202539178734378,0.9202539178734378,0.0,0.0,True
MPEG4,wout-thermal,B-2-v4-ablation,D:\HNOCS\out\experimental results\B-2-v4-ablation\wout-thermal\seed_45\gen_60\mpeg4\metrics.json,9.446638746800033,9.446638746800033,0.0,1.3003837749577485,1.3003837749577485,0.0,2.0,2.0,0.0,0.0001220699,0.0001220699,0.0,0.0011328804365769536,0.0011328804365769536,0.0,0.07168423611111063,0.07168423611111063,0.0,420000.0,420000.0,0.0,88000.0,88000.0,0.0,0.5670623064060744,0.5670623064060744,0.0,0.0,True
VOPD,wout-thermal,B-2-v4-ablation,D:\HNOCS\out\experimental results\B-2-v4-ablation\wout-thermal\seed_45\gen_60\vopd\metrics.json,7.222719212610002,7.222719212610002,0.0,0.9870939912641029,0.9870939912641029,0.0,0.0,0.0,0.0,8.93329e-05,8.93329e-05,0.0,0.0007507385223064374,0.0007507385223064374,0.0,0.0,0.0,0.0,1396000.0,1396000.0,0.0,252000.0,252000.0,0.0,0.35802469135802467,0.35802469135802467,0.0,0.0,True
HNN,wout-thermal,B-2-v4-ablation,D:\HNOCS\out\experimental results\B-2-v4-ablation\wout-thermal\seed_45\gen_60\hnn\metrics.json,10.667576241619997,10.667576241619997,0.0,2.454372247071413,2.454372247071413,0.0,16.0,16.0,0.0,0.000203177525,0.000203177525,0.0,0.004651317011228462,0.004651317011228462,0.0,11.14198573637825,11.14198573637825,0.0,2195456.0,2195456.0,0.0,163840.0,163840.0,0.0,0.3028095733610822,0.3028095733610822,0.0,0.0,True
GEMM,wout-thermal,B-2-v4-ablation,D:\HNOCS\out\experimental results\B-2-v4-ablation\wout-thermal\seed_46\gen_60\gemm\metrics.json,9.93421735578005,9.93421735578005,0.0,2.1434761400252804,2.1434761400252804,0.0,6.0,6.0,0.0,0.000120405,0.000120405,0.0,0.0015708734939939562,0.0015708734939939562,0.0,1.8350526805555563,1.8350526805555563,0.0,104448.0,104448.0,0.0,22528.0,22528.0,0.0,0.9202539178734378,0.9202539178734378,0.0,0.0,True
MPEG4,wout-thermal,B-2-v4-ablation,D:\HNOCS\out\experimental results\B-2-v4-ablation\wout-thermal\seed_46\gen_60\mpeg4\metrics.json,9.446638746800033,9.446638746800033,0.0,1.3003837749577485,1.3003837749577485,0.0,2.0,2.0,0.0,0.0001220699,0.0001220699,0.0,0.0011328804365769536,0.0011328804365769536,0.0,0.07168423611111063,0.07168423611111063,0.0,420000.0,420000.0,0.0,88000.0,88000.0,0.0,0.5670623064060744,0.5670623064060744,0.0,0.0,True
VOPD,wout-thermal,B-2-v4-ablation,D:\HNOCS\out\experimental results\B-2-v4-ablation\wout-thermal\seed_46\gen_60\vopd\metrics.json,7.222719212610002,7.222719212610002,0.0,0.9870939912641029,0.9870939912641029,0.0,0.0,0.0,0.0,8.93329e-05,8.93329e-05,0.0,0.0007507385223064374,0.0007507385223064374,0.0,0.0,0.0,0.0,1396000.0,1396000.0,0.0,252000.0,252000.0,0.0,0.35802469135802467,0.35802469135802467,0.0,0.0,True
HNN,wout-thermal,B-2-v4-ablation,D:\HNOCS\out\experimental results\B-2-v4-ablation\wout-thermal\seed_46\gen_60\hnn\metrics.json,10.667576241619997,10.667576241619997,0.0,2.454372247071413,2.454372247071413,0.0,16.0,16.0,0.0,0.000203177525,0.000203177525,0.0,0.004651317011228462,0.004651317011228462,0.0,11.14198573637825,11.14198573637825,0.0,2195456.0,2195456.0,0.0,163840.0,163840.0,0.0,0.3028095733610822,0.3028095733610822,0.0,0.0,True
GEMM,wout-thermal,B-2-v4-ablation,D:\HNOCS\out\experimental results\B-2-v4-ablation\wout-thermal\seed_47\gen_60\gemm\metrics.json,9.93421735578005,9.93421735578005,0.0,2.1434761400252804,2.1434761400252804,0.0,6.0,6.0,0.0,0.000120405,0.000120405,0.0,0.0015708734939939562,0.0015708734939939562,0.0,1.8350526805555563,1.8350526805555563,0.0,104448.0,104448.0,0.0,22528.0,22528.0,0.0,0.9202539178734378,0.9202539178734378,0.0,0.0,True
MPEG4,wout-thermal,B-2-v4-ablation,D:\HNOCS\out\experimental results\B-2-v4-ablation\wout-thermal\seed_47\gen_60\mpeg4\metrics.json,9.446638746800033,9.446638746800033,0.0,1.3003837749577485,1.3003837749577485,0.0,2.0,2.0,0.0,0.0001220699,0.0001220699,0.0,0.0011328804365769536,0.0011328804365769536,0.0,0.07168423611111063,0.07168423611111063,0.0,420000.0,420000.0,0.0,88000.0,88000.0,0.0,0.5670623064060744,0.5670623064060744,0.0,0.0,True
VOPD,wout-thermal,B-2-v4-ablation,D:\HNOCS\out\experimental results\B-2-v4-ablation\wout-thermal\seed_47\gen_60\vopd\metrics.json,7.222719212610002,7.222719212610002,0.0,0.9870939912641029,0.9870939912641029,0.0,0.0,0.0,0.0,8.93329e-05,8.93329e-05,0.0,0.0007507385223064374,0.0007507385223064374,0.0,0.0,0.0,0.0,1396000.0,1396000.0,0.0,252000.0,252000.0,0.0,0.35802469135802467,0.35802469135802467,0.0,0.0,True
HNN,wout-thermal,B-2-v4-ablation,D:\HNOCS\out\experimental results\B-2-v4-ablation\wout-thermal\seed_47\gen_60\hnn\metrics.json,10.667576241619997,10.667576241619997,0.0,2.454372247071413,2.454372247071413,0.0,16.0,16.0,0.0,0.000203177525,0.000203177525,0.0,0.004651317011228462,0.004651317011228462,0.0,11.14198573637825,11.14198573637825,0.0,2195456.0,2195456.0,0.0,163840.0,163840.0,0.0,0.3028095733610822,0.3028095733610822,0.0,0.0,True
GEMM,wout-thermal,B-2-v4-ablation,D:\HNOCS\out\experimental results\B-2-v4-ablation\wout-thermal\seed_48\gen_60\gemm\metrics.json,9.93421735578005,9.93421735578005,0.0,2.1434761400252804,2.1434761400252804,0.0,6.0,6.0,0.0,0.000120405,0.000120405,0.0,0.0015708734939939562,0.0015708734939939562,0.0,1.8350526805555563,1.8350526805555563,0.0,104448.0,104448.0,0.0,22528.0,22528.0,0.0,0.9202539178734378,0.9202539178734378,0.0,0.0,True
MPEG4,wout-thermal,B-2-v4-ablation,D:\HNOCS\out\experimental results\B-2-v4-ablation\wout-thermal\seed_48\gen_60\mpeg4\metrics.json,9.446638746800033,9.446638746800033,0.0,1.3003837749577485,1.3003837749577485,0.0,2.0,2.0,0.0,0.0001220699,0.0001220699,0.0,0.0011328804365769536,0.0011328804365769536,0.0,0.07168423611111063,0.07168423611111063,0.0,420000.0,420000.0,0.0,88000.0,88000.0,0.0,0.5670623064060744,0.5670623064060744,0.0,0.0,True
VOPD,wout-thermal,B-2-v4-ablation,D:\HNOCS\out\experimental results\B-2-v4-ablation\wout-thermal\seed_48\gen_60\vopd\metrics.json,7.222719212610002,7.222719212610002,0.0,0.9870939912641029,0.9870939912641029,0.0,0.0,0.0,0.0,8.93329e-05,8.93329e-05,0.0,0.0007507385223064374,0.0007507385223064374,0.0,0.0,0.0,0.0,1396000.0,1396000.0,0.0,252000.0,252000.0,0.0,0.35802469135802467,0.35802469135802467,0.0,0.0,True
HNN,wout-thermal,B-2-v4-ablation,D:\HNOCS\out\experimental results\B-2-v4-ablation\wout-thermal\seed_48\gen_60\hnn\metrics.json,10.667576241619997,10.667576241619997,0.0,2.454372247071413,2.454372247071413,0.0,16.0,16.0,0.0,0.000203177525,0.000203177525,0.0,0.004651317011228462,0.004651317011228462,0.0,11.14198573637825,11.14198573637825,0.0,2195456.0,2195456.0,0.0,163840.0,163840.0,0.0,0.3028095733610822,0.3028095733610822,0.0,0.0,True
GEMM,wout-thermal,B-2-v4-ablation,D:\HNOCS\out\experimental results\B-2-v4-ablation\wout-thermal\seed_49\gen_60\gemm\metrics.json,9.93421735578005,9.93421735578005,0.0,2.1434761400252804,2.1434761400252804,0.0,6.0,6.0,0.0,0.000120405,0.000120405,0.0,0.0015708734939939562,0.0015708734939939562,0.0,1.8350526805555563,1.8350526805555563,0.0,104448.0,104448.0,0.0,22528.0,22528.0,0.0,0.9202539178734378,0.9202539178734378,0.0,0.0,True
MPEG4,wout-thermal,B-2-v4-ablation,D:\HNOCS\out\experimental results\B-2-v4-ablation\wout-thermal\seed_49\gen_60\mpeg4\metrics.json,9.446638746800033,9.446638746800033,0.0,1.3003837749577485,1.3003837749577485,0.0,2.0,2.0,0.0,0.0001220699,0.0001220699,0.0,0.0011328804365769536,0.0011328804365769536,0.0,0.07168423611111063,0.07168423611111063,0.0,420000.0,420000.0,0.0,88000.0,88000.0,0.0,0.5670623064060744,0.5670623064060744,0.0,0.0,True
VOPD,wout-thermal,B-2-v4-ablation,D:\HNOCS\out\experimental results\B-2-v4-ablation\wout-thermal\seed_49\gen_60\vopd\metrics.json,7.222719212610002,7.222719212610002,0.0,0.9870939912641029,0.9870939912641029,0.0,0.0,0.0,0.0,8.93329e-05,8.93329e-05,0.0,0.0007507385223064374,0.0007507385223064374,0.0,0.0,0.0,0.0,1396000.0,1396000.0,0.0,252000.0,252000.0,0.0,0.35802469135802467,0.35802469135802467,0.0,0.0,True
HNN,wout-thermal,B-2-v4-ablation,D:\HNOCS\out\experimental results\B-2-v4-ablation\wout-thermal\seed_49\gen_60\hnn\metrics.json,10.667576241619997,10.667576241619997,0.0,2.454372247071413,2.454372247071413,0.0,16.0,16.0,0.0,0.000203177525,0.000203177525,0.0,0.004651317011228462,0.004651317011228462,0.0,11.14198573637825,11.14198573637825,0.0,2195456.0,2195456.0,0.0,163840.0,163840.0,0.0,0.3028095733610822,0.3028095733610822,0.0,0.0,True
GEMM,wout-comm,B-2-v4-ablation,D:\HNOCS\out\experimental results\B-2-v4-ablation\wout-comm\seed_40\gen_60\gemm\metrics.json,9.93421735578005,9.93421735578005,0.0,2.1434761400252804,2.1434761400252804,0.0,6.0,6.0,0.0,0.000120405,0.000120405,0.0,0.0015708734939939562,0.0015708734939939562,0.0,1.8350526805555563,1.8350526805555563,0.0,104448.0,104448.0,0.0,22528.0,22528.0,0.0,0.9202539178734378,0.9202539178734378,0.0,0.0,True
MPEG4,wout-comm,B-2-v4-ablation,D:\HNOCS\out\experimental results\B-2-v4-ablation\wout-comm\seed_40\gen_60\mpeg4\metrics.json,9.446638746800033,9.446638746800033,0.0,1.3003837749577485,1.3003837749577485,0.0,2.0,2.0,0.0,0.0001220699,0.0001220699,0.0,0.0011328804365769536,0.0011328804365769536,0.0,0.07168423611111063,0.07168423611111063,0.0,420000.0,420000.0,0.0,88000.0,88000.0,0.0,0.5670623064060744,0.5670623064060744,0.0,0.0,True
VOPD,wout-comm,B-2-v4-ablation,D:\HNOCS\out\experimental results\B-2-v4-ablation\wout-comm\seed_40\gen_60\vopd\metrics.json,7.222719212610002,7.222719212610002,0.0,0.9870939912641029,0.9870939912641029,0.0,0.0,0.0,0.0,8.93329e-05,8.93329e-05,0.0,0.0007507385223064374,0.0007507385223064374,0.0,0.0,0.0,0.0,1396000.0,1396000.0,0.0,252000.0,252000.0,0.0,0.35802469135802467,0.35802469135802467,0.0,0.0,True
HNN,wout-comm,B-2-v4-ablation,D:\HNOCS\out\experimental results\B-2-v4-ablation\wout-comm\seed_40\gen_60\hnn\metrics.json,10.667576241619997,10.667576241619997,0.0,2.454372247071413,2.454372247071413,0.0,16.0,16.0,0.0,0.000203177525,0.000203177525,0.0,0.004651317011228462,0.004651317011228462,0.0,11.14198573637825,11.14198573637825,0.0,2195456.0,2195456.0,0.0,163840.0,163840.0,0.0,0.3028095733610822,0.3028095733610822,0.0,0.0,True
GEMM,wout-comm,B-2-v4-ablation,D:\HNOCS\out\experimental results\B-2-v4-ablation\wout-comm\seed_41\gen_60\gemm\metrics.json,9.93421735578005,9.93421735578005,0.0,2.1434761400252804,2.1434761400252804,0.0,6.0,6.0,0.0,0.000120405,0.000120405,0.0,0.0015708734939939562,0.0015708734939939562,0.0,1.8350526805555563,1.8350526805555563,0.0,104448.0,104448.0,0.0,22528.0,22528.0,0.0,0.9202539178734378,0.9202539178734378,0.0,0.0,True
MPEG4,wout-comm,B-2-v4-ablation,D:\HNOCS\out\experimental results\B-2-v4-ablation\wout-comm\seed_41\gen_60\mpeg4\metrics.json,9.446638746800033,9.446638746800033,0.0,1.3003837749577485,1.3003837749577485,0.0,2.0,2.0,0.0,0.0001220699,0.0001220699,0.0,0.0011328804365769536,0.0011328804365769536,0.0,0.07168423611111063,0.07168423611111063,0.0,420000.0,420000.0,0.0,88000.0,88000.0,0.0,0.5670623064060744,0.5670623064060744,0.0,0.0,True
VOPD,wout-comm,B-2-v4-ablation,D:\HNOCS\out\experimental results\B-2-v4-ablation\wout-comm\seed_41\gen_60\vopd\metrics.json,7.222719212610002,7.222719212610002,0.0,0.9870939912641029,0.9870939912641029,0.0,0.0,0.0,0.0,8.93329e-05,8.93329e-05,0.0,0.0007507385223064374,0.0007507385223064374,0.0,0.0,0.0,0.0,1396000.0,1396000.0,0.0,252000.0,252000.0,0.0,0.35802469135802467,0.35802469135802467,0.0,0.0,True
HNN,wout-comm,B-2-v4-ablation,D:\HNOCS\out\experimental results\B-2-v4-ablation\wout-comm\seed_41\gen_60\hnn\metrics.json,10.667576241619997,10.667576241619997,0.0,2.454372247071413,2.454372247071413,0.0,16.0,16.0,0.0,0.000203177525,0.000203177525,0.0,0.004651317011228462,0.004651317011228462,0.0,11.14198573637825,11.14198573637825,0.0,2195456.0,2195456.0,0.0,163840.0,163840.0,0.0,0.3028095733610822,0.3028095733610822,0.0,0.0,True
GEMM,wout-comm,B-2-v4-ablation,D:\HNOCS\out\experimental results\B-2-v4-ablation\wout-comm\seed_42\gen_60\gemm\metrics.json,9.93421735578005,9.93421735578005,0.0,2.1434761400252804,2.1434761400252804,0.0,6.0,6.0,0.0,0.000120405,0.000120405,0.0,0.0015708734939939562,0.0015708734939939562,0.0,1.8350526805555563,1.8350526805555563,0.0,104448.0,104448.0,0.0,22528.0,22528.0,0.0,0.9202539178734378,0.9202539178734378,0.0,0.0,True
MPEG4,wout-comm,B-2-v4-ablation,D:\HNOCS\out\experimental results\B-2-v4-ablation\wout-comm\seed_42\gen_60\mpeg4\metrics.json,9.446638746800033,9.446638746800033,0.0,1.3003837749577485,1.3003837749577485,0.0,2.0,2.0,0.0,0.0001220699,0.0001220699,0.0,0.0011328804365769536,0.0011328804365769536,0.0,0.07168423611111063,0.07168423611111063,0.0,420000.0,420000.0,0.0,88000.0,88000.0,0.0,0.5670623064060744,0.5670623064060744,0.0,0.0,True
VOPD,wout-comm,B-2-v4-ablation,D:\HNOCS\out\experimental results\B-2-v4-ablation\wout-comm\seed_42\gen_60\vopd\metrics.json,7.222719212610002,7.222719212610002,0.0,0.9870939912641029,0.9870939912641029,0.0,0.0,0.0,0.0,8.93329e-05,8.93329e-05,0.0,0.0007507385223064374,0.0007507385223064374,0.0,0.0,0.0,0.0,1396000.0,1396000.0,0.0,252000.0,252000.0,0.0,0.35802469135802467,0.35802469135802467,0.0,0.0,True
HNN,wout-comm,B-2-v4-ablation,D:\HNOCS\out\experimental results\B-2-v4-ablation\wout-comm\seed_42\gen_60\hnn\metrics.json,10.667576241619997,10.667576241619997,0.0,2.454372247071413,2.454372247071413,0.0,16.0,16.0,0.0,0.000203177525,0.000203177525,0.0,0.004651317011228462,0.004651317011228462,0.0,11.14198573637825,11.14198573637825,0.0,2195456.0,2195456.0,0.0,163840.0,163840.0,0.0,0.3028095733610822,0.3028095733610822,0.0,0.0,True
GEMM,wout-comm,B-2-v4-ablation,D:\HNOCS\out\experimental results\B-2-v4-ablation\wout-comm\seed_43\gen_60\gemm\metrics.json,9.93421735578005,9.93421735578005,0.0,2.1434761400252804,2.1434761400252804,0.0,6.0,6.0,0.0,0.000120405,0.000120405,0.0,0.0015708734939939562,0.0015708734939939562,0.0,1.8350526805555563,1.8350526805555563,0.0,104448.0,104448.0,0.0,22528.0,22528.0,0.0,0.9202539178734378,0.9202539178734378,0.0,0.0,True
MPEG4,wout-comm,B-2-v4-ablation,D:\HNOCS\out\experimental results\B-2-v4-ablation\wout-comm\seed_43\gen_60\mpeg4\metrics.json,9.446638746800033,9.446638746800033,0.0,1.3003837749577485,1.3003837749577485,0.0,2.0,2.0,0.0,0.0001220699,0.0001220699,0.0,0.0011328804365769536,0.0011328804365769536,0.0,0.07168423611111063,0.07168423611111063,0.0,420000.0,420000.0,0.0,88000.0,88000.0,0.0,0.5670623064060744,0.5670623064060744,0.0,0.0,True
VOPD,wout-comm,B-2-v4-ablation,D:\HNOCS\out\experimental results\B-2-v4-ablation\wout-comm\seed_43\gen_60\vopd\metrics.json,7.222719212610002,7.222719212610002,0.0,0.9870939912641029,0.9870939912641029,0.0,0.0,0.0,0.0,8.93329e-05,8.93329e-05,0.0,0.0007507385223064374,0.0007507385223064374,0.0,0.0,0.0,0.0,1396000.0,1396000.0,0.0,252000.0,252000.0,0.0,0.35802469135802467,0.35802469135802467,0.0,0.0,True
HNN,wout-comm,B-2-v4-ablation,D:\HNOCS\out\experimental results\B-2-v4-ablation\wout-comm\seed_43\gen_60\hnn\metrics.json,10.667576241619997,10.667576241619997,0.0,2.454372247071413,2.454372247071413,0.0,16.0,16.0,0.0,0.000203177525,0.000203177525,0.0,0.004651317011228462,0.004651317011228462,0.0,11.14198573637825,11.14198573637825,0.0,2195456.0,2195456.0,0.0,163840.0,163840.0,0.0,0.3028095733610822,0.3028095733610822,0.0,0.0,True
GEMM,wout-comm,B-2-v4-ablation,D:\HNOCS\out\experimental results\B-2-v4-ablation\wout-comm\seed_44\gen_60\gemm\metrics.json,9.93421735578005,9.93421735578005,0.0,2.1434761400252804,2.1434761400252804,0.0,6.0,6.0,0.0,0.000120405,0.000120405,0.0,0.0015708734939939562,0.0015708734939939562,0.0,1.8350526805555563,1.8350526805555563,0.0,104448.0,104448.0,0.0,22528.0,22528.0,0.0,0.9202539178734378,0.9202539178734378,0.0,0.0,True
MPEG4,wout-comm,B-2-v4-ablation,D:\HNOCS\out\experimental results\B-2-v4-ablation\wout-comm\seed_44\gen_60\mpeg4\metrics.json,9.446638746800033,9.446638746800033,0.0,1.3003837749577485,1.3003837749577485,0.0,2.0,2.0,0.0,0.0001220699,0.0001220699,0.0,0.0011328804365769536,0.0011328804365769536,0.0,0.07168423611111063,0.07168423611111063,0.0,420000.0,420000.0,0.0,88000.0,88000.0,0.0,0.5670623064060744,0.5670623064060744,0.0,0.0,True
VOPD,wout-comm,B-2-v4-ablation,D:\HNOCS\out\experimental results\B-2-v4-ablation\wout-comm\seed_44\gen_60\vopd\metrics.json,7.222719212610002,7.222719212610002,0.0,0.9870939912641029,0.9870939912641029,0.0,0.0,0.0,0.0,8.93329e-05,8.93329e-05,0.0,0.0007507385223064374,0.0007507385223064374,0.0,0.0,0.0,0.0,1396000.0,1396000.0,0.0,252000.0,252000.0,0.0,0.35802469135802467,0.35802469135802467,0.0,0.0,True
HNN,wout-comm,B-2-v4-ablation,D:\HNOCS\out\experimental results\B-2-v4-ablation\wout-comm\seed_44\gen_60\hnn\metrics.json,10.667576241619997,10.667576241619997,0.0,2.454372247071413,2.454372247071413,0.0,16.0,16.0,0.0,0.000203177525,0.000203177525,0.0,0.004651317011228462,0.004651317011228462,0.0,11.14198573637825,11.14198573637825,0.0,2195456.0,2195456.0,0.0,163840.0,163840.0,0.0,0.3028095733610822,0.3028095733610822,0.0,0.0,True
GEMM,wout-comm,B-2-v4-ablation,D:\HNOCS\out\experimental results\B-2-v4-ablation\wout-comm\seed_45\gen_60\gemm\metrics.json,9.93421735578005,9.93421735578005,0.0,2.1434761400252804,2.1434761400252804,0.0,6.0,6.0,0.0,0.000120405,0.000120405,0.0,0.0015708734939939562,0.0015708734939939562,0.0,1.8350526805555563,1.8350526805555563,0.0,104448.0,104448.0,0.0,22528.0,22528.0,0.0,0.9202539178734378,0.9202539178734378,0.0,0.0,True
MPEG4,wout-comm,B-2-v4-ablation,D:\HNOCS\out\experimental results\B-2-v4-ablation\wout-comm\seed_45\gen_60\mpeg4\metrics.json,9.446638746800033,9.446638746800033,0.0,1.3003837749577485,1.3003837749577485,0.0,2.0,2.0,0.0,0.0001220699,0.0001220699,0.0,0.0011328804365769536,0.0011328804365769536,0.0,0.07168423611111063,0.07168423611111063,0.0,420000.0,420000.0,0.0,88000.0,88000.0,0.0,0.5670623064060744,0.5670623064060744,0.0,0.0,True
VOPD,wout-comm,B-2-v4-ablation,D:\HNOCS\out\experimental results\B-2-v4-ablation\wout-comm\seed_45\gen_60\vopd\metrics.json,7.222719212610002,7.222719212610002,0.0,0.9870939912641029,0.9870939912641029,0.0,0.0,0.0,0.0,8.93329e-05,8.93329e-05,0.0,0.0007507385223064374,0.0007507385223064374,0.0,0.0,0.0,0.0,1396000.0,1396000.0,0.0,252000.0,252000.0,0.0,0.35802469135802467,0.35802469135802467,0.0,0.0,True
HNN,wout-comm,B-2-v4-ablation,D:\HNOCS\out\experimental results\B-2-v4-ablation\wout-comm\seed_45\gen_60\hnn\metrics.json,10.667576241619997,10.667576241619997,0.0,2.454372247071413,2.454372247071413,0.0,16.0,16.0,0.0,0.000203177525,0.000203177525,0.0,0.004651317011228462,0.004651317011228462,0.0,11.14198573637825,11.14198573637825,0.0,2195456.0,2195456.0,0.0,163840.0,163840.0,0.0,0.3028095733610822,0.3028095733610822,0.0,0.0,True
GEMM,wout-comm,B-2-v4-ablation,D:\HNOCS\out\experimental results\B-2-v4-ablation\wout-comm\seed_46\gen_60\gemm\metrics.json,9.93421735578005,9.93421735578005,0.0,2.1434761400252804,2.1434761400252804,0.0,6.0,6.0,0.0,0.000120405,0.000120405,0.0,0.0015708734939939562,0.0015708734939939562,0.0,1.8350526805555563,1.8350526805555563,0.0,104448.0,104448.0,0.0,22528.0,22528.0,0.0,0.9202539178734378,0.9202539178734378,0.0,0.0,True
MPEG4,wout-comm,B-2-v4-ablation,D:\HNOCS\out\experimental results\B-2-v4-ablation\wout-comm\seed_46\gen_60\mpeg4\metrics.json,9.446638746800033,9.446638746800033,0.0,1.3003837749577485,1.3003837749577485,0.0,2.0,2.0,0.0,0.0001220699,0.0001220699,0.0,0.0011328804365769536,0.0011328804365769536,0.0,0.07168423611111063,0.07168423611111063,0.0,420000.0,420000.0,0.0,88000.0,88000.0,0.0,0.5670623064060744,0.5670623064060744,0.0,0.0,True
VOPD,wout-comm,B-2-v4-ablation,D:\HNOCS\out\experimental results\B-2-v4-ablation\wout-comm\seed_46\gen_60\vopd\metrics.json,7.222719212610002,7.222719212610002,0.0,0.9870939912641029,0.9870939912641029,0.0,0.0,0.0,0.0,8.93329e-05,8.93329e-05,0.0,0.0007507385223064374,0.0007507385223064374,0.0,0.0,0.0,0.0,1396000.0,1396000.0,0.0,252000.0,252000.0,0.0,0.35802469135802467,0.35802469135802467,0.0,0.0,True
HNN,wout-comm,B-2-v4-ablation,D:\HNOCS\out\experimental results\B-2-v4-ablation\wout-comm\seed_46\gen_60\hnn\metrics.json,10.667576241619997,10.667576241619997,0.0,2.454372247071413,2.454372247071413,0.0,16.0,16.0,0.0,0.000203177525,0.000203177525,0.0,0.004651317011228462,0.004651317011228462,0.0,11.14198573637825,11.14198573637825,0.0,2195456.0,2195456.0,0.0,163840.0,163840.0,0.0,0.3028095733610822,0.3028095733610822,0.0,0.0,True
GEMM,wout-comm,B-2-v4-ablation,D:\HNOCS\out\experimental results\B-2-v4-ablation\wout-comm\seed_47\gen_60\gemm\metrics.json,9.93421735578005,9.93421735578005,0.0,2.1434761400252804,2.1434761400252804,0.0,6.0,6.0,0.0,0.000120405,0.000120405,0.0,0.0015708734939939562,0.0015708734939939562,0.0,1.8350526805555563,1.8350526805555563,0.0,104448.0,104448.0,0.0,22528.0,22528.0,0.0,0.9202539178734378,0.9202539178734378,0.0,0.0,True
MPEG4,wout-comm,B-2-v4-ablation,D:\HNOCS\out\experimental results\B-2-v4-ablation\wout-comm\seed_47\gen_60\mpeg4\metrics.json,9.446638746800033,9.446638746800033,0.0,1.3003837749577485,1.3003837749577485,0.0,2.0,2.0,0.0,0.0001220699,0.0001220699,0.0,0.0011328804365769536,0.0011328804365769536,0.0,0.07168423611111063,0.07168423611111063,0.0,420000.0,420000.0,0.0,88000.0,88000.0,0.0,0.5670623064060744,0.5670623064060744,0.0,0.0,True
VOPD,wout-comm,B-2-v4-ablation,D:\HNOCS\out\experimental results\B-2-v4-ablation\wout-comm\seed_47\gen_60\vopd\metrics.json,7.222719212610002,7.222719212610002,0.0,0.9870939912641029,0.9870939912641029,0.0,0.0,0.0,0.0,8.93329e-05,8.93329e-05,0.0,0.0007507385223064374,0.0007507385223064374,0.0,0.0,0.0,0.0,1396000.0,1396000.0,0.0,252000.0,252000.0,0.0,0.35802469135802467,0.35802469135802467,0.0,0.0,True
HNN,wout-comm,B-2-v4-ablation,D:\HNOCS\out\experimental results\B-2-v4-ablation\wout-comm\seed_47\gen_60\hnn\metrics.json,10.667576241619997,10.667576241619997,0.0,2.454372247071413,2.454372247071413,0.0,16.0,16.0,0.0,0.000203177525,0.000203177525,0.0,0.004651317011228462,0.004651317011228462,0.0,11.14198573637825,11.14198573637825,0.0,2195456.0,2195456.0,0.0,163840.0,163840.0,0.0,0.3028095733610822,0.3028095733610822,0.0,0.0,True
GEMM,wout-comm,B-2-v4-ablation,D:\HNOCS\out\experimental results\B-2-v4-ablation\wout-comm\seed_48\gen_60\gemm\metrics.json,9.93421735578005,9.93421735578005,0.0,2.1434761400252804,2.1434761400252804,0.0,6.0,6.0,0.0,0.000120405,0.000120405,0.0,0.0015708734939939562,0.0015708734939939562,0.0,1.8350526805555563,1.8350526805555563,0.0,104448.0,104448.0,0.0,22528.0,22528.0,0.0,0.9202539178734378,0.9202539178734378,0.0,0.0,True
MPEG4,wout-comm,B-2-v4-ablation,D:\HNOCS\out\experimental results\B-2-v4-ablation\wout-comm\seed_48\gen_60\mpeg4\metrics.json,9.446638746800033,9.446638746800033,0.0,1.3003837749577485,1.3003837749577485,0.0,2.0,2.0,0.0,0.0001220699,0.0001220699,0.0,0.0011328804365769536,0.0011328804365769536,0.0,0.07168423611111063,0.07168423611111063,0.0,420000.0,420000.0,0.0,88000.0,88000.0,0.0,0.5670623064060744,0.5670623064060744,0.0,0.0,True
VOPD,wout-comm,B-2-v4-ablation,D:\HNOCS\out\experimental results\B-2-v4-ablation\wout-comm\seed_48\gen_60\vopd\metrics.json,7.222719212610002,7.222719212610002,0.0,0.9870939912641029,0.9870939912641029,0.0,0.0,0.0,0.0,8.93329e-05,8.93329e-05,0.0,0.0007507385223064374,0.0007507385223064374,0.0,0.0,0.0,0.0,1396000.0,1396000.0,0.0,252000.0,252000.0,0.0,0.35802469135802467,0.35802469135802467,0.0,0.0,True
HNN,wout-comm,B-2-v4-ablation,D:\HNOCS\out\experimental results\B-2-v4-ablation\wout-comm\seed_48\gen_60\hnn\metrics.json,10.667576241619997,10.667576241619997,0.0,2.454372247071413,2.454372247071413,0.0,16.0,16.0,0.0,0.000203177525,0.000203177525,0.0,0.004651317011228462,0.004651317011228462,0.0,11.14198573637825,11.14198573637825,0.0,2195456.0,2195456.0,0.0,163840.0,163840.0,0.0,0.3028095733610822,0.3028095733610822,0.0,0.0,True
GEMM,wout-comm,B-2-v4-ablation,D:\HNOCS\out\experimental results\B-2-v4-ablation\wout-comm\seed_49\gen_60\gemm\metrics.json,9.93421735578005,9.93421735578005,0.0,2.1434761400252804,2.1434761400252804,0.0,6.0,6.0,0.0,0.000120405,0.000120405,0.0,0.0015708734939939562,0.0015708734939939562,0.0,1.8350526805555563,1.8350526805555563,0.0,104448.0,104448.0,0.0,22528.0,22528.0,0.0,0.9202539178734378,0.9202539178734378,0.0,0.0,True
MPEG4,wout-comm,B-2-v4-ablation,D:\HNOCS\out\experimental results\B-2-v4-ablation\wout-comm\seed_49\gen_60\mpeg4\metrics.json,9.446638746800033,9.446638746800033,0.0,1.3003837749577485,1.3003837749577485,0.0,2.0,2.0,0.0,0.0001220699,0.0001220699,0.0,0.0011328804365769536,0.0011328804365769536,0.0,0.07168423611111063,0.07168423611111063,0.0,420000.0,420000.0,0.0,88000.0,88000.0,0.0,0.5670623064060744,0.5670623064060744,0.0,0.0,True
VOPD,wout-comm,B-2-v4-ablation,D:\HNOCS\out\experimental results\B-2-v4-ablation\wout-comm\seed_49\gen_60\vopd\metrics.json,7.222719212610002,7.222719212610002,0.0,0.9870939912641029,0.9870939912641029,0.0,0.0,0.0,0.0,8.93329e-05,8.93329e-05,0.0,0.0007507385223064374,0.0007507385223064374,0.0,0.0,0.0,0.0,1396000.0,1396000.0,0.0,252000.0,252000.0,0.0,0.35802469135802467,0.35802469135802467,0.0,0.0,True
HNN,wout-comm,B-2-v4-ablation,D:\HNOCS\out\experimental results\B-2-v4-ablation\wout-comm\seed_49\gen_60\hnn\metrics.json,10.667576241619997,10.667576241619997,0.0,2.454372247071413,2.454372247071413,0.0,16.0,16.0,0.0,0.000203177525,0.000203177525,0.0,0.004651317011228462,0.004651317011228462,0.0,11.14198573637825,11.14198573637825,0.0,2195456.0,2195456.0,0.0,163840.0,163840.0,0.0,0.3028095733610822,0.3028095733610822,0.0,0.0,True
GEMM,RandomReference,random-mapping-ensemble-v2,D:\HNOCS\out\experimental results\random-mapping-ensemble-v2\gemm\random\metrics.json,9.93421735578005,9.93421735578005,0.0,2.1434761400252804,2.1434761400252804,0.0,6.0,6.0,0.0,0.000120405,0.000120405,0.0,0.0015708734939939562,0.0015708734939939562,0.0,1.8350526805555563,1.8350526805555563,0.0,104448.0,104448.0,0.0,22528.0,22528.0,0.0,0.9202539178734378,0.9202539178734378,0.0,0.0,True
MPEG4,RandomReference,random-mapping-ensemble-v2,D:\HNOCS\out\experimental results\random-mapping-ensemble-v2\mpeg4\random\metrics.json,9.446638746800033,9.446638746800033,0.0,1.3003837749577485,1.3003837749577485,0.0,2.0,2.0,0.0,0.0001220699,0.0001220699,0.0,0.0011328804365769536,0.0011328804365769536,0.0,0.07168423611111063,0.07168423611111063,0.0,420000.0,420000.0,0.0,88000.0,88000.0,0.0,0.5670623064060744,0.5670623064060744,0.0,0.0,True
VOPD,RandomReference,random-mapping-ensemble-v2,D:\HNOCS\out\experimental results\random-mapping-ensemble-v2\vopd\random\metrics.json,7.222719212610002,7.222719212610002,0.0,0.9870939912641029,0.9870939912641029,0.0,0.0,0.0,0.0,8.93329e-05,8.93329e-05,0.0,0.0007507385223064374,0.0007507385223064374,0.0,0.0,0.0,0.0,1396000.0,1396000.0,0.0,252000.0,252000.0,0.0,0.35802469135802467,0.35802469135802467,0.0,0.0,True
HNN,RandomReference,random-mapping-ensemble-v2,D:\HNOCS\out\experimental results\random-mapping-ensemble-v2\hnn\random\metrics.json,10.667576241619997,10.667576241619997,0.0,2.454372247071413,2.454372247071413,0.0,16.0,16.0,0.0,0.000203177525,0.000203177525,0.0,0.004651317011228462,0.004651317011228462,0.0,11.14198573637825,11.14198573637825,0.0,2195456.0,2195456.0,0.0,163840.0,163840.0,0.0,0.3028095733610822,0.3028095733610822,0.0,0.0,True
GEMM,CommAwareReferenceMapping,comm-aware-baseline-v1,D:\HNOCS\out\experimental results\comm-aware-baseline-v1\gemm\original\metrics.json,9.93421735578005,9.93421735578005,0.0,2.1434761400252804,2.1434761400252804,0.0,6.0,6.0,0.0,0.000120405,0.000120405,0.0,0.0015708734939939562,0.0015708734939939562,0.0,1.8350526805555563,1.8350526805555563,0.0,104448.0,104448.0,0.0,22528.0,22528.0,0.0,0.9202539178734378,0.9202539178734378,0.0,0.0,True
GEMM,CommAware-Heuristic,comm-aware-baseline-v1,D:\HNOCS\out\experimental results\comm-aware-baseline-v1\gemm\comm_aware\metrics.json,9.93421735578005,9.93421735578005,0.0,2.1434761400252804,2.1434761400252804,0.0,6.0,6.0,0.0,0.000120405,0.000120405,0.0,0.0015708734939939562,0.0015708734939939562,0.0,1.8350526805555563,1.8350526805555563,0.0,104448.0,104448.0,0.0,22528.0,22528.0,0.0,0.9202539178734378,0.9202539178734378,0.0,0.0,True
MPEG4,CommAwareReferenceMapping,comm-aware-baseline-v1,D:\HNOCS\out\experimental results\comm-aware-baseline-v1\mpeg4\original\metrics.json,9.446638746800033,9.446638746800033,0.0,1.3003837749577485,1.3003837749577485,0.0,2.0,2.0,0.0,0.0001220699,0.0001220699,0.0,0.0011328804365769536,0.0011328804365769536,0.0,0.07168423611111063,0.07168423611111063,0.0,420000.0,420000.0,0.0,88000.0,88000.0,0.0,0.5670623064060744,0.5670623064060744,0.0,0.0,True
MPEG4,CommAware-Heuristic,comm-aware-baseline-v1,D:\HNOCS\out\experimental results\comm-aware-baseline-v1\mpeg4\comm_aware\metrics.json,9.446638746800033,9.446638746800033,0.0,1.3003837749577485,1.3003837749577485,0.0,2.0,2.0,0.0,0.0001220699,0.0001220699,0.0,0.0011328804365769536,0.0011328804365769536,0.0,0.07168423611111063,0.07168423611111063,0.0,420000.0,420000.0,0.0,88000.0,88000.0,0.0,0.5670623064060744,0.5670623064060744,0.0,0.0,True
VOPD,CommAwareReferenceMapping,comm-aware-baseline-v1,D:\HNOCS\out\experimental results\comm-aware-baseline-v1\vopd\original\metrics.json,7.222719212610002,7.222719212610002,0.0,0.9870939912641029,0.9870939912641029,0.0,0.0,0.0,0.0,8.93329e-05,8.93329e-05,0.0,0.0007507385223064374,0.0007507385223064374,0.0,0.0,0.0,0.0,1396000.0,1396000.0,0.0,252000.0,252000.0,0.0,0.35802469135802467,0.35802469135802467,0.0,0.0,True
VOPD,CommAware-Heuristic,comm-aware-baseline-v1,D:\HNOCS\out\experimental results\comm-aware-baseline-v1\vopd\comm_aware\metrics.json,7.222719212610002,7.222719212610002,0.0,0.9870939912641029,0.9870939912641029,0.0,0.0,0.0,0.0,8.93329e-05,8.93329e-05,0.0,0.0007507385223064374,0.0007507385223064374,0.0,0.0,0.0,0.0,1396000.0,1396000.0,0.0,252000.0,252000.0,0.0,0.35802469135802467,0.35802469135802467,0.0,0.0,True
HNN,CommAwareReferenceMapping,comm-aware-baseline-v1,D:\HNOCS\out\experimental results\comm-aware-baseline-v1\hnn\original\metrics.json,10.667576241619997,10.667576241619997,0.0,2.454372247071413,2.454372247071413,0.0,16.0,16.0,0.0,0.000203177525,0.000203177525,0.0,0.004651317011228462,0.004651317011228462,0.0,11.14198573637825,11.14198573637825,0.0,2195456.0,2195456.0,0.0,163840.0,163840.0,0.0,0.3028095733610822,0.3028095733610822,0.0,0.0,True
HNN,CommAware-Heuristic,comm-aware-baseline-v1,D:\HNOCS\out\experimental results\comm-aware-baseline-v1\hnn\comm_aware\metrics.json,10.667576241619997,10.667576241619997,0.0,2.454372247071413,2.454372247071413,0.0,16.0,16.0,0.0,0.000203177525,0.000203177525,0.0,0.004651317011228462,0.004651317011228462,0.0,11.14198573637825,11.14198573637825,0.0,2195456.0,2195456.0,0.0,163840.0,163840.0,0.0,0.3028095733610822,0.3028095733610822,0.0,0.0,True
GEMM,Thermal-SA-TAS-ReferenceMapping,thermal-sa-tas-results,D:\HNOCS\out\experimental results\thermal-sa-tas-results\final\seed_40\gemm\original\metrics.json,9.93421735578005,9.93421735578005,0.0,2.1434761400252804,2.1434761400252804,0.0,6.0,6.0,0.0,0.000120405,0.000120405,0.0,0.0015708734939939562,0.0015708734939939562,0.0,1.8350526805555563,1.8350526805555563,0.0,104448.0,104448.0,0.0,22528.0,22528.0,0.0,0.9202539178734378,0.9202539178734378,0.0,0.0,True
GEMM,Thermal-SA-TAS,thermal-sa-tas-results,D:\HNOCS\out\experimental results\thermal-sa-tas-results\final\seed_40\gemm\thermal_sa_tas\metrics.json,9.93421735578005,9.93421735578005,0.0,2.1434761400252804,2.1434761400252804,0.0,6.0,6.0,0.0,0.000120405,0.000120405,0.0,0.0015708734939939562,0.0015708734939939562,0.0,1.8350526805555563,1.8350526805555563,0.0,104448.0,104448.0,0.0,22528.0,22528.0,0.0,0.9202539178734378,0.9202539178734378,0.0,0.0,True
MPEG4,Thermal-SA-TAS-ReferenceMapping,thermal-sa-tas-results,D:\HNOCS\out\experimental results\thermal-sa-tas-results\final\seed_40\mpeg4\original\metrics.json,9.446638746800033,9.446638746800033,0.0,1.3003837749577485,1.3003837749577485,0.0,2.0,2.0,0.0,0.0001220699,0.0001220699,0.0,0.0011328804365769536,0.0011328804365769536,0.0,0.07168423611111063,0.07168423611111063,0.0,420000.0,420000.0,0.0,88000.0,88000.0,0.0,0.5670623064060744,0.5670623064060744,0.0,0.0,True
MPEG4,Thermal-SA-TAS,thermal-sa-tas-results,D:\HNOCS\out\experimental results\thermal-sa-tas-results\final\seed_40\mpeg4\thermal_sa_tas\metrics.json,9.446638746800033,9.446638746800033,0.0,1.3003837749577485,1.3003837749577485,0.0,2.0,2.0,0.0,0.0001220699,0.0001220699,0.0,0.0011328804365769536,0.0011328804365769536,0.0,0.07168423611111063,0.07168423611111063,0.0,420000.0,420000.0,0.0,88000.0,88000.0,0.0,0.5670623064060744,0.5670623064060744,0.0,0.0,True
VOPD,Thermal-SA-TAS-ReferenceMapping,thermal-sa-tas-results,D:\HNOCS\out\experimental results\thermal-sa-tas-results\final\seed_40\vopd\original\metrics.json,7.222719212610002,7.222719212610002,0.0,0.9870939912641029,0.9870939912641029,0.0,0.0,0.0,0.0,8.93329e-05,8.93329e-05,0.0,0.0007507385223064374,0.0007507385223064374,0.0,0.0,0.0,0.0,1396000.0,1396000.0,0.0,252000.0,252000.0,0.0,0.35802469135802467,0.35802469135802467,0.0,0.0,True
VOPD,Thermal-SA-TAS,thermal-sa-tas-results,D:\HNOCS\out\experimental results\thermal-sa-tas-results\final\seed_40\vopd\thermal_sa_tas\metrics.json,7.222719212610002,7.222719212610002,0.0,0.9870939912641029,0.9870939912641029,0.0,0.0,0.0,0.0,8.93329e-05,8.93329e-05,0.0,0.0007507385223064374,0.0007507385223064374,0.0,0.0,0.0,0.0,1396000.0,1396000.0,0.0,252000.0,252000.0,0.0,0.35802469135802467,0.35802469135802467,0.0,0.0,True
HNN,Thermal-SA-TAS-ReferenceMapping,thermal-sa-tas-results,D:\HNOCS\out\experimental results\thermal-sa-tas-results\final\seed_40\hnn\original\metrics.json,10.667576241619997,10.667576241619997,0.0,2.454372247071413,2.454372247071413,0.0,16.0,16.0,0.0,0.000203177525,0.000203177525,0.0,0.004651317011228462,0.004651317011228462,0.0,11.14198573637825,11.14198573637825,0.0,2195456.0,2195456.0,0.0,163840.0,163840.0,0.0,0.3028095733610822,0.3028095733610822,0.0,0.0,True
HNN,Thermal-SA-TAS,thermal-sa-tas-results,D:\HNOCS\out\experimental results\thermal-sa-tas-results\final\seed_40\hnn\thermal_sa_tas\metrics.json,10.667576241619997,10.667576241619997,0.0,2.454372247071413,2.454372247071413,0.0,16.0,16.0,0.0,0.000203177525,0.000203177525,0.0,0.004651317011228462,0.004651317011228462,0.0,11.14198573637825,11.14198573637825,0.0,2195456.0,2195456.0,0.0,163840.0,163840.0,0.0,0.3028095733610822,0.3028095733610822,0.0,0.0,True
GEMM,Thermal-SA-TAS-ReferenceMapping,thermal-sa-tas-results,D:\HNOCS\out\experimental results\thermal-sa-tas-results\final\seed_41\gemm\original\metrics.json,9.93421735578005,9.93421735578005,0.0,2.1434761400252804,2.1434761400252804,0.0,6.0,6.0,0.0,0.000120405,0.000120405,0.0,0.0015708734939939562,0.0015708734939939562,0.0,1.8350526805555563,1.8350526805555563,0.0,104448.0,104448.0,0.0,22528.0,22528.0,0.0,0.9202539178734378,0.9202539178734378,0.0,0.0,True
GEMM,Thermal-SA-TAS,thermal-sa-tas-results,D:\HNOCS\out\experimental results\thermal-sa-tas-results\final\seed_41\gemm\thermal_sa_tas\metrics.json,9.93421735578005,9.93421735578005,0.0,2.1434761400252804,2.1434761400252804,0.0,6.0,6.0,0.0,0.000120405,0.000120405,0.0,0.0015708734939939562,0.0015708734939939562,0.0,1.8350526805555563,1.8350526805555563,0.0,104448.0,104448.0,0.0,22528.0,22528.0,0.0,0.9202539178734378,0.9202539178734378,0.0,0.0,True
MPEG4,Thermal-SA-TAS-ReferenceMapping,thermal-sa-tas-results,D:\HNOCS\out\experimental results\thermal-sa-tas-results\final\seed_41\mpeg4\original\metrics.json,9.446638746800033,9.446638746800033,0.0,1.3003837749577485,1.3003837749577485,0.0,2.0,2.0,0.0,0.0001220699,0.0001220699,0.0,0.0011328804365769536,0.0011328804365769536,0.0,0.07168423611111063,0.07168423611111063,0.0,420000.0,420000.0,0.0,88000.0,88000.0,0.0,0.5670623064060744,0.5670623064060744,0.0,0.0,True
MPEG4,Thermal-SA-TAS,thermal-sa-tas-results,D:\HNOCS\out\experimental results\thermal-sa-tas-results\final\seed_41\mpeg4\thermal_sa_tas\metrics.json,9.446638746800033,9.446638746800033,0.0,1.3003837749577485,1.3003837749577485,0.0,2.0,2.0,0.0,0.0001220699,0.0001220699,0.0,0.0011328804365769536,0.0011328804365769536,0.0,0.07168423611111063,0.07168423611111063,0.0,420000.0,420000.0,0.0,88000.0,88000.0,0.0,0.5670623064060744,0.5670623064060744,0.0,0.0,True
VOPD,Thermal-SA-TAS-ReferenceMapping,thermal-sa-tas-results,D:\HNOCS\out\experimental results\thermal-sa-tas-results\final\seed_41\vopd\original\metrics.json,7.222719212610002,7.222719212610002,0.0,0.9870939912641029,0.9870939912641029,0.0,0.0,0.0,0.0,8.93329e-05,8.93329e-05,0.0,0.0007507385223064374,0.0007507385223064374,0.0,0.0,0.0,0.0,1396000.0,1396000.0,0.0,252000.0,252000.0,0.0,0.35802469135802467,0.35802469135802467,0.0,0.0,True
VOPD,Thermal-SA-TAS,thermal-sa-tas-results,D:\HNOCS\out\experimental results\thermal-sa-tas-results\final\seed_41\vopd\thermal_sa_tas\metrics.json,7.222719212610002,7.222719212610002,0.0,0.9870939912641029,0.9870939912641029,0.0,0.0,0.0,0.0,8.93329e-05,8.93329e-05,0.0,0.0007507385223064374,0.0007507385223064374,0.0,0.0,0.0,0.0,1396000.0,1396000.0,0.0,252000.0,252000.0,0.0,0.35802469135802467,0.35802469135802467,0.0,0.0,True
HNN,Thermal-SA-TAS-ReferenceMapping,thermal-sa-tas-results,D:\HNOCS\out\experimental results\thermal-sa-tas-results\final\seed_41\hnn\original\metrics.json,10.667576241619997,10.667576241619997,0.0,2.454372247071413,2.454372247071413,0.0,16.0,16.0,0.0,0.000203177525,0.000203177525,0.0,0.004651317011228462,0.004651317011228462,0.0,11.14198573637825,11.14198573637825,0.0,2195456.0,2195456.0,0.0,163840.0,163840.0,0.0,0.3028095733610822,0.3028095733610822,0.0,0.0,True
HNN,Thermal-SA-TAS,thermal-sa-tas-results,D:\HNOCS\out\experimental results\thermal-sa-tas-results\final\seed_41\hnn\thermal_sa_tas\metrics.json,10.667576241619997,10.667576241619997,0.0,2.454372247071413,2.454372247071413,0.0,16.0,16.0,0.0,0.000203177525,0.000203177525,0.0,0.004651317011228462,0.004651317011228462,0.0,11.14198573637825,11.14198573637825,0.0,2195456.0,2195456.0,0.0,163840.0,163840.0,0.0,0.3028095733610822,0.3028095733610822,0.0,0.0,True
GEMM,Thermal-SA-TAS-ReferenceMapping,thermal-sa-tas-results,D:\HNOCS\out\experimental results\thermal-sa-tas-results\final\seed_42\gemm\original\metrics.json,9.93421735578005,9.93421735578005,0.0,2.1434761400252804,2.1434761400252804,0.0,6.0,6.0,0.0,0.000120405,0.000120405,0.0,0.0015708734939939562,0.0015708734939939562,0.0,1.8350526805555563,1.8350526805555563,0.0,104448.0,104448.0,0.0,22528.0,22528.0,0.0,0.9202539178734378,0.9202539178734378,0.0,0.0,True
GEMM,Thermal-SA-TAS,thermal-sa-tas-results,D:\HNOCS\out\experimental results\thermal-sa-tas-results\final\seed_42\gemm\thermal_sa_tas\metrics.json,9.93421735578005,9.93421735578005,0.0,2.1434761400252804,2.1434761400252804,0.0,6.0,6.0,0.0,0.000120405,0.000120405,0.0,0.0015708734939939562,0.0015708734939939562,0.0,1.8350526805555563,1.8350526805555563,0.0,104448.0,104448.0,0.0,22528.0,22528.0,0.0,0.9202539178734378,0.9202539178734378,0.0,0.0,True
MPEG4,Thermal-SA-TAS-ReferenceMapping,thermal-sa-tas-results,D:\HNOCS\out\experimental results\thermal-sa-tas-results\final\seed_42\mpeg4\original\metrics.json,9.446638746800033,9.446638746800033,0.0,1.3003837749577485,1.3003837749577485,0.0,2.0,2.0,0.0,0.0001220699,0.0001220699,0.0,0.0011328804365769536,0.0011328804365769536,0.0,0.07168423611111063,0.07168423611111063,0.0,420000.0,420000.0,0.0,88000.0,88000.0,0.0,0.5670623064060744,0.5670623064060744,0.0,0.0,True
MPEG4,Thermal-SA-TAS,thermal-sa-tas-results,D:\HNOCS\out\experimental results\thermal-sa-tas-results\final\seed_42\mpeg4\thermal_sa_tas\metrics.json,9.446638746800033,9.446638746800033,0.0,1.3003837749577485,1.3003837749577485,0.0,2.0,2.0,0.0,0.0001220699,0.0001220699,0.0,0.0011328804365769536,0.0011328804365769536,0.0,0.07168423611111063,0.07168423611111063,0.0,420000.0,420000.0,0.0,88000.0,88000.0,0.0,0.5670623064060744,0.5670623064060744,0.0,0.0,True
VOPD,Thermal-SA-TAS-ReferenceMapping,thermal-sa-tas-results,D:\HNOCS\out\experimental results\thermal-sa-tas-results\final\seed_42\vopd\original\metrics.json,7.222719212610002,7.222719212610002,0.0,0.9870939912641029,0.9870939912641029,0.0,0.0,0.0,0.0,8.93329e-05,8.93329e-05,0.0,0.0007507385223064374,0.0007507385223064374,0.0,0.0,0.0,0.0,1396000.0,1396000.0,0.0,252000.0,252000.0,0.0,0.35802469135802467,0.35802469135802467,0.0,0.0,True
VOPD,Thermal-SA-TAS,thermal-sa-tas-results,D:\HNOCS\out\experimental results\thermal-sa-tas-results\final\seed_42\vopd\thermal_sa_tas\metrics.json,7.222719212610002,7.222719212610002,0.0,0.9870939912641029,0.9870939912641029,0.0,0.0,0.0,0.0,8.93329e-05,8.93329e-05,0.0,0.0007507385223064374,0.0007507385223064374,0.0,0.0,0.0,0.0,1396000.0,1396000.0,0.0,252000.0,252000.0,0.0,0.35802469135802467,0.35802469135802467,0.0,0.0,True
HNN,Thermal-SA-TAS-ReferenceMapping,thermal-sa-tas-results,D:\HNOCS\out\experimental results\thermal-sa-tas-results\final\seed_42\hnn\original\metrics.json,10.667576241619997,10.667576241619997,0.0,2.454372247071413,2.454372247071413,0.0,16.0,16.0,0.0,0.000203177525,0.000203177525,0.0,0.004651317011228462,0.004651317011228462,0.0,11.14198573637825,11.14198573637825,0.0,2195456.0,2195456.0,0.0,163840.0,163840.0,0.0,0.3028095733610822,0.3028095733610822,0.0,0.0,True
HNN,Thermal-SA-TAS,thermal-sa-tas-results,D:\HNOCS\out\experimental results\thermal-sa-tas-results\final\seed_42\hnn\thermal_sa_tas\metrics.json,10.667576241619997,10.667576241619997,0.0,2.454372247071413,2.454372247071413,0.0,16.0,16.0,0.0,0.000203177525,0.000203177525,0.0,0.004651317011228462,0.004651317011228462,0.0,11.14198573637825,11.14198573637825,0.0,2195456.0,2195456.0,0.0,163840.0,163840.0,0.0,0.3028095733610822,0.3028095733610822,0.0,0.0,True
GEMM,Thermal-SA-TAS-ReferenceMapping,thermal-sa-tas-results,D:\HNOCS\out\experimental results\thermal-sa-tas-results\final\seed_43\gemm\original\metrics.json,9.93421735578005,9.93421735578005,0.0,2.1434761400252804,2.1434761400252804,0.0,6.0,6.0,0.0,0.000120405,0.000120405,0.0,0.0015708734939939562,0.0015708734939939562,0.0,1.8350526805555563,1.8350526805555563,0.0,104448.0,104448.0,0.0,22528.0,22528.0,0.0,0.9202539178734378,0.9202539178734378,0.0,0.0,True
GEMM,Thermal-SA-TAS,thermal-sa-tas-results,D:\HNOCS\out\experimental results\thermal-sa-tas-results\final\seed_43\gemm\thermal_sa_tas\metrics.json,9.93421735578005,9.93421735578005,0.0,2.1434761400252804,2.1434761400252804,0.0,6.0,6.0,0.0,0.000120405,0.000120405,0.0,0.0015708734939939562,0.0015708734939939562,0.0,1.8350526805555563,1.8350526805555563,0.0,104448.0,104448.0,0.0,22528.0,22528.0,0.0,0.9202539178734378,0.9202539178734378,0.0,0.0,True
MPEG4,Thermal-SA-TAS-ReferenceMapping,thermal-sa-tas-results,D:\HNOCS\out\experimental results\thermal-sa-tas-results\final\seed_43\mpeg4\original\metrics.json,9.446638746800033,9.446638746800033,0.0,1.3003837749577485,1.3003837749577485,0.0,2.0,2.0,0.0,0.0001220699,0.0001220699,0.0,0.0011328804365769536,0.0011328804365769536,0.0,0.07168423611111063,0.07168423611111063,0.0,420000.0,420000.0,0.0,88000.0,88000.0,0.0,0.5670623064060744,0.5670623064060744,0.0,0.0,True
MPEG4,Thermal-SA-TAS,thermal-sa-tas-results,D:\HNOCS\out\experimental results\thermal-sa-tas-results\final\seed_43\mpeg4\thermal_sa_tas\metrics.json,9.446638746800033,9.446638746800033,0.0,1.3003837749577485,1.3003837749577485,0.0,2.0,2.0,0.0,0.0001220699,0.0001220699,0.0,0.0011328804365769536,0.0011328804365769536,0.0,0.07168423611111063,0.07168423611111063,0.0,420000.0,420000.0,0.0,88000.0,88000.0,0.0,0.5670623064060744,0.5670623064060744,0.0,0.0,True
VOPD,Thermal-SA-TAS-ReferenceMapping,thermal-sa-tas-results,D:\HNOCS\out\experimental results\thermal-sa-tas-results\final\seed_43\vopd\original\metrics.json,7.222719212610002,7.222719212610002,0.0,0.9870939912641029,0.9870939912641029,0.0,0.0,0.0,0.0,8.93329e-05,8.93329e-05,0.0,0.0007507385223064374,0.0007507385223064374,0.0,0.0,0.0,0.0,1396000.0,1396000.0,0.0,252000.0,252000.0,0.0,0.35802469135802467,0.35802469135802467,0.0,0.0,True
VOPD,Thermal-SA-TAS,thermal-sa-tas-results,D:\HNOCS\out\experimental results\thermal-sa-tas-results\final\seed_43\vopd\thermal_sa_tas\metrics.json,7.222719212610002,7.222719212610002,0.0,0.9870939912641029,0.9870939912641029,0.0,0.0,0.0,0.0,8.93329e-05,8.93329e-05,0.0,0.0007507385223064374,0.0007507385223064374,0.0,0.0,0.0,0.0,1396000.0,1396000.0,0.0,252000.0,252000.0,0.0,0.35802469135802467,0.35802469135802467,0.0,0.0,True
HNN,Thermal-SA-TAS-ReferenceMapping,thermal-sa-tas-results,D:\HNOCS\out\experimental results\thermal-sa-tas-results\final\seed_43\hnn\original\metrics.json,10.667576241619997,10.667576241619997,0.0,2.454372247071413,2.454372247071413,0.0,16.0,16.0,0.0,0.000203177525,0.000203177525,0.0,0.004651317011228462,0.004651317011228462,0.0,11.14198573637825,11.14198573637825,0.0,2195456.0,2195456.0,0.0,163840.0,163840.0,0.0,0.3028095733610822,0.3028095733610822,0.0,0.0,True
HNN,Thermal-SA-TAS,thermal-sa-tas-results,D:\HNOCS\out\experimental results\thermal-sa-tas-results\final\seed_43\hnn\thermal_sa_tas\metrics.json,10.667576241619997,10.667576241619997,0.0,2.454372247071413,2.454372247071413,0.0,16.0,16.0,0.0,0.000203177525,0.000203177525,0.0,0.004651317011228462,0.004651317011228462,0.0,11.14198573637825,11.14198573637825,0.0,2195456.0,2195456.0,0.0,163840.0,163840.0,0.0,0.3028095733610822,0.3028095733610822,0.0,0.0,True
GEMM,Thermal-SA-TAS-ReferenceMapping,thermal-sa-tas-results,D:\HNOCS\out\experimental results\thermal-sa-tas-results\final\seed_44\gemm\original\metrics.json,9.93421735578005,9.93421735578005,0.0,2.1434761400252804,2.1434761400252804,0.0,6.0,6.0,0.0,0.000120405,0.000120405,0.0,0.0015708734939939562,0.0015708734939939562,0.0,1.8350526805555563,1.8350526805555563,0.0,104448.0,104448.0,0.0,22528.0,22528.0,0.0,0.9202539178734378,0.9202539178734378,0.0,0.0,True
GEMM,Thermal-SA-TAS,thermal-sa-tas-results,D:\HNOCS\out\experimental results\thermal-sa-tas-results\final\seed_44\gemm\thermal_sa_tas\metrics.json,9.93421735578005,9.93421735578005,0.0,2.1434761400252804,2.1434761400252804,0.0,6.0,6.0,0.0,0.000120405,0.000120405,0.0,0.0015708734939939562,0.0015708734939939562,0.0,1.8350526805555563,1.8350526805555563,0.0,104448.0,104448.0,0.0,22528.0,22528.0,0.0,0.9202539178734378,0.9202539178734378,0.0,0.0,True
MPEG4,Thermal-SA-TAS-ReferenceMapping,thermal-sa-tas-results,D:\HNOCS\out\experimental results\thermal-sa-tas-results\final\seed_44\mpeg4\original\metrics.json,9.446638746800033,9.446638746800033,0.0,1.3003837749577485,1.3003837749577485,0.0,2.0,2.0,0.0,0.0001220699,0.0001220699,0.0,0.0011328804365769536,0.0011328804365769536,0.0,0.07168423611111063,0.07168423611111063,0.0,420000.0,420000.0,0.0,88000.0,88000.0,0.0,0.5670623064060744,0.5670623064060744,0.0,0.0,True
MPEG4,Thermal-SA-TAS,thermal-sa-tas-results,D:\HNOCS\out\experimental results\thermal-sa-tas-results\final\seed_44\mpeg4\thermal_sa_tas\metrics.json,9.446638746800033,9.446638746800033,0.0,1.3003837749577485,1.3003837749577485,0.0,2.0,2.0,0.0,0.0001220699,0.0001220699,0.0,0.0011328804365769536,0.0011328804365769536,0.0,0.07168423611111063,0.07168423611111063,0.0,420000.0,420000.0,0.0,88000.0,88000.0,0.0,0.5670623064060744,0.5670623064060744,0.0,0.0,True
VOPD,Thermal-SA-TAS-ReferenceMapping,thermal-sa-tas-results,D:\HNOCS\out\experimental results\thermal-sa-tas-results\final\seed_44\vopd\original\metrics.json,7.222719212610002,7.222719212610002,0.0,0.9870939912641029,0.9870939912641029,0.0,0.0,0.0,0.0,8.93329e-05,8.93329e-05,0.0,0.0007507385223064374,0.0007507385223064374,0.0,0.0,0.0,0.0,1396000.0,1396000.0,0.0,252000.0,252000.0,0.0,0.35802469135802467,0.35802469135802467,0.0,0.0,True
VOPD,Thermal-SA-TAS,thermal-sa-tas-results,D:\HNOCS\out\experimental results\thermal-sa-tas-results\final\seed_44\vopd\thermal_sa_tas\metrics.json,7.222719212610002,7.222719212610002,0.0,0.9870939912641029,0.9870939912641029,0.0,0.0,0.0,0.0,8.93329e-05,8.93329e-05,0.0,0.0007507385223064374,0.0007507385223064374,0.0,0.0,0.0,0.0,1396000.0,1396000.0,0.0,252000.0,252000.0,0.0,0.35802469135802467,0.35802469135802467,0.0,0.0,True
HNN,Thermal-SA-TAS-ReferenceMapping,thermal-sa-tas-results,D:\HNOCS\out\experimental results\thermal-sa-tas-results\final\seed_44\hnn\original\metrics.json,10.667576241619997,10.667576241619997,0.0,2.454372247071413,2.454372247071413,0.0,16.0,16.0,0.0,0.000203177525,0.000203177525,0.0,0.004651317011228462,0.004651317011228462,0.0,11.14198573637825,11.14198573637825,0.0,2195456.0,2195456.0,0.0,163840.0,163840.0,0.0,0.3028095733610822,0.3028095733610822,0.0,0.0,True
HNN,Thermal-SA-TAS,thermal-sa-tas-results,D:\HNOCS\out\experimental results\thermal-sa-tas-results\final\seed_44\hnn\thermal_sa_tas\metrics.json,10.667576241619997,10.667576241619997,0.0,2.454372247071413,2.454372247071413,0.0,16.0,16.0,0.0,0.000203177525,0.000203177525,0.0,0.004651317011228462,0.004651317011228462,0.0,11.14198573637825,11.14198573637825,0.0,2195456.0,2195456.0,0.0,163840.0,163840.0,0.0,0.3028095733610822,0.3028095733610822,0.0,0.0,True
GEMM,Thermal-SA-TAS-ReferenceMapping,thermal-sa-tas-results,D:\HNOCS\out\experimental results\thermal-sa-tas-results\final\seed_45\gemm\original\metrics.json,9.93421735578005,9.93421735578005,0.0,2.1434761400252804,2.1434761400252804,0.0,6.0,6.0,0.0,0.000120405,0.000120405,0.0,0.0015708734939939562,0.0015708734939939562,0.0,1.8350526805555563,1.8350526805555563,0.0,104448.0,104448.0,0.0,22528.0,22528.0,0.0,0.9202539178734378,0.9202539178734378,0.0,0.0,True
GEMM,Thermal-SA-TAS,thermal-sa-tas-results,D:\HNOCS\out\experimental results\thermal-sa-tas-results\final\seed_45\gemm\thermal_sa_tas\metrics.json,9.93421735578005,9.93421735578005,0.0,2.1434761400252804,2.1434761400252804,0.0,6.0,6.0,0.0,0.000120405,0.000120405,0.0,0.0015708734939939562,0.0015708734939939562,0.0,1.8350526805555563,1.8350526805555563,0.0,104448.0,104448.0,0.0,22528.0,22528.0,0.0,0.9202539178734378,0.9202539178734378,0.0,0.0,True
MPEG4,Thermal-SA-TAS-ReferenceMapping,thermal-sa-tas-results,D:\HNOCS\out\experimental results\thermal-sa-tas-results\final\seed_45\mpeg4\original\metrics.json,9.446638746800033,9.446638746800033,0.0,1.3003837749577485,1.3003837749577485,0.0,2.0,2.0,0.0,0.0001220699,0.0001220699,0.0,0.0011328804365769536,0.0011328804365769536,0.0,0.07168423611111063,0.07168423611111063,0.0,420000.0,420000.0,0.0,88000.0,88000.0,0.0,0.5670623064060744,0.5670623064060744,0.0,0.0,True
MPEG4,Thermal-SA-TAS,thermal-sa-tas-results,D:\HNOCS\out\experimental results\thermal-sa-tas-results\final\seed_45\mpeg4\thermal_sa_tas\metrics.json,9.446638746800033,9.446638746800033,0.0,1.3003837749577485,1.3003837749577485,0.0,2.0,2.0,0.0,0.0001220699,0.0001220699,0.0,0.0011328804365769536,0.0011328804365769536,0.0,0.07168423611111063,0.07168423611111063,0.0,420000.0,420000.0,0.0,88000.0,88000.0,0.0,0.5670623064060744,0.5670623064060744,0.0,0.0,True
VOPD,Thermal-SA-TAS-ReferenceMapping,thermal-sa-tas-results,D:\HNOCS\out\experimental results\thermal-sa-tas-results\final\seed_45\vopd\original\metrics.json,7.222719212610002,7.222719212610002,0.0,0.9870939912641029,0.9870939912641029,0.0,0.0,0.0,0.0,8.93329e-05,8.93329e-05,0.0,0.0007507385223064374,0.0007507385223064374,0.0,0.0,0.0,0.0,1396000.0,1396000.0,0.0,252000.0,252000.0,0.0,0.35802469135802467,0.35802469135802467,0.0,0.0,True
VOPD,Thermal-SA-TAS,thermal-sa-tas-results,D:\HNOCS\out\experimental results\thermal-sa-tas-results\final\seed_45\vopd\thermal_sa_tas\metrics.json,7.222719212610002,7.222719212610002,0.0,0.9870939912641029,0.9870939912641029,0.0,0.0,0.0,0.0,8.93329e-05,8.93329e-05,0.0,0.0007507385223064374,0.0007507385223064374,0.0,0.0,0.0,0.0,1396000.0,1396000.0,0.0,252000.0,252000.0,0.0,0.35802469135802467,0.35802469135802467,0.0,0.0,True
HNN,Thermal-SA-TAS-ReferenceMapping,thermal-sa-tas-results,D:\HNOCS\out\experimental results\thermal-sa-tas-results\final\seed_45\hnn\original\metrics.json,10.667576241619997,10.667576241619997,0.0,2.454372247071413,2.454372247071413,0.0,16.0,16.0,0.0,0.000203177525,0.000203177525,0.0,0.004651317011228462,0.004651317011228462,0.0,11.14198573637825,11.14198573637825,0.0,2195456.0,2195456.0,0.0,163840.0,163840.0,0.0,0.3028095733610822,0.3028095733610822,0.0,0.0,True
HNN,Thermal-SA-TAS,thermal-sa-tas-results,D:\HNOCS\out\experimental results\thermal-sa-tas-results\final\seed_45\hnn\thermal_sa_tas\metrics.json,10.667576241619997,10.667576241619997,0.0,2.454372247071413,2.454372247071413,0.0,16.0,16.0,0.0,0.000203177525,0.000203177525,0.0,0.004651317011228462,0.004651317011228462,0.0,11.14198573637825,11.14198573637825,0.0,2195456.0,2195456.0,0.0,163840.0,163840.0,0.0,0.3028095733610822,0.3028095733610822,0.0,0.0,True
GEMM,Thermal-SA-TAS-ReferenceMapping,thermal-sa-tas-results,D:\HNOCS\out\experimental results\thermal-sa-tas-results\final\seed_46\gemm\original\metrics.json,9.93421735578005,9.93421735578005,0.0,2.1434761400252804,2.1434761400252804,0.0,6.0,6.0,0.0,0.000120405,0.000120405,0.0,0.0015708734939939562,0.0015708734939939562,0.0,1.8350526805555563,1.8350526805555563,0.0,104448.0,104448.0,0.0,22528.0,22528.0,0.0,0.9202539178734378,0.9202539178734378,0.0,0.0,True
GEMM,Thermal-SA-TAS,thermal-sa-tas-results,D:\HNOCS\out\experimental results\thermal-sa-tas-results\final\seed_46\gemm\thermal_sa_tas\metrics.json,9.93421735578005,9.93421735578005,0.0,2.1434761400252804,2.1434761400252804,0.0,6.0,6.0,0.0,0.000120405,0.000120405,0.0,0.0015708734939939562,0.0015708734939939562,0.0,1.8350526805555563,1.8350526805555563,0.0,104448.0,104448.0,0.0,22528.0,22528.0,0.0,0.9202539178734378,0.9202539178734378,0.0,0.0,True
MPEG4,Thermal-SA-TAS-ReferenceMapping,thermal-sa-tas-results,D:\HNOCS\out\experimental results\thermal-sa-tas-results\final\seed_46\mpeg4\original\metrics.json,9.446638746800033,9.446638746800033,0.0,1.3003837749577485,1.3003837749577485,0.0,2.0,2.0,0.0,0.0001220699,0.0001220699,0.0,0.0011328804365769536,0.0011328804365769536,0.0,0.07168423611111063,0.07168423611111063,0.0,420000.0,420000.0,0.0,88000.0,88000.0,0.0,0.5670623064060744,0.5670623064060744,0.0,0.0,True
MPEG4,Thermal-SA-TAS,thermal-sa-tas-results,D:\HNOCS\out\experimental results\thermal-sa-tas-results\final\seed_46\mpeg4\thermal_sa_tas\metrics.json,9.446638746800033,9.446638746800033,0.0,1.3003837749577485,1.3003837749577485,0.0,2.0,2.0,0.0,0.0001220699,0.0001220699,0.0,0.0011328804365769536,0.0011328804365769536,0.0,0.07168423611111063,0.07168423611111063,0.0,420000.0,420000.0,0.0,88000.0,88000.0,0.0,0.5670623064060744,0.5670623064060744,0.0,0.0,True
VOPD,Thermal-SA-TAS-ReferenceMapping,thermal-sa-tas-results,D:\HNOCS\out\experimental results\thermal-sa-tas-results\final\seed_46\vopd\original\metrics.json,7.222719212610002,7.222719212610002,0.0,0.9870939912641029,0.9870939912641029,0.0,0.0,0.0,0.0,8.93329e-05,8.93329e-05,0.0,0.0007507385223064374,0.0007507385223064374,0.0,0.0,0.0,0.0,1396000.0,1396000.0,0.0,252000.0,252000.0,0.0,0.35802469135802467,0.35802469135802467,0.0,0.0,True
VOPD,Thermal-SA-TAS,thermal-sa-tas-results,D:\HNOCS\out\experimental results\thermal-sa-tas-results\final\seed_46\vopd\thermal_sa_tas\metrics.json,7.222719212610002,7.222719212610002,0.0,0.9870939912641029,0.9870939912641029,0.0,0.0,0.0,0.0,8.93329e-05,8.93329e-05,0.0,0.0007507385223064374,0.0007507385223064374,0.0,0.0,0.0,0.0,1396000.0,1396000.0,0.0,252000.0,252000.0,0.0,0.35802469135802467,0.35802469135802467,0.0,0.0,True
HNN,Thermal-SA-TAS-ReferenceMapping,thermal-sa-tas-results,D:\HNOCS\out\experimental results\thermal-sa-tas-results\final\seed_46\hnn\original\metrics.json,10.667576241619997,10.667576241619997,0.0,2.454372247071413,2.454372247071413,0.0,16.0,16.0,0.0,0.000203177525,0.000203177525,0.0,0.004651317011228462,0.004651317011228462,0.0,11.14198573637825,11.14198573637825,0.0,2195456.0,2195456.0,0.0,163840.0,163840.0,0.0,0.3028095733610822,0.3028095733610822,0.0,0.0,True
HNN,Thermal-SA-TAS,thermal-sa-tas-results,D:\HNOCS\out\experimental results\thermal-sa-tas-results\final\seed_46\hnn\thermal_sa_tas\metrics.json,10.667576241619997,10.667576241619997,0.0,2.454372247071413,2.454372247071413,0.0,16.0,16.0,0.0,0.000203177525,0.000203177525,0.0,0.004651317011228462,0.004651317011228462,0.0,11.14198573637825,11.14198573637825,0.0,2195456.0,2195456.0,0.0,163840.0,163840.0,0.0,0.3028095733610822,0.3028095733610822,0.0,0.0,True
GEMM,Thermal-SA-TAS-ReferenceMapping,thermal-sa-tas-results,D:\HNOCS\out\experimental results\thermal-sa-tas-results\final\seed_47\gemm\original\metrics.json,9.93421735578005,9.93421735578005,0.0,2.1434761400252804,2.1434761400252804,0.0,6.0,6.0,0.0,0.000120405,0.000120405,0.0,0.0015708734939939562,0.0015708734939939562,0.0,1.8350526805555563,1.8350526805555563,0.0,104448.0,104448.0,0.0,22528.0,22528.0,0.0,0.9202539178734378,0.9202539178734378,0.0,0.0,True
GEMM,Thermal-SA-TAS,thermal-sa-tas-results,D:\HNOCS\out\experimental results\thermal-sa-tas-results\final\seed_47\gemm\thermal_sa_tas\metrics.json,9.93421735578005,9.93421735578005,0.0,2.1434761400252804,2.1434761400252804,0.0,6.0,6.0,0.0,0.000120405,0.000120405,0.0,0.0015708734939939562,0.0015708734939939562,0.0,1.8350526805555563,1.8350526805555563,0.0,104448.0,104448.0,0.0,22528.0,22528.0,0.0,0.9202539178734378,0.9202539178734378,0.0,0.0,True
MPEG4,Thermal-SA-TAS-ReferenceMapping,thermal-sa-tas-results,D:\HNOCS\out\experimental results\thermal-sa-tas-results\final\seed_47\mpeg4\original\metrics.json,9.446638746800033,9.446638746800033,0.0,1.3003837749577485,1.3003837749577485,0.0,2.0,2.0,0.0,0.0001220699,0.0001220699,0.0,0.0011328804365769536,0.0011328804365769536,0.0,0.07168423611111063,0.07168423611111063,0.0,420000.0,420000.0,0.0,88000.0,88000.0,0.0,0.5670623064060744,0.5670623064060744,0.0,0.0,True
MPEG4,Thermal-SA-TAS,thermal-sa-tas-results,D:\HNOCS\out\experimental results\thermal-sa-tas-results\final\seed_47\mpeg4\thermal_sa_tas\metrics.json,9.446638746800033,9.446638746800033,0.0,1.3003837749577485,1.3003837749577485,0.0,2.0,2.0,0.0,0.0001220699,0.0001220699,0.0,0.0011328804365769536,0.0011328804365769536,0.0,0.07168423611111063,0.07168423611111063,0.0,420000.0,420000.0,0.0,88000.0,88000.0,0.0,0.5670623064060744,0.5670623064060744,0.0,0.0,True
VOPD,Thermal-SA-TAS-ReferenceMapping,thermal-sa-tas-results,D:\HNOCS\out\experimental results\thermal-sa-tas-results\final\seed_47\vopd\original\metrics.json,7.222719212610002,7.222719212610002,0.0,0.9870939912641029,0.9870939912641029,0.0,0.0,0.0,0.0,8.93329e-05,8.93329e-05,0.0,0.0007507385223064374,0.0007507385223064374,0.0,0.0,0.0,0.0,1396000.0,1396000.0,0.0,252000.0,252000.0,0.0,0.35802469135802467,0.35802469135802467,0.0,0.0,True
VOPD,Thermal-SA-TAS,thermal-sa-tas-results,D:\HNOCS\out\experimental results\thermal-sa-tas-results\final\seed_47\vopd\thermal_sa_tas\metrics.json,7.222719212610002,7.222719212610002,0.0,0.9870939912641029,0.9870939912641029,0.0,0.0,0.0,0.0,8.93329e-05,8.93329e-05,0.0,0.0007507385223064374,0.0007507385223064374,0.0,0.0,0.0,0.0,1396000.0,1396000.0,0.0,252000.0,252000.0,0.0,0.35802469135802467,0.35802469135802467,0.0,0.0,True
HNN,Thermal-SA-TAS-ReferenceMapping,thermal-sa-tas-results,D:\HNOCS\out\experimental results\thermal-sa-tas-results\final\seed_47\hnn\original\metrics.json,10.667576241619997,10.667576241619997,0.0,2.454372247071413,2.454372247071413,0.0,16.0,16.0,0.0,0.000203177525,0.000203177525,0.0,0.004651317011228462,0.004651317011228462,0.0,11.14198573637825,11.14198573637825,0.0,2195456.0,2195456.0,0.0,163840.0,163840.0,0.0,0.3028095733610822,0.3028095733610822,0.0,0.0,True
HNN,Thermal-SA-TAS,thermal-sa-tas-results,D:\HNOCS\out\experimental results\thermal-sa-tas-results\final\seed_47\hnn\thermal_sa_tas\metrics.json,10.667576241619997,10.667576241619997,0.0,2.454372247071413,2.454372247071413,0.0,16.0,16.0,0.0,0.000203177525,0.000203177525,0.0,0.004651317011228462,0.004651317011228462,0.0,11.14198573637825,11.14198573637825,0.0,2195456.0,2195456.0,0.0,163840.0,163840.0,0.0,0.3028095733610822,0.3028095733610822,0.0,0.0,True
GEMM,Thermal-SA-TAS-ReferenceMapping,thermal-sa-tas-results,D:\HNOCS\out\experimental results\thermal-sa-tas-results\final\seed_48\gemm\original\metrics.json,9.93421735578005,9.93421735578005,0.0,2.1434761400252804,2.1434761400252804,0.0,6.0,6.0,0.0,0.000120405,0.000120405,0.0,0.0015708734939939562,0.0015708734939939562,0.0,1.8350526805555563,1.8350526805555563,0.0,104448.0,104448.0,0.0,22528.0,22528.0,0.0,0.9202539178734378,0.9202539178734378,0.0,0.0,True
GEMM,Thermal-SA-TAS,thermal-sa-tas-results,D:\HNOCS\out\experimental results\thermal-sa-tas-results\final\seed_48\gemm\thermal_sa_tas\metrics.json,9.93421735578005,9.93421735578005,0.0,2.1434761400252804,2.1434761400252804,0.0,6.0,6.0,0.0,0.000120405,0.000120405,0.0,0.0015708734939939562,0.0015708734939939562,0.0,1.8350526805555563,1.8350526805555563,0.0,104448.0,104448.0,0.0,22528.0,22528.0,0.0,0.9202539178734378,0.9202539178734378,0.0,0.0,True
MPEG4,Thermal-SA-TAS-ReferenceMapping,thermal-sa-tas-results,D:\HNOCS\out\experimental results\thermal-sa-tas-results\final\seed_48\mpeg4\original\metrics.json,9.446638746800033,9.446638746800033,0.0,1.3003837749577485,1.3003837749577485,0.0,2.0,2.0,0.0,0.0001220699,0.0001220699,0.0,0.0011328804365769536,0.0011328804365769536,0.0,0.07168423611111063,0.07168423611111063,0.0,420000.0,420000.0,0.0,88000.0,88000.0,0.0,0.5670623064060744,0.5670623064060744,0.0,0.0,True
MPEG4,Thermal-SA-TAS,thermal-sa-tas-results,D:\HNOCS\out\experimental results\thermal-sa-tas-results\final\seed_48\mpeg4\thermal_sa_tas\metrics.json,9.446638746800033,9.446638746800033,0.0,1.3003837749577485,1.3003837749577485,0.0,2.0,2.0,0.0,0.0001220699,0.0001220699,0.0,0.0011328804365769536,0.0011328804365769536,0.0,0.07168423611111063,0.07168423611111063,0.0,420000.0,420000.0,0.0,88000.0,88000.0,0.0,0.5670623064060744,0.5670623064060744,0.0,0.0,True
VOPD,Thermal-SA-TAS-ReferenceMapping,thermal-sa-tas-results,D:\HNOCS\out\experimental results\thermal-sa-tas-results\final\seed_48\vopd\original\metrics.json,7.222719212610002,7.222719212610002,0.0,0.9870939912641029,0.9870939912641029,0.0,0.0,0.0,0.0,8.93329e-05,8.93329e-05,0.0,0.0007507385223064374,0.0007507385223064374,0.0,0.0,0.0,0.0,1396000.0,1396000.0,0.0,252000.0,252000.0,0.0,0.35802469135802467,0.35802469135802467,0.0,0.0,True
VOPD,Thermal-SA-TAS,thermal-sa-tas-results,D:\HNOCS\out\experimental results\thermal-sa-tas-results\final\seed_48\vopd\thermal_sa_tas\metrics.json,7.222719212610002,7.222719212610002,0.0,0.9870939912641029,0.9870939912641029,0.0,0.0,0.0,0.0,8.93329e-05,8.93329e-05,0.0,0.0007507385223064374,0.0007507385223064374,0.0,0.0,0.0,0.0,1396000.0,1396000.0,0.0,252000.0,252000.0,0.0,0.35802469135802467,0.35802469135802467,0.0,0.0,True
HNN,Thermal-SA-TAS-ReferenceMapping,thermal-sa-tas-results,D:\HNOCS\out\experimental results\thermal-sa-tas-results\final\seed_48\hnn\original\metrics.json,10.667576241619997,10.667576241619997,0.0,2.454372247071413,2.454372247071413,0.0,16.0,16.0,0.0,0.000203177525,0.000203177525,0.0,0.004651317011228462,0.004651317011228462,0.0,11.14198573637825,11.14198573637825,0.0,2195456.0,2195456.0,0.0,163840.0,163840.0,0.0,0.3028095733610822,0.3028095733610822,0.0,0.0,True
HNN,Thermal-SA-TAS,thermal-sa-tas-results,D:\HNOCS\out\experimental results\thermal-sa-tas-results\final\seed_48\hnn\thermal_sa_tas\metrics.json,10.667576241619997,10.667576241619997,0.0,2.454372247071413,2.454372247071413,0.0,16.0,16.0,0.0,0.000203177525,0.000203177525,0.0,0.004651317011228462,0.004651317011228462,0.0,11.14198573637825,11.14198573637825,0.0,2195456.0,2195456.0,0.0,163840.0,163840.0,0.0,0.3028095733610822,0.3028095733610822,0.0,0.0,True
GEMM,Thermal-SA-TAS-ReferenceMapping,thermal-sa-tas-results,D:\HNOCS\out\experimental results\thermal-sa-tas-results\final\seed_49\gemm\original\metrics.json,9.93421735578005,9.93421735578005,0.0,2.1434761400252804,2.1434761400252804,0.0,6.0,6.0,0.0,0.000120405,0.000120405,0.0,0.0015708734939939562,0.0015708734939939562,0.0,1.8350526805555563,1.8350526805555563,0.0,104448.0,104448.0,0.0,22528.0,22528.0,0.0,0.9202539178734378,0.9202539178734378,0.0,0.0,True
GEMM,Thermal-SA-TAS,thermal-sa-tas-results,D:\HNOCS\out\experimental results\thermal-sa-tas-results\final\seed_49\gemm\thermal_sa_tas\metrics.json,9.93421735578005,9.93421735578005,0.0,2.1434761400252804,2.1434761400252804,0.0,6.0,6.0,0.0,0.000120405,0.000120405,0.0,0.0015708734939939562,0.0015708734939939562,0.0,1.8350526805555563,1.8350526805555563,0.0,104448.0,104448.0,0.0,22528.0,22528.0,0.0,0.9202539178734378,0.9202539178734378,0.0,0.0,True
MPEG4,Thermal-SA-TAS-ReferenceMapping,thermal-sa-tas-results,D:\HNOCS\out\experimental results\thermal-sa-tas-results\final\seed_49\mpeg4\original\metrics.json,9.446638746800033,9.446638746800033,0.0,1.3003837749577485,1.3003837749577485,0.0,2.0,2.0,0.0,0.0001220699,0.0001220699,0.0,0.0011328804365769536,0.0011328804365769536,0.0,0.07168423611111063,0.07168423611111063,0.0,420000.0,420000.0,0.0,88000.0,88000.0,0.0,0.5670623064060744,0.5670623064060744,0.0,0.0,True
MPEG4,Thermal-SA-TAS,thermal-sa-tas-results,D:\HNOCS\out\experimental results\thermal-sa-tas-results\final\seed_49\mpeg4\thermal_sa_tas\metrics.json,9.446638746800033,9.446638746800033,0.0,1.3003837749577485,1.3003837749577485,0.0,2.0,2.0,0.0,0.0001220699,0.0001220699,0.0,0.0011328804365769536,0.0011328804365769536,0.0,0.07168423611111063,0.07168423611111063,0.0,420000.0,420000.0,0.0,88000.0,88000.0,0.0,0.5670623064060744,0.5670623064060744,0.0,0.0,True
VOPD,Thermal-SA-TAS-ReferenceMapping,thermal-sa-tas-results,D:\HNOCS\out\experimental results\thermal-sa-tas-results\final\seed_49\vopd\original\metrics.json,7.222719212610002,7.222719212610002,0.0,0.9870939912641029,0.9870939912641029,0.0,0.0,0.0,0.0,8.93329e-05,8.93329e-05,0.0,0.0007507385223064374,0.0007507385223064374,0.0,0.0,0.0,0.0,1396000.0,1396000.0,0.0,252000.0,252000.0,0.0,0.35802469135802467,0.35802469135802467,0.0,0.0,True
VOPD,Thermal-SA-TAS,thermal-sa-tas-results,D:\HNOCS\out\experimental results\thermal-sa-tas-results\final\seed_49\vopd\thermal_sa_tas\metrics.json,7.222719212610002,7.222719212610002,0.0,0.9870939912641029,0.9870939912641029,0.0,0.0,0.0,0.0,8.93329e-05,8.93329e-05,0.0,0.0007507385223064374,0.0007507385223064374,0.0,0.0,0.0,0.0,1396000.0,1396000.0,0.0,252000.0,252000.0,0.0,0.35802469135802467,0.35802469135802467,0.0,0.0,True
HNN,Thermal-SA-TAS-ReferenceMapping,thermal-sa-tas-results,D:\HNOCS\out\experimental results\thermal-sa-tas-results\final\seed_49\hnn\original\metrics.json,10.667576241619997,10.667576241619997,0.0,2.454372247071413,2.454372247071413,0.0,16.0,16.0,0.0,0.000203177525,0.000203177525,0.0,0.004651317011228462,0.004651317011228462,0.0,11.14198573637825,11.14198573637825,0.0,2195456.0,2195456.0,0.0,163840.0,163840.0,0.0,0.3028095733610822,0.3028095733610822,0.0,0.0,True
HNN,Thermal-SA-TAS,thermal-sa-tas-results,D:\HNOCS\out\experimental results\thermal-sa-tas-results\final\seed_49\hnn\thermal_sa_tas\metrics.json,10.667576241619997,10.667576241619997,0.0,2.454372247071413,2.454372247071413,0.0,16.0,16.0,0.0,0.000203177525,0.000203177525,0.0,0.004651317011228462,0.004651317011228462,0.0,11.14198573637825,11.14198573637825,0.0,2195456.0,2195456.0,0.0,163840.0,163840.0,0.0,0.3028095733610822,0.3028095733610822,0.0,0.0,True
