file_type,source_root,relative_path,absolute_path,size_bytes,last_write_time
summary_csv,B-2-v4,B-2-v4\aggregate_summary.csv,D:\HNOCS\out\experimental results\B-2-v4\aggregate_summary.csv,8374,1781260652.958387
summary_csv,B-2-v4,B-2-v4\convergence_report.csv,D:\HNOCS\out\experimental results\B-2-v4\convergence_report.csv,2358,1781260652.9476154
summary_csv,B-2-v4,B-2-v4\ga_vs_random_summary.csv,D:\HNOCS\out\experimental results\B-2-v4\ga_vs_random_summary.csv,1768,1781260652.964229
summary_csv,B-2-v4,B-2-v4\runs_summary.csv,D:\HNOCS\out\experimental results\B-2-v4\runs_summary.csv,26289,1781260652.946518
history_json,B-2-v4,B-2-v4\seed_40\gen_60\gemm\history.json,D:\HNOCS\out\experimental results\B-2-v4\seed_40\gen_60\gemm\history.json,145901,1781245108.7137327
metrics_json,B-2-v4,B-2-v4\seed_40\gen_60\gemm\metrics.json,D:\HNOCS\out\experimental results\B-2-v4\seed_40\gen_60\gemm\metrics.json,5950,1781245108.7137327
history_json,B-2-v4,B-2-v4\seed_40\gen_60\hnn\history.json,D:\HNOCS\out\experimental results\B-2-v4\seed_40\gen_60\hnn\history.json,138179,1781245108.7137327
metrics_json,B-2-v4,B-2-v4\seed_40\gen_60\hnn\metrics.json,D:\HNOCS\out\experimental results\B-2-v4\seed_40\gen_60\hnn\metrics.json,5997,1781245108.7137327
history_json,B-2-v4,B-2-v4\seed_40\gen_60\mpeg4\history.json,D:\HNOCS\out\experimental results\B-2-v4\seed_40\gen_60\mpeg4\history.json,67985,1781245108.7206156
metrics_json,B-2-v4,B-2-v4\seed_40\gen_60\mpeg4\metrics.json,D:\HNOCS\out\experimental results\B-2-v4\seed_40\gen_60\mpeg4\metrics.json,5943,1781245108.7206156
history_json,B-2-v4,B-2-v4\seed_40\gen_60\vopd\history.json,D:\HNOCS\out\experimental results\B-2-v4\seed_40\gen_60\vopd\history.json,57896,1781245108.7206156
metrics_json,B-2-v4,B-2-v4\seed_40\gen_60\vopd\metrics.json,D:\HNOCS\out\experimental results\B-2-v4\seed_40\gen_60\vopd\metrics.json,5872,1781245108.7206156
history_json,B-2-v4,B-2-v4\seed_41\gen_60\gemm\history.json,D:\HNOCS\out\experimental results\B-2-v4\seed_41\gen_60\gemm\history.json,70347,1781245108.7206156
metrics_json,B-2-v4,B-2-v4\seed_41\gen_60\gemm\metrics.json,D:\HNOCS\out\experimental results\B-2-v4\seed_41\gen_60\gemm\metrics.json,5942,1781245108.7206156
history_json,B-2-v4,B-2-v4\seed_41\gen_60\hnn\history.json,D:\HNOCS\out\experimental results\B-2-v4\seed_41\gen_60\hnn\history.json,96133,1781245108.7295797
metrics_json,B-2-v4,B-2-v4\seed_41\gen_60\hnn\metrics.json,D:\HNOCS\out\experimental results\B-2-v4\seed_41\gen_60\hnn\metrics.json,5992,1781245108.7295797
history_json,B-2-v4,B-2-v4\seed_41\gen_60\mpeg4\history.json,D:\HNOCS\out\experimental results\B-2-v4\seed_41\gen_60\mpeg4\history.json,138418,1781245108.7295797
metrics_json,B-2-v4,B-2-v4\seed_41\gen_60\mpeg4\metrics.json,D:\HNOCS\out\experimental results\B-2-v4\seed_41\gen_60\mpeg4\metrics.json,5958,1781245108.7295797
history_json,B-2-v4,B-2-v4\seed_41\gen_60\vopd\history.json,D:\HNOCS\out\experimental results\B-2-v4\seed_41\gen_60\vopd\history.json,96346,1781245108.7295797
metrics_json,B-2-v4,B-2-v4\seed_41\gen_60\vopd\metrics.json,D:\HNOCS\out\experimental results\B-2-v4\seed_41\gen_60\vopd\metrics.json,5868,1781245108.7295797
history_json,B-2-v4,B-2-v4\seed_42\gen_60\gemm\history.json,D:\HNOCS\out\experimental results\B-2-v4\seed_42\gen_60\gemm\history.json,109385,1781245108.745608
metrics_json,B-2-v4,B-2-v4\seed_42\gen_60\gemm\metrics.json,D:\HNOCS\out\experimental results\B-2-v4\seed_42\gen_60\gemm\metrics.json,5941,1781245108.745608
history_json,B-2-v4,B-2-v4\seed_42\gen_60\hnn\history.json,D:\HNOCS\out\experimental results\B-2-v4\seed_42\gen_60\hnn\history.json,133278,1781245108.745608
metrics_json,B-2-v4,B-2-v4\seed_42\gen_60\hnn\metrics.json,D:\HNOCS\out\experimental results\B-2-v4\seed_42\gen_60\hnn\metrics.json,6002,1781245108.745608
history_json,B-2-v4,B-2-v4\seed_42\gen_60\mpeg4\history.json,D:\HNOCS\out\experimental results\B-2-v4\seed_42\gen_60\mpeg4\history.json,51079,1781245108.745608
metrics_json,B-2-v4,B-2-v4\seed_42\gen_60\mpeg4\metrics.json,D:\HNOCS\out\experimental results\B-2-v4\seed_42\gen_60\mpeg4\metrics.json,5961,1781245108.745608
history_json,B-2-v4,B-2-v4\seed_42\gen_60\vopd\history.json,D:\HNOCS\out\experimental results\B-2-v4\seed_42\gen_60\vopd\history.json,91614,1781245108.745608
metrics_json,B-2-v4,B-2-v4\seed_42\gen_60\vopd\metrics.json,D:\HNOCS\out\experimental results\B-2-v4\seed_42\gen_60\vopd\metrics.json,5862,1781245108.745608
history_json,B-2-v4,B-2-v4\seed_43\gen_60\gemm\history.json,D:\HNOCS\out\experimental results\B-2-v4\seed_43\gen_60\gemm\history.json,48683,1781245108.7617075
metrics_json,B-2-v4,B-2-v4\seed_43\gen_60\gemm\metrics.json,D:\HNOCS\out\experimental results\B-2-v4\seed_43\gen_60\gemm\metrics.json,5952,1781245108.7627585
history_json,B-2-v4,B-2-v4\seed_43\gen_60\hnn\history.json,D:\HNOCS\out\experimental results\B-2-v4\seed_43\gen_60\hnn\history.json,41977,1781245108.764887
metrics_json,B-2-v4,B-2-v4\seed_43\gen_60\hnn\metrics.json,D:\HNOCS\out\experimental results\B-2-v4\seed_43\gen_60\hnn\metrics.json,5999,1781245108.764887
history_json,B-2-v4,B-2-v4\seed_43\gen_60\mpeg4\history.json,D:\HNOCS\out\experimental results\B-2-v4\seed_43\gen_60\mpeg4\history.json,77637,1781245108.766982
metrics_json,B-2-v4,B-2-v4\seed_43\gen_60\mpeg4\metrics.json,D:\HNOCS\out\experimental results\B-2-v4\seed_43\gen_60\mpeg4\metrics.json,5940,1781245108.766982
history_json,B-2-v4,B-2-v4\seed_43\gen_60\vopd\history.json,D:\HNOCS\out\experimental results\B-2-v4\seed_43\gen_60\vopd\history.json,69996,1781245108.7692058
metrics_json,B-2-v4,B-2-v4\seed_43\gen_60\vopd\metrics.json,D:\HNOCS\out\experimental results\B-2-v4\seed_43\gen_60\vopd\metrics.json,5868,1781245108.7702155
history_json,B-2-v4,B-2-v4\seed_44\gen_60\gemm\history.json,D:\HNOCS\out\experimental results\B-2-v4\seed_44\gen_60\gemm\history.json,80153,1781245108.7295797
metrics_json,B-2-v4,B-2-v4\seed_44\gen_60\gemm\metrics.json,D:\HNOCS\out\experimental results\B-2-v4\seed_44\gen_60\gemm\metrics.json,5940,1781245108.7295797
history_json,B-2-v4,B-2-v4\seed_44\gen_60\hnn\history.json,D:\HNOCS\out\experimental results\B-2-v4\seed_44\gen_60\hnn\history.json,74035,1781245108.7295797
metrics_json,B-2-v4,B-2-v4\seed_44\gen_60\hnn\metrics.json,D:\HNOCS\out\experimental results\B-2-v4\seed_44\gen_60\hnn\metrics.json,5995,1781245108.7295797
history_json,B-2-v4,B-2-v4\seed_44\gen_60\mpeg4\history.json,D:\HNOCS\out\experimental results\B-2-v4\seed_44\gen_60\mpeg4\history.json,94578,1781245108.7295797
metrics_json,B-2-v4,B-2-v4\seed_44\gen_60\mpeg4\metrics.json,D:\HNOCS\out\experimental results\B-2-v4\seed_44\gen_60\mpeg4\metrics.json,5942,1781245108.7295797
history_json,B-2-v4,B-2-v4\seed_44\gen_60\vopd\history.json,D:\HNOCS\out\experimental results\B-2-v4\seed_44\gen_60\vopd\history.json,72221,1781245108.745608
metrics_json,B-2-v4,B-2-v4\seed_44\gen_60\vopd\metrics.json,D:\HNOCS\out\experimental results\B-2-v4\seed_44\gen_60\vopd\metrics.json,5866,1781245108.745608
history_json,B-2-v4,B-2-v4\seed_45\gen_60\gemm\history.json,D:\HNOCS\out\experimental results\B-2-v4\seed_45\gen_60\gemm\history.json,128970,1781248487.0
metrics_json,B-2-v4,B-2-v4\seed_45\gen_60\gemm\metrics.json,D:\HNOCS\out\experimental results\B-2-v4\seed_45\gen_60\gemm\metrics.json,5950,1781248487.0
history_json,B-2-v4,B-2-v4\seed_45\gen_60\hnn\history.json,D:\HNOCS\out\experimental results\B-2-v4\seed_45\gen_60\hnn\history.json,66605,1781253312.0
metrics_json,B-2-v4,B-2-v4\seed_45\gen_60\hnn\metrics.json,D:\HNOCS\out\experimental results\B-2-v4\seed_45\gen_60\hnn\metrics.json,5993,1781253312.0
history_json,B-2-v4,B-2-v4\seed_45\gen_60\mpeg4\history.json,D:\HNOCS\out\experimental results\B-2-v4\seed_45\gen_60\mpeg4\history.json,111627,1781248865.0
metrics_json,B-2-v4,B-2-v4\seed_45\gen_60\mpeg4\metrics.json,D:\HNOCS\out\experimental results\B-2-v4\seed_45\gen_60\mpeg4\metrics.json,5944,1781248865.0
history_json,B-2-v4,B-2-v4\seed_45\gen_60\vopd\history.json,D:\HNOCS\out\experimental results\B-2-v4\seed_45\gen_60\vopd\history.json,93828,1781250014.0
metrics_json,B-2-v4,B-2-v4\seed_45\gen_60\vopd\metrics.json,D:\HNOCS\out\experimental results\B-2-v4\seed_45\gen_60\vopd\metrics.json,5872,1781250014.0
history_json,B-2-v4,B-2-v4\seed_46\gen_60\gemm\history.json,D:\HNOCS\out\experimental results\B-2-v4\seed_46\gen_60\gemm\history.json,123728,1781248558.0
metrics_json,B-2-v4,B-2-v4\seed_46\gen_60\gemm\metrics.json,D:\HNOCS\out\experimental results\B-2-v4\seed_46\gen_60\gemm\metrics.json,5941,1781248558.0
history_json,B-2-v4,B-2-v4\seed_46\gen_60\hnn\history.json,D:\HNOCS\out\experimental results\B-2-v4\seed_46\gen_60\hnn\history.json,147957,1781253448.0
metrics_json,B-2-v4,B-2-v4\seed_46\gen_60\hnn\metrics.json,D:\HNOCS\out\experimental results\B-2-v4\seed_46\gen_60\hnn\metrics.json,6000,1781253448.0
history_json,B-2-v4,B-2-v4\seed_46\gen_60\mpeg4\history.json,D:\HNOCS\out\experimental results\B-2-v4\seed_46\gen_60\mpeg4\history.json,85159,1781248914.0
metrics_json,B-2-v4,B-2-v4\seed_46\gen_60\mpeg4\metrics.json,D:\HNOCS\out\experimental results\B-2-v4\seed_46\gen_60\mpeg4\metrics.json,5955,1781248914.0
history_json,B-2-v4,B-2-v4\seed_46\gen_60\vopd\history.json,D:\HNOCS\out\experimental results\B-2-v4\seed_46\gen_60\vopd\history.json,65126,1781250691.0
metrics_json,B-2-v4,B-2-v4\seed_46\gen_60\vopd\metrics.json,D:\HNOCS\out\experimental results\B-2-v4\seed_46\gen_60\vopd\metrics.json,5883,1781250691.0
history_json,B-2-v4,B-2-v4\seed_47\gen_60\gemm\history.json,D:\HNOCS\out\experimental results\B-2-v4\seed_47\gen_60\gemm\history.json,133591,1781248634.0
metrics_json,B-2-v4,B-2-v4\seed_47\gen_60\gemm\metrics.json,D:\HNOCS\out\experimental results\B-2-v4\seed_47\gen_60\gemm\metrics.json,5948,1781248634.0
history_json,B-2-v4,B-2-v4\seed_47\gen_60\hnn\history.json,D:\HNOCS\out\experimental results\B-2-v4\seed_47\gen_60\hnn\history.json,68988,1781253513.0
metrics_json,B-2-v4,B-2-v4\seed_47\gen_60\hnn\metrics.json,D:\HNOCS\out\experimental results\B-2-v4\seed_47\gen_60\hnn\metrics.json,5990,1781253513.0
history_json,B-2-v4,B-2-v4\seed_47\gen_60\mpeg4\history.json,D:\HNOCS\out\experimental results\B-2-v4\seed_47\gen_60\mpeg4\history.json,141077,1781248996.0
metrics_json,B-2-v4,B-2-v4\seed_47\gen_60\mpeg4\metrics.json,D:\HNOCS\out\experimental results\B-2-v4\seed_47\gen_60\mpeg4\metrics.json,5957,1781248996.0
history_json,B-2-v4,B-2-v4\seed_47\gen_60\vopd\history.json,D:\HNOCS\out\experimental results\B-2-v4\seed_47\gen_60\vopd\history.json,120224,1781251860.0
metrics_json,B-2-v4,B-2-v4\seed_47\gen_60\vopd\metrics.json,D:\HNOCS\out\experimental results\B-2-v4\seed_47\gen_60\vopd\metrics.json,5868,1781251860.0
history_json,B-2-v4,B-2-v4\seed_48\gen_60\gemm\history.json,D:\HNOCS\out\experimental results\B-2-v4\seed_48\gen_60\gemm\history.json,145801,1781248717.0
metrics_json,B-2-v4,B-2-v4\seed_48\gen_60\gemm\metrics.json,D:\HNOCS\out\experimental results\B-2-v4\seed_48\gen_60\gemm\metrics.json,5951,1781248717.0
history_json,B-2-v4,B-2-v4\seed_48\gen_60\hnn\history.json,D:\HNOCS\out\experimental results\B-2-v4\seed_48\gen_60\hnn\history.json,113492,1781253620.0
metrics_json,B-2-v4,B-2-v4\seed_48\gen_60\hnn\metrics.json,D:\HNOCS\out\experimental results\B-2-v4\seed_48\gen_60\hnn\metrics.json,5993,1781253620.0
history_json,B-2-v4,B-2-v4\seed_48\gen_60\mpeg4\history.json,D:\HNOCS\out\experimental results\B-2-v4\seed_48\gen_60\mpeg4\history.json,63132,1781249033.0
metrics_json,B-2-v4,B-2-v4\seed_48\gen_60\mpeg4\metrics.json,D:\HNOCS\out\experimental results\B-2-v4\seed_48\gen_60\mpeg4\metrics.json,5956,1781249033.0
history_json,B-2-v4,B-2-v4\seed_48\gen_60\vopd\history.json,D:\HNOCS\out\experimental results\B-2-v4\seed_48\gen_60\vopd\history.json,115792,1781252607.0
metrics_json,B-2-v4,B-2-v4\seed_48\gen_60\vopd\metrics.json,D:\HNOCS\out\experimental results\B-2-v4\seed_48\gen_60\vopd\metrics.json,5867,1781252607.0
history_json,B-2-v4,B-2-v4\seed_49\gen_60\gemm\history.json,D:\HNOCS\out\experimental results\B-2-v4\seed_49\gen_60\gemm\history.json,145645,1781248800.0
metrics_json,B-2-v4,B-2-v4\seed_49\gen_60\gemm\metrics.json,D:\HNOCS\out\experimental results\B-2-v4\seed_49\gen_60\gemm\metrics.json,5949,1781248800.0
history_json,B-2-v4,B-2-v4\seed_49\gen_60\hnn\history.json,D:\HNOCS\out\experimental results\B-2-v4\seed_49\gen_60\hnn\history.json,69105,1781253685.0
metrics_json,B-2-v4,B-2-v4\seed_49\gen_60\hnn\metrics.json,D:\HNOCS\out\experimental results\B-2-v4\seed_49\gen_60\hnn\metrics.json,5996,1781253685.0
history_json,B-2-v4,B-2-v4\seed_49\gen_60\mpeg4\history.json,D:\HNOCS\out\experimental results\B-2-v4\seed_49\gen_60\mpeg4\history.json,75146,1781249078.0
metrics_json,B-2-v4,B-2-v4\seed_49\gen_60\mpeg4\metrics.json,D:\HNOCS\out\experimental results\B-2-v4\seed_49\gen_60\mpeg4\metrics.json,5937,1781249078.0
history_json,B-2-v4,B-2-v4\seed_49\gen_60\vopd\history.json,D:\HNOCS\out\experimental results\B-2-v4\seed_49\gen_60\vopd\history.json,115981,1781253250.0
metrics_json,B-2-v4,B-2-v4\seed_49\gen_60\vopd\metrics.json,D:\HNOCS\out\experimental results\B-2-v4\seed_49\gen_60\vopd\metrics.json,5872,1781253250.0
summary_csv,B-2-v4,B-2-v4\validity_report.csv,D:\HNOCS\out\experimental results\B-2-v4\validity_report.csv,2981,1781260652.9476154
summary_csv,B-2-v4-ablation,B-2-v4-ablation\comm-only\aggregate_summary.csv,D:\HNOCS\out\experimental results\B-2-v4-ablation\comm-only\aggregate_summary.csv,2665,1781412337.0
summary_csv,B-2-v4-ablation,B-2-v4-ablation\comm-only\runs_summary.csv,D:\HNOCS\out\experimental results\B-2-v4-ablation\comm-only\runs_summary.csv,13752,1781412337.0
history_json,B-2-v4-ablation,B-2-v4-ablation\comm-only\seed_40\gen_60\gemm\history.json,D:\HNOCS\out\experimental results\B-2-v4-ablation\comm-only\seed_40\gen_60\gemm\history.json,138217,1781402828.0
metrics_json,B-2-v4-ablation,B-2-v4-ablation\comm-only\seed_40\gen_60\gemm\metrics.json,D:\HNOCS\out\experimental results\B-2-v4-ablation\comm-only\seed_40\gen_60\gemm\metrics.json,5904,1781402828.0
history_json,B-2-v4-ablation,B-2-v4-ablation\comm-only\seed_40\gen_60\hnn\history.json,D:\HNOCS\out\experimental results\B-2-v4-ablation\comm-only\seed_40\gen_60\hnn\history.json,76175,1781411330.0
metrics_json,B-2-v4-ablation,B-2-v4-ablation\comm-only\seed_40\gen_60\hnn\metrics.json,D:\HNOCS\out\experimental results\B-2-v4-ablation\comm-only\seed_40\gen_60\hnn\metrics.json,5955,1781411330.0
history_json,B-2-v4-ablation,B-2-v4-ablation\comm-only\seed_40\gen_60\mpeg4\history.json,D:\HNOCS\out\experimental results\B-2-v4-ablation\comm-only\seed_40\gen_60\mpeg4\history.json,121100,1781403549.0
metrics_json,B-2-v4-ablation,B-2-v4-ablation\comm-only\seed_40\gen_60\mpeg4\metrics.json,D:\HNOCS\out\experimental results\B-2-v4-ablation\comm-only\seed_40\gen_60\mpeg4\metrics.json,5923,1781403549.0
history_json,B-2-v4-ablation,B-2-v4-ablation\comm-only\seed_40\gen_60\vopd\history.json,D:\HNOCS\out\experimental results\B-2-v4-ablation\comm-only\seed_40\gen_60\vopd\history.json,139745,1781405016.0
metrics_json,B-2-v4-ablation,B-2-v4-ablation\comm-only\seed_40\gen_60\vopd\metrics.json,D:\HNOCS\out\experimental results\B-2-v4-ablation\comm-only\seed_40\gen_60\vopd\metrics.json,5871,1781405016.0
history_json,B-2-v4-ablation,B-2-v4-ablation\comm-only\seed_41\gen_60\gemm\history.json,D:\HNOCS\out\experimental results\B-2-v4-ablation\comm-only\seed_41\gen_60\gemm\history.json,121550,1781402908.0
metrics_json,B-2-v4-ablation,B-2-v4-ablation\comm-only\seed_41\gen_60\gemm\metrics.json,D:\HNOCS\out\experimental results\B-2-v4-ablation\comm-only\seed_41\gen_60\gemm\metrics.json,5911,1781402908.0
history_json,B-2-v4-ablation,B-2-v4-ablation\comm-only\seed_41\gen_60\hnn\history.json,D:\HNOCS\out\experimental results\B-2-v4-ablation\comm-only\seed_41\gen_60\hnn\history.json,120441,1781411437.0
metrics_json,B-2-v4-ablation,B-2-v4-ablation\comm-only\seed_41\gen_60\hnn\metrics.json,D:\HNOCS\out\experimental results\B-2-v4-ablation\comm-only\seed_41\gen_60\hnn\metrics.json,5956,1781411437.0
history_json,B-2-v4-ablation,B-2-v4-ablation\comm-only\seed_41\gen_60\mpeg4\history.json,D:\HNOCS\out\experimental results\B-2-v4-ablation\comm-only\seed_41\gen_60\mpeg4\history.json,55640,1781403580.0
metrics_json,B-2-v4-ablation,B-2-v4-ablation\comm-only\seed_41\gen_60\mpeg4\metrics.json,D:\HNOCS\out\experimental results\B-2-v4-ablation\comm-only\seed_41\gen_60\mpeg4\metrics.json,5915,1781403580.0
history_json,B-2-v4-ablation,B-2-v4-ablation\comm-only\seed_41\gen_60\vopd\history.json,D:\HNOCS\out\experimental results\B-2-v4-ablation\comm-only\seed_41\gen_60\vopd\history.json,94004,1781405619.0
metrics_json,B-2-v4-ablation,B-2-v4-ablation\comm-only\seed_41\gen_60\vopd\metrics.json,D:\HNOCS\out\experimental results\B-2-v4-ablation\comm-only\seed_41\gen_60\vopd\metrics.json,5872,1781405619.0
history_json,B-2-v4-ablation,B-2-v4-ablation\comm-only\seed_42\gen_60\gemm\history.json,D:\HNOCS\out\experimental results\B-2-v4-ablation\comm-only\seed_42\gen_60\gemm\history.json,79825,1781402966.0
metrics_json,B-2-v4-ablation,B-2-v4-ablation\comm-only\seed_42\gen_60\gemm\metrics.json,D:\HNOCS\out\experimental results\B-2-v4-ablation\comm-only\seed_42\gen_60\gemm\metrics.json,5897,1781402966.0
history_json,B-2-v4-ablation,B-2-v4-ablation\comm-only\seed_42\gen_60\hnn\history.json,D:\HNOCS\out\experimental results\B-2-v4-ablation\comm-only\seed_42\gen_60\hnn\history.json,76129,1781411503.0
metrics_json,B-2-v4-ablation,B-2-v4-ablation\comm-only\seed_42\gen_60\hnn\metrics.json,D:\HNOCS\out\experimental results\B-2-v4-ablation\comm-only\seed_42\gen_60\hnn\metrics.json,5961,1781411503.0
history_json,B-2-v4-ablation,B-2-v4-ablation\comm-only\seed_42\gen_60\mpeg4\history.json,D:\HNOCS\out\experimental results\B-2-v4-ablation\comm-only\seed_42\gen_60\mpeg4\history.json,106388,1781403639.0
metrics_json,B-2-v4-ablation,B-2-v4-ablation\comm-only\seed_42\gen_60\mpeg4\metrics.json,D:\HNOCS\out\experimental results\B-2-v4-ablation\comm-only\seed_42\gen_60\mpeg4\metrics.json,5913,1781403639.0
history_json,B-2-v4-ablation,B-2-v4-ablation\comm-only\seed_42\gen_60\vopd\history.json,D:\HNOCS\out\experimental results\B-2-v4-ablation\comm-only\seed_42\gen_60\vopd\history.json,98413,1781406607.0
metrics_json,B-2-v4-ablation,B-2-v4-ablation\comm-only\seed_42\gen_60\vopd\metrics.json,D:\HNOCS\out\experimental results\B-2-v4-ablation\comm-only\seed_42\gen_60\vopd\metrics.json,5869,1781406607.0
history_json,B-2-v4-ablation,B-2-v4-ablation\comm-only\seed_43\gen_60\gemm\history.json,D:\HNOCS\out\experimental results\B-2-v4-ablation\comm-only\seed_43\gen_60\gemm\history.json,116296,1781403046.0
metrics_json,B-2-v4-ablation,B-2-v4-ablation\comm-only\seed_43\gen_60\gemm\metrics.json,D:\HNOCS\out\experimental results\B-2-v4-ablation\comm-only\seed_43\gen_60\gemm\metrics.json,5904,1781403046.0
history_json,B-2-v4-ablation,B-2-v4-ablation\comm-only\seed_43\gen_60\hnn\history.json,D:\HNOCS\out\experimental results\B-2-v4-ablation\comm-only\seed_43\gen_60\hnn\history.json,110552,1781411602.0
metrics_json,B-2-v4-ablation,B-2-v4-ablation\comm-only\seed_43\gen_60\hnn\metrics.json,D:\HNOCS\out\experimental results\B-2-v4-ablation\comm-only\seed_43\gen_60\hnn\metrics.json,5958,1781411602.0
history_json,B-2-v4-ablation,B-2-v4-ablation\comm-only\seed_43\gen_60\mpeg4\history.json,D:\HNOCS\out\experimental results\B-2-v4-ablation\comm-only\seed_43\gen_60\mpeg4\history.json,106487,1781403698.0
metrics_json,B-2-v4-ablation,B-2-v4-ablation\comm-only\seed_43\gen_60\mpeg4\metrics.json,D:\HNOCS\out\experimental results\B-2-v4-ablation\comm-only\seed_43\gen_60\mpeg4\metrics.json,5912,1781403698.0
history_json,B-2-v4-ablation,B-2-v4-ablation\comm-only\seed_43\gen_60\vopd\history.json,D:\HNOCS\out\experimental results\B-2-v4-ablation\comm-only\seed_43\gen_60\vopd\history.json,77104,1781407128.0
metrics_json,B-2-v4-ablation,B-2-v4-ablation\comm-only\seed_43\gen_60\vopd\metrics.json,D:\HNOCS\out\experimental results\B-2-v4-ablation\comm-only\seed_43\gen_60\vopd\metrics.json,5871,1781407128.0
history_json,B-2-v4-ablation,B-2-v4-ablation\comm-only\seed_44\gen_60\gemm\history.json,D:\HNOCS\out\experimental results\B-2-v4-ablation\comm-only\seed_44\gen_60\gemm\history.json,89237,1781403109.0
metrics_json,B-2-v4-ablation,B-2-v4-ablation\comm-only\seed_44\gen_60\gemm\metrics.json,D:\HNOCS\out\experimental results\B-2-v4-ablation\comm-only\seed_44\gen_60\gemm\metrics.json,5977,1781403109.0
history_json,B-2-v4-ablation,B-2-v4-ablation\comm-only\seed_44\gen_60\hnn\history.json,D:\HNOCS\out\experimental results\B-2-v4-ablation\comm-only\seed_44\gen_60\hnn\history.json,146852,1781411727.0
metrics_json,B-2-v4-ablation,B-2-v4-ablation\comm-only\seed_44\gen_60\hnn\metrics.json,D:\HNOCS\out\experimental results\B-2-v4-ablation\comm-only\seed_44\gen_60\hnn\metrics.json,5958,1781411727.0
history_json,B-2-v4-ablation,B-2-v4-ablation\comm-only\seed_44\gen_60\mpeg4\history.json,D:\HNOCS\out\experimental results\B-2-v4-ablation\comm-only\seed_44\gen_60\mpeg4\history.json,105499,1781403756.0
metrics_json,B-2-v4-ablation,B-2-v4-ablation\comm-only\seed_44\gen_60\mpeg4\metrics.json,D:\HNOCS\out\experimental results\B-2-v4-ablation\comm-only\seed_44\gen_60\mpeg4\metrics.json,5969,1781403756.0
history_json,B-2-v4-ablation,B-2-v4-ablation\comm-only\seed_44\gen_60\vopd\history.json,D:\HNOCS\out\experimental results\B-2-v4-ablation\comm-only\seed_44\gen_60\vopd\history.json,113148,1781407967.0
metrics_json,B-2-v4-ablation,B-2-v4-ablation\comm-only\seed_44\gen_60\vopd\metrics.json,D:\HNOCS\out\experimental results\B-2-v4-ablation\comm-only\seed_44\gen_60\vopd\metrics.json,5870,1781407967.0
history_json,B-2-v4-ablation,B-2-v4-ablation\comm-only\seed_45\gen_60\gemm\history.json,D:\HNOCS\out\experimental results\B-2-v4-ablation\comm-only\seed_45\gen_60\gemm\history.json,120970,1781403192.0
metrics_json,B-2-v4-ablation,B-2-v4-ablation\comm-only\seed_45\gen_60\gemm\metrics.json,D:\HNOCS\out\experimental results\B-2-v4-ablation\comm-only\seed_45\gen_60\gemm\metrics.json,5903,1781403192.0
history_json,B-2-v4-ablation,B-2-v4-ablation\comm-only\seed_45\gen_60\hnn\history.json,D:\HNOCS\out\experimental results\B-2-v4-ablation\comm-only\seed_45\gen_60\hnn\history.json,147310,1781411858.0
metrics_json,B-2-v4-ablation,B-2-v4-ablation\comm-only\seed_45\gen_60\hnn\metrics.json,D:\HNOCS\out\experimental results\B-2-v4-ablation\comm-only\seed_45\gen_60\hnn\metrics.json,5956,1781411858.0
history_json,B-2-v4-ablation,B-2-v4-ablation\comm-only\seed_45\gen_60\mpeg4\history.json,D:\HNOCS\out\experimental results\B-2-v4-ablation\comm-only\seed_45\gen_60\mpeg4\history.json,96969,1781403809.0
metrics_json,B-2-v4-ablation,B-2-v4-ablation\comm-only\seed_45\gen_60\mpeg4\metrics.json,D:\HNOCS\out\experimental results\B-2-v4-ablation\comm-only\seed_45\gen_60\mpeg4\metrics.json,5920,1781403809.0
history_json,B-2-v4-ablation,B-2-v4-ablation\comm-only\seed_45\gen_60\vopd\history.json,D:\HNOCS\out\experimental results\B-2-v4-ablation\comm-only\seed_45\gen_60\vopd\history.json,115721,1781408604.0
metrics_json,B-2-v4-ablation,B-2-v4-ablation\comm-only\seed_45\gen_60\vopd\metrics.json,D:\HNOCS\out\experimental results\B-2-v4-ablation\comm-only\seed_45\gen_60\vopd\metrics.json,5872,1781408604.0
history_json,B-2-v4-ablation,B-2-v4-ablation\comm-only\seed_46\gen_60\gemm\history.json,D:\HNOCS\out\experimental results\B-2-v4-ablation\comm-only\seed_46\gen_60\gemm\history.json,96949,1781403255.0
metrics_json,B-2-v4-ablation,B-2-v4-ablation\comm-only\seed_46\gen_60\gemm\metrics.json,D:\HNOCS\out\experimental results\B-2-v4-ablation\comm-only\seed_46\gen_60\gemm\metrics.json,5896,1781403255.0
history_json,B-2-v4-ablation,B-2-v4-ablation\comm-only\seed_46\gen_60\hnn\history.json,D:\HNOCS\out\experimental results\B-2-v4-ablation\comm-only\seed_46\gen_60\hnn\history.json,147201,1781411988.0
metrics_json,B-2-v4-ablation,B-2-v4-ablation\comm-only\seed_46\gen_60\hnn\metrics.json,D:\HNOCS\out\experimental results\B-2-v4-ablation\comm-only\seed_46\gen_60\hnn\metrics.json,5948,1781411988.0
history_json,B-2-v4-ablation,B-2-v4-ablation\comm-only\seed_46\gen_60\mpeg4\history.json,D:\HNOCS\out\experimental results\B-2-v4-ablation\comm-only\seed_46\gen_60\mpeg4\history.json,108929,1781403869.0
metrics_json,B-2-v4-ablation,B-2-v4-ablation\comm-only\seed_46\gen_60\mpeg4\metrics.json,D:\HNOCS\out\experimental results\B-2-v4-ablation\comm-only\seed_46\gen_60\mpeg4\metrics.json,5915,1781403869.0
history_json,B-2-v4-ablation,B-2-v4-ablation\comm-only\seed_46\gen_60\vopd\history.json,D:\HNOCS\out\experimental results\B-2-v4-ablation\comm-only\seed_46\gen_60\vopd\history.json,125162,1781409549.0
metrics_json,B-2-v4-ablation,B-2-v4-ablation\comm-only\seed_46\gen_60\vopd\metrics.json,D:\HNOCS\out\experimental results\B-2-v4-ablation\comm-only\seed_46\gen_60\vopd\metrics.json,5867,1781409549.0
history_json,B-2-v4-ablation,B-2-v4-ablation\comm-only\seed_47\gen_60\gemm\history.json,D:\HNOCS\out\experimental results\B-2-v4-ablation\comm-only\seed_47\gen_60\gemm\history.json,104071,1781403331.0
metrics_json,B-2-v4-ablation,B-2-v4-ablation\comm-only\seed_47\gen_60\gemm\metrics.json,D:\HNOCS\out\experimental results\B-2-v4-ablation\comm-only\seed_47\gen_60\gemm\metrics.json,5905,1781403331.0
history_json,B-2-v4-ablation,B-2-v4-ablation\comm-only\seed_47\gen_60\hnn\history.json,D:\HNOCS\out\experimental results\B-2-v4-ablation\comm-only\seed_47\gen_60\hnn\history.json,147467,1781412118.0
metrics_json,B-2-v4-ablation,B-2-v4-ablation\comm-only\seed_47\gen_60\hnn\metrics.json,D:\HNOCS\out\experimental results\B-2-v4-ablation\comm-only\seed_47\gen_60\hnn\metrics.json,5962,1781412118.0
history_json,B-2-v4-ablation,B-2-v4-ablation\comm-only\seed_47\gen_60\mpeg4\history.json,D:\HNOCS\out\experimental results\B-2-v4-ablation\comm-only\seed_47\gen_60\mpeg4\history.json,147206,1781403949.0
metrics_json,B-2-v4-ablation,B-2-v4-ablation\comm-only\seed_47\gen_60\mpeg4\metrics.json,D:\HNOCS\out\experimental results\B-2-v4-ablation\comm-only\seed_47\gen_60\mpeg4\metrics.json,5961,1781403949.0
history_json,B-2-v4-ablation,B-2-v4-ablation\comm-only\seed_47\gen_60\vopd\history.json,D:\HNOCS\out\experimental results\B-2-v4-ablation\comm-only\seed_47\gen_60\vopd\history.json,115688,1781410165.0
metrics_json,B-2-v4-ablation,B-2-v4-ablation\comm-only\seed_47\gen_60\vopd\metrics.json,D:\HNOCS\out\experimental results\B-2-v4-ablation\comm-only\seed_47\gen_60\vopd\metrics.json,5865,1781410165.0
history_json,B-2-v4-ablation,B-2-v4-ablation\comm-only\seed_48\gen_60\gemm\history.json,D:\HNOCS\out\experimental results\B-2-v4-ablation\comm-only\seed_48\gen_60\gemm\history.json,123097,1781403422.0
metrics_json,B-2-v4-ablation,B-2-v4-ablation\comm-only\seed_48\gen_60\gemm\metrics.json,D:\HNOCS\out\experimental results\B-2-v4-ablation\comm-only\seed_48\gen_60\gemm\metrics.json,5793,1781403422.0
history_json,B-2-v4-ablation,B-2-v4-ablation\comm-only\seed_48\gen_60\hnn\history.json,D:\HNOCS\out\experimental results\B-2-v4-ablation\comm-only\seed_48\gen_60\hnn\history.json,147106,1781412251.0
metrics_json,B-2-v4-ablation,B-2-v4-ablation\comm-only\seed_48\gen_60\hnn\metrics.json,D:\HNOCS\out\experimental results\B-2-v4-ablation\comm-only\seed_48\gen_60\hnn\metrics.json,5957,1781412251.0
history_json,B-2-v4-ablation,B-2-v4-ablation\comm-only\seed_48\gen_60\mpeg4\history.json,D:\HNOCS\out\experimental results\B-2-v4-ablation\comm-only\seed_48\gen_60\mpeg4\history.json,145934,1781404029.0
metrics_json,B-2-v4-ablation,B-2-v4-ablation\comm-only\seed_48\gen_60\mpeg4\metrics.json,D:\HNOCS\out\experimental results\B-2-v4-ablation\comm-only\seed_48\gen_60\mpeg4\metrics.json,5905,1781404029.0
history_json,B-2-v4-ablation,B-2-v4-ablation\comm-only\seed_48\gen_60\vopd\history.json,D:\HNOCS\out\experimental results\B-2-v4-ablation\comm-only\seed_48\gen_60\vopd\history.json,137497,1781410712.0
metrics_json,B-2-v4-ablation,B-2-v4-ablation\comm-only\seed_48\gen_60\vopd\metrics.json,D:\HNOCS\out\experimental results\B-2-v4-ablation\comm-only\seed_48\gen_60\vopd\metrics.json,5873,1781410712.0
history_json,B-2-v4-ablation,B-2-v4-ablation\comm-only\seed_49\gen_60\gemm\history.json,D:\HNOCS\out\experimental results\B-2-v4-ablation\comm-only\seed_49\gen_60\gemm\history.json,79016,1781403482.0
metrics_json,B-2-v4-ablation,B-2-v4-ablation\comm-only\seed_49\gen_60\gemm\metrics.json,D:\HNOCS\out\experimental results\B-2-v4-ablation\comm-only\seed_49\gen_60\gemm\metrics.json,5792,1781403482.0
history_json,B-2-v4-ablation,B-2-v4-ablation\comm-only\seed_49\gen_60\hnn\history.json,D:\HNOCS\out\experimental results\B-2-v4-ablation\comm-only\seed_49\gen_60\hnn\history.json,95645,1781412337.0
metrics_json,B-2-v4-ablation,B-2-v4-ablation\comm-only\seed_49\gen_60\hnn\metrics.json,D:\HNOCS\out\experimental results\B-2-v4-ablation\comm-only\seed_49\gen_60\hnn\metrics.json,5955,1781412337.0
history_json,B-2-v4-ablation,B-2-v4-ablation\comm-only\seed_49\gen_60\mpeg4\history.json,D:\HNOCS\out\experimental results\B-2-v4-ablation\comm-only\seed_49\gen_60\mpeg4\history.json,66326,1781404065.0
metrics_json,B-2-v4-ablation,B-2-v4-ablation\comm-only\seed_49\gen_60\mpeg4\metrics.json,D:\HNOCS\out\experimental results\B-2-v4-ablation\comm-only\seed_49\gen_60\mpeg4\metrics.json,5966,1781404065.0
history_json,B-2-v4-ablation,B-2-v4-ablation\comm-only\seed_49\gen_60\vopd\history.json,D:\HNOCS\out\experimental results\B-2-v4-ablation\comm-only\seed_49\gen_60\vopd\history.json,79386,1781411256.0
metrics_json,B-2-v4-ablation,B-2-v4-ablation\comm-only\seed_49\gen_60\vopd\metrics.json,D:\HNOCS\out\experimental results\B-2-v4-ablation\comm-only\seed_49\gen_60\vopd\metrics.json,5863,1781411256.0
summary_csv,B-2-v4-ablation,B-2-v4-ablation\thermal-only\aggregate_summary.csv,D:\HNOCS\out\experimental results\B-2-v4-ablation\thermal-only\aggregate_summary.csv,2674,1781402731.0
summary_csv,B-2-v4-ablation,B-2-v4-ablation\thermal-only\runs_summary.csv,D:\HNOCS\out\experimental results\B-2-v4-ablation\thermal-only\runs_summary.csv,13827,1781402731.0
history_json,B-2-v4-ablation,B-2-v4-ablation\thermal-only\seed_40\gen_60\gemm\history.json,D:\HNOCS\out\experimental results\B-2-v4-ablation\thermal-only\seed_40\gen_60\gemm\history.json,89444,1781387956.0
metrics_json,B-2-v4-ablation,B-2-v4-ablation\thermal-only\seed_40\gen_60\gemm\metrics.json,D:\HNOCS\out\experimental results\B-2-v4-ablation\thermal-only\seed_40\gen_60\gemm\metrics.json,5902,1781387956.0
history_json,B-2-v4-ablation,B-2-v4-ablation\thermal-only\seed_40\gen_60\hnn\history.json,D:\HNOCS\out\experimental results\B-2-v4-ablation\thermal-only\seed_40\gen_60\hnn\history.json,144976,1781401270.0
metrics_json,B-2-v4-ablation,B-2-v4-ablation\thermal-only\seed_40\gen_60\hnn\metrics.json,D:\HNOCS\out\experimental results\B-2-v4-ablation\thermal-only\seed_40\gen_60\hnn\metrics.json,5908,1781401270.0
history_json,B-2-v4-ablation,B-2-v4-ablation\thermal-only\seed_40\gen_60\mpeg4\history.json,D:\HNOCS\out\experimental results\B-2-v4-ablation\thermal-only\seed_40\gen_60\mpeg4\history.json,89546,1781388692.0
metrics_json,B-2-v4-ablation,B-2-v4-ablation\thermal-only\seed_40\gen_60\mpeg4\metrics.json,D:\HNOCS\out\experimental results\B-2-v4-ablation\thermal-only\seed_40\gen_60\mpeg4\metrics.json,5921,1781388692.0
history_json,B-2-v4-ablation,B-2-v4-ablation\thermal-only\seed_40\gen_60\vopd\history.json,D:\HNOCS\out\experimental results\B-2-v4-ablation\thermal-only\seed_40\gen_60\vopd\history.json,114947,1781390529.0
metrics_json,B-2-v4-ablation,B-2-v4-ablation\thermal-only\seed_40\gen_60\vopd\metrics.json,D:\HNOCS\out\experimental results\B-2-v4-ablation\thermal-only\seed_40\gen_60\vopd\metrics.json,5852,1781390529.0
history_json,B-2-v4-ablation,B-2-v4-ablation\thermal-only\seed_41\gen_60\gemm\history.json,D:\HNOCS\out\experimental results\B-2-v4-ablation\thermal-only\seed_41\gen_60\gemm\history.json,79833,1781388019.0
metrics_json,B-2-v4-ablation,B-2-v4-ablation\thermal-only\seed_41\gen_60\gemm\metrics.json,D:\HNOCS\out\experimental results\B-2-v4-ablation\thermal-only\seed_41\gen_60\gemm\metrics.json,5904,1781388019.0
history_json,B-2-v4-ablation,B-2-v4-ablation\thermal-only\seed_41\gen_60\hnn\history.json,D:\HNOCS\out\experimental results\B-2-v4-ablation\thermal-only\seed_41\gen_60\hnn\history.json,144807,1781401443.0
metrics_json,B-2-v4-ablation,B-2-v4-ablation\thermal-only\seed_41\gen_60\hnn\metrics.json,D:\HNOCS\out\experimental results\B-2-v4-ablation\thermal-only\seed_41\gen_60\hnn\metrics.json,5899,1781401443.0
history_json,B-2-v4-ablation,B-2-v4-ablation\thermal-only\seed_41\gen_60\mpeg4\history.json,D:\HNOCS\out\experimental results\B-2-v4-ablation\thermal-only\seed_41\gen_60\mpeg4\history.json,128342,1781388767.0
metrics_json,B-2-v4-ablation,B-2-v4-ablation\thermal-only\seed_41\gen_60\mpeg4\metrics.json,D:\HNOCS\out\experimental results\B-2-v4-ablation\thermal-only\seed_41\gen_60\mpeg4\metrics.json,5922,1781388767.0
history_json,B-2-v4-ablation,B-2-v4-ablation\thermal-only\seed_41\gen_60\vopd\history.json,D:\HNOCS\out\experimental results\B-2-v4-ablation\thermal-only\seed_41\gen_60\vopd\history.json,144293,1781392096.0
metrics_json,B-2-v4-ablation,B-2-v4-ablation\thermal-only\seed_41\gen_60\vopd\metrics.json,D:\HNOCS\out\experimental results\B-2-v4-ablation\thermal-only\seed_41\gen_60\vopd\metrics.json,5872,1781392096.0
history_json,B-2-v4-ablation,B-2-v4-ablation\thermal-only\seed_42\gen_60\gemm\history.json,D:\HNOCS\out\experimental results\B-2-v4-ablation\thermal-only\seed_42\gen_60\gemm\history.json,86804,1781388080.0
metrics_json,B-2-v4-ablation,B-2-v4-ablation\thermal-only\seed_42\gen_60\gemm\metrics.json,D:\HNOCS\out\experimental results\B-2-v4-ablation\thermal-only\seed_42\gen_60\gemm\metrics.json,5888,1781388080.0
history_json,B-2-v4-ablation,B-2-v4-ablation\thermal-only\seed_42\gen_60\hnn\history.json,D:\HNOCS\out\experimental results\B-2-v4-ablation\thermal-only\seed_42\gen_60\hnn\history.json,121344,1781401594.0
metrics_json,B-2-v4-ablation,B-2-v4-ablation\thermal-only\seed_42\gen_60\hnn\metrics.json,D:\HNOCS\out\experimental results\B-2-v4-ablation\thermal-only\seed_42\gen_60\hnn\metrics.json,5901,1781401594.0
history_json,B-2-v4-ablation,B-2-v4-ablation\thermal-only\seed_42\gen_60\mpeg4\history.json,D:\HNOCS\out\experimental results\B-2-v4-ablation\thermal-only\seed_42\gen_60\mpeg4\history.json,94299,1781388823.0
metrics_json,B-2-v4-ablation,B-2-v4-ablation\thermal-only\seed_42\gen_60\mpeg4\metrics.json,D:\HNOCS\out\experimental results\B-2-v4-ablation\thermal-only\seed_42\gen_60\mpeg4\metrics.json,5916,1781388823.0
history_json,B-2-v4-ablation,B-2-v4-ablation\thermal-only\seed_42\gen_60\vopd\history.json,D:\HNOCS\out\experimental results\B-2-v4-ablation\thermal-only\seed_42\gen_60\vopd\history.json,144036,1781393524.0
metrics_json,B-2-v4-ablation,B-2-v4-ablation\thermal-only\seed_42\gen_60\vopd\metrics.json,D:\HNOCS\out\experimental results\B-2-v4-ablation\thermal-only\seed_42\gen_60\vopd\metrics.json,5872,1781393524.0
history_json,B-2-v4-ablation,B-2-v4-ablation\thermal-only\seed_43\gen_60\gemm\history.json,D:\HNOCS\out\experimental results\B-2-v4-ablation\thermal-only\seed_43\gen_60\gemm\history.json,111101,1781388159.0
metrics_json,B-2-v4-ablation,B-2-v4-ablation\thermal-only\seed_43\gen_60\gemm\metrics.json,D:\HNOCS\out\experimental results\B-2-v4-ablation\thermal-only\seed_43\gen_60\gemm\metrics.json,5909,1781388159.0
history_json,B-2-v4-ablation,B-2-v4-ablation\thermal-only\seed_43\gen_60\hnn\history.json,D:\HNOCS\out\experimental results\B-2-v4-ablation\thermal-only\seed_43\gen_60\hnn\history.json,145251,1781401782.0
metrics_json,B-2-v4-ablation,B-2-v4-ablation\thermal-only\seed_43\gen_60\hnn\metrics.json,D:\HNOCS\out\experimental results\B-2-v4-ablation\thermal-only\seed_43\gen_60\hnn\metrics.json,5909,1781401782.0
history_json,B-2-v4-ablation,B-2-v4-ablation\thermal-only\seed_43\gen_60\mpeg4\history.json,D:\HNOCS\out\experimental results\B-2-v4-ablation\thermal-only\seed_43\gen_60\mpeg4\history.json,113652,1781388890.0
metrics_json,B-2-v4-ablation,B-2-v4-ablation\thermal-only\seed_43\gen_60\mpeg4\metrics.json,D:\HNOCS\out\experimental results\B-2-v4-ablation\thermal-only\seed_43\gen_60\mpeg4\metrics.json,5923,1781388890.0
history_json,B-2-v4-ablation,B-2-v4-ablation\thermal-only\seed_43\gen_60\vopd\history.json,D:\HNOCS\out\experimental results\B-2-v4-ablation\thermal-only\seed_43\gen_60\vopd\history.json,144360,1781394716.0
metrics_json,B-2-v4-ablation,B-2-v4-ablation\thermal-only\seed_43\gen_60\vopd\metrics.json,D:\HNOCS\out\experimental results\B-2-v4-ablation\thermal-only\seed_43\gen_60\vopd\metrics.json,5875,1781394716.0
history_json,B-2-v4-ablation,B-2-v4-ablation\thermal-only\seed_44\gen_60\gemm\history.json,D:\HNOCS\out\experimental results\B-2-v4-ablation\thermal-only\seed_44\gen_60\gemm\history.json,111168,1781388244.0
metrics_json,B-2-v4-ablation,B-2-v4-ablation\thermal-only\seed_44\gen_60\gemm\metrics.json,D:\HNOCS\out\experimental results\B-2-v4-ablation\thermal-only\seed_44\gen_60\gemm\metrics.json,5905,1781388244.0
history_json,B-2-v4-ablation,B-2-v4-ablation\thermal-only\seed_44\gen_60\hnn\history.json,D:\HNOCS\out\experimental results\B-2-v4-ablation\thermal-only\seed_44\gen_60\hnn\history.json,145602,1781401959.0
metrics_json,B-2-v4-ablation,B-2-v4-ablation\thermal-only\seed_44\gen_60\hnn\metrics.json,D:\HNOCS\out\experimental results\B-2-v4-ablation\thermal-only\seed_44\gen_60\hnn\metrics.json,5911,1781401959.0
history_json,B-2-v4-ablation,B-2-v4-ablation\thermal-only\seed_44\gen_60\mpeg4\history.json,D:\HNOCS\out\experimental results\B-2-v4-ablation\thermal-only\seed_44\gen_60\mpeg4\history.json,106543,1781388953.0
metrics_json,B-2-v4-ablation,B-2-v4-ablation\thermal-only\seed_44\gen_60\mpeg4\metrics.json,D:\HNOCS\out\experimental results\B-2-v4-ablation\thermal-only\seed_44\gen_60\mpeg4\metrics.json,5918,1781388953.0
history_json,B-2-v4-ablation,B-2-v4-ablation\thermal-only\seed_44\gen_60\vopd\history.json,D:\HNOCS\out\experimental results\B-2-v4-ablation\thermal-only\seed_44\gen_60\vopd\history.json,144321,1781396121.0
metrics_json,B-2-v4-ablation,B-2-v4-ablation\thermal-only\seed_44\gen_60\vopd\metrics.json,D:\HNOCS\out\experimental results\B-2-v4-ablation\thermal-only\seed_44\gen_60\vopd\metrics.json,5872,1781396121.0
history_json,B-2-v4-ablation,B-2-v4-ablation\thermal-only\seed_45\gen_60\gemm\history.json,D:\HNOCS\out\experimental results\B-2-v4-ablation\thermal-only\seed_45\gen_60\gemm\history.json,84590,1781388308.0
metrics_json,B-2-v4-ablation,B-2-v4-ablation\thermal-only\seed_45\gen_60\gemm\metrics.json,D:\HNOCS\out\experimental results\B-2-v4-ablation\thermal-only\seed_45\gen_60\gemm\metrics.json,5906,1781388308.0
history_json,B-2-v4-ablation,B-2-v4-ablation\thermal-only\seed_45\gen_60\hnn\history.json,D:\HNOCS\out\experimental results\B-2-v4-ablation\thermal-only\seed_45\gen_60\hnn\history.json,111732,1781402088.0
metrics_json,B-2-v4-ablation,B-2-v4-ablation\thermal-only\seed_45\gen_60\hnn\metrics.json,D:\HNOCS\out\experimental results\B-2-v4-ablation\thermal-only\seed_45\gen_60\hnn\metrics.json,5905,1781402088.0
history_json,B-2-v4-ablation,B-2-v4-ablation\thermal-only\seed_45\gen_60\mpeg4\history.json,D:\HNOCS\out\experimental results\B-2-v4-ablation\thermal-only\seed_45\gen_60\mpeg4\history.json,145183,1781389037.0
metrics_json,B-2-v4-ablation,B-2-v4-ablation\thermal-only\seed_45\gen_60\mpeg4\metrics.json,D:\HNOCS\out\experimental results\B-2-v4-ablation\thermal-only\seed_45\gen_60\mpeg4\metrics.json,5919,1781389037.0
history_json,B-2-v4-ablation,B-2-v4-ablation\thermal-only\seed_45\gen_60\vopd\history.json,D:\HNOCS\out\experimental results\B-2-v4-ablation\thermal-only\seed_45\gen_60\vopd\history.json,91426,1781396750.0
metrics_json,B-2-v4-ablation,B-2-v4-ablation\thermal-only\seed_45\gen_60\vopd\metrics.json,D:\HNOCS\out\experimental results\B-2-v4-ablation\thermal-only\seed_45\gen_60\vopd\metrics.json,5862,1781396750.0
history_json,B-2-v4-ablation,B-2-v4-ablation\thermal-only\seed_46\gen_60\gemm\history.json,D:\HNOCS\out\experimental results\B-2-v4-ablation\thermal-only\seed_46\gen_60\gemm\history.json,145291,1781388414.0
metrics_json,B-2-v4-ablation,B-2-v4-ablation\thermal-only\seed_46\gen_60\gemm\metrics.json,D:\HNOCS\out\experimental results\B-2-v4-ablation\thermal-only\seed_46\gen_60\gemm\metrics.json,5912,1781388414.0
history_json,B-2-v4-ablation,B-2-v4-ablation\thermal-only\seed_46\gen_60\hnn\history.json,D:\HNOCS\out\experimental results\B-2-v4-ablation\thermal-only\seed_46\gen_60\hnn\history.json,101404,1781402204.0
metrics_json,B-2-v4-ablation,B-2-v4-ablation\thermal-only\seed_46\gen_60\hnn\metrics.json,D:\HNOCS\out\experimental results\B-2-v4-ablation\thermal-only\seed_46\gen_60\hnn\metrics.json,5902,1781402204.0
history_json,B-2-v4-ablation,B-2-v4-ablation\thermal-only\seed_46\gen_60\mpeg4\history.json,D:\HNOCS\out\experimental results\B-2-v4-ablation\thermal-only\seed_46\gen_60\mpeg4\history.json,87129,1781389086.0
metrics_json,B-2-v4-ablation,B-2-v4-ablation\thermal-only\seed_46\gen_60\mpeg4\metrics.json,D:\HNOCS\out\experimental results\B-2-v4-ablation\thermal-only\seed_46\gen_60\mpeg4\metrics.json,5919,1781389086.0
history_json,B-2-v4-ablation,B-2-v4-ablation\thermal-only\seed_46\gen_60\vopd\history.json,D:\HNOCS\out\experimental results\B-2-v4-ablation\thermal-only\seed_46\gen_60\vopd\history.json,98476,1781397775.0
metrics_json,B-2-v4-ablation,B-2-v4-ablation\thermal-only\seed_46\gen_60\vopd\metrics.json,D:\HNOCS\out\experimental results\B-2-v4-ablation\thermal-only\seed_46\gen_60\vopd\metrics.json,5866,1781397775.0
history_json,B-2-v4-ablation,B-2-v4-ablation\thermal-only\seed_47\gen_60\gemm\history.json,D:\HNOCS\out\experimental results\B-2-v4-ablation\thermal-only\seed_47\gen_60\gemm\history.json,72636,1781388470.0
metrics_json,B-2-v4-ablation,B-2-v4-ablation\thermal-only\seed_47\gen_60\gemm\metrics.json,D:\HNOCS\out\experimental results\B-2-v4-ablation\thermal-only\seed_47\gen_60\gemm\metrics.json,5915,1781388470.0
history_json,B-2-v4-ablation,B-2-v4-ablation\thermal-only\seed_47\gen_60\hnn\history.json,D:\HNOCS\out\experimental results\B-2-v4-ablation\thermal-only\seed_47\gen_60\hnn\history.json,145034,1781402383.0
metrics_json,B-2-v4-ablation,B-2-v4-ablation\thermal-only\seed_47\gen_60\hnn\metrics.json,D:\HNOCS\out\experimental results\B-2-v4-ablation\thermal-only\seed_47\gen_60\hnn\metrics.json,5912,1781402383.0
history_json,B-2-v4-ablation,B-2-v4-ablation\thermal-only\seed_47\gen_60\mpeg4\history.json,D:\HNOCS\out\experimental results\B-2-v4-ablation\thermal-only\seed_47\gen_60\mpeg4\history.json,125795,1781389156.0
metrics_json,B-2-v4-ablation,B-2-v4-ablation\thermal-only\seed_47\gen_60\mpeg4\metrics.json,D:\HNOCS\out\experimental results\B-2-v4-ablation\thermal-only\seed_47\gen_60\mpeg4\metrics.json,5916,1781389156.0
history_json,B-2-v4-ablation,B-2-v4-ablation\thermal-only\seed_47\gen_60\vopd\history.json,D:\HNOCS\out\experimental results\B-2-v4-ablation\thermal-only\seed_47\gen_60\vopd\history.json,125188,1781398620.0
metrics_json,B-2-v4-ablation,B-2-v4-ablation\thermal-only\seed_47\gen_60\vopd\metrics.json,D:\HNOCS\out\experimental results\B-2-v4-ablation\thermal-only\seed_47\gen_60\vopd\metrics.json,5863,1781398620.0
history_json,B-2-v4-ablation,B-2-v4-ablation\thermal-only\seed_48\gen_60\gemm\history.json,D:\HNOCS\out\experimental results\B-2-v4-ablation\thermal-only\seed_48\gen_60\gemm\history.json,135373,1781388570.0
metrics_json,B-2-v4-ablation,B-2-v4-ablation\thermal-only\seed_48\gen_60\gemm\metrics.json,D:\HNOCS\out\experimental results\B-2-v4-ablation\thermal-only\seed_48\gen_60\gemm\metrics.json,5903,1781388570.0
history_json,B-2-v4-ablation,B-2-v4-ablation\thermal-only\seed_48\gen_60\hnn\history.json,D:\HNOCS\out\experimental results\B-2-v4-ablation\thermal-only\seed_48\gen_60\hnn\history.json,145080,1781402557.0
metrics_json,B-2-v4-ablation,B-2-v4-ablation\thermal-only\seed_48\gen_60\hnn\metrics.json,D:\HNOCS\out\experimental results\B-2-v4-ablation\thermal-only\seed_48\gen_60\hnn\metrics.json,5909,1781402557.0
history_json,B-2-v4-ablation,B-2-v4-ablation\thermal-only\seed_48\gen_60\mpeg4\history.json,D:\HNOCS\out\experimental results\B-2-v4-ablation\thermal-only\seed_48\gen_60\mpeg4\history.json,111268,1781389219.0
metrics_json,B-2-v4-ablation,B-2-v4-ablation\thermal-only\seed_48\gen_60\mpeg4\metrics.json,D:\HNOCS\out\experimental results\B-2-v4-ablation\thermal-only\seed_48\gen_60\mpeg4\metrics.json,5916,1781389219.0
history_json,B-2-v4-ablation,B-2-v4-ablation\thermal-only\seed_48\gen_60\vopd\history.json,D:\HNOCS\out\experimental results\B-2-v4-ablation\thermal-only\seed_48\gen_60\vopd\history.json,122716,1781399670.0
metrics_json,B-2-v4-ablation,B-2-v4-ablation\thermal-only\seed_48\gen_60\vopd\metrics.json,D:\HNOCS\out\experimental results\B-2-v4-ablation\thermal-only\seed_48\gen_60\vopd\metrics.json,5874,1781399670.0
history_json,B-2-v4-ablation,B-2-v4-ablation\thermal-only\seed_49\gen_60\gemm\history.json,D:\HNOCS\out\experimental results\B-2-v4-ablation\thermal-only\seed_49\gen_60\gemm\history.json,94229,1781388639.0
metrics_json,B-2-v4-ablation,B-2-v4-ablation\thermal-only\seed_49\gen_60\gemm\metrics.json,D:\HNOCS\out\experimental results\B-2-v4-ablation\thermal-only\seed_49\gen_60\gemm\metrics.json,5902,1781388639.0
history_json,B-2-v4-ablation,B-2-v4-ablation\thermal-only\seed_49\gen_60\hnn\history.json,D:\HNOCS\out\experimental results\B-2-v4-ablation\thermal-only\seed_49\gen_60\hnn\history.json,144986,1781402731.0
metrics_json,B-2-v4-ablation,B-2-v4-ablation\thermal-only\seed_49\gen_60\hnn\metrics.json,D:\HNOCS\out\experimental results\B-2-v4-ablation\thermal-only\seed_49\gen_60\hnn\metrics.json,5908,1781402731.0
history_json,B-2-v4-ablation,B-2-v4-ablation\thermal-only\seed_49\gen_60\mpeg4\history.json,D:\HNOCS\out\experimental results\B-2-v4-ablation\thermal-only\seed_49\gen_60\mpeg4\history.json,74933,1781389261.0
metrics_json,B-2-v4-ablation,B-2-v4-ablation\thermal-only\seed_49\gen_60\mpeg4\metrics.json,D:\HNOCS\out\experimental results\B-2-v4-ablation\thermal-only\seed_49\gen_60\mpeg4\metrics.json,5913,1781389261.0
history_json,B-2-v4-ablation,B-2-v4-ablation\thermal-only\seed_49\gen_60\vopd\history.json,D:\HNOCS\out\experimental results\B-2-v4-ablation\thermal-only\seed_49\gen_60\vopd\history.json,132169,1781401093.0
metrics_json,B-2-v4-ablation,B-2-v4-ablation\thermal-only\seed_49\gen_60\vopd\metrics.json,D:\HNOCS\out\experimental results\B-2-v4-ablation\thermal-only\seed_49\gen_60\vopd\metrics.json,5872,1781401093.0
summary_csv,B-2-v4-ablation,B-2-v4-ablation\wout-comm\aggregate_summary.csv,D:\HNOCS\out\experimental results\B-2-v4-ablation\wout-comm\aggregate_summary.csv,2715,1781387886.0
summary_csv,B-2-v4-ablation,B-2-v4-ablation\wout-comm\runs_summary.csv,D:\HNOCS\out\experimental results\B-2-v4-ablation\wout-comm\runs_summary.csv,14072,1781387886.0
history_json,B-2-v4-ablation,B-2-v4-ablation\wout-comm\seed_40\gen_60\gemm\history.json,D:\HNOCS\out\experimental results\B-2-v4-ablation\wout-comm\seed_40\gen_60\gemm\history.json,145782,1781378426.0
metrics_json,B-2-v4-ablation,B-2-v4-ablation\wout-comm\seed_40\gen_60\gemm\metrics.json,D:\HNOCS\out\experimental results\B-2-v4-ablation\wout-comm\seed_40\gen_60\gemm\metrics.json,5919,1781378426.0
history_json,B-2-v4-ablation,B-2-v4-ablation\wout-comm\seed_40\gen_60\hnn\history.json,D:\HNOCS\out\experimental results\B-2-v4-ablation\wout-comm\seed_40\gen_60\hnn\history.json,98579,1781387100.0
metrics_json,B-2-v4-ablation,B-2-v4-ablation\wout-comm\seed_40\gen_60\hnn\metrics.json,D:\HNOCS\out\experimental results\B-2-v4-ablation\wout-comm\seed_40\gen_60\hnn\metrics.json,5966,1781387100.0
history_json,B-2-v4-ablation,B-2-v4-ablation\wout-comm\seed_40\gen_60\mpeg4\history.json,D:\HNOCS\out\experimental results\B-2-v4-ablation\wout-comm\seed_40\gen_60\mpeg4\history.json,77501,1781379045.0
metrics_json,B-2-v4-ablation,B-2-v4-ablation\wout-comm\seed_40\gen_60\mpeg4\metrics.json,D:\HNOCS\out\experimental results\B-2-v4-ablation\wout-comm\seed_40\gen_60\mpeg4\metrics.json,5917,1781379045.0
history_json,B-2-v4-ablation,B-2-v4-ablation\wout-comm\seed_40\gen_60\vopd\history.json,D:\HNOCS\out\experimental results\B-2-v4-ablation\wout-comm\seed_40\gen_60\vopd\history.json,144365,1781380749.0
metrics_json,B-2-v4-ablation,B-2-v4-ablation\wout-comm\seed_40\gen_60\vopd\metrics.json,D:\HNOCS\out\experimental results\B-2-v4-ablation\wout-comm\seed_40\gen_60\vopd\metrics.json,5901,1781380749.0
history_json,B-2-v4-ablation,B-2-v4-ablation\wout-comm\seed_41\gen_60\gemm\history.json,D:\HNOCS\out\experimental results\B-2-v4-ablation\wout-comm\seed_41\gen_60\gemm\history.json,111964,1781378486.0
metrics_json,B-2-v4-ablation,B-2-v4-ablation\wout-comm\seed_41\gen_60\gemm\metrics.json,D:\HNOCS\out\experimental results\B-2-v4-ablation\wout-comm\seed_41\gen_60\gemm\metrics.json,5922,1781378486.0
history_json,B-2-v4-ablation,B-2-v4-ablation\wout-comm\seed_41\gen_60\hnn\history.json,D:\HNOCS\out\experimental results\B-2-v4-ablation\wout-comm\seed_41\gen_60\hnn\history.json,64115,1781387156.0
metrics_json,B-2-v4-ablation,B-2-v4-ablation\wout-comm\seed_41\gen_60\hnn\metrics.json,D:\HNOCS\out\experimental results\B-2-v4-ablation\wout-comm\seed_41\gen_60\hnn\metrics.json,5969,1781387156.0
history_json,B-2-v4-ablation,B-2-v4-ablation\wout-comm\seed_41\gen_60\mpeg4\history.json,D:\HNOCS\out\experimental results\B-2-v4-ablation\wout-comm\seed_41\gen_60\mpeg4\history.json,103973,1781379101.0
metrics_json,B-2-v4-ablation,B-2-v4-ablation\wout-comm\seed_41\gen_60\mpeg4\metrics.json,D:\HNOCS\out\experimental results\B-2-v4-ablation\wout-comm\seed_41\gen_60\mpeg4\metrics.json,5916,1781379101.0
history_json,B-2-v4-ablation,B-2-v4-ablation\wout-comm\seed_41\gen_60\vopd\history.json,D:\HNOCS\out\experimental results\B-2-v4-ablation\wout-comm\seed_41\gen_60\vopd\history.json,89272,1781381299.0
metrics_json,B-2-v4-ablation,B-2-v4-ablation\wout-comm\seed_41\gen_60\vopd\metrics.json,D:\HNOCS\out\experimental results\B-2-v4-ablation\wout-comm\seed_41\gen_60\vopd\metrics.json,5896,1781381299.0
history_json,B-2-v4-ablation,B-2-v4-ablation\wout-comm\seed_42\gen_60\gemm\history.json,D:\HNOCS\out\experimental results\B-2-v4-ablation\wout-comm\seed_42\gen_60\gemm\history.json,119063,1781378550.0
metrics_json,B-2-v4-ablation,B-2-v4-ablation\wout-comm\seed_42\gen_60\gemm\metrics.json,D:\HNOCS\out\experimental results\B-2-v4-ablation\wout-comm\seed_42\gen_60\gemm\metrics.json,5916,1781378550.0
history_json,B-2-v4-ablation,B-2-v4-ablation\wout-comm\seed_42\gen_60\hnn\history.json,D:\HNOCS\out\experimental results\B-2-v4-ablation\wout-comm\seed_42\gen_60\hnn\history.json,78874,1781387224.0
metrics_json,B-2-v4-ablation,B-2-v4-ablation\wout-comm\seed_42\gen_60\hnn\metrics.json,D:\HNOCS\out\experimental results\B-2-v4-ablation\wout-comm\seed_42\gen_60\hnn\metrics.json,5968,1781387224.0
history_json,B-2-v4-ablation,B-2-v4-ablation\wout-comm\seed_42\gen_60\mpeg4\history.json,D:\HNOCS\out\experimental results\B-2-v4-ablation\wout-comm\seed_42\gen_60\mpeg4\history.json,99213,1781379155.0
metrics_json,B-2-v4-ablation,B-2-v4-ablation\wout-comm\seed_42\gen_60\mpeg4\metrics.json,D:\HNOCS\out\experimental results\B-2-v4-ablation\wout-comm\seed_42\gen_60\mpeg4\metrics.json,5916,1781379155.0
history_json,B-2-v4-ablation,B-2-v4-ablation\wout-comm\seed_42\gen_60\vopd\history.json,D:\HNOCS\out\experimental results\B-2-v4-ablation\wout-comm\seed_42\gen_60\vopd\history.json,74439,1781381948.0
metrics_json,B-2-v4-ablation,B-2-v4-ablation\wout-comm\seed_42\gen_60\vopd\metrics.json,D:\HNOCS\out\experimental results\B-2-v4-ablation\wout-comm\seed_42\gen_60\vopd\metrics.json,5890,1781381948.0
history_json,B-2-v4-ablation,B-2-v4-ablation\wout-comm\seed_43\gen_60\gemm\history.json,D:\HNOCS\out\experimental results\B-2-v4-ablation\wout-comm\seed_43\gen_60\gemm\history.json,128834,1781378619.0
metrics_json,B-2-v4-ablation,B-2-v4-ablation\wout-comm\seed_43\gen_60\gemm\metrics.json,D:\HNOCS\out\experimental results\B-2-v4-ablation\wout-comm\seed_43\gen_60\gemm\metrics.json,5919,1781378619.0
history_json,B-2-v4-ablation,B-2-v4-ablation\wout-comm\seed_43\gen_60\hnn\history.json,D:\HNOCS\out\experimental results\B-2-v4-ablation\wout-comm\seed_43\gen_60\hnn\history.json,78885,1781387293.0
metrics_json,B-2-v4-ablation,B-2-v4-ablation\wout-comm\seed_43\gen_60\hnn\metrics.json,D:\HNOCS\out\experimental results\B-2-v4-ablation\wout-comm\seed_43\gen_60\hnn\metrics.json,5967,1781387293.0
history_json,B-2-v4-ablation,B-2-v4-ablation\wout-comm\seed_43\gen_60\mpeg4\history.json,D:\HNOCS\out\experimental results\B-2-v4-ablation\wout-comm\seed_43\gen_60\mpeg4\history.json,130725,1781379226.0
metrics_json,B-2-v4-ablation,B-2-v4-ablation\wout-comm\seed_43\gen_60\mpeg4\metrics.json,D:\HNOCS\out\experimental results\B-2-v4-ablation\wout-comm\seed_43\gen_60\mpeg4\metrics.json,5916,1781379226.0
history_json,B-2-v4-ablation,B-2-v4-ablation\wout-comm\seed_43\gen_60\vopd\history.json,D:\HNOCS\out\experimental results\B-2-v4-ablation\wout-comm\seed_43\gen_60\vopd\history.json,64928,1781382487.0
metrics_json,B-2-v4-ablation,B-2-v4-ablation\wout-comm\seed_43\gen_60\vopd\metrics.json,D:\HNOCS\out\experimental results\B-2-v4-ablation\wout-comm\seed_43\gen_60\vopd\metrics.json,5894,1781382487.0
history_json,B-2-v4-ablation,B-2-v4-ablation\wout-comm\seed_44\gen_60\gemm\history.json,D:\HNOCS\out\experimental results\B-2-v4-ablation\wout-comm\seed_44\gen_60\gemm\history.json,77762,1781378661.0
metrics_json,B-2-v4-ablation,B-2-v4-ablation\wout-comm\seed_44\gen_60\gemm\metrics.json,D:\HNOCS\out\experimental results\B-2-v4-ablation\wout-comm\seed_44\gen_60\gemm\metrics.json,5917,1781378661.0
history_json,B-2-v4-ablation,B-2-v4-ablation\wout-comm\seed_44\gen_60\hnn\history.json,D:\HNOCS\out\experimental results\B-2-v4-ablation\wout-comm\seed_44\gen_60\hnn\history.json,93580,1781387374.0
metrics_json,B-2-v4-ablation,B-2-v4-ablation\wout-comm\seed_44\gen_60\hnn\metrics.json,D:\HNOCS\out\experimental results\B-2-v4-ablation\wout-comm\seed_44\gen_60\hnn\metrics.json,5960,1781387374.0
history_json,B-2-v4-ablation,B-2-v4-ablation\wout-comm\seed_44\gen_60\mpeg4\history.json,D:\HNOCS\out\experimental results\B-2-v4-ablation\wout-comm\seed_44\gen_60\mpeg4\history.json,99311,1781379281.0
metrics_json,B-2-v4-ablation,B-2-v4-ablation\wout-comm\seed_44\gen_60\mpeg4\metrics.json,D:\HNOCS\out\experimental results\B-2-v4-ablation\wout-comm\seed_44\gen_60\mpeg4\metrics.json,5918,1781379281.0
history_json,B-2-v4-ablation,B-2-v4-ablation\wout-comm\seed_44\gen_60\vopd\history.json,D:\HNOCS\out\experimental results\B-2-v4-ablation\wout-comm\seed_44\gen_60\vopd\history.json,91496,1781383168.0
metrics_json,B-2-v4-ablation,B-2-v4-ablation\wout-comm\seed_44\gen_60\vopd\metrics.json,D:\HNOCS\out\experimental results\B-2-v4-ablation\wout-comm\seed_44\gen_60\vopd\metrics.json,5895,1781383168.0
history_json,B-2-v4-ablation,B-2-v4-ablation\wout-comm\seed_45\gen_60\gemm\history.json,D:\HNOCS\out\experimental results\B-2-v4-ablation\wout-comm\seed_45\gen_60\gemm\history.json,143345,1781378737.0
metrics_json,B-2-v4-ablation,B-2-v4-ablation\wout-comm\seed_45\gen_60\gemm\metrics.json,D:\HNOCS\out\experimental results\B-2-v4-ablation\wout-comm\seed_45\gen_60\gemm\metrics.json,5916,1781378737.0
history_json,B-2-v4-ablation,B-2-v4-ablation\wout-comm\seed_45\gen_60\hnn\history.json,D:\HNOCS\out\experimental results\B-2-v4-ablation\wout-comm\seed_45\gen_60\hnn\history.json,91194,1781387453.0
metrics_json,B-2-v4-ablation,B-2-v4-ablation\wout-comm\seed_45\gen_60\hnn\metrics.json,D:\HNOCS\out\experimental results\B-2-v4-ablation\wout-comm\seed_45\gen_60\hnn\metrics.json,5961,1781387453.0
history_json,B-2-v4-ablation,B-2-v4-ablation\wout-comm\seed_45\gen_60\mpeg4\history.json,D:\HNOCS\out\experimental results\B-2-v4-ablation\wout-comm\seed_45\gen_60\mpeg4\history.json,142601,1781379358.0
metrics_json,B-2-v4-ablation,B-2-v4-ablation\wout-comm\seed_45\gen_60\mpeg4\metrics.json,D:\HNOCS\out\experimental results\B-2-v4-ablation\wout-comm\seed_45\gen_60\mpeg4\metrics.json,5910,1781379358.0
history_json,B-2-v4-ablation,B-2-v4-ablation\wout-comm\seed_45\gen_60\vopd\history.json,D:\HNOCS\out\experimental results\B-2-v4-ablation\wout-comm\seed_45\gen_60\vopd\history.json,79410,1781383791.0
metrics_json,B-2-v4-ablation,B-2-v4-ablation\wout-comm\seed_45\gen_60\vopd\metrics.json,D:\HNOCS\out\experimental results\B-2-v4-ablation\wout-comm\seed_45\gen_60\vopd\metrics.json,5897,1781383791.0
history_json,B-2-v4-ablation,B-2-v4-ablation\wout-comm\seed_46\gen_60\gemm\history.json,D:\HNOCS\out\experimental results\B-2-v4-ablation\wout-comm\seed_46\gen_60\gemm\history.json,77902,1781378778.0
metrics_json,B-2-v4-ablation,B-2-v4-ablation\wout-comm\seed_46\gen_60\gemm\metrics.json,D:\HNOCS\out\experimental results\B-2-v4-ablation\wout-comm\seed_46\gen_60\gemm\metrics.json,5922,1781378778.0
history_json,B-2-v4-ablation,B-2-v4-ablation\wout-comm\seed_46\gen_60\hnn\history.json,D:\HNOCS\out\experimental results\B-2-v4-ablation\wout-comm\seed_46\gen_60\hnn\history.json,147954,1781387576.0
metrics_json,B-2-v4-ablation,B-2-v4-ablation\wout-comm\seed_46\gen_60\hnn\metrics.json,D:\HNOCS\out\experimental results\B-2-v4-ablation\wout-comm\seed_46\gen_60\hnn\metrics.json,5970,1781387576.0
history_json,B-2-v4-ablation,B-2-v4-ablation\wout-comm\seed_46\gen_60\mpeg4\history.json,D:\HNOCS\out\experimental results\B-2-v4-ablation\wout-comm\seed_46\gen_60\mpeg4\history.json,106668,1781379416.0
metrics_json,B-2-v4-ablation,B-2-v4-ablation\wout-comm\seed_46\gen_60\mpeg4\metrics.json,D:\HNOCS\out\experimental results\B-2-v4-ablation\wout-comm\seed_46\gen_60\mpeg4\metrics.json,5917,1781379416.0
history_json,B-2-v4-ablation,B-2-v4-ablation\wout-comm\seed_46\gen_60\vopd\history.json,D:\HNOCS\out\experimental results\B-2-v4-ablation\wout-comm\seed_46\gen_60\vopd\history.json,144522,1781384826.0
metrics_json,B-2-v4-ablation,B-2-v4-ablation\wout-comm\seed_46\gen_60\vopd\metrics.json,D:\HNOCS\out\experimental results\B-2-v4-ablation\wout-comm\seed_46\gen_60\vopd\metrics.json,5904,1781384826.0
history_json,B-2-v4-ablation,B-2-v4-ablation\wout-comm\seed_47\gen_60\gemm\history.json,D:\HNOCS\out\experimental results\B-2-v4-ablation\wout-comm\seed_47\gen_60\gemm\history.json,136181,1781378851.0
metrics_json,B-2-v4-ablation,B-2-v4-ablation\wout-comm\seed_47\gen_60\gemm\metrics.json,D:\HNOCS\out\experimental results\B-2-v4-ablation\wout-comm\seed_47\gen_60\gemm\metrics.json,5923,1781378851.0
history_json,B-2-v4-ablation,B-2-v4-ablation\wout-comm\seed_47\gen_60\hnn\history.json,D:\HNOCS\out\experimental results\B-2-v4-ablation\wout-comm\seed_47\gen_60\hnn\history.json,147778,1781387703.0
metrics_json,B-2-v4-ablation,B-2-v4-ablation\wout-comm\seed_47\gen_60\hnn\metrics.json,D:\HNOCS\out\experimental results\B-2-v4-ablation\wout-comm\seed_47\gen_60\hnn\metrics.json,5964,1781387703.0
history_json,B-2-v4-ablation,B-2-v4-ablation\wout-comm\seed_47\gen_60\mpeg4\history.json,D:\HNOCS\out\experimental results\B-2-v4-ablation\wout-comm\seed_47\gen_60\mpeg4\history.json,108342,1781379475.0
metrics_json,B-2-v4-ablation,B-2-v4-ablation\wout-comm\seed_47\gen_60\mpeg4\metrics.json,D:\HNOCS\out\experimental results\B-2-v4-ablation\wout-comm\seed_47\gen_60\mpeg4\metrics.json,5899,1781379475.0
history_json,B-2-v4-ablation,B-2-v4-ablation\wout-comm\seed_47\gen_60\vopd\history.json,D:\HNOCS\out\experimental results\B-2-v4-ablation\wout-comm\seed_47\gen_60\vopd\history.json,144534,1781385959.0
metrics_json,B-2-v4-ablation,B-2-v4-ablation\wout-comm\seed_47\gen_60\vopd\metrics.json,D:\HNOCS\out\experimental results\B-2-v4-ablation\wout-comm\seed_47\gen_60\vopd\metrics.json,5905,1781385959.0
history_json,B-2-v4-ablation,B-2-v4-ablation\wout-comm\seed_48\gen_60\gemm\history.json,D:\HNOCS\out\experimental results\B-2-v4-ablation\wout-comm\seed_48\gen_60\gemm\history.json,145895,1781378928.0
metrics_json,B-2-v4-ablation,B-2-v4-ablation\wout-comm\seed_48\gen_60\gemm\metrics.json,D:\HNOCS\out\experimental results\B-2-v4-ablation\wout-comm\seed_48\gen_60\gemm\metrics.json,5922,1781378928.0
history_json,B-2-v4-ablation,B-2-v4-ablation\wout-comm\seed_48\gen_60\hnn\history.json,D:\HNOCS\out\experimental results\B-2-v4-ablation\wout-comm\seed_48\gen_60\hnn\history.json,86327,1781387777.0
metrics_json,B-2-v4-ablation,B-2-v4-ablation\wout-comm\seed_48\gen_60\hnn\metrics.json,D:\HNOCS\out\experimental results\B-2-v4-ablation\wout-comm\seed_48\gen_60\hnn\metrics.json,5971,1781387777.0
history_json,B-2-v4-ablation,B-2-v4-ablation\wout-comm\seed_48\gen_60\mpeg4\history.json,D:\HNOCS\out\experimental results\B-2-v4-ablation\wout-comm\seed_48\gen_60\mpeg4\history.json,92024,1781379526.0
metrics_json,B-2-v4-ablation,B-2-v4-ablation\wout-comm\seed_48\gen_60\mpeg4\metrics.json,D:\HNOCS\out\experimental results\B-2-v4-ablation\wout-comm\seed_48\gen_60\mpeg4\metrics.json,5912,1781379526.0
history_json,B-2-v4-ablation,B-2-v4-ablation\wout-comm\seed_48\gen_60\vopd\history.json,D:\HNOCS\out\experimental results\B-2-v4-ablation\wout-comm\seed_48\gen_60\vopd\history.json,106081,1781386571.0
metrics_json,B-2-v4-ablation,B-2-v4-ablation\wout-comm\seed_48\gen_60\vopd\metrics.json,D:\HNOCS\out\experimental results\B-2-v4-ablation\wout-comm\seed_48\gen_60\vopd\metrics.json,5897,1781386571.0
history_json,B-2-v4-ablation,B-2-v4-ablation\wout-comm\seed_49\gen_60\gemm\history.json,D:\HNOCS\out\experimental results\B-2-v4-ablation\wout-comm\seed_49\gen_60\gemm\history.json,138745,1781379003.0
metrics_json,B-2-v4-ablation,B-2-v4-ablation\wout-comm\seed_49\gen_60\gemm\metrics.json,D:\HNOCS\out\experimental results\B-2-v4-ablation\wout-comm\seed_49\gen_60\gemm\metrics.json,5920,1781379003.0
history_json,B-2-v4-ablation,B-2-v4-ablation\wout-comm\seed_49\gen_60\hnn\history.json,D:\HNOCS\out\experimental results\B-2-v4-ablation\wout-comm\seed_49\gen_60\hnn\history.json,125704,1781387886.0
metrics_json,B-2-v4-ablation,B-2-v4-ablation\wout-comm\seed_49\gen_60\hnn\metrics.json,D:\HNOCS\out\experimental results\B-2-v4-ablation\wout-comm\seed_49\gen_60\hnn\metrics.json,5970,1781387886.0
history_json,B-2-v4-ablation,B-2-v4-ablation\wout-comm\seed_49\gen_60\mpeg4\history.json,D:\HNOCS\out\experimental results\B-2-v4-ablation\wout-comm\seed_49\gen_60\mpeg4\history.json,106684,1781379584.0
metrics_json,B-2-v4-ablation,B-2-v4-ablation\wout-comm\seed_49\gen_60\mpeg4\metrics.json,D:\HNOCS\out\experimental results\B-2-v4-ablation\wout-comm\seed_49\gen_60\mpeg4\metrics.json,5919,1781379584.0
history_json,B-2-v4-ablation,B-2-v4-ablation\wout-comm\seed_49\gen_60\vopd\history.json,D:\HNOCS\out\experimental results\B-2-v4-ablation\wout-comm\seed_49\gen_60\vopd\history.json,77250,1781387017.0
metrics_json,B-2-v4-ablation,B-2-v4-ablation\wout-comm\seed_49\gen_60\vopd\metrics.json,D:\HNOCS\out\experimental results\B-2-v4-ablation\wout-comm\seed_49\gen_60\vopd\metrics.json,5903,1781387017.0
summary_csv,B-2-v4-ablation,B-2-v4-ablation\wout-thermal\aggregate_summary.csv,D:\HNOCS\out\experimental results\B-2-v4-ablation\wout-thermal\aggregate_summary.csv,2693,1781378348.0
summary_csv,B-2-v4-ablation,B-2-v4-ablation\wout-thermal\runs_summary.csv,D:\HNOCS\out\experimental results\B-2-v4-ablation\wout-thermal\runs_summary.csv,13909,1781378348.0
history_json,B-2-v4-ablation,B-2-v4-ablation\wout-thermal\seed_40\gen_60\gemm\history.json,D:\HNOCS\out\experimental results\B-2-v4-ablation\wout-thermal\seed_40\gen_60\gemm\history.json,65642,1781367283.0
metrics_json,B-2-v4-ablation,B-2-v4-ablation\wout-thermal\seed_40\gen_60\gemm\metrics.json,D:\HNOCS\out\experimental results\B-2-v4-ablation\wout-thermal\seed_40\gen_60\gemm\metrics.json,5919,1781367283.0
history_json,B-2-v4-ablation,B-2-v4-ablation\wout-thermal\seed_40\gen_60\hnn\history.json,D:\HNOCS\out\experimental results\B-2-v4-ablation\wout-thermal\seed_40\gen_60\hnn\history.json,128342,1781377466.0
metrics_json,B-2-v4-ablation,B-2-v4-ablation\wout-thermal\seed_40\gen_60\hnn\metrics.json,D:\HNOCS\out\experimental results\B-2-v4-ablation\wout-thermal\seed_40\gen_60\hnn\metrics.json,5974,1781377466.0
history_json,B-2-v4-ablation,B-2-v4-ablation\wout-thermal\seed_40\gen_60\mpeg4\history.json,D:\HNOCS\out\experimental results\B-2-v4-ablation\wout-thermal\seed_40\gen_60\mpeg4\history.json,128764,1781367852.0
metrics_json,B-2-v4-ablation,B-2-v4-ablation\wout-thermal\seed_40\gen_60\mpeg4\metrics.json,D:\HNOCS\out\experimental results\B-2-v4-ablation\wout-thermal\seed_40\gen_60\mpeg4\metrics.json,5918,1781367852.0
history_json,B-2-v4-ablation,B-2-v4-ablation\wout-thermal\seed_40\gen_60\vopd\history.json,D:\HNOCS\out\experimental results\B-2-v4-ablation\wout-thermal\seed_40\gen_60\vopd\history.json,144449,1781369533.0
metrics_json,B-2-v4-ablation,B-2-v4-ablation\wout-thermal\seed_40\gen_60\vopd\metrics.json,D:\HNOCS\out\experimental results\B-2-v4-ablation\wout-thermal\seed_40\gen_60\vopd\metrics.json,5868,1781369533.0
history_json,B-2-v4-ablation,B-2-v4-ablation\wout-thermal\seed_41\gen_60\gemm\history.json,D:\HNOCS\out\experimental results\B-2-v4-ablation\wout-thermal\seed_41\gen_60\gemm\history.json,144260,1781367361.0
metrics_json,B-2-v4-ablation,B-2-v4-ablation\wout-thermal\seed_41\gen_60\gemm\metrics.json,D:\HNOCS\out\experimental results\B-2-v4-ablation\wout-thermal\seed_41\gen_60\gemm\metrics.json,5989,1781367361.0
history_json,B-2-v4-ablation,B-2-v4-ablation\wout-thermal\seed_41\gen_60\hnn\history.json,D:\HNOCS\out\experimental results\B-2-v4-ablation\wout-thermal\seed_41\gen_60\hnn\history.json,125858,1781377570.0
metrics_json,B-2-v4-ablation,B-2-v4-ablation\wout-thermal\seed_41\gen_60\hnn\metrics.json,D:\HNOCS\out\experimental results\B-2-v4-ablation\wout-thermal\seed_41\gen_60\hnn\metrics.json,5970,1781377570.0
history_json,B-2-v4-ablation,B-2-v4-ablation\wout-thermal\seed_41\gen_60\mpeg4\history.json,D:\HNOCS\out\experimental results\B-2-v4-ablation\wout-thermal\seed_41\gen_60\mpeg4\history.json,53344,1781367882.0
metrics_json,B-2-v4-ablation,B-2-v4-ablation\wout-thermal\seed_41\gen_60\mpeg4\metrics.json,D:\HNOCS\out\experimental results\B-2-v4-ablation\wout-thermal\seed_41\gen_60\mpeg4\metrics.json,5920,1781367882.0
history_json,B-2-v4-ablation,B-2-v4-ablation\wout-thermal\seed_41\gen_60\vopd\history.json,D:\HNOCS\out\experimental results\B-2-v4-ablation\wout-thermal\seed_41\gen_60\vopd\history.json,108482,1781370220.0
metrics_json,B-2-v4-ablation,B-2-v4-ablation\wout-thermal\seed_41\gen_60\vopd\metrics.json,D:\HNOCS\out\experimental results\B-2-v4-ablation\wout-thermal\seed_41\gen_60\vopd\metrics.json,5869,1781370220.0
history_json,B-2-v4-ablation,B-2-v4-ablation\wout-thermal\seed_42\gen_60\gemm\history.json,D:\HNOCS\out\experimental results\B-2-v4-ablation\wout-thermal\seed_42\gen_60\gemm\history.json,82846,1781367405.0
metrics_json,B-2-v4-ablation,B-2-v4-ablation\wout-thermal\seed_42\gen_60\gemm\metrics.json,D:\HNOCS\out\experimental results\B-2-v4-ablation\wout-thermal\seed_42\gen_60\gemm\metrics.json,5923,1781367405.0
history_json,B-2-v4-ablation,B-2-v4-ablation\wout-thermal\seed_42\gen_60\hnn\history.json,D:\HNOCS\out\experimental results\B-2-v4-ablation\wout-thermal\seed_42\gen_60\hnn\history.json,113539,1781377665.0
metrics_json,B-2-v4-ablation,B-2-v4-ablation\wout-thermal\seed_42\gen_60\hnn\metrics.json,D:\HNOCS\out\experimental results\B-2-v4-ablation\wout-thermal\seed_42\gen_60\hnn\metrics.json,5971,1781377665.0
history_json,B-2-v4-ablation,B-2-v4-ablation\wout-thermal\seed_42\gen_60\mpeg4\history.json,D:\HNOCS\out\experimental results\B-2-v4-ablation\wout-thermal\seed_42\gen_60\mpeg4\history.json,82795,1781367926.0
metrics_json,B-2-v4-ablation,B-2-v4-ablation\wout-thermal\seed_42\gen_60\mpeg4\metrics.json,D:\HNOCS\out\experimental results\B-2-v4-ablation\wout-thermal\seed_42\gen_60\mpeg4\metrics.json,5930,1781367926.0
history_json,B-2-v4-ablation,B-2-v4-ablation\wout-thermal\seed_42\gen_60\vopd\history.json,D:\HNOCS\out\experimental results\B-2-v4-ablation\wout-thermal\seed_42\gen_60\vopd\history.json,134982,1781371148.0
metrics_json,B-2-v4-ablation,B-2-v4-ablation\wout-thermal\seed_42\gen_60\vopd\metrics.json,D:\HNOCS\out\experimental results\B-2-v4-ablation\wout-thermal\seed_42\gen_60\vopd\metrics.json,5866,1781371148.0
history_json,B-2-v4-ablation,B-2-v4-ablation\wout-thermal\seed_43\gen_60\gemm\history.json,D:\HNOCS\out\experimental results\B-2-v4-ablation\wout-thermal\seed_43\gen_60\gemm\history.json,80292,1781367448.0
metrics_json,B-2-v4-ablation,B-2-v4-ablation\wout-thermal\seed_43\gen_60\gemm\metrics.json,D:\HNOCS\out\experimental results\B-2-v4-ablation\wout-thermal\seed_43\gen_60\gemm\metrics.json,5917,1781367448.0
history_json,B-2-v4-ablation,B-2-v4-ablation\wout-thermal\seed_43\gen_60\hnn\history.json,D:\HNOCS\out\experimental results\B-2-v4-ablation\wout-thermal\seed_43\gen_60\hnn\history.json,88862,1781377739.0
metrics_json,B-2-v4-ablation,B-2-v4-ablation\wout-thermal\seed_43\gen_60\hnn\metrics.json,D:\HNOCS\out\experimental results\B-2-v4-ablation\wout-thermal\seed_43\gen_60\hnn\metrics.json,5974,1781377739.0
history_json,B-2-v4-ablation,B-2-v4-ablation\wout-thermal\seed_43\gen_60\mpeg4\history.json,D:\HNOCS\out\experimental results\B-2-v4-ablation\wout-thermal\seed_43\gen_60\mpeg4\history.json,43599,1781367950.0
metrics_json,B-2-v4-ablation,B-2-v4-ablation\wout-thermal\seed_43\gen_60\mpeg4\metrics.json,D:\HNOCS\out\experimental results\B-2-v4-ablation\wout-thermal\seed_43\gen_60\mpeg4\metrics.json,5913,1781367950.0
history_json,B-2-v4-ablation,B-2-v4-ablation\wout-thermal\seed_43\gen_60\vopd\history.json,D:\HNOCS\out\experimental results\B-2-v4-ablation\wout-thermal\seed_43\gen_60\vopd\history.json,137862,1781372077.0
metrics_json,B-2-v4-ablation,B-2-v4-ablation\wout-thermal\seed_43\gen_60\vopd\metrics.json,D:\HNOCS\out\experimental results\B-2-v4-ablation\wout-thermal\seed_43\gen_60\vopd\metrics.json,5880,1781372077.0
history_json,B-2-v4-ablation,B-2-v4-ablation\wout-thermal\seed_44\gen_60\gemm\history.json,D:\HNOCS\out\experimental results\B-2-v4-ablation\wout-thermal\seed_44\gen_60\gemm\history.json,106911,1781367506.0
metrics_json,B-2-v4-ablation,B-2-v4-ablation\wout-thermal\seed_44\gen_60\gemm\metrics.json,D:\HNOCS\out\experimental results\B-2-v4-ablation\wout-thermal\seed_44\gen_60\gemm\metrics.json,5913,1781367506.0
history_json,B-2-v4-ablation,B-2-v4-ablation\wout-thermal\seed_44\gen_60\hnn\history.json,D:\HNOCS\out\experimental results\B-2-v4-ablation\wout-thermal\seed_44\gen_60\hnn\history.json,113560,1781377834.0
metrics_json,B-2-v4-ablation,B-2-v4-ablation\wout-thermal\seed_44\gen_60\hnn\metrics.json,D:\HNOCS\out\experimental results\B-2-v4-ablation\wout-thermal\seed_44\gen_60\hnn\metrics.json,5964,1781377834.0
history_json,B-2-v4-ablation,B-2-v4-ablation\wout-thermal\seed_44\gen_60\mpeg4\history.json,D:\HNOCS\out\experimental results\B-2-v4-ablation\wout-thermal\seed_44\gen_60\mpeg4\history.json,133720,1781368023.0
metrics_json,B-2-v4-ablation,B-2-v4-ablation\wout-thermal\seed_44\gen_60\mpeg4\metrics.json,D:\HNOCS\out\experimental results\B-2-v4-ablation\wout-thermal\seed_44\gen_60\mpeg4\metrics.json,5927,1781368023.0
history_json,B-2-v4-ablation,B-2-v4-ablation\wout-thermal\seed_44\gen_60\vopd\history.json,D:\HNOCS\out\experimental results\B-2-v4-ablation\wout-thermal\seed_44\gen_60\vopd\history.json,142147,1781373144.0
metrics_json,B-2-v4-ablation,B-2-v4-ablation\wout-thermal\seed_44\gen_60\vopd\metrics.json,D:\HNOCS\out\experimental results\B-2-v4-ablation\wout-thermal\seed_44\gen_60\vopd\metrics.json,5862,1781373144.0
history_json,B-2-v4-ablation,B-2-v4-ablation\wout-thermal\seed_45\gen_60\gemm\history.json,D:\HNOCS\out\experimental results\B-2-v4-ablation\wout-thermal\seed_45\gen_60\gemm\history.json,146413,1781367583.0
metrics_json,B-2-v4-ablation,B-2-v4-ablation\wout-thermal\seed_45\gen_60\gemm\metrics.json,D:\HNOCS\out\experimental results\B-2-v4-ablation\wout-thermal\seed_45\gen_60\gemm\metrics.json,5920,1781367583.0
history_json,B-2-v4-ablation,B-2-v4-ablation\wout-thermal\seed_45\gen_60\hnn\history.json,D:\HNOCS\out\experimental results\B-2-v4-ablation\wout-thermal\seed_45\gen_60\hnn\history.json,148267,1781377956.0
metrics_json,B-2-v4-ablation,B-2-v4-ablation\wout-thermal\seed_45\gen_60\hnn\metrics.json,D:\HNOCS\out\experimental results\B-2-v4-ablation\wout-thermal\seed_45\gen_60\hnn\metrics.json,5983,1781377956.0
history_json,B-2-v4-ablation,B-2-v4-ablation\wout-thermal\seed_45\gen_60\mpeg4\history.json,D:\HNOCS\out\experimental results\B-2-v4-ablation\wout-thermal\seed_45\gen_60\mpeg4\history.json,84768,1781368068.0
metrics_json,B-2-v4-ablation,B-2-v4-ablation\wout-thermal\seed_45\gen_60\mpeg4\metrics.json,D:\HNOCS\out\experimental results\B-2-v4-ablation\wout-thermal\seed_45\gen_60\mpeg4\metrics.json,5918,1781368068.0
history_json,B-2-v4-ablation,B-2-v4-ablation\wout-thermal\seed_45\gen_60\vopd\history.json,D:\HNOCS\out\experimental results\B-2-v4-ablation\wout-thermal\seed_45\gen_60\vopd\history.json,144978,1781374241.0
metrics_json,B-2-v4-ablation,B-2-v4-ablation\wout-thermal\seed_45\gen_60\vopd\metrics.json,D:\HNOCS\out\experimental results\B-2-v4-ablation\wout-thermal\seed_45\gen_60\vopd\metrics.json,5882,1781374241.0
history_json,B-2-v4-ablation,B-2-v4-ablation\wout-thermal\seed_46\gen_60\gemm\history.json,D:\HNOCS\out\experimental results\B-2-v4-ablation\wout-thermal\seed_46\gen_60\gemm\history.json,94685,1781367635.0
metrics_json,B-2-v4-ablation,B-2-v4-ablation\wout-thermal\seed_46\gen_60\gemm\metrics.json,D:\HNOCS\out\experimental results\B-2-v4-ablation\wout-thermal\seed_46\gen_60\gemm\metrics.json,5896,1781367635.0
history_json,B-2-v4-ablation,B-2-v4-ablation\wout-thermal\seed_46\gen_60\hnn\history.json,D:\HNOCS\out\experimental results\B-2-v4-ablation\wout-thermal\seed_46\gen_60\hnn\history.json,145777,1781378076.0
metrics_json,B-2-v4-ablation,B-2-v4-ablation\wout-thermal\seed_46\gen_60\hnn\metrics.json,D:\HNOCS\out\experimental results\B-2-v4-ablation\wout-thermal\seed_46\gen_60\hnn\metrics.json,5975,1781378076.0
history_json,B-2-v4-ablation,B-2-v4-ablation\wout-thermal\seed_46\gen_60\mpeg4\history.json,D:\HNOCS\out\experimental results\B-2-v4-ablation\wout-thermal\seed_46\gen_60\mpeg4\history.json,145880,1781368147.0
metrics_json,B-2-v4-ablation,B-2-v4-ablation\wout-thermal\seed_46\gen_60\mpeg4\metrics.json,D:\HNOCS\out\experimental results\B-2-v4-ablation\wout-thermal\seed_46\gen_60\mpeg4\metrics.json,5930,1781368147.0
history_json,B-2-v4-ablation,B-2-v4-ablation\wout-thermal\seed_46\gen_60\vopd\history.json,D:\HNOCS\out\experimental results\B-2-v4-ablation\wout-thermal\seed_46\gen_60\vopd\history.json,144634,1781375325.0
metrics_json,B-2-v4-ablation,B-2-v4-ablation\wout-thermal\seed_46\gen_60\vopd\metrics.json,D:\HNOCS\out\experimental results\B-2-v4-ablation\wout-thermal\seed_46\gen_60\vopd\metrics.json,5877,1781375325.0
history_json,B-2-v4-ablation,B-2-v4-ablation\wout-thermal\seed_47\gen_60\gemm\history.json,D:\HNOCS\out\experimental results\B-2-v4-ablation\wout-thermal\seed_47\gen_60\gemm\history.json,94794,1781367686.0
metrics_json,B-2-v4-ablation,B-2-v4-ablation\wout-thermal\seed_47\gen_60\gemm\metrics.json,D:\HNOCS\out\experimental results\B-2-v4-ablation\wout-thermal\seed_47\gen_60\gemm\metrics.json,5922,1781367686.0
history_json,B-2-v4-ablation,B-2-v4-ablation\wout-thermal\seed_47\gen_60\hnn\history.json,D:\HNOCS\out\experimental results\B-2-v4-ablation\wout-thermal\seed_47\gen_60\hnn\history.json,91099,1781378153.0
metrics_json,B-2-v4-ablation,B-2-v4-ablation\wout-thermal\seed_47\gen_60\hnn\metrics.json,D:\HNOCS\out\experimental results\B-2-v4-ablation\wout-thermal\seed_47\gen_60\hnn\metrics.json,5957,1781378153.0
history_json,B-2-v4-ablation,B-2-v4-ablation\wout-thermal\seed_47\gen_60\mpeg4\history.json,D:\HNOCS\out\experimental results\B-2-v4-ablation\wout-thermal\seed_47\gen_60\mpeg4\history.json,104134,1781368204.0
metrics_json,B-2-v4-ablation,B-2-v4-ablation\wout-thermal\seed_47\gen_60\mpeg4\metrics.json,D:\HNOCS\out\experimental results\B-2-v4-ablation\wout-thermal\seed_47\gen_60\mpeg4\metrics.json,5925,1781368204.0
history_json,B-2-v4-ablation,B-2-v4-ablation\wout-thermal\seed_47\gen_60\vopd\history.json,D:\HNOCS\out\experimental results\B-2-v4-ablation\wout-thermal\seed_47\gen_60\vopd\history.json,91795,1781375980.0
metrics_json,B-2-v4-ablation,B-2-v4-ablation\wout-thermal\seed_47\gen_60\vopd\metrics.json,D:\HNOCS\out\experimental results\B-2-v4-ablation\wout-thermal\seed_47\gen_60\vopd\metrics.json,5878,1781375980.0
history_json,B-2-v4-ablation,B-2-v4-ablation\wout-thermal\seed_48\gen_60\gemm\history.json,D:\HNOCS\out\experimental results\B-2-v4-ablation\wout-thermal\seed_48\gen_60\gemm\history.json,90034,1781367735.0
metrics_json,B-2-v4-ablation,B-2-v4-ablation\wout-thermal\seed_48\gen_60\gemm\metrics.json,D:\HNOCS\out\experimental results\B-2-v4-ablation\wout-thermal\seed_48\gen_60\gemm\metrics.json,5924,1781367735.0
history_json,B-2-v4-ablation,B-2-v4-ablation\wout-thermal\seed_48\gen_60\hnn\history.json,D:\HNOCS\out\experimental results\B-2-v4-ablation\wout-thermal\seed_48\gen_60\hnn\history.json,148092,1781378275.0
metrics_json,B-2-v4-ablation,B-2-v4-ablation\wout-thermal\seed_48\gen_60\hnn\metrics.json,D:\HNOCS\out\experimental results\B-2-v4-ablation\wout-thermal\seed_48\gen_60\hnn\metrics.json,5970,1781378275.0
history_json,B-2-v4-ablation,B-2-v4-ablation\wout-thermal\seed_48\gen_60\mpeg4\history.json,D:\HNOCS\out\experimental results\B-2-v4-ablation\wout-thermal\seed_48\gen_60\mpeg4\history.json,38957,1781368225.0
metrics_json,B-2-v4-ablation,B-2-v4-ablation\wout-thermal\seed_48\gen_60\mpeg4\metrics.json,D:\HNOCS\out\experimental results\B-2-v4-ablation\wout-thermal\seed_48\gen_60\mpeg4\metrics.json,5921,1781368225.0
history_json,B-2-v4-ablation,B-2-v4-ablation\wout-thermal\seed_48\gen_60\vopd\history.json,D:\HNOCS\out\experimental results\B-2-v4-ablation\wout-thermal\seed_48\gen_60\vopd\history.json,127852,1781376755.0
metrics_json,B-2-v4-ablation,B-2-v4-ablation\wout-thermal\seed_48\gen_60\vopd\metrics.json,D:\HNOCS\out\experimental results\B-2-v4-ablation\wout-thermal\seed_48\gen_60\vopd\metrics.json,5867,1781376755.0
history_json,B-2-v4-ablation,B-2-v4-ablation\wout-thermal\seed_49\gen_60\gemm\history.json,D:\HNOCS\out\experimental results\B-2-v4-ablation\wout-thermal\seed_49\gen_60\gemm\history.json,89976,1781367784.0
metrics_json,B-2-v4-ablation,B-2-v4-ablation\wout-thermal\seed_49\gen_60\gemm\metrics.json,D:\HNOCS\out\experimental results\B-2-v4-ablation\wout-thermal\seed_49\gen_60\gemm\metrics.json,5902,1781367784.0
history_json,B-2-v4-ablation,B-2-v4-ablation\wout-thermal\seed_49\gen_60\hnn\history.json,D:\HNOCS\out\experimental results\B-2-v4-ablation\wout-thermal\seed_49\gen_60\hnn\history.json,86323,1781378348.0
metrics_json,B-2-v4-ablation,B-2-v4-ablation\wout-thermal\seed_49\gen_60\hnn\metrics.json,D:\HNOCS\out\experimental results\B-2-v4-ablation\wout-thermal\seed_49\gen_60\hnn\metrics.json,5966,1781378348.0
history_json,B-2-v4-ablation,B-2-v4-ablation\wout-thermal\seed_49\gen_60\mpeg4\history.json,D:\HNOCS\out\experimental results\B-2-v4-ablation\wout-thermal\seed_49\gen_60\mpeg4\history.json,80425,1781368269.0
metrics_json,B-2-v4-ablation,B-2-v4-ablation\wout-thermal\seed_49\gen_60\mpeg4\metrics.json,D:\HNOCS\out\experimental results\B-2-v4-ablation\wout-thermal\seed_49\gen_60\mpeg4\metrics.json,5932,1781368269.0
history_json,B-2-v4-ablation,B-2-v4-ablation\wout-thermal\seed_49\gen_60\vopd\history.json,D:\HNOCS\out\experimental results\B-2-v4-ablation\wout-thermal\seed_49\gen_60\vopd\history.json,94073,1781377361.0
metrics_json,B-2-v4-ablation,B-2-v4-ablation\wout-thermal\seed_49\gen_60\vopd\metrics.json,D:\HNOCS\out\experimental results\B-2-v4-ablation\wout-thermal\seed_49\gen_60\vopd\metrics.json,5867,1781377361.0
metrics_json,comm-aware-baseline-v1,comm-aware-baseline-v1\gemm\comm_aware\metrics.json,D:\HNOCS\out\experimental results\comm-aware-baseline-v1\gemm\comm_aware\metrics.json,3701,1781261627.5575085
metrics_json,comm-aware-baseline-v1,comm-aware-baseline-v1\gemm\original\metrics.json,D:\HNOCS\out\experimental results\comm-aware-baseline-v1\gemm\original\metrics.json,3123,1781261626.5590167
metrics_json,comm-aware-baseline-v1,comm-aware-baseline-v1\hnn\comm_aware\metrics.json,D:\HNOCS\out\experimental results\comm-aware-baseline-v1\hnn\comm_aware\metrics.json,3752,1781261631.5053859
metrics_json,comm-aware-baseline-v1,comm-aware-baseline-v1\hnn\original\metrics.json,D:\HNOCS\out\experimental results\comm-aware-baseline-v1\hnn\original\metrics.json,3135,1781261630.5050607
metrics_json,comm-aware-baseline-v1,comm-aware-baseline-v1\mpeg4\comm_aware\metrics.json,D:\HNOCS\out\experimental results\comm-aware-baseline-v1\mpeg4\comm_aware\metrics.json,3710,1781261628.7237911
metrics_json,comm-aware-baseline-v1,comm-aware-baseline-v1\mpeg4\original\metrics.json,D:\HNOCS\out\experimental results\comm-aware-baseline-v1\mpeg4\original\metrics.json,3135,1781261628.076082
summary_csv,comm-aware-baseline-v1,comm-aware-baseline-v1\runs_summary.csv,D:\HNOCS\out\experimental results\comm-aware-baseline-v1\runs_summary.csv,551,1781261631.5073788
metrics_json,comm-aware-baseline-v1,comm-aware-baseline-v1\vopd\comm_aware\metrics.json,D:\HNOCS\out\experimental results\comm-aware-baseline-v1\vopd\comm_aware\metrics.json,3696,1781261629.6732166
metrics_json,comm-aware-baseline-v1,comm-aware-baseline-v1\vopd\original\metrics.json,D:\HNOCS\out\experimental results\comm-aware-baseline-v1\vopd\original\metrics.json,3057,1781261629.2202184
summary_csv,random-mapping-ensemble-v2,random-mapping-ensemble-v2\aggregate_summary.csv,D:\HNOCS\out\experimental results\random-mapping-ensemble-v2\aggregate_summary.csv,3894,1781365372.2111316
metrics_json,random-mapping-ensemble-v2,random-mapping-ensemble-v2\gemm\original\metrics.json,D:\HNOCS\out\experimental results\random-mapping-ensemble-v2\gemm\original\metrics.json,3230,1781360448.8085577
metrics_json,random-mapping-ensemble-v2,random-mapping-ensemble-v2\gemm\random\metrics.json,D:\HNOCS\out\experimental results\random-mapping-ensemble-v2\gemm\random\metrics.json,52977,1781360968.710196
metrics_json,random-mapping-ensemble-v2,random-mapping-ensemble-v2\gemm\random\selected\random_best\metrics.json,D:\HNOCS\out\experimental results\random-mapping-ensemble-v2\gemm\random\selected\random_best\metrics.json,2890,1781360968.4808278
metrics_json,random-mapping-ensemble-v2,random-mapping-ensemble-v2\gemm\random\selected\random_median\metrics.json,D:\HNOCS\out\experimental results\random-mapping-ensemble-v2\gemm\random\selected\random_median\metrics.json,2898,1781360968.489669
metrics_json,random-mapping-ensemble-v2,random-mapping-ensemble-v2\gemm\random\selected\random_p10\metrics.json,D:\HNOCS\out\experimental results\random-mapping-ensemble-v2\gemm\random\selected\random_p10\metrics.json,2935,1781360968.4965284
metrics_json,random-mapping-ensemble-v2,random-mapping-ensemble-v2\gemm\random\selected\random_p90\metrics.json,D:\HNOCS\out\experimental results\random-mapping-ensemble-v2\gemm\random\selected\random_p90\metrics.json,2948,1781360968.5054674
metrics_json,random-mapping-ensemble-v2,random-mapping-ensemble-v2\hnn\original\metrics.json,D:\HNOCS\out\experimental results\random-mapping-ensemble-v2\hnn\original\metrics.json,3242,1781363589.3960555
metrics_json,random-mapping-ensemble-v2,random-mapping-ensemble-v2\hnn\random\metrics.json,D:\HNOCS\out\experimental results\random-mapping-ensemble-v2\hnn\random\metrics.json,53044,1781364264.0877376
metrics_json,random-mapping-ensemble-v2,random-mapping-ensemble-v2\hnn\random\selected\random_best\metrics.json,D:\HNOCS\out\experimental results\random-mapping-ensemble-v2\hnn\random\selected\random_best\metrics.json,3242,1781364263.9556265
metrics_json,random-mapping-ensemble-v2,random-mapping-ensemble-v2\hnn\random\selected\random_median\metrics.json,D:\HNOCS\out\experimental results\random-mapping-ensemble-v2\hnn\random\selected\random_median\metrics.json,3252,1781364263.9593215
metrics_json,random-mapping-ensemble-v2,random-mapping-ensemble-v2\hnn\random\selected\random_p10\metrics.json,D:\HNOCS\out\experimental results\random-mapping-ensemble-v2\hnn\random\selected\random_p10\metrics.json,3241,1781364263.9614134
metrics_json,random-mapping-ensemble-v2,random-mapping-ensemble-v2\hnn\random\selected\random_p90\metrics.json,D:\HNOCS\out\experimental results\random-mapping-ensemble-v2\hnn\random\selected\random_p90\metrics.json,3252,1781364263.9634242
metrics_json,random-mapping-ensemble-v2,random-mapping-ensemble-v2\mpeg4\original\metrics.json,D:\HNOCS\out\experimental results\random-mapping-ensemble-v2\mpeg4\original\metrics.json,3242,1781360969.6736135
metrics_json,random-mapping-ensemble-v2,random-mapping-ensemble-v2\mpeg4\random\metrics.json,D:\HNOCS\out\experimental results\random-mapping-ensemble-v2\mpeg4\random\metrics.json,52993,1781361472.479132
metrics_json,random-mapping-ensemble-v2,random-mapping-ensemble-v2\mpeg4\random\selected\random_best\metrics.json,D:\HNOCS\out\experimental results\random-mapping-ensemble-v2\mpeg4\random\selected\random_best\metrics.json,2922,1781361472.2737002
metrics_json,random-mapping-ensemble-v2,random-mapping-ensemble-v2\mpeg4\random\selected\random_median\metrics.json,D:\HNOCS\out\experimental results\random-mapping-ensemble-v2\mpeg4\random\selected\random_median\metrics.json,2943,1781361472.2798667
metrics_json,random-mapping-ensemble-v2,random-mapping-ensemble-v2\mpeg4\random\selected\random_p10\metrics.json,D:\HNOCS\out\experimental results\random-mapping-ensemble-v2\mpeg4\random\selected\random_p10\metrics.json,2917,1781361472.2853587
metrics_json,random-mapping-ensemble-v2,random-mapping-ensemble-v2\mpeg4\random\selected\random_p90\metrics.json,D:\HNOCS\out\experimental results\random-mapping-ensemble-v2\mpeg4\random\selected\random_p90\metrics.json,2963,1781361472.291847
summary_csv,random-mapping-ensemble-v2,random-mapping-ensemble-v2\provenance\_topup_batches\vopd_seed3000_n240\runs_summary.csv,D:\HNOCS\out\experimental results\random-mapping-ensemble-v2\provenance\_topup_batches\vopd_seed3000_n240\runs_summary.csv,265,1781365164.573212
metrics_json,random-mapping-ensemble-v2,random-mapping-ensemble-v2\provenance\_topup_batches\vopd_seed3000_n240\vopd\original\metrics.json,D:\HNOCS\out\experimental results\random-mapping-ensemble-v2\provenance\_topup_batches\vopd_seed3000_n240\vopd\original\metrics.json,3164,1781364948.4372468
metrics_json,random-mapping-ensemble-v2,random-mapping-ensemble-v2\provenance\_topup_batches\vopd_seed3000_n240\vopd\random\metrics.json,D:\HNOCS\out\experimental results\random-mapping-ensemble-v2\provenance\_topup_batches\vopd_seed3000_n240\vopd\random\metrics.json,18053,1781365164.569676
metrics_json,random-mapping-ensemble-v2,random-mapping-ensemble-v2\provenance\_topup_batches\vopd_seed3000_n240\vopd\random\selected\random_best\metrics.json,D:\HNOCS\out\experimental results\random-mapping-ensemble-v2\provenance\_topup_batches\vopd_seed3000_n240\vopd\random\selected\random_best\metrics.json,2920,1781365164.549618
metrics_json,random-mapping-ensemble-v2,random-mapping-ensemble-v2\provenance\_topup_batches\vopd_seed3000_n240\vopd\random\selected\random_median\metrics.json,D:\HNOCS\out\experimental results\random-mapping-ensemble-v2\provenance\_topup_batches\vopd_seed3000_n240\vopd\random\selected\random_median\metrics.json,2933,1781365164.552134
metrics_json,random-mapping-ensemble-v2,random-mapping-ensemble-v2\provenance\_topup_batches\vopd_seed3000_n240\vopd\random\selected\random_p10\metrics.json,D:\HNOCS\out\experimental results\random-mapping-ensemble-v2\provenance\_topup_batches\vopd_seed3000_n240\vopd\random\selected\random_p10\metrics.json,2927,1781365164.5548196
metrics_json,random-mapping-ensemble-v2,random-mapping-ensemble-v2\provenance\_topup_batches\vopd_seed3000_n240\vopd\random\selected\random_p90\metrics.json,D:\HNOCS\out\experimental results\random-mapping-ensemble-v2\provenance\_topup_batches\vopd_seed3000_n240\vopd\random\selected\random_p90\metrics.json,2927,1781365164.55683
summary_csv,random-mapping-ensemble-v2,random-mapping-ensemble-v2\provenance\_topup_batches\vopd_seed3240_n8\runs_summary.csv,D:\HNOCS\out\experimental results\random-mapping-ensemble-v2\provenance\_topup_batches\vopd_seed3240_n8\runs_summary.csv,262,1781365171.4607892
metrics_json,random-mapping-ensemble-v2,random-mapping-ensemble-v2\provenance\_topup_batches\vopd_seed3240_n8\vopd\original\metrics.json,D:\HNOCS\out\experimental results\random-mapping-ensemble-v2\provenance\_topup_batches\vopd_seed3240_n8\vopd\original\metrics.json,3164,1781365170.3042512
metrics_json,random-mapping-ensemble-v2,random-mapping-ensemble-v2\provenance\_topup_batches\vopd_seed3240_n8\vopd\random\metrics.json,D:\HNOCS\out\experimental results\random-mapping-ensemble-v2\provenance\_topup_batches\vopd_seed3240_n8\vopd\random\metrics.json,15027,1781365171.4592848
metrics_json,random-mapping-ensemble-v2,random-mapping-ensemble-v2\provenance\_topup_batches\vopd_seed3240_n8\vopd\random\selected\random_best\metrics.json,D:\HNOCS\out\experimental results\random-mapping-ensemble-v2\provenance\_topup_batches\vopd_seed3240_n8\vopd\random\selected\random_best\metrics.json,2926,1781365171.4461045
metrics_json,random-mapping-ensemble-v2,random-mapping-ensemble-v2\provenance\_topup_batches\vopd_seed3240_n8\vopd\random\selected\random_median\metrics.json,D:\HNOCS\out\experimental results\random-mapping-ensemble-v2\provenance\_topup_batches\vopd_seed3240_n8\vopd\random\selected\random_median\metrics.json,2926,1781365171.449095
metrics_json,random-mapping-ensemble-v2,random-mapping-ensemble-v2\provenance\_topup_batches\vopd_seed3240_n8\vopd\random\selected\random_p10\metrics.json,D:\HNOCS\out\experimental results\random-mapping-ensemble-v2\provenance\_topup_batches\vopd_seed3240_n8\vopd\random\selected\random_p10\metrics.json,2925,1781365171.4515893
metrics_json,random-mapping-ensemble-v2,random-mapping-ensemble-v2\provenance\_topup_batches\vopd_seed3240_n8\vopd\random\selected\random_p90\metrics.json,D:\HNOCS\out\experimental results\random-mapping-ensemble-v2\provenance\_topup_batches\vopd_seed3240_n8\vopd\random\selected\random_p90\metrics.json,2923,1781365171.4551065
summary_csv,random-mapping-ensemble-v2,random-mapping-ensemble-v2\runs_summary.csv,D:\HNOCS\out\experimental results\random-mapping-ensemble-v2\runs_summary.csv,658,1781365372.2096014
summary_csv,random-mapping-ensemble-v2,random-mapping-ensemble-v2\validity_report.csv,D:\HNOCS\out\experimental results\random-mapping-ensemble-v2\validity_report.csv,1843268,1781365372.307103
metrics_json,random-mapping-ensemble-v2,random-mapping-ensemble-v2\vopd\original\metrics.json,D:\HNOCS\out\experimental results\random-mapping-ensemble-v2\vopd\original\metrics.json,3164,1781361473.4219394
metrics_json,random-mapping-ensemble-v2,random-mapping-ensemble-v2\vopd\random\metrics.json,D:\HNOCS\out\experimental results\random-mapping-ensemble-v2\vopd\random\metrics.json,56678,1781365294.1381564
metrics_json,random-mapping-ensemble-v2,random-mapping-ensemble-v2\vopd\random\selected\random_best\metrics.json,D:\HNOCS\out\experimental results\random-mapping-ensemble-v2\vopd\random\selected\random_best\metrics.json,2920,1781365292.6101806
metrics_json,random-mapping-ensemble-v2,random-mapping-ensemble-v2\vopd\random\selected\random_median\metrics.json,D:\HNOCS\out\experimental results\random-mapping-ensemble-v2\vopd\random\selected\random_median\metrics.json,2930,1781365293.1416562
metrics_json,random-mapping-ensemble-v2,random-mapping-ensemble-v2\vopd\random\selected\random_p10\metrics.json,D:\HNOCS\out\experimental results\random-mapping-ensemble-v2\vopd\random\selected\random_p10\metrics.json,2921,1781365293.6331098
metrics_json,random-mapping-ensemble-v2,random-mapping-ensemble-v2\vopd\random\selected\random_p90\metrics.json,D:\HNOCS\out\experimental results\random-mapping-ensemble-v2\vopd\random\selected\random_p90\metrics.json,2920,1781365294.1361632
metrics_json,thermal-sa-tas-results,thermal-sa-tas-results\archive\thermal-sa-tas-v2-integrated-seed42\v1\gemm\original\metrics.json,D:\HNOCS\out\experimental results\thermal-sa-tas-results\archive\thermal-sa-tas-v2-integrated-seed42\v1\gemm\original\metrics.json,3227,1781338612.8187926
history_json,thermal-sa-tas-results,thermal-sa-tas-results\archive\thermal-sa-tas-v2-integrated-seed42\v1\gemm\thermal_sa_tas\history.json,D:\HNOCS\out\experimental results\thermal-sa-tas-results\archive\thermal-sa-tas-v2-integrated-seed42\v1\gemm\thermal_sa_tas\history.json,1719158,1781338612.6880546
metrics_json,thermal-sa-tas-results,thermal-sa-tas-results\archive\thermal-sa-tas-v2-integrated-seed42\v1\gemm\thermal_sa_tas\metrics.json,D:\HNOCS\out\experimental results\thermal-sa-tas-results\archive\thermal-sa-tas-v2-integrated-seed42\v1\gemm\thermal_sa_tas\metrics.json,10213,1781338612.8208082
metrics_json,thermal-sa-tas-results,thermal-sa-tas-results\archive\thermal-sa-tas-v2-integrated-seed42\v1\hnn\original\metrics.json,D:\HNOCS\out\experimental results\thermal-sa-tas-results\archive\thermal-sa-tas-v2-integrated-seed42\v1\hnn\original\metrics.json,3239,1781338632.9570277
history_json,thermal-sa-tas-results,thermal-sa-tas-results\archive\thermal-sa-tas-v2-integrated-seed42\v1\hnn\thermal_sa_tas\history.json,D:\HNOCS\out\experimental results\thermal-sa-tas-results\archive\thermal-sa-tas-v2-integrated-seed42\v1\hnn\thermal_sa_tas\history.json,948365,1781338632.8155673
metrics_json,thermal-sa-tas-results,thermal-sa-tas-results\archive\thermal-sa-tas-v2-integrated-seed42\v1\hnn\thermal_sa_tas\metrics.json,D:\HNOCS\out\experimental results\thermal-sa-tas-results\archive\thermal-sa-tas-v2-integrated-seed42\v1\hnn\thermal_sa_tas\metrics.json,10840,1781338632.9654365
metrics_json,thermal-sa-tas-results,thermal-sa-tas-results\archive\thermal-sa-tas-v2-integrated-seed42\v1\mpeg4\original\metrics.json,D:\HNOCS\out\experimental results\thermal-sa-tas-results\archive\thermal-sa-tas-v2-integrated-seed42\v1\mpeg4\original\metrics.json,3239,1781338616.0742204
history_json,thermal-sa-tas-results,thermal-sa-tas-results\archive\thermal-sa-tas-v2-integrated-seed42\v1\mpeg4\thermal_sa_tas\history.json,D:\HNOCS\out\experimental results\thermal-sa-tas-results\archive\thermal-sa-tas-v2-integrated-seed42\v1\mpeg4\thermal_sa_tas\history.json,1701541,1781338615.9798837
metrics_json,thermal-sa-tas-results,thermal-sa-tas-results\archive\thermal-sa-tas-v2-integrated-seed42\v1\mpeg4\thermal_sa_tas\metrics.json,D:\HNOCS\out\experimental results\thermal-sa-tas-results\archive\thermal-sa-tas-v2-integrated-seed42\v1\mpeg4\thermal_sa_tas\metrics.json,10203,1781338616.0772755
summary_csv,thermal-sa-tas-results,thermal-sa-tas-results\archive\thermal-sa-tas-v2-integrated-seed42\v1\runs_summary.csv,D:\HNOCS\out\experimental results\thermal-sa-tas-results\archive\thermal-sa-tas-v2-integrated-seed42\v1\runs_summary.csv,506,1781338632.971343
metrics_json,thermal-sa-tas-results,thermal-sa-tas-results\archive\thermal-sa-tas-v2-integrated-seed42\v1\vopd\original\metrics.json,D:\HNOCS\out\experimental results\thermal-sa-tas-results\archive\thermal-sa-tas-v2-integrated-seed42\v1\vopd\original\metrics.json,3161,1781338619.6331718
history_json,thermal-sa-tas-results,thermal-sa-tas-results\archive\thermal-sa-tas-v2-integrated-seed42\v1\vopd\thermal_sa_tas\history.json,D:\HNOCS\out\experimental results\thermal-sa-tas-results\archive\thermal-sa-tas-v2-integrated-seed42\v1\vopd\thermal_sa_tas\history.json,1577154,1781338619.5722423
metrics_json,thermal-sa-tas-results,thermal-sa-tas-results\archive\thermal-sa-tas-v2-integrated-seed42\v1\vopd\thermal_sa_tas\metrics.json,D:\HNOCS\out\experimental results\thermal-sa-tas-results\archive\thermal-sa-tas-v2-integrated-seed42\v1\vopd\thermal_sa_tas\metrics.json,10303,1781338619.6341681
metrics_json,thermal-sa-tas-results,thermal-sa-tas-results\archive\thermal-sa-tas-v2-integrated-seed42\v2\gemm\original\metrics.json,D:\HNOCS\out\experimental results\thermal-sa-tas-results\archive\thermal-sa-tas-v2-integrated-seed42\v2\gemm\original\metrics.json,3227,1781340812.8998115
history_json,thermal-sa-tas-results,thermal-sa-tas-results\archive\thermal-sa-tas-v2-integrated-seed42\v2\gemm\thermal_sa_tas\history.json,D:\HNOCS\out\experimental results\thermal-sa-tas-results\archive\thermal-sa-tas-v2-integrated-seed42\v2\gemm\thermal_sa_tas\history.json,2753500,1781340812.8208606
metrics_json,thermal-sa-tas-results,thermal-sa-tas-results\archive\thermal-sa-tas-v2-integrated-seed42\v2\gemm\thermal_sa_tas\metrics.json,D:\HNOCS\out\experimental results\thermal-sa-tas-results\archive\thermal-sa-tas-v2-integrated-seed42\v2\gemm\thermal_sa_tas\metrics.json,11333,1781340812.9028015
metrics_json,thermal-sa-tas-results,thermal-sa-tas-results\archive\thermal-sa-tas-v2-integrated-seed42\v2\hnn\original\metrics.json,D:\HNOCS\out\experimental results\thermal-sa-tas-results\archive\thermal-sa-tas-v2-integrated-seed42\v2\hnn\original\metrics.json,3239,1781340858.5762286
history_json,thermal-sa-tas-results,thermal-sa-tas-results\archive\thermal-sa-tas-v2-integrated-seed42\v2\hnn\thermal_sa_tas\history.json,D:\HNOCS\out\experimental results\thermal-sa-tas-results\archive\thermal-sa-tas-v2-integrated-seed42\v2\hnn\thermal_sa_tas\history.json,4307132,1781340858.4677758
metrics_json,thermal-sa-tas-results,thermal-sa-tas-results\archive\thermal-sa-tas-v2-integrated-seed42\v2\hnn\thermal_sa_tas\metrics.json,D:\HNOCS\out\experimental results\thermal-sa-tas-results\archive\thermal-sa-tas-v2-integrated-seed42\v2\hnn\thermal_sa_tas\metrics.json,11837,1781340858.5772321
metrics_json,thermal-sa-tas-results,thermal-sa-tas-results\archive\thermal-sa-tas-v2-integrated-seed42\v2\mpeg4\original\metrics.json,D:\HNOCS\out\experimental results\thermal-sa-tas-results\archive\thermal-sa-tas-v2-integrated-seed42\v2\mpeg4\original\metrics.json,3239,1781340823.7742553
history_json,thermal-sa-tas-results,thermal-sa-tas-results\archive\thermal-sa-tas-v2-integrated-seed42\v2\mpeg4\thermal_sa_tas\history.json,D:\HNOCS\out\experimental results\thermal-sa-tas-results\archive\thermal-sa-tas-v2-integrated-seed42\v2\mpeg4\thermal_sa_tas\history.json,3996468,1781340823.4961176
metrics_json,thermal-sa-tas-results,thermal-sa-tas-results\archive\thermal-sa-tas-v2-integrated-seed42\v2\mpeg4\thermal_sa_tas\metrics.json,D:\HNOCS\out\experimental results\thermal-sa-tas-results\archive\thermal-sa-tas-v2-integrated-seed42\v2\mpeg4\thermal_sa_tas\metrics.json,11344,1781340823.777247
summary_csv,thermal-sa-tas-results,thermal-sa-tas-results\archive\thermal-sa-tas-v2-integrated-seed42\v2\runs_summary.csv,D:\HNOCS\out\experimental results\thermal-sa-tas-results\archive\thermal-sa-tas-v2-integrated-seed42\v2\runs_summary.csv,510,1781340858.5803778
metrics_json,thermal-sa-tas-results,thermal-sa-tas-results\archive\thermal-sa-tas-v2-integrated-seed42\v2\vopd\original\metrics.json,D:\HNOCS\out\experimental results\thermal-sa-tas-results\archive\thermal-sa-tas-v2-integrated-seed42\v2\vopd\original\metrics.json,3161,1781340835.6762092
history_json,thermal-sa-tas-results,thermal-sa-tas-results\archive\thermal-sa-tas-v2-integrated-seed42\v2\vopd\thermal_sa_tas\history.json,D:\HNOCS\out\experimental results\thermal-sa-tas-results\archive\thermal-sa-tas-v2-integrated-seed42\v2\vopd\thermal_sa_tas\history.json,3751663,1781340835.586887
metrics_json,thermal-sa-tas-results,thermal-sa-tas-results\archive\thermal-sa-tas-v2-integrated-seed42\v2\vopd\thermal_sa_tas\metrics.json,D:\HNOCS\out\experimental results\thermal-sa-tas-results\archive\thermal-sa-tas-v2-integrated-seed42\v2\vopd\thermal_sa_tas\metrics.json,11420,1781340835.6775055
summary_csv,thermal-sa-tas-results,thermal-sa-tas-results\final\aggregate_summary.csv,D:\HNOCS\out\experimental results\thermal-sa-tas-results\final\aggregate_summary.csv,13876,1781358070.0435407
summary_csv,thermal-sa-tas-results,thermal-sa-tas-results\final\runs_summary.csv,D:\HNOCS\out\experimental results\thermal-sa-tas-results\final\runs_summary.csv,27348,1781358070.041547
metrics_json,thermal-sa-tas-results,thermal-sa-tas-results\final\seed_40\gemm\original\metrics.json,D:\HNOCS\out\experimental results\thermal-sa-tas-results\final\seed_40\gemm\original\metrics.json,3227,1781356122.2760942
history_json,thermal-sa-tas-results,thermal-sa-tas-results\final\seed_40\gemm\thermal_sa_tas\history.json,D:\HNOCS\out\experimental results\thermal-sa-tas-results\final\seed_40\gemm\thermal_sa_tas\history.json,5091131,1781356122.1522207
metrics_json,thermal-sa-tas-results,thermal-sa-tas-results\final\seed_40\gemm\thermal_sa_tas\metrics.json,D:\HNOCS\out\experimental results\thermal-sa-tas-results\final\seed_40\gemm\thermal_sa_tas\metrics.json,18389,1781356122.277097
metrics_json,thermal-sa-tas-results,thermal-sa-tas-results\final\seed_40\hnn\original\metrics.json,D:\HNOCS\out\experimental results\thermal-sa-tas-results\final\seed_40\hnn\original\metrics.json,3239,1781356252.935853
history_json,thermal-sa-tas-results,thermal-sa-tas-results\final\seed_40\hnn\thermal_sa_tas\history.json,D:\HNOCS\out\experimental results\thermal-sa-tas-results\final\seed_40\hnn\thermal_sa_tas\history.json,14291773,1781356252.5624375
metrics_json,thermal-sa-tas-results,thermal-sa-tas-results\final\seed_40\hnn\thermal_sa_tas\metrics.json,D:\HNOCS\out\experimental results\thermal-sa-tas-results\final\seed_40\hnn\thermal_sa_tas\metrics.json,18530,1781356252.9371226
metrics_json,thermal-sa-tas-results,thermal-sa-tas-results\final\seed_40\mpeg4\original\metrics.json,D:\HNOCS\out\experimental results\thermal-sa-tas-results\final\seed_40\mpeg4\original\metrics.json,3239,1781356139.59427
history_json,thermal-sa-tas-results,thermal-sa-tas-results\final\seed_40\mpeg4\thermal_sa_tas\history.json,D:\HNOCS\out\experimental results\thermal-sa-tas-results\final\seed_40\mpeg4\thermal_sa_tas\history.json,4936417,1781356139.4835672
metrics_json,thermal-sa-tas-results,thermal-sa-tas-results\final\seed_40\mpeg4\thermal_sa_tas\metrics.json,D:\HNOCS\out\experimental results\thermal-sa-tas-results\final\seed_40\mpeg4\thermal_sa_tas\metrics.json,18164,1781356139.5952725
metrics_json,thermal-sa-tas-results,thermal-sa-tas-results\final\seed_40\vopd\original\metrics.json,D:\HNOCS\out\experimental results\thermal-sa-tas-results\final\seed_40\vopd\original\metrics.json,3161,1781356152.908121
history_json,thermal-sa-tas-results,thermal-sa-tas-results\final\seed_40\vopd\thermal_sa_tas\history.json,D:\HNOCS\out\experimental results\thermal-sa-tas-results\final\seed_40\vopd\thermal_sa_tas\history.json,8013565,1781356152.7436457
metrics_json,thermal-sa-tas-results,thermal-sa-tas-results\final\seed_40\vopd\thermal_sa_tas\metrics.json,D:\HNOCS\out\experimental results\thermal-sa-tas-results\final\seed_40\vopd\thermal_sa_tas\metrics.json,16924,1781356152.9093223
metrics_json,thermal-sa-tas-results,thermal-sa-tas-results\final\seed_41\gemm\original\metrics.json,D:\HNOCS\out\experimental results\thermal-sa-tas-results\final\seed_41\gemm\original\metrics.json,3227,1781356266.835986
history_json,thermal-sa-tas-results,thermal-sa-tas-results\final\seed_41\gemm\thermal_sa_tas\history.json,D:\HNOCS\out\experimental results\thermal-sa-tas-results\final\seed_41\gemm\thermal_sa_tas\history.json,5100296,1781356266.6045485
metrics_json,thermal-sa-tas-results,thermal-sa-tas-results\final\seed_41\gemm\thermal_sa_tas\metrics.json,D:\HNOCS\out\experimental results\thermal-sa-tas-results\final\seed_41\gemm\thermal_sa_tas\metrics.json,18301,1781356266.8389764
metrics_json,thermal-sa-tas-results,thermal-sa-tas-results\final\seed_41\hnn\original\metrics.json,D:\HNOCS\out\experimental results\thermal-sa-tas-results\final\seed_41\hnn\original\metrics.json,3239,1781356391.588217
history_json,thermal-sa-tas-results,thermal-sa-tas-results\final\seed_41\hnn\thermal_sa_tas\history.json,D:\HNOCS\out\experimental results\thermal-sa-tas-results\final\seed_41\hnn\thermal_sa_tas\history.json,14279476,1781356391.3148112
metrics_json,thermal-sa-tas-results,thermal-sa-tas-results\final\seed_41\hnn\thermal_sa_tas\metrics.json,D:\HNOCS\out\experimental results\thermal-sa-tas-results\final\seed_41\hnn\thermal_sa_tas\metrics.json,18577,1781356391.5892384
metrics_json,thermal-sa-tas-results,thermal-sa-tas-results\final\seed_41\mpeg4\original\metrics.json,D:\HNOCS\out\experimental results\thermal-sa-tas-results\final\seed_41\mpeg4\original\metrics.json,3239,1781356284.8594716
history_json,thermal-sa-tas-results,thermal-sa-tas-results\final\seed_41\mpeg4\thermal_sa_tas\history.json,D:\HNOCS\out\experimental results\thermal-sa-tas-results\final\seed_41\mpeg4\thermal_sa_tas\history.json,5775958,1781356284.7322977
metrics_json,thermal-sa-tas-results,thermal-sa-tas-results\final\seed_41\mpeg4\thermal_sa_tas\metrics.json,D:\HNOCS\out\experimental results\thermal-sa-tas-results\final\seed_41\mpeg4\thermal_sa_tas\metrics.json,18066,1781356284.860784
metrics_json,thermal-sa-tas-results,thermal-sa-tas-results\final\seed_41\vopd\original\metrics.json,D:\HNOCS\out\experimental results\thermal-sa-tas-results\final\seed_41\vopd\original\metrics.json,3161,1781356296.1936734
history_json,thermal-sa-tas-results,thermal-sa-tas-results\final\seed_41\vopd\thermal_sa_tas\history.json,D:\HNOCS\out\experimental results\thermal-sa-tas-results\final\seed_41\vopd\thermal_sa_tas\history.json,7997489,1781356295.9677422
metrics_json,thermal-sa-tas-results,thermal-sa-tas-results\final\seed_41\vopd\thermal_sa_tas\metrics.json,D:\HNOCS\out\experimental results\thermal-sa-tas-results\final\seed_41\vopd\thermal_sa_tas\metrics.json,16920,1781356296.195164
metrics_json,thermal-sa-tas-results,thermal-sa-tas-results\final\seed_42\gemm\original\metrics.json,D:\HNOCS\out\experimental results\thermal-sa-tas-results\final\seed_42\gemm\original\metrics.json,3227,1781356406.7183216
history_json,thermal-sa-tas-results,thermal-sa-tas-results\final\seed_42\gemm\thermal_sa_tas\history.json,D:\HNOCS\out\experimental results\thermal-sa-tas-results\final\seed_42\gemm\thermal_sa_tas\history.json,4114008,1781356406.58797
metrics_json,thermal-sa-tas-results,thermal-sa-tas-results\final\seed_42\gemm\thermal_sa_tas\metrics.json,D:\HNOCS\out\experimental results\thermal-sa-tas-results\final\seed_42\gemm\thermal_sa_tas\metrics.json,18419,1781356406.7194078
metrics_json,thermal-sa-tas-results,thermal-sa-tas-results\final\seed_42\hnn\original\metrics.json,D:\HNOCS\out\experimental results\thermal-sa-tas-results\final\seed_42\hnn\original\metrics.json,3239,1781356544.3884096
history_json,thermal-sa-tas-results,thermal-sa-tas-results\final\seed_42\hnn\thermal_sa_tas\history.json,D:\HNOCS\out\experimental results\thermal-sa-tas-results\final\seed_42\hnn\thermal_sa_tas\history.json,14288742,1781356543.8094845
metrics_json,thermal-sa-tas-results,thermal-sa-tas-results\final\seed_42\hnn\thermal_sa_tas\metrics.json,D:\HNOCS\out\experimental results\thermal-sa-tas-results\final\seed_42\hnn\thermal_sa_tas\metrics.json,18683,1781356544.3894062
metrics_json,thermal-sa-tas-results,thermal-sa-tas-results\final\seed_42\mpeg4\original\metrics.json,D:\HNOCS\out\experimental results\thermal-sa-tas-results\final\seed_42\mpeg4\original\metrics.json,3239,1781356426.231165
history_json,thermal-sa-tas-results,thermal-sa-tas-results\final\seed_42\mpeg4\thermal_sa_tas\history.json,D:\HNOCS\out\experimental results\thermal-sa-tas-results\final\seed_42\mpeg4\thermal_sa_tas\history.json,5350495,1781356426.122772
metrics_json,thermal-sa-tas-results,thermal-sa-tas-results\final\seed_42\mpeg4\thermal_sa_tas\metrics.json,D:\HNOCS\out\experimental results\thermal-sa-tas-results\final\seed_42\mpeg4\thermal_sa_tas\metrics.json,17977,1781356426.2321882
metrics_json,thermal-sa-tas-results,thermal-sa-tas-results\final\seed_42\vopd\original\metrics.json,D:\HNOCS\out\experimental results\thermal-sa-tas-results\final\seed_42\vopd\original\metrics.json,3161,1781356440.244347
history_json,thermal-sa-tas-results,thermal-sa-tas-results\final\seed_42\vopd\thermal_sa_tas\history.json,D:\HNOCS\out\experimental results\thermal-sa-tas-results\final\seed_42\vopd\thermal_sa_tas\history.json,7993506,1781356440.097552
metrics_json,thermal-sa-tas-results,thermal-sa-tas-results\final\seed_42\vopd\thermal_sa_tas\metrics.json,D:\HNOCS\out\experimental results\thermal-sa-tas-results\final\seed_42\vopd\thermal_sa_tas\metrics.json,16921,1781356440.2458491
metrics_json,thermal-sa-tas-results,thermal-sa-tas-results\final\seed_43\gemm\original\metrics.json,D:\HNOCS\out\experimental results\thermal-sa-tas-results\final\seed_43\gemm\original\metrics.json,3227,1781356560.1412935
history_json,thermal-sa-tas-results,thermal-sa-tas-results\final\seed_43\gemm\thermal_sa_tas\history.json,D:\HNOCS\out\experimental results\thermal-sa-tas-results\final\seed_43\gemm\thermal_sa_tas\history.json,4813669,1781356560.0184922
metrics_json,thermal-sa-tas-results,thermal-sa-tas-results\final\seed_43\gemm\thermal_sa_tas\metrics.json,D:\HNOCS\out\experimental results\thermal-sa-tas-results\final\seed_43\gemm\thermal_sa_tas\metrics.json,18347,1781356560.1423047
metrics_json,thermal-sa-tas-results,thermal-sa-tas-results\final\seed_43\hnn\original\metrics.json,D:\HNOCS\out\experimental results\thermal-sa-tas-results\final\seed_43\hnn\original\metrics.json,3239,1781356704.720942
history_json,thermal-sa-tas-results,thermal-sa-tas-results\final\seed_43\hnn\thermal_sa_tas\history.json,D:\HNOCS\out\experimental results\thermal-sa-tas-results\final\seed_43\hnn\thermal_sa_tas\history.json,14315708,1781356704.3933723
metrics_json,thermal-sa-tas-results,thermal-sa-tas-results\final\seed_43\hnn\thermal_sa_tas\metrics.json,D:\HNOCS\out\experimental results\thermal-sa-tas-results\final\seed_43\hnn\thermal_sa_tas\metrics.json,18560,1781356704.7223914
metrics_json,thermal-sa-tas-results,thermal-sa-tas-results\final\seed_43\mpeg4\original\metrics.json,D:\HNOCS\out\experimental results\thermal-sa-tas-results\final\seed_43\mpeg4\original\metrics.json,3239,1781356574.8404193
history_json,thermal-sa-tas-results,thermal-sa-tas-results\final\seed_43\mpeg4\thermal_sa_tas\history.json,D:\HNOCS\out\experimental results\thermal-sa-tas-results\final\seed_43\mpeg4\thermal_sa_tas\history.json,5407858,1781356574.7071514
metrics_json,thermal-sa-tas-results,thermal-sa-tas-results\final\seed_43\mpeg4\thermal_sa_tas\metrics.json,D:\HNOCS\out\experimental results\thermal-sa-tas-results\final\seed_43\mpeg4\thermal_sa_tas\metrics.json,17990,1781356574.8414152
metrics_json,thermal-sa-tas-results,thermal-sa-tas-results\final\seed_43\vopd\original\metrics.json,D:\HNOCS\out\experimental results\thermal-sa-tas-results\final\seed_43\vopd\original\metrics.json,3161,1781356586.8865137
history_json,thermal-sa-tas-results,thermal-sa-tas-results\final\seed_43\vopd\thermal_sa_tas\history.json,D:\HNOCS\out\experimental results\thermal-sa-tas-results\final\seed_43\vopd\thermal_sa_tas\history.json,7978869,1781356586.7275083
metrics_json,thermal-sa-tas-results,thermal-sa-tas-results\final\seed_43\vopd\thermal_sa_tas\metrics.json,D:\HNOCS\out\experimental results\thermal-sa-tas-results\final\seed_43\vopd\thermal_sa_tas\metrics.json,16928,1781356586.8881464
metrics_json,thermal-sa-tas-results,thermal-sa-tas-results\final\seed_44\gemm\original\metrics.json,D:\HNOCS\out\experimental results\thermal-sa-tas-results\final\seed_44\gemm\original\metrics.json,3227,1781356722.166147
history_json,thermal-sa-tas-results,thermal-sa-tas-results\final\seed_44\gemm\thermal_sa_tas\history.json,D:\HNOCS\out\experimental results\thermal-sa-tas-results\final\seed_44\gemm\thermal_sa_tas\history.json,3373936,1781356722.034674
metrics_json,thermal-sa-tas-results,thermal-sa-tas-results\final\seed_44\gemm\thermal_sa_tas\metrics.json,D:\HNOCS\out\experimental results\thermal-sa-tas-results\final\seed_44\gemm\thermal_sa_tas\metrics.json,18426,1781356722.169247
metrics_json,thermal-sa-tas-results,thermal-sa-tas-results\final\seed_44\hnn\original\metrics.json,D:\HNOCS\out\experimental results\thermal-sa-tas-results\final\seed_44\hnn\original\metrics.json,3239,1781356891.8507087
history_json,thermal-sa-tas-results,thermal-sa-tas-results\final\seed_44\hnn\thermal_sa_tas\history.json,D:\HNOCS\out\experimental results\thermal-sa-tas-results\final\seed_44\hnn\thermal_sa_tas\history.json,14228481,1781356891.3724134
metrics_json,thermal-sa-tas-results,thermal-sa-tas-results\final\seed_44\hnn\thermal_sa_tas\metrics.json,D:\HNOCS\out\experimental results\thermal-sa-tas-results\final\seed_44\hnn\thermal_sa_tas\metrics.json,18578,1781356891.8517048
metrics_json,thermal-sa-tas-results,thermal-sa-tas-results\final\seed_44\mpeg4\original\metrics.json,D:\HNOCS\out\experimental results\thermal-sa-tas-results\final\seed_44\mpeg4\original\metrics.json,3239,1781356740.524944
history_json,thermal-sa-tas-results,thermal-sa-tas-results\final\seed_44\mpeg4\thermal_sa_tas\history.json,D:\HNOCS\out\experimental results\thermal-sa-tas-results\final\seed_44\mpeg4\thermal_sa_tas\history.json,4839932,1781356740.3760438
metrics_json,thermal-sa-tas-results,thermal-sa-tas-results\final\seed_44\mpeg4\thermal_sa_tas\metrics.json,D:\HNOCS\out\experimental results\thermal-sa-tas-results\final\seed_44\mpeg4\thermal_sa_tas\metrics.json,18073,1781356740.5259414
metrics_json,thermal-sa-tas-results,thermal-sa-tas-results\final\seed_44\vopd\original\metrics.json,D:\HNOCS\out\experimental results\thermal-sa-tas-results\final\seed_44\vopd\original\metrics.json,3161,1781356756.013389
history_json,thermal-sa-tas-results,thermal-sa-tas-results\final\seed_44\vopd\thermal_sa_tas\history.json,D:\HNOCS\out\experimental results\thermal-sa-tas-results\final\seed_44\vopd\thermal_sa_tas\history.json,8035857,1781356755.747868
metrics_json,thermal-sa-tas-results,thermal-sa-tas-results\final\seed_44\vopd\thermal_sa_tas\metrics.json,D:\HNOCS\out\experimental results\thermal-sa-tas-results\final\seed_44\vopd\thermal_sa_tas\metrics.json,16993,1781356756.0158887
metrics_json,thermal-sa-tas-results,thermal-sa-tas-results\final\seed_45\gemm\original\metrics.json,D:\HNOCS\out\experimental results\thermal-sa-tas-results\final\seed_45\gemm\original\metrics.json,3227,1781356909.9382668
history_json,thermal-sa-tas-results,thermal-sa-tas-results\final\seed_45\gemm\thermal_sa_tas\history.json,D:\HNOCS\out\experimental results\thermal-sa-tas-results\final\seed_45\gemm\thermal_sa_tas\history.json,5650184,1781356909.7697537
metrics_json,thermal-sa-tas-results,thermal-sa-tas-results\final\seed_45\gemm\thermal_sa_tas\metrics.json,D:\HNOCS\out\experimental results\thermal-sa-tas-results\final\seed_45\gemm\thermal_sa_tas\metrics.json,18173,1781356909.9393082
metrics_json,thermal-sa-tas-results,thermal-sa-tas-results\final\seed_45\hnn\original\metrics.json,D:\HNOCS\out\experimental results\thermal-sa-tas-results\final\seed_45\hnn\original\metrics.json,3239,1781357097.3578975
history_json,thermal-sa-tas-results,thermal-sa-tas-results\final\seed_45\hnn\thermal_sa_tas\history.json,D:\HNOCS\out\experimental results\thermal-sa-tas-results\final\seed_45\hnn\thermal_sa_tas\history.json,14228107,1781357096.9519756
metrics_json,thermal-sa-tas-results,thermal-sa-tas-results\final\seed_45\hnn\thermal_sa_tas\metrics.json,D:\HNOCS\out\experimental results\thermal-sa-tas-results\final\seed_45\hnn\thermal_sa_tas\metrics.json,18616,1781357097.3588917
metrics_json,thermal-sa-tas-results,thermal-sa-tas-results\final\seed_45\mpeg4\original\metrics.json,D:\HNOCS\out\experimental results\thermal-sa-tas-results\final\seed_45\mpeg4\original\metrics.json,3239,1781356940.9887488
history_json,thermal-sa-tas-results,thermal-sa-tas-results\final\seed_45\mpeg4\thermal_sa_tas\history.json,D:\HNOCS\out\experimental results\thermal-sa-tas-results\final\seed_45\mpeg4\thermal_sa_tas\history.json,5762243,1781356940.5642352
metrics_json,thermal-sa-tas-results,thermal-sa-tas-results\final\seed_45\mpeg4\thermal_sa_tas\metrics.json,D:\HNOCS\out\experimental results\thermal-sa-tas-results\final\seed_45\mpeg4\thermal_sa_tas\metrics.json,17982,1781356940.9927356
metrics_json,thermal-sa-tas-results,thermal-sa-tas-results\final\seed_45\vopd\original\metrics.json,D:\HNOCS\out\experimental results\thermal-sa-tas-results\final\seed_45\vopd\original\metrics.json,3161,1781356961.758584
history_json,thermal-sa-tas-results,thermal-sa-tas-results\final\seed_45\vopd\thermal_sa_tas\history.json,D:\HNOCS\out\experimental results\thermal-sa-tas-results\final\seed_45\vopd\thermal_sa_tas\history.json,8008345,1781356961.500025
metrics_json,thermal-sa-tas-results,thermal-sa-tas-results\final\seed_45\vopd\thermal_sa_tas\metrics.json,D:\HNOCS\out\experimental results\thermal-sa-tas-results\final\seed_45\vopd\thermal_sa_tas\metrics.json,16926,1781356961.7609193
metrics_json,thermal-sa-tas-results,thermal-sa-tas-results\final\seed_46\gemm\original\metrics.json,D:\HNOCS\out\experimental results\thermal-sa-tas-results\final\seed_46\gemm\original\metrics.json,3227,1781357111.788394
history_json,thermal-sa-tas-results,thermal-sa-tas-results\final\seed_46\gemm\thermal_sa_tas\history.json,D:\HNOCS\out\experimental results\thermal-sa-tas-results\final\seed_46\gemm\thermal_sa_tas\history.json,3979986,1781357111.5983636
metrics_json,thermal-sa-tas-results,thermal-sa-tas-results\final\seed_46\gemm\thermal_sa_tas\metrics.json,D:\HNOCS\out\experimental results\thermal-sa-tas-results\final\seed_46\gemm\thermal_sa_tas\metrics.json,18146,1781357111.790779
metrics_json,thermal-sa-tas-results,thermal-sa-tas-results\final\seed_46\hnn\original\metrics.json,D:\HNOCS\out\experimental results\thermal-sa-tas-results\final\seed_46\hnn\original\metrics.json,3239,1781357282.81552
history_json,thermal-sa-tas-results,thermal-sa-tas-results\final\seed_46\hnn\thermal_sa_tas\history.json,D:\HNOCS\out\experimental results\thermal-sa-tas-results\final\seed_46\hnn\thermal_sa_tas\history.json,14364071,1781357282.3846934
metrics_json,thermal-sa-tas-results,thermal-sa-tas-results\final\seed_46\hnn\thermal_sa_tas\metrics.json,D:\HNOCS\out\experimental results\thermal-sa-tas-results\final\seed_46\hnn\thermal_sa_tas\metrics.json,18697,1781357282.8175268
metrics_json,thermal-sa-tas-results,thermal-sa-tas-results\final\seed_46\mpeg4\original\metrics.json,D:\HNOCS\out\experimental results\thermal-sa-tas-results\final\seed_46\mpeg4\original\metrics.json,3239,1781357127.0253286
history_json,thermal-sa-tas-results,thermal-sa-tas-results\final\seed_46\mpeg4\thermal_sa_tas\history.json,D:\HNOCS\out\experimental results\thermal-sa-tas-results\final\seed_46\mpeg4\thermal_sa_tas\history.json,3855883,1781357126.926739
metrics_json,thermal-sa-tas-results,thermal-sa-tas-results\final\seed_46\mpeg4\thermal_sa_tas\metrics.json,D:\HNOCS\out\experimental results\thermal-sa-tas-results\final\seed_46\mpeg4\thermal_sa_tas\metrics.json,18137,1781357127.0263343
metrics_json,thermal-sa-tas-results,thermal-sa-tas-results\final\seed_46\vopd\original\metrics.json,D:\HNOCS\out\experimental results\thermal-sa-tas-results\final\seed_46\vopd\original\metrics.json,3161,1781357142.3951914
history_json,thermal-sa-tas-results,thermal-sa-tas-results\final\seed_46\vopd\thermal_sa_tas\history.json,D:\HNOCS\out\experimental results\thermal-sa-tas-results\final\seed_46\vopd\thermal_sa_tas\history.json,8000216,1781357142.203863
metrics_json,thermal-sa-tas-results,thermal-sa-tas-results\final\seed_46\vopd\thermal_sa_tas\metrics.json,D:\HNOCS\out\experimental results\thermal-sa-tas-results\final\seed_46\vopd\thermal_sa_tas\metrics.json,16927,1781357142.3965962
metrics_json,thermal-sa-tas-results,thermal-sa-tas-results\final\seed_47\gemm\original\metrics.json,D:\HNOCS\out\experimental results\thermal-sa-tas-results\final\seed_47\gemm\original\metrics.json,3227,1781357301.958022
history_json,thermal-sa-tas-results,thermal-sa-tas-results\final\seed_47\gemm\thermal_sa_tas\history.json,D:\HNOCS\out\experimental results\thermal-sa-tas-results\final\seed_47\gemm\thermal_sa_tas\history.json,5940698,1781357301.7564566
metrics_json,thermal-sa-tas-results,thermal-sa-tas-results\final\seed_47\gemm\thermal_sa_tas\metrics.json,D:\HNOCS\out\experimental results\thermal-sa-tas-results\final\seed_47\gemm\thermal_sa_tas\metrics.json,18355,1781357301.9590943
metrics_json,thermal-sa-tas-results,thermal-sa-tas-results\final\seed_47\hnn\original\metrics.json,D:\HNOCS\out\experimental results\thermal-sa-tas-results\final\seed_47\hnn\original\metrics.json,3239,1781357486.6209476
history_json,thermal-sa-tas-results,thermal-sa-tas-results\final\seed_47\hnn\thermal_sa_tas\history.json,D:\HNOCS\out\experimental results\thermal-sa-tas-results\final\seed_47\hnn\thermal_sa_tas\history.json,14349992,1781357486.1177044
metrics_json,thermal-sa-tas-results,thermal-sa-tas-results\final\seed_47\hnn\thermal_sa_tas\metrics.json,D:\HNOCS\out\experimental results\thermal-sa-tas-results\final\seed_47\hnn\thermal_sa_tas\metrics.json,18599,1781357486.6244657
metrics_json,thermal-sa-tas-results,thermal-sa-tas-results\final\seed_47\mpeg4\original\metrics.json,D:\HNOCS\out\experimental results\thermal-sa-tas-results\final\seed_47\mpeg4\original\metrics.json,3239,1781357321.9988475
history_json,thermal-sa-tas-results,thermal-sa-tas-results\final\seed_47\mpeg4\thermal_sa_tas\history.json,D:\HNOCS\out\experimental results\thermal-sa-tas-results\final\seed_47\mpeg4\thermal_sa_tas\history.json,4486011,1781357321.7740881
metrics_json,thermal-sa-tas-results,thermal-sa-tas-results\final\seed_47\mpeg4\thermal_sa_tas\metrics.json,D:\HNOCS\out\experimental results\thermal-sa-tas-results\final\seed_47\mpeg4\thermal_sa_tas\metrics.json,18137,1781357322.000841
metrics_json,thermal-sa-tas-results,thermal-sa-tas-results\final\seed_47\vopd\original\metrics.json,D:\HNOCS\out\experimental results\thermal-sa-tas-results\final\seed_47\vopd\original\metrics.json,3161,1781357342.4333043
history_json,thermal-sa-tas-results,thermal-sa-tas-results\final\seed_47\vopd\thermal_sa_tas\history.json,D:\HNOCS\out\experimental results\thermal-sa-tas-results\final\seed_47\vopd\thermal_sa_tas\history.json,7988169,1781357342.247176
metrics_json,thermal-sa-tas-results,thermal-sa-tas-results\final\seed_47\vopd\thermal_sa_tas\metrics.json,D:\HNOCS\out\experimental results\thermal-sa-tas-results\final\seed_47\vopd\thermal_sa_tas\metrics.json,16923,1781357342.4343033
metrics_json,thermal-sa-tas-results,thermal-sa-tas-results\final\seed_48\gemm\original\metrics.json,D:\HNOCS\out\experimental results\thermal-sa-tas-results\final\seed_48\gemm\original\metrics.json,3227,1781357503.4737935
history_json,thermal-sa-tas-results,thermal-sa-tas-results\final\seed_48\gemm\thermal_sa_tas\history.json,D:\HNOCS\out\experimental results\thermal-sa-tas-results\final\seed_48\gemm\thermal_sa_tas\history.json,4493208,1781357503.2956731
metrics_json,thermal-sa-tas-results,thermal-sa-tas-results\final\seed_48\gemm\thermal_sa_tas\metrics.json,D:\HNOCS\out\experimental results\thermal-sa-tas-results\final\seed_48\gemm\thermal_sa_tas\metrics.json,18337,1781357503.474792
metrics_json,thermal-sa-tas-results,thermal-sa-tas-results\final\seed_48\hnn\original\metrics.json,D:\HNOCS\out\experimental results\thermal-sa-tas-results\final\seed_48\hnn\original\metrics.json,3239,1781357683.5884466
history_json,thermal-sa-tas-results,thermal-sa-tas-results\final\seed_48\hnn\thermal_sa_tas\history.json,D:\HNOCS\out\experimental results\thermal-sa-tas-results\final\seed_48\hnn\thermal_sa_tas\history.json,14286069,1781357683.2381413
metrics_json,thermal-sa-tas-results,thermal-sa-tas-results\final\seed_48\hnn\thermal_sa_tas\metrics.json,D:\HNOCS\out\experimental results\thermal-sa-tas-results\final\seed_48\hnn\thermal_sa_tas\metrics.json,18623,1781357683.5895963
metrics_json,thermal-sa-tas-results,thermal-sa-tas-results\final\seed_48\mpeg4\original\metrics.json,D:\HNOCS\out\experimental results\thermal-sa-tas-results\final\seed_48\mpeg4\original\metrics.json,3239,1781357525.543576
history_json,thermal-sa-tas-results,thermal-sa-tas-results\final\seed_48\mpeg4\thermal_sa_tas\history.json,D:\HNOCS\out\experimental results\thermal-sa-tas-results\final\seed_48\mpeg4\thermal_sa_tas\history.json,4345878,1781357525.4052863
metrics_json,thermal-sa-tas-results,thermal-sa-tas-results\final\seed_48\mpeg4\thermal_sa_tas\metrics.json,D:\HNOCS\out\experimental results\thermal-sa-tas-results\final\seed_48\mpeg4\thermal_sa_tas\metrics.json,18151,1781357525.5445814
metrics_json,thermal-sa-tas-results,thermal-sa-tas-results\final\seed_48\vopd\original\metrics.json,D:\HNOCS\out\experimental results\thermal-sa-tas-results\final\seed_48\vopd\original\metrics.json,3161,1781357545.0795708
history_json,thermal-sa-tas-results,thermal-sa-tas-results\final\seed_48\vopd\thermal_sa_tas\history.json,D:\HNOCS\out\experimental results\thermal-sa-tas-results\final\seed_48\vopd\thermal_sa_tas\history.json,8028191,1781357544.8245144
metrics_json,thermal-sa-tas-results,thermal-sa-tas-results\final\seed_48\vopd\thermal_sa_tas\metrics.json,D:\HNOCS\out\experimental results\thermal-sa-tas-results\final\seed_48\vopd\thermal_sa_tas\metrics.json,16922,1781357545.0816045
metrics_json,thermal-sa-tas-results,thermal-sa-tas-results\final\seed_49\gemm\original\metrics.json,D:\HNOCS\out\experimental results\thermal-sa-tas-results\final\seed_49\gemm\original\metrics.json,3227,1781357697.7165904
history_json,thermal-sa-tas-results,thermal-sa-tas-results\final\seed_49\gemm\thermal_sa_tas\history.json,D:\HNOCS\out\experimental results\thermal-sa-tas-results\final\seed_49\gemm\thermal_sa_tas\history.json,5186370,1781357697.557101
metrics_json,thermal-sa-tas-results,thermal-sa-tas-results\final\seed_49\gemm\thermal_sa_tas\metrics.json,D:\HNOCS\out\experimental results\thermal-sa-tas-results\final\seed_49\gemm\thermal_sa_tas\metrics.json,18343,1781357697.7180924
metrics_json,thermal-sa-tas-results,thermal-sa-tas-results\final\seed_49\hnn\original\metrics.json,D:\HNOCS\out\experimental results\thermal-sa-tas-results\final\seed_49\hnn\original\metrics.json,3239,1781357846.392608
history_json,thermal-sa-tas-results,thermal-sa-tas-results\final\seed_49\hnn\thermal_sa_tas\history.json,D:\HNOCS\out\experimental results\thermal-sa-tas-results\final\seed_49\hnn\thermal_sa_tas\history.json,14154060,1781357845.8505912
metrics_json,thermal-sa-tas-results,thermal-sa-tas-results\final\seed_49\hnn\thermal_sa_tas\metrics.json,D:\HNOCS\out\experimental results\thermal-sa-tas-results\final\seed_49\hnn\thermal_sa_tas\metrics.json,18572,1781357846.3946145
metrics_json,thermal-sa-tas-results,thermal-sa-tas-results\final\seed_49\mpeg4\original\metrics.json,D:\HNOCS\out\experimental results\thermal-sa-tas-results\final\seed_49\mpeg4\original\metrics.json,3239,1781357714.3257837
history_json,thermal-sa-tas-results,thermal-sa-tas-results\final\seed_49\mpeg4\thermal_sa_tas\history.json,D:\HNOCS\out\experimental results\thermal-sa-tas-results\final\seed_49\mpeg4\thermal_sa_tas\history.json,5776573,1781357714.2042978
metrics_json,thermal-sa-tas-results,thermal-sa-tas-results\final\seed_49\mpeg4\thermal_sa_tas\metrics.json,D:\HNOCS\out\experimental results\thermal-sa-tas-results\final\seed_49\mpeg4\thermal_sa_tas\metrics.json,18116,1781357714.3272843
metrics_json,thermal-sa-tas-results,thermal-sa-tas-results\final\seed_49\vopd\original\metrics.json,D:\HNOCS\out\experimental results\thermal-sa-tas-results\final\seed_49\vopd\original\metrics.json,3161,1781357728.5302827
history_json,thermal-sa-tas-results,thermal-sa-tas-results\final\seed_49\vopd\thermal_sa_tas\history.json,D:\HNOCS\out\experimental results\thermal-sa-tas-results\final\seed_49\vopd\thermal_sa_tas\history.json,8024566,1781357728.222506
metrics_json,thermal-sa-tas-results,thermal-sa-tas-results\final\seed_49\vopd\thermal_sa_tas\metrics.json,D:\HNOCS\out\experimental results\thermal-sa-tas-results\final\seed_49\vopd\thermal_sa_tas\metrics.json,16918,1781357728.533677
summary_csv,thermal-sa-tas-results,thermal-sa-tas-results\final\validity_report.csv,D:\HNOCS\out\experimental results\thermal-sa-tas-results\final\validity_report.csv,5218,1781358070.0425446
